/*--------------------------------*- C++ -*----------------------------------*\
| =========                 |                                                 |
| \\      /  F ield         | OpenFOAM: The Open Source CFD Toolbox           |
|  \\    /   O peration     | Version:                                        |
|   \\  /    A nd           | Website:  www.openfoam.com                      |
|    \\/     M anipulation  |                                                 |
\*---------------------------------------------------------------------------*/
FoamFile
{
    version     2.0;
    format      ascii;
    class       volScalarField;
    location    "3000";
    object      k;
}
// * * * * * * * * * * * * * * * * * * * * * * * * * * * * * * * * * * * * * //

dimensions      [0 2 -2 0 0 0 0];


internalField   nonuniform List<scalar> 
48000
(
1.744754339e-07
1.744734809e-07
1.744711006e-07
1.744682152e-07
1.744647328e-07
1.74460541e-07
1.744555617e-07
1.744495993e-07
2.185838107e-07
2.185751228e-07
2.185565393e-07
2.185312441e-07
2.185035829e-07
2.18442808e-07
2.18408141e-07
2.183237625e-07
2.378627503e-07
2.378366319e-07
2.377635264e-07
2.377085543e-07
2.376266295e-07
2.375440269e-07
2.374462556e-07
2.373272315e-07
2.828398977e-07
2.826875692e-07
2.825064344e-07
2.822877676e-07
2.820287388e-07
2.817171705e-07
2.813501899e-07
3.485336395e-07
3.480187313e-07
3.474649634e-07
3.467334215e-07
3.459325642e-07
3.448943265e-07
4.783183715e-07
4.772668216e-07
4.760614431e-07
4.745720274e-07
4.728493781e-07
6.320008609e-07
6.293467318e-07
6.262327602e-07
6.228990358e-07
9.636185994e-07
9.420076831e-07
9.049264911e-07
3.116283525e-06
2.886079127e-06
2.655498122e-06
1.831251144e-05
1.578487004e-05
0.0001122250745
9.065202976e-05
0.0005625182288
0.0004596728611
3.96445527e-07
5.104940189e-07
3.335702517e-07
3.543344719e-07
3.937395261e-07
5.057923801e-07
3.224203529e-07
3.324549559e-07
3.527688289e-07
3.91265797e-07
5.01168231e-07
3.148166193e-07
3.214257689e-07
3.311841265e-07
3.510265357e-07
3.886218314e-07
4.966184568e-07
3.113910308e-07
3.141308812e-07
3.206065175e-07
3.300846052e-07
3.49491013e-07
3.86214876e-07
4.921423284e-07
3.086818448e-07
3.10834984e-07
3.133927854e-07
3.196169748e-07
3.288257308e-07
3.477737441e-07
3.836295717e-07
4.877367097e-07
3.082443442e-07
3.102416698e-07
3.127096633e-07
3.188048141e-07
3.277400355e-07
3.462661525e-07
3.812860551e-07
4.834009094e-07
3.07639915e-07
3.078380789e-07
3.096828503e-07
3.11970099e-07
3.17817089e-07
3.2649011e-07
3.445708256e-07
3.787553504e-07
4.791316882e-07
3.072091898e-07
3.07302093e-07
3.090872008e-07
3.112856012e-07
3.170085118e-07
3.254148383e-07
3.430877574e-07
3.764710122e-07
4.749283094e-07
3.065811278e-07
3.068600104e-07
3.068948419e-07
3.085173849e-07
3.105389278e-07
3.160164618e-07
3.241685909e-07
3.414093888e-07
3.739895791e-07
4.70787325e-07
3.062744994e-07
3.064083828e-07
3.063425096e-07
3.079093476e-07
3.098468344e-07
3.15204347e-07
3.230978353e-07
3.399453293e-07
3.71758574e-07
4.667077942e-07
3.066952579e-07
3.058909132e-07
3.060384082e-07
3.059191492e-07
3.073187491e-07
3.090823911e-07
3.14197652e-07
3.218461661e-07
3.382757506e-07
3.693188559e-07
4.626845875e-07
3.064542187e-07
3.055496333e-07
3.055478544e-07
3.053304329e-07
3.066834541e-07
3.083706369e-07
3.133716288e-07
3.207703784e-07
3.368221564e-07
3.671366869e-07
4.587168128e-07
3.064383399e-07
3.060171353e-07
3.051152642e-07
3.051402254e-07
3.048726355e-07
3.060561858e-07
3.075718482e-07
3.123343944e-07
3.19499536e-07
3.351494543e-07
3.647315895e-07
4.54799942e-07
3.061240425e-07
3.05730438e-07
3.047182722e-07
3.045846884e-07
3.042232147e-07
3.053739512e-07
3.06825642e-07
3.114786613e-07
3.184059893e-07
3.336953532e-07
3.625901776e-07
4.509346184e-07
3.069800689e-07
3.05707492e-07
3.051962247e-07
3.042059165e-07
3.041202066e-07
3.037107719e-07
3.046901162e-07
3.059739556e-07
3.103922171e-07
3.171008581e-07
3.3200708e-07
3.602086698e-07
4.471172753e-07
3.075324004e-07
3.064732041e-07
3.053063772e-07
3.04842076e-07
3.037278294e-07
3.034702107e-07
3.029744733e-07
3.039403439e-07
3.051772255e-07
3.094929497e-07
3.15978313e-07
3.305437132e-07
3.581006715e-07
4.433487596e-07
3.091898381e-07
3.071131136e-07
3.061033256e-07
3.047311636e-07
3.041332626e-07
3.030744805e-07
3.02901411e-07
3.023643612e-07
3.031542477e-07
3.042270635e-07
3.083165431e-07
3.146041229e-07
3.288117505e-07
3.557206637e-07
4.396117105e-07
3.199688828e-07
3.120146835e-07
3.087770487e-07
3.06388215e-07
3.052208376e-07
3.040629535e-07
3.035668367e-07
3.023400172e-07
3.019486589e-07
3.01340527e-07
3.021690061e-07
3.032371345e-07
3.072495812e-07
3.133400232e-07
3.272418839e-07
3.535663956e-07
4.358657477e-07
6.500678095e-07
6.348829527e-07
6.190062033e-07
5.910470291e-07
5.286990636e-07
4.33425744e-07
3.707482152e-07
3.364727823e-07
3.196173489e-07
3.114095389e-07
3.075998628e-07
3.05502674e-07
3.044475598e-07
3.02884603e-07
3.021754882e-07
3.011251411e-07
3.009485972e-07
3.003255385e-07
3.009361932e-07
3.018345521e-07
3.05654994e-07
3.116021729e-07
3.252113559e-07
3.509811896e-07
4.320844467e-07
0.0006884371616
0.0008491383524
0.001074076089
0.0013838256
0.001796462255
0.002318036486
0.002930907061
0.003583749204
0.004194132424
0.004661186135
0.004895772325
0.004898348115
0.004880261689
0.005058012359
0.005279203068
0.004263745866
0.001580413263
0.0003516569806
0.0001001957835
2.27192643e-05
4.718052956e-06
1.330171089e-06
7.625988014e-07
6.64917775e-07
6.363808397e-07
6.209659972e-07
5.956682584e-07
5.344163935e-07
4.393433791e-07
3.728792546e-07
3.369149707e-07
3.192433199e-07
3.102725605e-07
3.06726367e-07
3.039312326e-07
3.025967605e-07
3.015378957e-07
3.010600474e-07
2.997083239e-07
2.991812243e-07
2.985291665e-07
2.993092544e-07
3.003054817e-07
3.041130848e-07
3.09915684e-07
3.232887733e-07
3.485764922e-07
4.282575766e-07
0.0001351619769
0.0001684065779
0.0002163169599
0.000287198045
0.0003906695286
0.0005443603184
0.0007630267124
0.001127563707
0.001636159332
0.002257951839
0.002894522909
0.003394501494
0.003633795506
0.003643274549
0.003671043254
0.003736255882
0.003098779992
0.001450844627
0.0003478662079
9.830983178e-05
2.296134598e-05
5.600241726e-06
1.607260577e-06
8.037006973e-07
6.571923498e-07
6.223764125e-07
5.981421497e-07
5.401925715e-07
4.460073652e-07
3.773698557e-07
3.380141724e-07
3.184200766e-07
3.089911033e-07
3.043635295e-07
3.022516823e-07
3.011067318e-07
2.992626705e-07
2.984471325e-07
2.975170048e-07
2.974307844e-07
2.96792143e-07
2.972636042e-07
2.980806677e-07
3.017186838e-07
3.074634358e-07
3.206225222e-07
3.454659681e-07
4.238321372e-07
2.154565417e-05
2.629886191e-05
3.383126721e-05
4.590408787e-05
6.534920637e-05
9.620039267e-05
0.000145103564
0.0002194604482
0.0003557170839
0.0005140529103
0.0008315070375
0.001266695265
0.001819162139
0.00230648292
0.002544350199
0.002579837549
0.002575869099
0.002217843071
0.001364598453
0.0004171864509
9.621716567e-05
2.751698267e-05
7.419532518e-06
1.962282706e-06
9.370710481e-07
6.758726227e-07
6.026964019e-07
5.571427201e-07
4.574173646e-07
3.821547976e-07
3.389870127e-07
3.176595565e-07
3.068088039e-07
3.027213057e-07
2.991936013e-07
2.97664899e-07
2.96854877e-07
2.964425514e-07
2.9491265e-07
2.942195177e-07
2.936191206e-07
2.944642035e-07
2.955112569e-07
2.991884093e-07
3.047851952e-07
3.176889354e-07
3.419779117e-07
4.178297377e-07
3.403141381e-06
3.8135939e-06
4.474464705e-06
5.594008627e-06
7.588830611e-06
1.127253886e-05
1.82152835e-05
3.123825476e-05
5.506034859e-05
9.460991611e-05
0.0001552931767
0.0002799796064
0.000425418246
0.0006861245507
0.001084714788
0.001475371165
0.00167128552
0.001718980577
0.001518122548
0.001102487851
0.0005292535141
0.0001562523989
4.849090256e-05
1.265269176e-05
3.388181112e-06
1.246102502e-06
7.385700588e-07
5.688005556e-07
4.727608235e-07
3.954129256e-07
3.427380012e-07
3.1629321e-07
3.043582242e-07
2.98204716e-07
2.96234152e-07
2.948581231e-07
2.924610971e-07
2.914977684e-07
2.90930527e-07
2.910560815e-07
2.90422078e-07
2.90666175e-07
2.913993121e-07
2.948157872e-07
3.003391077e-07
3.129071882e-07
3.364861793e-07
4.097644565e-07
9.863848774e-07
1.020293261e-06
1.069502892e-06
1.146558901e-06
1.278128769e-06
1.523979337e-06
2.021780372e-06
3.090765747e-06
5.43868976e-06
1.047490479e-05
2.087482168e-05
4.210901303e-05
7.861909626e-05
0.0001324012592
0.0002573757093
0.0003898397485
0.0006416345991
0.0008946399207
0.00108884885
0.0009825548247
0.0008262817704
0.0005239236622
0.0002062599938
5.983878214e-05
1.553860865e-05
4.556271831e-06
1.860173175e-06
8.738192427e-07
5.205168559e-07
4.073671251e-07
3.459332933e-07
3.161472262e-07
3.006462841e-07
2.953245893e-07
2.902037938e-07
2.8856997e-07
2.883230606e-07
2.87931469e-07
2.859685448e-07
2.849574192e-07
2.84541631e-07
2.855732624e-07
2.86721874e-07
2.90186645e-07
2.954434947e-07
3.075549951e-07
3.301345819e-07
4.012356763e-07
6.346204264e-07
6.375909141e-07
6.417350428e-07
6.463045383e-07
6.588498753e-07
6.713276415e-07
7.088354427e-07
7.659056852e-07
8.999182452e-07
1.230398457e-06
2.058219073e-06
4.116687644e-06
8.864515467e-06
1.891738951e-05
4.058881872e-05
7.69525788e-05
0.000129069959
0.0002409682916
0.0003653386581
0.0005724962567
0.0006532267483
0.0005841429975
0.0004365746852
0.0002638171037
9.275020853e-05
3.407404418e-05
1.063727977e-05
3.377917612e-06
1.0844805e-06
5.455553497e-07
4.00163831e-07
3.24897804e-07
2.975087046e-07
2.860087359e-07
2.856753287e-07
2.832866776e-07
2.797534261e-07
2.786844506e-07
2.790760722e-07
2.794809252e-07
2.787526365e-07
2.784980393e-07
2.790917465e-07
2.821634776e-07
2.87281009e-07
2.988063383e-07
3.201797232e-07
3.850509997e-07
4.792344048e-07
4.803171803e-07
4.815465264e-07
4.831799334e-07
4.850205034e-07
4.875778344e-07
4.905609881e-07
4.955530321e-07
4.99399319e-07
5.275474352e-07
5.722776121e-07
6.92043491e-07
1.021810244e-06
1.903801127e-06
4.20853701e-06
9.508548709e-06
2.064607139e-05
4.305528959e-05
7.431083081e-05
0.000138276461
0.000202511229
0.000352665513
0.000371322687
0.0003290639017
0.0002403598702
0.0001327942669
4.315277108e-05
1.418555741e-05
4.345163569e-06
1.253221721e-06
7.367846298e-07
4.378521045e-07
3.232595158e-07
2.855626834e-07
2.724190771e-07
2.732762949e-07
2.736960221e-07
2.728318369e-07
2.695673344e-07
2.682329852e-07
2.683430184e-07
2.698717657e-07
2.710884045e-07
2.741686173e-07
2.788484464e-07
2.896156862e-07
3.093383057e-07
3.700911749e-07
3.489462731e-07
3.494757955e-07
3.500164103e-07
3.508103186e-07
3.515917217e-07
3.527848886e-07
3.539297552e-07
3.557377583e-07
3.574674555e-07
3.601681883e-07
3.641779689e-07
3.701340291e-07
3.956148585e-07
4.442913816e-07
5.897888832e-07
1.005902743e-06
2.131937606e-06
4.955538647e-06
1.100881422e-05
2.319296538e-05
4.450331981e-05
7.728999307e-05
0.0001200273916
0.0002114295652
0.000202975597
0.0001808646697
0.0001325411703
7.158338552e-05
2.32243226e-05
9.407150262e-06
3.517157882e-06
1.393590649e-06
6.312597534e-07
3.67508245e-07
2.845930276e-07
2.613954484e-07
2.548391812e-07
2.568182954e-07
2.593075171e-07
2.596397954e-07
2.583607622e-07
2.570113921e-07
2.574861741e-07
2.601179974e-07
2.645357266e-07
2.743694992e-07
2.922309403e-07
3.495877271e-07
2.829772928e-07
2.831310039e-07
2.833157516e-07
2.835421797e-07
2.83815725e-07
2.84151108e-07
2.845601586e-07
2.850606101e-07
2.856809272e-07
2.864342194e-07
2.874022818e-07
2.885314833e-07
2.904015321e-07
2.918050602e-07
3.043881161e-07
3.26133326e-07
3.930800278e-07
5.963281461e-07
1.163032081e-06
2.623107877e-06
5.938558449e-06
1.3002889e-05
2.509191676e-05
4.448682545e-05
7.568704558e-05
0.0001212379395
0.0001204591757
0.0001036593475
7.575454561e-05
3.816380592e-05
1.568416558e-05
6.034722964e-06
2.259233352e-06
8.495002844e-07
4.29624738e-07
2.915529297e-07
2.560903677e-07
2.454137008e-07
2.409959083e-07
2.400028879e-07
2.418981768e-07
2.443757977e-07
2.454467715e-07
2.478146198e-07
2.516283319e-07
2.603635322e-07
2.758687453e-07
3.280944655e-07
2.378997376e-07
2.379434678e-07
2.379931521e-07
2.380556088e-07
2.381288641e-07
2.382218619e-07
2.383301498e-07
2.384685532e-07
2.386306486e-07
2.388401279e-07
2.390874717e-07
2.394102659e-07
2.398009748e-07
2.402933139e-07
2.410893863e-07
2.418528328e-07
2.477165035e-07
2.581394282e-07
2.921767469e-07
4.00572804e-07
7.161829351e-07
1.589652893e-06
3.651295238e-06
7.92269412e-06
1.652752067e-05
2.93363715e-05
5.317628889e-05
8.085254882e-05
7.47934553e-05
5.570997013e-05
3.052150946e-05
1.102246363e-05
3.759839766e-06
1.497182644e-06
5.197994387e-07
3.078229992e-07
2.385950046e-07
2.292810838e-07
2.297293529e-07
2.288562329e-07
2.240259667e-07
2.219597401e-07
2.225507437e-07
2.247718175e-07
2.281447601e-07
2.356156886e-07
2.486000143e-07
2.921854967e-07
2.185971751e-07
2.186167961e-07
2.186355537e-07
2.186627916e-07
2.186903916e-07
2.187306442e-07
2.18770595e-07
2.188287968e-07
2.188863967e-07
2.189711639e-07
2.190552959e-07
2.191800341e-07
2.193055971e-07
2.19492388e-07
2.196876847e-07
2.199706231e-07
2.203309517e-07
2.208166655e-07
2.229588381e-07
2.250710662e-07
2.563534441e-07
3.2721401e-07
5.451791824e-07
1.153547751e-06
2.672446483e-06
5.862036381e-06
1.12086402e-05
2.434210768e-05
4.784130821e-05
4.686380114e-05
3.965723274e-05
2.436614618e-05
7.61056978e-06
2.164300371e-06
1.105195008e-06
4.635332569e-07
2.601531247e-07
2.066164486e-07
1.956247357e-07
1.959420636e-07
2.039765608e-07
2.081765726e-07
2.093819244e-07
2.115109229e-07
2.14638567e-07
2.21429061e-07
2.320916191e-07
2.705692789e-07
1.744773826e-07
1.744798094e-07
1.744827936e-07
1.74486471e-07
1.744909942e-07
1.744965762e-07
1.745034493e-07
1.745119546e-07
1.745224516e-07
1.745355028e-07
1.745516773e-07
1.745719321e-07
1.74597204e-07
1.746291792e-07
1.746695434e-07
1.747212113e-07
1.747885225e-07
1.748770054e-07
1.750210424e-07
1.75278064e-07
1.765025501e-07
1.804963904e-07
1.945089861e-07
2.419068981e-07
3.869644445e-07
7.74144815e-07
1.694000772e-06
3.951001188e-06
9.207820136e-06
1.644149936e-05
2.253535772e-05
2.231019302e-05
1.836881479e-05
1.079518261e-05
5.117394423e-06
2.246819116e-06
9.466493996e-07
4.276473256e-07
2.458050971e-07
1.904450859e-07
1.738644196e-07
1.712799204e-07
1.716606282e-07
1.732233773e-07
1.755660214e-07
1.803292955e-07
1.879162747e-07
2.12385736e-07
1.750161353e-07
1.750137972e-07
1.750109741e-07
1.750075692e-07
1.750034696e-07
1.749985404e-07
1.749926768e-07
1.74985662e-07
2.193986884e-07
2.193921288e-07
2.193770544e-07
2.193588483e-07
2.193374912e-07
2.19286938e-07
2.192570612e-07
2.191861275e-07
2.364198386e-07
2.364055381e-07
2.363488093e-07
2.363136372e-07
2.362417883e-07
2.361905581e-07
2.361168666e-07
2.360408057e-07
2.754092769e-07
2.752992679e-07
2.751688909e-07
2.750114584e-07
2.748247669e-07
2.746005608e-07
2.743349415e-07
3.305003406e-07
3.301408531e-07
3.29675595e-07
3.29156925e-07
3.284958305e-07
3.277528064e-07
4.435404501e-07
4.427571012e-07
4.417972864e-07
4.406683654e-07
4.392919304e-07
5.738506953e-07
5.727106696e-07
5.714389106e-07
5.698841598e-07
6.990579421e-07
6.902871967e-07
6.856402422e-07
1.241613739e-06
1.200947859e-06
1.120144227e-06
4.624018365e-06
4.053828007e-06
2.202234745e-05
1.977142895e-05
0.0001095353244
0.000462992692
3.555780384e-07
3.963940606e-07
5.10373174e-07
3.225807241e-07
3.334858618e-07
3.538131718e-07
3.936889415e-07
5.056812863e-07
3.153365899e-07
3.217507164e-07
3.32373808e-07
3.522536551e-07
3.912174121e-07
5.010666329e-07
3.113352152e-07
3.145926862e-07
3.20764962e-07
3.311060786e-07
3.505157764e-07
3.885743411e-07
4.965261107e-07
3.087190865e-07
3.107271655e-07
3.139172496e-07
3.199439997e-07
3.300098394e-07
3.489864309e-07
3.861694155e-07
4.920590106e-07
3.077131897e-07
3.083223705e-07
3.101980906e-07
3.131751494e-07
3.189636135e-07
3.287541224e-07
3.472736209e-07
3.835851344e-07
4.876622144e-07
3.070801706e-07
3.072968171e-07
3.078014059e-07
3.095890217e-07
3.125027922e-07
3.181498835e-07
3.276718641e-07
3.457723584e-07
3.812435393e-07
4.83335054e-07
3.067359548e-07
3.069586279e-07
3.074048343e-07
3.090549512e-07
3.117593968e-07
3.171718449e-07
3.264253232e-07
3.440816824e-07
3.787140772e-07
4.790743185e-07
3.069504568e-07
3.06456222e-07
3.065325091e-07
3.068726834e-07
3.084434202e-07
3.110863807e-07
3.163620181e-07
3.253538393e-07
3.426052489e-07
3.764317444e-07
4.748793013e-07
3.066133549e-07
3.060973119e-07
3.061861322e-07
3.064717037e-07
3.078978782e-07
3.103359951e-07
3.153808299e-07
3.241114925e-07
3.409319802e-07
3.739518611e-07
4.707465974e-07
3.06777574e-07
3.064057383e-07
3.058014069e-07
3.057398665e-07
3.059188764e-07
3.072761131e-07
3.096555248e-07
3.14568945e-07
3.230452036e-07
3.394751199e-07
3.717232626e-07
4.666753115e-07
3.065236108e-07
3.060350301e-07
3.054146963e-07
3.053750895e-07
3.055012045e-07
3.067117298e-07
3.088879914e-07
3.135748949e-07
3.217984394e-07
3.378115083e-07
3.692856092e-07
4.626618021e-07
3.070961552e-07
3.062596691e-07
3.058021756e-07
3.050887113e-07
3.048922958e-07
3.049144303e-07
3.060633054e-07
3.081887491e-07
3.12751133e-07
3.207283333e-07
3.363661246e-07
3.671031484e-07
4.58705046e-07
3.069221129e-07
3.059560651e-07
3.053723946e-07
3.046534186e-07
3.044914278e-07
3.044668711e-07
3.054647216e-07
3.073883075e-07
3.117293298e-07
3.194642003e-07
3.347009338e-07
3.646980978e-07
4.548012931e-07
3.077665162e-07
3.065362706e-07
3.05634134e-07
3.050971141e-07
3.042772452e-07
3.039482064e-07
3.03822851e-07
3.047704857e-07
3.066547214e-07
3.108804518e-07
3.183784058e-07
3.332567912e-07
3.625529446e-07
4.509490481e-07
3.094029734e-07
3.074902116e-07
3.063110185e-07
3.052531223e-07
3.045761747e-07
3.037672641e-07
3.034927362e-07
3.033266581e-07
3.041211023e-07
3.058034497e-07
3.098143873e-07
3.17083071e-07
3.315786228e-07
3.601740155e-07
4.47144942e-07
3.131675519e-07
3.091787182e-07
3.071223615e-07
3.058024875e-07
3.048455435e-07
3.042387775e-07
3.033183478e-07
3.028630153e-07
3.02600326e-07
3.03362083e-07
3.050206276e-07
3.089285219e-07
3.159716841e-07
3.301280403e-07
3.580648194e-07
4.433898039e-07
3.212032727e-07
3.129411297e-07
3.087005292e-07
3.06714971e-07
3.054827172e-07
3.043236339e-07
3.035524944e-07
3.026726286e-07
3.023080251e-07
3.020149928e-07
3.026206918e-07
3.040761689e-07
3.077790761e-07
3.146124227e-07
3.284103879e-07
3.556914199e-07
4.396667418e-07
5.262408457e-07
4.409901423e-07
3.756201637e-07
3.390776374e-07
3.210262521e-07
3.123898831e-07
3.08282277e-07
3.060468035e-07
3.045939123e-07
3.036435935e-07
3.030136758e-07
3.019847929e-07
3.01388767e-07
3.010080298e-07
3.01626911e-07
3.031048618e-07
3.067346146e-07
3.133651207e-07
3.268581687e-07
3.535395134e-07
4.359357881e-07
0.0005654433277
0.0006949504057
0.0009108778046
0.001251898552
0.00177981828
0.002542791895
0.003532718148
0.004642332976
0.005682857466
0.006432383492
0.006714017952
0.006606064332
0.006516330008
0.00690597183
0.007436036389
0.005866522722
0.001772954972
0.0004653228567
9.501710093e-05
1.658671916e-05
2.863886691e-06
9.41641291e-07
6.83897193e-07
6.339598771e-07
6.211228973e-07
6.012925821e-07
5.751917362e-07
5.299967347e-07
4.436825494e-07
3.772413935e-07
3.397368633e-07
3.208301396e-07
3.11982347e-07
3.072459651e-07
3.051794515e-07
3.039267815e-07
3.025676271e-07
3.016583023e-07
3.007776291e-07
3.004097076e-07
3.000343154e-07
3.004659165e-07
3.01723558e-07
3.051721882e-07
3.116504721e-07
3.248492905e-07
3.509667063e-07
4.321674364e-07
0.0001287552524
0.0001610869478
0.0002051722399
0.0002873255751
0.0003940242747
0.0006444066173
0.0009386520711
0.00152155271
0.002405350504
0.003484764321
0.004498446385
0.005130008385
0.005242056806
0.005173321842
0.005351078285
0.005449409618
0.004190772425
0.001194447847
0.0002793326239
6.730146038e-05
1.31480463e-05
2.549175878e-06
8.881370721e-07
6.618135058e-07
6.23215978e-07
6.016841604e-07
5.782572353e-07
5.336850432e-07
4.493542518e-07
3.805613698e-07
3.406014539e-07
3.206047107e-07
3.108223237e-07
3.063757583e-07
3.03727207e-07
3.020407126e-07
3.011841117e-07
3.005922171e-07
2.994453777e-07
2.987007512e-07
2.982590033e-07
2.988242082e-07
3.002219274e-07
3.036646985e-07
3.099893217e-07
3.229524543e-07
3.485779369e-07
4.283550594e-07
2.643786127e-05
3.127653744e-05
4.019472516e-05
5.382058037e-05
7.830118034e-05
0.0001188298564
0.0001960195856
0.000307325679
0.000570757487
0.0008810689981
0.001512259633
0.002403489038
0.003298841995
0.003826497213
0.003897601827
0.003931923761
0.003855437323
0.002989098912
0.001042032652
0.0002295049548
6.012651737e-05
1.508783333e-05
3.394892166e-06
1.064033201e-06
6.784760006e-07
6.083298749e-07
5.797405905e-07
5.394962752e-07
4.546810119e-07
3.834406108e-07
3.418524405e-07
3.201902621e-07
3.100261088e-07
3.04301307e-07
3.02082124e-07
3.007681508e-07
2.990981619e-07
2.980403478e-07
2.972541727e-07
2.969814645e-07
2.96597729e-07
2.969009414e-07
2.980378806e-07
3.013325834e-07
3.075867254e-07
3.203377688e-07
3.455145477e-07
4.240332925e-07
4.996948106e-06
5.704061562e-06
6.701053255e-06
8.383102707e-06
1.146350296e-05
1.744088239e-05
2.949017156e-05
5.297775509e-05
9.789404084e-05
0.0001796213793
0.0003025996404
0.0005959596769
0.0009232265597
0.001558846403
0.002246936332
0.002642558513
0.002729462599
0.002651974818
0.002125982239
0.001044377011
0.0003109956257
8.605485511e-05
1.41530995e-05
4.378544595e-06
1.399048789e-06
7.350231638e-07
5.999115022e-07
5.454369993e-07
4.646358061e-07
3.901851744e-07
3.434316467e-07
3.197173461e-07
3.077489661e-07
3.027073488e-07
2.992601701e-07
2.972305394e-07
2.966160093e-07
2.961221184e-07
2.948124284e-07
2.938858951e-07
2.934494537e-07
2.940859397e-07
2.95522933e-07
2.988707056e-07
3.049716316e-07
3.174769947e-07
3.421028412e-07
4.181503083e-07
1.295175317e-06
1.363396012e-06
1.461819743e-06
1.615002448e-06
1.877696901e-06
2.381177931e-06
3.45403992e-06
5.897795086e-06
1.157546746e-05
2.440240393e-05
5.095920841e-05
0.0001022058585
0.0001973600656
0.000331822428
0.0006355126142
0.001002869966
0.001481309851
0.001739563853
0.001734118562
0.00147749172
0.0009288503875
0.0003309257162
0.000114303967
3.01557472e-05
7.235821155e-06
2.136285036e-06
9.021145045e-07
6.015139021e-07
4.772324991e-07
4.008486508e-07
3.479772164e-07
3.19264892e-07
3.063998481e-07
2.987160376e-07
2.963694661e-07
2.948777978e-07
2.925596773e-07
2.912782226e-07
2.907770247e-07
2.907491843e-07
2.90400967e-07
2.904958813e-07
2.914804603e-07
2.946050647e-07
3.006116409e-07
3.127896417e-07
3.367016597e-07
4.102162417e-07
7.027540985e-07
7.130577255e-07
7.20105193e-07
7.404650464e-07
7.613147112e-07
7.966199244e-07
8.657285468e-07
1.022423628e-06
1.418744196e-06
2.472447541e-06
5.243124096e-06
1.213763742e-05
2.806428474e-05
6.032217449e-05
0.0001152872344
0.0002352153257
0.0003784302993
0.0006501483963
0.0009194947427
0.001100485837
0.0009856864227
0.000732000738
0.0003874809185
0.0001106623716
3.165511189e-05
1.088433645e-05
3.292193744e-06
1.255195055e-06
6.51808615e-07
3.910625324e-07
3.469616006e-07
3.191479871e-07
3.018034071e-07
2.960475365e-07
2.907843022e-07
2.882251533e-07
2.882667916e-07
2.878490683e-07
2.861301254e-07
2.84849222e-07
2.844902171e-07
2.853499948e-07
2.868600038e-07
2.900592152e-07
2.957967646e-07
3.075321659e-07
3.304590936e-07
4.002582287e-07
5.748667595e-07
5.760901183e-07
5.775400978e-07
5.795171138e-07
5.819383239e-07
5.854557212e-07
5.893740345e-07
6.013682094e-07
6.229555483e-07
6.887225017e-07
8.58791529e-07
1.364513127e-06
2.820701197e-06
6.706814988e-06
1.590295259e-05
3.688194075e-05
7.504857172e-05
0.0001322367008
0.0002455876657
0.0003686038835
0.0006223329417
0.0006280788617
0.0005446342046
0.0003835614503
0.000177783094
4.846465319e-05
1.425987648e-05
5.427563688e-06
1.924840399e-06
7.423317159e-07
4.320019829e-07
3.362697801e-07
3.021266146e-07
2.877008821e-07
2.864345953e-07
2.841252169e-07
2.801704643e-07
2.787538295e-07
2.790265142e-07
2.793562153e-07
2.789905083e-07
2.785917846e-07
2.793344809e-07
2.821707799e-07
2.877347538e-07
2.9889496e-07
3.205498563e-07
3.898961454e-07
4.442736939e-07
4.450590021e-07
4.460459313e-07
4.471900186e-07
4.486471735e-07
4.503286066e-07
4.524967107e-07
4.550422498e-07
4.582468324e-07
4.639443613e-07
4.683421489e-07
5.160952507e-07
6.012109821e-07
8.73285098e-07
1.68627466e-06
3.980865086e-06
9.62754141e-06
2.192221302e-05
4.349029127e-05
8.783262948e-05
0.0001496528247
0.0002434297978
0.0003721989921
0.0003602783098
0.000298231734
0.0001979853098
8.196393756e-05
2.311086478e-05
7.571384289e-06
1.661662813e-06
9.033092141e-07
4.984431041e-07
3.421416849e-07
2.912473501e-07
2.749545815e-07
2.723773758e-07
2.740324966e-07
2.730844511e-07
2.701743733e-07
2.683892105e-07
2.683507728e-07
2.69773811e-07
2.713739351e-07
2.742498665e-07
2.793780331e-07
2.897998421e-07
3.098634961e-07
3.663410331e-07
3.308588999e-07
3.312166824e-07
3.317043394e-07
3.322221066e-07
3.329476189e-07
3.337030845e-07
3.34785522e-07
3.359022343e-07
3.37525429e-07
3.392042807e-07
3.417536702e-07
3.438600648e-07
3.538409887e-07
3.714552968e-07
4.208163502e-07
5.779326783e-07
1.058857483e-06
2.415870133e-06
5.714291437e-06
1.334279205e-05
2.837009205e-05
4.93499827e-05
0.0001003135163
0.0001587771434
0.000221816182
0.000207167732
0.0001629237374
0.0001033986268
3.855986948e-05
1.536576727e-05
5.145743038e-06
1.88430557e-06
7.892059534e-07
4.148328302e-07
2.982159644e-07
2.655191389e-07
2.558467643e-07
2.565196931e-07
2.591623241e-07
2.597405214e-07
2.590380977e-07
2.573826367e-07
2.57884083e-07
2.603072221e-07
2.651372214e-07
2.746368572e-07
2.927502788e-07
3.518444746e-07
2.755084946e-07
2.756202013e-07
2.757535536e-07
2.759188032e-07
2.761153417e-07
2.763612241e-07
2.766527713e-07
2.770222842e-07
2.774592934e-07
2.780225301e-07
2.786892544e-07
2.795561107e-07
2.806504172e-07
2.818567726e-07
2.863827837e-07
2.957483086e-07
3.246271019e-07
4.156363022e-07
6.945769062e-07
1.493927996e-06
3.550274921e-06
8.047259066e-06
1.794104734e-05
3.219814096e-05
6.166390363e-05
0.0001024000121
0.0001294968559
0.0001195001634
9.289595281e-05
5.294468162e-05
2.21697765e-05
8.562304614e-06
2.978336479e-06
1.14172537e-06
4.866510219e-07
3.128617633e-07
2.583659459e-07
2.481707868e-07
2.418316414e-07
2.402948453e-07
2.415806888e-07
2.443155403e-07
2.458348042e-07
2.480303186e-07
2.522472606e-07
2.606792729e-07
2.763569403e-07
3.294231079e-07
2.364431577e-07
2.364710455e-07
2.365042851e-07
2.365443513e-07
2.365937835e-07
2.366535589e-07
2.367271562e-07
2.368162248e-07
2.369269747e-07
2.370617397e-07
2.372314372e-07
2.374388577e-07
2.377067678e-07
2.38028124e-07
2.385052527e-07
2.388690566e-07
2.414752469e-07
2.465849615e-07
2.63081694e-07
3.193800701e-07
5.015595292e-07
1.035228368e-06
2.493262884e-06
5.78711997e-06
1.161882263e-05
2.481094728e-05
3.969361834e-05
7.891447996e-05
8.209095191e-05
6.986405069e-05
4.316547915e-05
1.631290956e-05
6.494780044e-06
1.966189884e-06
7.994600983e-07
3.514395842e-07
2.506147107e-07
2.284904403e-07
2.304560305e-07
2.292287217e-07
2.256010363e-07
2.224632667e-07
2.229365127e-07
2.249710097e-07
2.287176236e-07
2.359047612e-07
2.490340865e-07
2.93033636e-07
2.194115032e-07
2.194258307e-07
2.194445147e-07
2.194635129e-07
2.194905867e-07
2.195182973e-07
2.195573056e-07
2.195969227e-07
2.1965329e-07
2.197105202e-07
2.197926371e-07
2.198762475e-07
2.199973046e-07
2.201217221e-07
2.203042799e-07
2.204931799e-07
2.207865881e-07
2.210964548e-07
2.221774175e-07
2.229824075e-07
2.390879597e-07
2.824223028e-07
4.285091258e-07
8.676786306e-07
1.981593369e-06
4.316064091e-06
9.786536124e-06
1.916612609e-05
3.83222302e-05
5.705230609e-05
4.968736922e-05
3.222230225e-05
1.393636177e-05
4.355836088e-06
1.563405108e-06
6.127697935e-07
2.966311598e-07
2.142549583e-07
1.971918309e-07
1.944900863e-07
2.024486723e-07
2.079073055e-07
2.097421174e-07
2.116737496e-07
2.15161409e-07
2.216645531e-07
2.323859442e-07
2.709580436e-07
1.750184844e-07
1.750213631e-07
1.750248666e-07
1.750291397e-07
1.750343598e-07
1.750407275e-07
1.750485176e-07
1.750580378e-07
1.750697215e-07
1.750840391e-07
1.751016909e-07
1.751234148e-07
1.7515038e-07
1.751837815e-07
1.752256673e-07
1.752779939e-07
1.753448527e-07
1.754297443e-07
1.755519682e-07
1.757283493e-07
1.764061706e-07
1.787974349e-07
1.87903915e-07
2.210087184e-07
3.27049755e-07
6.181427982e-07
1.383412557e-06
3.22798281e-06
7.473297426e-06
1.430157702e-05
2.248614951e-05
2.453412451e-05
2.174168282e-05
1.418237373e-05
7.161135986e-06
3.219642452e-06
1.343353403e-06
5.681335868e-07
2.888865175e-07
2.023204506e-07
1.767361234e-07
1.717175733e-07
1.718619831e-07
1.7323725e-07
1.757843647e-07
1.803730459e-07
1.879662121e-07
2.123882977e-07
1.750767453e-07
1.750746406e-07
1.750720987e-07
1.750690236e-07
1.75065312e-07
1.750608378e-07
1.750554859e-07
1.75049075e-07
2.194154459e-07
2.194095949e-07
2.193963271e-07
2.193803062e-07
2.193615199e-07
2.193254002e-07
2.192966313e-07
2.192339788e-07
2.356279146e-07
2.356172585e-07
2.35574528e-07
2.35549466e-07
2.35488075e-07
2.354502093e-07
2.35381145e-07
2.71512377e-07
2.71418624e-07
2.713249162e-07
2.711924668e-07
2.710565426e-07
2.7086928e-07
2.706747427e-07
3.184160308e-07
3.181192467e-07
3.177475639e-07
3.173198589e-07
3.167900961e-07
4.169727249e-07
4.1624299e-07
4.154862329e-07
4.14451421e-07
5.368122236e-07
5.358708371e-07
5.348592881e-07
5.335376848e-07
6.296463301e-07
6.274082714e-07
6.248037424e-07
8.726009235e-07
8.4397054e-07
2.32386776e-06
2.202699753e-06
1.046455715e-05
4.613188218e-05
0.000198553612
0.0007416266169
3.351260695e-07
3.547919855e-07
3.966626108e-07
5.117147314e-07
3.162626025e-07
3.21582771e-07
3.338423209e-07
3.530327786e-07
3.939486823e-07
5.07017238e-07
3.097899746e-07
3.107729226e-07
3.155740706e-07
3.207392162e-07
3.327351034e-07
3.514806883e-07
3.914756859e-07
5.023969834e-07
3.075148092e-07
3.093733204e-07
3.099478434e-07
3.14821737e-07
3.197757197e-07
3.314648878e-07
3.497484413e-07
3.888237876e-07
4.97850811e-07
3.076492871e-07
3.071155529e-07
3.088703428e-07
3.093981454e-07
3.141373137e-07
3.1894116e-07
3.303736556e-07
3.482265203e-07
3.864176892e-07
4.933780858e-07
3.067348819e-07
3.072975548e-07
3.067841751e-07
3.084556649e-07
3.088470478e-07
3.133875343e-07
3.179833517e-07
3.291154242e-07
3.465193926e-07
3.838246093e-07
4.889756367e-07
3.074897661e-07
3.065496063e-07
3.070371574e-07
3.063806405e-07
3.079350589e-07
3.083354053e-07
3.127064852e-07
3.171560377e-07
3.28038442e-07
3.450256482e-07
3.814822011e-07
4.846428785e-07
3.071360086e-07
3.062378473e-07
3.066783606e-07
3.060458918e-07
3.075432075e-07
3.078646115e-07
3.119573537e-07
3.162011444e-07
3.267894772e-07
3.433408376e-07
3.789440779e-07
4.803765508e-07
3.071644466e-07
3.069726499e-07
3.060461569e-07
3.064110184e-07
3.056331563e-07
3.070049052e-07
3.073927468e-07
3.112765698e-07
3.153778436e-07
3.257237213e-07
3.418721799e-07
3.766613786e-07
4.761760416e-07
3.070317075e-07
3.067331133e-07
3.057164867e-07
3.060379345e-07
3.052897269e-07
3.066041932e-07
3.068851276e-07
3.105226158e-07
3.144207625e-07
3.244792643e-07
3.402051862e-07
3.74173155e-07
4.720379047e-07
3.083805417e-07
3.067924184e-07
3.064931898e-07
3.055124755e-07
3.057564636e-07
3.048586876e-07
3.060491669e-07
3.063225531e-07
3.098367759e-07
3.135962627e-07
3.234190071e-07
3.38756628e-07
3.719448037e-07
4.679613562e-07
3.081905737e-07
3.066412085e-07
3.062477304e-07
3.051498566e-07
3.053558272e-07
3.044969848e-07
3.056331495e-07
3.057588479e-07
3.090674154e-07
3.126282066e-07
3.221706491e-07
3.371000862e-07
3.694993908e-07
4.639427285e-07
3.093968384e-07
3.080281722e-07
3.06357811e-07
3.060034754e-07
3.049237686e-07
3.050478267e-07
3.04032065e-07
3.050465243e-07
3.050761095e-07
3.083638723e-07
3.117938104e-07
3.211067069e-07
3.356639603e-07
3.673181188e-07
4.599811338e-07
3.091931425e-07
3.077879877e-07
3.061731986e-07
3.057578607e-07
3.045084972e-07
3.045986035e-07
3.036369677e-07
3.046009176e-07
3.045428324e-07
3.075645064e-07
3.108011285e-07
3.198421225e-07
3.340072588e-07
3.649062842e-07
4.560728197e-07
3.130022033e-07
3.090321132e-07
3.075748045e-07
3.05815858e-07
3.054398928e-07
3.042399408e-07
3.042463616e-07
3.031157791e-07
3.039600889e-07
3.038725161e-07
3.06831087e-07
3.099442134e-07
3.187634176e-07
3.325740014e-07
3.62763803e-07
4.522174956e-07
3.203175052e-07
3.128798852e-07
3.087453973e-07
3.072544616e-07
3.055794331e-07
3.050984626e-07
3.037360265e-07
3.037235762e-07
3.026690696e-07
3.034695381e-07
3.032386887e-07
3.059836257e-07
3.08911975e-07
3.174700012e-07
3.309066998e-07
3.603772301e-07
4.484125805e-07
3.676460933e-07
3.357541562e-07
3.202054378e-07
3.125933357e-07
3.08512233e-07
3.069630737e-07
3.051121315e-07
3.04675263e-07
3.034059536e-07
3.033085014e-07
3.020671983e-07
3.027525024e-07
3.024958774e-07
3.052053759e-07
3.080216329e-07
3.16367991e-07
3.29469633e-07
3.582686193e-07
4.446579025e-07
5.456269404e-07
5.014832074e-07
4.256737241e-07
3.677417676e-07
3.356856471e-07
3.199669451e-07
3.123670125e-07
3.08066145e-07
3.064926044e-07
3.047791655e-07
3.041984435e-07
3.027458319e-07
3.026521124e-07
3.015248403e-07
3.021794961e-07
3.017833612e-07
3.042718207e-07
3.069136044e-07
3.150149582e-07
3.277667385e-07
3.55888964e-07
4.409364988e-07
0.0008916188878
0.001092239205
0.001398129147
0.001879041929
0.002633484197
0.003731105721
0.005128539907
0.006623801021
0.007907403348
0.008659246346
0.008722137076
0.008570724313
0.009035555104
0.01062256486
0.01077365464
0.007188620026
0.001579595381
0.000365315396
6.771279974e-05
1.116095985e-05
2.073496979e-06
8.104016459e-07
6.351194292e-07
6.042692692e-07
5.903792548e-07
5.686841501e-07
5.466766733e-07
5.03173686e-07
4.264099393e-07
3.684322327e-07
3.358726057e-07
3.197891766e-07
3.118092503e-07
3.076295089e-07
3.059628966e-07
3.039604159e-07
3.034906203e-07
3.02219562e-07
3.020195678e-07
3.00647326e-07
3.011899086e-07
3.008220279e-07
3.033116601e-07
3.058689797e-07
3.137811868e-07
3.262327096e-07
3.537401004e-07
4.372046962e-07
0.0002310639079
0.0002898534181
0.0003603760933
0.0005172781949
0.0007127223375
0.001132312308
0.001809443357
0.00297624723
0.004468901016
0.005934189195
0.006916984229
0.007200956735
0.007143467572
0.007517388566
0.008761811077
0.007852615938
0.004327725899
0.0009283463862
0.0002242975338
4.253769186e-05
6.697882569e-06
1.345077914e-06
6.893053508e-07
6.112555219e-07
5.915568893e-07
5.707417112e-07
5.489990566e-07
5.049654296e-07
4.297406084e-07
3.699302328e-07
3.361688516e-07
3.194269395e-07
3.113890448e-07
3.066477125e-07
3.049377196e-07
3.032596987e-07
3.025074249e-07
3.009108157e-07
3.007832552e-07
2.996905006e-07
3.00234506e-07
2.997137425e-07
3.019473254e-07
3.043676938e-07
3.120769748e-07
3.242458794e-07
3.511738011e-07
4.334363274e-07
5.501823507e-05
6.269282871e-05
8.270291784e-05
0.0001029590545
0.0001629233464
0.0002284652448
0.0004483888317
0.0007044945807
0.001341158631
0.002246007449
0.003618843835
0.004912911912
0.005617207525
0.005707099095
0.005934147113
0.006589076703
0.005797992403
0.002992450956
0.0007209596975
0.0001897438292
3.927178871e-05
7.197341073e-06
1.501084665e-06
7.030774238e-07
6.013161976e-07
5.714222357e-07
5.497974105e-07
5.090771488e-07
4.32477678e-07
3.721942117e-07
3.369030025e-07
3.191517212e-07
3.101893642e-07
3.057255224e-07
3.037850237e-07
3.015011132e-07
3.010602183e-07
2.998648261e-07
2.995532872e-07
2.980534475e-07
2.984830216e-07
2.981196238e-07
3.004606102e-07
3.028683565e-07
3.104332291e-07
3.223753882e-07
3.48793439e-07
4.296253816e-07
1.134103894e-05
1.358708679e-05
1.586479797e-05
2.126659191e-05
2.964619531e-05
4.63643947e-05
7.95604724e-05
0.0001465270656
0.0002587162822
0.0005286807158
0.0008758425799
0.001594893333
0.002672052382
0.003711790245
0.004219437778
0.004375150186
0.004662760966
0.004096045128
0.002447655908
0.0006695260094
0.0001943497788
4.199778048e-05
8.343264147e-06
1.977139502e-06
7.892842691e-07
5.950153989e-07
5.515069475e-07
5.124773735e-07
4.393616418e-07
3.753311804e-07
3.376125526e-07
3.183680866e-07
3.09349956e-07
3.037281521e-07
3.01789333e-07
3.00167721e-07
2.991575234e-07
2.973932622e-07
2.972983949e-07
2.96370381e-07
2.968553504e-07
2.962877284e-07
2.983106408e-07
3.006358087e-07
3.080617902e-07
3.19811668e-07
3.457680605e-07
4.253877982e-07
2.597038122e-06
2.803359628e-06
3.223089495e-06
3.795119503e-06
4.798690191e-06
6.786661539e-06
1.115092382e-05
2.123364328e-05
4.363887795e-05
9.116043691e-05
0.0001813880129
0.0003227206339
0.000677885503
0.001072682074
0.001843785969
0.002594781699
0.002943940789
0.003124088221
0.002783732697
0.001940605514
0.0006845088633
0.0001689438879
4.856333101e-05
1.216524106e-05
2.992456144e-06
9.919419741e-07
6.151463003e-07
5.171258375e-07
4.43308231e-07
3.795203328e-07
3.390551493e-07
3.178495887e-07
3.069725368e-07
3.020423917e-07
2.995605739e-07
2.968248333e-07
2.965426115e-07
2.955121452e-07
2.950482413e-07
2.934009958e-07
2.937498813e-07
2.935399791e-07
2.958328029e-07
2.982089483e-07
3.054953081e-07
3.170228586e-07
3.424190815e-07
4.195992713e-07
8.928604484e-07
9.258500315e-07
9.673727683e-07
1.027528053e-06
1.122757171e-06
1.293628041e-06
1.651561509e-06
2.518857505e-06
4.790686472e-06
1.075239495e-05
2.536090243e-05
5.709377924e-05
0.0001189010141
0.0002423136054
0.0004172861722
0.0007616445669
0.001245316407
0.001705293342
0.002019794543
0.00185522426
0.00142495726
0.0007587744203
0.0002182710741
5.523698377e-05
1.139800977e-05
4.006477908e-06
1.354366326e-06
6.552660534e-07
4.745411825e-07
3.902787625e-07
3.425892213e-07
3.16625447e-07
3.055199545e-07
2.981022129e-07
2.958924002e-07
2.943968537e-07
2.928232902e-07
2.908064897e-07
2.908589932e-07
2.903074988e-07
2.907585608e-07
2.901285225e-07
2.918402027e-07
2.941051501e-07
3.011917806e-07
3.124291454e-07
3.370960326e-07
4.117647584e-07
6.320025759e-07
6.345322848e-07
6.387850221e-07
6.434689109e-07
6.562802781e-07
6.680794326e-07
6.993099279e-07
7.533468186e-07
8.968581486e-07
1.319114219e-06
2.5803678e-06
6.157344902e-06
1.539472551e-05
3.736282192e-05
8.164792404e-05
0.0001610879283
0.0002802232708
0.0004982644724
0.000794863109
0.001194262178
0.001210914205
0.001049568191
0.0007142428534
0.000299931197
0.0001010099237
2.848668151e-05
6.991478185e-06
2.082811849e-06
8.139553403e-07
3.973859393e-07
3.421352589e-07
3.162107862e-07
3.004704602e-07
2.953380063e-07
2.915140958e-07
2.879982173e-07
2.882203816e-07
2.874234536e-07
2.865733933e-07
2.846212381e-07
2.848665424e-07
2.85005924e-07
2.872757783e-07
2.896092345e-07
2.964339942e-07
3.072683141e-07
3.309235614e-07
4.016816887e-07
5.375788466e-07
5.385630351e-07
5.395808229e-07
5.410875454e-07
5.426346095e-07
5.450518283e-07
5.476790123e-07
5.522146674e-07
5.581802555e-07
5.88338241e-07
6.601077375e-07
8.952915127e-07
1.645529119e-06
3.894498152e-06
9.925674351e-06
2.407600481e-05
5.250991274e-05
9.689711811e-05
0.0002020074448
0.0003288092119
0.0005252932957
0.0007330683003
0.0006805862582
0.0005425648642
0.0003269573977
0.0001097938269
4.077113601e-05
1.186626348e-05
3.451169709e-06
1.060006753e-06
4.999176651e-07
3.475239752e-07
3.027911762e-07
2.871432735e-07
2.854068286e-07
2.83853374e-07
2.807257506e-07
2.785716751e-07
2.790544242e-07
2.79099604e-07
2.794725362e-07
2.786168504e-07
2.797758407e-07
2.81932307e-07
2.884318094e-07
2.987447887e-07
3.210996721e-07
3.921529059e-07
4.175334914e-07
4.182859612e-07
4.19010648e-07
4.201366154e-07
4.211679368e-07
4.228497572e-07
4.243382088e-07
4.268609084e-07
4.290360967e-07
4.331573892e-07
4.357389465e-07
4.572324932e-07
5.024482288e-07
6.486460102e-07
1.126155295e-06
2.55277621e-06
6.343003371e-06
1.501312468e-05
3.417585262e-05
7.033406206e-05
0.0001202287052
0.0002177104268
0.0003583321104
0.0004365647394
0.0003958608045
0.0002966875831
0.0001567659446
4.509582617e-05
1.604681341e-05
4.427132385e-06
1.592844442e-06
6.663146546e-07
3.788497539e-07
2.976812824e-07
2.764604635e-07
2.700119617e-07
2.738706464e-07
2.729440692e-07
2.710019009e-07
2.684483219e-07
2.686942444e-07
2.696196256e-07
2.719014485e-07
2.740841774e-07
2.80114859e-07
2.897523938e-07
3.104435946e-07
3.694369516e-07
3.187010866e-07
3.189983107e-07
3.19384568e-07
3.198172435e-07
3.203910754e-07
3.210239143e-07
3.218809907e-07
3.228135622e-07
3.241042692e-07
3.254929838e-07
3.274858079e-07
3.294073296e-07
3.345278296e-07
3.435324642e-07
3.751657442e-07
4.679192617e-07
7.690438217e-07
1.65941481e-06
4.10076163e-06
1.001382632e-05
2.224663124e-05
4.226645457e-05
8.628607679e-05
0.0001290825082
0.0002331805371
0.0002481261358
0.0002228419641
0.0001619968655
7.809362746e-05
2.380306304e-05
8.500986358e-06
3.007040005e-06
1.141575571e-06
5.102163621e-07
3.207632975e-07
2.703502107e-07
2.566200335e-07
2.555344108e-07
2.588193722e-07
2.597355517e-07
2.596213032e-07
2.578490438e-07
2.584539556e-07
2.603283912e-07
2.659063514e-07
2.746857687e-07
2.933299374e-07
3.536533945e-07
2.715818987e-07
2.716791705e-07
2.717697887e-07
2.719166305e-07
2.720470143e-07
2.722687603e-07
2.724590378e-07
2.727950429e-07
2.730778527e-07
2.735908844e-07
2.740214681e-07
2.748145835e-07
2.754842635e-07
2.768482243e-07
2.776084721e-07
2.859283683e-07
3.031084197e-07
3.60580381e-07
5.510445589e-07
1.129165315e-06
2.701223157e-06
6.355622727e-06
1.467855623e-05
2.878550991e-05
5.156160593e-05
8.547977117e-05
0.0001443807748
0.000141431111
0.0001235742109
8.553292823e-05
3.821205294e-05
1.463229527e-05
5.16010626e-06
1.801271537e-06
6.544581063e-07
3.574166792e-07
2.661294415e-07
2.510884756e-07
2.424356723e-07
2.404666008e-07
2.414286573e-07
2.443066574e-07
2.46409894e-07
2.481626219e-07
2.529683827e-07
2.607877732e-07
2.768913746e-07
3.307985942e-07
2.356458018e-07
2.356665633e-07
2.356925963e-07
2.357222434e-07
2.357611682e-07
2.35805107e-07
2.358634015e-07
2.359284771e-07
2.36016864e-07
2.361146562e-07
2.36251165e-07
2.364006429e-07
2.366167744e-07
2.368498904e-07
2.372175178e-07
2.374984629e-07
2.391057582e-07
2.424872173e-07
2.53371842e-07
2.922406473e-07
4.250689903e-07
8.304252135e-07
1.990892975e-06
4.745154034e-06
1.036592298e-05
1.860361479e-05
4.0194258e-05
6.988623828e-05
9.79405755e-05
8.835390741e-05
6.484021969e-05
3.010597776e-05
1.029320467e-05
3.047629311e-06
1.158939837e-06
4.226861068e-07
2.688699216e-07
2.283976663e-07
2.309854098e-07
2.294322884e-07
2.269437822e-07
2.22954891e-07
2.234685311e-07
2.251101936e-07
2.293896698e-07
2.360081663e-07
2.495222389e-07
2.943229072e-07
2.194270742e-07
2.194397624e-07
2.194566825e-07
2.194734731e-07
2.194978726e-07
2.195221799e-07
2.195570997e-07
2.195916012e-07
2.196417492e-07
2.196913319e-07
2.197639896e-07
2.198360934e-07
2.199424537e-07
2.200492566e-07
2.202077645e-07
2.203703248e-07
2.206095798e-07
2.209287824e-07
2.213172965e-07
2.238755436e-07
2.281044001e-07
2.696511554e-07
3.806121858e-07
7.277037522e-07
1.664659628e-06
3.73857928e-06
7.802433187e-06
1.746544954e-05
2.985139394e-05
6.145453713e-05
5.703024279e-05
4.555046478e-05
2.468015442e-05
7.48645949e-06
2.158624097e-06
8.197619096e-07
3.442683781e-07
2.236991236e-07
1.985153292e-07
1.946962081e-07
2.01334439e-07
2.076859409e-07
2.102373775e-07
2.117893004e-07
2.157720749e-07
2.217217275e-07
2.327083973e-07
2.721495416e-07
1.750788713e-07
1.750814836e-07
1.750846698e-07
1.750885586e-07
1.750933141e-07
1.750991206e-07
1.751062319e-07
1.751149293e-07
1.751256134e-07
1.75138713e-07
1.751548733e-07
1.751747628e-07
1.751994502e-07
1.75230017e-07
1.752682761e-07
1.753161143e-07
1.75376575e-07
1.754545968e-07
1.755556073e-07
1.757286933e-07
1.761094055e-07
1.780225841e-07
1.850143659e-07
2.107886474e-07
2.966274829e-07
5.419807333e-07
1.174169947e-06
2.813189583e-06
6.101477333e-06
1.359198884e-05
2.193039555e-05
2.947362413e-05
2.736772207e-05
1.935135123e-05
1.025453307e-05
4.537137406e-06
1.833443378e-06
7.283299069e-07
3.348536293e-07
2.136127757e-07
1.795521127e-07
1.721691749e-07
1.721512207e-07
1.73256614e-07
1.760631405e-07
1.803126311e-07
1.880170613e-07
2.129984104e-07
1.750204015e-07
1.750187831e-07
1.750168232e-07
1.750144324e-07
1.75011527e-07
1.750080024e-07
1.750037367e-07
1.749986149e-07
2.189406978e-07
2.189359594e-07
2.189251773e-07
2.189120209e-07
2.188964566e-07
2.188779924e-07
2.188452927e-07
2.188186588e-07
2.340184631e-07
2.340128009e-07
2.339998836e-07
2.339704666e-07
2.339500999e-07
2.339021505e-07
2.338741166e-07
2.663206488e-07
2.662549625e-07
2.661845713e-07
2.660912163e-07
2.65989728e-07
2.658576282e-07
3.044376304e-07
3.042061604e-07
3.039093983e-07
3.035744694e-07
3.031508131e-07
3.880583134e-07
3.874882761e-07
3.867819738e-07
3.859558627e-07
4.977428875e-07
4.969410976e-07
4.960064874e-07
5.829109973e-07
5.817677814e-07
6.921518195e-07
6.850505578e-07
1.365149964e-06
4.980983556e-06
2.347371394e-05
3.167043263e-07
3.220697087e-07
3.349077695e-07
3.544581436e-07
3.965220682e-07
5.1163276e-07
3.076223469e-07
3.099507418e-07
3.104777782e-07
3.159507292e-07
3.211045811e-07
3.336253026e-07
3.527024429e-07
3.938112785e-07
5.069419872e-07
3.066215554e-07
3.076969733e-07
3.072285214e-07
3.094100126e-07
3.099279591e-07
3.152593151e-07
3.202623382e-07
3.325222644e-07
3.511551907e-07
3.913415666e-07
5.023282638e-07
3.075570318e-07
3.06344156e-07
3.073554453e-07
3.068943877e-07
3.089295623e-07
3.093783546e-07
3.145098774e-07
3.193045241e-07
3.312532888e-07
3.494263976e-07
3.886927299e-07
4.977884501e-07
3.071767406e-07
3.073480128e-07
3.061739552e-07
3.071029406e-07
3.064985316e-07
3.083867523e-07
3.088284221e-07
3.13824212e-07
3.184713876e-07
3.301662379e-07
3.479092995e-07
3.86289825e-07
4.933219194e-07
3.084282925e-07
3.070457878e-07
3.071584789e-07
3.058903822e-07
3.067592527e-07
3.061638236e-07
3.079253969e-07
3.082781261e-07
3.130776762e-07
3.175194834e-07
3.289092373e-07
3.462056685e-07
3.836997918e-07
4.889255223e-07
3.083218344e-07
3.068573052e-07
3.06944994e-07
3.05714024e-07
3.06503093e-07
3.057654561e-07
3.073087789e-07
3.077262598e-07
3.123959923e-07
3.166939072e-07
3.278364074e-07
3.447168381e-07
3.81360549e-07
4.845986857e-07
3.092079629e-07
3.081727667e-07
3.067222593e-07
3.06749567e-07
3.054174192e-07
3.061511241e-07
3.054297963e-07
3.069191841e-07
3.071726884e-07
3.116500296e-07
3.157454834e-07
3.265885807e-07
3.430357055e-07
3.788255451e-07
4.80338178e-07
3.091271797e-07
3.080588665e-07
3.065221438e-07
3.065269469e-07
3.052302776e-07
3.058860689e-07
3.050261598e-07
3.064417218e-07
3.066157363e-07
3.109686552e-07
3.149253712e-07
3.255262798e-07
3.41572203e-07
3.765461009e-07
4.761434074e-07
3.123091158e-07
3.090015751e-07
3.078956062e-07
3.06377885e-07
3.063198425e-07
3.049127593e-07
3.055181273e-07
3.046852022e-07
3.061002378e-07
3.060740195e-07
3.102182863e-07
3.139755505e-07
3.242831211e-07
3.399092761e-07
3.740612039e-07
4.720109676e-07
3.122211277e-07
3.089076548e-07
3.077670332e-07
3.061561118e-07
3.06078699e-07
3.047094456e-07
3.052371122e-07
3.042669917e-07
3.055777524e-07
3.056410939e-07
3.095331293e-07
3.131554152e-07
3.232263531e-07
3.38466345e-07
3.718363937e-07
4.679401084e-07
3.184139691e-07
3.121573432e-07
3.087552426e-07
3.075765931e-07
3.059932436e-07
3.058491873e-07
3.043577517e-07
3.048408059e-07
3.039096445e-07
3.051658355e-07
3.049828905e-07
3.087664323e-07
3.121955831e-07
3.219801012e-07
3.368145945e-07
3.693947623e-07
4.63927219e-07
3.310667906e-07
3.183841125e-07
3.120351701e-07
3.086367223e-07
3.074206297e-07
3.057320644e-07
3.055739698e-07
3.041287264e-07
3.045323919e-07
3.034597495e-07
3.045690441e-07
3.042769061e-07
3.080671063e-07
3.113665085e-07
3.209207737e-07
3.353849427e-07
3.672176008e-07
4.599714668e-07
3.567746374e-07
3.311166373e-07
3.183417258e-07
3.119500849e-07
3.084359629e-07
3.071815747e-07
3.055348727e-07
3.053041637e-07
3.037216817e-07
3.040882537e-07
3.030692187e-07
3.041138245e-07
3.040189079e-07
3.072768433e-07
3.103838074e-07
3.196598206e-07
3.337343085e-07
3.648104619e-07
4.560691813e-07
4.061402913e-07
3.570355488e-07
3.311921388e-07
3.18286857e-07
3.117650276e-07
3.082746199e-07
3.069787074e-07
3.052084123e-07
3.049720871e-07
3.034527968e-07
3.037361702e-07
3.025650241e-07
3.034737689e-07
3.032154152e-07
3.065455487e-07
3.095338932e-07
3.1858769e-07
3.323089777e-07
3.626730666e-07
4.522201545e-07
5.246324169e-07
4.769934916e-07
4.066872889e-07
3.57228027e-07
3.311934422e-07
3.18165583e-07
3.116368751e-07
3.079946696e-07
3.066625626e-07
3.04955923e-07
3.046405665e-07
3.029634697e-07
3.032213764e-07
3.021234677e-07
3.029949351e-07
3.025556e-07
3.057088697e-07
3.08515163e-07
3.173001727e-07
3.306499067e-07
3.602928488e-07
4.484219222e-07
5.722835015e-07
5.604012664e-07
5.455000397e-07
5.253603992e-07
4.777564361e-07
4.068628047e-07
3.573846759e-07
3.311376583e-07
3.18042589e-07
3.11346098e-07
3.077641671e-07
3.063876052e-07
3.04521611e-07
3.042252838e-07
3.026395182e-07
3.028091492e-07
3.015427933e-07
3.023001331e-07
3.018417353e-07
3.049388365e-07
3.07637467e-07
3.162057169e-07
3.292231522e-07
3.581909724e-07
4.446744409e-07
0.001501935142
0.00180231536
0.00224024189
0.002906781636
0.003934020372
0.005415101557
0.007257438121
0.009117284262
0.01049659007
0.01078092765
0.01045339193
0.01060839396
0.01228039194
0.0144019259
0.01208054216
0.003838146377
0.0008670751158
0.0001851719657
3.004358833e-05
5.142472908e-06
1.250331716e-06
6.79264562e-07
5.899798652e-07
5.774099987e-07
5.625570058e-07
5.468454184e-07
5.263280763e-07
4.777913921e-07
4.072616415e-07
3.573886611e-07
3.310327384e-07
3.177579336e-07
3.1111666e-07
3.073322643e-07
3.059268059e-07
3.041958173e-07
3.03779319e-07
3.020028248e-07
3.021677769e-07
3.01008467e-07
3.017498088e-07
3.011609746e-07
3.040227389e-07
3.065490402e-07
3.148623259e-07
3.275320835e-07
3.558203832e-07
4.409609763e-07
0.0004521959561
0.0005524920983
0.0007049234225
0.0009508188121
0.001377147418
0.002175839719
0.003561083266
0.005484295851
0.007463049997
0.008876094119
0.009291654274
0.009099261372
0.00934373226
0.01081103583
0.01153022748
0.008198122919
0.002218529518
0.0004373163208
7.801681984e-05
1.152056206e-05
1.933200738e-06
7.48490576e-07
6.050137415e-07
5.801494482e-07
5.662110126e-07
5.487977936e-07
5.271868296e-07
4.794753831e-07
4.078387156e-07
3.578054079e-07
3.31025195e-07
3.1754944e-07
3.105491055e-07
3.068996195e-07
3.054247299e-07
3.034132243e-07
3.030801758e-07
3.014948199e-07
3.015442732e-07
3.001628323e-07
3.007869826e-07
3.002236849e-07
3.030757902e-07
3.055247183e-07
3.136393727e-07
3.260124811e-07
3.536812526e-07
4.372381797e-07
0.0001171746828
0.0001369829064
0.0001843953826
0.000233328167
0.0003811229375
0.0005502213472
0.00105496331
0.001730727105
0.003208488256
0.005114990017
0.006776923709
0.007562908893
0.007547606291
0.007723914677
0.008733466258
0.008178440575
0.004976374635
0.001409759123
0.0002992147536
5.716025326e-05
8.800419257e-06
1.542847506e-06
6.813895103e-07
5.88291445e-07
5.674153273e-07
5.503248275e-07
5.295002306e-07
4.811875053e-07
4.107203644e-07
3.588208068e-07
3.311432102e-07
3.17052115e-07
3.101037348e-07
3.059334547e-07
3.044102027e-07
3.027214396e-07
3.021566606e-07
3.002241189e-07
3.003334523e-07
2.992204332e-07
2.998558933e-07
2.991392238e-07
3.017376989e-07
3.040526843e-07
3.119517258e-07
3.240436958e-07
3.511283784e-07
4.334801545e-07
2.609006311e-05
3.223489651e-05
3.787563499e-05
5.387060961e-05
7.079642737e-05
0.0001267643463
0.0001949600506
0.0004327364839
0.0007466432276
0.001557685666
0.002703836195
0.004359889665
0.005632293932
0.006010573507
0.00609401856
0.006549860467
0.005951674193
0.003494849372
0.001011528767
0.0002200240809
5.129629102e-05
9.655059395e-06
1.863176223e-06
7.266122999e-07
5.812751637e-07
5.509133503e-07
5.30306799e-07
4.855989058e-07
4.130060412e-07
3.606533084e-07
3.3142105e-07
3.166842999e-07
3.088637677e-07
3.050076203e-07
3.033050242e-07
3.010237573e-07
3.007066241e-07
2.992154139e-07
2.991208586e-07
2.976365367e-07
2.981362107e-07
2.975734085e-07
3.002704299e-07
3.025850229e-07
3.103244898e-07
3.221943783e-07
3.487626978e-07
4.296810909e-07
5.801034385e-06
6.421165833e-06
8.037004162e-06
9.986557324e-06
1.386633843e-05
2.160965767e-05
3.776967207e-05
7.560695163e-05
0.0001556547156
0.0002974353393
0.0006585075954
0.001122773415
0.002071927933
0.003318662051
0.004207076079
0.004430433558
0.004584459592
0.004110934921
0.002725622876
0.000855524307
0.0001872334537
4.850400318e-05
1.099434093e-05
2.426528371e-06
8.360626947e-07
5.823649834e-07
5.325114041e-07
4.878677649e-07
4.199316629e-07
3.626673901e-07
3.317035768e-07
3.156414707e-07
3.079740606e-07
3.030320951e-07
3.013209939e-07
2.99703737e-07
2.989038698e-07
2.968097038e-07
2.96910394e-07
2.959813912e-07
2.965458131e-07
2.957886792e-07
2.981692212e-07
3.004029442e-07
3.079953871e-07
3.196749919e-07
3.457818151e-07
4.2553526e-07
1.436397183e-06
1.564386871e-06
1.724140327e-06
1.969981019e-06
2.394468316e-06
3.222171983e-06
5.080996472e-06
9.826297825e-06
2.212978658e-05
5.137666813e-05
0.0001144515492
0.0002417753214
0.0004307212998
0.0009246393692
0.001497785515
0.002372206403
0.002879404068
0.00310189344
0.002802064806
0.002042652103
0.0008804562948
0.000227191721
5.516971495e-05
1.411522804e-05
3.50360217e-06
1.102701648e-06
6.184981663e-07
4.987683672e-07
4.206050193e-07
3.665849961e-07
3.323778238e-07
3.149473845e-07
3.05534963e-07
3.013408834e-07
2.991760609e-07
2.964611087e-07
2.96282058e-07
2.949856179e-07
2.947021704e-07
2.931025172e-07
2.934996146e-07
2.931055197e-07
2.957336699e-07
2.98032521e-07
3.054839873e-07
3.16948619e-07
3.425015378e-07
4.198531689e-07
7.0690415e-07
7.186420197e-07
7.353178845e-07
7.599558314e-07
7.990933689e-07
8.686650829e-07
1.013947452e-06
1.380922114e-06
2.4417403e-06
5.583058039e-06
1.432139534e-05
3.631509308e-05
8.286336621e-05
0.0001677687758
0.000362523409
0.0006064877614
0.001077539248
0.001597731832
0.001995295838
0.001813840708
0.001504747279
0.0008810234495
0.0002819564554
8.94612527e-05
2.170421237e-05
5.201734054e-06
1.544840023e-06
6.974560898e-07
4.641395213e-07
3.748347437e-07
3.340123473e-07
3.12917134e-07
3.039458337e-07
2.974288622e-07
2.955094151e-07
2.940523209e-07
2.92715342e-07
2.903992319e-07
2.905768629e-07
2.900537809e-07
2.905739042e-07
2.897799003e-07
2.918239943e-07
2.940144916e-07
3.012554291e-07
3.124371418e-07
3.372682875e-07
4.121365846e-07
5.840426841e-07
5.853726132e-07
5.871223101e-07
5.894195335e-07
5.927624671e-07
5.962283306e-07
6.11935436e-07
6.358322491e-07
6.990364007e-07
9.009354407e-07
1.572211093e-06
3.708100157e-06
9.807838432e-06
2.510382698e-05
6.078014121e-05
0.0001270384318
0.0002270755017
0.0004494790973
0.0007088423947
0.00110480272
0.001215421692
0.001072424614
0.0007519859606
0.0003445781052
9.857937679e-05
2.384036653e-05
5.085475677e-06
1.879412239e-06
8.303580462e-07
4.601195741e-07
3.471995547e-07
3.131568186e-07
2.986510753e-07
2.946409461e-07
2.912861021e-07
2.877967312e-07
2.880922948e-07
2.870801404e-07
2.863756892e-07
2.844871246e-07
2.847613708e-07
2.847466873e-07
2.873056157e-07
2.895929747e-07
2.965687556e-07
3.073578921e-07
3.311796273e-07
4.021048606e-07
4.984505905e-07
4.992640868e-07
5.002083816e-07
5.014106898e-07
5.02801332e-07
5.045971368e-07
5.066854194e-07
5.098488275e-07
5.125927312e-07
5.292153889e-07
5.696073925e-07
7.020487796e-07
1.157872179e-06
2.623002823e-06
6.932488866e-06
1.776621779e-05
4.141447807e-05
8.284225382e-05
0.000173640131
0.0002867275741
0.0004488065995
0.0007080902078
0.0006665749104
0.0005717018965
0.0003796279059
0.0001469593432
5.303761789e-05
1.468243849e-05
4.105960368e-06
1.177009614e-06
5.18348821e-07
3.468808935e-07
3.010140468e-07
2.86292057e-07
2.85069354e-07
2.836949603e-07
2.808352518e-07
2.784011782e-07
2.789088669e-07
2.790210043e-07
2.794743787e-07
2.784877375e-07
2.799030049e-07
2.820236546e-07
2.886562148e-07
2.989311781e-07
3.214631539e-07
3.925911905e-07
3.885951344e-07
3.891653083e-07
3.898879452e-07
3.907180783e-07
3.917833638e-07
3.929965857e-07
3.945711808e-07
3.963571643e-07
3.987082712e-07
4.012973242e-07
4.059407524e-07
4.090203287e-07
4.524185269e-07
5.425156473e-07
8.617156333e-07
1.882560054e-06
4.818495011e-06
1.195325864e-05
2.872342464e-05
5.512156773e-05
0.0001143311629
0.0001887480017
0.000327083868
0.0004319334757
0.0003992224528
0.0003133080003
0.0001818166965
5.554237771e-05
1.74579714e-05
4.689781354e-06
1.577104066e-06
6.982108946e-07
3.861896124e-07
2.983160497e-07
2.764430554e-07
2.700096929e-07
2.738611057e-07
2.728463508e-07
2.710125288e-07
2.684905134e-07
2.687611589e-07
2.695616333e-07
2.720706586e-07
2.742471477e-07
2.804074505e-07
2.900183574e-07
3.108644986e-07
3.70988774e-07
3.046646775e-07
3.048959575e-07
3.052043249e-07
3.055418107e-07
3.060007106e-07
3.064971134e-07
3.071824979e-07
3.079199824e-07
3.089507294e-07
3.100600412e-07
3.116223687e-07
3.134191348e-07
3.151673855e-07
3.253525579e-07
3.444931642e-07
4.087589018e-07
6.298920606e-07
1.318257857e-06
3.312721993e-06
8.026571425e-06
1.899643978e-05
3.929644447e-05
6.966269522e-05
0.0001273717101
0.0002152560437
0.0002559719076
0.0002334090482
0.0001758174565
9.013632015e-05
2.80459766e-05
1.010784432e-05
3.457175722e-06
1.263903585e-06
5.389981013e-07
3.265761236e-07
2.714326137e-07
2.570653657e-07
2.554153772e-07
2.588015166e-07
2.598280005e-07
2.59804598e-07
2.579961951e-07
2.586868541e-07
2.605869276e-07
2.662682775e-07
2.750231592e-07
2.938193433e-07
3.542635183e-07
2.663732393e-07
2.664406564e-07
2.665101724e-07
2.666112613e-07
2.667127009e-07
2.668649019e-07
2.670147756e-07
2.672454503e-07
2.674702336e-07
2.678238352e-07
2.6816726e-07
2.687194659e-07
2.692610261e-07
2.700953131e-07
2.716367127e-07
2.738601052e-07
2.901121736e-07
3.323240755e-07
4.803935951e-07
9.372466706e-07
2.243848389e-06
5.462604333e-06
1.249597899e-05
2.603342683e-05
4.667303451e-05
8.118805602e-05
0.0001355487899
0.000150673462
0.0001346908033
9.572509997e-05
4.370205883e-05
1.672289786e-05
5.801479497e-06
1.990058122e-06
7.076411508e-07
3.706875767e-07
2.693736272e-07
2.516688185e-07
2.425951628e-07
2.406349754e-07
2.415240042e-07
2.443798353e-07
2.466589523e-07
2.484477769e-07
2.533542935e-07
2.611516755e-07
2.77373277e-07
3.312536945e-07
2.340294655e-07
2.340425314e-07
2.340595624e-07
2.34078577e-07
2.341041252e-07
2.341325819e-07
2.341709647e-07
2.342133646e-07
2.342717143e-07
2.343359655e-07
2.344263609e-07
2.345254429e-07
2.346693432e-07
2.348259098e-07
2.350586331e-07
2.353847805e-07
2.356675843e-07
2.39272938e-07
2.472757336e-07
2.77158899e-07
3.83251198e-07
7.203076422e-07
1.696966021e-06
4.131669199e-06
9.176059466e-06
1.663319286e-05
3.69452427e-05
6.045340404e-05
9.976176289e-05
9.046587741e-05
7.313654676e-05
3.467851586e-05
1.196402525e-05
3.444194822e-06
1.254434264e-06
4.449030376e-07
2.741186367e-07
2.291253764e-07
2.311854035e-07
2.296076775e-07
2.273785723e-07
2.231699089e-07
2.237075802e-07
2.25381399e-07
2.297457889e-07
2.363356414e-07
2.499688901e-07
2.947547249e-07
2.189503331e-07
2.1896102e-07
2.18974418e-07
2.189887684e-07
2.190079864e-07
2.190286463e-07
2.19055946e-07
2.190851183e-07
2.191240078e-07
2.19165754e-07
2.192216105e-07
2.19281813e-07
2.193627267e-07
2.194509868e-07
2.195696284e-07
2.197035782e-07
2.198753483e-07
2.201248187e-07
2.203933447e-07
2.223644042e-07
2.2409501e-07
2.606250092e-07
3.519651423e-07
6.479481938e-07
1.461846861e-06
3.298280807e-06
6.958883456e-06
1.595163644e-05
2.803360314e-05
5.945958488e-05
5.981864046e-05
5.038481511e-05
2.797355024e-05
7.98478601e-06
2.575404554e-06
8.829520787e-07
3.555015479e-07
2.258660449e-07
1.988992463e-07
1.948213512e-07
2.0118697e-07
2.076919732e-07
2.104524618e-07
2.120260844e-07
2.160841868e-07
2.219996079e-07
2.330371995e-07
2.725232286e-07
1.750220633e-07
1.750241116e-07
1.750266244e-07
1.750297106e-07
1.750335046e-07
1.750381626e-07
1.750438908e-07
1.750509312e-07
1.75059609e-07
1.750702987e-07
1.750835191e-07
1.750998594e-07
1.751201668e-07
1.751453981e-07
1.751769716e-07
1.752165605e-07
1.752664184e-07
1.753306692e-07
1.754129983e-07
1.755523644e-07
1.758127217e-07
1.773907274e-07
1.831307083e-07
2.04769085e-07
2.782415482e-07
4.923617366e-07
1.054240902e-06
2.52733118e-06
5.564698045e-06
1.210579517e-05
2.245574762e-05
2.974051861e-05
2.831370059e-05
2.101514017e-05
1.101533632e-05
4.913207274e-06
1.967651556e-06
7.688057471e-07
3.457221957e-07
2.163019649e-07
1.802504082e-07
1.722606388e-07
1.721918842e-07
1.733003707e-07
1.761481156e-07
1.803691383e-07
1.881034057e-07
2.130841442e-07
1.749978142e-07
1.749967018e-07
1.749953393e-07
1.749936573e-07
1.749915911e-07
1.7498906e-07
1.749859692e-07
1.749822053e-07
2.189173772e-07
2.189133791e-07
2.189041949e-07
2.188929882e-07
2.188797599e-07
2.188641653e-07
2.188459012e-07
2.336079933e-07
2.33603839e-07
2.335942553e-07
2.335824157e-07
2.335598494e-07
2.335409607e-07
2.334993843e-07
2.64287934e-07
2.64237019e-07
2.641820835e-07
2.641097087e-07
2.640305607e-07
2.63928175e-07
2.968949324e-07
2.967080568e-07
2.964616391e-07
2.96190718e-07
2.958401724e-07
3.689599471e-07
3.684363155e-07
3.678356137e-07
3.670834785e-07
4.686110137e-07
4.678295283e-07
4.669513198e-07
5.51817917e-07
5.509234984e-07
6.304395565e-07
6.262017916e-07
1.069232535e-06
3.993902435e-06
3.084865066e-07
3.072743244e-07
3.075908308e-07
3.066526369e-07
3.077704114e-07
3.074567596e-07
3.099874174e-07
3.105949768e-07
3.163102929e-07
3.217386958e-07
3.345795474e-07
3.542382676e-07
3.962066229e-07
5.100791874e-07
3.118470032e-07
3.091379357e-07
3.083501932e-07
3.071573623e-07
3.074081439e-07
3.063617058e-07
3.074272012e-07
3.071189812e-07
3.093651675e-07
3.100494468e-07
3.155580806e-07
3.20775794e-07
3.33299267e-07
3.524862347e-07
3.935025151e-07
5.054113963e-07
3.169667288e-07
3.11785742e-07
3.090674821e-07
3.082505137e-07
3.069682464e-07
3.072004295e-07
3.061847415e-07
3.071735259e-07
3.067204478e-07
3.089163937e-07
3.095037338e-07
3.148712134e-07
3.199358365e-07
3.322001048e-07
3.509426562e-07
3.910388295e-07
5.008202081e-07
3.169559494e-07
3.117468571e-07
3.089661063e-07
3.081126565e-07
3.068508896e-07
3.07016848e-07
3.058972693e-07
3.068314206e-07
3.063857308e-07
3.083404363e-07
3.089579676e-07
3.141231523e-07
3.189802152e-07
3.309333921e-07
3.492174947e-07
3.883964678e-07
4.963025088e-07
3.272109577e-07
3.169386159e-07
3.116837398e-07
3.088943238e-07
3.080117976e-07
3.066593473e-07
3.068073784e-07
3.057233864e-07
3.065777376e-07
3.05988941e-07
3.078595394e-07
3.084119425e-07
3.134419016e-07
3.181493852e-07
3.298503287e-07
3.477040225e-07
3.85999403e-07
4.918576841e-07
3.481218874e-07
3.272528882e-07
3.169268924e-07
3.11643162e-07
3.087897432e-07
3.078706795e-07
3.065401906e-07
3.066210691e-07
3.054325134e-07
3.062335072e-07
3.056570971e-07
3.072461407e-07
3.078653304e-07
3.126967181e-07
3.171997656e-07
3.285957743e-07
3.460040158e-07
3.834157042e-07
4.874826135e-07
3.482352003e-07
3.272947828e-07
3.169024165e-07
3.115762653e-07
3.087151188e-07
3.077667671e-07
3.063431491e-07
3.064072006e-07
3.05254671e-07
3.05977615e-07
3.052601716e-07
3.06857214e-07
3.073176749e-07
3.120192298e-07
3.163765133e-07
3.275272532e-07
3.445188086e-07
3.810821751e-07
4.83176741e-07
3.883986174e-07
3.483709652e-07
3.273378702e-07
3.168893183e-07
3.115321732e-07
3.086040607e-07
3.076188775e-07
3.062195904e-07
3.062150488e-07
3.04952172e-07
3.056279183e-07
3.049286712e-07
3.061596938e-07
3.067677759e-07
3.11274579e-07
3.154304273e-07
3.262823898e-07
3.428413798e-07
3.785534899e-07
4.789368698e-07
3.886213887e-07
3.484930796e-07
3.273813449e-07
3.168581384e-07
3.114576383e-07
3.085234529e-07
3.075081318e-07
3.060113594e-07
3.059928608e-07
3.04764208e-07
3.053663415e-07
3.045262608e-07
3.060505255e-07
3.062154505e-07
3.105974409e-07
3.146128588e-07
3.25224855e-07
3.413816148e-07
3.762797154e-07
4.747624326e-07
4.505732049e-07
3.888978909e-07
3.486457191e-07
3.274264198e-07
3.168402418e-07
3.11406517e-07
3.083994638e-07
3.073467613e-07
3.058789038e-07
3.057894094e-07
3.044418286e-07
3.05003927e-07
3.041887801e-07
3.057251769e-07
3.057258354e-07
3.098490967e-07
3.136659995e-07
3.239851555e-07
3.397226588e-07
3.738013039e-07
4.706500696e-07
4.509842464e-07
3.891577872e-07
3.487836247e-07
3.27472087e-07
3.167962382e-07
3.113159103e-07
3.083067726e-07
3.072221612e-07
3.05649459e-07
3.055502409e-07
3.042383982e-07
3.047288215e-07
3.037706097e-07
3.051523682e-07
3.051449871e-07
3.091666206e-07
3.128491077e-07
3.229336787e-07
3.382837996e-07
3.715822924e-07
4.665990679e-07
4.997921684e-07
4.513394335e-07
3.894991505e-07
3.489653209e-07
3.275192256e-07
3.167691146e-07
3.112527192e-07
3.081577218e-07
3.070349452e-07
3.05500014e-07
3.05325282e-07
3.038844067e-07
3.043398538e-07
3.034164207e-07
3.04683403e-07
3.044976354e-07
3.084043005e-07
3.118933587e-07
3.216916949e-07
3.366366305e-07
3.691475372e-07
4.626058803e-07
5.172780264e-07
5.002304656e-07
4.518819231e-07
3.898126648e-07
3.491238211e-07
3.275646678e-07
3.167205758e-07
3.111292894e-07
3.080420302e-07
3.068843555e-07
3.052316186e-07
3.050546365e-07
3.036578544e-07
3.04038274e-07
3.029667311e-07
3.040492329e-07
3.041768743e-07
3.077110897e-07
3.110686765e-07
3.206385937e-07
3.352117576e-07
3.669766449e-07
4.586697305e-07
5.385340588e-07
5.30394279e-07
5.179847491e-07
5.007883411e-07
4.523097e-07
3.90236969e-07
3.493390847e-07
3.276066178e-07
3.16666699e-07
3.110455464e-07
3.078474516e-07
3.066510722e-07
3.05052187e-07
3.047916288e-07
3.032527485e-07
3.036024188e-07
3.025811053e-07
3.035823182e-07
3.035332339e-07
3.069207591e-07
3.100917423e-07
3.193833894e-07
3.33566883e-07
3.645770966e-07
4.54787034e-07
8.586993984e-07
5.945564092e-07
5.478518304e-07
5.406291718e-07
5.321174275e-07
5.189181037e-07
5.013363479e-07
4.529894196e-07
3.905763413e-07
3.494971589e-07
3.276348591e-07
3.166055863e-07
3.108630725e-07
3.076915622e-07
3.064561558e-07
3.04718666e-07
3.044684618e-07
3.029903417e-07
3.032578455e-07
3.020796403e-07
3.029477395e-07
3.026134839e-07
3.061978387e-07
3.092482279e-07
3.183189935e-07
3.321476369e-07
3.624469409e-07
4.509576611e-07
0.004924376675
0.005313334619
0.005898914725
0.006862527488
0.008373939564
0.0103341301
0.01190866051
0.01243055817
0.01194930068
0.01157728639
0.01309762164
0.01607984178
0.01750979421
0.01478193101
0.005933328815
0.001406561635
0.0003354706078
6.470566875e-05
1.300657108e-05
2.661426145e-06
8.682294372e-07
5.994213113e-07
5.518980927e-07
5.441341293e-07
5.336561336e-07
5.19885998e-07
5.019839719e-07
4.533573279e-07
3.910091365e-07
3.496961531e-07
3.276273532e-07
3.164767006e-07
3.107373175e-07
3.074227059e-07
3.061504266e-07
3.044928278e-07
3.04146896e-07
3.025093837e-07
3.027533516e-07
3.016470357e-07
3.024811765e-07
3.021805771e-07
3.053709397e-07
3.082378556e-07
3.170399536e-07
3.304963854e-07
3.600756427e-07
4.471792528e-07
0.003102943689
0.003578807366
0.004225330117
0.005158693577
0.006521523776
0.008339135525
0.01033486532
0.0117275751
0.01187153772
0.01143358015
0.01159854155
0.0136313106
0.01640289887
0.01555854928
0.007441259233
0.001879715356
0.0003955031926
7.417116471e-05
1.412488099e-05
2.804826765e-06
8.907067275e-07
6.119462229e-07
5.580125237e-07
5.469732609e-07
5.360646652e-07
5.210545248e-07
5.02458906e-07
4.539786453e-07
3.911762339e-07
3.497356306e-07
3.2754639e-07
3.163535329e-07
3.104570454e-07
3.072023611e-07
3.058880123e-07
3.04063758e-07
3.037482972e-07
3.021964145e-07
3.023507244e-07
3.010742677e-07
3.018027658e-07
3.015391844e-07
3.04612867e-07
3.073682374e-07
3.159570468e-07
3.290779503e-07
3.579825633e-07
4.434518843e-07
0.001285559062
0.001566410642
0.001987136944
0.00265903953
0.003760047377
0.005414352816
0.00747287431
0.009475674701
0.01080589428
0.01091119992
0.01056161564
0.01098198409
0.0130586754
0.01473114528
0.01148338759
0.002885399293
0.0006507704666
0.0001174674883
1.964986587e-05
3.452837247e-06
9.670470522e-07
6.256201581e-07
5.627810423e-07
5.516248977e-07
5.37814783e-07
5.221202588e-07
5.030777748e-07
4.540250293e-07
3.914699242e-07
3.498044749e-07
3.274228505e-07
3.160717948e-07
3.102366384e-07
3.067903759e-07
3.054456214e-07
3.037505963e-07
3.033181632e-07
3.015770464e-07
3.017248658e-07
3.005557006e-07
3.012721816e-07
3.008400641e-07
3.037089912e-07
3.062931626e-07
3.146260304e-07
3.273981601e-07
3.556233692e-07
4.397591078e-07
0.0003753368743
0.0004646254644
0.0006020388925
0.0008271652889
0.001236441372
0.002046317742
0.003541590476
0.005628907575
0.007725385197
0.009119112973
0.009410932395
0.009216015575
0.009682698638
0.0114422037
0.01120899175
0.006802351852
0.001432179675
0.0003224452043
5.58163073e-05
8.151269546e-06
1.466270641e-06
6.761134043e-07
5.672321058e-07
5.535258638e-07
5.410909162e-07
5.237245485e-07
5.038793646e-07
4.554398664e-07
3.920230306e-07
3.499701794e-07
3.273469843e-07
3.158599453e-07
3.096881264e-07
3.063752575e-07
3.049651251e-07
3.029968359e-07
3.026469814e-07
3.010872215e-07
3.011170787e-07
2.997263389e-07
3.003408994e-07
2.999029723e-07
3.027797426e-07
3.052818637e-07
3.134194816e-07
3.258907143e-07
3.534956115e-07
4.360581354e-07
9.479454075e-05
0.0001204820491
0.000146979481
0.0002197231741
0.0002965028126
0.0005806253501
0.0009293757706
0.001807307343
0.00330364849
0.005331221876
0.00700807308
0.007715158712
0.007680257716
0.007984444732
0.00919714206
0.008151873414
0.004238715006
0.0009174143102
0.0002349057139
4.472393836e-05
6.893462301e-06
1.303220396e-06
6.362401254e-07
5.603757037e-07
5.4187674e-07
5.251634132e-07
5.059380092e-07
4.571578075e-07
3.944280186e-07
3.510487786e-07
3.274257994e-07
3.153354001e-07
3.09248698e-07
3.054414349e-07
3.039818038e-07
3.023270121e-07
3.017458071e-07
2.998451688e-07
2.999331818e-07
2.988125771e-07
2.994481262e-07
2.988373928e-07
3.014633767e-07
3.038314975e-07
3.117509773e-07
3.23939177e-07
3.509587638e-07
4.323234556e-07
2.175352437e-05
2.713479025e-05
3.198581284e-05
4.777692735e-05
6.882920254e-05
0.000108711797
0.0002105714116
0.0003667462312
0.000852211372
0.001467296746
0.002805612341
0.004503415386
0.005765641138
0.006096421712
0.006244902316
0.006775105128
0.005903216643
0.003168307861
0.0007504058425
0.0002019836334
3.521230865e-05
7.560030077e-06
1.610959146e-06
6.802527845e-07
5.552062365e-07
5.258777776e-07
5.067872479e-07
4.613860808e-07
3.965581716e-07
3.519780261e-07
3.274648746e-07
3.14941449e-07
3.080320185e-07
3.045426644e-07
3.029146694e-07
3.006785467e-07
3.003425969e-07
2.988674092e-07
2.987479426e-07
2.972562257e-07
2.977848578e-07
2.973133139e-07
3.000254742e-07
3.023840184e-07
3.101486707e-07
3.221081285e-07
3.486087965e-07
4.285494636e-07
4.67284032e-06
5.216109533e-06
6.47046861e-06
8.32427561e-06
1.174815837e-05
1.890606872e-05
3.553234502e-05
7.242225871e-05
0.0001527954054
0.0003251055826
0.0005867984738
0.001275184166
0.002109276875
0.003391764373
0.004253225854
0.004486374255
0.004644023327
0.004118492309
0.002587733032
0.000753735783
0.0002296889359
4.730431102e-05
1.06284692e-05
2.312681411e-06
7.971874255e-07
5.56258298e-07
5.095327211e-07
4.638373681e-07
4.018439487e-07
3.543444281e-07
3.276061071e-07
3.138195858e-07
3.071458736e-07
3.026207792e-07
3.009822651e-07
2.99394359e-07
2.985815102e-07
2.965133703e-07
2.965879746e-07
2.956500133e-07
2.962573267e-07
2.955771838e-07
2.979671849e-07
3.00246218e-07
3.078604304e-07
3.196311629e-07
3.456741567e-07
4.245056673e-07
1.12829331e-06
1.211316399e-06
1.338185974e-06
1.541399005e-06
1.901415781e-06
2.63718193e-06
4.403247247e-06
9.065826627e-06
2.14732799e-05
5.232660802e-05
0.0001166024971
0.0002341327444
0.0005126106317
0.0008676196017
0.001563256893
0.002412959173
0.002896929606
0.003109002007
0.002786254466
0.001999545897
0.0007916821359
0.0002458222373
4.666521168e-05
1.240661959e-05
3.294632944e-06
1.052310086e-06
5.943406728e-07
4.745981755e-07
4.054579214e-07
3.56119211e-07
3.276931389e-07
3.130470839e-07
3.047280154e-07
3.009673921e-07
2.989031056e-07
2.962353849e-07
2.960361423e-07
2.947415797e-07
2.944282614e-07
2.928245722e-07
2.933002053e-07
2.929650546e-07
2.955900444e-07
2.979281169e-07
3.054041329e-07
3.169613783e-07
3.424614726e-07
4.189455863e-07
6.408272432e-07
6.481471052e-07
6.613679326e-07
6.790584031e-07
7.08470842e-07
7.640295476e-07
8.897220899e-07
1.231265073e-06
2.273256575e-06
5.49018214e-06
1.452417688e-05
3.689950466e-05
8.717133552e-05
0.0001840677988
0.000326907226
0.0006765262641
0.001083737808
0.001599995511
0.001984524187
0.001848364092
0.00145522394
0.0008288861884
0.0002755099334
6.534961138e-05
2.036249946e-05
5.816538754e-06
1.682502208e-06
6.9701332e-07
4.544237546e-07
3.63343772e-07
3.287424937e-07
3.105712574e-07
3.030887133e-07
2.971272683e-07
2.953063359e-07
2.93878188e-07
2.925340901e-07
2.902396447e-07
2.903895829e-07
2.898511383e-07
2.904528539e-07
2.897039139e-07
2.917514126e-07
2.939824902e-07
3.012508387e-07
3.125294074e-07
3.373202116e-07
4.113699586e-07
5.528112554e-07
5.53787819e-07
5.552944231e-07
5.569626387e-07
5.595554853e-07
5.636834444e-07
5.686561845e-07
5.991000937e-07
6.563564657e-07
8.552918045e-07
1.540138729e-06
3.738584962e-06
1.013451473e-05
2.634231106e-05
6.129515627e-05
0.0001238593106
0.000263142745
0.0004236411485
0.0007181908654
0.001087197307
0.001200021902
0.00106021851
0.0007468592306
0.0003579563513
9.670723315e-05
2.63623487e-05
5.141458462e-06
1.804081829e-06
8.183519404e-07
4.546695095e-07
3.439701812e-07
3.10778933e-07
2.975800949e-07
2.943452815e-07
2.911791871e-07
2.877462684e-07
2.880084837e-07
2.869911534e-07
2.862518916e-07
2.843609188e-07
2.847460465e-07
2.847594703e-07
2.873107447e-07
2.89630129e-07
2.966374792e-07
3.075228466e-07
3.313191224e-07
4.015545518e-07
4.692668876e-07
4.700635709e-07
4.709269146e-07
4.721142084e-07
4.733622005e-07
4.751611925e-07
4.769567107e-07
4.800487732e-07
4.823481164e-07
4.986036674e-07
5.379048745e-07
6.720548883e-07
1.143031324e-06
2.668316952e-06
7.061841978e-06
1.798250299e-05
4.345340607e-05
8.859948746e-05
0.000155355573
0.0002977505094
0.0004481952118
0.0007040110973
0.0006630412629
0.000574002805
0.0003823864955
0.0001472340011
5.47600735e-05
1.558991259e-05
4.286474283e-06
1.216644776e-06
5.240435021e-07
3.459712353e-07
2.999134447e-07
2.859092504e-07
2.850118693e-07
2.836751919e-07
2.808468852e-07
2.784279826e-07
2.789106906e-07
2.789871368e-07
2.795312287e-07
2.785718016e-07
2.799967897e-07
2.821508455e-07
2.888153596e-07
2.991921288e-07
3.217055368e-07
3.919355643e-07
3.694122906e-07
3.699437492e-07
3.705452803e-07
3.71329948e-07
3.722081252e-07
3.733682609e-07
3.746577643e-07
3.763799207e-07
3.783029184e-07
3.807970204e-07
3.848653287e-07
3.892984685e-07
4.281406437e-07
5.201183586e-07
8.451129952e-07
1.880003551e-06
4.899217967e-06
1.223411969e-05
2.808569438e-05
5.478129908e-05
0.0001146746957
0.0001863845596
0.0003251079334
0.0004317950191
0.0004002786929
0.0003139103373
0.0001856048365
5.783992553e-05
1.851981888e-05
5.177374153e-06
1.738297781e-06
7.198565976e-07
3.884433287e-07
2.982690865e-07
2.764348967e-07
2.701686448e-07
2.7396046e-07
2.729336898e-07
2.710744431e-07
2.685584424e-07
2.689171962e-07
2.697407213e-07
2.722423525e-07
2.744428738e-07
2.806407174e-07
2.903456589e-07
3.112000988e-07
3.695064858e-07
2.970844524e-07
2.972704881e-07
2.975294487e-07
2.97799835e-07
2.981875058e-07
2.985838154e-07
2.991665027e-07
2.997536054e-07
3.006364717e-07
3.015178313e-07
3.028639204e-07
3.043362498e-07
3.058531065e-07
3.154772139e-07
3.33614645e-07
3.971164247e-07
6.188730147e-07
1.309476528e-06
3.260110796e-06
7.908391662e-06
1.878810614e-05
3.872990023e-05
6.924666286e-05
0.0001269573563
0.0002122440306
0.0002571845558
0.000234618181
0.0001789382287
9.287032478e-05
2.885681359e-05
1.019541314e-05
3.53162921e-06
1.293702466e-06
5.4678689e-07
3.280329459e-07
2.71835141e-07
2.573121877e-07
2.55632746e-07
2.589822675e-07
2.599631343e-07
2.599963966e-07
2.582372668e-07
2.589402843e-07
2.608598947e-07
2.665706438e-07
2.754260889e-07
2.942429203e-07
3.541789936e-07
2.643290218e-07
2.643812626e-07
2.644356942e-07
2.645140803e-07
2.645936711e-07
2.647118967e-07
2.648297176e-07
2.650094762e-07
2.651864466e-07
2.654633974e-07
2.657338115e-07
2.661698656e-07
2.665962058e-07
2.672576534e-07
2.686089551e-07
2.706439352e-07
2.858061753e-07
3.269319254e-07
4.706181963e-07
9.137557735e-07
2.183815909e-06
5.306583974e-06
1.218027402e-05
2.411374215e-05
4.94491231e-05
7.505521598e-05
0.0001338655135
0.0001514458034
0.0001362113095
9.805233904e-05
4.529441547e-05
1.731975604e-05
6.032678011e-06
2.047962473e-06
7.178222682e-07
3.733160832e-07
2.699697223e-07
2.519470016e-07
2.428258547e-07
2.408428452e-07
2.417775693e-07
2.446692358e-07
2.469345408e-07
2.487457224e-07
2.536855691e-07
2.61559709e-07
2.777960937e-07
3.315399636e-07
2.336159748e-07
2.336254439e-07
2.336380554e-07
2.336516622e-07
2.336706805e-07
2.336911788e-07
2.337198899e-07
2.337506516e-07
2.337945389e-07
2.338414089e-07
2.339097674e-07
2.339824452e-07
2.340919617e-07
2.34207195e-07
2.343869436e-07
2.346255885e-07
2.349110253e-07
2.378589094e-07
2.453452371e-07
2.736511442e-07
3.742822198e-07
6.942980253e-07
1.62422746e-06
3.898614975e-06
8.549854306e-06
1.839926677e-05
3.35821584e-05
5.710950123e-05
9.879980557e-05
9.089635029e-05
7.455323308e-05
3.599229271e-05
1.201734462e-05
3.4825367e-06
1.242038998e-06
4.473255183e-07
2.745687544e-07
2.300848305e-07
2.314837967e-07
2.29833428e-07
2.27586117e-07
2.234554464e-07
2.239964417e-07
2.256660783e-07
2.300509331e-07
2.367283119e-07
2.50360735e-07
2.950831601e-07
2.189258984e-07
2.189350685e-07
2.189469345e-07
2.189592123e-07
2.189761684e-07
2.189937417e-07
2.190177317e-07
2.190423885e-07
2.190764103e-07
2.191114666e-07
2.191601352e-07
2.192103973e-07
2.192805664e-07
2.193538014e-07
2.194560851e-07
2.195658224e-07
2.197189392e-07
2.19878819e-07
2.203898348e-07
2.206783143e-07
2.278320008e-07
2.53395328e-07
3.400890235e-07
6.153268567e-07
1.376113635e-06
3.188014559e-06
7.25750028e-06
1.338705513e-05
2.874018524e-05
5.677802632e-05
6.008375926e-05
5.155809211e-05
2.878543789e-05
8.243906159e-06
2.368020241e-06
8.639104144e-07
3.511058092e-07
2.24938366e-07
1.9896849e-07
1.949540054e-07
2.01371559e-07
2.079263527e-07
2.10671914e-07
2.122729544e-07
2.163500126e-07
2.223035362e-07
2.333118315e-07
2.72574421e-07
1.749989673e-07
1.750004116e-07
1.750022085e-07
1.750044417e-07
1.750072193e-07
1.750106649e-07
1.750149467e-07
1.750202573e-07
1.75026865e-07
1.75035069e-07
1.750453027e-07
1.75058038e-07
1.750739931e-07
1.750939274e-07
1.75119072e-07
1.75150674e-07
1.751910156e-07
1.752419867e-07
1.75312994e-07
1.754092005e-07
1.757086816e-07
1.770188945e-07
1.822311698e-07
2.020999812e-07
2.70251744e-07
4.74066058e-07
1.02681463e-06
2.278932549e-06
5.338809108e-06
1.152441172e-05
2.260982986e-05
2.967894722e-05
2.863263144e-05
2.139882517e-05
1.147897776e-05
5.036903049e-06
1.995882831e-06
7.738402571e-07
3.46563042e-07
2.165087435e-07
1.803256754e-07
1.723354823e-07
1.722607859e-07
1.733586527e-07
1.762100232e-07
1.804619316e-07
1.881649344e-07
2.129096849e-07
1.749983114e-07
1.749967792e-07
1.749950691e-07
1.749931586e-07
1.749910498e-07
1.749887464e-07
1.749861539e-07
1.749828843e-07
2.187627988e-07
2.187595638e-07
2.187522521e-07
2.187429519e-07
2.187315182e-07
2.187173935e-07
2.187001137e-07
2.331389828e-07
2.331362647e-07
2.331299002e-07
2.331219528e-07
2.331124589e-07
2.331012258e-07
2.330720045e-07
2.620593965e-07
2.62022201e-07
2.619813504e-07
2.619284684e-07
2.61869781e-07
2.617950273e-07
2.892577795e-07
2.891079757e-07
2.889115734e-07
2.886951995e-07
2.884167047e-07
3.502617374e-07
3.497978624e-07
3.492850634e-07
3.486225359e-07
4.394841898e-07
4.387370704e-07
4.379152825e-07
5.212862973e-07
5.204286291e-07
5.880758201e-07
9.033708396e-07
5.072839953e-07
5.037508466e-07
5.09699844e-07
5.076042355e-07
5.040801154e-07
4.940777143e-07
4.749224023e-07
5.200923052e-07
5.099471175e-07
5.079148274e-07
5.043479835e-07
4.943381945e-07
4.752008364e-07
5.206378625e-07
5.102497603e-07
5.081772365e-07
5.046217255e-07
4.945921942e-07
4.755126258e-07
4.229369483e-07
6.094288476e-07
5.211408522e-07
5.104576233e-07
5.084379654e-07
5.048473391e-07
4.948163422e-07
4.757577783e-07
4.231936462e-07
3.705107312e-07
6.119943589e-07
5.216400633e-07
5.107119613e-07
5.086618136e-07
5.050844909e-07
4.950388999e-07
4.760403544e-07
4.235632295e-07
3.707761316e-07
3.393440659e-07
6.135940059e-07
5.220497491e-07
5.108953e-07
5.088891694e-07
5.052820924e-07
4.95239165e-07
4.762643502e-07
4.238017077e-07
3.709525787e-07
3.394355192e-07
6.15053781e-07
5.225115259e-07
5.111179087e-07
5.090856681e-07
5.054931192e-07
4.954392134e-07
4.765266907e-07
4.241538057e-07
3.712090508e-07
3.395620489e-07
3.233475023e-07
1.176061952e-06
6.163990521e-07
5.228615484e-07
5.112813799e-07
5.092869128e-07
5.056680671e-07
4.956190152e-07
4.767294322e-07
4.24374078e-07
3.713753188e-07
3.396498076e-07
3.233721127e-07
3.153723313e-07
1.182891647e-06
6.176615632e-07
5.233112454e-07
5.114803128e-07
5.094635771e-07
5.058591692e-07
4.957999339e-07
4.769694344e-07
4.246991643e-07
3.716148231e-07
3.397681474e-07
3.234106873e-07
3.153613479e-07
3.112051479e-07
1.189260969e-06
6.189064071e-07
5.234816752e-07
5.116288748e-07
5.09648666e-07
5.060225652e-07
4.959680685e-07
4.771560591e-07
4.249022447e-07
3.717704413e-07
3.39850497e-07
3.234291162e-07
3.153364386e-07
3.111643039e-07
3.089486946e-07
1.23033454e-06
6.249961195e-07
5.243907396e-07
5.1179916e-07
5.098033469e-07
5.061838843e-07
4.96125303e-07
4.773723663e-07
4.252011715e-07
3.719946591e-07
3.399620031e-07
3.234684216e-07
3.153255517e-07
3.110988897e-07
3.088779116e-07
3.083618709e-07
3.073288754e-07
1.273444293e-06
6.313906792e-07
5.252472975e-07
5.120718917e-07
5.1000155e-07
5.064160746e-07
4.96425076e-07
4.778233656e-07
4.257700084e-07
3.723999528e-07
3.401622136e-07
3.235371952e-07
3.15321935e-07
3.110678512e-07
3.087804744e-07
3.082336572e-07
3.072079796e-07
3.077075754e-07
3.066624104e-07
1.3226616e-06
6.382942747e-07
5.264132788e-07
5.122326955e-07
5.101446624e-07
5.065771788e-07
4.965793302e-07
4.780256249e-07
4.260562581e-07
3.726171062e-07
3.402710706e-07
3.235761198e-07
3.153102751e-07
3.110026076e-07
3.087105833e-07
3.081284226e-07
3.070290341e-07
3.075064306e-07
3.064320976e-07
3.078409721e-07
3.075884785e-07
3.103321573e-07
1.375743884e-06
6.461966325e-07
5.277947089e-07
5.125465646e-07
5.103434828e-07
5.067950792e-07
4.968720963e-07
4.784832046e-07
4.266452714e-07
3.730476955e-07
3.404832056e-07
3.236510516e-07
3.15310332e-07
3.109732137e-07
3.086131321e-07
3.080007692e-07
3.069088249e-07
3.073202446e-07
3.0619517e-07
3.074911385e-07
3.071844439e-07
3.098825428e-07
3.112310214e-07
3.165439884e-07
3.223957976e-07
3.352456102e-07
3.557120787e-07
3.984497415e-07
5.147626508e-07
1.379106555e-06
6.469863341e-07
5.280686266e-07
5.126701211e-07
5.104981483e-07
5.069661351e-07
4.97031844e-07
4.786591359e-07
4.268804555e-07
3.73211897e-07
3.405670741e-07
3.236790974e-07
3.152937278e-07
3.109067466e-07
3.085430456e-07
3.078953008e-07
3.067291676e-07
3.071190286e-07
3.059605625e-07
3.072161007e-07
3.070084906e-07
3.094137927e-07
3.106915658e-07
3.158597905e-07
3.215537534e-07
3.341307319e-07
3.541399052e-07
3.95923136e-07
5.100211838e-07
1.383942084e-06
6.474808294e-07
5.283615323e-07
5.128595273e-07
5.106810531e-07
5.07113819e-07
4.971832393e-07
4.788429398e-07
4.270862528e-07
3.733910242e-07
3.406583663e-07
3.237034601e-07
3.152750275e-07
3.108665391e-07
3.084400699e-07
3.077647815e-07
3.066068618e-07
3.06930789e-07
3.057032883e-07
3.068701872e-07
3.066053429e-07
3.089681022e-07
3.101058254e-07
3.151089678e-07
3.205882335e-07
3.32855864e-07
3.523905899e-07
3.932254011e-07
5.05356918e-07
6.041736122e-06
1.38934985e-06
6.478690139e-07
5.28682621e-07
5.130068144e-07
5.108653561e-07
5.072833589e-07
4.973439122e-07
4.790201284e-07
4.273243776e-07
3.73556764e-07
3.407422724e-07
3.237315976e-07
3.152551885e-07
3.107985812e-07
3.08369007e-07
3.07658309e-07
3.064255295e-07
3.067298379e-07
3.054722053e-07
3.066012137e-07
3.060281493e-07
3.084946207e-07
3.095437545e-07
3.144294112e-07
3.197556754e-07
3.317576054e-07
3.508495231e-07
3.907676547e-07
5.007691456e-07
6.072966029e-06
1.395968609e-06
6.483845789e-07
5.290490559e-07
5.132365175e-07
5.110827436e-07
5.074543751e-07
4.975096055e-07
4.792104816e-07
4.275301647e-07
3.73736546e-07
3.408329835e-07
3.23755362e-07
3.152356687e-07
3.107574311e-07
3.082642752e-07
3.075265392e-07
3.063019457e-07
3.065380086e-07
3.052002537e-07
3.06258952e-07
3.057451069e-07
3.080565737e-07
3.087862159e-07
3.13682104e-07
3.187973424e-07
3.304963384e-07
3.491270477e-07
3.881315098e-07
4.962547658e-07
6.113019181e-06
1.404023863e-06
6.4925623e-07
5.294570957e-07
5.134208081e-07
5.113123445e-07
5.076627275e-07
4.976929249e-07
4.793978116e-07
4.277748186e-07
3.739043692e-07
3.409164901e-07
3.237831358e-07
3.152145526e-07
3.106874058e-07
3.081918324e-07
3.074186144e-07
3.061184361e-07
3.063382311e-07
3.049576924e-07
3.059933154e-07
3.054356242e-07
3.075810809e-07
3.081872894e-07
3.130073864e-07
3.179738539e-07
3.294141944e-07
3.476160928e-07
3.857401842e-07
4.918131703e-07
6.158647866e-06
1.414265321e-06
6.505124672e-07
5.299268825e-07
5.137307146e-07
5.115983339e-07
5.078717371e-07
4.978836525e-07
4.796030575e-07
4.279868186e-07
3.740891385e-07
3.410080067e-07
3.23806403e-07
3.151932903e-07
3.10644472e-07
3.080837527e-07
3.072840741e-07
3.059923138e-07
3.061404352e-07
3.046618648e-07
3.056505233e-07
3.050754159e-07
3.071418577e-07
3.076400678e-07
3.122627494e-07
3.170214799e-07
3.281652444e-07
3.459187855e-07
3.831625819e-07
4.874412559e-07
3.86027355e-05
6.21080941e-06
1.425840407e-06
6.521353719e-07
5.304374667e-07
5.13989201e-07
5.119184013e-07
5.081370635e-07
4.981014437e-07
4.798090667e-07
4.282488847e-07
3.742647588e-07
3.410925075e-07
3.238341155e-07
3.151705915e-07
3.105704499e-07
3.080084277e-07
3.071728317e-07
3.058042798e-07
3.059402851e-07
3.043639122e-07
3.053821519e-07
3.04652242e-07
3.066703945e-07
3.070928474e-07
3.115923335e-07
3.162056675e-07
3.270977342e-07
3.44436146e-07
3.808346897e-07
4.83138476e-07
3.85743413e-05
6.27515982e-06
1.438193823e-06
6.540030585e-07
5.310431638e-07
5.144589005e-07
5.123410486e-07
5.084188177e-07
4.983404175e-07
4.80045377e-07
4.284779068e-07
3.744625098e-07
3.411870707e-07
3.238567876e-07
3.151412929e-07
3.105239524e-07
3.078937556e-07
3.070324564e-07
3.056731245e-07
3.057340615e-07
3.040491918e-07
3.050330605e-07
3.04309831e-07
3.062011163e-07
3.065443086e-07
3.108482703e-07
3.152569592e-07
3.258587772e-07
3.427615242e-07
3.783120248e-07
4.789016565e-07
0.0001866222462
3.84559611e-05
6.350483558e-06
1.451076798e-06
6.560083222e-07
5.317220703e-07
5.148664858e-07
5.128411647e-07
5.088009435e-07
4.986292903e-07
4.802912054e-07
4.287783084e-07
3.746554196e-07
3.412743794e-07
3.238844896e-07
3.151158991e-07
3.104419582e-07
3.078125418e-07
3.069141705e-07
3.05475873e-07
3.055276012e-07
3.037340199e-07
3.047583428e-07
3.038907291e-07
3.057377159e-07
3.059952047e-07
3.101793552e-07
3.144461909e-07
3.248032713e-07
3.413044821e-07
3.76043927e-07
4.747302475e-07
0.002980465271
0.0007951160147
0.0001864115517
3.833164914e-05
6.43281638e-06
1.464108069e-06
6.580364103e-07
5.325373308e-07
5.156549524e-07
5.135346597e-07
5.092207858e-07
4.989626396e-07
4.805892944e-07
4.290423307e-07
3.74880487e-07
3.413825589e-07
3.239058591e-07
3.150767048e-07
3.103883236e-07
3.076849833e-07
3.067619738e-07
3.053347612e-07
3.05312237e-07
3.033954165e-07
3.043965772e-07
3.035474229e-07
3.053240592e-07
3.054574271e-07
3.094303945e-07
3.134968579e-07
3.235701955e-07
3.396486192e-07
3.735715845e-07
4.706209202e-07
0.01324176473
0.01276856284
0.008804203627
0.002985712427
0.0007903443689
0.0001860511788
3.815011841e-05
6.516587477e-06
1.476323576e-06
6.602917813e-07
5.337406325e-07
5.163617661e-07
5.143913769e-07
5.098125561e-07
4.993844388e-07
4.809095796e-07
4.29415205e-07
3.751044094e-07
3.414900752e-07
3.239328333e-07
3.150444642e-07
3.102899964e-07
3.075920997e-07
3.066295695e-07
3.05119791e-07
3.050827207e-07
3.030324789e-07
3.041078057e-07
3.031156704e-07
3.047742175e-07
3.048836874e-07
3.087577617e-07
3.126862815e-07
3.225221123e-07
3.382128441e-07
3.713584353e-07
4.665729916e-07
0.005478843448
0.007178696489
0.007504593943
0.006817455352
0.006240909698
0.00663480292
0.00775518595
0.00930732465
0.01103175441
0.01274029833
0.01367349129
0.01320997238
0.008927549556
0.003004597865
0.0007854463308
0.0001854523848
3.795490281e-05
6.581070049e-06
1.48679891e-06
6.627231134e-07
5.350594067e-07
5.177833947e-07
5.156175939e-07
5.104583233e-07
4.998848511e-07
4.813182289e-07
4.297388683e-07
3.753797241e-07
3.416223103e-07
3.239502403e-07
3.149975443e-07
3.102238516e-07
3.074398191e-07
3.064543102e-07
3.049587595e-07
3.04853525e-07
3.026890931e-07
3.037225063e-07
3.027618982e-07
3.043668534e-07
3.045868991e-07
3.07998942e-07
3.117286148e-07
3.212878284e-07
3.365693579e-07
3.689300929e-07
4.625829606e-07
0.005722862128
0.007257767716
0.009079231104
0.009491932579
0.008649866678
0.007712072931
0.008146556
0.009686376611
0.01175527782
0.01363293215
0.01459471158
0.01376143671
0.009094620766
0.003039671532
0.0007812271975
0.0001851698752
3.795732927e-05
6.637962846e-06
1.496443909e-06
6.661045042e-07
5.375265606e-07
5.190830929e-07
5.170422634e-07
5.114712074e-07
5.005256883e-07
4.817560442e-07
4.302261182e-07
3.75644707e-07
3.417423332e-07
3.239723335e-07
3.149511913e-07
3.100924717e-07
3.073248752e-07
3.062953554e-07
3.047130599e-07
3.046004843e-07
3.023401918e-07
3.034118793e-07
3.023075092e-07
3.037938694e-07
3.038099204e-07
3.073107438e-07
3.109104087e-07
3.2023968e-07
3.3514828e-07
3.667654198e-07
4.586500994e-07
0.005872068008
0.006937773118
0.008811078213
0.01062842696
0.0111260842
0.01027685547
0.009308867857
0.01011114773
0.01245502596
0.01503265227
0.01612205812
0.01453579263
0.009540312043
0.003138631451
0.0007836235976
0.0001856014326
3.806445076e-05
6.71298951e-06
1.507352143e-06
6.702033456e-07
5.397944384e-07
5.217316315e-07
5.190448276e-07
5.125446072e-07
5.012736111e-07
4.823215683e-07
4.306104849e-07
3.759849354e-07
3.418908248e-07
3.239753189e-07
3.148649486e-07
3.100051351e-07
3.071279173e-07
3.060785677e-07
3.045140833e-07
3.042731094e-07
3.019122546e-07
3.02985586e-07
3.019350499e-07
3.033636331e-07
3.029999993e-07
3.065244468e-07
3.099331066e-07
3.189935729e-07
3.335081838e-07
3.643731036e-07
4.547708943e-07
0.005742286546
0.006475918812
0.007900797242
0.009984872249
0.0117021605
0.01216601803
0.01135735399
0.0107208313
0.01209558182
0.01491344414
0.01702566924
0.01604144268
0.01022640291
0.003346346663
0.000799919139
0.0001876424992
3.840206669e-05
6.824668216e-06
1.523007229e-06
6.757646223e-07
5.446103678e-07
5.241817823e-07
5.212415352e-07
5.142093714e-07
5.021956037e-07
4.828787569e-07
4.312111662e-07
3.762581684e-07
3.420027473e-07
3.239601405e-07
3.147964533e-07
3.098150736e-07
3.0697457e-07
3.058744046e-07
3.04219164e-07
3.039380776e-07
3.015516579e-07
3.026380588e-07
3.014419451e-07
3.02745928e-07
3.026792305e-07
3.058171934e-07
3.090980383e-07
3.179354668e-07
3.320939932e-07
3.622498779e-07
4.50945291e-07
0.005152486657
0.005826592094
0.006941772871
0.008670278201
0.01077219489
0.01215249374
0.0123429479
0.01164540775
0.01159391975
0.01358569204
0.01633277623
0.01698364784
0.0120820318
0.003927205219
0.0008832279953
0.0001991348631
4.00582942e-05
7.100131525e-06
1.559597295e-06
6.847604162e-07
5.487999754e-07
5.291304057e-07
5.24203273e-07
5.156582631e-07
5.031740317e-07
4.835501893e-07
4.315276404e-07
3.765976889e-07
3.421202339e-07
3.239294632e-07
3.146393525e-07
3.096850275e-07
3.067054169e-07
3.055921609e-07
3.039574354e-07
3.035357905e-07
3.010083298e-07
3.021525325e-07
3.010349532e-07
3.02279821e-07
3.02046813e-07
3.049920621e-07
3.080896474e-07
3.166680755e-07
3.304494402e-07
3.598872099e-07
4.471710388e-07
0.003270008104
0.003959492602
0.00500197475
0.00655748273
0.008596917259
0.0107023762
0.01181982268
0.01173093913
0.01122438321
0.0117335838
0.01426295777
0.01634306589
0.01418628414
0.005162379924
0.001165132291
0.0002451784261
4.65745919e-05
7.963078262e-06
1.662330447e-06
7.024902286e-07
5.582319933e-07
5.331878625e-07
5.270993231e-07
5.178447416e-07
5.042520027e-07
4.840444705e-07
4.320527924e-07
3.766972109e-07
3.421100481e-07
3.23831709e-07
3.145097004e-07
3.093991449e-07
3.064911333e-07
3.053201476e-07
3.035710269e-07
3.031283693e-07
3.00654095e-07
3.017544586e-07
3.004798547e-07
3.016013198e-07
3.013115875e-07
3.042488884e-07
3.072304412e-07
3.155947314e-07
3.290381689e-07
3.578024937e-07
4.43448333e-07
0.001073797593
0.001331561626
0.001724606214
0.002380174905
0.00353020485
0.005355906081
0.00763136021
0.009757802354
0.01085784019
0.01076769228
0.01039683524
0.01114422579
0.01350928741
0.01386010505
0.009061719985
0.001975516711
0.0004330826675
7.676527717e-05
1.180512232e-05
2.076988937e-06
7.496458242e-07
5.653044846e-07
5.393424711e-07
5.30818505e-07
5.193626649e-07
5.052530237e-07
4.846658856e-07
4.320331878e-07
3.768969898e-07
3.42094298e-07
3.236687394e-07
3.141967375e-07
3.091768384e-07
3.060826765e-07
3.049133626e-07
3.032674408e-07
3.026111631e-07
3.000470549e-07
3.011644624e-07
2.999928116e-07
3.010670182e-07
3.006215865e-07
3.033525905e-07
3.061604574e-07
3.142803389e-07
3.273683411e-07
3.55454105e-07
4.397609083e-07
0.0003101477584
0.0003813182223
0.0005158815315
0.0007068763319
0.001117923916
0.00183649371
0.003379382126
0.005611893259
0.007860772625
0.009200082654
0.009326317937
0.009126532651
0.009810805894
0.01178708772
0.01042560797
0.004807977079
0.001013796965
0.0002232658846
3.700440961e-05
5.263456974e-06
1.072369696e-06
6.040625255e-07
5.426058066e-07
5.333119959e-07
5.221767151e-07
5.065905066e-07
4.854767372e-07
4.33431623e-07
3.772893789e-07
3.421615516e-07
3.234923376e-07
3.13961473e-07
3.086147165e-07
3.056770416e-07
3.044133661e-07
3.025324679e-07
3.020336953e-07
2.994352817e-07
3.005618557e-07
2.991837414e-07
3.001413168e-07
2.997234809e-07
3.024471728e-07
3.051630385e-07
3.130891862e-07
3.258716133e-07
3.533375056e-07
4.360661897e-07
7.566101679e-05
9.817959451e-05
0.0001202390895
0.00018444992
0.0002522490249
0.000510616948
0.0008451056817
0.001769242158
0.003196981762
0.005312230411
0.007035783724
0.007678229521
0.007619113447
0.008008008565
0.00912702892
0.007712460221
0.003013197867
0.0006532284991
0.0001597782572
3.010595998e-05
4.809598935e-06
1.038510128e-06
5.886944214e-07
5.381026624e-07
5.231723672e-07
5.078921229e-07
4.874935284e-07
4.35041879e-07
3.792187683e-07
3.428616961e-07
3.23397668e-07
3.133279233e-07
3.081523663e-07
3.047363751e-07
3.034974075e-07
3.018899075e-07
3.00921628e-07
2.982740625e-07
2.994258221e-07
2.983096811e-07
2.992480575e-07
2.986788236e-07
3.011441675e-07
3.037229165e-07
3.11445598e-07
3.239355137e-07
3.508155776e-07
4.323388777e-07
1.727076191e-05
1.974746532e-05
2.684739262e-05
3.428170682e-05
5.712228738e-05
9.198929886e-05
0.0001889688244
0.000344033373
0.0008026996301
0.001405679135
0.002695679505
0.004401467909
0.005664926457
0.005945695878
0.006112722928
0.00660073739
0.005530655191
0.002501493698
0.0005861656142
0.0001488595705
3.309836706e-05
6.35539301e-06
1.373676447e-06
6.317876105e-07
5.331207673e-07
5.084106993e-07
4.885751558e-07
4.391617785e-07
3.809138852e-07
3.434154416e-07
3.231483433e-07
3.128555921e-07
3.068797173e-07
3.03842511e-07
3.02373415e-07
3.002743159e-07
2.996984632e-07
2.974467028e-07
2.982363291e-07
2.967788165e-07
2.975996949e-07
2.971948846e-07
2.997439734e-07
3.022955804e-07
3.098680223e-07
3.221207392e-07
3.484814757e-07
4.285735759e-07
3.420635914e-06
4.124041407e-06
4.931774704e-06
6.372161413e-06
9.197527149e-06
1.531477128e-05
3.036080758e-05
6.500540017e-05
0.0001425203386
0.0003073351501
0.0005607890195
0.001224934474
0.00201940318
0.003282282084
0.004103105061
0.004323024227
0.004462649759
0.003849398133
0.00224904435
0.0006404091823
0.0001886909866
4.392784112e-05
9.781845131e-06
2.131143806e-06
7.524235777e-07
5.355071406e-07
4.913313729e-07
4.423679467e-07
3.853977436e-07
3.449853273e-07
3.230055971e-07
3.115043081e-07
3.059429162e-07
3.018980023e-07
3.005620078e-07
2.990140871e-07
2.980703233e-07
2.954010584e-07
2.961696584e-07
2.952351401e-07
2.960801749e-07
2.954784247e-07
2.977130135e-07
3.00188337e-07
3.076257115e-07
3.196828415e-07
3.455905393e-07
4.246102975e-07
9.473620954e-07
1.011713892e-06
1.107345743e-06
1.261610308e-06
1.54083581e-06
2.133276311e-06
3.634891777e-06
7.796496902e-06
1.926853846e-05
4.837094292e-05
0.000110034569
0.000223864085
0.0004883568701
0.0008301744126
0.001502119488
0.002317185734
0.002779235326
0.002956440634
0.002626002703
0.001845315228
0.0006999058273
0.000185174239
4.096107134e-05
1.000064033e-05
3.019272415e-06
9.883608679e-07
5.686433351e-07
4.501614834e-07
3.889005243e-07
3.461712283e-07
3.224774618e-07
3.105905222e-07
3.03410526e-07
3.00238424e-07
2.983655768e-07
2.959138544e-07
2.957260513e-07
2.939150118e-07
2.940139276e-07
2.924515707e-07
2.93169605e-07
2.929367146e-07
2.954092972e-07
2.979205722e-07
3.052243621e-07
3.170654514e-07
3.424434253e-07
4.191440379e-07
5.913991902e-07
6.005973882e-07
6.088681462e-07
6.228993663e-07
6.449577155e-07
6.876974422e-07
7.889715758e-07
1.079929077e-06
2.008612948e-06
4.964102214e-06
1.343298933e-05
3.465229456e-05
8.292186669e-05
0.0001748655699
0.0003111569978
0.0006445993331
0.001035838771
0.001518296061
0.001880005009
0.001731820096
0.001349647501
0.0007663311338
0.0002455238185
8.044646845e-05
2.102900956e-05
5.417435708e-06
1.527911389e-06
6.46544134e-07
4.294555956e-07
3.516760867e-07
3.226970732e-07
3.076667661e-07
3.016724391e-07
2.963498651e-07
2.949776945e-07
2.935504077e-07
2.922309408e-07
2.897103297e-07
2.901510517e-07
2.895827781e-07
2.903439973e-07
2.897039243e-07
2.916128966e-07
2.940314222e-07
3.011495872e-07
3.127071863e-07
3.373905239e-07
4.116727681e-07
5.220695316e-07
5.230006991e-07
5.241600361e-07
5.257161697e-07
5.278274381e-07
5.303252086e-07
5.384110322e-07
5.558730155e-07
6.088225596e-07
7.884300253e-07
1.420106144e-06
3.475938022e-06
9.525266675e-06
2.493773946e-05
5.859290449e-05
0.0001267723613
0.0002214553988
0.0004240752213
0.0006707247791
0.001039351908
0.001127879912
0.000996054692
0.0006999949747
0.000319812826
8.715282913e-05
2.549868223e-05
7.565646138e-06
1.951467106e-06
7.764774399e-07
4.317726671e-07
3.362949283e-07
3.072495952e-07
2.958595306e-07
2.935315729e-07
2.90611601e-07
2.876324572e-07
2.879548164e-07
2.867033074e-07
2.859821734e-07
2.841224729e-07
2.847240129e-07
2.848694382e-07
2.872864983e-07
2.897459391e-07
2.966107209e-07
3.077677619e-07
3.314722006e-07
4.019342793e-07
4.400959571e-07
4.408585986e-07
4.416613902e-07
4.427957182e-07
4.439589172e-07
4.45653399e-07
4.473598077e-07
4.501412653e-07
4.522428212e-07
4.668383381e-07
5.028165911e-07
6.272196062e-07
1.069294968e-06
2.510647685e-06
6.715863229e-06
1.744124108e-05
4.040702849e-05
8.474822317e-05
0.0001462753018
0.0002835879232
0.0004261046792
0.0006682192968
0.0006465441091
0.0005331702752
0.0003584399694
0.000134809562
4.641426175e-05
1.306544124e-05
3.756681024e-06
1.217993256e-06
5.152911247e-07
3.398810499e-07
2.973553162e-07
2.848068726e-07
2.847617447e-07
2.829484833e-07
2.806270824e-07
2.782829687e-07
2.789481287e-07
2.78903167e-07
2.795149048e-07
2.786825666e-07
2.800215931e-07
2.823338454e-07
2.888863424e-07
2.995251706e-07
3.219788374e-07
3.915223054e-07
3.50646359e-07
3.511194209e-07
3.516275304e-07
3.523293728e-07
3.530681379e-07
3.541105795e-07
3.551941424e-07
3.56748347e-07
3.583657197e-07
3.606182884e-07
3.641558513e-07
3.689722114e-07
4.028250483e-07
4.894289074e-07
7.982704866e-07
1.794018247e-06
4.62945162e-06
1.163858341e-05
2.655824718e-05
5.227940467e-05
0.0001081180113
0.0001761507734
0.0003047586191
0.0004094179961
0.0003815509186
0.0002991839035
0.0001743856007
5.565133577e-05
1.689642546e-05
4.291780968e-06
1.67390186e-06
7.009270063e-07
3.798677475e-07
2.953781437e-07
2.753555479e-07
2.704678287e-07
2.742071207e-07
2.729085038e-07
2.708892334e-07
2.685114886e-07
2.690508322e-07
2.700226799e-07
2.724015738e-07
2.74691178e-07
2.807898271e-07
2.907389711e-07
3.115000962e-07
3.745727894e-07
2.894091592e-07
2.89558575e-07
2.897654804e-07
2.899829065e-07
2.902929859e-07
2.906120985e-07
2.910794346e-07
2.915530238e-07
2.922644832e-07
2.929778295e-07
2.940633692e-07
2.95314683e-07
2.966092861e-07
3.053613371e-07
3.220153161e-07
3.820328728e-07
5.912936835e-07
1.24641608e-06
3.088744793e-06
7.506472928e-06
1.779440893e-05
3.505628225e-05
7.191796808e-05
0.0001120483433
0.0002042831921
0.000246368439
0.0002245012448
0.0001711633787
8.870630622e-05
2.88410211e-05
1.038553034e-05
3.594470121e-06
1.262695357e-06
5.254263065e-07
3.205223429e-07
2.702931556e-07
2.57001659e-07
2.563693766e-07
2.593626684e-07
2.600584413e-07
2.600386005e-07
2.584008511e-07
2.591419089e-07
2.611625671e-07
2.667994183e-07
2.758861859e-07
2.946572177e-07
3.543633656e-07
2.620901231e-07
2.621283236e-07
2.621693021e-07
2.622266465e-07
2.622868768e-07
2.623734298e-07
2.624629819e-07
2.625948742e-07
2.627299705e-07
2.629341325e-07
2.631413857e-07
2.634657878e-07
2.637936774e-07
2.642920384e-07
2.654396343e-07
2.671526146e-07
2.810913316e-07
3.196813882e-07
4.547031419e-07
8.727785529e-07
2.071261102e-06
4.973709764e-06
1.177914536e-05
2.375027443e-05
4.316507349e-05
7.581369701e-05
0.0001273154771
0.0001432378087
0.0001302701735
9.310511353e-05
4.229334969e-05
1.626318103e-05
5.721051574e-06
1.868172342e-06
7.086433117e-07
3.585416971e-07
2.666704052e-07
2.508790406e-07
2.428784474e-07
2.409842226e-07
2.421448806e-07
2.450990297e-07
2.472018501e-07
2.490629379e-07
2.539526796e-07
2.620186474e-07
2.78229614e-07
3.320796701e-07
2.331443536e-07
2.331509939e-07
2.331597771e-07
2.331692709e-07
2.331825998e-07
2.331970202e-07
2.332172021e-07
2.332389505e-07
2.332698997e-07
2.333032339e-07
2.333516227e-07
2.334035816e-07
2.334815114e-07
2.335640527e-07
2.336944613e-07
2.338615796e-07
2.340959884e-07
2.365717498e-07
2.435043197e-07
2.698975812e-07
3.641595167e-07
6.636357902e-07
1.547746712e-06
3.721510787e-06
8.352318709e-06
1.553364029e-05
3.326681962e-05
5.463169058e-05
9.543801423e-05
8.760781813e-05
7.214503808e-05
3.356097819e-05
1.054441255e-05
3.550998911e-06
9.773856673e-07
4.389497904e-07
2.685408867e-07
2.304731216e-07
2.315689151e-07
2.299846942e-07
2.272916716e-07
2.236874912e-07
2.242488309e-07
2.259669912e-07
2.302969013e-07
2.371605701e-07
2.507705967e-07
2.956647487e-07
2.187692359e-07
2.187766056e-07
2.187865443e-07
2.187966959e-07
2.188114203e-07
2.188264832e-07
2.188480134e-07
2.188695904e-07
2.188994914e-07
2.18929291e-07
2.189711653e-07
2.190126671e-07
2.190719275e-07
2.191308118e-07
2.19216249e-07
2.19302883e-07
2.194318822e-07
2.195678323e-07
2.199696384e-07
2.204829844e-07
2.25128286e-07
2.498007992e-07
3.306475994e-07
5.8921406e-07
1.31380107e-06
2.993118555e-06
6.240933505e-06
1.415753837e-05
2.578215372e-05
5.505994184e-05
5.854544757e-05
5.016296548e-05
2.803118781e-05
7.042653857e-06
2.582961883e-06
8.096601503e-07
3.345593658e-07
2.213237017e-07
1.986372224e-07
1.950256027e-07
2.020418253e-07
2.083712221e-07
2.109051886e-07
2.125337417e-07
2.165593829e-07
2.226529716e-07
2.336222523e-07
2.730254853e-07
1.749999044e-07
1.750017381e-07
1.750038406e-07
1.750062431e-07
1.750090146e-07
1.750121942e-07
1.750159571e-07
1.750207622e-07
1.750269203e-07
1.750347185e-07
1.750446423e-07
1.75057092e-07
1.750727964e-07
1.750922687e-07
1.751164655e-07
1.751461804e-07
1.751800977e-07
1.752229822e-07
1.752820682e-07
1.753683581e-07
1.755970702e-07
1.767629055e-07
1.81533128e-07
1.999450181e-07
2.637001684e-07
4.537828326e-07
9.432551932e-07
2.206937179e-06
4.971134976e-06
1.105503057e-05
2.165528889e-05
2.885752787e-05
2.786620116e-05
2.136411845e-05
1.106192864e-05
4.815869344e-06
1.884924232e-06
7.28501038e-07
3.317004437e-07
2.124974089e-07
1.792646986e-07
1.722770714e-07
1.722938034e-07
1.734238085e-07
1.762362428e-07
1.805782899e-07
1.882602352e-07
2.130423082e-07
1.749559901e-07
1.749545131e-07
1.749528527e-07
1.749509957e-07
1.749489396e-07
1.749466879e-07
1.749442563e-07
1.749416789e-07
2.188640469e-07
2.188613604e-07
2.188552811e-07
2.188474702e-07
2.188378149e-07
2.188258201e-07
2.188109313e-07
2.332155735e-07
2.332133566e-07
2.332081229e-07
2.332014885e-07
2.331934679e-07
2.331837981e-07
2.331723203e-07
2.615551319e-07
2.615232292e-07
2.614904855e-07
2.614453899e-07
2.613982255e-07
2.613347446e-07
2.857408155e-07
2.85611469e-07
2.854467543e-07
2.852603493e-07
2.850269346e-07
3.393448662e-07
3.389028913e-07
3.384697743e-07
4.207081283e-07
4.199662278e-07
4.995763779e-07
4.988055504e-07
5.573089149e-07
7.233711089e-07
5.232811597e-07
4.907139845e-07
4.839092903e-07
4.822502796e-07
0.01037679527
0.01103553791
0.0104697193
0.007762696094
0.002987433322
0.0008951345594
0.0002389543577
5.036330296e-05
9.195278109e-06
2.408578731e-06
7.858494709e-07
5.480695605e-07
4.94427247e-07
4.864075048e-07
4.840787111e-07
4.826332395e-07
4.79474166e-07
4.705833958e-07
0.0008523205979
0.001860684776
0.002828263239
0.003781368408
0.004810042058
0.00596371493
0.007270395531
0.008714518883
0.01022645035
0.0112755301
0.01103160377
0.009126011983
0.003853836263
0.001170469508
0.0003330499278
6.875628314e-05
1.265780579e-05
2.851692155e-06
9.323627516e-07
5.611833859e-07
4.984041368e-07
4.8801238e-07
4.858440446e-07
4.843188967e-07
4.811206874e-07
4.719834579e-07
4.511505989e-07
0.0008278782538
0.001782930016
0.002698106644
0.003604863301
0.00458999419
0.005703760808
0.006984178959
0.008443461211
0.01002619534
0.0113217075
0.01138055527
0.009964191376
0.004867422873
0.001487227037
0.0004018425556
0.0001015852371
1.680778775e-05
3.941639009e-06
1.032732402e-06
5.914520582e-07
5.019917869e-07
4.89805398e-07
4.870854994e-07
4.856976409e-07
4.826052813e-07
4.731954789e-07
4.524885047e-07
3.983824658e-07
0.0008113216449
0.001716674907
0.002590607328
0.003463052172
0.004413709868
0.00549341666
0.006746619463
0.008204585476
0.009826491289
0.01130526795
0.01162905913
0.01046758347
0.005823434486
0.00175474443
0.0004985812984
0.000115877958
2.076935448e-05
4.467050158e-06
1.232097556e-06
6.070983482e-07
5.083206157e-07
4.910239717e-07
4.882865615e-07
4.868315193e-07
4.836250144e-07
4.741070742e-07
4.534401925e-07
3.992593105e-07
3.562381341e-07
0.0008035809647
0.001658357922
0.002501331689
0.003347841543
0.004272142122
0.005324852452
0.006554310506
0.008003603208
0.00964725675
0.01127372521
0.01183353839
0.01083373943
0.006638960363
0.002112269677
0.0005559358471
0.0001415290468
2.455565325e-05
5.605560102e-06
1.33137867e-06
6.38933734e-07
5.11190471e-07
4.923654219e-07
4.891294252e-07
4.877692029e-07
4.845777966e-07
4.74889644e-07
4.543302154e-07
4.002080245e-07
3.567747024e-07
0.0008048849315
0.001605671324
0.002425869347
0.003252751307
0.004156962358
0.005188959017
0.006399470968
0.007837699579
0.009491002017
0.01121183995
0.01195313109
0.01111039109
0.007318395141
0.002434068608
0.0006430756843
0.0001538289629
2.842197719e-05
6.100894288e-06
1.525200545e-06
6.538366867e-07
5.168175426e-07
4.93295731e-07
4.899567227e-07
4.885449002e-07
4.852415763e-07
4.755014585e-07
4.549786183e-07
4.008292945e-07
3.571360853e-07
3.328085513e-07
0.0008157671883
0.001558578171
0.002363333447
0.003175223066
0.004063384432
0.005078694141
0.006273970013
0.007701154136
0.009356101283
0.01113413245
0.01207700153
0.01134119595
0.007878182106
0.002718783353
0.0007111610433
0.000174486509
3.163034235e-05
7.121061976e-06
1.610569234e-06
6.828371771e-07
5.192910296e-07
4.943004692e-07
4.90551022e-07
4.892151869e-07
4.859080794e-07
4.7604793e-07
4.556138491e-07
4.015131447e-07
3.575282149e-07
3.329707391e-07
0.000837560409
0.001526245564
0.002317457695
0.003115574267
0.003988343867
0.004988167204
0.006170568675
0.007588183882
0.009241460716
0.01105874674
0.01214303436
0.01152762715
0.008340071803
0.002967489973
0.000789057708
0.00019261922
3.526636542e-05
7.528630772e-06
1.77639477e-06
6.950611731e-07
5.239665767e-07
4.950038913e-07
4.911499445e-07
4.897831595e-07
4.863876071e-07
4.764993101e-07
4.560963208e-07
4.019805757e-07
3.578064041e-07
3.330913883e-07
0.0008686249476
0.001516181329
0.002293422939
0.003074509878
0.003929258873
0.00491217991
0.00608184879
0.007491485811
0.009145557159
0.01098900058
0.01218026281
0.01167837474
0.008718746252
0.003184137491
0.0008595611934
0.0002109483263
3.798575735e-05
8.362194125e-06
1.837880855e-06
7.188027906e-07
5.258792555e-07
4.957547462e-07
4.915826432e-07
4.90284879e-07
4.868845716e-07
4.769081956e-07
4.565853367e-07
4.02515071e-07
3.581198773e-07
3.332225279e-07
3.205521681e-07
0.0009029446131
0.001526317277
0.002288523106
0.003048985887
0.003882756094
0.004847422466
0.006005460421
0.007409745324
0.009065886105
0.01092695256
0.01220680853
0.01179847668
0.009030582349
0.003371939856
0.0009211129682
0.0002226891412
4.139268009e-05
8.685120172e-06
1.966253865e-06
7.273399054e-07
5.295441132e-07
4.962797048e-07
4.920257213e-07
4.907145846e-07
4.872451947e-07
4.77254598e-07
4.569606533e-07
4.02883674e-07
3.583451498e-07
3.333218214e-07
3.205883646e-07
0.0009325876765
0.001547707858
0.002291972912
0.003032041242
0.003844561773
0.004791568656
0.005939265081
0.007340196236
0.00899997199
0.01087325068
0.01222584702
0.01189645714
0.009285676139
0.003534268341
0.000970185712
0.0002380260379
4.368560245e-05
8.988242365e-06
1.999308004e-06
7.452922661e-07
5.309019611e-07
4.968477168e-07
4.923467985e-07
4.911016654e-07
4.87631298e-07
4.775740755e-07
4.573541377e-07
4.033210985e-07
3.586092988e-07
3.33434789e-07
3.206055159e-07
0.000949239359
0.001561506884
0.002293286441
0.003016133115
0.003810929322
0.004743402245
0.005881514744
0.007279367224
0.008944258372
0.01082755377
0.01223945907
0.01197548169
0.009496039823
0.003673642563
0.001011165228
0.0002508049845
4.606499116e-05
9.403156489e-06
2.08883865e-06
7.50462616e-07
5.336944728e-07
4.972418098e-07
4.926826612e-07
4.914382159e-07
4.879148352e-07
4.778522501e-07
4.576600014e-07
4.036263983e-07
3.587989701e-07
3.335189186e-07
3.206337305e-07
3.142397257e-07
0.0009480915034
0.001563827187
0.002283142317
0.002996590182
0.003780629889
0.004702678197
0.005830567746
0.007223579763
0.008893503713
0.01078807993
0.0122488022
0.01203923267
0.009668417935
0.003793009224
0.001046839568
0.0002613421871
4.827335721e-05
9.497583528e-06
2.099690241e-06
7.635965223e-07
5.346389778e-07
4.976838999e-07
4.929268649e-07
4.917468447e-07
4.882281607e-07
4.781138099e-07
4.579915284e-07
4.040047029e-07
3.590347212e-07
3.336223331e-07
3.206490856e-07
3.142135891e-07
0.0009263655892
0.001531347906
0.0022532734
0.00297295117
0.003755402966
0.004669416437
0.005784982226
0.007169881381
0.00884255725
0.01075137153
0.01225421944
0.01209045732
0.009807672098
0.003896613489
0.001077859061
0.0002702028259
5.036582506e-05
9.712899116e-06
2.160463878e-06
7.666347542e-07
5.367865949e-07
4.979892582e-07
4.931903222e-07
4.92018617e-07
4.884614561e-07
4.783474187e-07
4.582526118e-07
4.042654837e-07
3.592009233e-07
3.336979788e-07
3.206709344e-07
3.141831355e-07
3.108397353e-07
0.0008875448574
0.001464932213
0.002211573526
0.002950560455
0.003737862054
0.00464338868
0.005743679321
0.007116563183
0.008789244472
0.01071253571
0.01225512026
0.01213126954
0.009921044784
0.003985723493
0.001104660611
0.0002776459068
5.294698596e-05
9.850529425e-06
2.161830748e-06
7.76474081e-07
5.374920974e-07
4.983487667e-07
4.933833255e-07
4.922726226e-07
4.887262459e-07
4.785711975e-07
4.585444571e-07
4.046107898e-07
3.594200622e-07
3.337961255e-07
3.206865635e-07
3.141585428e-07
3.107630162e-07
0.0008408000224
0.001359013789
0.002163087823
0.002933523806
0.00373217231
0.004623775632
0.005706030269
0.00706325506
0.008732892331
0.01066814289
0.01224965806
0.01216381135
0.01001389764
0.004061806351
0.001127472766
0.0002816417009
5.546270659e-05
9.967345359e-06
2.205855252e-06
7.786636528e-07
5.392214759e-07
4.986063671e-07
4.935996805e-07
4.924997603e-07
4.889252238e-07
4.78775592e-07
4.58777137e-07
4.048439005e-07
3.595761378e-07
3.338690878e-07
3.207043279e-07
3.141299258e-07
3.107179773e-07
3.088574094e-07
0.0008005222078
0.001225381167
0.002116355515
0.002930248475
0.003735371836
0.004609315919
0.005671698747
0.007011255186
0.008675279326
0.010619253
0.01223542246
0.01218893866
0.01009003738
0.004126447611
0.001147022699
0.0002866064217
5.698503115e-05
1.006410439e-05
2.205877853e-06
7.865210126e-07
5.398973824e-07
4.989146933e-07
4.937602496e-07
4.927161294e-07
4.891567108e-07
4.789745461e-07
4.590440866e-07
4.051692264e-07
3.597855392e-07
3.339649095e-07
3.207241468e-07
3.141069424e-07
3.106436532e-07
3.087774151e-07
0.0007806878087
0.001084299038
0.002079900559
0.00293635784
0.003743700951
0.004599673991
0.005640481443
0.006961901191
0.008618321818
0.01056853409
0.01221244312
0.0122055242
0.01015199798
0.004181023773
0.001163525611
0.0002921488949
5.828634778e-05
1.014506228e-05
2.24097246e-06
7.886669189e-07
5.410823627e-07
4.991442342e-07
4.93946827e-07
4.929125489e-07
4.893316572e-07
4.791597867e-07
4.592592271e-07
4.053905829e-07
3.599376506e-07
3.340378937e-07
3.207410786e-07
3.140802203e-07
3.106003346e-07
3.086736654e-07
3.08401107e-07
0.0007970018149
0.000982576957
0.002064013897
0.002953153672
0.003758349423
0.004594531145
0.005612210115
0.006916083568
0.008564080417
0.01051893385
0.01218484425
0.01221349166
0.01020202903
0.004227116498
0.001177833892
0.000296217636
5.999550085e-05
1.021289686e-05
2.247123943e-06
7.952612155e-07
5.41709769e-07
4.99424878e-07
4.940864448e-07
4.931016361e-07
4.895383233e-07
4.793408157e-07
4.595089396e-07
4.057013021e-07
3.601414619e-07
3.341330705e-07
3.207641242e-07
3.140591356e-07
3.105287678e-07
3.085962522e-07
3.082821261e-07
0.0008607983726
0.0009241267413
0.002079897585
0.00298517256
0.003779597349
0.004593161761
0.005586756192
0.006874307423
0.008514034405
0.01047267368
0.01215598982
0.01221438441
0.01024185983
0.004266387011
0.001190726014
0.0003008266915
6.147815105e-05
1.026916972e-05
2.271931531e-06
7.975580146e-07
5.42279212e-07
4.996324355e-07
4.942512916e-07
4.932739184e-07
4.896927118e-07
4.795087247e-07
4.597054035e-07
4.059071614e-07
3.602857185e-07
3.342034841e-07
3.207801302e-07
3.140339951e-07
3.104874004e-07
3.084959197e-07
3.081602875e-07
3.073474907e-07
0.000968692426
0.0009564256337
0.002140900511
0.003032659838
0.003806053369
0.004593799573
0.005564136809
0.006836985463
0.00846922576
0.01043184772
0.01212933866
0.01221500259
0.01027613789
0.004303045564
0.001200080748
0.0003030975143
6.248097715e-05
1.031648305e-05
2.283790726e-06
7.996659377e-07
5.428064309e-07
4.999094686e-07
4.943767825e-07
4.934436555e-07
4.898797399e-07
4.796732505e-07
4.599343029e-07
4.061953987e-07
3.604766539e-07
3.342932065e-07
3.20805033e-07
3.140130041e-07
3.104172855e-07
3.084203413e-07
3.080436296e-07
3.071915202e-07
3.077490038e-07
0.001118362199
0.001142287587
0.002257425469
0.003094166005
0.003835948831
0.004594978554
0.005539577244
0.006794104929
0.008415328437
0.01038340686
0.01209704398
0.01221959103
0.01032396385
0.004351449426
0.001196349945
0.0003038164325
6.309835715e-05
1.038135372e-05
2.296436988e-06
8.017936708e-07
5.433174272e-07
5.000477902e-07
4.945286691e-07
4.936012805e-07
4.900226106e-07
4.79830289e-07
4.601158661e-07
4.063864388e-07
3.606125291e-07
3.343601017e-07
3.208139495e-07
3.139879419e-07
3.103763542e-07
3.083207739e-07
3.079228026e-07
3.070426958e-07
3.075566436e-07
3.067717421e-07
0.001277948708
0.001433381875
0.002366330523
0.003138732513
0.003854506429
0.004595273058
0.005484861431
0.006689720235
0.008260284435
0.01019313698
0.01202883578
0.01221601059
0.0105388071
0.004685915458
0.001293598925
0.0003226677973
6.813288786e-05
1.114859495e-05
2.397510057e-06
8.173888288e-07
5.457218796e-07
5.003858003e-07
4.946375481e-07
4.937505776e-07
4.901821406e-07
4.799747603e-07
4.603233299e-07
4.066535264e-07
3.60792056e-07
3.344454086e-07
3.208407405e-07
3.139671621e-07
3.103073827e-07
3.082465228e-07
3.078075467e-07
3.068879731e-07
3.073590651e-07
3.065994137e-07
3.080513814e-07
0.0007845796636
0.001348103887
0.002399362109
0.003158858141
0.003865748131
0.00459893495
0.005464374791
0.006638883779
0.008187851497
0.01009126212
0.01196582918
0.0122138626
0.01065759837
0.00497877244
0.00138634444
0.0003457873275
7.227683078e-05
1.198830297e-05
2.503943185e-06
8.339941315e-07
5.483106467e-07
5.009305427e-07
4.94826365e-07
4.939082142e-07
4.903881775e-07
4.802537081e-07
4.60750915e-07
4.071537368e-07
3.611161469e-07
3.345989351e-07
3.20886871e-07
3.139586443e-07
3.102744465e-07
3.081511565e-07
3.076895399e-07
3.067415922e-07
3.071679171e-07
3.063018841e-07
3.077060246e-07
3.077529079e-07
3.102039676e-07
0.0008814541524
0.00137845359
0.002393674087
0.003162387638
0.00386944165
0.004601007648
0.005456487718
0.006610659968
0.008148502998
0.01003245073
0.01192408289
0.01221379066
0.0107440746
0.005252296389
0.001486343507
0.0003689477246
7.916976384e-05
1.290001378e-05
2.630129974e-06
8.518869133e-07
5.509817493e-07
5.012925939e-07
4.949297403e-07
4.940481063e-07
4.905441233e-07
4.803923779e-07
4.60943311e-07
4.074110928e-07
3.612904398e-07
3.346826799e-07
3.209133885e-07
3.1393744e-07
3.102062986e-07
3.080780109e-07
3.075753195e-07
3.065876988e-07
3.069713727e-07
3.06124867e-07
3.0743466e-07
3.073592015e-07
3.096748177e-07
3.116611939e-07
3.167262076e-07
0.001453706289
0.002319794311
0.003121775515
0.003854582946
0.004594484325
0.005452193025
0.006601929869
0.008134755513
0.01000808786
0.01190515441
0.01222390639
0.01081735723
0.005489408485
0.001596825345
0.0004016431741
8.562737751e-05
1.386861421e-05
2.772462909e-06
8.732635249e-07
5.541490854e-07
5.020166208e-07
4.951307507e-07
4.942054814e-07
4.907383928e-07
4.806650622e-07
4.613750981e-07
4.079279083e-07
3.616328467e-07
3.348431751e-07
3.209655554e-07
3.139310391e-07
3.101740328e-07
3.079829305e-07
3.074577539e-07
3.064417633e-07
3.067808189e-07
3.058271252e-07
3.070963139e-07
3.071894863e-07
3.092904613e-07
3.110923276e-07
3.159612925e-07
3.223423083e-07
3.347246534e-07
3.556847598e-07
3.981575136e-07
5.147105932e-07
0.001253831518
0.002133720896
0.00300216304
0.003794057639
0.004571274363
0.005453266471
0.006608507558
0.008144783137
0.01002300283
0.01191916775
0.01225376251
0.0108391129
0.005498349879
0.001597862303
0.0004023312333
8.642895957e-05
1.387487313e-05
2.782388174e-06
8.753637861e-07
5.546948338e-07
5.021874726e-07
4.952364512e-07
4.943579525e-07
4.909015306e-07
4.808061023e-07
4.615453645e-07
4.081458573e-07
3.617690256e-07
3.349137587e-07
3.209806799e-07
3.139088466e-07
3.101054721e-07
3.079098092e-07
3.07343316e-07
3.062873972e-07
3.06584359e-07
3.056547493e-07
3.068307849e-07
3.067491497e-07
3.087612527e-07
3.105371406e-07
3.153061216e-07
3.215069061e-07
3.336117121e-07
3.54114556e-07
3.956371535e-07
5.099720491e-07
0.001456264746
0.002130270575
0.002964485501
0.003766950663
0.00455907724
0.005453225088
0.006621926129
0.008166590389
0.0100569283
0.01193411342
0.01227164138
0.01084943122
0.005499909066
0.001598349534
0.0004029203446
8.727596877e-05
1.394051029e-05
2.80030112e-06
8.780514694e-07
5.552412697e-07
5.023525524e-07
4.953985941e-07
4.945140551e-07
4.910305797e-07
4.80944554e-07
4.617177679e-07
4.083367986e-07
3.619205111e-07
3.34983816e-07
3.209969894e-07
3.138843526e-07
3.100647798e-07
3.078077232e-07
3.072233775e-07
3.061396387e-07
3.063936823e-07
3.053577195e-07
3.064959951e-07
3.062009511e-07
3.083770739e-07
3.09971215e-07
3.145467731e-07
3.205381809e-07
3.323420437e-07
3.52367205e-07
3.929462734e-07
5.053106148e-07
0.00166973454
0.002214254524
0.002944522449
0.003741913621
0.004546269703
0.005454014337
0.006635458286
0.008186080497
0.01008779474
0.0119479307
0.01228777911
0.01085895485
0.00550134376
0.001598543358
0.0004035737687
8.819750715e-05
1.403880876e-05
2.823118198e-06
8.812448282e-07
5.557484828e-07
5.025515766e-07
4.955267204e-07
4.946825783e-07
4.911954581e-07
4.810862266e-07
4.618891364e-07
4.085584894e-07
3.620579119e-07
3.350550931e-07
3.210118516e-07
3.138614118e-07
3.099950128e-07
3.077390618e-07
3.071078626e-07
3.059839388e-07
3.061966962e-07
3.051888461e-07
3.062319356e-07
3.058677278e-07
3.078513229e-07
3.094200301e-07
3.13896317e-07
3.197123752e-07
3.31245668e-07
3.50828051e-07
3.904945983e-07
5.007255816e-07
0.001869944298
0.00233484688
0.00295245987
0.003725359432
0.00453560476
0.005458710824
0.006655448822
0.008209989498
0.01012261025
0.01196219862
0.0123076704
0.01087136907
0.005503357708
0.001598369631
0.0004043364088
8.907172744e-05
1.413741213e-05
2.848873725e-06
8.850076593e-07
5.563111408e-07
5.027394457e-07
4.957243393e-07
4.948744316e-07
4.913433958e-07
4.812347648e-07
4.620646889e-07
4.087497501e-07
3.622100307e-07
3.351249728e-07
3.210275901e-07
3.138361355e-07
3.099536297e-07
3.076329713e-07
3.069868803e-07
3.058352519e-07
3.060056562e-07
3.048936408e-07
3.05900002e-07
3.056232859e-07
3.074700389e-07
3.088563447e-07
3.131411351e-07
3.187510956e-07
3.299896058e-07
3.491074898e-07
3.878651122e-07
4.962138652e-07
0.002073282879
0.002486353947
0.003025309053
0.003725116565
0.004531904942
0.005472854115
0.006685261695
0.008245921251
0.01016676047
0.01197870996
0.01233320612
0.01088777213
0.005504626056
0.001597663436
0.0004048547909
8.990973829e-05
1.421057997e-05
2.876826638e-06
8.891446649e-07
5.569473702e-07
5.029861128e-07
4.958862436e-07
4.950923248e-07
4.915438015e-07
4.813923692e-07
4.622427291e-07
4.089771646e-07
3.623487676e-07
3.351966639e-07
3.210418146e-07
3.138120359e-07
3.098821262e-07
3.075632818e-07
3.068698044e-07
3.056777107e-07
3.058074001e-07
3.047302112e-07
3.056395993e-07
3.051966586e-07
3.069437755e-07
3.083101936e-07
3.124936925e-07
3.179344979e-07
3.289092599e-07
3.475984473e-07
3.854796971e-07
4.917748593e-07
0.002300976309
0.002670306941
0.003154641365
0.003782289524
0.004557930559
0.005508577618
0.006733030146
0.008301276073
0.01022689635
0.01200082498
0.01236728551
0.01090980111
0.005504617403
0.001596403539
0.000404839716
9.060982403e-05
1.433150176e-05
2.906579463e-06
8.936310849e-07
5.577128031e-07
5.03229457e-07
4.961541462e-07
4.953430387e-07
4.917236947e-07
4.815606771e-07
4.624284031e-07
4.09173925e-07
3.625050505e-07
3.352675955e-07
3.210570056e-07
3.137852497e-07
3.098392405e-07
3.074542145e-07
3.06746389e-07
3.055267675e-07
3.056143932e-07
3.044372857e-07
3.053095979e-07
3.048687218e-07
3.065630502e-07
3.077462833e-07
3.117419133e-07
3.169794663e-07
3.276655412e-07
3.459030846e-07
3.829086188e-07
4.874054791e-07
0.002573219528
0.002888820835
0.003329605804
0.003911631976
0.004647262703
0.005587746274
0.006813967641
0.008387215663
0.01031172284
0.012033504
0.01241532266
0.01094104844
0.005504245991
0.00159486053
0.0004047224029
9.116794451e-05
1.463025844e-05
2.938573095e-06
8.982541064e-07
5.586350793e-07
5.035763546e-07
4.963843732e-07
4.956453121e-07
4.919788177e-07
4.817449641e-07
4.626215044e-07
4.094165537e-07
3.626493583e-07
3.35341451e-07
3.210705114e-07
3.1375897e-07
3.097640765e-07
3.073820732e-07
3.066258456e-07
3.053652928e-07
3.054126536e-07
3.042772558e-07
3.05048099e-07
3.044634508e-07
3.06035938e-07
3.072080454e-07
3.110943958e-07
3.161707041e-07
3.265998057e-07
3.444224499e-07
3.805864973e-07
4.831051832e-07
0.002963328035
0.00315590786
0.003541870156
0.004095566832
0.004815058002
0.005739587349
0.006953554131
0.008521351579
0.01043135204
0.01208357407
0.01248393386
0.01098757705
0.005502824522
0.001592555448
0.0004044673868
9.144217839e-05
1.516752822e-05
2.971782775e-06
9.030277182e-07
5.596252515e-07
5.039310617e-07
4.967935857e-07
4.960113179e-07
4.922207135e-07
4.819533575e-07
4.628306446e-07
4.096279366e-07
3.6281645e-07
3.354154237e-07
3.210849017e-07
3.137290711e-07
3.097179923e-07
3.072668697e-07
3.064971954e-07
3.052094105e-07
3.052148745e-07
3.039785168e-07
3.047114703e-07
3.041513355e-07
3.056546367e-07
3.066388788e-07
3.103435058e-07
3.152196386e-07
3.253662239e-07
3.427499074e-07
3.78070331e-07
4.788708225e-07
0.003550600613
0.003516721204
0.00378508228
0.004318718149
0.005050590863
0.005987020093
0.007189653468
0.008735302491
0.01060406302
0.01216247381
0.0125840337
0.011057872
0.005503194303
0.00158802179
0.0004041797267
9.157378416e-05
1.575977586e-05
3.003076832e-06
9.077110642e-07
5.609178234e-07
5.044769266e-07
4.971619301e-07
4.964798684e-07
4.925890671e-07
4.821939517e-07
4.630574417e-07
4.099036413e-07
3.629732026e-07
3.354940896e-07
3.210970509e-07
3.136983773e-07
3.096352972e-07
3.071894491e-07
3.063694095e-07
3.050399773e-07
3.050061273e-07
3.038124403e-07
3.044401334e-07
3.037427005e-07
3.051223397e-07
3.061041388e-07
3.096935046e-07
3.144161528e-07
3.243126201e-07
3.412950759e-07
3.758079159e-07
4.747018573e-07
0.004412410458
0.004261635297
0.004174754801
0.004566851998
0.005318354676
0.006309377766
0.007533931175
0.00904475596
0.0108377994
0.01229762737
0.01272956139
0.0111675926
0.005506167521
0.001584370285
0.0004036100911
9.15592698e-05
1.624388962e-05
3.03348935e-06
9.124593142e-07
5.620658698e-07
5.050532812e-07
4.978543564e-07
4.970691445e-07
4.929531206e-07
4.824820048e-07
4.63314891e-07
4.101449586e-07
3.631626968e-07
3.355741349e-07
3.211097046e-07
3.136614188e-07
3.095826744e-07
3.070619983e-07
3.062301594e-07
3.048740098e-07
3.047983107e-07
3.034951605e-07
3.040878834e-07
3.034209896e-07
3.047358721e-07
3.055346347e-07
3.08939398e-07
3.134648639e-07
3.230852979e-07
3.396415834e-07
3.733421991e-07
4.705949937e-07
0.005147001957
0.005533244748
0.005111678845
0.005023250579
0.005602383582
0.006638871146
0.007957319255
0.009486058705
0.01119206491
0.01255564978
0.01297255377
0.01135012515
0.005521076008
0.001577550699
0.0004026178407
9.157449095e-05
1.661563292e-05
3.068864337e-06
9.173556337e-07
5.641165851e-07
5.059957953e-07
4.984999544e-07
4.978473559e-07
4.935342651e-07
4.828280237e-07
4.636063188e-07
4.104833659e-07
3.633422538e-07
3.356613583e-07
3.211186313e-07
3.136231983e-07
3.094844693e-07
3.069738944e-07
3.060879481e-07
3.046893949e-07
3.045750961e-07
3.033150994e-07
3.038003207e-07
3.029928706e-07
3.041906008e-07
3.04985097e-07
3.082810514e-07
3.126620126e-07
3.220395054e-07
3.382083887e-07
3.711347887e-07
4.665495697e-07
0.005561173236
0.007084214359
0.007033108797
0.006275403276
0.006126124053
0.006897983869
0.008269110593
0.00993312515
0.01164300365
0.01299154752
0.01338963594
0.01159867148
0.005552314143
0.00157743043
0.0004007849448
9.153139246e-05
1.686531996e-05
3.102822573e-06
9.224280435e-07
5.656854564e-07
5.070229226e-07
4.99755958e-07
4.988340384e-07
4.941150974e-07
4.832590937e-07
4.63951427e-07
4.107762687e-07
3.635717581e-07
3.357510107e-07
3.211267365e-07
3.135693181e-07
3.094199525e-07
3.068227634e-07
3.059281533e-07
3.045036375e-07
3.043470918e-07
3.029666611e-07
3.03424226e-07
3.026549873e-07
3.037919022e-07
3.043627476e-07
3.075168873e-07
3.117030735e-07
3.208117369e-07
3.365678277e-07
3.687134005e-07
4.625621344e-07
0.005828916245
0.007575251012
0.009064705533
0.008885160318
0.007781247935
0.007457064667
0.008484914383
0.01036277543
0.01244001371
0.01391747581
0.01421373607
0.01204643499
0.005645956148
0.001586542887
0.00039987586
9.16129344e-05
1.702732472e-05
3.132213138e-06
9.279788706e-07
5.691370434e-07
5.08748738e-07
5.009499269e-07
5.001406956e-07
4.950573874e-07
4.837818092e-07
4.64346728e-07
4.112138098e-07
3.637829399e-07
3.358483629e-07
3.21123968e-07
3.135199816e-07
3.092904959e-07
3.067143476e-07
3.057589384e-07
3.042906355e-07
3.040970922e-07
3.027661252e-07
3.031133892e-07
3.021979954e-07
3.032220375e-07
3.037215826e-07
3.068434052e-07
3.108932454e-07
3.197668717e-07
3.351499768e-07
3.665548133e-07
4.586319979e-07
0.005989645348
0.007298724844
0.009199189737
0.01068862207
0.01051376676
0.009348513396
0.009118715705
0.01070906443
0.01330355231
0.01534321915
0.01549916708
0.01271343437
0.005847076872
0.001600559755
0.0004012810146
9.198622393e-05
1.719018476e-05
3.165568404e-06
9.345304167e-07
5.720576569e-07
5.106747784e-07
5.033014779e-07
5.017479647e-07
4.959639987e-07
4.844285241e-07
4.648135821e-07
4.115592273e-07
3.640600791e-07
3.359428205e-07
3.211087e-07
3.134296119e-07
3.09205833e-07
3.065204686e-07
3.055623874e-07
3.040692136e-07
3.038341565e-07
3.02368736e-07
3.027004392e-07
3.018347046e-07
3.027998798e-07
3.032549568e-07
3.060592543e-07
3.099156575e-07
3.185289052e-07
3.335138152e-07
3.641700823e-07
4.547557207e-07
0.005858749574
0.006788315949
0.008482417992
0.01046090601
0.01172216624
0.01149640817
0.01050717544
0.01075101129
0.01295027406
0.01567070664
0.01685704349
0.01403784815
0.006482202547
0.001735049442
0.0004092633795
9.322549415e-05
1.75022596e-05
3.218430166e-06
9.44481564e-07
5.777086588e-07
5.139123409e-07
5.055564997e-07
5.038029517e-07
4.97414899e-07
4.851750998e-07
4.653168626e-07
4.120929454e-07
3.642803369e-07
3.360335487e-07
3.210866382e-07
3.1335874e-07
3.090194975e-07
3.063767861e-07
3.05347451e-07
3.038116271e-07
3.035275621e-07
3.021389372e-07
3.023540579e-07
3.013311733e-07
3.021876178e-07
3.026036458e-07
3.053646476e-07
3.090892785e-07
3.174765733e-07
3.321039826e-07
3.620537461e-07
4.509333145e-07
0.005297049973
0.006111884182
0.007441499997
0.00933911297
0.01121521607
0.01207548982
0.01176091374
0.01096179555
0.01179684167
0.01458968692
0.01661531706
0.01559373788
0.007496131035
0.001879460006
0.0004500563477
9.932987169e-05
1.852022712e-05
3.366222659e-06
9.657588076e-07
5.845949307e-07
5.176410707e-07
5.099713884e-07
5.061328344e-07
4.986335041e-07
4.860275882e-07
4.658469855e-07
4.123747095e-07
3.645402755e-07
3.360881746e-07
3.210418976e-07
3.132035335e-07
3.08898767e-07
3.061144492e-07
3.050936475e-07
3.035255571e-07
3.032110136e-07
3.016716535e-07
3.01887377e-07
3.009290075e-07
3.01732858e-07
3.01968519e-07
3.045376765e-07
3.080827068e-07
3.162197848e-07
3.304651387e-07
3.596998094e-07
4.471626369e-07
0.003481155938
0.00429852469
0.005528925897
0.007268892243
0.00933820166
0.01108756295
0.01155315757
0.01114021258
0.01078354672
0.01209788553
0.01505106684
0.01551084908
0.01069654093
0.003025945092
0.0005981484987
0.0001221665014
2.177148483e-05
3.771552473e-06
1.016493426e-06
5.966319882e-07
5.235729517e-07
5.134234975e-07
5.089341316e-07
5.00542424e-07
4.868827006e-07
4.662978563e-07
4.128289939e-07
3.646243401e-07
3.360520699e-07
3.209386181e-07
3.130719599e-07
3.086209967e-07
3.059153513e-07
3.048108464e-07
3.031608422e-07
3.028254502e-07
3.014004989e-07
3.014919319e-07
3.003617366e-07
3.010640398e-07
3.01290972e-07
3.038191209e-07
3.072338035e-07
3.151555636e-07
3.290601741e-07
3.576233956e-07
4.43443996e-07
0.00144204098
0.001930243537
0.002768808331
0.004187937649
0.006197509879
0.008390678442
0.01012855423
0.0105689119
0.01024400995
0.01016167199
0.01157123463
0.01400637069
0.01233454719
0.004905189117
0.001145615671
0.0002222055305
3.656827205e-05
5.528775608e-06
1.200813648e-06
6.204236904e-07
5.324195418e-07
5.190873705e-07
5.117121527e-07
5.017902772e-07
4.877882511e-07
4.667404409e-07
4.128006112e-07
3.647396511e-07
3.360120509e-07
3.207655361e-07
3.127835689e-07
3.084166849e-07
3.055205119e-07
3.044478506e-07
3.02891773e-07
3.024613286e-07
3.008032596e-07
3.009238242e-07
2.998869037e-07
3.005454888e-07
3.006380367e-07
3.029271916e-07
3.061695277e-07
3.13855679e-07
3.273990953e-07
3.552858089e-07
4.397611902e-07
0.0004228305025
0.0005578144623
0.0008552667193
0.001319300156
0.002357781494
0.004175804633
0.006439093131
0.00835848213
0.009108774683
0.008939367566
0.008913944351
0.009982586244
0.01144017779
0.009113607688
0.002471662869
0.0006066634569
0.0001190919327
1.838034583e-05
2.710321888e-06
7.687302729e-07
5.508785678e-07
5.210983687e-07
5.148061781e-07
5.043565043e-07
4.888833485e-07
4.676259058e-07
4.141365351e-07
3.650934238e-07
3.360447822e-07
3.205676738e-07
3.125231612e-07
3.078694944e-07
3.051428114e-07
3.039278337e-07
3.021528064e-07
3.018475628e-07
3.003721996e-07
3.003283132e-07
2.990723989e-07
2.996375691e-07
2.997643006e-07
3.020527291e-07
3.051860386e-07
3.126789708e-07
3.259120062e-07
3.531802645e-07
4.360720513e-07
9.865005251e-05
0.0001435283788
0.0001897121135
0.0003511847742
0.0005537184275
0.00121440032
0.002072672159
0.003911988903
0.005905193639
0.007202698937
0.007424010495
0.007391618965
0.008042519794
0.008557165441
0.006398748166
0.001703256831
0.0004549362353
9.726061912e-05
1.73084936e-05
2.818334065e-06
7.808717849e-07
5.465099289e-07
5.163510739e-07
5.050044984e-07
4.902847195e-07
4.694497801e-07
4.157309735e-07
3.66653027e-07
3.364981756e-07
3.204167231e-07
3.119338004e-07
3.074382107e-07
3.042245532e-07
3.031059589e-07
3.015699264e-07
3.009627766e-07
2.991608758e-07
2.992468447e-07
2.982341553e-07
2.987716814e-07
2.987252392e-07
3.007569382e-07
3.037557505e-07
3.110582551e-07
3.239896731e-07
3.506730836e-07
4.323513694e-07
1.792603907e-05
2.093745217e-05
3.01098403e-05
4.20654102e-05
6.583265147e-05
0.0001226801336
0.0002264993022
0.0004914745918
0.0008809971241
0.001821339289
0.00316119091
0.004761960659
0.005644247273
0.005753879512
0.006039981448
0.00597789192
0.004588914344
0.001407927836
0.0003251330788
8.547909237e-05
1.905993574e-05
3.77280242e-06
9.792252754e-07
5.687048888e-07
5.108391527e-07
4.907378079e-07
4.71050099e-07
4.199343322e-07
3.681991596e-07
3.369598828e-07
3.201136106e-07
3.11393347e-07
3.061880311e-07
3.033861276e-07
3.019248252e-07
2.999334203e-07
2.996862167e-07
2.982840373e-07
2.980655131e-07
2.96699444e-07
2.971551906e-07
2.9726105e-07
2.994020942e-07
3.023473384e-07
3.09505044e-07
3.22189704e-07
3.483542784e-07
4.285939495e-07
3.404220397e-06
4.057456502e-06
5.042477074e-06
6.804322981e-06
1.040320363e-05
1.887631242e-05
3.878450123e-05
8.613496328e-05
0.0001828725784
0.0003537313959
0.0007856935729
0.001296576223
0.002322326642
0.003453969464
0.003998765699
0.004243005939
0.004052614413
0.003304833413
0.001463030581
0.0003562222659
0.0001098398641
1.969171276e-05
5.114924027e-06
1.351875675e-06
6.280158738e-07
5.059554805e-07
4.73264043e-07
4.224783948e-07
3.714148437e-07
3.378573853e-07
3.197490656e-07
3.101499937e-07
3.053056552e-07
3.014850378e-07
3.003023971e-07
2.987993021e-07
2.979286733e-07
2.959826923e-07
2.960930616e-07
2.952231206e-07
2.956813567e-07
2.955538152e-07
2.973925197e-07
3.002653424e-07
3.073086388e-07
3.197878845e-07
3.455058583e-07
4.247071423e-07
8.658389782e-07
9.309789588e-07
1.032098726e-06
1.203877603e-06
1.537811497e-06
2.311039588e-06
4.367276631e-06
1.017136083e-05
2.555343648e-05
6.202708466e-05
0.000139342847
0.0002747724869
0.0005677600282
0.0009240241058
0.001625973278
0.002365357704
0.002761116992
0.002730048123
0.002326491014
0.001440569628
0.0004288258226
0.0001431112584
3.691470995e-05
8.788391093e-06
2.168135181e-06
7.859004428e-07
5.222621426e-07
4.323001656e-07
3.764068759e-07
3.393794722e-07
3.191829453e-07
3.090144325e-07
3.028063366e-07
2.99915317e-07
2.979807324e-07
2.956640801e-07
2.956262337e-07
2.943709114e-07
2.939123196e-07
2.92445512e-07
2.928341175e-07
2.930660872e-07
2.951703731e-07
2.980414542e-07
3.049642479e-07
3.172196348e-07
3.424213263e-07
4.193302626e-07
5.600579888e-07
5.682050817e-07
5.76302012e-07
5.892577696e-07
6.125895399e-07
6.625234508e-07
7.934077359e-07
1.195458279e-06
2.492510774e-06
6.50531992e-06
1.761838322e-05
4.410409208e-05
9.979534497e-05
0.0001932593452
0.000397318388
0.0006397984777
0.001113062039
0.001503462479
0.001746558191
0.001564850014
0.001151875228
0.0005467424573
0.0001486772824
4.131801298e-05
1.196587702e-05
3.329608075e-06
1.08738635e-06
5.045307455e-07
3.824691552e-07
3.404425765e-07
3.185122658e-07
3.066401528e-07
3.011122117e-07
2.961023822e-07
2.949670167e-07
2.935278424e-07
2.920545504e-07
2.899646624e-07
2.902281693e-07
2.896777815e-07
2.900745261e-07
2.898415584e-07
2.914182022e-07
2.941965331e-07
3.009707873e-07
3.129301248e-07
3.374554645e-07
4.119587625e-07
5.003491005e-07
5.011762088e-07
5.023337059e-07
5.036975698e-07
5.058541355e-07
5.078052784e-07
5.183785708e-07
5.406166362e-07
6.104953052e-07
8.597104551e-07
1.721515758e-06
4.42433477e-06
1.193626502e-05
2.973758334e-05
6.769962412e-05
0.0001386375155
0.0002439186774
0.0004312742921
0.0006726683907
0.00102957073
0.0009864020598
0.0008514136209
0.0005807087721
0.0002338108418
7.507676188e-05
2.121729146e-05
5.404111087e-06
1.471150484e-06
6.356220228e-07
3.967943476e-07
3.272649112e-07
3.045947334e-07
2.953857081e-07
2.933599789e-07
2.902768147e-07
2.874403485e-07
2.879937132e-07
2.869304843e-07
2.859255401e-07
2.842443471e-07
2.845594195e-07
2.851082085e-07
2.872042241e-07
2.899685369e-07
2.965116816e-07
3.080538373e-07
3.316107023e-07
4.034334794e-07
4.212772152e-07
4.220426201e-07
4.227791293e-07
4.239295366e-07
4.249808442e-07
4.267164353e-07
4.282246789e-07
4.312618629e-07
4.325915498e-07
4.531163508e-07
4.984218904e-07
6.629472952e-07
1.231355222e-06
2.994373618e-06
7.873078698e-06
1.970174925e-05
4.427826499e-05
8.280450579e-05
0.0001709017136
0.0002774618119
0.0004663381773
0.0006264639773
0.0005736388813
0.0004649639466
0.0002805940754
9.272286764e-05
2.598923418e-05
7.26132174e-06
2.600646793e-06
8.349051126e-07
4.484523378e-07
3.274162627e-07
2.948778904e-07
2.845187593e-07
2.851673253e-07
2.836398043e-07
2.805154826e-07
2.785086909e-07
2.792352136e-07
2.791653326e-07
2.794042037e-07
2.7886556e-07
2.80024449e-07
2.826055567e-07
2.888896603e-07
2.998931475e-07
3.222467095e-07
3.889610129e-07
3.396642341e-07
3.401231557e-07
3.405360591e-07
3.412283417e-07
3.418185134e-07
3.428596654e-07
3.43716138e-07
3.452808475e-07
3.465682336e-07
3.487858071e-07
3.525411087e-07
3.611279267e-07
3.958237849e-07
5.035591625e-07
8.705798479e-07
2.002702422e-06
5.113578882e-06
1.226929548e-05
2.873324508e-05
5.479721341e-05
0.0001114060134
0.0001733016309
0.00030940485
0.0003742663311
0.0003423387698
0.0002632652431
0.0001438918659
4.342218614e-05
1.556239971e-05
4.647032539e-06
1.532834124e-06
6.246741425e-07
3.604301792e-07
2.916443681e-07
2.745522684e-07
2.715424369e-07
2.745163435e-07
2.731964709e-07
2.708308437e-07
2.687755199e-07
2.691332119e-07
2.704143484e-07
2.724843264e-07
2.750201961e-07
2.808816912e-07
2.91162916e-07
3.118241263e-07
3.755601747e-07
2.858674213e-07
2.859968081e-07
2.861694495e-07
2.863582862e-07
2.86617191e-07
2.868947165e-07
2.872865163e-07
2.87697975e-07
2.882991295e-07
2.889174794e-07
2.898376396e-07
2.909965308e-07
2.924645015e-07
3.012343089e-07
3.202163984e-07
3.884894573e-07
6.203902821e-07
1.317420407e-06
3.283268894e-06
7.900674401e-06
1.849236985e-05
3.677102484e-05
6.634195048e-05
0.0001145698245
0.0001931340835
0.0002231312854
0.0002007501286
0.0001485899496
7.068206697e-05
2.115555784e-05
6.783019327e-06
2.582757773e-06
1.033561046e-06
4.730230397e-07
3.092530066e-07
2.679000928e-07
2.569815307e-07
2.573068842e-07
2.600008431e-07
2.604559885e-07
2.60100635e-07
2.586019715e-07
2.59304585e-07
2.615152664e-07
2.669767608e-07
2.763702221e-07
2.950771192e-07
3.547013937e-07
2.6157955e-07
2.616125233e-07
2.616447276e-07
2.61694512e-07
2.617414709e-07
2.618169203e-07
2.618864397e-07
2.620016692e-07
2.621064307e-07
2.622849799e-07
2.624458926e-07
2.627297514e-07
2.629884651e-07
2.634194238e-07
2.645862608e-07
2.667502184e-07
2.809419491e-07
3.222235549e-07
4.650470885e-07
9.016403229e-07
2.138598336e-06
5.074748697e-06
1.1550878e-05
2.217580863e-05
4.484696131e-05
6.784316615e-05
0.0001223547096
0.0001313802765
0.0001144104677
8.335758906e-05
3.65957056e-05
1.377211769e-05
4.640416331e-06
1.597181504e-06
5.934106737e-07
3.390580463e-07
2.638299026e-07
2.497860729e-07
2.431135431e-07
2.413975743e-07
2.426755019e-07
2.455278171e-07
2.474193316e-07
2.494000643e-07
2.541904751e-07
2.6249963e-07
2.78657994e-07
3.326583404e-07
2.332199062e-07
2.332257567e-07
2.332324594e-07
2.332410653e-07
2.332513589e-07
2.332645445e-07
2.332802241e-07
2.333001744e-07
2.333243623e-07
2.333550221e-07
2.333931211e-07
2.334408093e-07
2.335028314e-07
2.335780139e-07
2.336825e-07
2.33844811e-07
2.340607965e-07
2.366006014e-07
2.437865671e-07
2.71025308e-07
3.675651168e-07
6.674010959e-07
1.529665816e-06
3.577716327e-06
7.789594807e-06
1.635431313e-05
2.988875737e-05
5.148995758e-05
8.695236667e-05
8.170485264e-05
6.365762679e-05
2.780363813e-05
9.78161882e-06
2.750310763e-06
1.012272437e-06
3.926171488e-07
2.601285349e-07
2.30934414e-07
2.318375691e-07
2.304063767e-07
2.271186325e-07
2.239133402e-07
2.244621281e-07
2.262883887e-07
2.305108344e-07
2.376096666e-07
2.511730878e-07
2.961713943e-07
2.188693181e-07
2.188757748e-07
2.188841723e-07
2.188931238e-07
2.189056681e-07
2.189190422e-07
2.189375193e-07
2.189569399e-07
2.189841593e-07
2.190122042e-07
2.19050229e-07
2.190890668e-07
2.191427599e-07
2.191972986e-07
2.192746166e-07
2.193539759e-07
2.194674858e-07
2.196298074e-07
2.198123511e-07
2.212683868e-07
2.232233526e-07
2.514826129e-07
3.294581897e-07
5.748878754e-07
1.251656446e-06
2.877188061e-06
6.37153163e-06
1.179802378e-05
2.550106273e-05
5.038960324e-05
5.601833914e-05
4.585056951e-05
2.338440376e-05
7.031312905e-06
2.079736066e-06
7.215618061e-07
3.142807158e-07
2.175359758e-07
1.983619323e-07
1.953051958e-07
2.029294903e-07
2.088106074e-07
2.110891703e-07
2.128123771e-07
2.167409452e-07
2.230243135e-07
2.339279543e-07
2.732993664e-07
1.749574977e-07
1.749592214e-07
1.749612025e-07
1.74963466e-07
1.749660852e-07
1.74969084e-07
1.749725866e-07
1.749766104e-07
1.749814744e-07
1.749877671e-07
1.749959667e-07
1.750064201e-07
1.750198827e-07
1.750367799e-07
1.750581697e-07
1.750847617e-07
1.751128916e-07
1.751495262e-07
1.751973847e-07
1.752860923e-07
1.754709145e-07
1.766651197e-07
1.813107489e-07
1.988542263e-07
2.587951258e-07
4.388212901e-07
9.167168879e-07
2.001656632e-06
4.67984886e-06
1.06297607e-05
1.798532065e-05
2.746823409e-05
2.55747509e-05
1.942634084e-05
1.008701495e-05
4.329884859e-06
1.685241324e-06
6.591787737e-07
3.111010343e-07
2.074534786e-07
1.781920602e-07
1.722141768e-07
1.722970385e-07
1.734934763e-07
1.762495107e-07
1.807080119e-07
1.883580825e-07
2.130538471e-07
1.749769811e-07
1.749751234e-07
1.749730144e-07
1.749706154e-07
1.74967905e-07
1.749648629e-07
1.749614786e-07
1.749577593e-07
2.189568433e-07
2.189547052e-07
2.18949853e-07
2.189435235e-07
2.189356298e-07
2.189257647e-07
2.189135228e-07
2.332606537e-07
2.332588543e-07
2.332548907e-07
2.332497534e-07
2.332434471e-07
2.33235702e-07
2.332262921e-07
2.607922667e-07
2.607679888e-07
2.607422993e-07
2.607079838e-07
2.606711728e-07
2.606228718e-07
2.816899907e-07
2.815828851e-07
2.814490844e-07
2.812953576e-07
2.811060638e-07
3.283234514e-07
3.27932656e-07
3.275519659e-07
4.013625395e-07
4.006741224e-07
4.784110126e-07
5.336484731e-07
0.001378431515
0.00344713119
0.00484392499
0.006080811094
0.007241664555
0.008307809146
0.009212336103
0.009657803373
0.009322393943
0.007462719892
0.002877114074
0.0008561563396
0.0003188326445
6.169801753e-05
1.489937997e-05
3.038261914e-06
1.014979761e-06
5.586730889e-07
4.93028848e-07
4.719999656e-07
4.652600332e-07
4.630941111e-07
4.614976765e-07
4.598751256e-07
0.001181552296
0.002892486971
0.004311015611
0.005560870954
0.006767049887
0.007930472988
0.009011372335
0.009816380952
0.009852060105
0.008808884148
0.005058640516
0.001700845706
0.0005050535383
0.0001589815109
2.794992269e-05
5.846740996e-06
1.487107701e-06
6.941245207e-07
5.079141121e-07
4.771036914e-07
4.691644662e-07
4.655108126e-07
4.649221522e-07
4.633340783e-07
4.592917638e-07
4.511572726e-07
0.001076799753
0.002563792771
0.003902270978
0.005111475263
0.006321779325
0.007540603483
0.008728421504
0.009776878148
0.01020341238
0.00962808614
0.006999961513
0.002640329132
0.0009057395489
0.0002252900835
6.310819113e-05
1.068142953e-05
2.247133849e-06
7.866332625e-07
5.440961699e-07
4.824570757e-07
4.720942533e-07
4.687883256e-07
4.67234984e-07
4.659896674e-07
4.62462219e-07
4.538311048e-07
4.289070036e-07
3.779481734e-07
0.001002392004
0.002327161947
0.003571075696
0.00472822765
0.005922414808
0.007170839104
0.008431695063
0.009657706973
0.01045513077
0.01028000493
0.008687406946
0.003855266627
0.001129983004
0.0003809211324
8.426344343e-05
1.67951613e-05
3.270771452e-06
1.060656949e-06
5.671872908e-07
4.930880421e-07
4.750080509e-07
4.705075763e-07
4.695980442e-07
4.682930879e-07
4.648368559e-07
4.557657235e-07
4.309929835e-07
3.794443223e-07
3.452556518e-07
0.0009439040809
0.002148085157
0.003291989273
0.004397840899
0.005556294505
0.006802026995
0.008118415707
0.00945987689
0.01055307268
0.01064905333
0.009524176631
0.005278207536
0.001682625451
0.0004600699992
0.0001316583904
2.319536098e-05
4.50417013e-06
1.214077122e-06
6.242943345e-07
4.987043852e-07
4.774318363e-07
4.727627936e-07
4.711335485e-07
4.700909623e-07
4.669539241e-07
4.57481766e-07
4.32805886e-07
3.811015402e-07
3.460982541e-07
3.275407444e-07
0.0009013882598
0.0020245215
0.003096308923
0.004142814085
0.005256414012
0.006480898273
0.007822305113
0.009238420292
0.01053000666
0.01095799296
0.0101143085
0.006555757489
0.002254914159
0.0006357698176
0.0001571927426
3.356560043e-05
5.991796809e-06
1.614274922e-06
6.565669756e-07
5.113222654e-07
4.798193462e-07
4.739922332e-07
4.727478754e-07
4.716191516e-07
4.683825208e-07
4.587751338e-07
4.34181922e-07
3.821609627e-07
3.466339554e-07
3.277443947e-07
0.0008697917735
0.001934393099
0.002950971224
0.003948299972
0.005021120179
0.006218396114
0.007562444631
0.009023834525
0.01046764887
0.01114145852
0.01058498717
0.007599389117
0.002835296202
0.0007820476989
0.0002060489352
4.107667802e-05
7.551123966e-06
1.818909798e-06
7.310700692e-07
5.177466429e-07
4.819605811e-07
4.755661545e-07
4.737742006e-07
4.728379866e-07
4.697193354e-07
4.598896105e-07
4.353941932e-07
3.833106752e-07
3.472303068e-07
3.279616962e-07
3.181457915e-07
0.0008481381933
0.001866625119
0.002842666369
0.003802316803
0.004842003456
0.006013086621
0.007346981826
0.008825854635
0.01035761971
0.01131796035
0.01096549374
0.008485335606
0.003367680244
0.0009640917524
0.0002416645172
5.071153964e-05
9.211732414e-06
2.289425054e-06
7.708663588e-07
5.313132142e-07
4.839609006e-07
4.764552292e-07
4.748740893e-07
4.738482026e-07
4.706143716e-07
4.607490005e-07
4.363062447e-07
3.84047251e-07
3.476153515e-07
3.281132151e-07
3.181602901e-07
0.0008354884757
0.001810531648
0.002755271583
0.003687485201
0.004700290638
0.005846513565
0.00716376955
0.008651524233
0.01024052479
0.01139613035
0.01124181254
0.009225534934
0.003883964492
0.001130999463
0.0002897094544
6.156489991e-05
1.096213918e-05
2.535854117e-06
8.530780526e-07
5.380581233e-07
4.858386455e-07
4.775538364e-07
4.75563858e-07
4.74673248e-07
4.714745934e-07
4.614721441e-07
4.371256632e-07
3.848355549e-07
3.480302525e-07
3.282679621e-07
3.181946429e-07
0.0008309860833
0.001760752534
0.002681849238
0.003593227429
0.004584378675
0.005709176316
0.007009985485
0.008501745513
0.01012795774
0.01143004908
0.01142673235
0.009780717488
0.004378544497
0.001276271012
0.0003388790299
7.316146579e-05
1.278601215e-05
3.024442262e-06
8.959250371e-07
5.511782996e-07
4.874167203e-07
4.781904475e-07
4.763195951e-07
4.7535433e-07
4.720618008e-07
4.620534056e-07
4.377142119e-07
3.853594673e-07
3.483116493e-07
3.283814692e-07
3.182087542e-07
3.131897765e-07
0.0008343245308
0.001714799764
0.002618784287
0.003514088462
0.00448794461
0.005595392482
0.006882510658
0.008375148792
0.01002586859
0.01144042871
0.01157680223
0.01013400122
0.004863021236
0.001414085373
0.0003819489023
8.794981775e-05
1.467734496e-05
3.292955954e-06
9.757303431e-07
5.575218763e-07
4.890029772e-07
4.789662653e-07
4.768019791e-07
4.759430716e-07
4.726653344e-07
4.625618215e-07
4.382917619e-07
3.859336209e-07
3.486174361e-07
3.284952187e-07
3.182280544e-07
3.131481848e-07
0.0008458217809
0.001673419255
0.002565251869
0.003447554044
0.004406878054
0.005500193885
0.006776770256
0.008269216545
0.009936378925
0.01143837599
0.01169586226
0.0103821582
0.005289527133
0.001547870502
0.0004184545769
9.941919113e-05
1.65637443e-05
3.755068812e-06
1.015445548e-06
5.691293659e-07
4.902806296e-07
4.79430248e-07
4.773480943e-07
4.764371453e-07
4.730938618e-07
4.629949679e-07
4.387486916e-07
3.863329214e-07
3.488365734e-07
3.285841176e-07
3.182370412e-07
3.131068086e-07
0.0008660058833
0.001644105104
0.002524189217
0.003393298906
0.004338392777
0.005419438894
0.006688608196
0.008181064703
0.009859577061
0.01143047345
0.01178932595
0.01056607963
0.005649725715
0.001673737414
0.000448707746
0.0001094196282
1.852463065e-05
4.010219949e-06
1.084701299e-06
5.743324559e-07
4.921208146e-07
4.799972669e-07
4.776987701e-07
4.768774077e-07
4.735456058e-07
4.633789513e-07
4.392103558e-07
3.867880611e-07
3.490839151e-07
3.286770257e-07
3.182447342e-07
3.130679672e-07
3.104069936e-07
0.0008930390307
0.001633964931
0.002498264476
0.003350801428
0.004280020254
0.00534971546
0.006614460497
0.008108329959
0.009794555003
0.01141997319
0.01186258994
0.01070689113
0.005948214657
0.001787099662
0.0004728360275
0.0001176068987
2.078950171e-05
4.40594375e-06
1.115456796e-06
5.837718564e-07
4.930103217e-07
4.803441428e-07
4.781048143e-07
4.772481199e-07
4.73870042e-07
4.637146943e-07
4.395767091e-07
3.871076903e-07
3.49263832e-07
3.287506262e-07
3.182514726e-07
3.130292278e-07
3.103542486e-07
0.0009209473586
0.001638192194
0.002484689805
0.003317227099
0.004229172686
0.005288389334
0.006551171399
0.008047996883
0.009739958556
0.0114075238
0.01192003385
0.01081600442
0.006194034955
0.001885964295
0.0004989763555
0.0001203851386
2.30799607e-05
4.588091444e-06
1.169931765e-06
5.8758228e-07
4.946144421e-07
4.807716895e-07
4.783687742e-07
4.775880875e-07
4.742213757e-07
4.640171902e-07
4.399498639e-07
3.874859052e-07
3.494748648e-07
3.288319862e-07
3.182576277e-07
3.129926764e-07
3.102660492e-07
0.0009438429934
0.001648139748
0.002475972451
0.003288259147
0.004183791297
0.005233709005
0.006495662533
0.007996137817
0.009694069238
0.01139172672
0.01196501209
0.0109027412
0.006396263337
0.001970124409
0.0005098208117
0.0001261423588
2.402790165e-05
4.881927038e-06
1.190368927e-06
5.949156529e-07
4.952115531e-07
4.81037314e-07
4.786818863e-07
4.77876826e-07
4.744774615e-07
4.642891865e-07
4.402506938e-07
3.877539781e-07
3.496277933e-07
3.28894706e-07
3.182634657e-07
3.1295612e-07
3.102160749e-07
3.086795067e-07
0.0009548724763
0.001654673701
0.002464602352
0.003260532894
0.004142981714
0.005184639107
0.006444786234
0.007948456757
0.009654586148
0.01137645646
0.0120002384
0.01097503651
0.006561223197
0.002040676961
0.0005273154557
0.0001272462434
2.543163088e-05
4.980716937e-06
1.2311975e-06
5.976208652e-07
4.964509834e-07
4.813711327e-07
4.788887362e-07
4.781496046e-07
4.747624644e-07
4.645386446e-07
4.405676159e-07
3.880852584e-07
3.498144766e-07
3.289701867e-07
3.182693036e-07
3.129215147e-07
3.101317185e-07
3.085889413e-07
0.0009494349986
0.001648603522
0.002443250834
0.003232610811
0.004106876253
0.005140479732
0.006395698768
0.007900558773
0.00961779138
0.01136295135
0.01202789296
0.01103506391
0.00669698762
0.002099641363
0.0005426288365
0.0001300444568
2.58183447e-05
5.189545204e-06
1.244459724e-06
6.033018977e-07
4.969060143e-07
4.815816389e-07
4.791399086e-07
4.783841068e-07
4.749731347e-07
4.647688786e-07
4.408274787e-07
3.883180001e-07
3.499512382e-07
3.290275694e-07
3.182753417e-07
3.128869158e-07
3.100839246e-07
3.084857624e-07
3.083541132e-07
0.0009252016635
0.001615137628
0.002413034927
0.003205648088
0.004076091989
0.005100654373
0.006347222966
0.007850529313
0.009578674172
0.01134787321
0.01204971956
0.01108476646
0.006809507691
0.002148999639
0.0005568993151
0.0001331706108
2.616843148e-05
5.245118559e-06
1.27545279e-06
6.053041844e-07
4.9789709e-07
4.818540884e-07
4.793085258e-07
4.786122842e-07
4.752139882e-07
4.64983656e-07
4.411087093e-07
3.886209985e-07
3.501232327e-07
3.290999376e-07
3.182816414e-07
3.128540929e-07
3.100024777e-07
3.083978873e-07
3.082237835e-07
0.0008863481479
0.001549950164
0.002374755635
0.003181607528
0.004051096169
0.00506470875
0.006299255137
0.007798005013
0.009534685635
0.0113283315
0.01206631043
0.01112590956
0.006903304134
0.002190496076
0.0005637394198
0.0001355111885
2.653793457e-05
5.401683631e-06
1.285618088e-06
6.097602907e-07
4.982806065e-07
4.820277785e-07
4.795180495e-07
4.788110373e-07
4.753943531e-07
4.651865973e-07
4.413428889e-07
3.888357207e-07
3.502516675e-07
3.291559775e-07
3.182879196e-07
3.128213602e-07
3.099565033e-07
3.08296928e-07
3.081022099e-07
0.000842904828
0.001453356075
0.00233326799
0.003162609716
0.004031838042
0.005032228142
0.006252400935
0.007743888683
0.009486536584
0.011300898
0.01207567078
0.01115976406
0.006981727324
0.002225720958
0.0005744465446
0.0001386383508
2.684804691e-05
5.45108245e-06
1.294658086e-06
6.112200446e-07
4.991052827e-07
4.822595623e-07
4.796607639e-07
4.790098465e-07
4.756057389e-07
4.65378717e-07
4.416022622e-07
3.89121414e-07
3.504161644e-07
3.292273785e-07
3.182940096e-07
3.127901964e-07
3.098773486e-07
3.082112043e-07
3.079740193e-07
3.074124036e-07
0.0008086007175
0.001333890354
0.002295071038
0.00315077605
0.004018023164
0.005002817925
0.006207550364
0.007690023367
0.009436322479
0.01126703598
0.012074504
0.0111869717
0.007047474474
0.002255851845
0.0005821141797
0.0001398114607
2.716440765e-05
5.577341627e-06
1.30340077e-06
6.147745346e-07
4.994523538e-07
4.824077176e-07
4.79842263e-07
4.791850839e-07
4.757657563e-07
4.655639211e-07
4.418213338e-07
3.893269351e-07
3.505413188e-07
3.292840462e-07
3.183027691e-07
3.127592964e-07
3.098329642e-07
3.081117793e-07
3.078544283e-07
3.072617038e-07
0.0007987719983
0.001208120743
0.002267515774
0.003151377617
0.004009232639
0.004976140613
0.006165428326
0.007638401704
0.009386553648
0.01123060239
0.01206598174
0.01120692634
0.007104020827
0.002281667252
0.0005917198219
0.0001404348481
2.751545588e-05
5.625341677e-06
1.311795851e-06
6.159757817e-07
5.001539175e-07
4.826097554e-07
4.799664097e-07
4.793632095e-07
4.759557306e-07
4.657397395e-07
4.420660111e-07
3.896016253e-07
3.507016152e-07
3.293556445e-07
3.183106755e-07
3.127300128e-07
3.097564696e-07
3.08028657e-07
3.077291024e-07
3.070998562e-07
3.075731971e-07
0.0008356980039
0.001114556487
0.002258717065
0.003158982361
0.004005827855
0.004951959014
0.00612656396
0.007590391019
0.009339497366
0.01119521019
0.01205329696
0.0112198099
0.007156832379
0.002304520439
0.0005971951777
0.0001420662014
2.793303044e-05
5.723438797e-06
1.320048242e-06
6.170271983e-07
5.004584024e-07
4.827358728e-07
4.801265202e-07
4.795202412e-07
4.760986059e-07
4.659083326e-07
4.422681839e-07
3.897937937e-07
3.508201462e-07
3.294106844e-07
3.183197796e-07
3.127007993e-07
3.097139623e-07
3.079324419e-07
3.07613185e-07
3.069540938e-07
3.073774453e-07
3.070845465e-07
0.0009245126392
0.001088241395
0.002278020036
0.003177844054
0.004007067697
0.004930252581
0.006091492731
0.00754705378
0.009297159153
0.01116409127
0.01204067214
0.01123131095
0.007217940342
0.002319330328
0.0006045854752
0.0001427523018
2.852916345e-05
5.761381495e-06
1.328096038e-06
6.179712103e-07
5.01052716e-07
4.829207702e-07
4.802370585e-07
4.796840735e-07
4.762719114e-07
4.660683924e-07
4.424936146e-07
3.90049439e-07
3.509700085e-07
3.294783352e-07
3.183294057e-07
3.126717826e-07
3.096389249e-07
3.07851072e-07
3.074901403e-07
3.067938148e-07
3.07184014e-07
3.069235026e-07
0.001060425487
0.001197774288
0.002337473837
0.003208114017
0.004010070041
0.004907664817
0.006051576284
0.007495460019
0.009245420858
0.01112678293
0.01202711542
0.01124825987
0.007318273251
0.002311398944
0.0006001229136
0.0001434473128
2.909036248e-05
5.804354433e-06
1.336630013e-06
6.18891773e-07
5.012659158e-07
4.830127576e-07
4.803840311e-07
4.798306872e-07
4.764054431e-07
4.662260027e-07
4.426819847e-07
3.902263126e-07
3.510813286e-07
3.29530796e-07
3.183334071e-07
3.126427818e-07
3.095967979e-07
3.077555422e-07
3.073750368e-07
3.06650227e-07
3.069894541e-07
3.066318182e-07
3.077590271e-07
0.001212130887
0.001426022799
0.002403188718
0.003231577727
0.004012738353
0.004857718105
0.005947604996
0.007350651342
0.009056154865
0.01097534004
0.01199567569
0.01132289586
0.007668832327
0.002503656112
0.0006508529442
0.0001512064552
3.15676117e-05
6.123535748e-06
1.390099213e-06
6.258411148e-07
5.025241914e-07
4.831968448e-07
4.804792974e-07
4.799783186e-07
4.765561756e-07
4.663679507e-07
4.428880599e-07
3.904618729e-07
3.512220064e-07
3.295952925e-07
3.18347931e-07
3.126140288e-07
3.095228099e-07
3.076753361e-07
3.07253309e-07
3.064895e-07
3.067974522e-07
3.064627291e-07
3.074907348e-07
3.080069229e-07
3.100154992e-07
0.0008256694198
0.001337626136
0.002419626229
0.003241657456
0.004017285027
0.004843202563
0.005898469526
0.007282584484
0.008960934741
0.01087753317
0.01197516503
0.01136513162
0.007931610441
0.002663953533
0.0006909319554
0.0001627584703
3.370701098e-05
6.495314007e-06
1.445117813e-06
6.332182646e-07
5.034975257e-07
4.834572814e-07
4.806281621e-07
4.801197139e-07
4.767472306e-07
4.666474873e-07
4.433097391e-07
3.908892197e-07
3.514745815e-07
3.297113231e-07
3.183740114e-07
3.125976466e-07
3.094869269e-07
3.075807784e-07
3.071405256e-07
3.063499208e-07
3.066046536e-07
3.061694333e-07
3.07162183e-07
3.076815266e-07
3.096282779e-07
3.121573728e-07
0.001314621144
0.002392945737
0.003237663468
0.004017952383
0.004836963024
0.005873058525
0.007244272278
0.008908131022
0.01081604605
0.01196331499
0.01139857043
0.008143244527
0.002823973966
0.0007388604728
0.0001723241915
3.700499081e-05
6.868685126e-06
1.508937783e-06
6.41080626e-07
5.054243884e-07
4.836342581e-07
4.807153627e-07
4.802590079e-07
4.768954313e-07
4.667828021e-07
4.43504241e-07
3.911119854e-07
3.516107115e-07
3.29774693e-07
3.183897538e-07
3.12569188e-07
3.094137419e-07
3.075066941e-07
3.070197318e-07
3.061879199e-07
3.064137107e-07
3.060046463e-07
3.068956952e-07
3.072888778e-07
3.091022363e-07
3.1156017e-07
3.161299229e-07
3.232918918e-07
0.001132656078
0.002299846567
0.003196531099
0.004003221794
0.004830526962
0.005862138687
0.007229075604
0.00888670468
0.01078877602
0.01196297198
0.01143440792
0.008324218035
0.002979150966
0.0007993485117
0.0001878409137
4.024503171e-05
7.409782313e-06
1.577538712e-06
6.496202651e-07
5.06863612e-07
4.83950552e-07
4.808649952e-07
4.804000519e-07
4.770785512e-07
4.670573387e-07
4.439276979e-07
3.915517557e-07
3.518757518e-07
3.298935186e-07
3.184219075e-07
3.125531759e-07
3.093781076e-07
3.07406415e-07
3.069073197e-07
3.060508804e-07
3.062216219e-07
3.057136165e-07
3.065687743e-07
3.069398839e-07
3.087188373e-07
3.110304726e-07
3.153754335e-07
3.223116029e-07
3.342122942e-07
3.556827444e-07
3.979604849e-07
5.161689249e-07
0.0009605847252
0.002094613696
0.003083486121
0.003955459681
0.004822333787
0.005866759372
0.007237615616
0.008898586896
0.01080218129
0.01198247742
0.01145872488
0.008338886193
0.002983969896
0.0007998760031
0.0001880345882
4.066167645e-05
7.492403726e-06
1.591213706e-06
6.506426639e-07
5.072233027e-07
4.840904619e-07
4.809592955e-07
4.805495574e-07
4.77233799e-07
4.671942536e-07
4.441092132e-07
3.917391199e-07
3.519834255e-07
3.299518329e-07
3.184275579e-07
3.125244132e-07
3.093045036e-07
3.073388273e-07
3.067861549e-07
3.058862866e-07
3.060305458e-07
3.055506445e-07
3.063032147e-07
3.065469053e-07
3.081925848e-07
3.104370949e-07
3.147157228e-07
3.214818143e-07
3.331028398e-07
3.541143312e-07
3.954421498e-07
5.11414682e-07
0.001235831797
0.002074612207
0.003040099191
0.003931285956
0.004816835642
0.005875838961
0.007253915285
0.008925476735
0.01082785184
0.01199733356
0.011469279
0.008344523656
0.002985851796
0.0008000371884
0.0001883508439
4.090859403e-05
7.595859082e-06
1.607458707e-06
6.524138378e-07
5.075829078e-07
4.841841532e-07
4.811036409e-07
4.806977856e-07
4.773584188e-07
4.673344009e-07
4.442796473e-07
3.919121132e-07
3.521025062e-07
3.300016629e-07
3.184335743e-07
3.124946121e-07
3.092621447e-07
3.07231157e-07
3.06671795e-07
3.05749705e-07
3.058378442e-07
3.052562404e-07
3.059778151e-07
3.061203315e-07
3.078101334e-07
3.099105136e-07
3.13966365e-07
3.205105706e-07
3.318360963e-07
3.523685508e-07
3.927592794e-07
5.06737796e-07
0.001497371139
0.002139528815
0.0030101472
0.003907406273
0.004811474543
0.00588557029
0.007269086859
0.008949604575
0.01084998617
0.01201095882
0.01147950092
0.008349427635
0.002987838583
0.000800112089
0.0001886491381
4.10395258e-05
7.697516473e-06
1.622618459e-06
6.544530143e-07
5.079312357e-07
4.843538305e-07
4.812162977e-07
4.808629404e-07
4.775172643e-07
4.674730472e-07
4.444638668e-07
3.92102338e-07
3.522101845e-07
3.300605988e-07
3.184388965e-07
3.124649981e-07
3.091872283e-07
3.071633152e-07
3.06549382e-07
3.055819329e-07
3.056458264e-07
3.050918989e-07
3.057110601e-07
3.058528966e-07
3.072907398e-07
3.09320262e-07
3.133126678e-07
3.196904314e-07
3.307432109e-07
3.508311432e-07
3.903093736e-07
5.021374963e-07
0.001715836673
0.002257004806
0.003002442341
0.003889453856
0.004807930411
0.00590057957
0.007290663458
0.008977380992
0.01087455648
0.01202745487
0.01149316026
0.008356868024
0.002990252437
0.0007999881423
0.0001889838552
4.108849466e-05
7.775206709e-06
1.635991266e-06
6.565091037e-07
5.082711626e-07
4.844610083e-07
4.813909125e-07
4.810412927e-07
4.776585024e-07
4.676222423e-07
4.446366572e-07
3.92275068e-07
3.523286691e-07
3.301098935e-07
3.184442529e-07
3.12434315e-07
3.091441134e-07
3.070539718e-07
3.064341431e-07
3.054461007e-07
3.054523467e-07
3.047929201e-07
3.053856867e-07
3.055433318e-07
3.069106879e-07
3.087958781e-07
3.125671149e-07
3.187265405e-07
3.294901208e-07
3.491121287e-07
3.876878621e-07
4.976107611e-07
0.001925691883
0.002412582039
0.003054174414
0.003885383372
0.004811192434
0.005924313976
0.007323097237
0.009013847662
0.01090483879
0.01204852971
0.01151139868
0.008365739816
0.002992624232
0.0007996415306
0.0001892960815
4.110359893e-05
7.823920507e-06
1.645417047e-06
6.583133903e-07
5.08600195e-07
4.846799011e-07
4.815329861e-07
4.812491203e-07
4.778481898e-07
4.677743974e-07
4.448278374e-07
3.924688364e-07
3.524359345e-07
3.301691229e-07
3.184487618e-07
3.124034275e-07
3.090673464e-07
3.069851211e-07
3.063099837e-07
3.052749278e-07
3.052592582e-07
3.046253435e-07
3.051185875e-07
3.051175925e-07
3.063908203e-07
3.08208342e-07
3.119190869e-07
3.179156772e-07
3.284132987e-07
3.476047938e-07
3.85303976e-07
4.931569219e-07
0.002154829238
0.002604098384
0.003182519385
0.0039285824
0.00484044097
0.005966072124
0.007372825856
0.00906567121
0.01094625131
0.01207744292
0.01153629896
0.0083764041
0.002994693743
0.0007990174043
0.000189481196
4.110870623e-05
7.846781507e-06
1.652642071e-06
6.597738887e-07
5.089333936e-07
4.848205336e-07
4.817699839e-07
4.814780956e-07
4.780173538e-07
4.679417626e-07
4.450093967e-07
3.926460778e-07
3.525568496e-07
3.302185675e-07
3.184532636e-07
3.123710983e-07
3.090227098e-07
3.068728313e-07
3.06192662e-07
3.051384931e-07
3.050637741e-07
3.043194236e-07
3.047923165e-07
3.047909055e-07
3.060088443e-07
3.076851116e-07
3.111761832e-07
3.169580102e-07
3.271726678e-07
3.459109989e-07
3.827408838e-07
4.887729621e-07
0.002436095387
0.002832848846
0.003364739032
0.004055646035
0.004928649502
0.006044029228
0.007450801556
0.009142419685
0.0110068334
0.01211927114
0.01157172465
0.008390633483
0.002996630833
0.0007982607718
0.0001894859118
4.109776086e-05
7.86273334e-06
1.658159902e-06
6.609390384e-07
5.092790177e-07
4.851439521e-07
4.819737606e-07
4.817622343e-07
4.782555396e-07
4.681174376e-07
4.452170693e-07
3.928518647e-07
3.526694268e-07
3.302794911e-07
3.18456631e-07
3.123378016e-07
3.089421787e-07
3.068016385e-07
3.06064832e-07
3.049624678e-07
3.048679714e-07
3.04148091e-07
3.045225553e-07
3.043752808e-07
3.054889049e-07
3.070987019e-07
3.105324578e-07
3.161551274e-07
3.261105608e-07
3.444320816e-07
3.804201053e-07
4.844582794e-07
0.002827783016
0.003098241856
0.00359196284
0.004254414259
0.005099776989
0.006187795108
0.0075764587
0.009256035166
0.01109443038
0.01217878445
0.01162383207
0.008411712232
0.002999101078
0.0007972195113
0.0001894450699
4.105860081e-05
7.869937792e-06
1.660572634e-06
6.620119167e-07
5.096828457e-07
4.853582372e-07
4.823381742e-07
4.820904349e-07
4.7847925e-07
4.683216931e-07
4.454193313e-07
3.930433132e-07
3.528017727e-07
3.303300244e-07
3.184596463e-07
3.123021679e-07
3.088943914e-07
3.066833179e-07
3.059429312e-07
3.048224829e-07
3.046677508e-07
3.038348226e-07
3.041917231e-07
3.040651772e-07
3.051064568e-07
3.065745843e-07
3.097899411e-07
3.15201532e-07
3.248802907e-07
3.427612115e-07
3.779120053e-07
4.802097996e-07
0.003326935329
0.003420176299
0.003828288479
0.004497331401
0.005355292434
0.006430742578
0.007785932074
0.009433689527
0.0112282369
0.01225003041
0.01170238268
0.008439500361
0.003002548878
0.0007956690984
0.0001893813616
4.093570583e-05
7.880171282e-06
1.66312464e-06
6.630007091e-07
5.105074928e-07
4.858973053e-07
4.826679747e-07
4.825259759e-07
4.788178281e-07
4.685465956e-07
4.456630484e-07
3.932776198e-07
3.529289476e-07
3.303946834e-07
3.184607843e-07
3.122639759e-07
3.088062015e-07
3.066071032e-07
3.058076161e-07
3.046383671e-07
3.044655848e-07
3.036610914e-07
3.039166093e-07
3.036507216e-07
3.045820021e-07
3.059861328e-07
3.091478951e-07
3.144042066e-07
3.238305375e-07
3.413082005e-07
3.756508375e-07
4.76026926e-07
0.004235970235
0.004099442193
0.004166823561
0.004744274908
0.005647148239
0.006763160156
0.008100830102
0.009681483339
0.0113986679
0.01235206243
0.01183107907
0.008490082048
0.003009628966
0.0007934233625
0.0001892705884
4.072138154e-05
7.878922939e-06
1.667112804e-06
6.647322933e-07
5.111042997e-07
4.862648603e-07
4.832890741e-07
4.830495095e-07
4.791496992e-07
4.68823925e-07
4.459074279e-07
3.935007171e-07
3.530893227e-07
3.304474022e-07
3.184590199e-07
3.122216374e-07
3.087520125e-07
3.064767493e-07
3.056762827e-07
3.044899356e-07
3.042554907e-07
3.033368775e-07
3.035764343e-07
3.033350349e-07
3.041948452e-07
3.054571842e-07
3.084015312e-07
3.1345071e-07
3.22606933e-07
3.396566317e-07
3.731933852e-07
4.719064499e-07
0.005023709113
0.005280012506
0.004895938907
0.005085238787
0.00590679787
0.007121219568
0.008543060002
0.01009898349
0.01171334189
0.01258851319
0.01203484132
0.008551856297
0.003022252013
0.0007914135471
0.0001889781964
4.004443197e-05
7.855670585e-06
1.66896583e-06
6.658736222e-07
5.126695208e-07
4.872391206e-07
4.838722446e-07
4.837697039e-07
4.796783681e-07
4.691410568e-07
4.46219896e-07
3.937931027e-07
3.532375803e-07
3.305186813e-07
3.184537732e-07
3.121735383e-07
3.086482357e-07
3.063903731e-07
3.055261969e-07
3.042898614e-07
3.040400287e-07
3.031563954e-07
3.032902174e-07
3.029031605e-07
3.036583146e-07
3.048607574e-07
3.077563318e-07
3.126545456e-07
3.215654126e-07
3.382255288e-07
3.709872671e-07
4.678476594e-07
0.005581277079
0.006856442537
0.006606145161
0.005902047018
0.006198593953
0.00728440467
0.00882031103
0.01049501926
0.01209836098
0.01295805328
0.01243365779
0.008706716688
0.003055345704
0.0007887472618
0.000188833039
3.956967228e-05
7.846550464e-06
1.676508016e-06
6.685705311e-07
5.137070653e-07
4.87918191e-07
4.850053839e-07
4.846416622e-07
4.802037986e-07
4.695500774e-07
4.465391702e-07
3.94065574e-07
3.534300783e-07
3.305739195e-07
3.184429448e-07
3.121176845e-07
3.085821295e-07
3.062367074e-07
3.0537639e-07
3.041245642e-07
3.038105812e-07
3.028067968e-07
3.029308507e-07
3.025728292e-07
3.032597374e-07
3.043198549e-07
3.069985063e-07
3.116940737e-07
3.203420788e-07
3.365874e-07
3.685745525e-07
4.638472051e-07
0.005861411423
0.007743913038
0.008787969786
0.008249777916
0.007201474622
0.007599381178
0.009159460899
0.01122818981
0.01303729565
0.01388920098
0.01302332598
0.008904103735
0.003111519553
0.0007898579031
0.000189102421
3.9646581e-05
7.856054291e-06
1.682641203e-06
6.713098472e-07
5.166148438e-07
4.897515253e-07
4.860896737e-07
4.858505338e-07
4.810578524e-07
4.700191076e-07
4.469622229e-07
3.944376384e-07
3.536011969e-07
3.306528349e-07
3.184233822e-07
3.120498518e-07
3.084472286e-07
3.061310111e-07
3.051987303e-07
3.038771041e-07
3.03569943e-07
3.026074205e-07
3.026228977e-07
3.021136546e-07
3.026996525e-07
3.037055537e-07
3.063421724e-07
3.108919033e-07
3.193022451e-07
3.351722031e-07
3.664175235e-07
4.59904363e-07
0.006056822859
0.00758582489
0.009512317769
0.01043014248
0.009757699813
0.008625905607
0.009275247555
0.01146485664
0.01398663573
0.01522751984
0.01396050149
0.009455935504
0.003272944754
0.0007991026702
0.0001903584378
3.980674905e-05
7.903116863e-06
1.692446432e-06
6.754958321e-07
5.186022116e-07
4.910569965e-07
4.882210208e-07
4.87261301e-07
4.818720577e-07
4.706269026e-07
4.4737769e-07
3.94761048e-07
3.538325361e-07
3.307021978e-07
3.183998297e-07
3.119672711e-07
3.083608438e-07
3.059352623e-07
3.050158905e-07
3.037189991e-07
3.033057568e-07
3.022099967e-07
3.022287922e-07
3.017605794e-07
3.022796315e-07
3.0314233e-07
3.055611463e-07
3.099140041e-07
3.180699554e-07
3.33539423e-07
3.640422312e-07
4.560138068e-07
0.00593849714
0.007075847367
0.008961532693
0.01075618119
0.01145318628
0.01073992237
0.009872316537
0.01098369991
0.01368101954
0.01581966503
0.01538277295
0.01021976126
0.003540772785
0.0008360925882
0.0001959296064
4.064234912e-05
8.060168526e-06
1.718727724e-06
6.823858836e-07
5.242638948e-07
4.945326065e-07
4.902746501e-07
4.891691545e-07
4.83178079e-07
4.71283408e-07
4.479182537e-07
3.952068e-07
3.540032559e-07
3.307742876e-07
3.18363284e-07
3.118613719e-07
3.08169453e-07
3.057961465e-07
3.047914724e-07
3.033944472e-07
3.0302417e-07
3.019785525e-07
3.018849964e-07
3.012581623e-07
3.016804597e-07
3.024978327e-07
3.048830653e-07
3.090969594e-07
3.170239721e-07
3.32133293e-07
3.619329996e-07
4.52176414e-07
0.00539584802
0.006362171606
0.007888602812
0.009850640026
0.01128308974
0.01160546529
0.01092820658
0.01060018144
0.01225942929
0.015074965
0.0159892057
0.01247433994
0.004392352092
0.0009740627472
0.0002169422715
4.377114972e-05
8.516041811e-06
1.78859503e-06
6.951166033e-07
5.281012327e-07
4.971374863e-07
4.942906871e-07
4.911730537e-07
4.842624195e-07
4.720781433e-07
4.483488765e-07
3.954827029e-07
3.542187402e-07
3.307733538e-07
3.182850203e-07
3.11727942e-07
3.080482727e-07
3.055334824e-07
3.045576447e-07
3.032073364e-07
3.027073331e-07
3.01514402e-07
3.014413214e-07
3.008698307e-07
3.012288962e-07
3.019021293e-07
3.040681083e-07
3.080923019e-07
3.15774959e-07
3.304994943e-07
3.595926416e-07
4.48389422e-07
0.003628270742
0.004576894393
0.005981841259
0.007849638992
0.009853065587
0.01104027561
0.01103264815
0.01046816646
0.01063660433
0.01267281527
0.0150761534
0.01381539175
0.005838647934
0.001286933065
0.0002872879369
5.449880109e-05
9.905266676e-06
1.969267598e-06
7.221473681e-07
5.409015021e-07
5.040236127e-07
4.973037575e-07
4.937556229e-07
4.859562175e-07
4.727990002e-07
4.488513005e-07
3.958378824e-07
3.542570113e-07
3.307200354e-07
3.181814139e-07
3.115496114e-07
3.077670007e-07
3.05342476e-07
3.042645741e-07
3.027968254e-07
3.023687203e-07
3.01243626e-07
3.010497351e-07
3.003095153e-07
3.005784792e-07
3.012191467e-07
3.033611249e-07
3.072555018e-07
3.147192825e-07
3.291000609e-07
3.575293358e-07
4.446544085e-07
0.001506012007
0.00208050483
0.003084022093
0.004706685001
0.006807671453
0.008874484217
0.01008575948
0.01007237959
0.009639288748
0.009995634617
0.01194897571
0.0132679989
0.01027312643
0.002873730232
0.000543049865
0.0001025384301
1.64456677e-05
2.722290386e-06
8.053553244e-07
5.553804828e-07
5.084505999e-07
5.025510726e-07
4.960481643e-07
4.87026335e-07
4.736542234e-07
4.491214012e-07
3.958828834e-07
3.543471384e-07
3.306340843e-07
3.179559308e-07
3.11305321e-07
3.075664735e-07
3.049498871e-07
3.03932697e-07
3.025415304e-07
3.019530267e-07
3.006620035e-07
3.00513525e-07
2.998539526e-07
3.000667674e-07
3.005613471e-07
3.024816412e-07
3.061968236e-07
3.134306871e-07
3.274468905e-07
3.552094158e-07
4.40955499e-07
0.0004428039918
0.0005962288172
0.0009515433682
0.001509204271
0.002757179731
0.004716125677
0.006893404329
0.008397146287
0.008729821597
0.00846912797
0.008787359314
0.01038439757
0.01018166555
0.006075502809
0.001704772088
0.0003384292275
6.149390569e-05
9.139046073e-06
1.520969914e-06
6.257688275e-07
5.195670046e-07
5.043029981e-07
4.99096573e-07
4.892702243e-07
4.745923996e-07
4.502278297e-07
3.969209963e-07
3.545707393e-07
3.306114827e-07
3.177846114e-07
3.109429003e-07
3.070083006e-07
3.045856352e-07
3.033919952e-07
3.018185992e-07
3.013873824e-07
3.002397717e-07
2.99923835e-07
2.990506777e-07
2.991870816e-07
2.996866063e-07
3.016251889e-07
3.052306701e-07
3.122664387e-07
3.25968448e-07
3.531207738e-07
4.372541034e-07
0.0001013098159
0.0001514074527
0.0002043799041
0.0003985262001
0.0006473629632
0.001402752724
0.002418194681
0.00428268388
0.006097067285
0.007047121565
0.007065703182
0.007219291175
0.008152884482
0.007432909417
0.004098629999
0.001197472635
0.0002462242976
5.506879878e-05
9.736084914e-06
1.743784687e-06
6.443068329e-07
5.190280707e-07
5.002154189e-07
4.900500491e-07
4.761137e-07
4.518392227e-07
3.986525969e-07
3.558708958e-07
3.308635569e-07
3.174219508e-07
3.104382111e-07
3.065675861e-07
3.036575002e-07
3.026330417e-07
3.012559258e-07
3.004927603e-07
2.990619917e-07
2.98901322e-07
2.982362428e-07
2.983340762e-07
2.98661858e-07
3.003515669e-07
3.038108274e-07
3.106634519e-07
3.240587195e-07
3.506273806e-07
4.335255154e-07
2.202890192e-05
2.826975446e-05
4.444633411e-05
7.276405317e-05
0.0001410113295
0.0002650339672
0.000571059805
0.0009996793069
0.001926650825
0.003401247765
0.00482906148
0.005455491976
0.005544554471
0.005847863995
0.005264324691
0.003242590531
0.001007372725
0.0002217229129
5.939460972e-05
1.269251657e-05
2.539546855e-06
7.836916478e-07
5.317579926e-07
4.928181404e-07
4.764792621e-07
4.54331806e-07
4.01856939e-07
3.569126285e-07
3.310457723e-07
3.17133584e-07
3.096160173e-07
3.05267801e-07
3.028360986e-07
3.013880804e-07
2.996403022e-07
2.99287135e-07
2.982004764e-07
2.977228394e-07
2.967139876e-07
2.967655315e-07
2.972109356e-07
2.990269307e-07
3.02429168e-07
3.09129402e-07
3.222721828e-07
3.483209993e-07
4.297612976e-07
3.235185628e-06
3.827330429e-06
4.807097918e-06
6.73435689e-06
1.089571987e-05
2.096496651e-05
4.479867333e-05
9.991719219e-05
0.0002074150177
0.0003882247468
0.0008495075523
0.001373989764
0.002417770116
0.003428892996
0.003828286512
0.00399867735
0.003614363262
0.002541902577
0.0009736993463
0.0003016249764
7.628319717e-05
1.785778035e-05
4.010421278e-06
1.096214571e-06
5.749118093e-07
4.869048365e-07
4.565645321e-07
4.054818169e-07
3.601467283e-07
3.316072854e-07
3.163231118e-07
3.085652274e-07
3.043577572e-07
3.00903354e-07
2.998872495e-07
2.985333277e-07
2.975070069e-07
2.959517805e-07
2.958532869e-07
2.952715798e-07
2.953162679e-07
2.955325074e-07
2.970575936e-07
3.003706945e-07
3.069689759e-07
3.199012155e-07
3.455079776e-07
4.259191996e-07
8.187355098e-07
8.809124919e-07
9.79268763e-07
1.153860537e-06
1.514900365e-06
2.405831699e-06
4.863902671e-06
1.175511422e-05
2.938535445e-05
6.900149537e-05
0.0001490434668
0.0003084514261
0.0005384554198
0.001007124027
0.001647114867
0.002273073139
0.002620363548
0.002445089323
0.001918381582
0.001015178948
0.0002894930268
8.237835407e-05
1.671420314e-05
5.477268817e-06
1.590477499e-06
6.741026669e-07
4.907756867e-07
4.114379709e-07
3.60722044e-07
3.319142176e-07
3.157486235e-07
3.068384758e-07
3.017693797e-07
2.993584215e-07
2.974210381e-07
2.954360706e-07
2.953028714e-07
2.943740192e-07
2.936631425e-07
2.92521028e-07
2.925549622e-07
2.930787993e-07
2.948885134e-07
2.982000664e-07
3.046720699e-07
3.173764591e-07
3.424772064e-07
4.2060811e-07
5.395120709e-07
5.437365177e-07
5.539442006e-07
5.664409404e-07
5.901243507e-07
6.444172769e-07
7.960993918e-07
1.275367345e-06
2.804640233e-06
7.363873942e-06
1.949066333e-05
4.825499389e-05
0.0001063761661
0.0002111391408
0.000368217298
0.0006605018246
0.001071431708
0.001523930258
0.001588856398
0.001382146852
0.0009720050701
0.0004231238869
0.0001393370898
4.009133448e-05
1.102748782e-05
2.69257033e-06
9.137775609e-07
5.052898507e-07
3.828611141e-07
3.350876272e-07
3.142789108e-07
3.049111233e-07
3.000310753e-07
2.954925501e-07
2.946453951e-07
2.933253334e-07
2.917080331e-07
2.900226858e-07
2.901483489e-07
2.89811122e-07
2.898361692e-07
2.898912307e-07
2.912110134e-07
2.94399538e-07
3.007467978e-07
3.131523769e-07
3.375913689e-07
4.133053144e-07
4.792145838e-07
4.799978867e-07
4.812005608e-07
4.824974666e-07
4.847535318e-07
4.864695857e-07
4.984542352e-07
5.234872909e-07
6.05623694e-07
8.955001286e-07
1.868967519e-06
4.862701868e-06
1.299237608e-05
3.209430857e-05
6.944502719e-05
0.0001412991717
0.0002419700871
0.0004441190308
0.0006692777688
0.0009560283903
0.0009118178793
0.0007334726351
0.000462592675
0.0001663690838
4.742541946e-05
1.408769881e-05
4.345873217e-06
1.071648386e-06
5.638156435e-07
3.774780569e-07
3.2054639e-07
3.015359451e-07
2.948466078e-07
2.927844935e-07
2.896215505e-07
2.87277843e-07
2.877666539e-07
2.870355779e-07
2.857847238e-07
2.844112533e-07
2.844532745e-07
2.852254084e-07
2.87056083e-07
2.902516069e-07
2.963565391e-07
3.083347325e-07
3.318309672e-07
4.035338313e-07
4.019180468e-07
4.026232962e-07
4.033514944e-07
4.044065665e-07
4.054589388e-07
4.070442941e-07
4.086038655e-07
4.112078431e-07
4.145827251e-07
4.331204047e-07
4.843467088e-07
6.692529362e-07
1.29858715e-06
3.217613339e-06
8.341544402e-06
2.048016598e-05
4.513588585e-05
8.47915077e-05
0.0001698094482
0.0002678715346
0.0004530359067
0.0005728037321
0.0005264432011
0.0004062538881
0.0002346728302
7.171666906e-05
2.578710644e-05
7.476684831e-06
2.396799793e-06
8.61569133e-07
4.290915764e-07
3.194604568e-07
2.924129382e-07
2.838231588e-07
2.85049803e-07
2.835033354e-07
2.802477445e-07
2.786618557e-07
2.793628382e-07
2.794226446e-07
2.793574138e-07
2.789753144e-07
2.799979449e-07
2.829320745e-07
2.888193625e-07
3.002523158e-07
3.225297013e-07
3.946997693e-07
3.286039417e-07
3.290101416e-07
3.293735816e-07
3.299876095e-07
3.305090525e-07
3.314343035e-07
3.32195937e-07
3.33588819e-07
3.347336302e-07
3.368688759e-07
3.393122954e-07
3.517704396e-07
3.850454917e-07
5.031900904e-07
8.979491179e-07
2.088407817e-06
5.29155778e-06
1.270489241e-05
2.925419207e-05
5.437483625e-05
0.0001090109702
0.0001655503611
0.0002965109026
0.0003401751161
0.0003078942332
0.0002319716703
0.0001162852037
3.496449704e-05
1.121254967e-05
3.068330652e-06
1.328537085e-06
5.709255949e-07
3.458519721e-07
2.88214531e-07
2.734554867e-07
2.723620848e-07
2.744096516e-07
2.733680407e-07
2.707340639e-07
2.690407347e-07
2.692618566e-07
2.706702385e-07
2.724968238e-07
2.754258018e-07
2.808875799e-07
2.915718192e-07
3.122482996e-07
3.730241739e-07
2.817928905e-07
2.819005326e-07
2.820407402e-07
2.821985093e-07
2.824087841e-07
2.826416412e-07
2.829602352e-07
2.833073849e-07
2.837977009e-07
2.843182451e-07
2.851230718e-07
2.85714024e-07
2.889883611e-07
2.952183685e-07
3.157242962e-07
3.880416252e-07
6.299469191e-07
1.355858513e-06
3.370238395e-06
7.96708182e-06
1.833940224e-05
3.600059742e-05
6.423448638e-05
0.0001054863906
0.0001846622485
0.0002010469675
0.0001761962865
0.0001309250867
6.02083848e-05
2.032675338e-05
7.134534172e-06
2.532673337e-06
9.355895784e-07
4.384387147e-07
3.002195389e-07
2.658735492e-07
2.567926543e-07
2.576877901e-07
2.60437429e-07
2.608088243e-07
2.602407773e-07
2.587732088e-07
2.59428627e-07
2.61949079e-07
2.670546159e-07
2.768365469e-07
2.955222424e-07
3.569206808e-07
2.608115858e-07
2.608366326e-07
2.608623154e-07
2.609000358e-07
2.609377189e-07
2.609947798e-07
2.610508671e-07
2.611379419e-07
2.61222974e-07
2.613577353e-07
2.614903445e-07
2.617008438e-07
2.61931143e-07
2.622510299e-07
2.63403392e-07
2.657990057e-07
2.798978853e-07
3.227762163e-07
4.69690295e-07
9.10053555e-07
2.139694588e-06
5.006563114e-06
1.124267937e-05
2.111923037e-05
4.301337299e-05
6.392170899e-05
0.0001154417165
0.0001139147206
0.0001022828109
6.989147452e-05
2.991689379e-05
1.139500065e-05
3.959798855e-06
1.380297286e-06
5.543498273e-07
3.262010909e-07
2.617058202e-07
2.488748113e-07
2.432120712e-07
2.417409764e-07
2.4310861e-07
2.458609699e-07
2.475541291e-07
2.498476178e-07
2.543175128e-07
2.629532175e-07
2.791149346e-07
3.337540626e-07
2.332633343e-07
2.332686999e-07
2.332731036e-07
2.33280997e-07
2.332877996e-07
2.332999837e-07
2.333104047e-07
2.333289323e-07
2.333451483e-07
2.333736968e-07
2.33399483e-07
2.334439723e-07
2.334865243e-07
2.335559444e-07
2.336384295e-07
2.337235437e-07
2.342183785e-07
2.363118456e-07
2.437012508e-07
2.712191218e-07
3.674017093e-07
6.613602278e-07
1.496415906e-06
3.447436508e-06
7.463942265e-06
1.560570984e-05
2.865245288e-05
5.10749195e-05
7.995567566e-05
7.39917264e-05
5.72493985e-05
2.401117876e-05
8.020763688e-06
2.269046844e-06
8.36968999e-07
3.733129927e-07
2.541883527e-07
2.310879541e-07
2.319272011e-07
2.307166931e-07
2.271307934e-07
2.241224641e-07
2.246246279e-07
2.267011029e-07
2.306330416e-07
2.380314363e-07
2.516067194e-07
2.969051371e-07
2.189609362e-07
2.18966664e-07
2.189735818e-07
2.189815676e-07
2.189919366e-07
2.190038291e-07
2.190191697e-07
2.190363673e-07
2.190591194e-07
2.190840296e-07
2.191180685e-07
2.191535205e-07
2.192012778e-07
2.192498477e-07
2.193183107e-07
2.193863841e-07
2.19491248e-07
2.196039372e-07
2.199917581e-07
2.204364403e-07
2.25498723e-07
2.492371332e-07
3.255294806e-07
5.60624507e-07
1.205871628e-06
2.747220675e-06
6.155874529e-06
1.155226893e-05
2.367215853e-05
4.796643526e-05
4.866592175e-05
4.118662103e-05
2.046919845e-05
6.178104857e-06
1.929956235e-06
6.459385603e-07
2.972604938e-07
2.142879887e-07
1.980429009e-07
1.954492954e-07
2.035751804e-07
2.091408155e-07
2.111922382e-07
2.131848746e-07
2.168282358e-07
2.233688667e-07
2.34266143e-07
2.738152199e-07
1.749788841e-07
1.74981078e-07
1.749836107e-07
1.749865134e-07
1.749898835e-07
1.749937451e-07
1.749982647e-07
1.75003436e-07
1.75009569e-07
1.750165699e-07
1.750251427e-07
1.750359703e-07
1.750499348e-07
1.750672552e-07
1.750894681e-07
1.751156751e-07
1.751450482e-07
1.751781589e-07
1.752254563e-07
1.752965104e-07
1.755136595e-07
1.766243949e-07
1.810938743e-07
1.978470607e-07
2.547632121e-07
4.248938765e-07
8.835358694e-07
1.933708504e-06
4.385762724e-06
9.923476786e-06
1.726736701e-05
2.48772952e-05
2.362439975e-05
1.755205166e-05
8.978511002e-06
3.857126959e-06
1.508089773e-06
6.004139308e-07
2.953230818e-07
2.040505908e-07
1.775136867e-07
1.721800006e-07
1.722681589e-07
1.736236082e-07
1.762147401e-07
1.808125925e-07
1.884767406e-07
2.132296958e-07
1.749881472e-07
1.749865371e-07
1.749847197e-07
1.749826834e-07
1.749804199e-07
1.749779279e-07
1.74975221e-07
1.749723375e-07
2.192136104e-07
2.192114991e-07
2.192066179e-07
2.192002456e-07
2.191923036e-07
2.191823817e-07
2.191700402e-07
2.335932243e-07
2.335916805e-07
2.335881158e-07
2.335834464e-07
2.335776649e-07
2.335705138e-07
2.335617228e-07
2.610179117e-07
2.609988575e-07
2.609717945e-07
2.609442001e-07
2.609061464e-07
2.608667978e-07
2.808142493e-07
2.807144867e-07
2.805964516e-07
2.804545636e-07
3.233863444e-07
3.230633016e-07
3.226588469e-07
3.912649856e-07
3.906475191e-07
4.652165605e-07
0.002334452508
0.005117134795
0.006394570074
0.007468180959
0.008368104622
0.008948961775
0.00894324683
0.008087894233
0.005037866192
0.001887368626
0.0005166615095
0.0001552758851
2.716001898e-05
7.415600153e-06
2.05077646e-06
6.67895789e-07
5.217747398e-07
4.683708509e-07
4.561956253e-07
4.492793214e-07
4.463680521e-07
4.451294037e-07
4.437433845e-07
4.414578708e-07
0.001855409479
0.004425976266
0.005776225267
0.006946661935
0.007992259239
0.008842284335
0.009274065697
0.009001547127
0.007463035077
0.00334850617
0.001168381081
0.0002784465021
9.179362489e-05
1.812945632e-05
3.351733014e-06
1.164468759e-06
5.655720715e-07
4.907415839e-07
4.617915426e-07
4.5469477e-07
4.505038386e-07
4.486403349e-07
4.482465976e-07
4.460835478e-07
4.41707678e-07
4.337893565e-07
0.001517725893
0.003790715898
0.005211960908
0.006447540876
0.007579513752
0.008571341794
0.009291989217
0.009409476981
0.008550773516
0.005441487051
0.001932163485
0.000610781954
0.0001452698521
3.358311655e-05
9.140490807e-06
1.714148545e-06
7.532324809e-07
5.092935352e-07
4.69153214e-07
4.584808681e-07
4.54246192e-07
4.524233361e-07
4.513251155e-07
4.497608128e-07
4.461532861e-07
4.376514456e-07
4.083013402e-07
3.631173501e-07
0.00129104453
0.003230604674
0.004687570272
0.005957772991
0.007151616623
0.0082575142
0.009220436924
0.009712619094
0.009381511231
0.007610628239
0.0031458601
0.0009523550258
0.0002715566193
6.121668561e-05
1.391468711e-05
3.752771032e-06
9.413932559e-07
5.69657165e-07
4.797801274e-07
4.628694134e-07
4.572050403e-07
4.549387237e-07
4.544784031e-07
4.527969589e-07
4.49218196e-07
4.403972457e-07
4.111745389e-07
3.648595952e-07
3.377633716e-07
0.001158968216
0.002846614102
0.004280153668
0.005540499962
0.006763418216
0.007945695506
0.009048811752
0.009868977972
0.009843892295
0.008737165486
0.004807229165
0.001571522897
0.0004307624371
0.0001078508902
2.537659809e-05
5.195116056e-06
1.485889084e-06
6.158596599e-07
4.975183604e-07
4.664009164e-07
4.599363502e-07
4.575008386e-07
4.565332507e-07
4.553129097e-07
4.522473249e-07
4.428258596e-07
4.13684826e-07
3.668009226e-07
3.386445194e-07
3.240359944e-07
0.00107184454
0.002575871666
0.003934521137
0.005163898091
0.00639530026
0.007631335801
0.008829391986
0.00985421333
0.01019214436
0.009469255732
0.006429206479
0.002293007192
0.0006764195493
0.0001624329937
3.802637502e-05
9.026038138e-06
1.837400626e-06
7.371259396e-07
5.081462698e-07
4.702632009e-07
4.620789953e-07
4.59283321e-07
4.58685109e-07
4.573171632e-07
4.542868087e-07
4.446276782e-07
4.155930302e-07
3.68075336e-07
3.392393538e-07
3.242351014e-07
3.164949146e-07
0.001007316469
0.002376642707
0.003655298875
0.004841299222
0.006061580441
0.007329159803
0.008599132812
0.009791997479
0.010390315
0.01001107014
0.007740627012
0.003135033804
0.0009789382696
0.0002631817851
5.029243514e-05
1.128687037e-05
2.725270403e-06
8.069592587e-07
5.338439155e-07
4.740862138e-07
4.640636987e-07
4.610116316e-07
4.600663086e-07
4.59024141e-07
4.561069953e-07
4.461760711e-07
4.172772565e-07
3.694422369e-07
3.398785807e-07
3.24448407e-07
3.164836075e-07
0.0009595408521
0.002233036298
0.003441527969
0.004581983939
0.00577779683
0.007052625126
0.008369871466
0.009674507914
0.01059529378
0.01043816927
0.008834314971
0.003958083811
0.001244654467
0.0003272200638
7.601638235e-05
1.455747443e-05
3.116427845e-06
9.783114188e-07
5.477843981e-07
4.776565098e-07
4.656541481e-07
4.622615244e-07
4.615234045e-07
4.603650587e-07
4.573335341e-07
4.473500238e-07
4.185492195e-07
3.703430493e-07
3.403164583e-07
3.24603089e-07
3.164806913e-07
3.124658083e-07
0.0009234686663
0.002124682399
0.003269591915
0.004371125663
0.005536913068
0.006802736222
0.008153771888
0.009535240893
0.01063882656
0.01069951577
0.00945786334
0.004896633636
0.00147523613
0.0004211159135
9.310113837e-05
1.803628589e-05
4.184622681e-06
1.065642172e-06
5.787873226e-07
4.842781547e-07
4.671368684e-07
4.634296287e-07
4.624518063e-07
4.615263308e-07
4.584800599e-07
4.483428851e-07
4.196809644e-07
3.712894621e-07
3.407681766e-07
3.24759218e-07
3.16482738e-07
3.123695112e-07
0.0008971005629
0.00204254632
0.003137341779
0.004204276055
0.005340923863
0.00659184261
0.007960203864
0.009393998846
0.01064128831
0.01090784157
0.00987822976
0.005731738126
0.001809154533
0.0004818607337
0.0001208209635
2.179054002e-05
4.566654537e-06
1.256671077e-06
5.940213077e-07
4.873168764e-07
4.683816425e-07
4.642932586e-07
4.634324758e-07
4.624199355e-07
4.592561189e-07
4.491140246e-07
4.205286441e-07
3.719151984e-07
3.410806881e-07
3.248731557e-07
3.164859226e-07
3.123080304e-07
3.102362384e-07
0.0008800231982
0.001981250132
0.003040320132
0.004075433484
0.005185542624
0.006419629136
0.007793612203
0.009262211708
0.01062582837
0.0110676985
0.01022798446
0.00641581053
0.002124577655
0.0005732249082
0.0001363388925
2.563157743e-05
5.502318927e-06
1.342049894e-06
6.253729276e-07
4.935328768e-07
4.695093606e-07
4.650847539e-07
4.640538065e-07
4.632087101e-07
4.599949914e-07
4.497576917e-07
4.212882865e-07
3.725635245e-07
3.413946562e-07
3.249842054e-07
3.164908007e-07
3.12245744e-07
3.101126541e-07
0.0008709326484
0.001932260361
0.002964377618
0.003974572583
0.00506276301
0.00628103237
0.007654315055
0.009145367542
0.01059594379
0.01119280472
0.01049867511
0.006985728645
0.002414025414
0.0006472205359
0.0001595347923
2.927897225e-05
5.990640642e-06
1.521517595e-06
6.398510112e-07
4.962145523e-07
4.704719267e-07
4.656801165e-07
4.647193383e-07
4.638117892e-07
4.605117864e-07
4.502802243e-07
4.218719121e-07
3.730091206e-07
3.416223704e-07
3.250692251e-07
3.164932753e-07
3.122038114e-07
3.100503101e-07
0.0008692841011
0.00189121883
0.002905060972
0.003894441721
0.004964658947
0.006169316709
0.007538965712
0.009043105645
0.01055013236
0.01127893435
0.01071257424
0.00745891861
0.002675106271
0.0007281328527
0.0001768636529
3.33030084e-05
6.518183824e-06
1.593940837e-06
6.685802837e-07
5.015462938e-07
4.713432639e-07
4.662371883e-07
4.651534477e-07
4.643764548e-07
4.610315688e-07
4.507346045e-07
4.22417667e-07
3.73483571e-07
3.418542932e-07
3.251506739e-07
3.16494159e-07
3.121519224e-07
3.099484108e-07
0.0008744116757
0.0018538686
0.002853056221
0.003828139275
0.004884506634
0.00607860418
0.007444426798
0.008955295383
0.01050369904
0.01135558044
0.01088518088
0.00784833157
0.002905245149
0.0007933391131
0.0001963002804
3.717250578e-05
7.010058963e-06
1.751969803e-06
6.822141344e-07
5.0392058e-07
4.720802775e-07
4.666636837e-07
4.656329019e-07
4.648154702e-07
4.614136182e-07
4.511268576e-07
4.228571967e-07
3.738268418e-07
3.420333615e-07
3.252175214e-07
3.16494146e-07
3.121135859e-07
3.098917889e-07
3.086414836e-07
0.0008864768026
0.001822682854
0.002809869143
0.003772612998
0.004816922176
0.006002028916
0.007364095209
0.00888123443
0.01046008921
0.01141385945
0.01102207987
0.008170779935
0.003105145178
0.0008513972384
0.0002107462334
4.188908101e-05
7.528773311e-06
1.829600727e-06
7.074979444e-07
5.083535593e-07
4.727519568e-07
4.670708008e-07
4.659503811e-07
4.652400648e-07
4.618040462e-07
4.51472763e-07
4.232826298e-07
3.742062556e-07
3.422223169e-07
3.252845205e-07
3.164936665e-07
3.120654915e-07
3.097973591e-07
3.085342382e-07
0.0009045280114
0.001800202193
0.002775677009
0.003725548054
0.004758274459
0.005936206646
0.007296167844
0.008819192905
0.01042047636
0.01144471084
0.01112729636
0.008439083335
0.003276050951
0.0009003205856
0.0002270002332
4.726065253e-05
8.096022744e-06
1.972655409e-06
7.200448367e-07
5.103556077e-07
4.733020859e-07
4.673829593e-07
4.663072834e-07
4.655712442e-07
4.62096656e-07
4.517797506e-07
4.236303339e-07
3.744846282e-07
3.423712092e-07
3.253399644e-07
3.164922428e-07
3.120297872e-07
3.097445049e-07
3.084328239e-07
0.0009266291616
0.001790959627
0.002750221559
0.003684739398
0.004705646812
0.005878445467
0.007238575886
0.00876748318
0.01038557068
0.01146819148
0.01120919202
0.008661906208
0.003421646447
0.0009413637828
0.0002404606335
5.180520196e-05
8.758164976e-06
2.057570213e-06
7.413179497e-07
5.139182196e-07
4.738161625e-07
4.676888002e-07
4.665473855e-07
4.65901433e-07
4.624017235e-07
4.520547504e-07
4.239777687e-07
3.748028839e-07
3.425331003e-07
3.253994381e-07
3.16490849e-07
3.119845952e-07
3.096552948e-07
3.083306845e-07
3.082071552e-07
0.0009485288551
0.001789920763
0.002729985193
0.003647623132
0.004656819949
0.005826236907
0.007188499986
0.008724330909
0.01035539169
0.01148607948
0.01127359672
0.00884618019
0.003544262698
0.0009765304832
0.0002522620472
5.540920692e-05
9.635950191e-06
2.183367512e-06
7.516411912e-07
5.154878165e-07
4.742269729e-07
4.679235957e-07
4.668223224e-07
4.661608841e-07
4.626355556e-07
4.523059876e-07
4.24266622e-07
3.750401771e-07
3.426634157e-07
3.254468463e-07
3.164891179e-07
3.1195105e-07
3.096052399e-07
3.082333826e-07
3.080831332e-07
0.0009659136586
0.001793479345
0.002711346599
0.003612201239
0.004610629107
0.005777391684
0.007142565416
0.008686978506
0.01032955302
0.01149958014
0.01132466741
0.008998114193
0.003648106414
0.001006996038
0.0002548673904
5.732939535e-05
1.040235103e-05
2.253729853e-06
7.684409754e-07
5.182715705e-07
4.746245176e-07
4.681602624e-07
4.670101625e-07
4.664274994e-07
4.628846097e-07
4.525348599e-07
4.245641689e-07
3.753200075e-07
3.42808951e-07
3.255027539e-07
3.164877533e-07
3.119081905e-07
3.095197925e-07
3.08134883e-07
3.07947961e-07
0.000973754042
0.001796120533
0.002690726217
0.00357756477
0.004566889247
0.005730292079
0.007097533384
0.008651102479
0.01030670077
0.01150932807
0.011365354
0.009123967946
0.003734964447
0.001033125043
0.000261218283
5.878449803e-05
1.094574691e-05
2.349482953e-06
7.757121663e-07
5.194228603e-07
4.749430129e-07
4.683431559e-07
4.672297347e-07
4.666388848e-07
4.630794114e-07
4.527497101e-07
4.248158369e-07
3.755323765e-07
3.429287095e-07
3.255465961e-07
3.164865363e-07
3.118765492e-07
3.09471933e-07
3.080405733e-07
3.078272439e-07
3.075244119e-07
0.0009682276088
0.00178616618
0.002665223393
0.003543894102
0.004525947393
0.005684063662
0.007051166087
0.00861248229
0.01028372046
0.01151530145
0.01139790877
0.009226493411
0.003809013596
0.001055326115
0.0002670854437
5.995941567e-05
1.148622913e-05
2.390987584e-06
7.883251073e-07
5.21578264e-07
4.752602976e-07
4.685325941e-07
4.673820283e-07
4.668626486e-07
4.632911655e-07
4.529484997e-07
4.250822144e-07
3.757892906e-07
3.430653197e-07
3.256007566e-07
3.164859203e-07
3.118356951e-07
3.093893152e-07
3.079447616e-07
3.076947465e-07
3.07359068e-07
0.0009513456006
0.001758899803
0.002634855361
0.003512347582
0.004488216024
0.005638528373
0.007002630504
0.008569619289
0.01025623269
0.01151647192
0.01142425569
0.009309923482
0.003872211856
0.001074101307
0.0002741767241
6.032936835e-05
1.172350928e-05
2.456936074e-06
7.928812248e-07
5.224033631e-07
4.755222127e-07
4.686809541e-07
4.675643539e-07
4.670416316e-07
4.634597192e-07
4.531397733e-07
4.253110426e-07
3.759877051e-07
3.43180061e-07
3.256440515e-07
3.164862264e-07
3.118058247e-07
3.093432764e-07
3.0785281e-07
3.075764649e-07
3.072047303e-07
3.076565671e-07
0.0009283885301
0.001709454752
0.00260178322
0.003484230114
0.004453939039
0.005594006165
0.006952488559
0.008522542144
0.01022213465
0.01151075426
0.01144521867
0.009378452491
0.003926031798
0.001090207635
0.0002763192298
6.168373236e-05
1.206515145e-05
2.475064069e-06
8.022749298e-07
5.24109334e-07
4.757864027e-07
4.688380363e-07
4.676927427e-07
4.672366878e-07
4.636464099e-07
4.533190353e-07
4.255586432e-07
3.762320442e-07
3.433127285e-07
3.256980211e-07
3.164872975e-07
3.117667649e-07
3.092628735e-07
3.077589685e-07
3.07446011e-07
3.070441835e-07
3.074596575e-07
0.0009111738413
0.001640866043
0.002569525462
0.003460576731
0.004423000998
0.005551068189
0.006902632909
0.008473466604
0.01018369266
0.01149679787
0.01145964342
0.009434925462
0.00397171381
0.001103896405
0.0002809651856
6.212068528e-05
1.216410999e-05
2.52020246e-06
8.050634165e-07
5.248134492e-07
4.760132527e-07
4.689629803e-07
4.678503312e-07
4.673938508e-07
4.63797305e-07
4.534952844e-07
4.257740809e-07
3.764238093e-07
3.434261753e-07
3.257422297e-07
3.164891592e-07
3.11738593e-07
3.092184201e-07
3.076643241e-07
3.073295757e-07
3.068893096e-07
3.072553961e-07
3.075466445e-07
0.0009179175242
0.001562319095
0.002542650832
0.003442266663
0.004395093638
0.005510172998
0.006854744001
0.008424675907
0.0101435642
0.01147674759
0.01146631201
0.00948083074
0.004010606092
0.001116496732
0.0002843306819
6.254388995e-05
1.22347024e-05
2.526664056e-06
8.123703386e-07
5.259715807e-07
4.762403022e-07
4.690964057e-07
4.679619036e-07
4.675684905e-07
4.639657627e-07
4.536605997e-07
4.260090829e-07
3.766603634e-07
3.435570637e-07
3.257968489e-07
3.164913e-07
3.117015651e-07
3.091406293e-07
3.075823205e-07
3.072020203e-07
3.067335252e-07
3.070625624e-07
3.073635931e-07
0.0009757537538
0.001491751124
0.00252649016
0.00343002056
0.004369915697
0.005471699517
0.006810008645
0.008378408684
0.01010478244
0.01145400288
0.01146720911
0.009517698232
0.004043750414
0.001126872781
0.0002882722288
6.303283567e-05
1.228656048e-05
2.560492026e-06
8.15603332e-07
5.265822653e-07
4.764390493e-07
4.692028413e-07
4.681008457e-07
4.677085086e-07
4.641016228e-07
4.53822271e-07
4.262085887e-07
3.768411454e-07
3.436658555e-07
3.25840001e-07
3.164931211e-07
3.116749361e-07
3.090980432e-07
3.074805456e-07
3.07089271e-07
3.065817676e-07
3.068636172e-07
3.070632773e-07
3.077997504e-07
0.00109536985
0.001463060166
0.002528062015
0.003424405813
0.004347348573
0.005436199937
0.006769455282
0.008336514539
0.01007031198
0.01143247332
0.01146772553
0.009551159631
0.004072882064
0.001136219983
0.0002927994887
6.35349517e-05
1.232982857e-05
2.568671346e-06
8.182423084e-07
5.271281236e-07
4.766430958e-07
4.693181014e-07
4.682005542e-07
4.678690425e-07
4.642555765e-07
4.539733488e-07
4.264255198e-07
3.770621445e-07
3.437891701e-07
3.258916852e-07
3.164947836e-07
3.116384881e-07
3.090218075e-07
3.074113674e-07
3.069640144e-07
3.064292786e-07
3.066745609e-07
3.068849467e-07
3.075331387e-07
3.085691088e-07
0.001279556825
0.001528193172
0.00255129888
0.003425634708
0.004325925143
0.0053960993
0.006721584773
0.008285362969
0.01002852832
0.01140670934
0.01147217648
0.009602050282
0.004110209138
0.001134132065
0.0002911530082
6.433130791e-05
1.239786341e-05
2.576686081e-06
8.205358435e-07
5.276343049e-07
4.768004555e-07
4.694116161e-07
4.68328287e-07
4.67998896e-07
4.643830178e-07
4.541252436e-07
4.26611461e-07
3.772321107e-07
3.438927885e-07
3.259328677e-07
3.164947214e-07
3.116120837e-07
3.089796174e-07
3.073029433e-07
3.06852247e-07
3.062778758e-07
3.064765869e-07
3.065847194e-07
3.07205115e-07
3.082426118e-07
0.001508132004
0.001659452113
0.002583318541
0.003428623857
0.00427725012
0.005288505613
0.006575010229
0.008111050477
0.009857928574
0.01135381648
0.01146922344
0.009828148864
0.004405028167
0.001220194107
0.0003143015221
6.807998571e-05
1.312421796e-05
2.688092024e-06
8.381924325e-07
5.302069603e-07
4.771195069e-07
4.69506526e-07
4.684146724e-07
4.681436632e-07
4.645180588e-07
4.542606945e-07
4.268106156e-07
3.7743869e-07
3.440095207e-07
3.259822404e-07
3.165020238e-07
3.115761247e-07
3.089045127e-07
3.072385361e-07
3.067282479e-07
3.061267858e-07
3.062895764e-07
3.064094433e-07
3.069391903e-07
3.078368026e-07
3.094567957e-07
3.125852651e-07
0.00148125244
0.002580746773
0.003431469817
0.004263233214
0.005239966519
0.006502044115
0.008024177219
0.009757328255
0.01130695049
0.01146756566
0.009951376017
0.00465646809
0.001305290108
0.0003323182479
7.306890331e-05
1.381123794e-05
2.806384609e-06
8.554236541e-07
5.324609543e-07
4.776514348e-07
4.696576629e-07
4.685313663e-07
4.682646165e-07
4.647020328e-07
4.545341042e-07
4.272100511e-07
3.77814078e-07
3.442201271e-07
3.260709867e-07
3.165154379e-07
3.11559546e-07
3.088673795e-07
3.071317016e-07
3.066188288e-07
3.059772699e-07
3.060931699e-07
3.061103468e-07
3.066142828e-07
3.075130699e-07
3.090640897e-07
3.120504295e-07
3.16271925e-07
0.001134524184
0.00249663903
0.003418198511
0.004254373351
0.005215788931
0.006459680721
0.007974506217
0.009695314747
0.01127464778
0.01146747798
0.01003544901
0.004890423717
0.001395652884
0.0003549971679
7.752066698e-05
1.490105362e-05
2.927260588e-06
8.750041537e-07
5.360282007e-07
4.780239608e-07
4.697447776e-07
4.68610751e-07
4.684007545e-07
4.648319363e-07
4.546613139e-07
4.273985411e-07
3.780119254e-07
3.443336975e-07
3.261195295e-07
3.165244458e-07
3.115239112e-07
3.087931841e-07
3.070682185e-07
3.064957254e-07
3.05826972e-07
3.059079212e-07
3.0593797e-07
3.063485534e-07
3.071090395e-07
3.085522653e-07
3.11457599e-07
3.155909647e-07
3.232405485e-07
3.350541597e-07
0.0009808959186
0.002360802309
0.003375747792
0.004239463288
0.005203885487
0.006442332238
0.00795348075
0.009667593842
0.01126072215
0.01147563113
0.01010536661
0.005097320374
0.001493664384
0.0003837083353
8.504553596e-05
1.598546047e-05
3.082474446e-06
8.949625036e-07
5.389223984e-07
4.787851598e-07
4.699081611e-07
4.687279459e-07
4.685201026e-07
4.650103261e-07
4.549317947e-07
4.277960907e-07
3.783976941e-07
3.445527533e-07
3.262114635e-07
3.165438027e-07
3.115078494e-07
3.087562835e-07
3.069616495e-07
3.063868583e-07
3.056779065e-07
3.05711962e-07
3.056385054e-07
3.060259232e-07
3.067875583e-07
3.081623382e-07
3.109261873e-07
3.148554277e-07
3.222531194e-07
3.337732372e-07
3.556504251e-07
3.977030698e-07
5.161222649e-07
0.002132061599
0.003273128599
0.004209557232
0.005206201408
0.006450053317
0.007964021738
0.009680858072
0.01127403432
0.01150110079
0.01012237551
0.005104334426
0.001495162222
0.0003844644856
8.523164227e-05
1.622559108e-05
3.085843088e-06
8.946638696e-07
5.391690406e-07
4.789185116e-07
4.699938526e-07
4.688142119e-07
4.686654115e-07
4.651439507e-07
4.550590572e-07
4.279789773e-07
3.785691319e-07
3.446486481e-07
3.262538521e-07
3.165440973e-07
3.11471802e-07
3.086818243e-07
3.068982836e-07
3.062634683e-07
3.055272472e-07
3.055270251e-07
3.054679278e-07
3.057599306e-07
3.06384156e-07
3.076522687e-07
3.103372213e-07
3.141810468e-07
3.214336072e-07
3.326683291e-07
3.540841737e-07
3.951891488e-07
5.113709775e-07
0.001087560145
0.002085607712
0.003224980272
0.004192254966
0.005207280167
0.006463777944
0.007986201723
0.009709841106
0.01128697936
0.0115153716
0.01012968089
0.005105461271
0.001496103716
0.0003849259491
8.544603154e-05
1.644833397e-05
3.107371647e-06
8.961873918e-07
5.395849678e-07
4.790680717e-07
4.700915805e-07
4.689445283e-07
4.687940089e-07
4.652638873e-07
4.55197028e-07
4.281389139e-07
3.787372695e-07
3.447561487e-07
3.262952054e-07
3.165440208e-07
3.114451561e-07
3.086395859e-07
3.067883301e-07
3.061530261e-07
3.053768294e-07
3.053302039e-07
3.051666999e-07
3.054382785e-07
3.060643642e-07
3.072648717e-07
3.09809031e-07
3.134505868e-07
3.204549512e-07
3.314031407e-07
3.523402131e-07
3.925137243e-07
5.066969658e-07
0.001350204842
0.002091681352
0.003183741284
0.004174234286
0.005209067834
0.006476927972
0.008006509958
0.009736226145
0.01129903206
0.0115283974
0.01013672779
0.005106463001
0.001497072175
0.0003853111127
8.559599967e-05
1.660955097e-05
3.139273752e-06
8.987320968e-07
5.400444289e-07
4.7923104e-07
4.701993711e-07
4.690493993e-07
4.689414754e-07
4.654005371e-07
4.553263844e-07
4.283248452e-07
3.789106116e-07
3.448528317e-07
3.263378201e-07
3.165436428e-07
3.114081484e-07
3.085639902e-07
3.06724493e-07
3.060285338e-07
3.052253987e-07
3.05145018e-07
3.049962608e-07
3.051720035e-07
3.056607058e-07
3.067556921e-07
3.092232797e-07
3.127821392e-07
3.196452747e-07
3.303147736e-07
3.50804912e-07
3.900679989e-07
5.020994329e-07
0.001572110554
0.002200390042
0.003160437936
0.004159449305
0.005214976792
0.006496996166
0.008030259103
0.009767211082
0.01131338672
0.01154509651
0.0101463605
0.005108066972
0.001497403347
0.0003856532485
8.571854303e-05
1.671465528e-05
3.174356412e-06
9.017257081e-07
5.40538107e-07
4.793989967e-07
4.703218603e-07
4.692083193e-07
4.690950239e-07
4.655339958e-07
4.554713948e-07
4.284859454e-07
3.790787242e-07
3.449605766e-07
3.263787199e-07
3.165428663e-07
3.113808629e-07
3.085211434e-07
3.066133065e-07
3.059174412e-07
3.050741423e-07
3.049474017e-07
3.046933272e-07
3.048510916e-07
3.053421195e-07
3.063701886e-07
3.086973908e-07
3.120555745e-07
3.186738485e-07
3.290632696e-07
3.490876844e-07
3.874538076e-07
4.975753984e-07
0.001783806654
0.002359210998
0.003171511055
0.004154346429
0.005229887997
0.006526573459
0.008064219128
0.009807173225
0.01133148638
0.01156683257
0.01015898358
0.005109482101
0.001497391017
0.0003861984544
8.586098601e-05
1.677419412e-05
3.208454002e-06
9.048163371e-07
5.410183912e-07
4.79594287e-07
4.704649592e-07
4.693421918e-07
4.692833652e-07
4.656934648e-07
4.556103511e-07
4.286776633e-07
3.792543179e-07
3.450576772e-07
3.264212137e-07
3.165416351e-07
3.113424826e-07
3.084439311e-07
3.065486963e-07
3.057913801e-07
3.049218068e-07
3.047614916e-07
3.045228032e-07
3.045844562e-07
3.049376216e-07
3.058614759e-07
3.081145041e-07
3.11392732e-07
3.178736582e-07
3.279909502e-07
3.475824162e-07
3.850738869e-07
4.931241684e-07
0.002009429471
0.002554847471
0.003263103008
0.004183582856
0.005266243683
0.006573383543
0.008116440192
0.009862031702
0.01135662113
0.01159599129
0.01017574844
0.005109749505
0.001496818006
0.0003862995504
8.60131636e-05
1.682075062e-05
3.23876067e-06
9.079689579e-07
5.415595883e-07
4.798056672e-07
4.706382463e-07
4.69558152e-07
4.694791836e-07
4.658516266e-07
4.557706855e-07
4.288452653e-07
3.794266919e-07
3.451680862e-07
3.26462203e-07
3.165397779e-07
3.113139052e-07
3.083997633e-07
3.064348246e-07
3.056785026e-07
3.047681859e-07
3.045615932e-07
3.042167983e-07
3.042633091e-07
3.046192585e-07
3.054767483e-07
3.075899671e-07
3.106689986e-07
3.169083779e-07
3.267519877e-07
3.458904232e-07
3.825180311e-07
4.887427712e-07
0.002297163731
0.002795666675
0.003445871992
0.004290949143
0.005347952635
0.006651336406
0.008197305291
0.009939992893
0.01139406942
0.01163754227
0.01019966819
0.005109438798
0.001496224906
0.000386278257
8.616460765e-05
1.686734478e-05
3.265586977e-06
9.110957944e-07
5.421089844e-07
4.800762016e-07
4.708535378e-07
4.697506296e-07
4.697310591e-07
4.660490848e-07
4.559280004e-07
4.29052463e-07
3.796110469e-07
3.452682564e-07
3.265053912e-07
3.165370788e-07
3.11272872e-07
3.083191006e-07
3.063682435e-07
3.055490132e-07
3.045886884e-07
3.043732663e-07
3.040449621e-07
3.039947352e-07
3.042119231e-07
3.049669072e-07
3.070083855e-07
3.10010438e-07
3.161164593e-07
3.256944271e-07
3.444135869e-07
3.80201053e-07
4.844305812e-07
0.002695170864
0.003072029754
0.003693991573
0.004495466056
0.005508892701
0.006784699127
0.008320498648
0.01005043594
0.01145132199
0.01169842691
0.01023594015
0.005111282542
0.001495186532
0.0003863008467
8.630490069e-05
1.692035649e-05
3.290544941e-06
9.142628132e-07
5.428844453e-07
4.803887012e-07
4.711301727e-07
4.700813317e-07
4.700106519e-07
4.662570326e-07
4.561205717e-07
4.292360761e-07
3.797955684e-07
3.453856456e-07
3.265472264e-07
3.165331549e-07
3.112415859e-07
3.082720945e-07
3.062486855e-07
3.054321437e-07
3.044802059e-07
3.041683623e-07
3.037329239e-07
3.036702795e-07
3.038927981e-07
3.045808404e-07
3.064827633e-07
3.092874424e-07
3.151552507e-07
3.244660014e-07
3.427446154e-07
3.777001753e-07
4.801845747e-07
0.003152787579
0.003377576884
0.003944314535
0.004762973095
0.005769128676
0.007007430359
0.008508324285
0.01021035394
0.01154045648
0.011785452
0.01029062681
0.005113440517
0.001493748175
0.0003860518746
8.637434014e-05
1.698038587e-05
3.314533658e-06
9.172936628e-07
5.436165285e-07
4.808227635e-07
4.714916971e-07
4.703919221e-07
4.703962524e-07
4.665341338e-07
4.56317041e-07
4.294774302e-07
3.800001658e-07
3.454931198e-07
3.265921333e-07
3.165275031e-07
3.111952149e-07
3.081842741e-07
3.061777461e-07
3.052952753e-07
3.042674312e-07
3.039745538e-07
3.035573693e-07
3.033963979e-07
3.03478826e-07
3.040664621e-07
3.058996906e-07
3.086306058e-07
3.143693271e-07
3.234209465e-07
3.412937925e-07
3.7544272e-07
4.760041366e-07
0.004038478
0.003946904374
0.004227197967
0.005009687611
0.006077201562
0.007327530413
0.008779517369
0.01043229868
0.01167715825
0.01192687412
0.01038629611
0.005123510306
0.001490915045
0.0003858875491
8.638552196e-05
1.704646342e-05
3.337762179e-06
9.20412372e-07
5.450287216e-07
4.813528062e-07
4.719767383e-07
4.709528457e-07
4.708419888e-07
4.668419608e-07
4.565744496e-07
4.296935424e-07
3.80210417e-07
3.456247958e-07
3.266356936e-07
3.165192783e-07
3.111583458e-07
3.081313975e-07
3.060466574e-07
3.051700741e-07
3.041528125e-07
3.037594651e-07
3.032333634e-07
3.030627818e-07
3.031562241e-07
3.036770545e-07
3.053678307e-07
3.079044194e-07
3.13408356e-07
3.22199529e-07
3.396443599e-07
3.729925954e-07
4.718861177e-07
0.00481925518
0.004948560153
0.004741819482
0.005259597174
0.006346879527
0.007709289228
0.009195686311
0.01076445592
0.01187691537
0.01213506227
0.0105396385
0.005143157313
0.001489811962
0.0003855807779
8.641612191e-05
1.711952846e-05
3.360278831e-06
9.237462685e-07
5.460475847e-07
4.821238879e-07
4.726322841e-07
4.715005846e-07
4.714810296e-07
4.672709384e-07
4.568453864e-07
4.300006637e-07
3.804539509e-07
3.457458757e-07
3.26683409e-07
3.165073103e-07
3.111003038e-07
3.080289755e-07
3.059667732e-07
3.050186909e-07
3.039223889e-07
3.035539158e-07
3.030494692e-07
3.027778834e-07
3.027286584e-07
3.031515757e-07
3.047777216e-07
3.072445728e-07
3.126242933e-07
3.211630513e-07
3.382157123e-07
3.707902276e-07
4.678297965e-07
0.005688419163
0.006538810517
0.006102162417
0.005758034318
0.006462031573
0.007853415928
0.009496326662
0.01109177885
0.01226791894
0.01257801308
0.01076179721
0.005190989371
0.00149401885
0.0003849153758
8.65103217e-05
1.719763005e-05
3.383179336e-06
9.275506451e-07
5.484906884e-07
4.831081593e-07
4.735352463e-07
4.725209525e-07
4.722247656e-07
4.677612483e-07
4.572222076e-07
4.302734042e-07
3.807105464e-07
3.45902983e-07
3.267288865e-07
3.164895591e-07
3.110541984e-07
3.07964873e-07
3.058131818e-07
3.048769035e-07
3.037954102e-07
3.033192484e-07
3.027022126e-07
3.024262415e-07
3.023952815e-07
3.027526871e-07
3.042324601e-07
3.065081263e-07
3.116567318e-07
3.199425388e-07
3.365802014e-07
3.683851477e-07
4.638307416e-07
0.006120677215
0.0079768041
0.008339361403
0.007485338166
0.006991565042
0.007992689963
0.009964831345
0.01202836838
0.01327937835
0.01330938788
0.01116237503
0.005316671199
0.00150093227
0.0003853283779
8.678193792e-05
1.730052245e-05
3.410053754e-06
9.321889823e-07
5.503325845e-07
4.845541414e-07
4.747742249e-07
4.735391178e-07
4.733033364e-07
4.684478079e-07
4.576174867e-07
4.306879625e-07
3.810138022e-07
3.460408968e-07
3.267779279e-07
3.164674751e-07
3.109719987e-07
3.078346789e-07
3.057162031e-07
3.046984855e-07
3.035322374e-07
3.030912297e-07
3.025021859e-07
3.021205016e-07
3.019427748e-07
3.022033642e-07
3.036272541e-07
3.058374572e-07
3.10867816e-07
3.189084228e-07
3.351679995e-07
3.662349448e-07
4.598879387e-07
0.006303718193
0.007983782291
0.009680179164
0.009772724335
0.008777414682
0.0084302389
0.009923032512
0.01242765881
0.01441660375
0.01449536709
0.01179843588
0.005563203474
0.001571320693
0.0003885770565
8.747182128e-05
1.748796367e-05
3.447261721e-06
9.393135988e-07
5.550393012e-07
4.86449836e-07
4.764986206e-07
4.754562081e-07
4.745085892e-07
4.692184351e-07
4.581801346e-07
4.310247361e-07
3.813250646e-07
3.462280926e-07
3.268183529e-07
3.164403295e-07
3.109080926e-07
3.077484956e-07
3.055219878e-07
3.045268521e-07
3.033831245e-07
3.028221018e-07
3.021140994e-07
3.017373475e-07
3.015862545e-07
3.017850464e-07
3.030595212e-07
3.050802576e-07
3.098836587e-07
3.176800853e-07
3.335387227e-07
3.63871484e-07
4.559975923e-07
0.006202465235
0.00758410194
0.009451505319
0.0107958689
0.01069833132
0.009723602077
0.00982541537
0.01184303979
0.01436453968
0.01552612347
0.0130615791
0.006263369734
0.001635103494
0.0004041773208
9.023575056e-05
1.800383656e-05
3.539095926e-06
9.53724998e-07
5.594532849e-07
4.892958579e-07
4.788728627e-07
4.77387279e-07
4.762240714e-07
4.702544331e-07
4.587228428e-07
4.315585513e-07
3.816732778e-07
3.463629321e-07
3.268534146e-07
3.163958401e-07
3.107826583e-07
3.075702997e-07
3.053954522e-07
3.043030689e-07
3.030656132e-07
3.025567966e-07
3.018873249e-07
3.013975758e-07
3.01093276e-07
3.011988873e-07
3.024260343e-07
3.043890417e-07
3.090817558e-07
3.166410384e-07
3.321365655e-07
3.617697646e-07
4.521607276e-07
0.005722509601
0.006869270916
0.008536309571
0.01029350524
0.01116565279
0.01089544094
0.0100452917
0.01062799684
0.01312951849
0.01516813117
0.01436516604
0.007396758919
0.002167062021
0.0004583917394
9.953858802e-05
1.945206935e-05
3.755720479e-06
9.854309896e-07
5.681742826e-07
4.928373194e-07
4.821664321e-07
4.809966851e-07
4.779262569e-07
4.713134373e-07
4.594639856e-07
4.318676829e-07
3.819598211e-07
3.465325783e-07
3.268439322e-07
3.163097296e-07
3.106794189e-07
3.074457029e-07
3.051371843e-07
3.040855432e-07
3.028829542e-07
3.022365918e-07
3.014395645e-07
3.009686149e-07
3.007032896e-07
3.007519891e-07
3.018262716e-07
3.036017659e-07
3.080725137e-07
3.153979266e-07
3.305078513e-07
3.594421993e-07
4.483747814e-07
0.004120412588
0.005238289579
0.00678074813
0.008610354689
0.01021541011
0.01071098695
0.01031682984
0.009795569469
0.01076296605
0.01337209164
0.0141967151
0.01063160949
0.002955758192
0.0006615111496
0.0001317339488
2.401704277e-05
4.347376627e-06
1.061444555e-06
5.825253418e-07
5.006157507e-07
4.867833542e-07
4.835417022e-07
4.802521409e-07
4.726130261e-07
4.600266502e-07
4.32386318e-07
3.821933052e-07
3.465519285e-07
3.26785746e-07
3.162090498e-07
3.104784115e-07
3.071905724e-07
3.04964946e-07
3.037960219e-07
3.024892527e-07
3.019200933e-07
3.01176531e-07
3.005838057e-07
3.001576909e-07
3.001184016e-07
3.011568852e-07
3.028845035e-07
3.072538453e-07
3.143512568e-07
3.291141126e-07
3.573871669e-07
4.446413149e-07
0.001829417406
0.002624666167
0.003915699045
0.005699490263
0.007652940658
0.009244813698
0.009727169729
0.00942288112
0.009128860861
0.01016143747
0.01246598823
0.0116979342
0.005674993628
0.001188216519
0.0002600713633
4.508830764e-05
7.014894431e-06
1.357479751e-06
6.168750897e-07
5.059435914e-07
4.921711952e-07
4.882436394e-07
4.821387229e-07
4.737696187e-07
4.608568338e-07
4.324816831e-07
3.823137941e-07
3.466087976e-07
3.266751637e-07
3.159889832e-07
3.102881463e-07
3.069864978e-07
3.045817985e-07
3.034895395e-07
3.022419322e-07
3.015034569e-07
3.006165345e-07
3.000679466e-07
2.997043782e-07
2.996151904e-07
3.004970327e-07
3.020390531e-07
3.061935378e-07
3.130718513e-07
3.274687657e-07
3.550818815e-07
4.409446943e-07
0.0005322072705
0.0007495227332
0.001201628007
0.002111093855
0.003675786205
0.005673405846
0.0074762891
0.008299175431
0.008198408719
0.007995831052
0.008789634558
0.01045330947
0.008748219681
0.003019590717
0.0006536701896
0.0001524724184
2.658752537e-05
3.968310133e-06
8.936402606e-07
5.418078311e-07
4.980219971e-07
4.900045626e-07
4.849958204e-07
4.75404158e-07
4.616450476e-07
4.33736888e-07
3.830914236e-07
3.467780954e-07
3.266389877e-07
3.158216834e-07
3.098787949e-07
3.064807243e-07
3.042528961e-07
3.029548802e-07
3.015485697e-07
3.009756227e-07
3.002004612e-07
2.994883882e-07
2.989261842e-07
2.987600137e-07
2.9964476e-07
3.011735964e-07
3.052505258e-07
3.119204254e-07
3.259989955e-07
3.530033595e-07
4.372462852e-07
0.0001287427704
0.0001674259054
0.0003031840937
0.0004697137652
0.001029176483
0.001709733967
0.003204776246
0.005003725249
0.006366814483
0.006755163465
0.006662295058
0.007032745388
0.007890059903
0.006414269949
0.00220118944
0.0006093202308
0.0001161215126
2.483969128e-05
4.399761981e-06
9.963626589e-07
5.480065946e-07
4.971722791e-07
4.857972544e-07
4.7651401e-07
4.633979844e-07
4.351143848e-07
3.849376921e-07
3.478615265e-07
3.26791355e-07
3.1543953e-07
3.09495818e-07
3.060195053e-07
3.033389377e-07
3.022500426e-07
3.009985619e-07
3.000727803e-07
2.990547875e-07
2.985003079e-07
2.9811586e-07
2.979204501e-07
2.986171683e-07
2.999528317e-07
3.038308359e-07
3.103324071e-07
3.241016623e-07
3.505287403e-07
4.335216845e-07
2.362729117e-05
3.571143739e-05
5.498837538e-05
0.0001007535756
0.0001879461092
0.0003845343678
0.0006746747196
0.00142826404
0.002377824624
0.003834757998
0.004881359968
0.00510406378
0.005256459236
0.005579611167
0.004632962541
0.001990840684
0.0006406347138
0.0001079495614
2.387531245e-05
6.044403518e-06
1.439917503e-06
6.191993083e-07
5.003279353e-07
4.772856884e-07
4.63733459e-07
4.380446873e-07
3.874251845e-07
3.486845836e-07
3.268802603e-07
3.151340173e-07
3.085430851e-07
3.048433718e-07
3.025932724e-07
3.010094984e-07
2.994397127e-07
2.989413098e-07
2.981955749e-07
2.973384732e-07
2.966360154e-07
2.963933633e-07
2.972001662e-07
2.986200373e-07
3.024818072e-07
3.088178641e-07
3.223284379e-07
3.482360466e-07
4.29765307e-07
3.698162866e-06
5.028523605e-06
7.707523569e-06
1.3937426e-05
2.876625223e-05
6.302183585e-05
0.0001335370712
0.0002653433545
0.0005550492658
0.0009335784082
0.001682817466
0.002693646703
0.003420198784
0.003610832263
0.003728665153
0.003227169944
0.001886869158
0.000621768216
0.0001873379211
4.411804101e-05
1.004707176e-05
2.357292035e-06
7.946712746e-07
5.194542593e-07
4.669689759e-07
4.40855277e-07
3.915701541e-07
3.51411623e-07
3.272129143e-07
3.142741473e-07
3.077472741e-07
3.038585764e-07
3.006901211e-07
2.99616828e-07
2.983524131e-07
2.971445429e-07
2.959967578e-07
2.955219981e-07
2.952035985e-07
2.949635286e-07
2.955210365e-07
2.96732922e-07
3.004286459e-07
3.066839962e-07
3.199806235e-07
3.454465379e-07
4.259502126e-07
7.792760543e-07
8.432634397e-07
9.536750131e-07
1.170045604e-06
1.670736131e-06
2.999860745e-06
6.71928565e-06
1.666004317e-05
4.080291627e-05
9.39894261e-05
0.0001916793599
0.0003425502397
0.0007007226843
0.001100470564
0.001785035696
0.002221261611
0.002426820728
0.002168060544
0.001553848869
0.0006893328053
0.0001925269781
4.75830697e-05
9.403878562e-06
3.377266857e-06
1.119401318e-06
5.805373865e-07
4.505080954e-07
3.953727813e-07
3.517169429e-07
3.273162108e-07
3.136347344e-07
3.057258219e-07
3.015472416e-07
2.992636595e-07
2.971501433e-07
2.953614157e-07
2.950697412e-07
2.944223687e-07
2.933685087e-07
2.925202404e-07
2.922760797e-07
2.931232156e-07
2.945643182e-07
2.98314868e-07
3.044289721e-07
3.174927479e-07
3.424607632e-07
4.207238649e-07
5.228862186e-07
5.270658672e-07
5.372391828e-07
5.509126765e-07
5.799184906e-07
6.550483444e-07
8.821342958e-07
1.609235938e-06
3.87383177e-06
1.032571473e-05
2.622742584e-05
6.045641859e-05
0.000124072101
0.0002518485876
0.0004228043925
0.0007280070326
0.001100575343
0.001487837663
0.001436552683
0.001150282642
0.0007510086458
0.0002749607547
9.700089416e-05
2.639306092e-05
7.015443183e-06
1.96221684e-06
7.666275221e-07
4.650263477e-07
3.68606712e-07
3.293989687e-07
3.118285859e-07
3.042725192e-07
2.995157161e-07
2.954656871e-07
2.945870663e-07
2.932748552e-07
2.914706212e-07
2.901369742e-07
2.899306355e-07
2.89834533e-07
2.895888726e-07
2.899468007e-07
2.910254474e-07
2.945383705e-07
3.005662588e-07
3.133328091e-07
3.376543244e-07
4.135168589e-07
4.660399398e-07
4.667966078e-07
4.680361726e-07
4.693127154e-07
4.715483577e-07
4.743698719e-07
4.884558054e-07
5.232712665e-07
6.460603969e-07
1.073117469e-06
2.436493679e-06
6.355322369e-06
1.621416172e-05
3.888799578e-05
8.158077528e-05
0.0001455315903
0.0002860407325
0.0004501007237
0.000720229721
0.0008845865607
0.0008100434734
0.0006192668219
0.0003471850176
0.0001040256325
3.415576678e-05
9.220525499e-06
3.269960381e-06
1.172150775e-06
5.382318729e-07
3.645476653e-07
3.1620306e-07
3.000803191e-07
2.951856547e-07
2.928624742e-07
2.895033649e-07
2.874706025e-07
2.877179367e-07
2.871777638e-07
2.856464173e-07
2.845255819e-07
2.843264003e-07
2.853520937e-07
2.868807906e-07
2.904741885e-07
2.962421402e-07
3.085733431e-07
3.319659171e-07
4.041679403e-07
3.918830945e-07
3.924945233e-07
3.933336532e-07
3.94218874e-07
3.954684859e-07
3.967825519e-07
3.98586209e-07
4.016398138e-07
4.045796579e-07
4.349274762e-07
5.06320938e-07
7.578663241e-07
1.566634013e-06
3.934475208e-06
9.973562377e-06
2.328392664e-05
4.960114396e-05
9.993714037e-05
0.0001688726651
0.0002767959603
0.0004688094475
0.0005157580672
0.0004649554789
0.0003462266953
0.0001746570399
5.464510403e-05
1.952226788e-05
5.579926741e-06
1.916670343e-06
7.406875913e-07
4.007005532e-07
3.131281209e-07
2.910872973e-07
2.839634902e-07
2.853075755e-07
2.835283171e-07
2.802130575e-07
2.788814682e-07
2.793152885e-07
2.795740567e-07
2.792613682e-07
2.791437679e-07
2.799753821e-07
2.831868142e-07
2.887842313e-07
3.005689057e-07
3.227773379e-07
3.936707619e-07
3.236953123e-07
3.240192314e-07
3.244373753e-07
3.24911981e-07
3.255328068e-07
3.262348023e-07
3.271592041e-07
3.282246538e-07
3.295481226e-07
3.317311901e-07
3.341990439e-07
3.525058124e-07
3.947979022e-07
5.430051155e-07
1.020418089e-06
2.401825711e-06
5.969035989e-06
1.432287597e-05
3.094337734e-05
5.572807437e-05
0.0001102463523
0.0001639804462
0.0002919677997
0.0002946925305
0.0002640648034
0.0001891634814
8.721831682e-05
2.877102849e-05
1.04726677e-05
3.395609328e-06
1.183177637e-06
5.130077509e-07
3.311267156e-07
2.855921871e-07
2.731475811e-07
2.734142207e-07
2.745923624e-07
2.736237752e-07
2.707805242e-07
2.692836018e-07
2.693440942e-07
2.709067154e-07
2.724927412e-07
2.757612997e-07
2.809234842e-07
2.919403862e-07
3.125046659e-07
3.769775379e-07
2.809043249e-07
2.810056249e-07
2.811269381e-07
2.812772127e-07
2.814569997e-07
2.816819907e-07
2.819510589e-07
2.822928121e-07
2.826990848e-07
2.832380871e-07
2.838118526e-07
2.850711276e-07
2.872560829e-07
2.955884378e-07
3.199957947e-07
4.050131637e-07
6.800049035e-07
1.490644037e-06
3.620466541e-06
8.356924752e-06
1.855903471e-05
3.621998442e-05
6.493379877e-05
0.0001060566259
0.0001776719319
0.0001705224809
0.0001512445853
0.0001048210674
4.488708531e-05
1.35123787e-05
5.087687527e-06
1.96874571e-06
7.886764552e-07
4.030293645e-07
2.924882702e-07
2.644489689e-07
2.570127817e-07
2.581687841e-07
2.606527708e-07
2.610767291e-07
2.603501608e-07
2.590190372e-07
2.595644996e-07
2.623082671e-07
2.671592988e-07
2.772638196e-07
2.959249144e-07
3.552736145e-07
2.610389525e-07
2.610577934e-07
2.610868992e-07
2.611141971e-07
2.611582619e-07
2.61198402e-07
2.612654718e-07
2.613256427e-07
2.614287004e-07
2.61521315e-07
2.616817921e-07
2.618305038e-07
2.620876504e-07
2.623964949e-07
2.631331433e-07
2.675166533e-07
2.809661501e-07
3.288622046e-07
4.867204803e-07
9.471215386e-07
2.195478751e-06
5.055794576e-06
1.132031599e-05
2.082601741e-05
4.13531166e-05
6.462292842e-05
0.0001048391949
0.0001036070571
8.825909558e-05
5.939377437e-05
2.488674806e-05
9.344164705e-06
3.306642495e-06
1.136328709e-06
5.024704847e-07
3.107104267e-07
2.58905934e-07
2.48589419e-07
2.43420593e-07
2.420686447e-07
2.433639565e-07
2.461799439e-07
2.476916307e-07
2.502337226e-07
2.544577956e-07
2.633743783e-07
2.795299878e-07
3.334013606e-07
2.335955133e-07
2.336003679e-07
2.336042473e-07
2.336114411e-07
2.33617522e-07
2.336287799e-07
2.336381353e-07
2.336554272e-07
2.33669963e-07
2.336969137e-07
2.337198292e-07
2.337624965e-07
2.337994321e-07
2.33867777e-07
2.339374261e-07
2.340225947e-07
2.345903779e-07
2.368014357e-07
2.447066414e-07
2.734941748e-07
3.719182736e-07
6.662241272e-07
1.497827936e-06
3.40133945e-06
7.229415372e-06
1.527656154e-05
2.679236551e-05
4.81935388e-05
7.158481506e-05
6.621827388e-05
4.971335756e-05
1.964335997e-05
6.163373206e-06
2.223380543e-06
6.930003774e-07
3.492826458e-07
2.487806801e-07
2.310486968e-07
2.321116927e-07
2.310296658e-07
2.272725753e-07
2.243975939e-07
2.248072683e-07
2.270573931e-07
2.307669629e-07
2.38426227e-07
2.519903632e-07
2.969584657e-07
2.19217647e-07
2.19223363e-07
2.192301425e-07
2.192381273e-07
2.192483266e-07
2.192602538e-07
2.192753435e-07
2.192925664e-07
2.19314909e-07
2.193397577e-07
2.193731126e-07
2.194085953e-07
2.194558509e-07
2.195042499e-07
2.195719953e-07
2.196393927e-07
2.197390582e-07
2.198847242e-07
2.200683557e-07
2.214926654e-07
2.236500572e-07
2.512892573e-07
3.260096262e-07
5.546720448e-07
1.172310859e-06
2.655946678e-06
5.816305376e-06
1.098724301e-05
2.169131462e-05
4.427546797e-05
4.394519759e-05
3.647477854e-05
1.767974352e-05
4.299117983e-06
1.622681446e-06
5.747707112e-07
2.838231556e-07
2.1208329e-07
1.980294756e-07
1.956634295e-07
2.039181784e-07
2.094259464e-07
2.112946846e-07
2.135045385e-07
2.169288889e-07
2.236915789e-07
2.345521315e-07
2.738205055e-07
1.749897843e-07
1.749916477e-07
1.74993795e-07
1.749962525e-07
1.749991057e-07
1.750023758e-07
1.750062165e-07
1.750106251e-07
1.750158997e-07
1.750219519e-07
1.750293999e-07
1.75038825e-07
1.750512249e-07
1.750668133e-07
1.75087179e-07
1.751113222e-07
1.751385544e-07
1.751697617e-07
1.752115868e-07
1.752923996e-07
1.754717356e-07
1.766257791e-07
1.810475565e-07
1.973537165e-07
2.519051321e-07
4.145423757e-07
8.451337991e-07
1.840263248e-06
4.088756217e-06
9.393259706e-06
1.541117798e-05
2.300884763e-05
2.148942742e-05
1.636650725e-05
8.066133886e-06
3.429629531e-06
1.347459191e-06
5.599028265e-07
2.875368856e-07
2.02741974e-07
1.773072948e-07
1.722382961e-07
1.722723855e-07
1.737286599e-07
1.761870219e-07
1.809082036e-07
1.885623438e-07
2.130967898e-07
1.750623447e-07
1.750606783e-07
1.750588062e-07
1.750566981e-07
1.75054348e-07
1.750517524e-07
1.750489247e-07
1.750459053e-07
2.194885869e-07
2.194865869e-07
2.194819911e-07
2.194759137e-07
2.19468247e-07
2.194585535e-07
2.19446353e-07
2.339613914e-07
2.33960189e-07
2.339574836e-07
2.33953816e-07
2.33949178e-07
2.339433097e-07
2.339359318e-07
2.612290296e-07
2.612131031e-07
2.611911413e-07
2.611682057e-07
2.611373198e-07
2.61104738e-07
2.790742839e-07
2.789925743e-07
2.788949336e-07
2.787791763e-07
3.158131135e-07
3.155484676e-07
3.151721287e-07
3.768146013e-07
3.76256777e-07
4.487420989e-07
0.003945883669
0.007136104024
0.008144360618
0.008883996795
0.009210300759
0.008766255737
0.00703330934
0.003103704297
0.0008344134413
0.0002467757147
5.343112807e-05
1.043237149e-05
2.848926646e-06
8.336512597e-07
5.239275915e-07
4.670327969e-07
4.480045154e-07
4.370588802e-07
4.31528877e-07
4.279728373e-07
4.272511931e-07
4.261442173e-07
0.003142705054
0.006209828378
0.007365354576
0.008287264781
0.008940970077
0.00899770429
0.008226680446
0.005568993809
0.001938907072
0.0005292416962
0.0001152750664
3.066196992e-05
6.86140599e-06
2.019530889e-06
8.309102278e-07
5.384540947e-07
4.597823133e-07
4.452111336e-07
4.39081914e-07
4.350148031e-07
4.319104427e-07
4.311556576e-07
4.305001713e-07
4.278210229e-07
4.224735476e-07
0.002512316415
0.005434747303
0.006709218938
0.007766859453
0.008616694809
0.009045548553
0.008831073222
0.007546111666
0.00378226956
0.001269910045
0.0003797586126
7.551255364e-05
1.743716493e-05
3.788937122e-06
1.237244606e-06
5.917823499e-07
4.909256459e-07
4.515029995e-07
4.435798225e-07
4.386668625e-07
4.368044647e-07
4.355342907e-07
4.346412942e-07
4.32561645e-07
4.280391116e-07
4.186308731e-07
3.857901491e-07
0.002020298846
0.004755784341
0.006103036619
0.007254112463
0.008245019969
0.008959962731
0.009132378409
0.008491797409
0.005987039013
0.002105262344
0.0006311762431
0.0001730260298
3.613988663e-05
9.246002784e-06
2.22222638e-06
8.653120678e-07
5.155749911e-07
4.664564832e-07
4.498553242e-07
4.437898947e-07
4.401087387e-07
4.391827848e-07
4.387979399e-07
4.368646153e-07
4.325332205e-07
4.225675848e-07
3.891773399e-07
3.517319978e-07
0.001657135764
0.004129226201
0.005565703792
0.006798035033
0.007901573601
0.008826323089
0.00936873348
0.009193031447
0.007831600191
0.003731360964
0.001339435086
0.0003032707314
8.03997884e-05
1.725757608e-05
3.894434297e-06
1.070643054e-06
6.027067356e-07
4.783056203e-07
4.54465468e-07
4.468818459e-07
4.437380721e-07
4.421721543e-07
4.415797999e-07
4.40168367e-07
4.364393345e-07
4.259613126e-07
3.924140591e-07
3.537508944e-07
3.322432449e-07
0.001416031968
0.003613212957
0.005084398016
0.006362005589
0.00753325193
0.008569186022
0.009358290371
0.009547637464
0.008723783836
0.005630557911
0.00199207149
0.0005890052451
0.0001347121205
3.121956867e-05
6.604269551e-06
1.907195015e-06
6.755978312e-07
5.073470368e-07
4.598861515e-07
4.505930016e-07
4.460623067e-07
4.44742424e-07
4.444293975e-07
4.430084161e-07
4.394914788e-07
4.284897108e-07
3.948034021e-07
3.550916614e-07
3.328012191e-07
3.212512939e-07
0.001244581871
0.003140581895
0.004654944706
0.005956198919
0.007177927693
0.008308024493
0.009296519011
0.009760097706
0.009328731213
0.007358707525
0.002946009388
0.0008749754258
0.0002313113786
4.705428683e-05
1.069675284e-05
2.499244464e-06
8.981617841e-07
5.272575255e-07
4.700882097e-07
4.531452669e-07
4.4865762e-07
4.467485919e-07
4.462857338e-07
4.452503198e-07
4.421173361e-07
4.307450511e-07
3.970366678e-07
3.565872677e-07
3.334134371e-07
3.213960028e-07
3.151155032e-07
0.001144056583
0.002845579222
0.00431421215
0.005603844047
0.006853015779
0.008052481227
0.009162859074
0.009941945185
0.009827763804
0.008529999633
0.004170605306
0.001316972823
0.0003460215956
9.458836936e-05
1.67117078e-05
4.265723504e-06
1.055035173e-06
5.800304366e-07
4.757456273e-07
4.561588947e-07
4.50301204e-07
4.48535247e-07
4.482083376e-07
4.471195823e-07
4.439035137e-07
4.324461062e-07
3.986755149e-07
3.575910821e-07
3.338576538e-07
3.215191012e-07
3.150289933e-07
3.118441794e-07
0.001072149255
0.002621066098
0.004025560065
0.005290545161
0.006550195153
0.007800311447
0.008996571931
0.009958978267
0.0101013449
0.009137198469
0.005446587097
0.001815068666
0.0005111795042
0.0001224504169
2.444946426e-05
5.333024069e-06
1.455004565e-06
6.127686651e-07
4.885598247e-07
4.584013224e-07
4.521419149e-07
4.498813973e-07
4.494558004e-07
4.486374121e-07
4.455073247e-07
4.339045483e-07
4.002106996e-07
3.586609076e-07
3.343135451e-07
3.216430536e-07
3.149978519e-07
3.116679186e-07
0.001017701027
0.002451471001
0.00379135849
0.005023731273
0.006279537138
0.00756359784
0.008827184316
0.009940964631
0.0103318908
0.009628961387
0.00657873696
0.002345053903
0.0006732525533
0.0001737324206
3.172442459e-05
7.854523123e-06
1.690430826e-06
6.903616996e-07
4.954095925e-07
4.609617806e-07
4.533157787e-07
4.511147111e-07
4.507439002e-07
4.498682238e-07
4.466127602e-07
4.350254398e-07
4.01329095e-07
3.593835314e-07
3.346479421e-07
3.217459222e-07
3.149527968e-07
3.115669468e-07
3.099442276e-07
0.0009769170828
0.002324965699
0.003606781605
0.004804246006
0.006046162422
0.00734776173
0.008662122112
0.00989261594
0.01047580675
0.01001163752
0.007461501166
0.002912183875
0.0008270589153
0.000208852523
4.291711355e-05
9.169862283e-06
2.211818581e-06
7.328677891e-07
5.100101373e-07
4.629467432e-07
4.546196864e-07
4.520206901e-07
4.515828268e-07
4.508955319e-07
4.476358874e-07
4.359699024e-07
4.02378055e-07
3.601320248e-07
3.349761393e-07
3.21842936e-07
3.149405391e-07
3.114548166e-07
3.097828838e-07
0.0009479186438
0.002232185223
0.003466665207
0.00463243308
0.005856773595
0.007163315512
0.008508492767
0.009816331218
0.01061408204
0.01031244482
0.00823215791
0.003429341791
0.0009789979874
0.0002572854762
5.077247909e-05
1.205917414e-05
2.482183789e-06
8.234159061e-07
5.173859848e-07
4.652673743e-07
4.554617244e-07
4.528666654e-07
4.524455697e-07
4.517101571e-07
4.483445721e-07
4.367115135e-07
4.031354384e-07
3.606396863e-07
3.35217869e-07
3.219219081e-07
3.149165746e-07
3.113914886e-07
3.096699593e-07
3.087529296e-07
0.0009278428322
0.002159194035
0.003350379188
0.004492686503
0.005698280327
0.007000477785
0.008370359642
0.009736526211
0.01069143671
0.01053693512
0.008818065404
0.003918411416
0.00113996431
0.0002901683292
6.695830608e-05
1.353576342e-05
3.039125164e-06
8.686562857e-07
5.320470353e-07
4.670994058e-07
4.56381152e-07
4.53477418e-07
4.530094185e-07
4.524046784e-07
4.490083276e-07
4.373273734e-07
4.038473815e-07
3.611559771e-07
3.354486097e-07
3.219937055e-07
3.149130663e-07
3.113192352e-07
3.09564154e-07
3.086425861e-07
0.0009161922359
0.002102686713
0.003259147935
0.004380147433
0.005567464336
0.006862048945
0.008249131238
0.009658388802
0.01072750324
0.01069458163
0.009245658207
0.004374956994
0.001292938915
0.0003340283855
7.432043326e-05
1.653544531e-05
3.309311451e-06
9.583923375e-07
5.39081708e-07
4.699562582e-07
4.569986339e-07
4.540607363e-07
4.535954056e-07
4.52955944e-07
4.494722346e-07
4.378278426e-07
4.043751869e-07
3.615202578e-07
3.356262702e-07
3.220540374e-07
3.148988626e-07
3.112761852e-07
3.094848819e-07
3.085060264e-07
0.0009120166076
0.002059973846
0.003190498914
0.004290638806
0.005460814104
0.006746843256
0.008145043957
0.009586175121
0.01074695105
0.0108151913
0.00952994131
0.004800703329
0.001432598993
0.0003727916919
8.823959177e-05
1.791792211e-05
3.835660349e-06
1.001029847e-06
5.524531097e-07
4.713626526e-07
4.57668868e-07
4.544875877e-07
4.539921504e-07
4.534540896e-07
4.49915415e-07
4.382696166e-07
4.048926382e-07
3.619016831e-07
3.35798123e-07
3.221069343e-07
3.148941826e-07
3.112166182e-07
3.09397684e-07
3.084142942e-07
0.0009137551508
0.00202781687
0.00313875167
0.004219455269
0.005374157705
0.006651909464
0.008057144369
0.009521759263
0.01075459158
0.01091368763
0.009731702754
0.005172573442
0.001559098545
0.0004066839505
9.269718548e-05
2.053327349e-05
4.078047264e-06
1.081406167e-06
5.586524836e-07
4.738426071e-07
4.581303126e-07
4.549073959e-07
4.544154968e-07
4.538587853e-07
4.502450951e-07
4.386472971e-07
4.052955746e-07
3.621811955e-07
3.359396403e-07
3.221546919e-07
3.148797564e-07
3.111773758e-07
3.093253041e-07
3.082883867e-07
3.08217715e-07
0.0009195238231
0.002001845057
0.003100582966
0.004161986331
0.005302968811
0.006573677422
0.007983692093
0.009465729894
0.01075634158
0.0109927403
0.009888985996
0.005484706546
0.001672258278
0.0004288763049
0.0001013145974
2.161620027e-05
4.528268574e-06
1.117843367e-06
5.700103212e-07
4.749454814e-07
4.586250348e-07
4.552154685e-07
4.547063542e-07
4.542352615e-07
4.505737502e-07
4.389855683e-07
4.057047404e-07
3.624822217e-07
3.360811233e-07
3.221986389e-07
3.148741175e-07
3.111222631e-07
3.092442155e-07
3.082022387e-07
3.080751992e-07
0.0009284535665
0.001976998373
0.0030640863
0.004112141327
0.00524252
0.006508648185
0.00792269072
0.009417796047
0.01075424914
0.01105614237
0.01001844572
0.005741981185
0.001772195637
0.0004569236171
0.0001050326494
2.359020888e-05
4.728211516e-06
1.184503229e-06
5.750763751e-07
4.769060981e-07
4.589678819e-07
4.555239031e-07
4.550210581e-07
4.545354711e-07
4.508249979e-07
4.392825672e-07
4.060283613e-07
3.627061032e-07
3.362005543e-07
3.222383716e-07
3.148601195e-07
3.110857243e-07
3.091762064e-07
3.080826544e-07
3.079489423e-07
0.0009411956696
0.001957569005
0.00303147542
0.004067282424
0.00518918707
0.006453735981
0.007872349517
0.009377306273
0.01075073872
0.01110712017
0.01012415342
0.00595486107
0.001860522125
0.0004808203641
0.0001102252785
2.458280539e-05
5.089772251e-06
1.213341864e-06
5.842417626e-07
4.777594563e-07
4.593363396e-07
4.557518069e-07
4.552404366e-07
4.548253833e-07
4.510818338e-07
4.395539649e-07
4.063676479e-07
3.629570441e-07
3.363231783e-07
3.222782905e-07
3.14854435e-07
3.110339279e-07
3.09099408e-07
3.080003881e-07
3.078113682e-07
3.077693378e-07
0.0009564917819
0.001948231326
0.003003241306
0.00402534699
0.005140057746
0.006405867343
0.007830431952
0.009343422521
0.01074652864
0.0111481981
0.01021031529
0.006131336788
0.001938103814
0.0005011283253
0.0001158851235
2.617983062e-05
5.246106117e-06
1.265955568e-06
5.881696557e-07
4.792856454e-07
4.595956023e-07
4.559850737e-07
4.55482351e-07
4.550582853e-07
4.512824356e-07
4.39798711e-07
4.066403153e-07
3.631469852e-07
3.364291843e-07
3.223123996e-07
3.148412557e-07
3.109995181e-07
3.090345182e-07
3.078850961e-07
3.076891047e-07
3.07646655e-07
0.0009708795476
0.0019453814
0.002976892339
0.003984499991
0.005092953335
0.006361838825
0.007793562798
0.009315066532
0.01074091151
0.01118133113
0.0102804701
0.006277770924
0.002005629353
0.0005181430716
0.000122697698
2.709314214e-05
5.525634902e-06
1.287589726e-06
5.953737055e-07
4.799338507e-07
4.598780283e-07
4.561596385e-07
4.556539368e-07
4.552898754e-07
4.51492265e-07
4.400267184e-07
4.069351391e-07
3.633673334e-07
3.36540632e-07
3.223512694e-07
3.148360595e-07
3.109502388e-07
3.08960784e-07
3.078056275e-07
3.075549024e-07
3.074457407e-07
0.0009803773648
0.00194309179
0.00294943241
0.003943765975
0.005046766561
0.006318647727
0.007757802626
0.009290136532
0.01073547311
0.01120800848
0.01033764426
0.006399330666
0.002064059652
0.00053494269
0.000128079318
2.840688122e-05
5.640293453e-06
1.328151654e-06
5.984727159e-07
4.811275242e-07
4.60081963e-07
4.563429766e-07
4.558476759e-07
4.55477752e-07
4.516594032e-07
4.402374229e-07
4.071705024e-07
3.635369956e-07
3.366392111e-07
3.223821855e-07
3.148240294e-07
3.109176167e-07
3.088982099e-07
3.076933445e-07
3.074355891e-07
3.073255713e-07
3.076465392e-07
0.0009810327563
0.001934706624
0.002918671181
0.003903263818
0.005001360233
0.006274054153
0.007719640584
0.009264890952
0.01072980488
0.01122977041
0.01038424456
0.006500240976
0.002114303786
0.0005491063665
0.0001326396926
2.900787762e-05
5.850543257e-06
1.344101389e-06
6.037834505e-07
4.816251558e-07
4.603080152e-07
4.564822728e-07
4.559878087e-07
4.556702511e-07
4.518381297e-07
4.404373558e-07
4.074287163e-07
3.637391435e-07
3.367448485e-07
3.224209944e-07
3.148197665e-07
3.108703824e-07
3.088267773e-07
3.076159658e-07
3.073037426e-07
3.071274224e-07
3.074526837e-07
0.0009728062752
0.001913196579
0.002883829759
0.003863860851
0.004957109864
0.006227421137
0.007677565071
0.009235227523
0.01072138503
0.01124760487
0.01042245777
0.006584005508
0.002157257227
0.0005616141545
0.000136137747
2.995697655e-05
5.931416188e-06
1.375809711e-06
6.064216635e-07
4.825780696e-07
4.604754039e-07
4.566323604e-07
4.561500671e-07
4.558279112e-07
4.519830149e-07
4.406262187e-07
4.076379362e-07
3.638979888e-07
3.368401516e-07
3.224520175e-07
3.148091581e-07
3.108393584e-07
3.087660157e-07
3.075007259e-07
3.071866712e-07
3.070091604e-07
3.072447109e-07
0.0009593418971
0.001873772203
0.002846071183
0.003826796321
0.004914529101
0.006179514886
0.007632154525
0.009200267425
0.01070689377
0.01126078904
0.01045412142
0.006653446536
0.002193793402
0.0005681325616
0.000139565264
3.033962816e-05
6.089729684e-06
1.388954127e-06
6.092141602e-07
4.82971227e-07
4.606641526e-07
4.567478415e-07
4.562697474e-07
4.559940797e-07
4.521411883e-07
4.408082734e-07
4.078755482e-07
3.640917064e-07
3.369435617e-07
3.224912519e-07
3.148061327e-07
3.107938584e-07
3.08696415e-07
3.074352571e-07
3.070564916e-07
3.068129823e-07
3.070535339e-07
3.076294123e-07
0.0009496101121
0.001816467532
0.002807303139
0.003792821163
0.004874006593
0.006131619929
0.007585054703
0.009161110582
0.01068466462
0.01126646776
0.0104798264
0.006711110705
0.00222475792
0.0005774877426
0.0001410432082
3.101421285e-05
6.14929272e-06
1.40674523e-06
6.113681423e-07
4.837504744e-07
4.608056877e-07
4.568752151e-07
4.564115861e-07
4.561312988e-07
4.522714517e-07
4.409834635e-07
4.080710389e-07
3.642466585e-07
3.370383651e-07
3.225233997e-07
3.147971304e-07
3.107643158e-07
3.086370956e-07
3.073163026e-07
3.069412633e-07
3.066962307e-07
3.068468711e-07
3.073202894e-07
0.0009600785315
0.001747040231
0.002770053931
0.003762285451
0.00483561773
0.006084995573
0.007538593654
0.009120556435
0.01065827147
0.01126448145
0.01049848718
0.006760159094
0.002250795151
0.0005848192819
0.000143359223
3.12681879e-05
6.273093712e-06
1.417288332e-06
6.132535707e-07
4.84073582e-07
4.609674307e-07
4.569733122e-07
4.565171404e-07
4.562784685e-07
4.524149838e-07
4.411529382e-07
4.082956457e-07
3.644354951e-07
3.371410255e-07
3.225636196e-07
3.14795591e-07
3.107207896e-07
3.085697174e-07
3.072533523e-07
3.068135594e-07
3.065034208e-07
3.066602136e-07
3.071402293e-07
3.076196302e-07
0.00101114452
0.001677065053
0.002737345381
0.003735379602
0.004799308704
0.006040590404
0.007494660673
0.009081190166
0.01063125392
0.01125785229
0.01051035684
0.00680444727
0.002273285591
0.0005927451208
0.0001443029469
3.175193117e-05
6.327362989e-06
1.426433568e-06
6.149108174e-07
4.847036944e-07
4.610863654e-07
4.570830173e-07
4.566437218e-07
4.563994182e-07
4.525327061e-07
4.41314346e-07
4.084747609e-07
3.645819999e-07
3.372323389e-07
3.225952252e-07
3.147874747e-07
3.106926867e-07
3.085124574e-07
3.071376672e-07
3.067020584e-07
3.063901568e-07
3.064585344e-07
3.068387654e-07
3.073013305e-07
3.088744699e-07
0.001113560237
0.001627588204
0.002712766866
0.003712340353
0.004765280624
0.005999400991
0.007454861173
0.009045677817
0.01060758
0.01125054771
0.01051966192
0.006852851735
0.002288312665
0.0005985368728
0.0001458204429
3.191296638e-05
6.388495255e-06
1.434490157e-06
6.163768497e-07
4.849953721e-07
4.612285411e-07
4.571680541e-07
4.567396482e-07
4.565330483e-07
4.526643176e-07
4.41470176e-07
4.086806391e-07
3.647585318e-07
3.373292558e-07
3.22633356e-07
3.147857994e-07
3.106498638e-07
3.084464169e-07
3.070760242e-07
3.065762987e-07
3.062001473e-07
3.062763606e-07
3.066617106e-07
3.070283197e-07
3.084758624e-07
0.001270813362
0.001635966461
0.00270008502
0.003692798937
0.004728395939
0.005950811769
0.00740692873
0.00900224354
0.01058007217
0.01124444429
0.01053364804
0.006932998465
0.002282052245
0.0006001995753
0.0001456303611
3.236947938e-05
6.441783567e-06
1.44256805e-06
6.177565584e-07
4.853612455e-07
4.613218991e-07
4.572663368e-07
4.568575771e-07
4.566453318e-07
4.527746203e-07
4.41621921e-07
4.088459249e-07
3.648964633e-07
3.374165779e-07
3.226635033e-07
3.147756659e-07
3.10621944e-07
3.083895115e-07
3.069610379e-07
3.064658562e-07
3.060877319e-07
3.060751414e-07
3.063614022e-07
3.067084804e-07
3.081363417e-07
3.094699073e-07
0.001460541316
0.001703251667
0.002700230127
0.003648915301
0.004628956094
0.005799370923
0.00723121509
0.008825021784
0.0104555928
0.01122243952
0.01061462604
0.007255911224
0.002464156793
0.0006395167494
0.0001557745705
3.382892737e-05
6.777219798e-06
1.498430288e-06
6.2569727e-07
4.863569468e-07
4.615082921e-07
4.573371508e-07
4.569425122e-07
4.567594818e-07
4.528915842e-07
4.417631224e-07
4.090349909e-07
3.650619503e-07
3.375085447e-07
3.227000209e-07
3.147783603e-07
3.105796777e-07
3.083244333e-07
3.069002675e-07
3.063410124e-07
3.058989223e-07
3.05895715e-07
3.061856095e-07
3.064479221e-07
3.077407335e-07
3.090258237e-07
3.125062414e-07
0.001524840252
0.002668588754
0.00363209529
0.004587736746
0.005725444039
0.007139150639
0.008726052705
0.01037761873
0.01120227038
0.01065755186
0.00748916999
0.002610881064
0.000682290991
0.0001637147702
3.635131665e-05
7.066157568e-06
1.555804649e-06
6.336508509e-07
4.877206798e-07
4.617622005e-07
4.574531903e-07
4.570468088e-07
4.568705989e-07
4.530569436e-07
4.420350715e-07
4.094006405e-07
3.653595402e-07
3.376746849e-07
3.227654385e-07
3.147805955e-07
3.105593226e-07
3.082716159e-07
3.067882351e-07
3.062328014e-07
3.057880181e-07
3.056956345e-07
3.058870612e-07
3.061232318e-07
3.07407077e-07
3.085658453e-07
3.119607266e-07
3.157933622e-07
3.240465992e-07
0.001165799913
0.002574391583
0.00360848388
0.004565402799
0.005683584234
0.007084446479
0.008666244546
0.01032386426
0.01119038155
0.01069090455
0.007675971077
0.002752939706
0.0007281005024
0.0001754028537
3.813566104e-05
7.625974532e-06
1.615188885e-06
6.428505457e-07
4.887957181e-07
4.619501884e-07
4.575176641e-07
4.571259811e-07
4.569845061e-07
4.531686302e-07
4.42167049e-07
4.095788712e-07
3.655180144e-07
3.377641692e-07
3.228013564e-07
3.14784985e-07
3.105174952e-07
3.082073419e-07
3.067281695e-07
3.061085084e-07
3.056003398e-07
3.055176046e-07
3.057130419e-07
3.05862372e-07
3.070135663e-07
3.081262791e-07
3.113797487e-07
3.151092872e-07
3.232194845e-07
3.346361152e-07
0.002437671311
0.00356488699
0.004548018731
0.005664940067
0.007060036054
0.008639831134
0.01029776232
0.01119112301
0.01072523134
0.007838830146
0.002892083739
0.0007846641007
0.000187946709
4.160175317e-05
8.101145038e-06
1.688075404e-06
6.517841919e-07
4.906763377e-07
4.623001436e-07
4.576361351e-07
4.572312464e-07
4.570851833e-07
4.533298488e-07
4.42435996e-07
4.099459053e-07
3.658256067e-07
3.379353266e-07
3.228707454e-07
3.147886391e-07
3.104974146e-07
3.08154617e-07
3.066163121e-07
3.060009623e-07
3.054898442e-07
3.053175308e-07
3.054149309e-07
3.055395247e-07
3.066808029e-07
3.076680048e-07
3.108378408e-07
3.143805988e-07
3.222322546e-07
3.333577984e-07
3.55644802e-07
3.973625768e-07
5.145647219e-07
0.002212023637
0.003481487299
0.004533316388
0.005670601299
0.007069997393
0.008651482619
0.0103099481
0.01120706613
0.01074529281
0.007851917178
0.002896258312
0.0007855837687
0.0001884020524
4.160985269e-05
8.144619654e-06
1.692527569e-06
6.523789431e-07
4.908221038e-07
4.624039283e-07
4.577091788e-07
4.573169212e-07
4.572080391e-07
4.534435656e-07
4.425669808e-07
4.101118566e-07
3.659599577e-07
3.380140506e-07
3.228987723e-07
3.147848697e-07
3.104552116e-07
3.080901867e-07
3.065562051e-07
3.05876062e-07
3.053019356e-07
3.051396578e-07
3.052421144e-07
3.052802343e-07
3.062872099e-07
3.072345418e-07
3.102578184e-07
3.137030576e-07
3.214156583e-07
3.322562873e-07
3.540805736e-07
3.948578825e-07
5.098346066e-07
0.002142405457
0.003436529896
0.004522753855
0.005679302436
0.007087447768
0.008675668504
0.01033074585
0.01122152229
0.01075384548
0.007856905058
0.002897935549
0.0007863360846
0.0001887197653
4.168733446e-05
8.177069421e-06
1.697770308e-06
6.532682249e-07
4.910187601e-07
4.624940208e-07
4.578051113e-07
4.574396874e-07
4.573137784e-07
4.53547377e-07
4.427041733e-07
4.102564942e-07
3.661001973e-07
3.381014644e-07
3.229322755e-07
3.147791646e-07
3.104269088e-07
3.080329067e-07
3.064412857e-07
3.057672856e-07
3.051905233e-07
3.049382023e-07
3.049429706e-07
3.049587133e-07
3.05955557e-07
3.06776809e-07
3.097198248e-07
3.129794565e-07
3.204370473e-07
3.309934993e-07
3.523386064e-07
3.921881948e-07
5.051813531e-07
0.002119159037
0.00339442258
0.004511771027
0.005688306899
0.007103326927
0.008697862427
0.0103488143
0.01123517986
0.01076213163
0.007860999078
0.002899628781
0.0007872286042
0.0001889921748
4.176326512e-05
8.201469965e-06
1.705015228e-06
6.542294559e-07
4.91267665e-07
4.626232757e-07
4.578967379e-07
4.575425884e-07
4.574400042e-07
4.536645391e-07
4.428372791e-07
4.104259346e-07
3.662365726e-07
3.381807566e-07
3.229602405e-07
3.147715788e-07
3.103837294e-07
3.079676228e-07
3.063806292e-07
3.056410125e-07
3.050014335e-07
3.047597957e-07
3.047708951e-07
3.046997911e-07
3.055621143e-07
3.063496485e-07
3.091394288e-07
3.123078488e-07
3.196303409e-07
3.299085132e-07
3.50805294e-07
3.897515146e-07
5.006042105e-07
0.002181793674
0.003365519127
0.004502990288
0.005702537504
0.007124484083
0.008724222127
0.01036992096
0.01125155299
0.01077331731
0.007867345491
0.002901798384
0.0007879057186
0.0001893140082
4.181599755e-05
8.218946977e-06
1.710627674e-06
6.552786509e-07
4.915016301e-07
4.627301361e-07
4.580171323e-07
4.576904032e-07
4.575656045e-07
4.537791739e-07
4.429795737e-07
4.105708193e-07
3.663780253e-07
3.38268198e-07
3.22993379e-07
3.147651253e-07
3.103547672e-07
3.07909351e-07
3.062643391e-07
3.055317254e-07
3.048894951e-07
3.045571139e-07
3.044703449e-07
3.043789216e-07
3.052317525e-07
3.058909951e-07
3.086047902e-07
3.11588276e-07
3.186589168e-07
3.286594048e-07
3.490900107e-07
3.871427754e-07
4.961001809e-07
0.002340081206
0.003361483687
0.004500883886
0.005724733284
0.007155589877
0.008758854209
0.01039624128
0.0112725634
0.01078804929
0.007874943259
0.002904007907
0.0007883668578
0.00018964707
4.186324796e-05
8.23085659e-06
1.71543633e-06
6.562332387e-07
4.917986689e-07
4.628993299e-07
4.581379296e-07
4.578197156e-07
4.577246792e-07
4.539136883e-07
4.431206465e-07
4.10745477e-07
3.665167531e-07
3.383476851e-07
3.230208772e-07
3.147519108e-07
3.103101656e-07
3.078428043e-07
3.062028563e-07
3.054036202e-07
3.046986956e-07
3.04378222e-07
3.042986924e-07
3.041188056e-07
3.048385179e-07
3.054655068e-07
3.080235177e-07
3.10922293e-07
3.17861755e-07
3.275904748e-07
3.47586709e-07
3.847717389e-07
4.916686186e-07
0.002546698574
0.003421332177
0.004524447577
0.005764194889
0.007203573987
0.008807647744
0.0104322996
0.01130129212
0.0108079814
0.007883946657
0.002906010534
0.000788015247
0.0001900250703
4.190253252e-05
8.235342187e-06
1.719433873e-06
6.571800313e-07
4.920552435e-07
4.630423673e-07
4.583077029e-07
4.58017641e-07
4.578837957e-07
4.540477005e-07
4.432755898e-07
4.108954626e-07
3.666643217e-07
3.384370573e-07
3.230541059e-07
3.147448949e-07
3.102798994e-07
3.077826001e-07
3.060837602e-07
3.052927769e-07
3.045853673e-07
3.041730495e-07
3.03995664e-07
3.037962029e-07
3.04508903e-07
3.049724649e-07
3.074915903e-07
3.102057322e-07
3.168964721e-07
3.263539613e-07
3.458966504e-07
3.822210907e-07
4.873065355e-07
0.002802751996
0.003596330951
0.004612902688
0.00583945947
0.007279168797
0.008879462326
0.01048553282
0.01134212081
0.01083647302
0.007895889606
0.002908217355
0.0007879239741
0.0001900645854
4.192906743e-05
8.241954108e-06
1.721535176e-06
6.579988004e-07
4.924542528e-07
4.632950518e-07
4.5848802e-07
4.582008314e-07
4.580958458e-07
4.54211656e-07
4.434334684e-07
4.110849006e-07
3.668128271e-07
3.385188524e-07
3.230814795e-07
3.147285365e-07
3.102325097e-07
3.077132718e-07
3.0602036e-07
3.051610315e-07
3.04390752e-07
3.039922081e-07
3.038229838e-07
3.03533862e-07
3.04113788e-07
3.045443353e-07
3.069106443e-07
3.095441047e-07
3.161076989e-07
3.252998631e-07
3.444218048e-07
3.799128863e-07
4.830133583e-07
0.003063391534
0.003847066756
0.004802380001
0.005980956039
0.007398672114
0.008983189002
0.01056313706
0.01139670819
0.01087914732
0.00791403175
0.002911085583
0.0007869036612
0.0001901505582
4.19486173e-05
8.248385413e-06
1.722260607e-06
6.588903851e-07
4.928293838e-07
4.635148225e-07
4.587582973e-07
4.585005128e-07
4.58321603e-07
4.543842053e-07
4.436160215e-07
4.112498422e-07
3.66977923e-07
3.386134502e-07
3.231153692e-07
3.147182837e-07
3.101995321e-07
3.076491613e-07
3.058954904e-07
3.050464838e-07
3.042742984e-07
3.037819918e-07
3.035145842e-07
3.032073082e-07
3.037831102e-07
3.040934684e-07
3.063771792e-07
3.088285526e-07
3.151465761e-07
3.240740342e-07
3.427548288e-07
3.774170364e-07
4.7878605e-07
0.003319673817
0.00409283095
0.005075856448
0.006227514187
0.007600364094
0.009145942312
0.01067908429
0.01145206948
0.01094622446
0.007937845462
0.002916154128
0.0007861059769
0.0001900343317
4.19597643e-05
8.254573293e-06
1.724611414e-06
6.597382509e-07
4.936631768e-07
4.63941829e-07
4.590596977e-07
4.587934233e-07
4.586444641e-07
4.546080283e-07
4.438101756e-07
4.114734015e-07
3.67153435e-07
3.387008151e-07
3.231427183e-07
3.147017251e-07
3.101464728e-07
3.075739647e-07
3.058279744e-07
3.049074808e-07
3.040716103e-07
3.035961684e-07
3.033384818e-07
3.029402747e-07
3.033823238e-07
3.035402344e-07
3.057968713e-07
3.081690659e-07
3.143638296e-07
3.2303262e-07
3.413061045e-07
3.751683245e-07
4.746240547e-07
0.003872517576
0.00435799805
0.005334513979
0.006536120003
0.007878380799
0.009363409095
0.01083082778
0.01157679119
0.01105240967
0.007983845554
0.002924806907
0.0007849973407
0.000190094633
4.19754188e-05
8.268099687e-06
1.726607994e-06
6.613589367e-07
4.942026964e-07
4.643210795e-07
4.595336561e-07
4.592988793e-07
4.590031114e-07
4.548554347e-07
4.440485791e-07
4.116729596e-07
3.673431141e-07
3.388061258e-07
3.231778478e-07
3.146858186e-07
3.101079201e-07
3.075020354e-07
3.056915309e-07
3.047850604e-07
3.039486463e-07
3.033759354e-07
3.030189387e-07
3.026051466e-07
3.030460006e-07
3.032705113e-07
3.052618208e-07
3.074510374e-07
3.134030265e-07
3.218141054e-07
3.396588573e-07
3.727231545e-07
4.705242165e-07
0.004690786812
0.004688060725
0.005502428814
0.006793062893
0.008248771858
0.009730872638
0.01111879856
0.01179766665
0.01124900819
0.008041639989
0.002943099551
0.0007836987643
0.0001899286449
4.200050268e-05
8.285942044e-06
1.73277796e-06
6.625242276e-07
4.956629756e-07
4.651056865e-07
4.600797458e-07
4.598137382e-07
4.595388366e-07
4.551905797e-07
4.443121217e-07
4.119694409e-07
3.675490184e-07
3.389038458e-07
3.23204568e-07
3.14666421e-07
3.100427081e-07
3.074149872e-07
3.056156551e-07
3.046318433e-07
3.037298753e-07
3.031793576e-07
3.028350164e-07
3.023280912e-07
3.026335865e-07
3.02710401e-07
3.046753528e-07
3.067899557e-07
3.126216863e-07
3.207816248e-07
3.382325647e-07
3.705296317e-07
4.664858852e-07
0.006132997311
0.005681019593
0.005782981298
0.006849604982
0.008430265842
0.01006459155
0.01148204311
0.01220084806
0.01160388966
0.008193964824
0.002978332706
0.0007832061882
0.0001900014978
4.207025099e-05
8.316167162e-06
1.738447245e-06
6.651692266e-07
4.966501474e-07
4.65812456e-07
4.609641822e-07
4.607321515e-07
4.601389849e-07
4.555830952e-07
4.446527445e-07
4.122412905e-07
3.677810508e-07
3.390279002e-07
3.232407416e-07
3.146436387e-07
3.099945421e-07
3.073277222e-07
3.054566497e-07
3.044937795e-07
3.035940387e-07
3.029398501e-07
3.024936528e-07
3.019754908e-07
3.022857528e-07
3.023093279e-07
3.041272305e-07
3.060627643e-07
3.116546838e-07
3.195645913e-07
3.365996576e-07
3.681296108e-07
4.625055655e-07
0.007898124892
0.007826828173
0.006920595832
0.007134470692
0.008614798406
0.0107012281
0.0124452447
0.01308064483
0.01215979436
0.008392724414
0.003057061617
0.0007868728587
0.0001905819495
4.222874512e-05
8.367452321e-06
1.746930931e-06
6.681431021e-07
4.994445577e-07
4.673154128e-07
4.61997853e-07
4.616893844e-07
4.610495151e-07
4.561371266e-07
4.450319768e-07
4.126538229e-07
3.680346983e-07
3.391384952e-07
3.232627513e-07
3.146163036e-07
3.099045059e-07
3.072179935e-07
3.053649516e-07
3.043141214e-07
3.033452895e-07
3.027226261e-07
3.022944263e-07
3.016791646e-07
3.018503118e-07
3.017677079e-07
3.035266754e-07
3.05392714e-07
3.108683167e-07
3.185351332e-07
3.351903243e-07
3.65986289e-07
4.585813531e-07
0.008187853782
0.009594311649
0.009249706706
0.008103569589
0.008577879509
0.01060983057
0.01300753313
0.01423651378
0.01301444008
0.008952926302
0.003217766035
0.0008006510109
0.0001924416411
4.25741431e-05
8.470045231e-06
1.764212579e-06
6.730305424e-07
5.013837737e-07
4.686797667e-07
4.63692958e-07
4.634167741e-07
4.620561231e-07
4.567895726e-07
4.455292434e-07
4.129866182e-07
3.683182486e-07
3.392822974e-07
3.232935144e-07
3.145724271e-07
3.09838151e-07
3.071023914e-07
3.051647268e-07
3.041479411e-07
3.031864529e-07
3.024492612e-07
3.019146561e-07
3.012953943e-07
3.014800144e-07
3.013668451e-07
3.029575886e-07
3.046465002e-07
3.098856713e-07
3.173113152e-07
3.33564475e-07
3.63628389e-07
4.547094692e-07
0.007806041594
0.009547929481
0.01046915179
0.009951480503
0.009007537949
0.009934519588
0.01252097677
0.01453939739
0.01433032966
0.009711920469
0.003599701968
0.0008549190372
0.0002008008665
4.409701635e-05
8.763611999e-06
1.809252458e-06
6.816967262e-07
5.07126706e-07
4.715921287e-07
4.65677169e-07
4.652293687e-07
4.636018271e-07
4.576737067e-07
4.460470249e-07
4.135111626e-07
3.686023681e-07
3.393869509e-07
3.232912412e-07
3.145241521e-07
3.09703941e-07
3.069528469e-07
3.050469445e-07
3.039240796e-07
3.028881789e-07
3.021978721e-07
3.016900578e-07
3.009675421e-07
3.010076054e-07
3.007906719e-07
3.023311475e-07
3.039600681e-07
3.090853011e-07
3.162780942e-07
3.321661326e-07
3.615342922e-07
4.508910402e-07
0.007066064118
0.008763034334
0.01019190992
0.01060994122
0.01002455003
0.00954379177
0.01092373717
0.01367128526
0.01460544748
0.01187064393
0.004332312121
0.0009678458157
0.0002285784174
4.868049001e-05
9.490412918e-06
1.918725155e-06
6.986272037e-07
5.110486093e-07
4.743115945e-07
4.689320564e-07
4.684893871e-07
4.651425445e-07
4.586552166e-07
4.466869879e-07
4.138066705e-07
3.688697637e-07
3.395080804e-07
3.23271266e-07
3.144171285e-07
3.095992622e-07
3.067902473e-07
3.047825245e-07
3.037150017e-07
3.026947774e-07
3.018748291e-07
3.012546684e-07
3.005390539e-07
3.006052236e-07
3.003587845e-07
3.017330785e-07
3.031870939e-07
3.080789981e-07
3.150413064e-07
3.305423303e-07
3.592132823e-07
4.471235302e-07
0.00547211811
0.007074107949
0.008841008625
0.01002112742
0.0100682647
0.009512251056
0.009480273529
0.01111610404
0.01356421919
0.01277040785
0.006457923528
0.00161461763
0.0003144270087
6.36487025e-05
1.162601664e-05
2.19683055e-06
7.360268221e-07
5.254113269e-07
4.797106942e-07
4.727443119e-07
4.70760184e-07
4.6725588e-07
4.597842248e-07
4.472298571e-07
4.143071356e-07
3.690392748e-07
3.395115548e-07
3.232053578e-07
3.143150324e-07
3.093901715e-07
3.065771442e-07
3.046231515e-07
3.03427895e-07
3.023278925e-07
3.015771325e-07
3.009962104e-07
3.001702144e-07
3.000857723e-07
2.997346723e-07
3.010745044e-07
3.024808859e-07
3.072609233e-07
3.140024349e-07
3.291540616e-07
3.571671567e-07
4.434086331e-07
0.001916713514
0.0028069582
0.00420662719
0.006031225077
0.007881106845
0.009087667969
0.009163891863
0.008745465687
0.008846378022
0.01035001806
0.01199143121
0.009834201586
0.002824560024
0.0006746992468
0.0001313270465
2.174094645e-05
3.429725664e-06
8.694139559e-07
5.4454528e-07
4.88235844e-07
4.786378533e-07
4.750453542e-07
4.688918915e-07
4.608823011e-07
4.479241478e-07
4.143863739e-07
3.691700818e-07
3.395212364e-07
3.230775472e-07
3.140764487e-07
3.09202022e-07
3.063194159e-07
3.042343605e-07
3.031352085e-07
3.020677487e-07
3.011599212e-07
3.004554966e-07
2.996577097e-07
2.996225524e-07
2.992469805e-07
3.00420818e-07
3.016538703e-07
3.062073623e-07
3.127324347e-07
3.275162124e-07
3.548702228e-07
4.397308823e-07
0.0005680964809
0.0008092195659
0.001346946228
0.00232672365
0.003977482805
0.005911156274
0.007412265077
0.007856811848
0.007626822613
0.007704507489
0.008855183789
0.009460266255
0.006999337084
0.001736291898
0.0004334975691
8.72526903e-05
1.410605453e-05
2.195994733e-06
6.807465176e-07
5.053564417e-07
4.806588645e-07
4.763959674e-07
4.714991454e-07
4.62261888e-07
4.487772845e-07
4.156881639e-07
3.697776302e-07
3.39631804e-07
3.229964278e-07
3.138968643e-07
3.087720262e-07
3.058938743e-07
3.039278171e-07
3.02603227e-07
3.014210291e-07
3.006637195e-07
3.000469881e-07
2.991037354e-07
2.988833402e-07
2.984068475e-07
2.995855743e-07
3.008067909e-07
3.052659803e-07
3.115923841e-07
3.26054773e-07
3.52802999e-07
4.360521362e-07
0.0001229761558
0.0001997378229
0.0002861299963
0.0006124266348
0.001002332017
0.001891597897
0.003410359704
0.005104306257
0.006207818171
0.006376605549
0.006378805029
0.006976404034
0.006838031575
0.004927852521
0.001312270168
0.0003070763372
7.444890204e-05
1.457802931e-05
2.632521963e-06
7.517977994e-07
5.10288149e-07
4.815959659e-07
4.722355753e-07
4.634402728e-07
4.505101958e-07
4.170482706e-07
3.714439412e-07
3.403995041e-07
3.22966757e-07
3.134253785e-07
3.083690794e-07
3.052795998e-07
3.029862099e-07
3.019211778e-07
3.008352212e-07
2.997543261e-07
2.989346588e-07
2.981189651e-07
2.980561749e-07
2.975908824e-07
2.985680824e-07
2.996141156e-07
3.038582818e-07
3.100193359e-07
3.24169291e-07
3.503402733e-07
4.323482387e-07
2.589101764e-05
3.631283382e-05
6.075248111e-05
0.0001088391851
0.0002134393073
0.000381535079
0.0008320047132
0.001383096575
0.002509739964
0.003841432005
0.004691348324
0.004837063791
0.005104538367
0.004813851031
0.003648182947
0.001256396285
0.0002760619374
7.016238784e-05
1.841409552e-05
4.059863995e-06
1.047787433e-06
5.522020063e-07
4.80758773e-07
4.639127803e-07
4.51114671e-07
4.206885453e-07
3.734896671e-07
3.410564391e-07
3.229302086e-07
3.13066561e-07
3.073443045e-07
3.042799636e-07
3.022759215e-07
3.006725607e-07
2.993703755e-07
2.986830721e-07
2.980853269e-07
2.970048408e-07
2.966421071e-07
2.960908362e-07
2.971787592e-07
2.982981833e-07
3.025224794e-07
3.085223603e-07
3.224088974e-07
3.480631655e-07
4.286134649e-07
3.669723896e-06
5.088247754e-06
8.103381689e-06
1.509263144e-05
3.167543732e-05
6.814543593e-05
0.0001452005794
0.0002955054325
0.000519257194
0.001058250876
0.001703755172
0.002656107576
0.00323284993
0.003492647612
0.003321238078
0.002680135565
0.001355658157
0.0004029585346
0.000120142152
3.081186762e-05
6.797328371e-06
1.659990355e-06
6.62952988e-07
4.89346801e-07
4.539637642e-07
4.21417853e-07
3.770804377e-07
3.42690547e-07
3.228634559e-07
3.119917134e-07
3.065004351e-07
3.029655069e-07
3.003130546e-07
2.993148392e-07
2.981992638e-07
2.968678285e-07
2.959419051e-07
2.951879439e-07
2.951819598e-07
2.946946912e-07
2.955151716e-07
2.964562612e-07
3.004880877e-07
3.064118455e-07
3.200794477e-07
3.452917794e-07
4.248216504e-07
8.064867178e-07
9.212134277e-07
1.155050291e-06
1.713466043e-06
3.2155725e-06
7.366664758e-06
1.833960277e-05
4.455489364e-05
9.931119012e-05
0.0002048468727
0.0003589605292
0.0007120383839
0.001122049147
0.001753629019
0.002173609593
0.002184251787
0.001902576527
0.001249507072
0.0004878695884
0.0001268138404
3.351494029e-05
9.000525283e-06
1.917676115e-06
8.484054631e-07
5.278977755e-07
4.379683653e-07
3.813097278e-07
3.449296002e-07
3.228870875e-07
3.113153417e-07
3.043736355e-07
3.010117113e-07
2.98941979e-07
2.96821404e-07
2.953838522e-07
2.948941195e-07
2.943798314e-07
2.931220849e-07
2.926029166e-07
2.92061807e-07
2.931668704e-07
2.943172309e-07
2.984030932e-07
3.041933087e-07
3.17624149e-07
3.423477549e-07
4.196967975e-07
5.048621565e-07
5.123183746e-07
5.202365091e-07
5.345017509e-07
5.657069094e-07
6.494257276e-07
9.060577215e-07
1.726234642e-06
4.250107661e-06
1.128271757e-05
2.850871755e-05
6.419445771e-05
0.0001276374775
0.0002605386894
0.0004301360523
0.0007599856606
0.001085928555
0.001359276302
0.001251931436
0.0009732434478
0.0005842302443
0.0001823550549
6.272774864e-05
1.726719232e-05
5.015543453e-06
1.573251251e-06
6.718512756e-07
4.355598789e-07
3.49351259e-07
3.231708307e-07
3.088346698e-07
3.028450935e-07
2.983513064e-07
2.950611432e-07
2.943116963e-07
2.93107258e-07
2.912548565e-07
2.901888815e-07
2.89670797e-07
2.898773269e-07
2.894226506e-07
2.900212753e-07
2.908715596e-07
2.94672052e-07
3.003919502e-07
3.135260343e-07
3.376183348e-07
4.126098103e-07
4.495403769e-07
4.503213545e-07
4.515173682e-07
4.528273535e-07
4.550165862e-07
4.579952197e-07
4.734377035e-07
5.127923393e-07
6.516023305e-07
1.129765765e-06
2.641394802e-06
6.878753567e-06
1.722308688e-05
4.092077571e-05
8.478968184e-05
0.000151424334
0.0002864964352
0.0004325694946
0.0007307333988
0.0008049335524
0.0007222274557
0.0005372203238
0.0002716935355
8.156114267e-05
2.517232563e-05
6.683162226e-06
2.60575041e-06
9.782648379e-07
4.888685497e-07
3.502912302e-07
3.113615482e-07
2.982346107e-07
2.947770489e-07
2.924800007e-07
2.891844387e-07
2.876406415e-07
2.876530612e-07
2.872312792e-07
2.855637603e-07
2.84713262e-07
2.842616758e-07
2.854978437e-07
2.867684717e-07
2.906589454e-07
2.961294372e-07
3.088234927e-07
3.320116711e-07
4.030695699e-07
3.774260449e-07
3.779707331e-07
3.788119134e-07
3.795888048e-07
3.808583848e-07
3.819739078e-07
3.84048367e-07
3.852841545e-07
3.960017046e-07
4.196765635e-07
5.009817752e-07
7.80005938e-07
1.655467766e-06
4.189810297e-06
1.056953366e-05
2.455462964e-05
5.021707987e-05
0.0001002276957
0.0001711730099
0.0002616935043
0.0004549073214
0.0004571815366
0.0004088375076
0.0002943251661
0.00013643909
4.599047547e-05
1.590810215e-05
5.095591159e-06
1.676268693e-06
6.521545425e-07
3.765687373e-07
3.071833087e-07
2.893695314e-07
2.838719103e-07
2.85051186e-07
2.832307869e-07
2.801181405e-07
2.790065898e-07
2.791719501e-07
2.797102092e-07
2.792341356e-07
2.793317344e-07
2.800035782e-07
2.834175513e-07
2.887497008e-07
3.008946885e-07
3.229043593e-07
3.943942888e-07
3.161054357e-07
3.163655594e-07
3.167680651e-07
3.171420701e-07
3.177477703e-07
3.18293878e-07
3.192072352e-07
3.200274296e-07
3.213555524e-07
3.233262226e-07
3.268742216e-07
3.441404551e-07
3.904895291e-07
5.514533962e-07
1.064456401e-06
2.539872925e-06
6.21191631e-06
1.467506162e-05
3.131753311e-05
5.417275227e-05
0.0001097436711
0.0001665136913
0.0002740481018
0.0002711058559
0.0002293663571
0.0001585303072
6.838775366e-05
2.097058651e-05
7.436599886e-06
2.547375034e-06
9.536946421e-07
4.586737796e-07
3.187163529e-07
2.830148078e-07
2.72707462e-07
2.738690998e-07
2.745920365e-07
2.737528432e-07
2.709472117e-07
2.695876779e-07
2.694485603e-07
2.711472088e-07
2.725517203e-07
2.760611466e-07
2.809542621e-07
2.923175746e-07
3.127831824e-07
3.723629942e-07
2.791489767e-07
2.79231882e-07
2.793323948e-07
2.794553607e-07
2.796041255e-07
2.797887562e-07
2.800110785e-07
2.802932289e-07
2.80627779e-07
2.810814517e-07
2.815288749e-07
2.828130594e-07
2.851744747e-07
2.933278156e-07
3.194717235e-07
4.10680108e-07
6.993945533e-07
1.535723008e-06
3.696149289e-06
8.342291602e-06
1.843023805e-05
3.632110398e-05
6.274155222e-05
0.0001047832769
0.0001630623974
0.000158630866
0.0001329360392
9.235777842e-05
3.703370757e-05
1.287055815e-05
4.620766321e-06
1.715090831e-06
6.997287905e-07
3.779485134e-07
2.86810507e-07
2.633247639e-07
2.570301568e-07
2.581093731e-07
2.60571809e-07
2.61310027e-07
2.604986057e-07
2.593070295e-07
2.597524079e-07
2.626413003e-07
2.672596875e-07
2.776994958e-07
2.962133797e-07
3.569405391e-07
2.61246062e-07
2.612618749e-07
2.612853163e-07
2.613083126e-07
2.613436433e-07
2.613776169e-07
2.614312098e-07
2.614824268e-07
2.615645615e-07
2.616439688e-07
2.617715071e-07
2.619006881e-07
2.621050974e-07
2.624184355e-07
2.630117897e-07
2.676963788e-07
2.817591197e-07
3.314075458e-07
4.927943282e-07
9.535145953e-07
2.19304213e-06
5.051186748e-06
1.111914808e-05
2.067294879e-05
3.966490124e-05
6.199329156e-05
9.606789114e-05
9.134452964e-05
8.018151666e-05
4.99102311e-05
2.099374544e-05
7.967298934e-06
2.758061756e-06
1.012751153e-06
4.492530064e-07
2.982107908e-07
2.587172695e-07
2.491738369e-07
2.436715941e-07
2.423803083e-07
2.435626637e-07
2.464832139e-07
2.478789074e-07
2.505985714e-07
2.545865257e-07
2.638073239e-07
2.798471866e-07
3.339155462e-07
2.339629818e-07
2.339671857e-07
2.339703298e-07
2.339766351e-07
2.339815075e-07
2.33991274e-07
2.339986882e-07
2.340135926e-07
2.340250479e-07
2.340481257e-07
2.3406618e-07
2.341024808e-07
2.341313876e-07
2.341911674e-07
2.34234095e-07
2.344028483e-07
2.345990068e-07
2.3738339e-07
2.453581223e-07
2.742794806e-07
3.721956579e-07
6.645969331e-07
1.477333724e-06
3.358414435e-06
6.988894554e-06
1.477617403e-05
2.517926679e-05
4.667592968e-05
6.513145923e-05
5.953483307e-05
4.424836769e-05
1.662747135e-05
5.859057428e-06
1.646156349e-06
6.606153058e-07
3.264735966e-07
2.438565762e-07
2.306725865e-07
2.322487272e-07
2.313050768e-07
2.275118507e-07
2.247017716e-07
2.250318551e-07
2.273985525e-07
2.308968962e-07
2.388302126e-07
2.523093244e-07
2.971455685e-07
2.194923284e-07
2.194982136e-07
2.195047251e-07
2.195130651e-07
2.195226297e-07
2.195348052e-07
2.195486644e-07
2.195660278e-07
2.195861373e-07
2.196108798e-07
2.196402292e-07
2.196735183e-07
2.197136283e-07
2.197581813e-07
2.198139019e-07
2.19874383e-07
2.199527713e-07
2.200965318e-07
2.2024244e-07
2.217715173e-07
2.236016387e-07
2.522904074e-07
3.250281088e-07
5.490683891e-07
1.141662329e-06
2.561531783e-06
5.529483341e-06
1.051663365e-05
2.011776391e-05
4.062318429e-05
3.945603553e-05
3.279661321e-05
1.493407413e-05
4.482328655e-06
1.446586274e-06
5.333436738e-07
2.763355544e-07
2.111325297e-07
1.981924065e-07
1.958540075e-07
2.040703609e-07
2.096631853e-07
2.11437868e-07
2.138085885e-07
2.170166541e-07
2.240280612e-07
2.347988898e-07
2.738385792e-07
1.750640694e-07
1.750660573e-07
1.750683381e-07
1.750709514e-07
1.750739777e-07
1.750774597e-07
1.750815294e-07
1.750862279e-07
1.750918016e-07
1.750982607e-07
1.751065662e-07
1.751170921e-07
1.751306084e-07
1.75147474e-07
1.751688296e-07
1.751951086e-07
1.752211429e-07
1.752544793e-07
1.752974615e-07
1.753799126e-07
1.755571259e-07
1.767309192e-07
1.810761389e-07
1.970052655e-07
2.49475636e-07
4.049776195e-07
8.108849893e-07
1.754145898e-06
3.820075222e-06
8.486753484e-06
1.418119381e-05
2.083187627e-05
1.956288535e-05
1.414527522e-05
7.180790638e-06
3.068522184e-06
1.265895203e-06
5.473500502e-07
2.861085502e-07
2.027393426e-07
1.774109777e-07
1.723358284e-07
1.723077407e-07
1.738336625e-07
1.76158451e-07
1.810143676e-07
1.88629983e-07
2.129761777e-07
1.751054719e-07
1.751050817e-07
1.751045576e-07
1.751038679e-07
1.751029717e-07
1.751018193e-07
1.751003504e-07
1.750984922e-07
2.197817009e-07
2.197784134e-07
2.197710861e-07
2.197621038e-07
2.197514596e-07
2.197388272e-07
2.197239162e-07
2.345498911e-07
2.345478447e-07
2.345435762e-07
2.345380895e-07
2.345314037e-07
2.345232394e-07
2.345133531e-07
2.62150513e-07
2.621340656e-07
2.621121757e-07
2.620886168e-07
2.620578385e-07
2.796664737e-07
2.795887582e-07
2.794937015e-07
2.793834699e-07
3.14925958e-07
3.146822522e-07
3.143111257e-07
3.721095897e-07
3.71551385e-07
4.417077175e-07
0.005111353098
0.008571510284
0.009389439319
0.009825969364
0.009364339522
0.007601889193
0.003655212014
0.001095471023
0.0001794676556
4.622564142e-05
1.045145158e-05
2.24106067e-06
9.125756905e-07
5.559302232e-07
4.543302544e-07
4.345034205e-07
4.2713105e-07
4.217112097e-07
4.178935328e-07
4.161943831e-07
4.139217565e-07
4.135254068e-07
4.118927344e-07
0.004124258766
0.00738624573
0.008369575482
0.009059353058
0.009254570513
0.008588702029
0.006229415168
0.00225325095
0.0007547599516
0.0001314303545
3.214645603e-05
7.125990095e-06
1.821262208e-06
6.390036758e-07
5.031293102e-07
4.457709601e-07
4.355323382e-07
4.282788886e-07
4.243241896e-07
4.211086747e-07
4.204297258e-07
4.190949803e-07
4.175809187e-07
4.145816073e-07
4.088811006e-07
3.98650519e-07
0.003333618433
0.006485113509
0.007614928193
0.008499270967
0.009068095127
0.00893097199
0.007826813671
0.004367608965
0.001379612047
0.0004217188171
8.708216214e-05
1.681954386e-05
3.976720218e-06
1.357866507e-06
5.72936466e-07
4.802750929e-07
4.42600347e-07
4.354773378e-07
4.299196123e-07
4.266105513e-07
4.240899123e-07
4.238741424e-07
4.22818085e-07
4.196238768e-07
4.145179503e-07
4.044526636e-07
3.699187639e-07
0.002708144666
0.005748495765
0.007002019126
0.008029695584
0.008810014637
0.009082532283
0.00858185335
0.006646842759
0.002591830502
0.000782099621
0.0002085159952
5.272157735e-05
9.758717649e-06
2.425722443e-06
8.920787332e-07
5.103655864e-07
4.623645575e-07
4.411442912e-07
4.348180771e-07
4.305629532e-07
4.289411627e-07
4.277582873e-07
4.269505931e-07
4.246524211e-07
4.199441565e-07
4.093835869e-07
3.740649689e-07
3.43401518e-07
3.27333772e-07
0.002210119637
0.005100714966
0.006441013392
0.007573383957
0.008508792174
0.009079514919
0.009030663556
0.008000092962
0.004553772786
0.001547564374
0.0003866596399
0.0001087634282
2.691574563e-05
6.327739556e-06
1.398104758e-06
6.566943166e-07
4.781652616e-07
4.486537208e-07
4.394179792e-07
4.34649604e-07
4.316470758e-07
4.312462219e-07
4.305739405e-07
4.281621626e-07
4.240253607e-07
4.129447832e-07
3.773670651e-07
3.449474051e-07
3.278955638e-07
3.190829468e-07
0.001826634991
0.004517332273
0.005935629282
0.007149770982
0.008203858319
0.00900884448
0.009275268532
0.008697538128
0.006468595628
0.002475544674
0.0007445754407
0.0001600727514
4.449892477e-05
9.613185146e-06
2.371379595e-06
7.709035903e-07
5.244926132e-07
4.579804105e-07
4.434908202e-07
4.376726431e-07
4.35069808e-07
4.338570471e-07
4.334004886e-07
4.316078878e-07
4.277815082e-07
4.161890457e-07
3.802860095e-07
3.465633934e-07
3.285122792e-07
3.191748014e-07
3.142624137e-07
0.001564505772
0.003992355508
0.005486973869
0.006762983281
0.007903360851
0.00885831561
0.009447971612
0.009255833463
0.007970079326
0.003840376448
0.001256824917
0.0003891496197
6.811903142e-05
1.649374696e-05
3.631889404e-06
1.182913859e-06
5.612975403e-07
4.744115896e-07
4.47566165e-07
4.406712007e-07
4.37021387e-07
4.362867725e-07
4.358182714e-07
4.339497953e-07
4.305344254e-07
4.186398859e-07
3.825577188e-07
3.477982685e-07
3.290169998e-07
3.192870155e-07
3.140983029e-07
0.001369404886
0.003531574139
0.005075101383
0.006390804278
0.007592273152
0.00864817015
0.009449360322
0.009567317144
0.008710780546
0.005483443402
0.001817673158
0.0005009836715
0.0001414547218
2.711891436e-05
5.832726291e-06
1.486213643e-06
6.68826755e-07
4.848399663e-07
4.51773918e-07
4.42931129e-07
4.393980384e-07
4.380289226e-07
4.377261808e-07
4.362550869e-07
4.329502775e-07
4.207693747e-07
3.845762019e-07
3.490027229e-07
3.29510005e-07
3.194043656e-07
3.140337293e-07
3.112983493e-07
0.001239009376
0.003176415276
0.004734661349
0.006063058604
0.007306058244
0.008442419834
0.009413822531
0.009806818827
0.00921904674
0.006848351731
0.002647621223
0.0007825761293
0.0001893051225
5.068209596e-05
8.797819769e-06
2.297153262e-06
7.406109848e-07
5.104449855e-07
4.557728633e-07
4.451501768e-07
4.407831529e-07
4.396977082e-07
4.393273983e-07
4.378141641e-07
4.345365869e-07
4.223675674e-07
3.861301865e-07
3.499063212e-07
3.298988791e-07
3.19510521e-07
3.139485017e-07
3.111468174e-07
3.098501564e-07
0.001155646543
0.002929058299
0.004449373402
0.005773945513
0.007044530401
0.008243290359
0.009326341025
0.009933474341
0.009645875516
0.007939630021
0.00347734762
0.0009727934964
0.0002821508467
6.26889484e-05
1.229088579e-05
2.672408186e-06
9.060804536e-07
5.24667254e-07
4.628891881e-07
4.469142665e-07
4.42432076e-07
4.408646415e-07
4.406179368e-07
4.393575803e-07
4.35980978e-07
4.237349406e-07
3.875100555e-07
3.507608128e-07
3.302592009e-07
3.196066075e-07
3.139171049e-07
3.109732732e-07
3.096361589e-07
0.001093464338
0.002736590768
0.004208012652
0.005518191492
0.006804449614
0.008052756804
0.009218091968
0.01005729031
0.009962535711
0.008679170254
0.004340105224
0.001276491498
0.0003286790037
8.841547068e-05
1.569834264e-05
3.504345198e-06
9.900691899e-07
5.567074609e-07
4.66290727e-07
4.486327227e-07
4.434027536e-07
4.42002999e-07
4.416796705e-07
4.404041351e-07
4.369464369e-07
4.247721821e-07
3.885662424e-07
3.514004068e-07
3.305417835e-07
3.196891049e-07
3.138676741e-07
3.108779866e-07
3.094427147e-07
3.087658038e-07
0.001045614297
0.002588129866
0.004009695298
0.005298332371
0.006589279021
0.007874873005
0.009105685261
0.01008053016
0.01017042448
0.009135905612
0.005190958083
0.001633581257
0.0004189712342
9.873657542e-05
2.00047589e-05
4.064679634e-06
1.182340799e-06
5.723991799e-07
4.7325342e-07
4.500314187e-07
4.445475964e-07
4.427857707e-07
4.425527356e-07
4.4143902e-07
4.378543086e-07
4.256527147e-07
3.895049479e-07
3.519953101e-07
3.307974382e-07
3.197614307e-07
3.138513432e-07
3.107653534e-07
3.093029912e-07
3.086164976e-07
0.001009840956
0.002474981499
0.003851132438
0.005115814502
0.006403447608
0.007714205549
0.008994754177
0.01007714259
0.01032783369
0.009441379517
0.005937781343
0.001973581792
0.0005064624875
0.0001229505292
2.372209969e-05
4.712507118e-06
1.26510114e-06
6.060925694e-07
4.764335511e-07
4.513532135e-07
4.45223423e-07
4.435582874e-07
4.432577914e-07
4.421355367e-07
4.384739484e-07
4.263279974e-07
3.902194632e-07
3.524400798e-07
3.30997453e-07
3.198222473e-07
3.138214374e-07
3.107035867e-07
3.091750575e-07
3.084129674e-07
0.000983485463
0.002388735779
0.003725810545
0.004967407376
0.00624714284
0.007573151916
0.008892132771
0.01006552606
0.0104537011
0.009709036817
0.006545355759
0.002284438533
0.0006098777659
0.0001429873611
2.808746337e-05
5.346514176e-06
1.454406563e-06
6.217806358e-07
4.827455043e-07
4.524619858e-07
4.460176513e-07
4.440837897e-07
4.438476368e-07
4.428295105e-07
4.390590165e-07
4.269001389e-07
3.908546354e-07
3.52849039e-07
3.311755429e-07
3.198746193e-07
3.1381324e-07
3.10629678e-07
3.090828454e-07
3.083138645e-07
3.082246712e-07
0.0009642377224
0.002322341816
0.003627110808
0.004848036609
0.006117999925
0.007452268237
0.008800047721
0.01004271458
0.01054635351
0.009927607934
0.007040071444
0.002567850126
0.0007036625889
0.0001657112088
3.237130387e-05
5.987716149e-06
1.541377153e-06
6.538829916e-07
4.856136473e-07
4.53475369e-07
4.464909687e-07
4.446128655e-07
4.443238425e-07
4.433028026e-07
4.394744089e-07
4.273553259e-07
3.913528638e-07
3.531667447e-07
3.313208941e-07
3.199194251e-07
3.137934251e-07
3.105868607e-07
3.089921292e-07
3.081689622e-07
3.080880189e-07
0.0009501153387
0.002270584114
0.003549145184
0.004752072191
0.006011961216
0.007349908794
0.008718424454
0.01001065592
0.01062313832
0.0101048238
0.007449980192
0.002820024364
0.0007778894528
0.0001903163148
3.69423024e-05
6.636627681e-06
1.718550156e-06
6.692677606e-07
4.911122516e-07
4.543553277e-07
4.470553802e-07
4.449800813e-07
4.447419914e-07
4.437997376e-07
4.39888306e-07
4.277619668e-07
3.918144602e-07
3.534692361e-07
3.314535025e-07
3.199616071e-07
3.137851139e-07
3.105259026e-07
3.089160775e-07
3.080864475e-07
3.07935454e-07
0.0009395389212
0.002229968747
0.003487563976
0.004675030518
0.005925446253
0.007264559292
0.008647319522
0.009977362781
0.0106737036
0.01024686722
0.00778412058
0.003044048856
0.0008426546236
0.0002124937872
4.16181823e-05
7.307132877e-06
1.808250986e-06
6.981476635e-07
4.936704989e-07
4.551380291e-07
4.473976114e-07
4.453613928e-07
4.45086685e-07
4.441498401e-07
4.40199488e-07
4.281047711e-07
3.921970284e-07
3.537196621e-07
3.315700349e-07
3.199950272e-07
3.137661934e-07
3.104870399e-07
3.088331934e-07
3.079526085e-07
3.078079161e-07
0.0009311512973
0.002196626322
0.003437965946
0.004611904515
0.005852925415
0.007191064215
0.008586409004
0.009946306553
0.01073326838
0.01036386946
0.008060072245
0.003236161813
0.0008994561875
0.0002324741346
4.732750445e-05
8.045266716e-06
1.963075067e-06
7.124983143e-07
4.983053204e-07
4.558194156e-07
4.478060355e-07
4.456283688e-07
4.453965596e-07
4.445272346e-07
4.405144932e-07
4.284186972e-07
3.925630557e-07
3.539660488e-07
3.316799678e-07
3.200312063e-07
3.137577259e-07
3.104307988e-07
3.087625963e-07
3.078750736e-07
3.0766246e-07
3.078649033e-07
0.0009246802581
0.002166957009
0.003396222036
0.004558595763
0.005791309426
0.00712848555
0.008534597757
0.009917818275
0.01076056519
0.01045456672
0.008287105414
0.003402006623
0.0009496679207
0.0002489570555
5.383837805e-05
8.952044602e-06
2.036888737e-06
7.372301532e-07
5.00521993e-07
4.564182751e-07
4.480559568e-07
4.459110764e-07
4.456545397e-07
4.447922342e-07
4.407570882e-07
4.286893623e-07
3.928725939e-07
3.541745887e-07
3.317791814e-07
3.200587084e-07
3.137398389e-07
3.103946774e-07
3.086845664e-07
3.077478721e-07
3.075402537e-07
3.077315975e-07
0.0009208825776
0.002138080703
0.003358831654
0.004511538906
0.005737709692
0.007075200728
0.008490812073
0.009892469792
0.01078196989
0.01052570099
0.008477892888
0.00353986125
0.0009938417349
0.0002619248276
5.846759966e-05
1.010768942e-05
2.117852375e-06
7.4917037e-07
5.043097822e-07
4.569208447e-07
4.483553114e-07
4.46111355e-07
4.458917054e-07
4.45080318e-07
4.410068681e-07
4.289432352e-07
3.93177113e-07
3.543854305e-07
3.318752298e-07
3.200883257e-07
3.137317348e-07
3.103418698e-07
3.086178396e-07
3.076737907e-07
3.073996376e-07
3.07532454e-07
0.0009209063639
0.002112171181
0.003323828587
0.004467702238
0.005689285505
0.007029190857
0.008454047433
0.009870366926
0.01079877874
0.01058198518
0.008630002311
0.003658341511
0.001032256554
0.0002728517849
6.198783476e-05
1.106226931e-05
2.204792272e-06
7.628453558e-07
5.061415589e-07
4.574216933e-07
4.485409635e-07
4.46327881e-07
4.460918836e-07
4.452849822e-07
4.412038989e-07
4.291672722e-07
3.934401056e-07
3.54567834e-07
3.319641031e-07
3.201134508e-07
3.137150173e-07
3.103079045e-07
3.08543281e-07
3.07549227e-07
3.072811927e-07
3.07402719e-07
3.076165293e-07
0.0009241907199
0.002095932129
0.003290420129
0.004424569642
0.005643302635
0.006987890304
0.008422992362
0.009851371191
0.01081190727
0.01062676949
0.008751737918
0.003759524523
0.001065054611
0.0002838871367
6.386390378e-05
1.194767515e-05
2.30885662e-06
7.763385929e-07
5.09160635e-07
4.578075588e-07
4.487658191e-07
4.464832374e-07
4.462801258e-07
4.455159023e-07
4.414106737e-07
4.293825454e-07
3.937055907e-07
3.547568529e-07
3.320521596e-07
3.201423306e-07
3.137076536e-07
3.10257727e-07
3.084794468e-07
3.074817502e-07
3.071439433e-07
3.072077233e-07
3.074288233e-07
0.0009267961976
0.002090469022
0.003256812273
0.004380390508
0.005597618646
0.006948392527
0.008395026815
0.009835049727
0.01082187812
0.01066253972
0.008849692207
0.003845395985
0.001092762471
0.0002932998588
6.641030984e-05
1.268863563e-05
2.423684474e-06
7.891709726e-07
5.106446289e-07
4.583305262e-07
4.489077654e-07
4.466547107e-07
4.464413674e-07
4.456814605e-07
4.415775254e-07
4.295767141e-07
3.939394973e-07
3.54923756e-07
3.321354721e-07
3.201657524e-07
3.136922641e-07
3.10225568e-07
3.084074453e-07
3.073585501e-07
3.070282678e-07
3.070808496e-07
3.072133533e-07
0.0009235036199
0.002086088249
0.003220195677
0.004334580885
0.005551158201
0.006908093214
0.00836629731
0.009819806355
0.01082875917
0.01069113633
0.008928697751
0.003917918213
0.001116067065
0.0002949376165
6.690746333e-05
1.3042253e-05
2.517620133e-06
8.023038936e-07
5.130502668e-07
4.586125076e-07
4.490822116e-07
4.467790414e-07
4.465963459e-07
4.458746617e-07
4.417559173e-07
4.297664245e-07
3.941819903e-07
3.551003262e-07
3.322196309e-07
3.201950273e-07
3.136859377e-07
3.101775182e-07
3.083458809e-07
3.072929866e-07
3.06893404e-07
3.068887283e-07
3.070291576e-07
3.079078239e-07
0.0009124456021
0.002064825216
0.003177755381
0.004287633721
0.00550390797
0.006865389636
0.008334038711
0.009802199184
0.01083190795
0.01071415981
0.008992767992
0.003978915998
0.001135798552
0.0003003102543
6.837231261e-05
1.346579427e-05
2.626735178e-06
8.133280249e-07
5.142180507e-07
4.591081352e-07
4.491942317e-07
4.469193683e-07
4.467310912e-07
4.46013997e-07
4.419028292e-07
4.299410446e-07
3.943992042e-07
3.552589783e-07
3.32300686e-07
3.202189167e-07
3.136720187e-07
3.101469566e-07
3.082758558e-07
3.071723549e-07
3.067798315e-07
3.067644143e-07
3.068151347e-07
3.076032441e-07
0.0008913411006
0.002017011455
0.003129314701
0.004240586648
0.005456460042
0.006820023174
0.00829695279
0.009778920515
0.0108297175
0.01073258504
0.009044949879
0.004030124158
0.001152611998
0.0002994144944
6.858776307e-05
1.356725624e-05
2.709943771e-06
8.222243731e-07
5.160482128e-07
4.593258528e-07
4.493348818e-07
4.470221029e-07
4.468634564e-07
4.461818437e-07
4.420624281e-07
4.30114253e-07
3.946289695e-07
3.554293483e-07
3.323836874e-07
3.202488597e-07
3.136669373e-07
3.101007053e-07
3.082161558e-07
3.071083462e-07
3.06646708e-07
3.065741921e-07
3.066339921e-07
3.074125238e-07
3.078402593e-07
0.0008644578334
0.001940238084
0.003076360985
0.004194416111
0.005409626246
0.006773358244
0.008256417445
0.009750424034
0.0108205487
0.01074567946
0.009087245584
0.004073071396
0.00116712534
0.0003025208706
6.805688106e-05
1.381028276e-05
2.765706675e-06
8.298183696e-07
5.170010561e-07
4.59739746e-07
4.494268818e-07
4.471410932e-07
4.469803046e-07
4.463031467e-07
4.421961051e-07
4.302769886e-07
3.948369395e-07
3.555845489e-07
3.32464689e-07
3.202738753e-07
3.136545864e-07
3.100716079e-07
3.081477204e-07
3.069896834e-07
3.065349927e-07
3.064513612e-07
3.064210716e-07
3.071097025e-07
3.075043344e-07
0.001838554824
0.003020424317
0.004149438599
0.005364015978
0.006727129028
0.008214592957
0.009718581187
0.01080517554
0.01075178421
0.00911989299
0.004109363234
0.001179552565
0.0003025948689
6.76047716e-05
1.381393402e-05
2.821735242e-06
8.362724876e-07
5.181155372e-07
4.599120227e-07
4.495447458e-07
4.472285246e-07
4.470966636e-07
4.464524582e-07
4.423418848e-07
4.304386796e-07
3.950584729e-07
3.557513856e-07
3.325476196e-07
3.203048815e-07
3.136509404e-07
3.100273806e-07
3.080901963e-07
3.069275977e-07
3.064044423e-07
3.062644308e-07
3.062443821e-07
3.069217694e-07
3.071968201e-07
3.090606572e-07
0.001716948237
0.002962773504
0.004105504881
0.005319953358
0.006682765597
0.008173893028
0.009686666328
0.01078637013
0.01075259028
0.009143925344
0.004140074589
0.00119061378
0.0003059066506
6.799634801e-05
1.398165363e-05
2.850001439e-06
8.417518449e-07
5.188635875e-07
4.602490534e-07
4.496225645e-07
4.473316931e-07
4.472000023e-07
4.465589896e-07
4.424635345e-07
4.305890736e-07
3.952533001e-07
3.558991108e-07
3.32625889e-07
3.203295702e-07
3.136395941e-07
3.099997189e-07
3.080241118e-07
3.068126347e-07
3.062963739e-07
3.06145082e-07
3.060363647e-07
3.066264795e-07
3.069059692e-07
3.087086075e-07
0.00158396516
0.002904374143
0.0040624397
0.005277945824
0.006641683856
0.008136663444
0.009658115465
0.01076792511
0.01075279521
0.009163782616
0.004168379274
0.001198923759
0.0003079266978
6.803384806e-05
1.403949252e-05
2.873562896e-06
8.464303967e-07
5.195371251e-07
4.603885552e-07
4.497243435e-07
4.47408487e-07
4.473055915e-07
4.466948317e-07
4.425974103e-07
4.307377106e-07
3.954598618e-07
3.56055837e-07
3.327043859e-07
3.203589688e-07
3.136356905e-07
3.099563292e-07
3.079679433e-07
3.067519007e-07
3.061678473e-07
3.059611741e-07
3.058628575e-07
3.064417974e-07
3.066785527e-07
3.083221909e-07
3.095337176e-07
0.001463860312
0.002845361248
0.004019465537
0.005229307543
0.006592023855
0.008090902127
0.009623831821
0.01074596147
0.01075676945
0.009194033213
0.004209744215
0.001194192585
0.0003085839232
6.81645631e-05
1.411482887e-05
2.896265633e-06
8.507230363e-07
5.201691401e-07
4.606701405e-07
4.497953035e-07
4.475020955e-07
4.474011026e-07
4.46792924e-07
4.427115497e-07
4.308790553e-07
3.956429609e-07
3.561961782e-07
3.327794708e-07
3.203824965e-07
3.136235116e-07
3.099289316e-07
3.079023393e-07
3.066377753e-07
3.06060861e-07
3.058426031e-07
3.056553333e-07
3.061475782e-07
3.063497139e-07
3.079765915e-07
3.090650098e-07
3.129733167e-07
0.001340332463
0.002690806429
0.003894269694
0.005073683792
0.006410310964
0.007908796393
0.0094738923
0.01070342964
0.01075495279
0.009369661371
0.004497110465
0.001286305203
0.0003264413758
7.196663708e-05
1.472788021e-05
3.028654069e-06
8.723947162e-07
5.23092721e-07
4.609938931e-07
4.498892852e-07
4.475674345e-07
4.47494886e-07
4.469106564e-07
4.428310203e-07
4.310141683e-07
3.958350729e-07
3.563436781e-07
3.328541802e-07
3.204106704e-07
3.13620867e-07
3.098861718e-07
3.078471486e-07
3.065779062e-07
3.059332946e-07
3.056601444e-07
3.054832152e-07
3.059649496e-07
3.060870227e-07
3.07592172e-07
3.086387499e-07
3.123884832e-07
3.161745282e-07
0.001086970857
0.002566088058
0.003825325589
0.004998897001
0.006316043248
0.007809423188
0.009387638719
0.01067202715
0.01075380345
0.00946018863
0.004725793257
0.001371807773
0.0003476547262
7.535520961e-05
1.55979889e-05
3.142633682e-06
8.943510196e-07
5.256645202e-07
4.616448037e-07
4.50042351e-07
4.476617352e-07
4.475788583e-07
4.470131971e-07
4.429943984e-07
4.312631071e-07
3.962037305e-07
3.566104457e-07
3.32989348e-07
3.20461055e-07
3.136207273e-07
3.098650368e-07
3.077852254e-07
3.064666552e-07
3.058284791e-07
3.055431051e-07
3.052770655e-07
3.056727272e-07
3.057458133e-07
3.072462104e-07
3.08172899e-07
3.118373579e-07
3.154459915e-07
3.239167787e-07
0.0009251552304
0.002420818831
0.003765987143
0.004954105947
0.006257883403
0.007745673803
0.009329291905
0.01064723405
0.01075430574
0.009523031609
0.004930961985
0.001460793074
0.0003699524209
8.071137737e-05
1.630386264e-05
3.338906981e-06
9.164587941e-07
5.298682651e-07
4.620675861e-07
4.501348041e-07
4.477209762e-07
4.476669618e-07
4.471273157e-07
4.431073408e-07
4.313879961e-07
3.963871831e-07
3.567523967e-07
3.330621553e-07
3.204887734e-07
3.136181867e-07
3.09822819e-07
3.077308779e-07
3.06407476e-07
3.057015566e-07
3.053618018e-07
3.051061626e-07
3.054924155e-07
3.054796904e-07
3.068605683e-07
3.077520429e-07
3.112542409e-07
3.147607246e-07
3.23091478e-07
3.344366848e-07
3.572362516e-07
0.002285120566
0.003707441375
0.004925580673
0.00622934722
0.00771385041
0.009299061654
0.01063847459
0.01076187759
0.009577630873
0.005114150795
0.001551816016
0.0003993580941
8.591574482e-05
1.774485697e-05
3.506664864e-06
9.43290529e-07
5.3331089e-07
4.629275767e-07
4.503099825e-07
4.478159971e-07
4.477507694e-07
4.472212588e-07
4.432673629e-07
4.316346405e-07
3.967540493e-07
3.570243088e-07
3.332004423e-07
3.205414039e-07
3.136193792e-07
3.098019255e-07
3.076690626e-07
3.062965535e-07
3.055974967e-07
3.052452649e-07
3.04900141e-07
3.052007187e-07
3.051527233e-07
3.065161967e-07
3.072894942e-07
3.107076078e-07
3.140371608e-07
3.221047184e-07
3.331610192e-07
3.55467701e-07
3.973046049e-07
5.144946845e-07
0.002081703619
0.003638848492
0.004921663839
0.006237494861
0.007725305944
0.009312008666
0.01065128658
0.01078348371
0.009590853464
0.005119364677
0.001553124684
0.000399842907
8.590227688e-05
1.767433796e-05
3.512963055e-06
9.444183275e-07
5.335378664e-07
4.629979865e-07
4.503977552e-07
4.478806781e-07
4.478465761e-07
4.473423993e-07
4.433821786e-07
4.317577013e-07
3.969352426e-07
3.571528782e-07
3.332664078e-07
3.205645213e-07
3.13612787e-07
3.09759491e-07
3.076147996e-07
3.062374177e-07
3.054701759e-07
3.050639547e-07
3.047295962e-07
3.050213572e-07
3.049039327e-07
3.061327438e-07
3.06782522e-07
3.101258005e-07
3.133582619e-07
3.212900053e-07
3.320620841e-07
3.539054478e-07
3.94802033e-07
5.097697231e-07
0.001995630405
0.00359575351
0.004914920963
0.00624969588
0.007745935844
0.009336042603
0.01066191692
0.01079505943
0.00959556512
0.005119973855
0.00155375479
0.0004000838227
8.583436062e-05
1.764884704e-05
3.518013331e-06
9.453200463e-07
5.337085134e-07
4.631031515e-07
4.504580887e-07
4.479745667e-07
4.479436249e-07
4.47433408e-07
4.43489712e-07
4.318859612e-07
3.97092644e-07
3.57288137e-07
3.333398728e-07
3.20588987e-07
3.136041535e-07
3.097319186e-07
3.07549038e-07
3.061239153e-07
3.05365176e-07
3.049466607e-07
3.045222771e-07
3.047285373e-07
3.045869479e-07
3.05792576e-07
3.062376302e-07
3.095826812e-07
3.126396374e-07
3.203118045e-07
3.308017651e-07
3.521661189e-07
3.921346542e-07
5.051214797e-07
0.00195895471
0.00355296704
0.004908115134
0.006260473806
0.007765305639
0.009358483774
0.0106719289
0.01080564277
0.009600120126
0.005120442368
0.001554260372
0.0004002193548
8.571230598e-05
1.763398776e-05
3.523622367e-06
9.468080315e-07
5.339070771e-07
4.632201423e-07
4.505727119e-07
4.480542758e-07
4.48058774e-07
4.475605108e-07
4.436088612e-07
4.320123726e-07
3.972773125e-07
3.574180447e-07
3.334062616e-07
3.206119949e-07
3.135954413e-07
3.096886546e-07
3.074942649e-07
3.060643516e-07
3.052367205e-07
3.047644773e-07
3.043514388e-07
3.045496854e-07
3.043393438e-07
3.054109756e-07
3.057753269e-07
3.090032458e-07
3.11966583e-07
3.195070838e-07
3.297193193e-07
3.506347591e-07
3.897000042e-07
5.005492105e-07
0.002006341843
0.003519873988
0.004903061527
0.0062771296
0.007788095231
0.009385806483
0.01068452936
0.01081944494
0.009606819811
0.005121713609
0.00155427192
0.0004002282831
8.554303271e-05
1.764042857e-05
3.528314135e-06
9.474249021e-07
5.340993964e-07
4.633539119e-07
4.506467244e-07
4.481709749e-07
4.481745343e-07
4.476666138e-07
4.437258188e-07
4.321455674e-07
3.974338553e-07
3.575536331e-07
3.334797006e-07
3.206360428e-07
3.135866323e-07
3.096605413e-07
3.074275039e-07
3.059497797e-07
3.051314476e-07
3.046467702e-07
3.041430082e-07
3.042557626e-07
3.040176718e-07
3.050718406e-07
3.053373326e-07
3.084630685e-07
3.112520077e-07
3.185361198e-07
3.284726525e-07
3.489220987e-07
3.870934797e-07
4.960499258e-07
0.002180147409
0.003508713456
0.004902699683
0.006301045837
0.007819683802
0.009421233556
0.01070098845
0.01083777626
0.009615632951
0.00512288172
0.001553943385
0.000400126463
8.546711637e-05
1.763808325e-05
3.532240882e-06
9.488781087e-07
5.343417952e-07
4.634981606e-07
4.508024598e-07
4.482747759e-07
4.483195082e-07
4.478227085e-07
4.438604883e-07
4.322793986e-07
3.976228079e-07
3.576847179e-07
3.33546195e-07
3.206586607e-07
3.135746607e-07
3.096160775e-07
3.073719051e-07
3.058895335e-07
3.050014001e-07
3.044632028e-07
3.039715035e-07
3.040772254e-07
3.037634665e-07
3.046897862e-07
3.048988983e-07
3.078861679e-07
3.105851187e-07
3.177405734e-07
3.274062377e-07
3.47420741e-07
3.847243966e-07
4.916229882e-07
0.002425407036
0.003548028877
0.004919762322
0.00633965112
0.007867640752
0.009469914509
0.0107245795
0.01086282587
0.009627355221
0.005123638454
0.001553280092
0.0003998969645
8.551048064e-05
1.762716396e-05
3.53685705e-06
9.497525035e-07
5.345651033e-07
4.636806093e-07
4.509049581e-07
4.484384518e-07
4.484731614e-07
4.479543472e-07
4.439962445e-07
4.324251208e-07
3.977825942e-07
3.578241619e-07
3.336211267e-07
3.206825233e-07
3.135654067e-07
3.095868182e-07
3.073031124e-07
3.057725459e-07
3.048948802e-07
3.043441854e-07
3.037607219e-07
3.037808468e-07
3.034358567e-07
3.043500714e-07
3.045657828e-07
3.073499736e-07
3.098740331e-07
3.167755575e-07
3.261721812e-07
3.457333301e-07
3.821759055e-07
4.872654199e-07
0.002720551428
0.003696573869
0.004985145501
0.00640686501
0.007942266389
0.009539121772
0.01076072768
0.01089891437
0.00964457792
0.005124655218
0.001552531546
0.0003995700977
8.563033886e-05
1.762259465e-05
3.537784725e-06
9.507839723e-07
5.348732491e-07
4.638811004e-07
4.511449192e-07
4.485923739e-07
4.486788681e-07
4.481591306e-07
4.441593705e-07
4.325756221e-07
3.979844196e-07
3.579608801e-07
3.336894222e-07
3.207050031e-07
3.135457974e-07
3.095398424e-07
3.072454677e-07
3.057105875e-07
3.047614729e-07
3.041572803e-07
3.035871342e-07
3.036015281e-07
3.031781279e-07
3.03965939e-07
3.041170068e-07
3.067730971e-07
3.092124245e-07
3.159878253e-07
3.251206248e-07
3.442604654e-07
3.798696193e-07
4.829766591e-07
0.003020354023
0.003974113456
0.005150704882
0.006526664386
0.008054536387
0.009639087363
0.01081687074
0.01095319737
0.009672157572
0.005127074897
0.001550768499
0.0003990470754
8.582041259e-05
1.761902845e-05
3.540106687e-06
9.511533803e-07
5.352138746e-07
4.641909478e-07
4.513069162e-07
4.488525756e-07
4.489099092e-07
4.483414659e-07
4.443336217e-07
4.327461649e-07
3.981564448e-07
3.581106154e-07
3.337684969e-07
3.207289283e-07
3.135353184e-07
3.095081376e-07
3.071725109e-07
3.055884013e-07
3.046517141e-07
3.040351549e-07
3.033715019e-07
3.032997555e-07
3.028478576e-07
3.036251112e-07
3.034887011e-07
3.062367905e-07
3.085029622e-07
3.150268594e-07
3.238973499e-07
3.42596232e-07
3.773759277e-07
4.787536832e-07
0.003284263669
0.004269448881
0.005419770541
0.0067337238
0.008220539957
0.009778589004
0.01090428668
0.01102888271
0.009715258543
0.005132836381
0.001549004133
0.0003983020015
8.599797874e-05
1.762375739e-05
3.54350674e-06
9.524472563e-07
5.361069362e-07
4.645352318e-07
4.517195395e-07
4.491093497e-07
4.492394213e-07
4.486458935e-07
4.445559146e-07
4.329289119e-07
3.983893653e-07
3.582604945e-07
3.338411953e-07
3.207513495e-07
3.135104628e-07
3.094559537e-07
3.071103709e-07
3.055226637e-07
3.045114253e-07
3.038410512e-07
3.031933987e-07
3.031181469e-07
3.025872836e-07
3.032350481e-07
3.033054745e-07
3.056641219e-07
3.078444094e-07
3.142447957e-07
3.228586004e-07
3.411496056e-07
3.751291666e-07
4.745959531e-07
0.003775524722
0.004541244099
0.005722599403
0.007045162123
0.008472733806
0.009984497618
0.01103828749
0.01116696091
0.009797244139
0.005145078274
0.001546175218
0.0003973332294
8.601084062e-05
1.763710218e-05
3.552032954e-06
9.532590023e-07
5.365923719e-07
4.652711122e-07
4.520043343e-07
4.495662824e-07
4.496278629e-07
4.489259696e-07
4.448072405e-07
4.331479098e-07
3.985882705e-07
3.584317454e-07
3.339287978e-07
3.207753869e-07
3.134960076e-07
3.094192522e-07
3.070290481e-07
3.053898379e-07
3.043945792e-07
3.037123635e-07
3.029680847e-07
3.028054019e-07
3.02251664e-07
3.028895759e-07
3.028691211e-07
3.051235066e-07
3.071329763e-07
3.132844342e-07
3.216428877e-07
3.3950532e-07
3.726862542e-07
4.705003344e-07
0.0043372446
0.00473118415
0.005886033467
0.007325398727
0.008799904658
0.0102526865
0.01118266309
0.01134447914
0.009936268665
0.005177899052
0.001547750086
0.0003965511976
8.605305075e-05
1.765234999e-05
3.558199792e-06
9.560924767e-07
5.38157341e-07
4.658685499e-07
4.527685268e-07
4.500319932e-07
4.502077024e-07
4.494169096e-07
4.451427866e-07
4.333934091e-07
3.988811509e-07
3.586070639e-07
3.340096699e-07
3.20797263e-07
3.134623829e-07
3.093558325e-07
3.069576643e-07
3.053163293e-07
3.042406548e-07
3.035037101e-07
3.027802674e-07
3.02617292e-07
3.019827127e-07
3.024896183e-07
3.022121821e-07
3.045400342e-07
3.064745823e-07
3.125030512e-07
3.206133665e-07
3.380813823e-07
3.704948278e-07
4.664662033e-07
0.00558629479
0.005304749222
0.005928741682
0.007401181196
0.009096954088
0.01059375235
0.01160184523
0.01182353496
0.01014310305
0.005235015642
0.001551195727
0.0003959648004
8.617526625e-05
1.768743557e-05
3.573941066e-06
9.587131285e-07
5.391224312e-07
4.673940415e-07
4.533054959e-07
4.508869105e-07
4.509132122e-07
4.49863727e-07
4.455363783e-07
4.337023392e-07
3.991272584e-07
3.588176908e-07
3.341121764e-07
3.208204984e-07
3.134411003e-07
3.093103242e-07
3.06859932e-07
3.051625673e-07
3.041095659e-07
3.03362057e-07
3.025362165e-07
3.022834502e-07
3.016316503e-07
3.02132413e-07
3.018152524e-07
3.039897887e-07
3.057559916e-07
3.115361116e-07
3.193996463e-07
3.364518746e-07
3.6809733e-07
4.624903222e-07
0.007511355332
0.007138058005
0.006481009269
0.007361272985
0.009306190526
0.01137161772
0.01254188896
0.01249650053
0.0105348317
0.005394858679
0.001588439805
0.0003971558075
8.652152958e-05
1.776994465e-05
3.595789686e-06
9.626356436e-07
5.423810008e-07
4.685379606e-07
4.547739971e-07
4.517706478e-07
4.519917989e-07
4.506810815e-07
4.460665396e-07
4.340537366e-07
3.995187378e-07
3.590310932e-07
3.342031189e-07
3.20838537e-07
3.13403803e-07
3.092233835e-07
3.067707258e-07
3.050743202e-07
3.039301907e-07
3.031261505e-07
3.023296424e-07
3.020816327e-07
3.013436065e-07
3.017114387e-07
3.013002776e-07
3.033938125e-07
3.050917773e-07
3.107484196e-07
3.183737331e-07
3.350453949e-07
3.65955892e-07
4.5857159e-07
0.008424129018
0.009130466297
0.008364269961
0.007737929116
0.008976381111
0.01135999941
0.01335428947
0.01355303151
0.01110961632
0.005659739353
0.001628304904
0.0004022892645
8.739734929e-05
1.79251178e-05
3.636062984e-06
9.704361587e-07
5.452404195e-07
4.716496406e-07
4.558228006e-07
4.534134155e-07
4.533197798e-07
4.51449226e-07
4.466839077e-07
4.344978975e-07
3.998163824e-07
3.592917479e-07
3.343211461e-07
3.208543883e-07
3.133614589e-07
3.091629203e-07
3.0664287e-07
3.048822372e-07
3.037734732e-07
3.029614008e-07
3.020526651e-07
3.017110874e-07
3.009624617e-07
3.013320107e-07
3.009071452e-07
3.028247105e-07
3.043564107e-07
3.097662417e-07
3.171541884e-07
3.334237603e-07
3.635986433e-07
4.54705186e-07
0.008230493795
0.009693315816
0.009885045942
0.009034627565
0.008902410923
0.01065689713
0.01312818367
0.01430151504
0.01233837764
0.006413077567
0.001867311984
0.0004232781825
9.15044817e-05
1.855457955e-05
3.749893158e-06
9.884763159e-07
5.5124958e-07
4.739106377e-07
4.58675292e-07
4.551154217e-07
4.553652915e-07
4.528316117e-07
4.474850293e-07
4.34977405e-07
4.003173601e-07
3.595269826e-07
3.344065783e-07
3.208465108e-07
3.133136067e-07
3.090333551e-07
3.065223282e-07
3.047698342e-07
3.035517287e-07
3.026806139e-07
3.018151174e-07
3.014855337e-07
3.006432534e-07
3.008769708e-07
3.003481065e-07
3.022044607e-07
3.036778722e-07
3.089651904e-07
3.161255837e-07
3.320291876e-07
3.615073318e-07
4.508923489e-07
0.007589804733
0.009182571934
0.01010135986
0.00995453986
0.009166402433
0.009502163243
0.01166805272
0.01372582559
0.01329839143
0.007647100505
0.002193093478
0.0005065755125
0.0001045212847
2.041171346e-05
4.018357349e-06
1.029799207e-06
5.601301193e-07
4.806518917e-07
4.607632711e-07
4.58271774e-07
4.574618485e-07
4.539968978e-07
4.482840237e-07
4.355386022e-07
4.005725336e-07
3.597837683e-07
3.345045613e-07
3.208245171e-07
3.132145055e-07
3.089417101e-07
3.063453576e-07
3.045185845e-07
3.033562174e-07
3.024815483e-07
3.014903274e-07
3.010632097e-07
3.002188569e-07
3.004661011e-07
2.999189468e-07
3.01608405e-07
3.029177832e-07
3.079615697e-07
3.148947821e-07
3.304110391e-07
3.591880815e-07
4.471305576e-07
0.006153712706
0.00770530746
0.00915580157
0.009697172683
0.009396665496
0.008819415325
0.009504891713
0.01184388116
0.01300545981
0.01065730876
0.003402637266
0.0006780656727
0.0001461083177
2.658961017e-05
4.805726431e-06
1.130578064e-06
5.772446322e-07
4.85963694e-07
4.669631213e-07
4.615616962e-07
4.603178448e-07
4.559558033e-07
4.492007058e-07
4.360409579e-07
4.010581275e-07
3.59911256e-07
3.345034658e-07
3.207660137e-07
3.131195379e-07
3.087419874e-07
3.061746295e-07
3.043677585e-07
3.030746525e-07
3.021394589e-07
3.012114101e-07
3.008059285e-07
2.998609272e-07
2.999686807e-07
2.993119642e-07
3.009590815e-07
3.022210489e-07
3.071455613e-07
3.138623846e-07
3.290281182e-07
3.571461902e-07
4.434216556e-07
0.003572345555
0.005098171971
0.006798724694
0.008256552534
0.008791311011
0.008539374397
0.008147970961
0.008874047077
0.01092631518
0.01074585718
0.00645953618
0.001738208337
0.0003102128887
5.606350105e-05
8.723852001e-06
1.570182702e-06
6.257040957e-07
5.002980849e-07
4.69996797e-07
4.669219956e-07
4.628982808e-07
4.573308134e-07
4.502666035e-07
4.366489317e-07
4.011100932e-07
3.600707059e-07
3.345106192e-07
3.206432848e-07
3.129030154e-07
3.085774133e-07
3.058982627e-07
3.039986685e-07
3.028029193e-07
3.018738019e-07
3.007953718e-07
3.002854453e-07
2.99355666e-07
2.994975267e-07
2.988275904e-07
3.003109092e-07
3.014103647e-07
3.060985472e-07
3.126013462e-07
3.273984074e-07
3.548529125e-07
4.397502796e-07
0.001114970328
0.001847458995
0.003161116121
0.004872842152
0.006528812395
0.007423474785
0.007401440154
0.007161690292
0.007669666493
0.009182508385
0.008242986269
0.003820946396
0.001046850938
0.0001890043604
3.661441944e-05
5.744238853e-06
1.107652962e-06
5.492531403e-07
4.807529377e-07
4.686962155e-07
4.661109053e-07
4.598654596e-07
4.514828449e-07
4.37569946e-07
4.024528893e-07
3.605776274e-07
3.346039053e-07
3.205612652e-07
3.12738185e-07
3.081665147e-07
3.055575362e-07
3.037144744e-07
3.022809642e-07
3.012711939e-07
3.003309649e-07
2.998794788e-07
2.988202809e-07
2.98793124e-07
2.980106542e-07
2.994904609e-07
3.005762989e-07
3.05163113e-07
3.114710737e-07
3.259450626e-07
3.527923032e-07
4.36078624e-07
0.0002387288692
0.0004718488198
0.000754553487
0.001484893199
0.002550121082
0.004110227634
0.005442270629
0.006001576124
0.005941460726
0.006140588286
0.006927354231
0.00600349596
0.002842380664
0.000872102567
0.0001456164412
3.632132329e-05
7.088831586e-06
1.432376525e-06
5.867824493e-07
4.824953148e-07
4.672417666e-07
4.604686618e-07
4.528432941e-07
4.392810805e-07
4.038538772e-07
3.622165865e-07
3.352878536e-07
3.205321003e-07
3.12299734e-07
3.078137647e-07
3.048854946e-07
3.028104982e-07
3.016441689e-07
3.006677398e-07
2.994194104e-07
2.988042389e-07
2.978460312e-07
2.979482479e-07
2.972042875e-07
2.984823455e-07
2.994045343e-07
3.037705036e-07
3.099122894e-07
3.240721432e-07
3.503362912e-07
4.323826634e-07
3.107666418e-05
4.972831248e-05
8.362605424e-05
0.0001581965528
0.0002859299081
0.0005883633764
0.0009803046737
0.00180022395
0.002991750216
0.004081382146
0.004495521957
0.004585253864
0.004884250761
0.00430966442
0.002511963861
0.0008218906019
0.0001873239663
4.931166237e-05
1.098134058e-05
2.3119004e-06
7.402199033e-07
5.008335734e-07
4.649694524e-07
4.531866739e-07
4.404863509e-07
4.074992653e-07
3.639358123e-07
3.357966121e-07
3.204371346e-07
3.119529461e-07
3.068284078e-07
3.04087175e-07
3.021451297e-07
3.004123767e-07
2.992972627e-07
2.98411289e-07
2.979549086e-07
2.967691657e-07
2.965990376e-07
2.957438512e-07
2.971167701e-07
2.981062031e-07
3.02447275e-07
3.084306022e-07
3.22324313e-07
3.480695141e-07
4.2865619e-07
4.353265516e-06
6.482762269e-06
1.11409192e-05
2.206192713e-05
4.665495308e-05
0.0001000897064
0.0001986644987
0.000358428134
0.0007343755043
0.001150825697
0.001979616528
0.002774696035
0.003106995496
0.003271931262
0.002945897973
0.002065437506
0.0008358087773
0.0002142422068
4.835545757e-05
1.202004084e-05
3.494692541e-06
1.069587849e-06
5.587813468e-07
4.661618311e-07
4.421268781e-07
4.099473999e-07
3.675769013e-07
3.373766608e-07
3.203901525e-07
3.109410511e-07
3.060620974e-07
3.026316353e-07
3.002556182e-07
2.991431659e-07
2.980827297e-07
2.965888217e-07
2.958756902e-07
2.949657577e-07
2.951054374e-07
2.943664925e-07
2.954686494e-07
2.962978834e-07
3.004366867e-07
3.063423638e-07
3.200141183e-07
3.453112018e-07
4.248740114e-07
8.449630291e-07
1.005644231e-06
1.358154877e-06
2.249371579e-06
4.666064096e-06
1.112257992e-05
2.676775538e-05
6.093054082e-05
0.0001288198724
0.0002381941608
0.0004751454857
0.000747714191
0.001273130131
0.001756571414
0.002085587472
0.001956917106
0.001576295823
0.0009297141939
0.0002904541592
9.776326736e-05
2.727676604e-05
7.302274942e-06
2.02833948e-06
7.588646932e-07
4.961324481e-07
4.163440791e-07
3.707030916e-07
3.378231872e-07
3.199863059e-07
3.101999804e-07
3.040085896e-07
3.010820376e-07
2.989568811e-07
2.96685735e-07
2.954544731e-07
2.947274817e-07
2.943114886e-07
2.929727407e-07
2.926439524e-07
2.918007631e-07
2.93162932e-07
2.941907992e-07
2.983786918e-07
3.04156517e-07
3.175906437e-07
3.424014581e-07
4.198294543e-07
4.966318598e-07
5.058211895e-07
5.155451406e-07
5.350081961e-07
5.821346802e-07
7.167241325e-07
1.133506912e-06
2.408976843e-06
6.072412787e-06
1.550647071e-05
3.658528642e-05
7.976956127e-05
0.0001576286173
0.0002703058856
0.0004969110226
0.000779286325
0.001143989886
0.001262288906
0.001122772654
0.0008231867465
0.0004054167011
0.000112387278
3.698629872e-05
1.181651498e-05
3.674604702e-06
1.229250762e-06
5.846702103e-07
4.095902578e-07
3.468278267e-07
3.205502172e-07
3.076838291e-07
3.025253642e-07
2.980543539e-07
2.95196409e-07
2.943295089e-07
2.930707287e-07
2.910787043e-07
2.902246343e-07
2.895420695e-07
2.898610232e-07
2.891938481e-07
2.90050327e-07
2.90815174e-07
2.94703211e-07
3.004141262e-07
3.135551952e-07
3.377399681e-07
4.128342558e-07
4.424397485e-07
4.434060689e-07
4.444897005e-07
4.462753898e-07
4.476711751e-07
4.571040027e-07
4.767786422e-07
5.390993723e-07
7.506554761e-07
1.436160915e-06
3.456213726e-06
8.842777454e-06
2.152129015e-05
4.771680381e-05
9.131358787e-05
0.0001827241811
0.0002938458783
0.0004496845566
0.0007201925972
0.000725099689
0.0006112453699
0.0004334310842
0.0001922039169
5.489659438e-05
1.776264766e-05
6.259717886e-06
2.074994881e-06
7.98162503e-07
4.384960115e-07
3.38291562e-07
3.083860343e-07
2.976040387e-07
2.953099369e-07
2.927188709e-07
2.892608209e-07
2.879994993e-07
2.876668795e-07
2.872690294e-07
2.855632239e-07
2.848989385e-07
2.8414802e-07
2.855924539e-07
2.867563554e-07
2.907347287e-07
2.962065772e-07
3.089087677e-07
3.321979082e-07
4.033983293e-07
3.727074093e-07
3.732550075e-07
3.740783288e-07
3.748636462e-07
3.761073982e-07
3.772631877e-07
3.792894746e-07
3.817326975e-07
3.943399401e-07
4.267846602e-07
5.383809862e-07
9.0652579e-07
2.01732829e-06
5.054875605e-06
1.217485799e-05
2.824056113e-05
5.675184401e-05
9.508220182e-05
0.0001886847391
0.0002824648374
0.0004244519954
0.0004117804239
0.0003398700907
0.0002336248202
9.595876494e-05
2.879782604e-05
9.337796593e-06
2.997503653e-06
1.162333795e-06
5.423805721e-07
3.539342085e-07
3.029271825e-07
2.886549611e-07
2.850437405e-07
2.85314578e-07
2.832499995e-07
2.801851546e-07
2.791618257e-07
2.791510338e-07
2.797754049e-07
2.791486164e-07
2.794645321e-07
2.800979566e-07
2.835613889e-07
2.889024239e-07
3.01059738e-07
3.231732077e-07
3.947646088e-07
3.152164755e-07
3.15453035e-07
3.158569138e-07
3.161928093e-07
3.168049907e-07
3.172913985e-07
3.182188403e-07
3.189450077e-07
3.203772084e-07
3.218496768e-07
3.289746007e-07
3.462664658e-07
4.055113946e-07
6.039454985e-07
1.203836132e-06
2.890932497e-06
6.958370853e-06
1.549989903e-05
3.374293713e-05
5.827893708e-05
0.0001118162448
0.0001741856545
0.0002513715596
0.0002369608161
0.0001990093346
0.0001320018757
4.969476261e-05
1.919434963e-05
6.393663729e-06
2.015784778e-06
7.968371333e-07
4.17900732e-07
3.099227566e-07
2.815887556e-07
2.72979907e-07
2.74772617e-07
2.747758653e-07
2.739524877e-07
2.712397989e-07
2.699105954e-07
2.695241337e-07
2.713121018e-07
2.726923942e-07
2.762561068e-07
2.811624155e-07
2.925353888e-07
3.131104584e-07
3.716890123e-07
2.797393288e-07
2.798181071e-07
2.799164621e-07
2.800333099e-07
2.801790766e-07
2.803548378e-07
2.805724513e-07
2.808419153e-07
2.811684138e-07
2.816068378e-07
2.820159885e-07
2.83586274e-07
2.866174419e-07
2.95593298e-07
3.264156143e-07
4.311868365e-07
7.533382132e-07
1.646425972e-06
3.968416232e-06
8.93370382e-06
1.897447176e-05
3.766858746e-05
6.098523424e-05
0.0001065711302
0.0001503752772
0.0001426402093
0.0001180644207
7.522969637e-05
2.683460686e-05
8.541722751e-06
3.370030369e-06
1.396038888e-06
6.155930248e-07
3.582935084e-07
2.831002814e-07
2.62856796e-07
2.575636651e-07
2.584046075e-07
2.605805221e-07
2.61489539e-07
2.605676729e-07
2.595645342e-07
2.599862905e-07
2.628916442e-07
2.675351004e-07
2.779872809e-07
2.966025077e-07
3.570575871e-07
2.621674303e-07
2.621838052e-07
2.622069048e-07
2.622307231e-07
2.622652901e-07
2.623004511e-07
2.623525766e-07
2.624054129e-07
2.624848812e-07
2.625662372e-07
2.62689047e-07
2.6281991e-07
2.630214122e-07
2.633666884e-07
2.639977947e-07
2.693266564e-07
2.849721317e-07
3.38734161e-07
5.117081785e-07
1.001886942e-06
2.270534705e-06
5.208047393e-06
1.106523746e-05
2.0427363e-05
3.841674129e-05
6.062637207e-05
8.840830194e-05
8.411941477e-05
7.101242905e-05
4.237711633e-05
1.747995076e-05
6.492704083e-06
2.319763165e-06
8.435268628e-07
4.22730377e-07
2.910059132e-07
2.569674282e-07
2.499129917e-07
2.442117142e-07
2.427601878e-07
2.43776261e-07
2.466810866e-07
2.481125156e-07
2.508695665e-07
2.548750102e-07
2.640973001e-07
2.802239425e-07
3.341253504e-07
2.345529374e-07
2.345589538e-07
2.345639246e-07
2.345726415e-07
2.34580095e-07
2.345933226e-07
2.346044037e-07
2.346242336e-07
2.346409628e-07
2.346711744e-07
2.34696867e-07
2.347436143e-07
2.347837787e-07
2.348590342e-07
2.349185157e-07
2.3511003e-07
2.353747261e-07
2.383372202e-07
2.468692426e-07
2.774764872e-07
3.783257811e-07
6.771572038e-07
1.479477699e-06
3.330594746e-06
6.770111406e-06
1.436352717e-05
2.351219572e-05
4.503359073e-05
5.935988036e-05
5.382195097e-05
3.842513541e-05
1.344644204e-05
4.210382658e-06
1.498771624e-06
5.347576843e-07
3.126180734e-07
2.415154573e-07
2.29672875e-07
2.325034444e-07
2.31647917e-07
2.278280493e-07
2.249486687e-07
2.252885188e-07
2.276534103e-07
2.311863126e-07
2.391214797e-07
2.526650027e-07
2.97370224e-07
2.197881097e-07
2.197963441e-07
2.198059034e-07
2.19816939e-07
2.198304061e-07
2.19846008e-07
2.198648289e-07
2.19886532e-07
2.199129594e-07
2.199434917e-07
2.199809408e-07
2.200241837e-07
2.200776916e-07
2.201394195e-07
2.202165668e-07
2.20303465e-07
2.204128406e-07
2.205868253e-07
2.207671251e-07
2.224638662e-07
2.240125205e-07
2.551808686e-07
3.270443759e-07
5.470470346e-07
1.115944355e-06
2.463746121e-06
5.243258158e-06
1.002041509e-05
1.84532677e-05
3.752843169e-05
3.57626487e-05
2.940002099e-05
1.326496649e-05
3.224897795e-06
1.306007497e-06
5.140131213e-07
2.758783024e-07
2.117159344e-07
1.985207118e-07
1.961364633e-07
2.042125641e-07
2.098058509e-07
2.116143266e-07
2.140304364e-07
2.1724016e-07
2.242338791e-07
2.350509525e-07
2.739563287e-07
1.751058717e-07
1.751064182e-07
1.751071571e-07
1.751081428e-07
1.751094449e-07
1.751111501e-07
1.751133696e-07
1.751162413e-07
1.751199443e-07
1.751246992e-07
1.751308001e-07
1.751386116e-07
1.751486306e-07
1.751615161e-07
1.751787716e-07
1.752012122e-07
1.752280254e-07
1.752634466e-07
1.753099448e-07
1.753993566e-07
1.755854566e-07
1.768352391e-07
1.81207997e-07
1.969021799e-07
2.47540804e-07
3.958036623e-07
7.771031557e-07
1.67138594e-06
3.565951858e-06
7.856564923e-06
1.300353041e-05
1.886778663e-05
1.764124224e-05
1.331397218e-05
6.50771157e-06
2.895579934e-06
1.244753139e-06
5.487998205e-07
2.884832445e-07
2.037659935e-07
1.777623051e-07
1.724289976e-07
1.72371643e-07
1.738868676e-07
1.76224234e-07
1.810622385e-07
1.886900048e-07
2.129173499e-07
1.752884387e-07
1.752875683e-07
1.752864986e-07
1.752851243e-07
1.752833739e-07
1.752811527e-07
1.752783443e-07
1.752748035e-07
2.201301439e-07
2.201276684e-07
2.201221598e-07
2.201152483e-07
2.201068634e-07
2.200966615e-07
2.200842704e-07
2.351257926e-07
2.351245103e-07
2.351220014e-07
2.351185515e-07
2.35114113e-07
2.351083931e-07
2.628880709e-07
2.628742216e-07
2.628572001e-07
2.628374086e-07
2.628132161e-07
2.796648749e-07
2.796012766e-07
2.795218773e-07
2.794315126e-07
3.109109406e-07
3.107019526e-07
3.595679951e-07
0.007905538948
0.01252655296
0.01209365575
0.01011703039
0.005596179959
0.001377800947
0.0003770856198
2.865179337e-05
6.331838777e-06
1.555911698e-06
7.113722148e-07
5.23826043e-07
4.42568467e-07
4.206655449e-07
4.130231109e-07
4.062294993e-07
0.00649843594
0.0104600628
0.01089814395
0.01033540063
0.008346504256
0.004085001047
0.0009333762401
0.0002565394789
3.818557384e-05
6.521522049e-06
1.791366674e-06
6.482747547e-07
5.032839152e-07
4.417472223e-07
4.243843907e-07
4.16926416e-07
4.111454739e-07
4.074482512e-07
4.060220659e-07
4.038045434e-07
4.035664675e-07
4.016645205e-07
3.990091578e-07
0.005268227986
0.008816346503
0.009597312907
0.00993764875
0.009296139699
0.007019168562
0.002932360252
0.000831556862
0.0001857150816
3.705095529e-05
7.100803176e-06
1.706029189e-06
5.906686819e-07
4.868392942e-07
4.342751414e-07
4.25939121e-07
4.191023196e-07
4.144829515e-07
4.10901679e-07
4.09706255e-07
4.08052088e-07
4.076515732e-07
4.059376909e-07
4.018050898e-07
3.953715737e-07
0.004303479796
0.007654514778
0.008612212589
0.009251901957
0.009252698008
0.008310077336
0.005247868932
0.001866762069
0.0004154040859
9.777621862e-05
2.094229319e-05
4.543577468e-06
1.30727987e-06
5.544893942e-07
4.729939114e-07
4.342419292e-07
4.269071604e-07
4.20832486e-07
4.175230687e-07
4.146094066e-07
4.140605064e-07
4.126932243e-07
4.11147733e-07
4.081554056e-07
4.022340746e-07
3.905942768e-07
3.569807514e-07
0.003520644606
0.006771707093
0.007872811922
0.008709307046
0.009150491256
0.008798582433
0.007277715417
0.003345629915
0.001041368114
0.0002212151313
5.554507941e-05
1.203234615e-05
2.702245975e-06
9.4993408e-07
5.074619904e-07
4.590000235e-07
4.340906673e-07
4.268135962e-07
4.216929812e-07
4.192630723e-07
4.174515651e-07
4.172393027e-07
4.161070958e-07
4.129806903e-07
4.077270122e-07
3.95812066e-07
3.603935544e-07
3.365797746e-07
0.002889983647
0.006056343023
0.007283551905
0.008271813867
0.008957184775
0.00902024403
0.008213615682
0.005337133894
0.001886206561
0.0006137120399
0.0001241484262
2.681772373e-05
5.84789115e-06
1.531936132e-06
6.934788691e-07
4.772273879e-07
4.472574684e-07
4.322836908e-07
4.268766495e-07
4.230077269e-07
4.218520689e-07
4.207427339e-07
4.199093765e-07
4.1757028e-07
4.12769604e-07
4.000175194e-07
3.635616149e-07
3.380049005e-07
3.244997618e-07
3.175105294e-07
0.002380465971
0.005435171907
0.006763589387
0.007869658296
0.008730177827
0.009126585602
0.008767718472
0.007229954847
0.003162840022
0.0009732735073
0.0002720271962
5.717892667e-05
1.257870828e-05
2.818030198e-06
8.852002267e-07
5.477558668e-07
4.558862246e-07
4.373648326e-07
4.302879803e-07
4.265295388e-07
4.243300843e-07
4.240224683e-07
4.233026389e-07
4.209084358e-07
4.167336259e-07
4.032996486e-07
3.660416459e-07
3.391717349e-07
3.24899458e-07
3.174653787e-07
3.135198649e-07
0.001980630157
0.004883232848
0.006282050693
0.007470519389
0.008459846674
0.009107665022
0.009108480973
0.008196173002
0.004964126534
0.001695132404
0.0004559855391
0.0001222032934
2.863921045e-05
5.251404426e-06
1.421521467e-06
6.071793494e-07
4.827059062e-07
4.441645816e-07
4.342447202e-07
4.292815898e-07
4.274105599e-07
4.263731665e-07
4.259024608e-07
4.240402379e-07
4.200842258e-07
4.061515623e-07
3.683212421e-07
3.402811886e-07
3.25265602e-07
3.174618959e-07
3.133106178e-07
0.001695853712
0.00434525701
0.005848994529
0.007110454434
0.008202064205
0.009049456931
0.009346083417
0.008785451888
0.006582955819
0.002538517853
0.0008091664914
0.0001781998285
4.546184509e-05
1.158703794e-05
2.111317369e-06
8.07871942e-07
5.024269131e-07
4.546590042e-07
4.372487496e-07
4.318378183e-07
4.291576071e-07
4.286320854e-07
4.281445825e-07
4.262719608e-07
4.223855676e-07
4.084131389e-07
3.701357457e-07
3.411967222e-07
3.255999473e-07
3.174766527e-07
3.131176922e-07
3.109392955e-07
0.001482453139
0.003900014435
0.005458022604
0.00677288454
0.007939916063
0.008913511159
0.009476842646
0.009235482612
0.007862997039
0.003672556822
0.00109606644
0.0003175822752
6.392742174e-05
1.535929487e-05
3.861753759e-06
9.649022621e-07
5.547286142e-07
4.60771977e-07
4.405096314e-07
4.338494545e-07
4.312742085e-07
4.301932422e-07
4.298943684e-07
4.283756578e-07
4.244247397e-07
4.103170206e-07
3.718041289e-07
3.420455021e-07
3.259027978e-07
3.17505454e-07
3.130035678e-07
3.106473829e-07
3.096794567e-07
0.001328183521
0.003518154413
0.005121046743
0.00646868507
0.00769087538
0.008755173534
0.009534303142
0.009544070658
0.008560874799
0.004929166084
0.001635300106
0.0004253299908
0.0001188383248
2.245051851e-05
4.83575265e-06
1.363891542e-06
5.88644769e-07
4.745471349e-07
4.430899437e-07
4.356885981e-07
4.324922612e-07
4.317310065e-07
4.313683427e-07
4.298689826e-07
4.258331103e-07
4.118355632e-07
3.731111667e-07
3.427427289e-07
3.26175885e-07
3.175361825e-07
3.128951223e-07
3.104942366e-07
3.093930728e-07
0.001222939774
0.00321716574
0.004830327702
0.006195200979
0.007458801802
0.008592328078
0.009514380394
0.009742713233
0.009003742646
0.006106385454
0.002168978003
0.0006091557138
0.0001487226755
3.138523507e-05
7.20301961e-06
1.589726704e-06
6.690628257e-07
4.81988206e-07
4.466978846e-07
4.37167341e-07
4.339402123e-07
4.32772022e-07
4.325479856e-07
4.312772212e-07
4.271052035e-07
4.130882513e-07
3.742995552e-07
3.433713504e-07
3.264168446e-07
3.175832925e-07
3.12832251e-07
3.103096247e-07
3.091780916e-07
3.087922952e-07
0.001154393516
0.0030027925
0.004590608808
0.005957783881
0.007251709591
0.008442005867
0.009481087733
0.009920993628
0.009364386453
0.007047475391
0.002755726867
0.0007850487689
0.0002033638902
3.941894374e-05
8.571370575e-06
2.1115212e-06
7.112352936e-07
4.980963701e-07
4.490722069e-07
4.38499106e-07
4.347851692e-07
4.338155721e-07
4.335208302e-07
4.322643211e-07
4.280065576e-07
4.140985204e-07
3.752171149e-07
3.438822496e-07
3.266273263e-07
3.17618409e-07
3.127692708e-07
3.102129178e-07
3.089919201e-07
3.084833699e-07
0.001104717928
0.002841490108
0.004392079446
0.005751994893
0.007064224831
0.008300473078
0.009415601686
0.01000160553
0.00966603125
0.00781115763
0.003294142545
0.0009552969267
0.0002481932968
5.323284017e-05
1.033281472e-05
2.32635155e-06
8.056567339e-07
5.060560815e-07
4.533132181e-07
4.396118829e-07
4.357725729e-07
4.345126145e-07
4.343172814e-07
4.332042601e-07
4.288258428e-07
4.149227106e-07
3.760460851e-07
3.443324623e-07
3.268079493e-07
3.176631237e-07
3.127337074e-07
3.100941734e-07
3.088516923e-07
3.083481065e-07
3.08263079e-07
0.001065721015
0.00271423914
0.004227104151
0.005574542144
0.006897027979
0.008170322254
0.009347028974
0.0101162223
0.009908922644
0.008376424778
0.003825482215
0.001117729311
0.000302704707
6.343014087e-05
1.207888085e-05
2.876155922e-06
8.50930924e-07
5.22586169e-07
4.551890421e-07
4.405926941e-07
4.363553343e-07
4.352189059e-07
4.349613229e-07
4.338584211e-07
4.294182288e-07
4.155930969e-07
3.766804397e-07
3.446954679e-07
3.269624387e-07
3.176947184e-07
3.126972337e-07
3.100328446e-07
3.087282475e-07
3.081432933e-07
3.080767313e-07
0.001034902062
0.00261387572
0.004091645489
0.005424165376
0.006750887659
0.008052955637
0.009278672449
0.01015346005
0.0100799171
0.008779099258
0.004331204351
0.001285329753
0.0003317883197
7.887515545e-05
1.391230858e-05
3.108105289e-06
9.46563403e-07
5.302821448e-07
4.587585506e-07
4.414129377e-07
4.37027186e-07
4.356867613e-07
4.35498727e-07
4.344857849e-07
4.299530572e-07
4.161368297e-07
3.772511797e-07
3.450107152e-07
3.270928306e-07
3.17732224e-07
3.126774006e-07
3.09955604e-07
3.086361046e-07
3.080534941e-07
3.07900798e-07
0.001010475425
0.002535529311
0.003982043316
0.005299011439
0.006625607045
0.00794906115
0.009213957147
0.01017623341
0.01019816013
0.009051845253
0.004799624694
0.001450888767
0.0003793857616
8.525564e-05
1.558917938e-05
3.631681656e-06
9.909995608e-07
5.455505942e-07
4.603045162e-07
4.421305161e-07
4.374305105e-07
4.361700076e-07
4.359329797e-07
4.349296755e-07
4.303542151e-07
4.165949752e-07
3.777006476e-07
3.452738112e-07
3.272076239e-07
3.177596373e-07
3.126542732e-07
3.099134315e-07
3.085487091e-07
3.07907326e-07
3.077678687e-07
0.0009904483492
0.002474863126
0.003894425978
0.005196278438
0.006519921615
0.007858787184
0.009154632334
0.01018671865
0.01029323473
0.009248857048
0.00520438716
0.001607029514
0.0004208623616
9.543997707e-05
1.724979948e-05
3.86286165e-06
1.078613984e-06
5.524457477e-07
4.632138599e-07
4.427396175e-07
4.379019302e-07
4.364977285e-07
4.363149401e-07
4.353698065e-07
4.307356981e-07
4.169859737e-07
3.781220716e-07
3.455102793e-07
3.273063478e-07
3.177944559e-07
3.126374632e-07
3.098500133e-07
3.084725129e-07
3.078323993e-07
3.076195313e-07
3.079673393e-07
0.0009728930994
0.002427913121
0.003824877328
0.005112505265
0.006431504923
0.007781237695
0.009101566292
0.01019049845
0.01036966275
0.009398774596
0.005545166421
0.001750105441
0.0004554166368
0.0001049474317
1.87720133e-05
4.321945517e-06
1.118578126e-06
5.656274267e-07
4.644574122e-07
4.432744822e-07
4.381917967e-07
4.368467066e-07
4.366295823e-07
4.35677727e-07
4.310382046e-07
4.173348173e-07
3.784727565e-07
3.457212198e-07
3.27399764e-07
3.178140917e-07
3.126159714e-07
3.098116453e-07
3.083921309e-07
3.076968012e-07
3.074952454e-07
3.078320803e-07
0.0009566007881
0.002390428711
0.003769525694
0.005043929889
0.006357586108
0.007715206715
0.009054906376
0.01018954542
0.01043075522
0.00951637557
0.005828613161
0.00187545474
0.000485912245
0.0001148842536
2.023626683e-05
4.530657368e-06
1.192914109e-06
5.714063825e-07
4.667739874e-07
4.437319256e-07
4.385325092e-07
4.370856689e-07
4.369143513e-07
4.359986557e-07
4.313301293e-07
4.176390427e-07
3.788123561e-07
3.459165708e-07
3.274827552e-07
3.178437604e-07
3.126000498e-07
3.09752866e-07
3.08321094e-07
3.07626076e-07
3.073534199e-07
3.076303592e-07
0.0009416366215
0.002357542328
0.003723900821
0.004986762267
0.006295459238
0.007659419194
0.00901452192
0.01018686582
0.01047947433
0.009609485377
0.00606311193
0.001983599079
0.0005145005464
0.0001226706786
2.152090222e-05
4.906996145e-06
1.226206985e-06
5.822075548e-07
4.677495385e-07
4.441299789e-07
4.387443131e-07
4.373446756e-07
4.371502313e-07
4.362261451e-07
4.315673197e-07
4.178944324e-07
3.79099503e-07
3.46095265e-07
3.27563613e-07
3.178604638e-07
3.125800726e-07
3.097170538e-07
3.082450189e-07
3.07496646e-07
3.07234096e-07
3.074996189e-07
3.076247324e-07
0.0009292751589
0.002324697158
0.003683624282
0.004937423542
0.006242627389
0.007612610355
0.008980013777
0.01018295355
0.01051840565
0.009684452014
0.006256258082
0.00207574501
0.0005396211426
0.0001308121618
2.275589467e-05
5.079634431e-06
1.286200082e-06
5.868771254e-07
4.695654512e-07
4.444748258e-07
4.389957115e-07
4.375238969e-07
4.373695595e-07
4.36472174e-07
4.318002344e-07
4.181215022e-07
3.793846324e-07
3.46264732e-07
3.276372316e-07
3.178840811e-07
3.125652134e-07
3.096616533e-07
3.081775902e-07
3.074288553e-07
3.070965755e-07
3.073031461e-07
3.074380093e-07
0.0009217345943
0.002293091819
0.003646001639
0.004892864619
0.006196584961
0.007573121995
0.008950757085
0.01017818758
0.01054964938
0.00974813173
0.006412884986
0.002153492763
0.0005605347671
0.0001380170615
2.379146319e-05
5.374777085e-06
1.313052133e-06
5.954974501e-07
4.703279395e-07
4.447722092e-07
4.391537841e-07
4.377221014e-07
4.375528664e-07
4.366495043e-07
4.319944684e-07
4.18323104e-07
3.796312077e-07
3.464233548e-07
3.277106901e-07
3.178998689e-07
3.125466238e-07
3.09627813e-07
3.081045068e-07
3.073036743e-07
3.069806585e-07
3.071755606e-07
3.072193769e-07
0.000919604969
0.002267167641
0.003609480206
0.004850366248
0.006154627992
0.007538842982
0.008926024511
0.01017260184
0.01057480516
0.009801385037
0.006540522942
0.00221877631
0.0005762275832
0.0001440391048
2.470652953e-05
5.511357866e-06
1.360459841e-06
5.992367816e-07
4.71750144e-07
4.450361881e-07
4.393445696e-07
4.378609639e-07
4.377280405e-07
4.368478784e-07
4.321887615e-07
4.185111103e-07
3.798830958e-07
3.465770378e-07
3.277790531e-07
3.179185205e-07
3.125328274e-07
3.095749034e-07
3.080397639e-07
3.072379993e-07
3.068460104e-07
3.069827285e-07
3.070367231e-07
0.0009207430668
0.002251059003
0.003572763627
0.004807620711
0.006113776531
0.007506506422
0.008904882385
0.01016728502
0.01059513639
0.009845563718
0.006644975912
0.002273467995
0.0005926032441
0.0001449368813
2.55041188e-05
5.739422686e-06
1.382258759e-06
6.060991804e-07
4.723505676e-07
4.452648124e-07
4.394664828e-07
4.380181676e-07
4.378760748e-07
4.369927861e-07
4.323546515e-07
4.186835455e-07
3.80105357e-07
3.467238921e-07
3.278486744e-07
3.179348098e-07
3.125155837e-07
3.095426534e-07
3.079688636e-07
3.071158101e-07
3.067324895e-07
3.068574696e-07
3.068205515e-07
3.07956178e-07
0.002242522526
0.00353394193
0.00476328889
0.006071919494
0.0074733824
0.008884852392
0.01016216109
0.01061159701
0.009882071029
0.006730832244
0.002319370777
0.0006061919377
0.0001481100366
2.620187774e-05
5.851090904e-06
1.41971892e-06
6.092985398e-07
4.734775387e-07
4.454739154e-07
4.396168083e-07
4.381298175e-07
4.380214354e-07
4.371597676e-07
4.325234378e-07
4.188485408e-07
3.803362144e-07
3.468687963e-07
3.279147177e-07
3.17955239e-07
3.12502935e-07
3.094916922e-07
3.079062103e-07
3.070517183e-07
3.065997592e-07
3.066671543e-07
3.066408073e-07
3.077190778e-07
0.002228834802
0.003491559012
0.004717304221
0.0060281332
0.007437377309
0.008862089517
0.01015564203
0.01062478529
0.009912250832
0.006801747166
0.002358032489
0.0006177331856
0.0001508751319
2.68219782e-05
6.028616146e-06
1.438390088e-06
6.135151383e-07
4.739534859e-07
4.456595308e-07
4.397148264e-07
4.382595146e-07
4.381457626e-07
4.37282999e-07
4.326705937e-07
4.19003711e-07
3.805431062e-07
3.470096204e-07
3.279829843e-07
3.179713379e-07
3.124870749e-07
3.094608157e-07
3.078369406e-07
3.069317092e-07
3.064879712e-07
3.065437672e-07
3.064259953e-07
3.074568575e-07
3.075835937e-07
0.002194282758
0.003444591835
0.004670445823
0.005982703462
0.007397761642
0.008834380824
0.01014463316
0.01063417997
0.009937213217
0.006860611215
0.002390738301
0.0006275969884
0.0001540751916
2.740685884e-05
6.125227889e-06
1.465068574e-06
6.163003934e-07
4.748586888e-07
4.458320609e-07
4.398383697e-07
4.383528955e-07
4.382711102e-07
4.374289885e-07
4.328224885e-07
4.191555471e-07
3.807617137e-07
3.471504444e-07
3.280486865e-07
3.179929251e-07
3.124756346e-07
3.094114491e-07
3.077759815e-07
3.068688544e-07
3.063565267e-07
3.06355101e-07
3.062488381e-07
3.072310197e-07
3.073111413e-07
0.002132776468
0.003394219195
0.004623795416
0.00593666157
0.007355332425
0.008801592431
0.01012668556
0.01063692041
0.009957204709
0.006909284618
0.00241853024
0.0006365227256
0.000156846982
2.79889932e-05
6.244127206e-06
1.481014888e-06
6.188295103e-07
4.752417668e-07
4.459912176e-07
4.399204567e-07
4.38464244e-07
4.383795891e-07
4.375374869e-07
4.329572678e-07
4.193011489e-07
3.809602343e-07
3.472890592e-07
3.281172584e-07
3.180103139e-07
3.124611828e-07
3.093818068e-07
3.077079765e-07
3.06750486e-07
3.062460544e-07
3.062333443e-07
3.060355836e-07
3.069526665e-07
3.070683052e-07
3.092707005e-07
0.002047141122
0.003341605553
0.004577991339
0.00589121767
0.007312086212
0.008765942396
0.01010400385
0.01063375669
0.009970965976
0.006949393567
0.002442118527
0.0006438517023
0.0001592908387
2.86061599e-05
6.364152304e-06
1.497775602e-06
6.21103912e-07
4.759764413e-07
4.461384111e-07
4.400255285e-07
4.385447825e-07
4.384907797e-07
4.376682852e-07
4.330967312e-07
4.194446842e-07
3.811706972e-07
3.474277202e-07
3.281833679e-07
3.180330651e-07
3.124511178e-07
3.093342813e-07
3.076490381e-07
3.066892421e-07
3.061168164e-07
3.060477204e-07
3.058625956e-07
3.067438851e-07
3.06853123e-07
3.088847146e-07
0.001943321847
0.003287569012
0.004533138098
0.005847283356
0.00727005468
0.008730127743
0.01007969782
0.01062587056
0.009978626218
0.006983732643
0.002462720453
0.0006512958748
0.0001612156438
2.927333679e-05
6.478817888e-06
1.510123127e-06
6.231468297e-07
4.762929225e-07
4.462754095e-07
4.400953983e-07
4.386424221e-07
4.38587198e-07
4.377646098e-07
4.332200388e-07
4.195805059e-07
3.813569797e-07
3.475604326e-07
3.282499133e-07
3.180503966e-07
3.124376572e-07
3.093059435e-07
3.075831205e-07
3.065743054e-07
3.060097193e-07
3.059301595e-07
3.05654348e-07
3.064747301e-07
3.065803452e-07
3.085253626e-07
3.097183998e-07
0.001828457662
0.00323251718
0.004489291923
0.00580587442
0.007231306242
0.008697340978
0.01005826784
0.01061736481
0.009983891324
0.007018807997
0.002476629805
0.0006565016724
0.0001632543915
3.004811604e-05
6.552689719e-06
1.520981887e-06
6.249837134e-07
4.768559383e-07
4.464056952e-07
4.401871627e-07
4.387138718e-07
4.386888594e-07
4.378842399e-07
4.333484916e-07
4.197140838e-07
3.815528364e-07
3.476911131e-07
3.283127203e-07
3.180719632e-07
3.124275137e-07
3.092592217e-07
3.075254733e-07
3.06514209e-07
3.058822291e-07
3.05747107e-07
3.054850243e-07
3.062695305e-07
3.062927491e-07
3.081452326e-07
3.092637291e-07
0.001718743305
0.00317535782
0.00444136316
0.005756372445
0.00718388086
0.008657114278
0.01003416326
0.01061007672
0.009993080319
0.007078122483
0.002471924398
0.0006574600107
0.0001623071184
3.090494677e-05
6.630460544e-06
1.53153862e-06
6.267368949e-07
4.771497245e-07
4.465174219e-07
4.402486063e-07
4.388032021e-07
4.387785081e-07
4.379735943e-07
4.334645313e-07
4.198421304e-07
3.817276044e-07
3.478180037e-07
3.283768235e-07
3.180883884e-07
3.124139451e-07
3.092310431e-07
3.074598041e-07
3.063999177e-07
3.057760116e-07
3.056307305e-07
3.052771765e-07
3.059991641e-07
3.058422137e-07
3.077872592e-07
3.088229094e-07
3.126498144e-07
0.001523251502
0.002985772238
0.004277698405
0.005574102574
0.006997052508
0.008489396183
0.00992172871
0.01058761044
0.0100640922
0.007367093469
0.00265670229
0.0006992828666
0.0001738297024
3.320508356e-05
6.964169034e-06
1.586919026e-06
6.354633126e-07
4.783300698e-07
4.467403624e-07
4.40325321e-07
4.388646531e-07
4.38869603e-07
4.380790282e-07
4.335801273e-07
4.199651378e-07
3.819092857e-07
3.479414423e-07
3.284368736e-07
3.181090897e-07
3.124038055e-07
3.091848986e-07
3.074030425e-07
3.063405389e-07
3.056492499e-07
3.054489732e-07
3.051094394e-07
3.057951338e-07
3.056222954e-07
3.074091097e-07
3.083728993e-07
3.120634387e-07
3.1614887e-07
0.001265012334
0.002846455394
0.004192941294
0.005482287815
0.006896949144
0.008395197957
0.009852808299
0.01056719636
0.01009959525
0.007560641521
0.002799385803
0.0007430829853
0.00018246735
3.552989115e-05
7.249632408e-06
1.646998461e-06
6.443853335e-07
4.792710131e-07
4.470173404e-07
4.40434799e-07
4.389484229e-07
4.389481935e-07
4.381750883e-07
4.337440922e-07
4.20215995e-07
3.822360963e-07
3.48164972e-07
3.285458313e-07
3.181456852e-07
3.123999661e-07
3.091615651e-07
3.073401473e-07
3.062286306e-07
3.05544901e-07
3.05334054e-07
3.049028908e-07
3.055253127e-07
3.053271795e-07
3.070541483e-07
3.079362221e-07
3.115131132e-07
3.154172843e-07
3.23505541e-07
0.002693172851
0.004127858775
0.005425765429
0.006832861788
0.00833267678
0.00980530679
0.01055488713
0.01012834052
0.007713048223
0.002933365387
0.0007905281641
0.0001941313227
3.78565457e-05
7.830717565e-06
1.702592362e-06
6.531220021e-07
4.816617872e-07
4.472468298e-07
4.405043139e-07
4.390043354e-07
4.390344252e-07
4.382774075e-07
4.338534828e-07
4.203301713e-07
3.824072462e-07
3.482839629e-07
3.286044691e-07
3.181660196e-07
3.12389458e-07
3.091158583e-07
3.072841008e-07
3.061698301e-07
3.05418598e-07
3.051533227e-07
3.047363471e-07
3.053217924e-07
3.050754404e-07
3.066789456e-07
3.074916298e-07
3.109296459e-07
3.147380338e-07
3.226800105e-07
3.345160708e-07
3.568855762e-07
0.00254844399
0.004072288246
0.00539329798
0.006800129947
0.008299561801
0.009780483321
0.01055464545
0.01015825325
0.007849135456
0.003064182377
0.0008458911199
0.0002077632096
4.102490065e-05
8.26805638e-06
1.784635711e-06
6.640885235e-07
4.832133425e-07
4.476631214e-07
4.406164205e-07
4.390888677e-07
4.391130325e-07
4.383674494e-07
4.340147227e-07
4.205811332e-07
3.827308991e-07
3.485093003e-07
3.287140639e-07
3.182041304e-07
3.123866856e-07
3.090926651e-07
3.072211427e-07
3.060581606e-07
3.053148766e-07
3.050388123e-07
3.045298079e-07
3.05052191e-07
3.047517354e-07
3.063276041e-07
3.069739467e-07
3.103821009e-07
3.140114736e-07
3.216975962e-07
3.332411702e-07
3.551206066e-07
3.97457937e-07
5.159423687e-07
0.002360886305
0.004023834082
0.005396888684
0.006810329582
0.008311522385
0.009791906245
0.0105656809
0.0101748354
0.007858632503
0.00306829844
0.0008462117346
0.0002077277332
4.111510473e-05
8.294247662e-06
1.785531579e-06
6.644021586e-07
4.834107267e-07
4.477580224e-07
4.406963884e-07
4.391492621e-07
4.392068927e-07
4.384750145e-07
4.341251915e-07
4.206901406e-07
3.829035971e-07
3.486223613e-07
3.287711962e-07
3.182213458e-07
3.12374932e-07
3.090465955e-07
3.07165021e-07
3.059993065e-07
3.051880514e-07
3.048579585e-07
3.043636053e-07
3.048494248e-07
3.045127447e-07
3.059537863e-07
3.064389357e-07
3.098015499e-07
3.133386806e-07
3.208825326e-07
3.321437919e-07
3.53561215e-07
3.949522483e-07
5.112055554e-07
0.002255638722
0.003989039961
0.005395623564
0.006826199825
0.008332356992
0.009808677272
0.0105753101
0.01018161389
0.007861816931
0.00306993011
0.0008464912723
0.0002074816691
4.114690595e-05
8.307667004e-06
1.786149946e-06
6.656748815e-07
4.836006916e-07
4.478577641e-07
4.407495492e-07
4.392407098e-07
4.392990198e-07
4.385597338e-07
4.342352773e-07
4.208071702e-07
3.830527862e-07
3.487404333e-07
3.28830387e-07
3.182379419e-07
3.12362378e-07
3.090180417e-07
3.070986829e-07
3.058853569e-07
3.050833714e-07
3.047426815e-07
3.041556479e-07
3.045799417e-07
3.041765677e-07
3.056041004e-07
3.059656915e-07
3.092577486e-07
3.126170378e-07
3.19908563e-07
3.308841374e-07
3.518252252e-07
3.922836523e-07
5.065455966e-07
0.002190012382
0.003952042703
0.005394222065
0.006839930244
0.008352178596
0.009823712013
0.01058445515
0.01018839818
0.007864668334
0.003071669944
0.0008469389243
0.0002071769096
4.113512492e-05
8.310732398e-06
1.789303136e-06
6.660974198e-07
4.838080346e-07
4.479709957e-07
4.40852783e-07
4.39314524e-07
4.394113271e-07
4.386729804e-07
4.34349633e-07
4.209177447e-07
3.832293794e-07
3.488546157e-07
3.288880266e-07
3.182550194e-07
3.123494803e-07
3.089710301e-07
3.070419322e-07
3.058260277e-07
3.049554421e-07
3.045609049e-07
3.039891702e-07
3.043777054e-07
3.039308309e-07
3.052300239e-07
3.055336034e-07
3.086800676e-07
3.119501647e-07
3.19103403e-07
3.298033067e-07
3.502966516e-07
3.898459039e-07
5.019617308e-07
0.002179136842
0.003919588914
0.005394460819
0.006858848996
0.008376559682
0.009842308728
0.01059665483
0.01019800569
0.007869682092
0.003074172937
0.0008470115331
0.0002068401228
4.109083023e-05
8.305442906e-06
1.789101687e-06
6.661155827e-07
4.840602862e-07
4.480882386e-07
4.409179725e-07
4.394275633e-07
4.395204195e-07
4.38770647e-07
4.344684039e-07
4.210367088e-07
3.833778611e-07
3.489728949e-07
3.289470458e-07
3.182710993e-07
3.123363084e-07
3.089418574e-07
3.069744595e-07
3.057109781e-07
3.048502557e-07
3.04445189e-07
3.037799867e-07
3.041079335e-07
3.035972219e-07
3.048816474e-07
3.050945733e-07
3.08139676e-07
3.112325803e-07
3.181366948e-07
3.285573374e-07
3.485872773e-07
3.872382251e-07
4.974509871e-07
0.002263056116
0.003902222339
0.005399413536
0.006885380333
0.008408713721
0.00986577848
0.01061234358
0.01021086012
0.007875595089
0.003076998865
0.0008469525111
0.0002061987344
4.101264571e-05
8.292417535e-06
1.786322693e-06
6.65360388e-07
4.843577335e-07
4.482319064e-07
4.410582347e-07
4.395226525e-07
4.396607469e-07
4.389078992e-07
4.345960675e-07
4.211507699e-07
3.835587155e-07
3.490880168e-07
3.290048536e-07
3.182877288e-07
3.123224679e-07
3.088935135e-07
3.069167661e-07
3.05650919e-07
3.047209024e-07
3.042620474e-07
3.036128731e-07
3.039055359e-07
3.033593882e-07
3.045075493e-07
3.046828776e-07
3.075651495e-07
3.105713559e-07
3.173411251e-07
3.274926063e-07
3.470886542e-07
3.84866064e-07
4.93012712e-07
0.002498692793
0.003920087561
0.005419589545
0.006926154155
0.008454026606
0.009897981085
0.01063369468
0.01022837001
0.007882618182
0.003079811943
0.0008466001393
0.0002056239145
4.079989866e-05
8.261751134e-06
1.782772249e-06
6.652342473e-07
4.847060534e-07
4.483882667e-07
4.411491167e-07
4.39679805e-07
4.39804023e-07
4.390282383e-07
4.347327836e-07
4.212772305e-07
3.837114149e-07
3.492095987e-07
3.290648629e-07
3.183034144e-07
3.123085554e-07
3.088631686e-07
3.068471817e-07
3.055334786e-07
3.046145779e-07
3.041450685e-07
3.034012626e-07
3.036337269e-07
3.030318811e-07
3.041599592e-07
3.044074026e-07
3.07028475e-07
3.098569294e-07
3.163807416e-07
3.262593153e-07
3.454045282e-07
3.823165034e-07
4.886439491e-07
0.002803539076
0.004013375583
0.005479379255
0.006991816986
0.008519922166
0.009944602663
0.01066505462
0.01025412023
0.007892891105
0.003083422364
0.0008460881021
0.0002052307017
4.035093629e-05
8.247451372e-06
1.77590341e-06
6.657798547e-07
4.851148271e-07
4.485971733e-07
4.413657562e-07
4.398191602e-07
4.400010479e-07
4.392072052e-07
4.348855123e-07
4.214016179e-07
3.83905541e-07
3.493295743e-07
3.291243584e-07
3.183197408e-07
3.122913134e-07
3.088121869e-07
3.067873611e-07
3.05471687e-07
3.044819674e-07
3.039587716e-07
3.032321776e-07
3.03429743e-07
3.027977178e-07
3.037854462e-07
3.037751039e-07
3.064535214e-07
3.092002174e-07
3.155937139e-07
3.252095492e-07
3.439344042e-07
3.800071892e-07
4.843441227e-07
0.003115357995
0.004255423495
0.00561609784
0.007099481932
0.008618692053
0.01001586765
0.01071372781
0.01029275596
0.007907799015
0.003087562478
0.0008456533331
0.0002049350136
3.981509886e-05
8.178164657e-06
1.772954685e-06
6.667598309e-07
4.855990703e-07
4.488380387e-07
4.415106808e-07
4.40067114e-07
4.402143748e-07
4.393736601e-07
4.35059043e-07
4.21546783e-07
3.840703576e-07
3.494599801e-07
3.291872616e-07
3.183349586e-07
3.122757432e-07
3.087794174e-07
3.067135836e-07
3.053491567e-07
3.043725656e-07
3.038388458e-07
3.030157233e-07
3.031532209e-07
3.024674527e-07
3.034371539e-07
3.032904824e-07
3.059186498e-07
3.08487158e-07
3.14637858e-07
3.239871712e-07
3.422735351e-07
3.775125585e-07
4.80110236e-07
0.003362866272
0.004550450458
0.005860914971
0.007281255323
0.008755857856
0.01011280846
0.01078314024
0.01035559899
0.007934652453
0.003096105541
0.0008449499337
0.000204776566
3.940493725e-05
8.163355634e-06
1.77516738e-06
6.681604943e-07
4.861455101e-07
4.491859766e-07
4.418846042e-07
4.402976576e-07
4.405270927e-07
4.396408607e-07
4.352637526e-07
4.216975085e-07
3.842936082e-07
3.495913654e-07
3.292506772e-07
3.183507803e-07
3.122505287e-07
3.087230146e-07
3.066491938e-07
3.052836059e-07
3.042333313e-07
3.036457288e-07
3.028420579e-07
3.029452904e-07
3.022280326e-07
3.030572053e-07
3.030923091e-07
3.053479169e-07
3.078327657e-07
3.138574024e-07
3.229503909e-07
3.408297445e-07
3.752628766e-07
4.75941741e-07
0.00370128616
0.004776040922
0.00613818684
0.007543559498
0.008970824591
0.01027137188
0.01091003931
0.01045326275
0.007970685025
0.003106980213
0.000844069073
0.0002046196073
3.93451337e-05
8.1224164e-06
1.777738422e-06
6.695842187e-07
4.871350911e-07
4.496061912e-07
4.42141457e-07
4.407313279e-07
4.408829371e-07
4.399026962e-07
4.355108233e-07
4.218893448e-07
3.844835758e-07
3.497401292e-07
3.293194546e-07
3.183649646e-07
3.122317008e-07
3.086852656e-07
3.065670853e-07
3.05150691e-07
3.04117158e-07
3.035195887e-07
3.026160697e-07
3.026595127e-07
3.018852357e-07
3.027039597e-07
3.025623885e-07
3.048063864e-07
3.071176818e-07
3.129027442e-07
3.217358275e-07
3.391890334e-07
3.728192425e-07
4.718355357e-07
0.004137562427
0.004852805261
0.006256758361
0.007799607371
0.009229975545
0.01048735575
0.01109046223
0.01065086366
0.008052048371
0.00313549119
0.0008431580696
0.0002044460052
3.932861114e-05
8.135124331e-06
1.785392396e-06
6.719275096e-07
4.879547078e-07
4.502453849e-07
4.42836751e-07
4.411480026e-07
4.414309508e-07
4.403466226e-07
4.358144458e-07
4.221040591e-07
3.847632648e-07
3.498935751e-07
3.293899917e-07
3.18379284e-07
3.122004824e-07
3.086173944e-07
3.06493363e-07
3.050774749e-07
3.039648135e-07
3.033125939e-07
3.024328528e-07
3.024429146e-07
3.016331874e-07
3.023136501e-07
3.02009697e-07
3.042269441e-07
3.064614594e-07
3.121252709e-07
3.207085936e-07
3.377681705e-07
3.70625104e-07
4.677909954e-07
0.005223648184
0.00523292572
0.006195693718
0.00789264827
0.009610560539
0.01091295178
0.01155228193
0.01100415481
0.008171966425
0.003178269327
0.0008452482227
0.0002046728069
3.938592202e-05
8.150438849e-06
1.792423035e-06
6.742609525e-07
4.899763194e-07
4.51040389e-07
4.433238931e-07
4.419585358e-07
4.420745363e-07
4.40793151e-07
4.361939474e-07
4.223994151e-07
3.849973757e-07
3.500755782e-07
3.294684816e-07
3.183903406e-07
3.121734129e-07
3.085705772e-07
3.063949748e-07
3.049241153e-07
3.038349779e-07
3.031741408e-07
3.021885798e-07
3.021397311e-07
3.012687659e-07
3.019483457e-07
3.016196105e-07
3.036777335e-07
3.057382672e-07
3.11165878e-07
3.19496508e-07
3.361426654e-07
3.682272561e-07
4.638049269e-07
0.006984266097
0.006503961114
0.006432803706
0.00775040779
0.009868467414
0.01169728153
0.01234461844
0.01154402057
0.008453517808
0.003296502085
0.0008480216075
0.0002056977802
3.959883585e-05
8.191588873e-06
1.804738305e-06
6.782634723e-07
4.914266389e-07
4.52283347e-07
4.446648845e-07
4.427492712e-07
4.430933052e-07
4.415690001e-07
4.366372712e-07
4.227623356e-07
3.853696078e-07
3.50261773e-07
3.295475147e-07
3.183991113e-07
3.121367382e-07
3.084790272e-07
3.063033014e-07
3.04836475e-07
3.036581601e-07
3.029410784e-07
3.019875644e-07
3.019068009e-07
3.009971995e-07
3.015380437e-07
3.011113053e-07
3.030863931e-07
3.050742669e-07
3.103849831e-07
3.184734617e-07
3.347397389e-07
3.660834907e-07
4.598766601e-07
0.008208874381
0.008488003241
0.007626625677
0.007756666347
0.009571280154
0.01187120939
0.01329468917
0.01238963925
0.008904322817
0.003483749702
0.0008828173433
0.0002094065198
4.035690008e-05
8.311012202e-06
1.831365802e-06
6.84506028e-07
4.955480079e-07
4.538117023e-07
4.456192649e-07
4.443074667e-07
4.44302806e-07
4.423361699e-07
4.371963211e-07
4.232057016e-07
3.856524005e-07
3.504847573e-07
3.296332022e-07
3.183942464e-07
3.120802532e-07
3.084166762e-07
3.061751181e-07
3.046457562e-07
3.035037103e-07
3.027806816e-07
3.017115691e-07
3.015728013e-07
3.006015936e-07
3.011510196e-07
3.007062312e-07
3.025193707e-07
3.043343707e-07
3.094122277e-07
3.172564535e-07
3.33122901e-07
3.637255095e-07
4.560009665e-07
0.008091130708
0.009342821231
0.009171737869
0.008248760717
0.008786109257
0.01110213624
0.01320599044
0.01346847094
0.009915859466
0.003984236567
0.0009285395693
0.0002234684069
4.293025941e-05
8.662992158e-06
1.895458591e-06
6.960145096e-07
4.985023805e-07
4.565117926e-07
4.482348254e-07
4.458318959e-07
4.462363084e-07
4.436598089e-07
4.378866153e-07
4.236847896e-07
3.861271109e-07
3.506886149e-07
3.297068656e-07
3.183797216e-07
3.120281906e-07
3.082834173e-07
3.060520978e-07
3.045345716e-07
3.032862703e-07
3.025048106e-07
3.014814526e-07
3.013124223e-07
3.003033927e-07
3.007093321e-07
3.001560118e-07
3.019052499e-07
3.036550265e-07
3.086211053e-07
3.162317501e-07
3.317327585e-07
3.616326842e-07
4.521791219e-07
0.007511301203
0.008992715538
0.009664513148
0.009299556407
0.008634978347
0.00955660927
0.01214366158
0.01337874123
0.01158653591
0.004898824932
0.001279274884
0.0002579144837
5.012579256e-05
9.612419746e-06
2.036460223e-06
7.188840045e-07
5.08080563e-07
4.595528107e-07
4.500908404e-07
4.488294585e-07
4.483288264e-07
4.448422741e-07
4.387285826e-07
4.242147327e-07
3.863682463e-07
3.509031697e-07
3.297650124e-07
3.18348906e-07
3.119174437e-07
3.081880453e-07
3.058758994e-07
3.042866839e-07
3.030948505e-07
3.023120234e-07
3.011599594e-07
3.009353587e-07
2.998685063e-07
3.002926695e-07
2.997184429e-07
3.013131505e-07
3.028918126e-07
3.076291933e-07
3.150051076e-07
3.301207972e-07
3.59313925e-07
4.484087004e-07
0.006101589704
0.007660793725
0.008954926519
0.009227883698
0.008763676943
0.008430183651
0.009601262876
0.01205474372
0.01195206168
0.007623372199
0.001990174038
0.0004326069334
7.587620928e-05
1.282249024e-05
2.425581024e-06
7.704045259e-07
5.160666852e-07
4.667626752e-07
4.553755108e-07
4.517777127e-07
4.509260544e-07
4.46648407e-07
4.395737593e-07
4.247069037e-07
3.868222881e-07
3.51010475e-07
3.297477946e-07
3.182752984e-07
3.118199351e-07
3.079873241e-07
3.057038507e-07
3.041386454e-07
3.028207603e-07
3.019784874e-07
3.008916018e-07
3.006412476e-07
2.995380585e-07
2.998133458e-07
2.991282165e-07
3.006726915e-07
3.021946378e-07
3.068267558e-07
3.139784111e-07
3.287438071e-07
3.572718752e-07
4.446916225e-07
0.003451917728
0.005005241339
0.006702436741
0.008030679624
0.008307734209
0.007993869264
0.007820660371
0.008894569611
0.01083027448
0.009456396564
0.004037396112
0.000835935906
0.000180913133
2.985789404e-05
4.49840951e-06
9.900956056e-07
5.51478218e-07
4.718366229e-07
4.590525058e-07
4.56793652e-07
4.532449164e-07
4.478803441e-07
4.40556639e-07
4.252584717e-07
3.86865718e-07
3.511294591e-07
3.297325038e-07
3.181473449e-07
3.11592938e-07
3.078205341e-07
3.054308007e-07
3.037766482e-07
3.025563255e-07
3.01722435e-07
3.004829175e-07
3.00157677e-07
2.990273542e-07
2.993393557e-07
2.986424225e-07
3.000320591e-07
3.013849743e-07
3.057940232e-07
3.127243709e-07
3.271226674e-07
3.549811102e-07
4.410126438e-07
0.00104448408
0.001743468723
0.003025606696
0.004719447533
0.006331189497
0.007033649876
0.006948746561
0.006776166752
0.007472215394
0.008682120497
0.007182282924
0.002390223771
0.0005143312216
0.0001181539859
2.12689844e-05
3.361636315e-06
8.169003125e-07
5.068448233e-07
4.665132625e-07
4.585363897e-07
4.561699374e-07
4.501856593e-07
4.41647971e-07
4.262601289e-07
3.881614135e-07
3.515447827e-07
3.297793924e-07
3.180004611e-07
3.114144291e-07
3.074023387e-07
3.050846911e-07
3.034953582e-07
3.020460642e-07
3.011340147e-07
3.00036109e-07
2.997460421e-07
2.985339518e-07
2.986633881e-07
2.978547128e-07
2.992258008e-07
3.005545242e-07
3.048759631e-07
3.116029363e-07
3.25677942e-07
3.529224469e-07
4.3733398e-07
0.0002454402153
0.0003704967015
0.0008149393166
0.001321641617
0.002441879009
0.003953602524
0.005220036761
0.005674827689
0.005613224268
0.005890424228
0.006498020797
0.005325117933
0.001998647681
0.0004466007579
0.0001225889954
2.656707022e-05
4.862189528e-06
1.072496612e-06
5.334908198e-07
4.67972175e-07
4.571331423e-07
4.50752587e-07
4.43025403e-07
4.280234999e-07
3.894853215e-07
3.528800395e-07
3.302274525e-07
3.178954219e-07
3.109100524e-07
3.070257917e-07
3.044006066e-07
3.025917944e-07
3.014175359e-07
3.005458529e-07
2.991349124e-07
2.987127794e-07
2.975478605e-07
2.978109128e-07
2.970474231e-07
2.98230968e-07
2.993913249e-07
3.035016992e-07
3.100557749e-07
3.238180982e-07
3.504719019e-07
4.336317159e-07
4.409489827e-05
7.665708909e-05
0.0001445680793
0.0002841064584
0.0004987291301
0.001027320054
0.001658315827
0.002822859271
0.003838081806
0.004174995047
0.004305084596
0.004530981227
0.003831784216
0.001967691475
0.0005208792164
0.0001447169104
3.418569748e-05
7.214209276e-06
1.631693841e-06
6.32962408e-07
4.789520277e-07
4.537429492e-07
4.433282682e-07
4.29630509e-07
3.931923906e-07
3.542826297e-07
3.305733673e-07
3.176158707e-07
3.105198759e-07
3.060007274e-07
3.035845847e-07
3.019235589e-07
3.001972381e-07
2.991962885e-07
2.981579263e-07
2.978486243e-07
2.965474907e-07
2.965130404e-07
2.956348287e-07
2.968885686e-07
2.981107952e-07
3.021963479e-07
3.085879428e-07
3.220835189e-07
3.482099365e-07
4.298996897e-07
3.637272556e-06
5.528947613e-06
9.754846908e-06
1.983853403e-05
4.315491148e-05
9.181353352e-05
0.0001844228635
0.0003671093312
0.0006219880375
0.001140223837
0.001845422045
0.002586163054
0.002866970191
0.002991489147
0.002651167736
0.001770527372
0.0006323485987
0.0001848179576
5.036917158e-05
1.22757848e-05
2.823639661e-06
8.897885947e-07
5.190132897e-07
4.525424094e-07
4.314103015e-07
3.956306375e-07
3.573056344e-07
3.314549448e-07
3.173766001e-07
3.093751412e-07
3.05199463e-07
3.020827105e-07
3.000232342e-07
2.989313532e-07
2.980002978e-07
2.96347995e-07
2.958330015e-07
2.947155554e-07
2.949987812e-07
2.942563391e-07
2.952626915e-07
2.963165444e-07
3.002148208e-07
3.065182816e-07
3.197932497e-07
3.454616948e-07
4.261129636e-07
7.509660984e-07
8.878481411e-07
1.197300958e-06
2.002342955e-06
4.233596351e-06
1.021393578e-05
2.483324009e-05
5.759307725e-05
0.0001195683171
0.0002187759613
0.0004502596449
0.0007028784094
0.001193119975
0.001621377259
0.00190055896
0.001738898354
0.001353189389
0.0007330454375
0.0002083426625
6.224152404e-05
1.895217997e-05
5.349315875e-06
1.558050075e-06
6.58049464e-07
4.709317996e-07
4.019259417e-07
3.598531342e-07
3.326546774e-07
3.16732202e-07
3.086080298e-07
3.030769254e-07
3.00542463e-07
2.987176251e-07
2.964787592e-07
2.954061479e-07
2.945367892e-07
2.94253014e-07
2.928531926e-07
2.926333253e-07
2.917649982e-07
2.929977475e-07
2.942435773e-07
2.981910626e-07
3.043627401e-07
3.174022231e-07
3.425786312e-07
4.211276334e-07
4.848945932e-07
4.933852259e-07
5.101645998e-07
5.518301409e-07
6.744224966e-07
1.060051659e-06
2.250758879e-06
5.69113373e-06
1.447511491e-05
3.423856067e-05
7.666260962e-05
0.0001418598371
0.0002808518721
0.0004380850569
0.0007133070611
0.001083826159
0.001131338736
0.0009953692766
0.0007156124593
0.0003324909408
9.573088579e-05
3.211019425e-05
8.781012797e-06
2.718498736e-06
9.823583663e-07
5.222896448e-07
3.897041193e-07
3.351590283e-07
3.16598546e-07
3.059118772e-07
3.015857076e-07
2.973785502e-07
2.949214777e-07
2.941364474e-07
2.930254053e-07
2.908973756e-07
2.902557818e-07
2.893549162e-07
2.89800204e-07
2.891620589e-07
2.899316037e-07
2.909006032e-07
2.945807082e-07
3.006722942e-07
3.134299108e-07
3.379798524e-07
4.141959586e-07
4.260648422e-07
4.269335618e-07
4.279565006e-07
4.293840444e-07
4.320256239e-07
4.352953693e-07
4.602033813e-07
5.177225229e-07
7.171662476e-07
1.364024395e-06
3.283197826e-06
8.506070296e-06
2.042860524e-05
4.609141285e-05
8.99802528e-05
0.0001526061364
0.0002881011941
0.0004330068091
0.0006602622214
0.0006295212947
0.0005447904547
0.0003735895889
0.0001529952298
4.464095013e-05
1.348993471e-05
4.119844381e-06
1.582754494e-06
6.734208256e-07
4.066651228e-07
3.294759291e-07
3.060014093e-07
2.966310393e-07
2.94837319e-07
2.924583032e-07
2.890266919e-07
2.880290666e-07
2.875576182e-07
2.872791697e-07
2.856194197e-07
2.850184946e-07
2.842293354e-07
2.855349575e-07
2.868983968e-07
2.906666091e-07
2.96516233e-07
3.088414353e-07
3.324805012e-07
4.060343159e-07
3.600768561e-07
3.606107248e-07
3.612996096e-07
3.620809732e-07
3.631167662e-07
3.64253103e-07
3.660629795e-07
3.67655904e-07
3.813043143e-07
4.119196902e-07
5.188322487e-07
8.768976335e-07
1.949895893e-06
4.888731379e-06
1.17606305e-05
2.622619162e-05
5.440597822e-05
9.106114706e-05
0.000178055862
0.0002835193682
0.0003943020074
0.0003629444675
0.0003102464183
0.0002056841689
7.574271571e-05
2.849102716e-05
9.076491012e-06
2.972018571e-06
1.062920476e-06
4.982719458e-07
3.418685251e-07
3.001751195e-07
2.878407426e-07
2.850796186e-07
2.851461362e-07
2.831689418e-07
2.800544781e-07
2.792624867e-07
2.789980649e-07
2.797703716e-07
2.79217332e-07
2.794754525e-07
2.802686401e-07
2.8358459e-07
2.892758301e-07
3.010754945e-07
3.235630106e-07
3.922351848e-07
3.111591436e-07
3.113626011e-07
3.117080974e-07
3.119978158e-07
3.12522604e-07
3.129424682e-07
3.137418595e-07
3.143656128e-07
3.156092291e-07
3.169708749e-07
3.235964167e-07
3.402774788e-07
3.979434767e-07
5.910576684e-07
1.171830203e-06
2.77247622e-06
6.715297425e-06
1.496944239e-05
3.111619948e-05
6.260825001e-05
9.901676727e-05
0.0001721367712
0.0002347337857
0.0002214633373
0.0001795568709
0.0001114433656
3.761384822e-05
1.337974708e-05
4.264738073e-06
1.595235159e-06
7.025149835e-07
3.958305028e-07
3.052584602e-07
2.806670527e-07
2.728661417e-07
2.7493489e-07
2.747345945e-07
2.740227608e-07
2.715762524e-07
2.701868999e-07
2.697379668e-07
2.713899144e-07
2.729272132e-07
2.76327491e-07
2.815884323e-07
2.926094365e-07
3.134640224e-07
3.772159471e-07
2.797259551e-07
2.797904814e-07
2.798734678e-07
2.799693405e-07
2.800930946e-07
2.802377285e-07
2.804232963e-07
2.806456799e-07
2.809255196e-07
2.812886743e-07
2.816523252e-07
2.829434325e-07
2.858078885e-07
2.944362712e-07
3.243021446e-07
4.252844617e-07
7.381015357e-07
1.606312022e-06
3.802567716e-06
8.90323083e-06
1.854741616e-05
3.362415795e-05
6.214071748e-05
0.0001000296722
0.0001395750422
0.000131703734
0.0001080659312
6.590216755e-05
2.110002796e-05
8.38546021e-06
3.189715095e-06
1.254519708e-06
5.697245936e-07
3.473147038e-07
2.811850887e-07
2.624654599e-07
2.585654341e-07
2.587295947e-07
2.602642625e-07
2.615309013e-07
2.607428781e-07
2.597184406e-07
2.60242049e-07
2.630490885e-07
2.680071561e-07
2.781413058e-07
2.970730355e-07
3.572490916e-07
2.629010632e-07
2.629149825e-07
2.629325072e-07
2.629529581e-07
2.62978926e-07
2.630093303e-07
2.630481945e-07
2.630943433e-07
2.631535795e-07
2.632254389e-07
2.633174661e-07
2.634331478e-07
2.635962208e-07
2.638364559e-07
2.647246328e-07
2.694857356e-07
2.847068626e-07
3.370756579e-07
5.036431214e-07
9.880070887e-07
2.219992443e-06
4.974992898e-06
1.070557062e-05
2.084051117e-05
3.335446096e-05
5.838651867e-05
8.214837316e-05
7.785287603e-05
6.520652114e-05
3.557846178e-05
1.469166277e-05
5.522459743e-06
1.962426779e-06
7.764075571e-07
3.953515437e-07
2.8696219e-07
2.550048602e-07
2.506340171e-07
2.447733526e-07
2.430739499e-07
2.44034945e-07
2.468379189e-07
2.483888965e-07
2.510359008e-07
2.553633508e-07
2.642641393e-07
2.806476581e-07
3.352568659e-07
2.351275844e-07
2.351319896e-07
2.35135604e-07
2.351421428e-07
2.35147399e-07
2.351570765e-07
2.35164681e-07
2.351789392e-07
2.351901612e-07
2.352114541e-07
2.352283928e-07
2.352606105e-07
2.352870666e-07
2.353353916e-07
2.353924916e-07
2.354365272e-07
2.361342624e-07
2.384685489e-07
2.46805061e-07
2.767722158e-07
3.747350432e-07
6.627294144e-07
1.434655183e-06
3.252406335e-06
6.661846043e-06
1.212667782e-05
2.355560877e-05
4.163944257e-05
5.448852882e-05
4.923582877e-05
3.447383087e-05
1.163783602e-05
4.043445714e-06
1.220815148e-06
5.436601311e-07
3.066388853e-07
2.414436031e-07
2.279975499e-07
2.320607597e-07
2.318106879e-07
2.281213112e-07
2.251428339e-07
2.255589228e-07
2.278120015e-07
2.316330117e-07
2.393153667e-07
2.530520504e-07
2.985394507e-07
2.201349995e-07
2.201419784e-07
2.201499447e-07
2.201595355e-07
2.201703826e-07
2.201834423e-07
2.201980995e-07
2.202157508e-07
2.202356183e-07
2.202595736e-07
2.202865992e-07
2.203190892e-07
2.20355929e-07
2.203999325e-07
2.204516701e-07
2.205135651e-07
2.205927545e-07
2.206800683e-07
2.210587069e-07
2.214965784e-07
2.267507172e-07
2.501133435e-07
3.208030062e-07
5.337416136e-07
1.080594585e-06
2.326910675e-06
4.595545394e-06
9.93580936e-06
1.672846097e-05
3.514193647e-05
3.275928806e-05
2.698879606e-05
1.170548511e-05
3.626142947e-06
1.299977723e-06
5.324009659e-07
2.827546032e-07
2.13906627e-07
1.988493575e-07
1.962445436e-07
2.044262308e-07
2.099047631e-07
2.118303321e-07
2.141629826e-07
2.17652209e-07
2.243294982e-07
2.353105576e-07
2.749292397e-07
1.752893842e-07
1.752905928e-07
1.752920718e-07
1.752938964e-07
1.752961455e-07
1.752989074e-07
1.753022894e-07
1.753064281e-07
1.753114846e-07
1.753176593e-07
1.753251884e-07
1.75334372e-07
1.753455687e-07
1.7535924e-07
1.753759806e-07
1.753965254e-07
1.754219757e-07
1.754533988e-07
1.754974774e-07
1.755638479e-07
1.757775949e-07
1.768600867e-07
1.81000983e-07
1.960271438e-07
2.442968925e-07
3.83391972e-07
7.267335665e-07
1.589858922e-06
3.309940423e-06
7.453788005e-06
1.184347304e-05
1.737199347e-05
1.618798738e-05
1.171287116e-05
6.044459008e-06
2.850236277e-06
1.268699945e-06
5.623868149e-07
2.91779925e-07
2.043554464e-07
1.780034373e-07
1.724692115e-07
1.724340908e-07
1.738791313e-07
1.763878173e-07
1.810661899e-07
1.887473635e-07
2.134017123e-07
1.753201873e-07
1.753196116e-07
1.753188646e-07
1.753179091e-07
1.753166971e-07
1.753151713e-07
1.75313263e-07
2.205111996e-07
2.205068804e-07
2.204970886e-07
2.204852014e-07
2.204711632e-07
2.204545439e-07
2.204349096e-07
2.357717746e-07
2.3576845e-07
2.357611427e-07
2.357518922e-07
2.357405592e-07
2.357253876e-07
2.641747551e-07
2.641545668e-07
2.641302267e-07
2.641014556e-07
2.640669645e-07
2.815705183e-07
2.814999451e-07
2.814231895e-07
2.813236508e-07
3.118601223e-07
3.116094358e-07
3.590968838e-07
0.009244760035
0.01558562052
0.01308476671
0.007284133237
0.001439579951
0.0003253644668
8.758225015e-06
3.985326379e-06
1.304091039e-06
6.531755678e-07
5.03761891e-07
4.428199306e-07
4.141858227e-07
4.045782421e-07
3.97872323e-07
3.953035009e-07
3.939509652e-07
3.913618378e-07
3.900946868e-07
0.007964932383
0.01279946875
0.01224577218
0.009873239218
0.004880749361
0.001154345552
0.0002456827521
3.665025438e-05
6.718632391e-06
1.189215349e-06
4.90479649e-07
4.85170558e-07
4.439307147e-07
4.149677743e-07
4.076924383e-07
4.019113339e-07
3.97875069e-07
3.968898209e-07
3.951888585e-07
3.940018197e-07
3.927561227e-07
3.914172472e-07
3.884320203e-07
0.006608883349
0.01069723803
0.01109532093
0.01037006975
0.007953020748
0.003413622163
0.0009275797804
0.0001850902809
2.802584132e-05
6.806571563e-06
2.034918087e-06
7.260598802e-07
4.68388796e-07
4.396986708e-07
4.181839088e-07
4.112383797e-07
4.072160518e-07
4.024640701e-07
4.008818953e-07
3.99267846e-07
3.986246985e-07
3.963371097e-07
3.940829546e-07
3.901027216e-07
3.830305267e-07
0.005401183204
0.009027315696
0.009768862513
0.0100051252
0.009154370338
0.006341788077
0.002149928062
0.0005566279125
0.0001312797684
2.574880649e-05
5.35146458e-06
1.329167111e-06
6.572204907e-07
4.603261218e-07
4.275371178e-07
4.183331542e-07
4.123083407e-07
4.096767286e-07
4.064874817e-07
4.04869471e-07
4.038261433e-07
4.031418177e-07
4.008780658e-07
3.966603172e-07
3.899311992e-07
3.760808914e-07
3.460049119e-07
0.004468759535
0.007892802887
0.008827340913
0.009415564441
0.009252952771
0.008001426842
0.00436294834
0.001355381932
0.000279111612
6.85168516e-05
1.460187598e-05
3.44096748e-06
8.993665468e-07
5.647727777e-07
4.636651011e-07
4.310013338e-07
4.212043687e-07
4.14536851e-07
4.118007598e-07
4.093744012e-07
4.085722802e-07
4.06997754e-07
4.056061715e-07
4.024391312e-07
3.964788391e-07
3.821497521e-07
3.493818768e-07
3.309160365e-07
0.003708333465
0.007025172472
0.008096469335
0.008883729929
0.009181328134
0.008615942816
0.006464175
0.00245154619
0.0007774572507
0.0001318723929
3.315650964e-05
7.363272397e-06
2.257522911e-06
7.345252222e-07
4.922130302e-07
4.490335057e-07
4.26471276e-07
4.208203955e-07
4.160909625e-07
4.136781859e-07
4.125020125e-07
4.119855744e-07
4.103908307e-07
4.07170857e-07
4.017370113e-07
3.870324588e-07
3.522489224e-07
3.321291957e-07
3.216772261e-07
0.003090874089
0.006336186581
0.007531594423
0.008478184602
0.009059813752
0.008928659869
0.00781396349
0.004261317898
0.001263844346
0.0004059675474
6.801736998e-05
1.598290828e-05
3.578021617e-06
1.180296232e-06
6.146041212e-07
4.631062343e-07
4.356513566e-07
4.248110434e-07
4.20488624e-07
4.170999536e-07
4.159278319e-07
4.147541606e-07
4.138697747e-07
4.11365082e-07
4.065526916e-07
3.913238143e-07
3.550594434e-07
3.332813806e-07
3.21952788e-07
3.161135149e-07
0.002580349065
0.005741459415
0.007037683213
0.008103900552
0.008882363559
0.009099026677
0.008463606944
0.006033852992
0.002284824231
0.0006119257337
0.0001703729196
3.228691627e-05
8.8045003e-06
1.96005073e-06
7.102442561e-07
5.064278407e-07
4.443630475e-07
4.301134794e-07
4.236648648e-07
4.203047413e-07
4.187724046e-07
4.182330307e-07
4.171160226e-07
4.146183383e-07
4.102306657e-07
3.948391875e-07
3.574549168e-07
3.34426132e-07
3.223442706e-07
3.160696063e-07
3.127261002e-07
0.002174447283
0.005231348574
0.006592622164
0.007747153082
0.008669422007
0.009155008027
0.008888514038
0.00751831309
0.003492062466
0.001087684116
0.0002747616995
6.348079418e-05
1.412876782e-05
3.093523018e-06
1.055325008e-06
5.386111178e-07
4.613265316e-07
4.338377885e-07
4.271226102e-07
4.227801304e-07
4.211420531e-07
4.201267384e-07
4.195190867e-07
4.174789703e-07
4.134910361e-07
3.978194793e-07
3.596666586e-07
3.354671551e-07
3.227123776e-07
3.160851338e-07
3.125190888e-07
3.10659427e-07
0.001879437941
0.004742876578
0.006194922486
0.007416023621
0.008438210798
0.009129537214
0.009160486024
0.008269737572
0.00504111876
0.001663751401
0.0004766602508
9.815374699e-05
2.204726633e-05
4.772193647e-06
1.275993526e-06
6.334293015e-07
4.718259322e-07
4.396182664e-07
4.29492798e-07
4.250955699e-07
4.231218466e-07
4.22467111e-07
4.2164432e-07
4.196368185e-07
4.158102113e-07
4.002198088e-07
3.61453606e-07
3.363993041e-07
3.230990552e-07
3.161273636e-07
3.123577047e-07
3.104056569e-07
3.096038514e-07
0.001648400063
0.004289592462
0.005834799539
0.007118192215
0.008223496181
0.009081520098
0.009369019454
0.0087650006
0.006383607746
0.002426659391
0.0007182356778
0.0001950881871
3.707418641e-05
7.48701876e-06
2.048529145e-06
7.013787407e-07
4.984537963e-07
4.443654467e-07
4.321700954e-07
4.268413039e-07
4.247371482e-07
4.23741419e-07
4.232684743e-07
4.215476491e-07
4.176656195e-07
4.021725117e-07
3.63014748e-07
3.371805515e-07
3.234136104e-07
3.162023735e-07
3.122721316e-07
3.10137667e-07
3.092404509e-07
0.001468424471
0.003894897332
0.005512003626
0.006845282465
0.008015550022
0.008981089255
0.009474039743
0.009131874342
0.007493138146
0.003237319093
0.0009836205356
0.0002559830879
6.675974586e-05
1.154831999e-05
2.558048236e-06
8.828631929e-07
5.14763419e-07
4.527196746e-07
4.341821719e-07
4.285000212e-07
4.260987653e-07
4.253066803e-07
4.246560994e-07
4.229879791e-07
4.190213616e-07
4.037161049e-07
3.64256445e-07
3.378495396e-07
3.237016014e-07
3.162617913e-07
3.121966063e-07
3.099999011e-07
3.089857612e-07
3.087014097e-07
0.001342548282
0.00359215147
0.005238708113
0.006601812764
0.00782086697
0.008864383074
0.009565053884
0.009440659534
0.00822475591
0.004136398533
0.001287299721
0.0003629626205
8.567678545e-05
1.609321546e-05
3.870923464e-06
9.949634428e-07
5.530132807e-07
4.569666214e-07
4.363034996e-07
4.297300432e-07
4.271985628e-07
4.261636125e-07
4.257503522e-07
4.242661615e-07
4.201418722e-07
4.049571697e-07
3.653415855e-07
3.384002442e-07
3.23925258e-07
3.163234125e-07
3.121526621e-07
3.098376146e-07
3.087616893e-07
3.084909582e-07
0.001254992635
0.003350042382
0.005004681943
0.006386486991
0.00764417372
0.008749977269
0.009579448765
0.00963692503
0.008671669259
0.005040429114
0.001621949108
0.0004332748182
0.0001138374773
2.11144984e-05
4.567647286e-06
1.252440918e-06
5.740670425e-07
4.657302233e-07
4.37983902e-07
4.309058021e-07
4.2813002e-07
4.272125806e-07
4.266624499e-07
4.25231358e-07
4.209808791e-07
4.059470587e-07
3.661987375e-07
3.388679872e-07
3.241261393e-07
3.163663592e-07
3.121065513e-07
3.097511272e-07
3.085990721e-07
3.081916727e-07
3.0812462e-07
0.001195017479
0.003168067119
0.00480948543
0.006199607096
0.007486613873
0.008642116664
0.009570759451
0.009778990916
0.008982469571
0.00582790856
0.001986836327
0.0005429970528
0.0001397122613
2.573173852e-05
6.094702606e-06
1.385353934e-06
6.193611526e-07
4.699873039e-07
4.39654191e-07
4.317726686e-07
4.288778681e-07
4.277893467e-07
4.273984686e-07
4.260825948e-07
4.216895975e-07
4.067447493e-07
3.669441272e-07
3.392491395e-07
3.242820205e-07
3.164091844e-07
3.120781288e-07
3.096443777e-07
3.084523639e-07
3.080550897e-07
3.078762987e-07
0.001151146685
0.003027780944
0.004647098047
0.006039064165
0.007348830996
0.008544797898
0.009556143976
0.009896368847
0.00921688213
0.006485175032
0.002344406071
0.0006436571721
0.0001678375294
3.170554947e-05
6.794210454e-06
1.6665361e-06
6.415486876e-07
4.784081988e-07
4.409818536e-07
4.325952668e-07
4.295121114e-07
4.284936364e-07
4.280016716e-07
4.267227345e-07
4.222303403e-07
4.07386774e-07
3.675294568e-07
3.395716656e-07
3.244206711e-07
3.164398647e-07
3.120480599e-07
3.09587671e-07
3.083433324e-07
3.078562064e-07
3.076813798e-07
0.001116661709
0.002916517396
0.004512307445
0.005902181892
0.007229000329
0.008457214711
0.009529070127
0.00997423007
0.009429026233
0.007004327742
0.002675233658
0.0007364340035
0.0001841673414
3.494767222e-05
8.241201864e-06
1.794826979e-06
6.866118191e-07
4.822429923e-07
4.423531642e-07
4.332045763e-07
4.300193039e-07
4.288822016e-07
4.284944483e-07
4.272922401e-07
4.226889109e-07
4.079054534e-07
3.680366575e-07
3.398329616e-07
3.245281499e-07
3.164690115e-07
3.120294244e-07
3.095166862e-07
3.082459509e-07
3.077650866e-07
3.075162736e-07
3.081257865e-07
0.001089604251
0.002828816828
0.004401859506
0.005786938543
0.007125389893
0.00837938428
0.009497225503
0.01004758743
0.009604512179
0.007422427168
0.002969263684
0.0008242677226
0.0002072568254
4.280319346e-05
8.871319338e-06
2.057229345e-06
7.070552958e-07
4.896539214e-07
4.434096376e-07
4.337818254e-07
4.304541495e-07
4.29362369e-07
4.289006449e-07
4.27727634e-07
4.230533035e-07
4.083385245e-07
3.684480339e-07
3.400629735e-07
3.246277528e-07
3.164985944e-07
3.120086285e-07
3.094762111e-07
3.081682335e-07
3.076230157e-07
3.07377249e-07
3.079585732e-07
0.001068377328
0.002760168004
0.004311954025
0.005690212682
0.007035077683
0.008310686379
0.009464388459
0.01008373756
0.009742988701
0.007759698369
0.003225900808
0.0009068433184
0.0002240752062
4.541537075e-05
1.018630015e-05
2.17106547e-06
7.474927552e-07
4.929188141e-07
4.44922954e-07
4.342235658e-07
4.308090487e-07
4.296361214e-07
4.292493041e-07
4.281371708e-07
4.233811538e-07
4.087095394e-07
3.688214601e-07
3.40258117e-07
3.247082397e-07
3.165174044e-07
3.119922247e-07
3.094173201e-07
3.080874867e-07
3.075472807e-07
3.072380452e-07
3.077740708e-07
0.001050340601
0.002707035467
0.00423937178
0.005609383874
0.006957438616
0.008250727082
0.009434209405
0.01013800455
0.009853502757
0.008033965498
0.003444984456
0.0009850666909
0.0002444282312
5.192829834e-05
1.072123968e-05
2.397517603e-06
7.652356763e-07
4.99136707e-07
4.456695413e-07
4.346446691e-07
4.311202088e-07
4.299835461e-07
4.295445481e-07
4.284460986e-07
4.236579032e-07
4.090396038e-07
3.691436066e-07
3.404434572e-07
3.247896399e-07
3.165442578e-07
3.119729067e-07
3.093805369e-07
3.080160025e-07
3.074154983e-07
3.071078335e-07
3.076159097e-07
0.001033504315
0.002665861249
0.004180974359
0.00554200309
0.006891100772
0.00819885166
0.0094065876
0.01016394413
0.009938947115
0.00824883326
0.00363904304
0.001056911345
0.0002627565955
5.412061438e-05
1.182167918e-05
2.493645896e-06
7.992601558e-07
5.018240726e-07
4.470138549e-07
4.34970065e-07
4.313762377e-07
4.301846414e-07
4.298050144e-07
4.287461559e-07
4.239109459e-07
4.093307409e-07
3.694453107e-07
3.406053122e-07
3.248575696e-07
3.16559124e-07
3.119575229e-07
3.0932606e-07
3.07940814e-07
3.073443611e-07
3.069745152e-07
3.07437699e-07
3.072389733e-07
0.001016296799
0.002634151431
0.004134009905
0.005485580517
0.006834500212
0.008154345451
0.009381851275
0.01018176452
0.01000540407
0.008419871543
0.003806523572
0.001118548418
0.0002788722932
5.927713373e-05
1.225932097e-05
2.678633072e-06
8.1408555e-07
5.068561184e-07
4.475717033e-07
4.352814951e-07
4.316036398e-07
4.304435489e-07
4.300283032e-07
4.289756753e-07
4.241300912e-07
4.095964501e-07
3.697114142e-07
3.407633349e-07
3.249283629e-07
3.16580971e-07
3.119395667e-07
3.092917505e-07
3.078733627e-07
3.072186304e-07
3.068491389e-07
3.072837146e-07
3.069993769e-07
0.0009984519031
0.002606997039
0.004094930943
0.005437679349
0.006786160927
0.008116464465
0.009360152228
0.01019562484
0.01005755479
0.008555187847
0.003952742821
0.00116960579
0.0002919529469
6.06230139e-05
1.312767373e-05
2.757570108e-06
8.41592519e-07
5.090297757e-07
4.486035159e-07
4.355221579e-07
4.31792415e-07
4.305953218e-07
4.302307508e-07
4.292063022e-07
4.243337113e-07
4.098367736e-07
3.699672049e-07
3.409043943e-07
3.249888392e-07
3.165944021e-07
3.119252073e-07
3.092404461e-07
3.078021512e-07
3.07150733e-07
3.067195976e-07
3.07109698e-07
3.068142875e-07
0.002580555077
0.004060462965
0.005396122171
0.006744695746
0.00808449452
0.009341439539
0.01020643477
0.01009884642
0.008665617053
0.004076184155
0.001212029468
0.0003059083616
6.269310352e-05
1.346116559e-05
2.903558665e-06
8.537181354e-07
5.13025804e-07
4.490381455e-07
4.357556926e-07
4.319626948e-07
4.307942493e-07
4.304071396e-07
4.293853857e-07
4.24514666e-07
4.100616056e-07
3.701979318e-07
3.41045621e-07
3.25053487e-07
3.1661151e-07
3.119085124e-07
3.092080816e-07
3.077376091e-07
3.07029171e-07
3.065974828e-07
3.069586062e-07
3.066301303e-07
3.081359152e-07
0.002555945964
0.004028909503
0.005358847197
0.006708520136
0.008057692914
0.009325539945
0.01021481692
0.01013171744
0.008750798976
0.004183891266
0.001248080385
0.0003177480473
6.538811708e-05
1.411667872e-05
2.967375919e-06
8.754742509e-07
5.147636705e-07
4.49836941e-07
4.359366729e-07
4.321058054e-07
4.3091207e-07
4.305716613e-07
4.295711179e-07
4.246854887e-07
4.102698348e-07
3.704251208e-07
3.411742609e-07
3.251099423e-07
3.166253685e-07
3.118951931e-07
3.09159191e-07
3.076694098e-07
3.069636525e-07
3.064704459e-07
3.06787641e-07
3.064644371e-07
3.079487803e-07
0.002536504701
0.003997527601
0.00532340192
0.006675478492
0.008034605781
0.009312142715
0.01022111765
0.01015801945
0.008817525425
0.004276293653
0.001279174406
0.0003277873862
6.635691802e-05
1.436480792e-05
3.080721998e-06
8.853649634e-07
5.179165545e-07
4.501786476e-07
4.361158566e-07
4.32237352e-07
4.3107008e-07
4.307174854e-07
4.297172753e-07
4.248408893e-07
4.104689071e-07
3.706343618e-07
3.413058071e-07
3.251714642e-07
3.166394316e-07
3.118797592e-07
3.09128415e-07
3.076070132e-07
3.068450447e-07
3.063506394e-07
3.066388109e-07
3.06264909e-07
3.076985048e-07
0.002523814212
0.00396479999
0.005287393376
0.006642930684
0.008012428891
0.009300408326
0.01022534917
0.01017912328
0.008870380181
0.004354601958
0.001305816631
0.0003362764973
6.784958183e-05
1.487031578e-05
3.132087201e-06
9.017751511e-07
5.192855411e-07
4.508051238e-07
4.362561692e-07
4.323496583e-07
4.311643087e-07
4.308572434e-07
4.298732042e-07
4.249897357e-07
4.106571404e-07
3.708446967e-07
3.414277651e-07
3.252262611e-07
3.166562822e-07
3.118676034e-07
3.090814411e-07
3.075411411e-07
3.067813297e-07
3.06225302e-07
3.064699987e-07
3.060659577e-07
3.073727678e-07
3.076332612e-07
0.002515366802
0.003929524731
0.00524930562
0.006608468424
0.00798815352
0.009287895389
0.01022695085
0.01019610981
0.00891264329
0.004420422165
0.001328398556
0.0003433687494
6.918319023e-05
1.511687137e-05
3.219924964e-06
9.100913854e-07
5.217846607e-07
4.51073472e-07
4.363979733e-07
4.324551255e-07
4.312943609e-07
4.309829756e-07
4.299973704e-07
4.251280063e-07
4.1084032e-07
3.710418866e-07
3.415545125e-07
3.252867241e-07
3.166705279e-07
3.118535121e-07
3.090521465e-07
3.074803893e-07
3.06664878e-07
3.06107213e-07
3.063232599e-07
3.058363724e-07
3.071451985e-07
3.073328289e-07
0.002502956437
0.003890914829
0.005208975013
0.006570793868
0.007959224139
0.009271178941
0.0102244869
0.01020969801
0.008946872264
0.004475475931
0.001347114945
0.0003493658765
7.059904219e-05
1.552150276e-05
3.260349591e-06
9.198222426e-07
5.229341137e-07
4.515743106e-07
4.365109181e-07
4.325467769e-07
4.313722064e-07
4.311063543e-07
4.301333205e-07
4.252620967e-07
4.11016405e-07
3.712432079e-07
3.416736362e-07
3.253414502e-07
3.166883299e-07
3.118425703e-07
3.090067882e-07
3.074164312e-07
3.066025823e-07
3.059831039e-07
3.061558657e-07
3.056268213e-07
3.069009456e-07
3.070328921e-07
3.093232605e-07
0.002477103009
0.003849609849
0.005167235892
0.00653053479
0.007925822509
0.009249138791
0.0102162466
0.01021904809
0.008974396277
0.004521456841
0.00136264927
0.0003545838214
7.249472475e-05
1.573225684e-05
3.328168292e-06
9.267656177e-07
5.245471138e-07
4.517859941e-07
4.366270968e-07
4.326348031e-07
4.314833227e-07
4.312186831e-07
4.302426105e-07
4.253889218e-07
4.111900517e-07
3.714345577e-07
3.41798819e-07
3.254022345e-07
3.167035957e-07
3.118298355e-07
3.089788676e-07
3.073569607e-07
3.064877665e-07
3.058664325e-07
3.060112807e-07
3.054059057e-07
3.065888341e-07
3.067378251e-07
3.089492038e-07
0.002432806356
0.003806794494
0.005125386393
0.00648924485
0.007889600814
0.009222656142
0.01020236406
0.01022182867
0.008994754031
0.004560004855
0.001375067031
0.0003592022672
7.433837476e-05
1.604219625e-05
3.360724318e-06
9.328322061e-07
5.255406705e-07
4.521908032e-07
4.367209644e-07
4.327121925e-07
4.315494082e-07
4.313300945e-07
4.303641502e-07
4.255120656e-07
4.113576064e-07
3.716303193e-07
3.419166212e-07
3.254574633e-07
3.167223927e-07
3.118202345e-07
3.089353279e-07
3.072952008e-07
3.064272913e-07
3.05744489e-07
3.058463427e-07
3.052164019e-07
3.063799817e-07
3.064644448e-07
3.085680113e-07
3.100050429e-07
0.002374433604
0.003763390029
0.00508433458
0.006448586148
0.007853013817
0.009194766633
0.01018501766
0.01022019932
0.009007591673
0.004592382866
0.001386102346
0.0003635574097
7.551267484e-05
1.619734054e-05
3.404568493e-06
9.381637265e-07
5.264170793e-07
4.523510633e-07
4.368174062e-07
4.327874171e-07
4.31646396e-07
4.314310476e-07
4.304617689e-07
4.256280901e-07
4.115195097e-07
3.718117486e-07
3.420368152e-07
3.255164608e-07
3.167375426e-07
3.11808432e-07
3.089087933e-07
3.072376545e-07
3.063158559e-07
3.056312141e-07
3.057067599e-07
3.050171768e-07
3.060917579e-07
3.061754107e-07
3.082044584e-07
3.095614304e-07
0.002309087737
0.003720021728
0.00504497781
0.006410406991
0.007818980673
0.009169324918
0.01016781175
0.01021683502
0.009015725589
0.004620795478
0.001392241351
0.0003675184853
7.683341942e-05
1.641006856e-05
3.428406306e-06
9.428462625e-07
5.271932277e-07
4.526803809e-07
4.368974903e-07
4.328547658e-07
4.317042135e-07
4.315336841e-07
4.305728884e-07
4.257412007e-07
4.116748665e-07
3.719953106e-07
3.421480986e-07
3.255689435e-07
3.167553106e-07
3.117988218e-07
3.088660566e-07
3.071773133e-07
3.062566936e-07
3.055110323e-07
3.055437096e-07
3.048430367e-07
3.059004724e-07
3.058321534e-07
3.078287282e-07
3.09099492e-07
3.128956658e-07
0.002245731099
0.003675350853
0.004998865484
0.006363237572
0.007776656118
0.009138876973
0.01014789809
0.01021692346
0.009026107885
0.004663717798
0.001384902387
0.0003673271909
7.768013138e-05
1.656416954e-05
3.453330922e-06
9.473925381e-07
5.279228571e-07
4.528542315e-07
4.369759939e-07
4.329220273e-07
4.317929355e-07
4.316274744e-07
4.306640045e-07
4.258502579e-07
4.118273558e-07
3.721677263e-07
3.422634585e-07
3.256258599e-07
3.167696706e-07
3.117869933e-07
3.088398423e-07
3.071200512e-07
3.061459464e-07
3.053986097e-07
3.054061281e-07
3.046512684e-07
3.056241259e-07
3.056213081e-07
3.074692785e-07
3.086607437e-07
3.123442726e-07
3.16715096e-07
0.002024251918
0.003463899144
0.004802354044
0.00616795543
0.007599302822
0.008999182052
0.01010573119
0.01021215268
0.0091420292
0.004961975509
0.001490135585
0.0003902844024
8.290811394e-05
1.739693503e-05
3.596752539e-06
9.729248648e-07
5.313355574e-07
4.534058303e-07
4.370955653e-07
4.329783325e-07
4.31842009e-07
4.31719925e-07
4.307619824e-07
4.259522076e-07
4.119703255e-07
3.723396946e-07
3.423688679e-07
3.256760415e-07
3.167866705e-07
3.117773845e-07
3.087976182e-07
3.070606254e-07
3.060876391e-07
3.052792294e-07
3.052437709e-07
3.044815576e-07
3.054387423e-07
3.054150421e-07
3.07097584e-07
3.082017227e-07
3.117645978e-07
3.160340976e-07
0.003322118294
0.004699665134
0.006064085379
0.007500345346
0.008918631511
0.01006958801
0.01020932286
0.009198178931
0.005182144686
0.001579359381
0.0004141913109
8.767486125e-05
1.810762773e-05
3.767862639e-06
9.970822283e-07
5.353043069e-07
4.538683531e-07
4.372510951e-07
4.330689023e-07
4.319231904e-07
4.318036236e-07
4.308609524e-07
4.261071693e-07
4.122335983e-07
3.726501719e-07
3.425603703e-07
3.257675921e-07
3.168169049e-07
3.117735849e-07
3.087757727e-07
3.070058767e-07
3.059792271e-07
3.051688227e-07
3.051087371e-07
3.04292056e-07
3.051597797e-07
3.049155894e-07
3.067373813e-07
3.077686043e-07
3.112159351e-07
3.152999315e-07
3.232269628e-07
3.355545932e-07
0.003187234674
0.004628963335
0.005996748479
0.007433870627
0.008863537833
0.01004548215
0.01020847296
0.009238878699
0.00536339399
0.001666948132
0.0004391378739
9.342157744e-05
1.957216361e-05
3.914444053e-06
1.027638738e-06
5.387330058e-07
4.549234719e-07
4.373696996e-07
4.33119292e-07
4.319675124e-07
4.318897518e-07
4.309549954e-07
4.262021746e-07
4.123659275e-07
3.728151694e-07
3.426622958e-07
3.258166452e-07
3.168335752e-07
3.117636825e-07
3.087339391e-07
3.069471864e-07
3.05921634e-07
3.05050096e-07
3.049470672e-07
3.041240274e-07
3.049676456e-07
3.045255734e-07
3.063672906e-07
3.0731334e-07
3.10639424e-07
3.146260525e-07
3.224015489e-07
3.344415435e-07
3.566736028e-07
0.003050251053
0.004575847999
0.005959542823
0.007397759527
0.008832972695
0.01003354648
0.010212583
0.009275753363
0.005524235473
0.001759222439
0.0004706269373
0.0001000633446
2.069397325e-05
4.189572951e-06
1.05705282e-06
5.440394396e-07
4.55630857e-07
4.375809649e-07
4.332119604e-07
4.320494921e-07
4.31971899e-07
4.310500462e-07
4.263555011e-07
4.126264774e-07
3.731230068e-07
3.428549778e-07
3.259083325e-07
3.16864533e-07
3.117606563e-07
3.087122577e-07
3.068923604e-07
3.058134345e-07
3.049404617e-07
3.048119087e-07
3.03935877e-07
3.046806516e-07
3.042985132e-07
3.060106672e-07
3.068848161e-07
3.100929605e-07
3.138968625e-07
3.21422379e-07
3.331684131e-07
3.549117489e-07
3.974056797e-07
5.158903246e-07
0.002895246496
0.004553320756
0.005967211451
0.007409005485
0.008845157297
0.01004372946
0.01023046639
0.009286708645
0.005528655816
0.001759147329
0.0004707332977
0.0001001220235
2.072710639e-05
4.181955116e-06
1.057960602e-06
5.440915419e-07
4.557282226e-07
4.376541709e-07
4.332680628e-07
4.320973012e-07
4.320629924e-07
4.311492558e-07
4.264514943e-07
4.127566904e-07
3.732890319e-07
3.429526416e-07
3.259564939e-07
3.168791737e-07
3.11749808e-07
3.086701618e-07
3.068336789e-07
3.057560015e-07
3.048215228e-07
3.046509477e-07
3.037686653e-07
3.044849088e-07
3.041075159e-07
3.056418366e-07
3.064327609e-07
3.0951939e-07
3.132294021e-07
3.206073953e-07
3.320725732e-07
3.533546441e-07
3.949033115e-07
5.111582528e-07
0.002781540399
0.00453102134
0.005973952739
0.007427226935
0.008865618169
0.01005323626
0.0102394645
0.00928982349
0.00552905251
0.001758334327
0.0004705654503
0.000100118381
2.07432909e-05
4.18263401e-06
1.058494909e-06
5.442335642e-07
4.558287816e-07
4.377114544e-07
4.333352539e-07
4.321896415e-07
4.32154786e-07
4.312380215e-07
4.265552264e-07
4.128928859e-07
3.734383354e-07
3.43060343e-07
3.260088489e-07
3.168928782e-07
3.117386551e-07
3.08643865e-07
3.067758406e-07
3.056455979e-07
3.047112346e-07
3.045137317e-07
3.035800177e-07
3.041975599e-07
3.037797388e-07
3.05287231e-07
3.060042116e-07
3.089748903e-07
3.125050478e-07
3.196366222e-07
3.308145564e-07
3.516215984e-07
3.922344635e-07
5.065028799e-07
0.00268381211
0.004506144478
0.005978755544
0.007444675057
0.008885482431
0.01006255947
0.010247831
0.009292604892
0.005529140166
0.001757609142
0.0004702465006
0.0001000867676
2.074391953e-05
4.185948682e-06
1.05896792e-06
5.444037207e-07
4.559342835e-07
4.378058496e-07
4.334064073e-07
4.322479868e-07
4.322611997e-07
4.313435391e-07
4.266556405e-07
4.130256388e-07
3.736074619e-07
3.431587972e-07
3.260572016e-07
3.169072817e-07
3.117268663e-07
3.086009399e-07
3.067165683e-07
3.055878626e-07
3.045913831e-07
3.043503443e-07
3.034114877e-07
3.040061706e-07
3.035557778e-07
3.049188999e-07
3.055338306e-07
3.084039673e-07
3.118435093e-07
3.188315531e-07
3.297352591e-07
3.500953022e-07
3.898000303e-07
5.01923488e-07
0.002621670791
0.004482718379
0.005988439941
0.007465994775
0.008910784984
0.01007395462
0.01025931952
0.009297343119
0.005530058072
0.00175708338
0.0004697697851
0.0001000373116
2.072814117e-05
4.190321801e-06
1.059679643e-06
5.446493607e-07
4.560654406e-07
4.378760176e-07
4.334914095e-07
4.323624487e-07
4.323675021e-07
4.314447988e-07
4.26766767e-07
4.131636537e-07
3.737568453e-07
3.432668849e-07
3.26109449e-07
3.169206084e-07
3.117152305e-07
3.085741604e-07
3.066577549e-07
3.054763827e-07
3.044811455e-07
3.042190491e-07
3.032201733e-07
3.037232579e-07
3.032246325e-07
3.045660753e-07
3.049966675e-07
3.078606044e-07
3.111232068e-07
3.178680988e-07
3.284909071e-07
3.483888456e-07
3.871919732e-07
4.974170765e-07
0.002622209525
0.00446732126
0.006003569642
0.007494934498
0.008943981632
0.01008860308
0.01027435477
0.009303600211
0.005530742733
0.001756512068
0.0004689627364
9.993979101e-05
2.069883733e-05
4.195100102e-06
1.060648206e-06
5.449237661e-07
4.56213042e-07
4.380057597e-07
4.335865403e-07
4.324377071e-07
4.324981529e-07
4.315705269e-07
4.268773422e-07
4.13300449e-07
3.739297372e-07
3.433660181e-07
3.261578836e-07
3.169346455e-07
3.117026558e-07
3.085300772e-07
3.06597581e-07
3.054180674e-07
3.043598834e-07
3.040421561e-07
3.030479082e-07
3.035367077e-07
3.029798179e-07
3.041968459e-07
3.045377428e-07
3.072929552e-07
3.104673307e-07
3.170726539e-07
3.27427717e-07
3.468924913e-07
3.848231426e-07
4.92983038e-07
0.002709162126
0.004475106439
0.006033014038
0.007538640063
0.008989885018
0.01010918136
0.01029490806
0.009311907894
0.005531071912
0.001755498317
0.0004675090195
9.988769283e-05
2.069527141e-05
4.199822731e-06
1.061854056e-06
5.452967389e-07
4.563986675e-07
4.381039702e-07
4.337084672e-07
4.325971889e-07
4.326353384e-07
4.316945385e-07
4.270045498e-07
4.134464319e-07
3.740835729e-07
3.434772141e-07
3.262109886e-07
3.16947563e-07
3.116902678e-07
3.085022759e-07
3.065369424e-07
3.05304272e-07
3.042485278e-07
3.039270725e-07
3.028501808e-07
3.032544315e-07
3.026281929e-07
3.038435227e-07
3.042472626e-07
3.067530175e-07
3.097502326e-07
3.161156228e-07
3.261960632e-07
3.45211279e-07
3.822731119e-07
4.886183872e-07
0.002967588668
0.004530528471
0.006091647686
0.007606289276
0.009054039261
0.01014032912
0.01032473837
0.009324573883
0.005533410173
0.001753845071
0.0004656235155
9.997627415e-05
2.071992829e-05
4.206621459e-06
1.063095385e-06
5.456636658e-07
4.566277189e-07
4.383074118e-07
4.338537977e-07
4.327078206e-07
4.328169525e-07
4.318562227e-07
4.271357473e-07
4.135952927e-07
3.742681401e-07
3.435802103e-07
3.262606441e-07
3.169612737e-07
3.116752654e-07
3.08455832e-07
3.064746529e-07
3.052443884e-07
3.041244334e-07
3.037384923e-07
3.026734704e-07
3.030675158e-07
3.02379649e-07
3.034734916e-07
3.035749258e-07
3.061835202e-07
3.090989229e-07
3.153288048e-07
3.251478952e-07
3.437434444e-07
3.799671845e-07
4.843225979e-07
0.003302422381
0.004702711568
0.00620781881
0.007713472058
0.009150455472
0.01018865534
0.01037085277
0.009345867195
0.005535094079
0.00175362269
0.0004637387608
0.0001000531729
2.076082984e-05
4.21356943e-06
1.06448791e-06
5.462261789e-07
4.568996314e-07
4.384650568e-07
4.340527428e-07
4.329598391e-07
4.330190264e-07
4.320257925e-07
4.272961877e-07
4.13760683e-07
3.744344299e-07
3.436996101e-07
3.26316316e-07
3.169737125e-07
3.116611483e-07
3.084258755e-07
3.064103986e-07
3.051257759e-07
3.04010154e-07
3.036250629e-07
3.024673066e-07
3.027796043e-07
3.02038899e-07
3.03119622e-07
3.0309507e-07
3.056477367e-07
3.083833309e-07
3.143764777e-07
3.239272492e-07
3.420855367e-07
3.774720433e-07
4.800926466e-07
0.003573912935
0.004959676259
0.006400405041
0.007858582538
0.009270551019
0.01026503505
0.01043391583
0.009381459787
0.005543143574
0.001753721178
0.0004616979749
0.0001000443808
2.080913142e-05
4.222966289e-06
1.066188718e-06
5.467628851e-07
4.574534437e-07
4.388224985e-07
4.343024715e-07
4.331436256e-07
4.333065621e-07
4.322609737e-07
4.274700284e-07
4.139364846e-07
3.746450075e-07
3.438118824e-07
3.263690096e-07
3.169869882e-07
3.116392141e-07
3.083746059e-07
3.063435235e-07
3.050623871e-07
3.038801655e-07
3.034280212e-07
3.022844627e-07
3.02587671e-07
3.018098253e-07
3.027460352e-07
3.028983399e-07
3.050820948e-07
3.077345147e-07
3.135963997e-07
3.22892209e-07
3.406441202e-07
3.752258669e-07
4.75928041e-07
0.00387266601
0.005219023272
0.006678637276
0.008092742873
0.00947253555
0.01037639005
0.0105572671
0.009451605288
0.005558755527
0.001757182337
0.0004599806845
0.0001000407767
2.08525546e-05
4.232361044e-06
1.069045568e-06
5.479152737e-07
4.578896997e-07
4.391042596e-07
4.346606059e-07
4.335850516e-07
4.33642606e-07
4.325197878e-07
4.276970575e-07
4.141421377e-07
3.748374693e-07
3.439484956e-07
3.264300521e-07
3.169984665e-07
3.116223627e-07
3.083402294e-07
3.062721117e-07
3.049340717e-07
3.037592669e-07
3.033101502e-07
3.020680443e-07
3.022884948e-07
3.014809795e-07
3.023897472e-07
3.023362208e-07
3.045381743e-07
3.070171568e-07
3.126455935e-07
3.216796035e-07
3.390065234e-07
3.727817657e-07
4.718256579e-07
0.004157958524
0.005233345975
0.006806491613
0.00832539571
0.009654952448
0.01052677859
0.0107171162
0.009586177334
0.005591617113
0.001762297885
0.0004581799452
0.0001000632602
2.089162749e-05
4.253356459e-06
1.07158025e-06
5.486925619e-07
4.590538915e-07
4.397806614e-07
4.351251084e-07
4.339186861e-07
4.34147113e-07
4.328949553e-07
4.279534483e-07
4.143713051e-07
3.750990622e-07
3.440788672e-07
3.264884167e-07
3.170105212e-07
3.11594853e-07
3.082788438e-07
3.061958876e-07
3.048634921e-07
3.03617529e-07
3.030989077e-07
3.018748381e-07
3.020878849e-07
3.01254359e-07
3.020081283e-07
3.01813497e-07
3.039650578e-07
3.063669175e-07
3.118688104e-07
3.206543976e-07
3.375882434e-07
3.70591355e-07
4.677849384e-07
0.005208580468
0.00541082312
0.006759297505
0.008543624237
0.01008893184
0.01098858479
0.01117714379
0.009809717395
0.005683638963
0.00178269639
0.0004578837746
0.000100194169
2.093697535e-05
4.27302699e-06
1.076220833e-06
5.509741014e-07
4.598652225e-07
4.403196173e-07
4.358094791e-07
4.347449167e-07
4.347549781e-07
4.333136705e-07
4.283061981e-07
4.146530978e-07
3.753393733e-07
3.44247457e-07
3.26558788e-07
3.170194113e-07
3.115710371e-07
3.082363771e-07
3.061105735e-07
3.047161492e-07
3.034831153e-07
3.029708668e-07
3.016418866e-07
3.017698214e-07
3.009077028e-07
3.016404828e-07
3.014257407e-07
3.034148596e-07
3.056419942e-07
3.109138628e-07
3.194447266e-07
3.359662026e-07
3.681932268e-07
4.638026771e-07
0.006741557735
0.006076457611
0.006599506325
0.008452262603
0.01049151098
0.01176347503
0.01177883027
0.01017418468
0.005824796361
0.001820413973
0.0004600122615
0.0001006348721
2.102751017e-05
4.312482042e-06
1.08155531e-06
5.530693362e-07
4.621639873e-07
4.416459846e-07
4.36708745e-07
4.353808438e-07
4.356750587e-07
4.339261626e-07
4.287059717e-07
4.149735279e-07
3.756855373e-07
3.444051872e-07
3.266241746e-07
3.170272191e-07
3.115388352e-07
3.081543998e-07
3.060165211e-07
3.046321412e-07
3.033194039e-07
3.027337182e-07
3.014324536e-07
3.015549569e-07
3.006560762e-07
3.012398939e-07
3.009208406e-07
3.028299718e-07
3.049839914e-07
3.101348619e-07
3.184242483e-07
3.345662903e-07
3.660535868e-07
4.598783799e-07
0.008426839241
0.008017059617
0.007070450946
0.007939850283
0.01026136745
0.01223432754
0.01273849876
0.01077961507
0.006238354928
0.00192341209
0.0004658711835
0.0001021074293
2.126843435e-05
4.371874178e-06
1.092646943e-06
5.571545183e-07
4.637791921e-07
4.427091077e-07
4.380469978e-07
4.369701207e-07
4.367257414e-07
4.345861024e-07
4.292640338e-07
4.153701348e-07
3.759846594e-07
3.446168502e-07
3.267033587e-07
3.170238369e-07
3.114905178e-07
3.080977362e-07
3.059059463e-07
3.044501643e-07
3.031606159e-07
3.025866267e-07
3.011716704e-07
3.012057549e-07
3.002667084e-07
3.008504991e-07
3.004930653e-07
3.022619221e-07
3.042431319e-07
3.091677957e-07
3.172105164e-07
3.329536111e-07
3.636955259e-07
4.560080668e-07
0.0086959494
0.009204043657
0.008519200191
0.00801736274
0.009325897443
0.01180347467
0.01311293928
0.0118813215
0.006837117134
0.002116592144
0.0005036288693
0.0001082191301
2.219276278e-05
4.525873084e-06
1.119392582e-06
5.633657445e-07
4.685745666e-07
4.453295043e-07
4.398082215e-07
4.382044059e-07
4.382881314e-07
4.355167677e-07
4.298613385e-07
4.158028972e-07
3.764239235e-07
3.447905332e-07
3.267647457e-07
3.170113342e-07
3.114455795e-07
3.079794038e-07
3.057811594e-07
3.043443685e-07
3.029605466e-07
3.023075679e-07
3.009321001e-07
3.009685216e-07
2.999773646e-07
3.004197043e-07
2.999420087e-07
3.016553227e-07
3.035700918e-07
3.083804974e-07
3.161893545e-07
3.315672917e-07
3.616042379e-07
4.521916689e-07
0.008265834019
0.009206610936
0.009186420897
0.008470356716
0.008471948493
0.01018293981
0.01249654972
0.0124993783
0.008605654788
0.002730819815
0.0005687632292
0.0001257623665
2.493340203e-05
4.916420991e-06
1.179229465e-06
5.748144581e-07
4.719121552e-07
4.475002671e-07
4.424234492e-07
4.412530007e-07
4.398861979e-07
4.365081052e-07
4.306480303e-07
4.162931281e-07
3.76708768e-07
3.45009957e-07
3.268256992e-07
3.169881053e-07
3.113513106e-07
3.078933459e-07
3.056298744e-07
3.041100326e-07
3.027655573e-07
3.021320572e-07
3.006322591e-07
3.005761171e-07
2.995381695e-07
3.000010379e-07
2.994898363e-07
3.010640072e-07
3.028075797e-07
3.073962424e-07
3.149675409e-07
3.29960773e-07
3.592864972e-07
4.484267865e-07
0.00702460926
0.008294584246
0.008874788677
0.008677652927
0.008064586028
0.008375452166
0.01022847689
0.01188720901
0.01033058006
0.003898720988
0.0009945670403
0.0001921855903
3.439292155e-05
6.130035473e-06
1.332214893e-06
5.97105253e-07
4.831858984e-07
4.525390302e-07
4.458817358e-07
4.436687304e-07
4.421508954e-07
4.378132496e-07
4.313011148e-07
4.167493186e-07
3.771246613e-07
3.451029199e-07
3.26820124e-07
3.169239047e-07
3.112671566e-07
3.077157817e-07
3.054575566e-07
3.039702203e-07
3.025153724e-07
3.017974424e-07
3.003588331e-07
3.003117833e-07
2.992120134e-07
2.995353247e-07
2.989137719e-07
3.004342271e-07
3.021188258e-07
3.065996535e-07
3.139460845e-07
3.285890224e-07
3.572473635e-07
4.447154669e-07
0.004683336102
0.006150628272
0.007466681457
0.008051020573
0.007867972373
0.007400760372
0.007775697946
0.009417433522
0.01006345314
0.007558903177
0.001867520241
0.0004293849427
8.029258983e-05
1.261287639e-05
2.08371048e-06
6.76887925e-07
4.962666145e-07
4.58772793e-07
4.512833462e-07
4.48025817e-07
4.440228098e-07
4.390914472e-07
4.32134712e-07
4.172889127e-07
3.772858701e-07
3.452704956e-07
3.268174514e-07
3.16820458e-07
3.11073053e-07
3.075652519e-07
3.052230311e-07
3.036309273e-07
3.022482514e-07
3.015656903e-07
2.99979821e-07
2.998355593e-07
2.986957881e-07
2.990613306e-07
2.984245777e-07
2.997978581e-07
3.013127024e-07
3.055780306e-07
3.126995954e-07
3.269755701e-07
3.54959449e-07
4.410425795e-07
0.001699186416
0.002811719655
0.004282861119
0.005767593544
0.006704626686
0.006760144018
0.00650424169
0.006746716912
0.007979145524
0.007753345667
0.004924957129
0.001160313355
0.0003062199104
6.167684741e-05
9.883948475e-06
1.64138804e-06
5.966828857e-07
4.723355767e-07
4.530803297e-07
4.494560075e-07
4.470016054e-07
4.409151943e-07
4.331222644e-07
4.183139595e-07
3.785552724e-07
3.456600327e-07
3.268785731e-07
3.167147288e-07
3.109218457e-07
3.071950983e-07
3.048770202e-07
3.033638292e-07
3.017815449e-07
3.009750454e-07
2.995228128e-07
2.994211638e-07
2.982169449e-07
2.984072877e-07
2.976640679e-07
2.9900806e-07
3.004925452e-07
3.046712282e-07
3.115863768e-07
3.255386122e-07
3.529059138e-07
4.373706526e-07
0.0003674530373
0.0007390595001
0.001167216602
0.002100164086
0.003408445788
0.004694402142
0.005391071061
0.005417072363
0.005506527383
0.006139182724
0.00572008133
0.003736927679
0.0009555692365
0.0002726687204
4.826257896e-05
1.09111051e-05
2.193276567e-06
6.889776945e-07
4.8068029e-07
4.549466051e-07
4.479275608e-07
4.425266826e-07
4.349107926e-07
4.200876997e-07
3.803614595e-07
3.470360733e-07
3.27339236e-07
3.16648973e-07
3.104987564e-07
3.068606314e-07
3.042898179e-07
3.025144765e-07
3.011437031e-07
3.00441612e-07
2.986823903e-07
2.984221142e-07
2.972297339e-07
2.975542892e-07
2.968523031e-07
2.980211247e-07
2.993371384e-07
3.033141879e-07
3.100514631e-07
3.236905961e-07
3.504610918e-07
4.336759146e-07
7.454211762e-05
0.0001310730324
0.0002461693761
0.000421464014
0.0008459206111
0.001338209707
0.002310937176
0.003350373711
0.003958925762
0.004084093178
0.004336892966
0.004021421461
0.002938050043
0.000992466414
0.0003063459517
7.509007076e-05
1.742066045e-05
3.719671849e-06
9.993776512e-07
5.294213776e-07
4.583763034e-07
4.433392327e-07
4.353384051e-07
4.220840261e-07
3.838510418e-07
3.483315202e-07
3.276696043e-07
3.16459375e-07
3.101656234e-07
3.059513894e-07
3.034732183e-07
3.018833168e-07
3.000196448e-07
2.990758652e-07
2.976777424e-07
2.975496913e-07
2.962695091e-07
2.962968267e-07
2.954860721e-07
2.967056325e-07
2.980768792e-07
3.020238932e-07
3.085966566e-07
3.219680443e-07
3.482076236e-07
4.299514433e-07
9.343823099e-06
1.750664495e-05
3.589982346e-05
7.355345057e-05
0.0001466760957
0.0002823827826
0.0004757782352
0.0009237480618
0.001450472086
0.002202163891
0.002656130472
0.002902568189
0.002728163935
0.002164853771
0.001087632122
0.0003056436077
8.489233544e-05
2.492742732e-05
6.434280138e-06
1.725567959e-06
6.792886836e-07
4.784670904e-07
4.405132356e-07
4.237163843e-07
3.87390225e-07
3.512396717e-07
3.285536961e-07
3.16294166e-07
3.091911915e-07
3.052371581e-07
3.021742411e-07
3.000966729e-07
2.987469586e-07
2.979969321e-07
2.95982102e-07
2.955927241e-07
2.944384367e-07
2.947779256e-07
2.940988181e-07
2.950930319e-07
2.962956713e-07
3.000697875e-07
3.065464164e-07
3.19695928e-07
3.454718564e-07
4.261735353e-07
8.951136351e-07
1.154192411e-06
1.77395602e-06
3.392853025e-06
7.603374531e-06
1.789918609e-05
4.105827893e-05
8.671008565e-05
0.0001664644552
0.0003270887075
0.0005268837669
0.0008849079429
0.001364391293
0.001756309004
0.001780266483
0.001545890602
0.001076782463
0.0004574117509
0.0001297487941
3.912577368e-05
1.176229737e-05
3.357531503e-06
1.088884245e-06
5.57987804e-07
4.479026836e-07
3.923252641e-07
3.537247481e-07
3.29184251e-07
3.157902087e-07
3.084885267e-07
3.033256025e-07
3.00636073e-07
2.988640723e-07
2.964745332e-07
2.953537435e-07
2.941270618e-07
2.940042167e-07
2.926571291e-07
2.924889328e-07
2.916883094e-07
2.928755715e-07
2.942602913e-07
2.980758131e-07
3.044196949e-07
3.173351199e-07
3.426194471e-07
4.212631912e-07
4.907512023e-07
5.04353607e-07
5.350352995e-07
6.173310565e-07
8.603966096e-07
1.58940691e-06
3.691183631e-06
9.223133018e-06
2.214331948e-05
5.032100264e-05
9.968061338e-05
0.0001918245389
0.0003140907293
0.0005443843774
0.000791609208
0.001063604358
0.001012028747
0.000810868254
0.0005245869904
0.0001965302065
6.911926245e-05
2.093701137e-05
6.180079531e-06
1.9633865e-06
7.837715615e-07
4.730345886e-07
3.746422833e-07
3.319105301e-07
3.154138947e-07
3.061959272e-07
3.019419339e-07
2.978150465e-07
2.952767072e-07
2.941425329e-07
2.932414319e-07
2.906919347e-07
2.90104897e-07
2.891570009e-07
2.896393071e-07
2.890721007e-07
2.898391698e-07
2.909484956e-07
2.94527726e-07
3.007823269e-07
3.134219271e-07
3.380842439e-07
4.144178092e-07
4.255947263e-07
4.266112105e-07
4.277499067e-07
4.296085127e-07
4.322593156e-07
4.453697397e-07
4.77271613e-07
5.827262417e-07
9.248125304e-07
1.955248381e-06
4.830832195e-06
1.185004709e-05
2.750053338e-05
5.755699891e-05
0.0001109636913
0.0001791456791
0.0003105723325
0.0004971600387
0.0006235575828
0.000577146011
0.0004531959067
0.0002699050517
9.005058743e-05
2.930809648e-05
8.653644181e-06
3.377106519e-06
1.267523776e-06
5.861342512e-07
3.838668418e-07
3.246611907e-07
3.054916646e-07
2.971530555e-07
2.952484844e-07
2.929068869e-07
2.893332837e-07
2.880458416e-07
2.873231522e-07
2.871380946e-07
2.855726751e-07
2.850045436e-07
2.84279466e-07
2.855185756e-07
2.870086654e-07
2.90660805e-07
2.966752421e-07
3.088875606e-07
3.326500271e-07
4.053549988e-07
3.595407664e-07
3.601677717e-07
3.607434839e-07
3.616979173e-07
3.625194486e-07
3.64086113e-07
3.650268495e-07
3.726579234e-07
3.877790523e-07
4.369008374e-07
6.005770256e-07
1.109054659e-06
2.558154979e-06
6.278827908e-06
1.47101949e-05
3.123381116e-05
5.816542709e-05
0.0001137338847
0.0001716476076
0.0002989928685
0.0003657089686
0.0003369935527
0.0002631367756
0.00015321764
4.826508426e-05
1.978269129e-05
6.569185678e-06
2.337838949e-06
9.083590222e-07
4.61712598e-07
3.345977613e-07
2.996345927e-07
2.884957605e-07
2.855000024e-07
2.85517153e-07
2.838000155e-07
2.800920544e-07
2.792514337e-07
2.788962906e-07
2.796858112e-07
2.79218331e-07
2.794962627e-07
2.804081157e-07
2.836667647e-07
2.895027054e-07
3.011983929e-07
3.237939962e-07
3.954123684e-07
3.120642413e-07
3.123221891e-07
3.125935937e-07
3.129799569e-07
3.133783799e-07
3.139606456e-07
3.145476757e-07
3.154805824e-07
3.162158986e-07
3.199996131e-07
3.276418039e-07
3.511292e-07
4.293714583e-07
6.792455737e-07
1.402402927e-06
3.288408972e-06
7.583695482e-06
1.718273771e-05
3.381441441e-05
5.959879912e-05
0.0001051220004
0.0001700935143
0.0002143765887
0.0001987997533
0.0001560124154
8.72037944e-05
2.678937706e-05
1.092372603e-05
3.514629128e-06
1.409454511e-06
6.480826738e-07
3.838070778e-07
3.040001304e-07
2.813959669e-07
2.734519947e-07
2.751031675e-07
2.748503909e-07
2.740760797e-07
2.717825781e-07
2.703592844e-07
2.699496612e-07
2.715020869e-07
2.731418077e-07
2.764495959e-07
2.818644542e-07
2.927859094e-07
3.137456926e-07
3.790292021e-07
2.816288468e-07
2.817014466e-07
2.817793617e-07
2.818879196e-07
2.820028629e-07
2.821660269e-07
2.823385139e-07
2.825871106e-07
2.828482015e-07
2.832548068e-07
2.835826487e-07
2.853078619e-07
2.887858962e-07
2.997210747e-07
3.367703577e-07
4.567612856e-07
8.088337304e-07
1.781659068e-06
4.09481606e-06
9.142019659e-06
1.851025517e-05
3.608784034e-05
5.583289188e-05
9.744310409e-05
0.000126327035
0.0001176138046
9.404575259e-05
5.323817355e-05
1.691355578e-05
7.050548778e-06
2.742485781e-06
1.123807052e-06
5.417586972e-07
3.437137285e-07
2.81917392e-07
2.634271158e-07
2.593747749e-07
2.590937598e-07
2.601149413e-07
2.615062506e-07
2.608299363e-07
2.59868284e-07
2.604846767e-07
2.632497802e-07
2.683404031e-07
2.783878171e-07
2.974163778e-07
3.575698682e-07
2.641934527e-07
2.642139302e-07
2.64239211e-07
2.642693185e-07
2.643067616e-07
2.643512796e-07
2.644071424e-07
2.644732665e-07
2.645571945e-07
2.646566549e-07
2.647844096e-07
2.649377571e-07
2.651610991e-07
2.654754089e-07
2.66516761e-07
2.72259538e-07
2.895527553e-07
3.477341033e-07
5.247032452e-07
1.021877974e-06
2.250138039e-06
5.063545521e-06
1.0349349e-05
1.898777122e-05
3.342257402e-05
5.395563012e-05
7.344394091e-05
6.9129772e-05
5.667947717e-05
3.029096204e-05
1.241307212e-05
4.694718827e-06
1.78541951e-06
7.182352604e-07
3.941189713e-07
2.878072098e-07
2.540174695e-07
2.509076879e-07
2.455343003e-07
2.434121526e-07
2.443387608e-07
2.470333025e-07
2.486452537e-07
2.51254369e-07
2.557065005e-07
2.64517698e-07
2.809970769e-07
3.356436326e-07
2.357772801e-07
2.357858431e-07
2.357943618e-07
2.358065879e-07
2.358192697e-07
2.358375849e-07
2.358563061e-07
2.358834643e-07
2.359113495e-07
2.359520726e-07
2.359940312e-07
2.360555104e-07
2.361195475e-07
2.362150255e-07
2.363102256e-07
2.365404663e-07
2.368833975e-07
2.401091823e-07
2.489351375e-07
2.799769522e-07
3.786673044e-07
6.669182728e-07
1.409622744e-06
3.105035418e-06
6.095219696e-06
1.24147201e-05
2.017635574e-05
3.928003438e-05
4.844678936e-05
4.34414818e-05
3.001077346e-05
1.048631603e-05
3.45995384e-06
1.37409191e-06
5.139053643e-07
3.134381755e-07
2.460515134e-07
2.271911707e-07
2.315792281e-07
2.320128606e-07
2.283166132e-07
2.253611059e-07
2.258212681e-07
2.280210665e-07
2.319636914e-07
2.395765653e-07
2.533868788e-07
2.990283652e-07
2.205198512e-07
2.205297351e-07
2.205421989e-07
2.205555751e-07
2.205734089e-07
2.205924626e-07
2.206176001e-07
2.206442065e-07
2.206796262e-07
2.207170095e-07
2.207671321e-07
2.208197824e-07
2.20891022e-07
2.209657339e-07
2.210664954e-07
2.211712214e-07
2.213157265e-07
2.214633158e-07
2.219357989e-07
2.223762804e-07
2.285332385e-07
2.512692331e-07
3.199933937e-07
5.230291712e-07
1.030419518e-06
2.193437875e-06
4.529702246e-06
8.666395149e-06
1.577696816e-05
3.192731724e-05
2.987168065e-05
2.456240125e-05
1.160107213e-05
3.129534039e-06
1.361171349e-06
5.623785777e-07
2.96175522e-07
2.183323703e-07
1.995782797e-07
1.965926171e-07
2.047378959e-07
2.100615483e-07
2.120326152e-07
2.143424753e-07
2.179261343e-07
2.245061606e-07
2.355432303e-07
2.753391029e-07
1.753207743e-07
1.753215438e-07
1.753225522e-07
1.753238616e-07
1.753255556e-07
1.753277325e-07
1.753305261e-07
1.753340908e-07
1.753386435e-07
1.753444284e-07
1.753518007e-07
1.753611475e-07
1.753730579e-07
1.753881468e-07
1.754074021e-07
1.754317785e-07
1.754630432e-07
1.75502768e-07
1.755589808e-07
1.756399568e-07
1.758888735e-07
1.769895561e-07
1.810562289e-07
1.955063007e-07
2.410283507e-07
3.710876914e-07
6.970086956e-07
1.469820516e-06
3.087529039e-06
6.690521769e-06
1.099824074e-05
1.587290997e-05
1.491160342e-05
1.13286192e-05
5.979810193e-06
2.953707271e-06
1.298506367e-06
5.66692809e-07
2.92223023e-07
2.045111551e-07
1.782091232e-07
1.725478571e-07
1.725050179e-07
1.739096412e-07
1.764801827e-07
1.811058738e-07
1.887971588e-07
2.135337904e-07
1.757038788e-07
1.75701893e-07
1.756994566e-07
1.756963618e-07
1.756924921e-07
1.756876538e-07
1.756816202e-07
2.208952105e-07
2.208927235e-07
2.208871594e-07
2.208802017e-07
2.208717298e-07
2.208613688e-07
2.208487941e-07
2.363836327e-07
2.363825846e-07
2.363802672e-07
2.363770511e-07
2.363728831e-07
2.363674582e-07
2.650028624e-07
2.649895834e-07
2.649737777e-07
2.649547653e-07
2.649321279e-07
2.822332192e-07
2.821780481e-07
2.821154052e-07
2.820372425e-07
3.1077862e-07
3.105680251e-07
3.529076204e-07
0.00906397541
0.01942784901
0.006213187884
0.0008787922073
0.000153387643
1.08792074e-05
1.469961929e-06
7.545876368e-07
5.136368103e-07
4.526298453e-07
4.175190118e-07
4.002590473e-07
3.916666716e-07
3.87190075e-07
3.842058932e-07
3.827681619e-07
3.812737636e-07
0.009604791014
0.01890968257
0.01128478962
0.002497218051
0.0003604589714
5.757806312e-05
8.976029804e-06
1.384671325e-06
6.46286379e-07
4.613417048e-07
4.34784727e-07
4.127909876e-07
3.993155952e-07
3.923756143e-07
3.888805865e-07
3.864354201e-07
3.850292516e-07
3.834317087e-07
3.824744608e-07
3.815382762e-07
3.800315389e-07
0.009250993059
0.01609483822
0.01307216227
0.006556999639
0.001263565619
0.0001406791913
3.195139025e-05
5.692696019e-06
1.252717995e-06
6.499445445e-07
4.647664075e-07
4.283897889e-07
4.092184893e-07
3.985686319e-07
3.932895125e-07
3.906610087e-07
3.884229964e-07
3.879593857e-07
3.867599512e-07
3.856685066e-07
3.842299184e-07
3.816025525e-07
3.782097069e-07
0.008061934297
0.01312533306
0.01238605792
0.009585155252
0.004204251775
0.0009992369616
8.124358546e-05
2.09312425e-05
4.959708047e-06
1.335594293e-06
6.24801521e-07
4.8276985e-07
4.252075521e-07
4.105288285e-07
4.015584983e-07
3.970254085e-07
3.943135355e-07
3.917422134e-07
3.907866721e-07
3.899933785e-07
3.889326155e-07
3.87518238e-07
3.843698925e-07
3.78850658e-07
3.711986732e-07
0.006758419127
0.01097753153
0.01129562087
0.01035530332
0.007434343176
0.002665617001
0.0008415843499
0.0001060341502
2.103157027e-05
4.960907255e-06
1.00003332e-06
5.278281154e-07
4.67790306e-07
4.205286516e-07
4.11370077e-07
4.040403208e-07
3.999520413e-07
3.985291957e-07
3.965939099e-07
3.954562008e-07
3.943643416e-07
3.923769725e-07
3.899188106e-07
3.855486972e-07
3.783168937e-07
3.637922752e-07
0.005568536921
0.009269588469
0.009927982361
0.01000224076
0.008867117063
0.005402872465
0.001508589404
0.000442286384
8.42727987e-05
1.451686087e-05
3.998088898e-06
1.191001784e-06
5.187177088e-07
4.525814857e-07
4.202928759e-07
4.132758196e-07
4.072747741e-07
4.030806078e-07
4.01362703e-07
4.00166953e-07
3.993891736e-07
3.985235977e-07
3.961853983e-07
3.916866515e-07
3.850153678e-07
3.691530911e-07
3.414892927e-07
3.272688831e-07
0.004645878707
0.008151478042
0.009023776586
0.009515051367
0.009144412554
0.007488807143
0.003437554899
0.0008984588861
0.0001949423695
4.496879626e-05
8.663407142e-06
1.781538868e-06
7.768432188e-07
4.802694357e-07
4.421609636e-07
4.202605676e-07
4.131974821e-07
4.093190683e-07
4.062289669e-07
4.046529095e-07
4.036344958e-07
4.023213794e-07
4.007033325e-07
3.971358394e-07
3.910548711e-07
3.742447175e-07
3.442773718e-07
3.281174441e-07
3.197568313e-07
0.003889252406
0.007312026977
0.008331851398
0.009039231398
0.009129359889
0.008299405536
0.005380324086
0.001797520524
0.0005376244733
9.466740699e-05
1.785038629e-05
4.358257715e-06
1.157009538e-06
6.13309488e-07
4.577094828e-07
4.294393657e-07
4.190474809e-07
4.131782352e-07
4.101737479e-07
4.082807271e-07
4.074425266e-07
4.068177765e-07
4.051670316e-07
4.015960931e-07
3.961460825e-07
3.780204158e-07
3.465403765e-07
3.291795299e-07
3.199842631e-07
3.152432266e-07
0.00326401764
0.006641258716
0.00779309283
0.008669409477
0.009085209771
0.008707024282
0.007101492155
0.003045194163
0.0009059679384
0.0002615237195
6.740284049e-05
9.341896847e-06
2.2726374e-06
7.806301469e-07
5.178120044e-07
4.438075192e-07
4.249175374e-07
4.181356547e-07
4.138561175e-07
4.116181246e-07
4.104494919e-07
4.095123936e-07
4.084441307e-07
4.055201617e-07
4.004390122e-07
3.81554777e-07
3.486063899e-07
3.298946091e-07
3.201032385e-07
3.1504554e-07
3.124008521e-07
0.002731728293
0.006055535779
0.007313260666
0.008318140355
0.008964601549
0.008946016634
0.008002995086
0.004735873307
0.00154409015
0.0003913217307
0.000102713251
2.64401935e-05
4.552744456e-06
1.231769271e-06
5.682171233e-07
4.677803519e-07
4.309915564e-07
4.213683693e-07
4.169144579e-07
4.142805968e-07
4.132023311e-07
4.126420546e-07
4.114818696e-07
4.086039263e-07
4.032249993e-07
3.840829562e-07
3.502999501e-07
3.307168755e-07
3.203620995e-07
3.149388583e-07
3.12063815e-07
3.106122586e-07
0.002311043802
0.005561029143
0.006896008443
0.008006537603
0.008842450518
0.00909701791
0.008526187145
0.006271731535
0.002429682292
0.0007492008835
0.0001612331067
3.925479506e-05
8.394154537e-06
1.894005473e-06
7.583554062e-07
4.853191142e-07
4.410362449e-07
4.254506689e-07
4.196541003e-07
4.166613054e-07
4.152464975e-07
4.144708466e-07
4.137193963e-07
4.113083723e-07
4.057676993e-07
3.864316074e-07
3.518472639e-07
3.313127796e-07
3.205055642e-07
3.148792339e-07
3.118389771e-07
3.101959576e-07
3.095591524e-07
0.002001588648
0.00509741605
0.006527518818
0.0077135644
0.00866035982
0.009161030089
0.008882294553
0.007519187766
0.003465403165
0.00102180596
0.0003054907527
7.909524801e-05
1.423987158e-05
2.947050478e-06
8.929677571e-07
5.380198354e-07
4.486653676e-07
4.285141495e-07
4.219680212e-07
4.185542174e-07
4.171529637e-07
4.16567654e-07
4.15707323e-07
4.133797674e-07
4.075154344e-07
3.882179138e-07
3.531409707e-07
3.319693166e-07
3.207483408e-07
3.148663379e-07
3.116705202e-07
3.099291509e-07
3.092170255e-07
0.001752928648
0.004637230738
0.006186653877
0.007444341689
0.008478728234
0.009159940676
0.009152570444
0.008202986212
0.004779804332
0.001522733766
0.0004129334073
0.0001090608068
2.321842973e-05
4.469458847e-06
1.31668415e-06
5.753391008e-07
4.643589626e-07
4.322965121e-07
4.240174221e-07
4.202227934e-07
4.185209424e-07
4.177926964e-07
4.172088657e-07
4.151994812e-07
4.091945295e-07
3.898538994e-07
3.543121105e-07
3.324610326e-07
3.20899018e-07
3.148695562e-07
3.115638788e-07
3.096938114e-07
3.08827375e-07
3.088698277e-07
0.001558443741
0.004239697065
0.00587110617
0.007189614877
0.008298124987
0.009124358207
0.009322867749
0.0086289114
0.005915313344
0.002124082228
0.0006073253211
0.0001687424413
3.331914265e-05
6.407261551e-06
1.577466617e-06
6.694830652e-07
4.733673933e-07
4.352741349e-07
4.257183108e-07
4.215530231e-07
4.19827809e-07
4.191896804e-07
4.185056681e-07
4.165644399e-07
4.103633526e-07
3.911206052e-07
3.552877695e-07
3.329746353e-07
3.211010071e-07
3.148789636e-07
3.114770291e-07
3.095502057e-07
3.086252976e-07
3.084612956e-07
0.001419213844
0.00393175149
0.005604837573
0.006965886012
0.00813610037
0.009078513243
0.009468413239
0.008958217501
0.006898608411
0.002738143202
0.0007558730022
0.0002020806969
5.229876135e-05
8.842405691e-06
2.22778593e-06
7.249330901e-07
4.936527621e-07
4.40241912e-07
4.272930179e-07
4.22710687e-07
4.207487146e-07
4.200120114e-07
4.19514776e-07
4.177701326e-07
4.114899644e-07
3.922460756e-07
3.561458064e-07
3.333605348e-07
3.21237302e-07
3.148965268e-07
3.114165215e-07
3.094066545e-07
3.083911533e-07
3.082373374e-07
3.080901255e-07
0.001323967398
0.003696107071
0.005379798639
0.006770021178
0.007985368375
0.008995724495
0.00953277565
0.009224155443
0.007628052202
0.003361304584
0.0009840614952
0.000267796689
6.215718325e-05
1.133361565e-05
2.55173205e-06
8.495570712e-07
5.043520793e-07
4.428792302e-07
4.285911873e-07
4.236434167e-07
4.216428164e-07
4.209456063e-07
4.203672205e-07
4.186703898e-07
4.122728927e-07
3.931239942e-07
3.568504315e-07
3.337445665e-07
3.213958052e-07
3.149148379e-07
3.113633778e-07
3.093158012e-07
3.082613263e-07
3.079762141e-07
3.077748611e-07
0.001250753247
0.003482624934
0.005180841529
0.0065946585
0.007849274101
0.008919322006
0.009614333342
0.009450550517
0.008164937672
0.003962575643
0.001182936806
0.0003103065344
8.050028502e-05
1.395572017e-05
3.30897642e-06
9.132283427e-07
5.269558458e-07
4.479258649e-07
4.297991644e-07
4.244420214e-07
4.222647765e-07
4.214988949e-07
4.210469235e-07
4.194716345e-07
4.130248518e-07
3.938900919e-07
3.574590741e-07
3.340320374e-07
3.215065582e-07
3.14941912e-07
3.113273439e-07
3.092206313e-07
3.081066967e-07
3.078316363e-07
3.075619018e-07
3.083656929e-07
0.001195719289
0.003306801713
0.005009571948
0.006439875009
0.007727532881
0.008846593749
0.009638550848
0.009603531364
0.008510742606
0.00455456499
0.00138533651
0.0003717057003
9.002410049e-05
1.649309314e-05
3.644928542e-06
1.048196345e-06
5.380322095e-07
4.505336582e-07
4.307932308e-07
4.250913019e-07
4.228732166e-07
4.221239672e-07
4.216113395e-07
4.200698053e-07
4.135493099e-07
3.944889659e-07
3.579414071e-07
3.343095862e-07
3.216263529e-07
3.149617705e-07
3.112976485e-07
3.091608841e-07
3.080199438e-07
3.076573061e-07
3.073542299e-07
3.081202486e-07
0.001154074951
0.003168958579
0.00486711715
0.006306220932
0.007620254926
0.008779499778
0.009649474406
0.009714235886
0.008754169516
0.005079521005
0.001598571553
0.0004158666275
0.0001059881906
1.878445757e-05
4.383284549e-06
1.112048521e-06
5.600702948e-07
4.551936596e-07
4.317014578e-07
4.256385019e-07
4.232921477e-07
4.224957007e-07
4.220699731e-07
4.206041944e-07
4.140484034e-07
3.950064277e-07
3.583508045e-07
3.34515853e-07
3.217105496e-07
3.149849258e-07
3.112775934e-07
3.090985441e-07
3.079164199e-07
3.075609778e-07
3.072129467e-07
3.079222465e-07
0.00112326899
0.003057515345
0.004748695588
0.006192256266
0.007526790769
0.008718980936
0.009651040486
0.009802483948
0.008936764726
0.005526095212
0.001797862084
0.0004718662343
0.000113819017
2.117797245e-05
4.702467467e-06
1.239935385e-06
5.704189668e-07
4.57223446e-07
4.324486177e-07
4.26090498e-07
4.237076347e-07
4.229197725e-07
4.224524702e-07
4.210126958e-07
4.144149957e-07
3.95409813e-07
3.586866984e-07
3.347190949e-07
3.218008861e-07
3.15009378e-07
3.112585476e-07
3.090580362e-07
3.078541024e-07
3.074360239e-07
3.070639851e-07
3.077441256e-07
0.001100635181
0.002973740893
0.004653097985
0.00609645966
0.007446614527
0.008665165373
0.009647373336
0.009871587895
0.009079034959
0.005898588613
0.001977596433
0.0005223639091
0.0001267518135
2.311378551e-05
5.357857546e-06
1.299398169e-06
5.901599932e-07
4.610173183e-07
4.331296401e-07
4.264745879e-07
4.239986118e-07
4.231800164e-07
4.227810479e-07
4.213980009e-07
4.14736436e-07
3.957675853e-07
3.589864443e-07
3.348766994e-07
3.21866533e-07
3.150255037e-07
3.112420343e-07
3.090060239e-07
3.077679934e-07
3.07355534e-07
3.069447768e-07
3.075765578e-07
3.073298595e-07
0.001085353746
0.00291309542
0.004576538478
0.00601688191
0.007378306165
0.008618050742
0.009642053841
0.009926975949
0.009191507589
0.006207612815
0.00213711373
0.0005676910968
0.0001372637555
2.52133824e-05
5.64498738e-06
1.411008308e-06
5.992431934e-07
4.626343068e-07
4.336974362e-07
4.267999325e-07
4.242947118e-07
4.234851812e-07
4.230622224e-07
4.217063488e-07
4.150276977e-07
3.960673366e-07
3.592503764e-07
3.350436062e-07
3.219422976e-07
3.150474076e-07
3.112249019e-07
3.089691477e-07
3.077104234e-07
3.072389799e-07
3.06803832e-07
3.07405975e-07
3.069725753e-07
0.001071268183
0.002869268712
0.004515942214
0.005950995038
0.007320407494
0.008577220508
0.009635096043
0.009970993349
0.009282640504
0.006461083323
0.002276727021
0.0006099305089
0.0001481180498
2.687065586e-05
6.18991565e-06
1.462592675e-06
6.15823429e-07
4.656573893e-07
4.341939885e-07
4.270767276e-07
4.245035755e-07
4.23674635e-07
4.23310751e-07
4.219964908e-07
4.152962947e-07
3.963471764e-07
3.594939428e-07
3.351765939e-07
3.219992297e-07
3.150610782e-07
3.112098986e-07
3.089209033e-07
3.076294801e-07
3.071628771e-07
3.066893778e-07
3.072439761e-07
3.067363499e-07
0.002834891346
0.004467004381
0.005896023082
0.007271644667
0.008542075892
0.009626094802
0.01000586126
0.009354229628
0.006670795884
0.002397495544
0.0006454151125
0.0001549630756
2.860139698e-05
6.438510885e-06
1.554108981e-06
6.233033267e-07
4.669337513e-07
4.34696348e-07
4.273149667e-07
4.24719762e-07
4.239007194e-07
4.235250074e-07
4.222304739e-07
4.155392328e-07
3.965888578e-07
3.597146784e-07
3.353216351e-07
3.220669132e-07
3.15078919e-07
3.111943189e-07
3.088867456e-07
3.075749132e-07
3.070509451e-07
3.065522019e-07
3.07078327e-07
3.066078964e-07
0.002807347671
0.004426631388
0.005849556825
0.007229379883
0.008512157358
0.009617284873
0.01003366315
0.009415731716
0.006840668622
0.002500530138
0.0006737455584
0.0001634581937
3.010135922e-05
6.869658205e-06
1.59618039e-06
6.365863842e-07
4.692975182e-07
4.350451079e-07
4.275185272e-07
4.248736611e-07
4.240425812e-07
4.237194583e-07
4.224571005e-07
4.157579693e-07
3.968213173e-07
3.599239363e-07
3.354395311e-07
3.221189994e-07
3.150923902e-07
3.111806299e-07
3.088408763e-07
3.074976251e-07
3.069777031e-07
3.064407224e-07
3.069188424e-07
3.064627517e-07
3.081924023e-07
0.002782151397
0.004391336578
0.005809482088
0.007193004122
0.008486859869
0.009609195374
0.0100559619
0.009467560077
0.006978999318
0.002587429167
0.0006959922013
0.0001705324827
3.165448396e-05
7.093854551e-06
1.668265328e-06
6.424387671e-07
4.702883678e-07
4.355400122e-07
4.276964766e-07
4.250361972e-07
4.242158541e-07
4.23888837e-07
4.226442054e-07
4.159607879e-07
3.970271079e-07
3.601188543e-07
3.355711125e-07
3.221819968e-07
3.151068976e-07
3.11166407e-07
3.088086881e-07
3.074451223e-07
3.068686579e-07
3.06305924e-07
3.067589408e-07
3.061672447e-07
3.079287236e-07
0.002759101556
0.004358690046
0.005774222772
0.007161585848
0.008465636343
0.009601992187
0.01007394166
0.009510740757
0.007092096201
0.002660159616
0.0007129235417
0.0001765810927
3.365145405e-05
7.451118231e-06
1.700885575e-06
6.5278391e-07
4.721198241e-07
4.357887992e-07
4.278497545e-07
4.251531814e-07
4.243259521e-07
4.240467442e-07
4.228297989e-07
4.161477711e-07
3.972310771e-07
3.603081776e-07
3.356800334e-07
3.222314985e-07
3.151223908e-07
3.111539133e-07
3.087647273e-07
3.073704303e-07
3.067972721e-07
3.061963528e-07
3.065995291e-07
3.058226008e-07
3.076832874e-07
0.002741130804
0.004327755336
0.00574190344
0.007133628618
0.008447930613
0.009595721348
0.01008849191
0.009546512364
0.007184823841
0.002720815798
0.0007314124097
0.0001789706513
3.569794745e-05
7.631035045e-06
1.756154614e-06
6.571920077e-07
4.728782456e-07
4.362286661e-07
4.279860515e-07
4.252796973e-07
4.244642026e-07
4.241859352e-07
4.229860511e-07
4.163252815e-07
3.974163955e-07
3.60488887e-07
3.358039043e-07
3.222920712e-07
3.151375132e-07
3.111409342e-07
3.08734267e-07
3.073194698e-07
3.066900472e-07
3.060639127e-07
3.064465764e-07
3.055892942e-07
3.074509106e-07
3.078095433e-07
0.002728719099
0.004296808492
0.005710100155
0.007106850334
0.008432241237
0.009590395188
0.01010032898
0.009576050824
0.00726103218
0.002771391399
0.0007472639059
0.0001831230068
3.69910876e-05
7.905324357e-06
1.780072915e-06
6.651879849e-07
4.743043838e-07
4.3641542e-07
4.281050374e-07
4.253717811e-07
4.245532854e-07
4.243191202e-07
4.231443208e-07
4.164910526e-07
3.976049521e-07
3.606680607e-07
3.359081875e-07
3.223406803e-07
3.151536355e-07
3.111295196e-07
3.086918131e-07
3.072467062e-07
3.066200485e-07
3.059554365e-07
3.062855293e-07
3.055460555e-07
3.070362299e-07
3.074823994e-07
0.002721490202
0.004263867022
0.005676611706
0.007078658181
0.008415522116
0.009584980942
0.01010994788
0.009600454238
0.007323818519
0.002813628113
0.0007606775138
0.0001865324644
3.841769204e-05
8.03188203e-06
1.82174474e-06
6.687349245e-07
4.748891761e-07
4.367674375e-07
4.282130247e-07
4.254740825e-07
4.246684793e-07
4.244378991e-07
4.232797939e-07
4.166514153e-07
3.977802141e-07
3.608426434e-07
3.360283492e-07
3.224005023e-07
3.151694997e-07
3.111177191e-07
3.086627178e-07
3.07196915e-07
3.065141311e-07
3.058251525e-07
3.061388168e-07
3.053070806e-07
3.068870704e-07
3.071271179e-07
0.002712118493
0.004228393382
0.005640451993
0.007047162771
0.008395021141
0.009576657436
0.01011677665
0.009620701361
0.007375716859
0.002848983015
0.0007720565447
0.0001899890475
3.9137596e-05
8.231621659e-06
1.83861794e-06
6.738228107e-07
4.760195252e-07
4.369125824e-07
4.28308951e-07
4.255493343e-07
4.247437645e-07
4.245543897e-07
4.234195698e-07
4.168029852e-07
3.979623175e-07
3.610184839e-07
3.361309066e-07
3.224493881e-07
3.151865502e-07
3.111073874e-07
3.086215182e-07
3.071256204e-07
3.064453718e-07
3.057187026e-07
3.059779785e-07
3.051065315e-07
3.066055995e-07
3.068507953e-07
3.0897267e-07
0.002694285319
0.004190786519
0.005602054169
0.00701201154
0.008369258127
0.009562937806
0.01011778653
0.009636994942
0.007418356454
0.002878672258
0.0007816513585
0.0001931472698
4.006258392e-05
8.312300699e-06
1.870279226e-06
6.767149044e-07
4.764864226e-07
4.371986698e-07
4.283979938e-07
4.256353917e-07
4.24843897e-07
4.246593221e-07
4.235408725e-07
4.169520758e-07
3.981350176e-07
3.611926672e-07
3.362500078e-07
3.225095802e-07
3.152034443e-07
3.11096757e-07
3.085936191e-07
3.070767752e-07
3.06340594e-07
3.055904006e-07
3.058319621e-07
3.049145401e-07
3.062949235e-07
3.065383251e-07
3.085963374e-07
0.00266310096
0.004152403217
0.005562681114
0.006974578111
0.008339512108
0.009544402262
0.01011394772
0.009647945231
0.007452776176
0.002903634041
0.0007898269262
0.0001955053353
4.042886615e-05
8.453205875e-06
1.884138104e-06
6.792716582e-07
4.773929784e-07
4.373174331e-07
4.284780983e-07
4.256988498e-07
4.249096271e-07
4.247637749e-07
4.236669759e-07
4.170930426e-07
3.983159627e-07
3.613684923e-07
3.363518926e-07
3.22559112e-07
3.152215314e-07
3.110876207e-07
3.085539052e-07
3.07007433e-07
3.062738205e-07
3.054859059e-07
3.056780636e-07
3.047674897e-07
3.059926198e-07
3.061897395e-07
3.082196215e-07
3.099618386e-07
0.002620854652
0.004114328474
0.00552369912
0.006936877997
0.008308249119
0.009523373693
0.01010549504
0.009653236045
0.0074806114
0.002924957599
0.0007967207483
0.0001981039898
4.102465498e-05
8.506894381e-06
1.901560162e-06
6.815396882e-07
4.778312995e-07
4.375509738e-07
4.285530401e-07
4.257728946e-07
4.249985649e-07
4.248577196e-07
4.237763755e-07
4.172306935e-07
3.984847071e-07
3.615380704e-07
3.364667959e-07
3.226177668e-07
3.1523849e-07
3.110778454e-07
3.085273415e-07
3.069602109e-07
3.061719819e-07
3.053620353e-07
3.055321406e-07
3.045902826e-07
3.057682129e-07
3.059133276e-07
3.078530933e-07
3.095377572e-07
0.004077507382
0.005486654731
0.006901464703
0.008279015671
0.009504324962
0.01009540596
0.00965613639
0.007505945888
0.002939786702
0.0008030125996
0.0002000425662
4.12991985e-05
8.593064424e-06
1.912531977e-06
6.835498992e-07
4.7823165e-07
4.376456269e-07
4.286210517e-07
4.258279581e-07
4.250576703e-07
4.249537448e-07
4.23892176e-07
4.173609115e-07
3.986599877e-07
3.617043036e-07
3.365635248e-07
3.226651872e-07
3.152559463e-07
3.110687884e-07
3.084882755e-07
3.068922385e-07
3.061069255e-07
3.052598526e-07
3.053739597e-07
3.044353518e-07
3.055775929e-07
3.056595218e-07
3.074826416e-07
3.090573394e-07
3.12480269e-07
0.004036682719
0.005441655993
0.006857235372
0.008242931424
0.009483084136
0.01008485605
0.00966236671
0.007547692381
0.002938298519
0.0008017976399
0.0001988245702
4.171873712e-05
8.653706508e-06
1.923777038e-06
6.855118674e-07
4.78606369e-07
4.378547185e-07
4.286880617e-07
4.258945983e-07
4.251401344e-07
4.250411567e-07
4.239946043e-07
4.174907298e-07
3.988201134e-07
3.618663718e-07
3.3667455e-07
3.227221506e-07
3.152723919e-07
3.110589926e-07
3.084619727e-07
3.068453175e-07
3.060056149e-07
3.051364609e-07
3.052470933e-07
3.042359599e-07
3.053064225e-07
3.054123106e-07
3.071186945e-07
3.086363702e-07
3.119408109e-07
3.167688879e-07
0.003814606997
0.005230994241
0.0066656487
0.008081063541
0.009375346745
0.01005900919
0.0097145823
0.007793979868
0.003136886878
0.0008574891876
0.0002131248448
4.39802122e-05
9.054627306e-06
1.992090343e-06
6.968933304e-07
4.800049953e-07
4.380606327e-07
4.287574748e-07
4.259404304e-07
4.251916651e-07
4.251278292e-07
4.240979001e-07
4.17609267e-07
3.989829505e-07
3.620232204e-07
3.36766678e-07
3.227678169e-07
3.152894223e-07
3.110500373e-07
3.084233173e-07
3.067782622e-07
3.059418196e-07
3.050352794e-07
3.050098076e-07
3.040663075e-07
3.051109709e-07
3.04931486e-07
3.067489092e-07
3.081589931e-07
3.11355307e-07
3.161049685e-07
3.237833533e-07
0.003685637171
0.005121151115
0.006560491616
0.007989261535
0.009310468938
0.01004313741
0.009739829528
0.007948000576
0.003284632089
0.0009089027781
0.0002233587804
4.63095731e-05
9.373932631e-06
2.068746568e-06
7.076561663e-07
4.820657601e-07
4.3842979e-07
4.288745763e-07
4.260167022e-07
4.252655992e-07
4.252055687e-07
4.2420677e-07
4.177966595e-07
3.992533309e-07
3.622951741e-07
3.369351759e-07
3.228507276e-07
3.153178715e-07
3.110463968e-07
3.084005801e-07
3.067334799e-07
3.058424555e-07
3.049134277e-07
3.049109579e-07
3.038571562e-07
3.04835878e-07
3.046037923e-07
3.063891918e-07
3.077412193e-07
3.108194031e-07
3.153551126e-07
3.228060882e-07
3.356587173e-07
0.003575925015
0.005047475295
0.006489875898
0.007926314777
0.009265500638
0.01003416255
0.009760852192
0.00806496336
0.003420057676
0.0009644885179
0.0002373515974
4.878270249e-05
1.006957245e-05
2.137292616e-06
7.21220185e-07
4.836733336e-07
4.386998393e-07
4.289435943e-07
4.260574447e-07
4.253126855e-07
4.25286866e-07
4.243063815e-07
4.179074368e-07
3.994084983e-07
3.624455657e-07
3.370243937e-07
3.228953851e-07
3.153347438e-07
3.110373276e-07
3.083622395e-07
3.066672299e-07
3.057797666e-07
3.048130341e-07
3.04667635e-07
3.036880584e-07
3.046332481e-07
3.045364058e-07
3.06023939e-07
3.072665444e-07
3.102382679e-07
3.146984388e-07
3.219747868e-07
3.345459415e-07
3.563422138e-07
0.0034745446
0.004998600484
0.00645086293
0.007890982715
0.009240584295
0.01003256248
0.009783574951
0.008165673147
0.003551517198
0.001023578369
0.0002534798763
5.209132372e-05
1.059596438e-05
2.251886775e-06
7.340734611e-07
4.868081107e-07
4.392458659e-07
4.290780963e-07
4.261351864e-07
4.253870856e-07
4.253636149e-07
4.244112994e-07
4.180929542e-07
3.996766101e-07
3.627161104e-07
3.371935431e-07
3.229780782e-07
3.153632604e-07
3.110343056e-07
3.083397651e-07
3.066226808e-07
3.056805583e-07
3.046915421e-07
3.045884979e-07
3.034829542e-07
3.043515709e-07
3.041536247e-07
3.056626377e-07
3.068515892e-07
3.09705801e-07
3.139536009e-07
3.210059418e-07
3.332743344e-07
3.545838555e-07
3.974585663e-07
5.15834194e-07
0.003363964707
0.004996766621
0.00646116638
0.007902460733
0.009251490901
0.01004541449
0.009798597343
0.008173753096
0.003554943072
0.001023798407
0.0002535660437
5.199977007e-05
1.060616391e-05
2.251226276e-06
7.346427337e-07
4.868863119e-07
4.392979673e-07
4.291416825e-07
4.261799546e-07
4.254374516e-07
4.254499271e-07
4.245145386e-07
4.182032847e-07
3.998326594e-07
3.628666447e-07
3.372803838e-07
3.230229136e-07
3.153802238e-07
3.110246654e-07
3.083010941e-07
3.065564307e-07
3.056182376e-07
3.045909108e-07
3.043931864e-07
3.033214654e-07
3.041483152e-07
3.038035109e-07
3.052948328e-07
3.063786047e-07
3.091283372e-07
3.133035235e-07
3.201848777e-07
3.32178784e-07
3.530296048e-07
3.949543694e-07
5.111079737e-07
0.003282321245
0.0049868372
0.006474021894
0.007920150709
0.009266558366
0.0100534838
0.009804700829
0.008175716108
0.003555888925
0.001023854383
0.0002535564539
5.188149422e-05
1.061056084e-05
2.253432003e-06
7.353407159e-07
4.87068176e-07
4.393756021e-07
4.291872182e-07
4.26248777e-07
4.255230787e-07
4.255365674e-07
4.246143275e-07
4.183253308e-07
3.999750388e-07
3.630118855e-07
3.373847391e-07
3.230754498e-07
3.153950003e-07
3.110151753e-07
3.082749481e-07
3.065097796e-07
3.055170561e-07
3.044680543e-07
3.042847715e-07
3.03122247e-07
3.038711489e-07
3.034413361e-07
3.049357794e-07
3.059660614e-07
3.08599187e-07
3.125635121e-07
3.192244428e-07
3.30922167e-07
3.512998912e-07
3.922860435e-07
5.064583008e-07
0.003200617846
0.004976214385
0.006483842598
0.007937783189
0.009280802629
0.01006155457
0.009810968319
0.008177615032
0.003556713309
0.001023716559
0.0002536024319
5.174449105e-05
1.061749393e-05
2.257076702e-06
7.361730717e-07
4.872515916e-07
4.394588189e-07
4.292724616e-07
4.263053353e-07
4.2558381e-07
4.256372571e-07
4.247229695e-07
4.184393696e-07
4.001356449e-07
3.631647988e-07
3.374724384e-07
3.231207214e-07
3.154120428e-07
3.110049376e-07
3.08235512e-07
3.064429657e-07
3.054545901e-07
3.04366607e-07
3.041386281e-07
3.029636168e-07
3.036762422e-07
3.031993488e-07
3.045699923e-07
3.054941212e-07
3.080249223e-07
3.119195219e-07
3.184131243e-07
3.298432022e-07
3.497764182e-07
3.898497418e-07
5.018844426e-07
0.00313705397
0.004968042336
0.00650031844
0.007960630152
0.009299492353
0.01007251609
0.009820126492
0.00818093667
0.003558236644
0.001023413307
0.0002536705413
5.154245694e-05
1.062942048e-05
2.261167227e-06
7.370808671e-07
4.874592438e-07
4.395571131e-07
4.29328927e-07
4.263933772e-07
4.256886221e-07
4.257375028e-07
4.248356449e-07
4.185683488e-07
4.00279832e-07
3.633104355e-07
3.375774476e-07
3.231732779e-07
3.154264867e-07
3.109949766e-07
3.082089699e-07
3.063957975e-07
3.053522742e-07
3.042431474e-07
3.039961889e-07
3.027691202e-07
3.034071448e-07
3.028518896e-07
3.042132151e-07
3.050843332e-07
3.074980563e-07
3.111835622e-07
3.174601476e-07
3.286002183e-07
3.480732721e-07
3.872422333e-07
4.973834281e-07
0.003116451972
0.004965841709
0.006523788766
0.007991133386
0.009323576047
0.01008697107
0.009832450978
0.008185308804
0.003559963688
0.00102287483
0.0002539086305
5.140368093e-05
1.064385196e-05
2.26570223e-06
7.380186937e-07
4.876578256e-07
4.396686426e-07
4.294480579e-07
4.264689031e-07
4.25766102e-07
4.258608042e-07
4.249635441e-07
4.186919049e-07
4.004470358e-07
3.634660822e-07
3.376656658e-07
3.232187116e-07
3.154433465e-07
3.109840583e-07
3.081684522e-07
3.063280307e-07
3.052893677e-07
3.04140924e-07
3.038328023e-07
3.026047203e-07
3.032177811e-07
3.026061342e-07
3.038478971e-07
3.046131204e-07
3.069267724e-07
3.105453723e-07
3.166583188e-07
3.275374016e-07
3.465797228e-07
3.848715053e-07
4.929546355e-07
0.003166757546
0.004981118867
0.006562288116
0.008034638997
0.009357071069
0.01010730425
0.009849292885
0.008191051195
0.003561618077
0.00102221038
0.0002539045484
5.127056406e-05
1.066330493e-05
2.269751402e-06
7.389265157e-07
4.879019757e-07
4.398116868e-07
4.29528193e-07
4.265963593e-07
4.259103466e-07
4.259898287e-07
4.251003035e-07
4.18837207e-07
4.005989743e-07
3.636165873e-07
3.37774195e-07
3.232724285e-07
3.154575401e-07
3.109732438e-07
3.081410569e-07
3.06279642e-07
3.051848085e-07
3.040159084e-07
3.036783553e-07
3.024042993e-07
3.029492616e-07
3.022652929e-07
3.034924977e-07
3.042058656e-07
3.064010616e-07
3.09812591e-07
3.157119903e-07
3.263071013e-07
3.449018381e-07
3.823220785e-07
4.885951116e-07
0.003342952264
0.005040858707
0.006626962545
0.008096784149
0.009403779671
0.01013789944
0.009874283282
0.008200768789
0.003564142576
0.001021144639
0.0002539613565
5.123026136e-05
1.068598715e-05
2.273955363e-06
7.397905983e-07
4.881771773e-07
4.399812103e-07
4.297181443e-07
4.267114685e-07
4.260231808e-07
4.261604424e-07
4.252627283e-07
4.189809947e-07
4.007828735e-07
3.637817498e-07
3.37865804e-07
3.233192159e-07
3.154744162e-07
3.109615916e-07
3.080984162e-07
3.062095577e-07
3.051205095e-07
3.039111965e-07
3.034776894e-07
3.022379087e-07
3.027572388e-07
3.020387503e-07
3.03126718e-07
3.037347171e-07
3.058311326e-07
3.091791909e-07
3.1491871e-07
3.2525937e-07
3.434368358e-07
3.800142549e-07
4.843043176e-07
0.003613508624
0.005192608164
0.006740774584
0.008195052747
0.00947942348
0.01018248604
0.009911960168
0.008215074191
0.003567763034
0.001019540727
0.0002537971
5.124758709e-05
1.071111726e-05
2.27879052e-06
7.405491696e-07
4.885108343e-07
4.402705029e-07
4.298487771e-07
4.269205457e-07
4.26249084e-07
4.263500642e-07
4.254476238e-07
4.191606641e-07
4.009532551e-07
3.639451288e-07
3.379829896e-07
3.233759029e-07
3.154883117e-07
3.109462657e-07
3.080690713e-07
3.061585088e-07
3.050114194e-07
3.037827183e-07
3.033507619e-07
3.020245079e-07
3.024810171e-07
3.017150376e-07
3.027713616e-07
3.033303372e-07
3.053034453e-07
3.084479017e-07
3.139774244e-07
3.240401118e-07
3.417823405e-07
3.77519819e-07
4.800792663e-07
0.00383719525
0.005414344183
0.006912281157
0.008319643873
0.009567889588
0.01022809226
0.009973094971
0.008250749493
0.00357713331
0.00101769772
0.0002536389301
5.12928516e-05
1.073952799e-05
2.285176129e-06
7.418106197e-07
4.892703261e-07
4.405597972e-07
4.301861352e-07
4.271176542e-07
4.264353217e-07
4.266187503e-07
4.256805353e-07
4.193466556e-07
4.011726359e-07
3.641316538e-07
3.380825071e-07
3.234256803e-07
3.155052324e-07
3.109331396e-07
3.080220185e-07
3.06083367e-07
3.049438402e-07
3.036730109e-07
3.031658211e-07
3.018600377e-07
3.022813371e-07
3.015024838e-07
3.024025217e-07
3.028565549e-07
3.04732647e-07
3.078173506e-07
3.1319087e-07
3.230056372e-07
3.403438583e-07
3.75271798e-07
4.759194572e-07
0.003983466854
0.005579412864
0.00715211145
0.008531321442
0.009730686335
0.01033548556
0.01006989709
0.008292357233
0.003590953775
0.001016070382
0.000253542808
5.133933217e-05
1.077441768e-05
2.292945839e-06
7.427601272e-07
4.897962946e-07
4.412129632e-07
4.304224909e-07
4.27495116e-07
4.268291346e-07
4.269335573e-07
4.259598167e-07
4.195951701e-07
4.013803369e-07
3.643200779e-07
3.382173704e-07
3.2348828e-07
3.155184373e-07
3.10911335e-07
3.0798845e-07
3.060268141e-07
3.048257146e-07
3.035370615e-07
3.030484878e-07
3.016372169e-07
3.019926398e-07
3.011813123e-07
3.020437854e-07
3.024521689e-07
3.041997937e-07
3.070843941e-07
3.12251613e-07
3.217945693e-07
3.387098697e-07
3.728285823e-07
4.718218097e-07
0.004316598082
0.005523222454
0.007233211442
0.008728329073
0.009896346609
0.01049799157
0.01026507724
0.008396559842
0.003628618933
0.001017042582
0.0002536035001
5.140767024e-05
1.081811124e-05
2.303002734e-06
7.451609178e-07
4.912721468e-07
4.417366435e-07
4.310642434e-07
4.27860677e-07
4.271659645e-07
4.274035981e-07
4.263264155e-07
4.198620593e-07
4.016685244e-07
3.645406267e-07
3.383317614e-07
3.235432933e-07
3.155349374e-07
3.108941453e-07
3.079323807e-07
3.05941287e-07
3.047511895e-07
3.034176136e-07
3.028549597e-07
3.014564744e-07
3.017827456e-07
3.009655357e-07
3.016665817e-07
3.01967483e-07
3.036266258e-07
3.064530832e-07
3.114684371e-07
3.207701971e-07
3.372947479e-07
3.706364681e-07
4.677857644e-07
0.005187213451
0.005523415106
0.007154525491
0.00901712681
0.01039413474
0.01097787882
0.01063421091
0.008516945263
0.003686407887
0.001023455169
0.000254178679
5.155682085e-05
1.087677066e-05
2.316638873e-06
7.477883036e-07
4.922991315e-07
4.430670586e-07
4.315207788e-07
4.28583776e-07
4.279022558e-07
4.27972889e-07
4.268030711e-07
4.202387661e-07
4.01943502e-07
3.647889348e-07
3.384988544e-07
3.236158467e-07
3.155458102e-07
3.108678359e-07
3.078900523e-07
3.058737589e-07
3.046154628e-07
3.032667412e-07
3.027268816e-07
3.011755077e-07
3.014757011e-07
3.006266624e-07
3.012978899e-07
3.015563056e-07
3.030840472e-07
3.057127699e-07
3.105258384e-07
3.19562438e-07
3.356766977e-07
3.682395448e-07
4.638081698e-07
0.006783218136
0.006051275923
0.006793643897
0.008900965778
0.01084232171
0.01170831834
0.01117724477
0.008860118236
0.003854442169
0.001033509543
0.0002559591396
5.189868854e-05
1.096413732e-05
2.337719845e-06
7.525002044e-07
4.953688635e-07
4.440968746e-07
4.327815567e-07
4.292902881e-07
4.285429173e-07
4.288480718e-07
4.274536885e-07
4.206427113e-07
4.02347377e-07
3.650752923e-07
3.386340094e-07
3.236766561e-07
3.155592266e-07
3.108420447e-07
3.078162454e-07
3.057682531e-07
3.045274865e-07
3.031291388e-07
3.025049233e-07
3.010420317e-07
3.01252025e-07
3.003902738e-07
3.009035795e-07
3.010521892e-07
3.025016088e-07
3.05074836e-07
3.097407161e-07
3.185433163e-07
3.342803719e-07
3.660984996e-07
4.59888543e-07
0.008408263399
0.007791330495
0.007065951758
0.008270923871
0.01064958887
0.01229058648
0.012031625
0.00926915215
0.004097300516
0.001110844449
0.0002593510818
5.329194008e-05
1.120751824e-05
2.38940228e-06
7.61546416e-07
4.975997363e-07
4.467651057e-07
4.336925643e-07
4.307089051e-07
4.299608412e-07
4.299189525e-07
4.282314307e-07
4.212235972e-07
4.027103518e-07
3.653920929e-07
3.388446002e-07
3.237589444e-07
3.15561272e-07
3.107940254e-07
3.077568225e-07
3.056804026e-07
3.043601553e-07
3.029515146e-07
3.023537809e-07
3.007750478e-07
3.009163282e-07
3.000151636e-07
3.005155508e-07
3.006256345e-07
3.019418961e-07
3.043190768e-07
3.087873089e-07
3.173322672e-07
3.326723839e-07
3.637422065e-07
4.560238814e-07
0.008706870962
0.008934989393
0.008084997634
0.007877054828
0.009601435196
0.01194991739
0.01270498032
0.0104627798
0.004775399828
0.001204292606
0.0002901280248
5.759427878e-05
1.184493166e-05
2.502980607e-06
7.798896141e-07
5.048561493e-07
4.488597254e-07
4.361936134e-07
4.320911156e-07
4.312001297e-07
4.31584759e-07
4.292435457e-07
4.218001556e-07
4.03255965e-07
3.657380918e-07
3.389856379e-07
3.238144222e-07
3.155520927e-07
3.107535685e-07
3.076506231e-07
3.05540429e-07
3.042493092e-07
3.027838026e-07
3.020903043e-07
3.003862137e-07
3.006692665e-07
2.997463161e-07
3.000939171e-07
3.000953277e-07
3.013393927e-07
3.036679736e-07
3.079945333e-07
3.163134174e-07
3.312904231e-07
3.616478697e-07
4.522145673e-07
0.008246933994
0.009054964072
0.008890287966
0.008084183322
0.008364069369
0.01041793369
0.01216712199
0.01141654655
0.005870840252
0.001770672302
0.0003277562544
6.921018062e-05
1.354766537e-05
2.753138502e-06
8.187985514e-07
5.115675318e-07
4.547185196e-07
4.380352526e-07
4.348731144e-07
4.339285757e-07
4.333092752e-07
4.303673668e-07
4.226039945e-07
4.036425386e-07
3.660699746e-07
3.392107461e-07
3.238832386e-07
3.155330821e-07
3.106633434e-07
3.075607526e-07
3.054197257e-07
3.040339155e-07
3.025668003e-07
3.019107281e-07
2.999524605e-07
3.002946561e-07
2.993251791e-07
2.996796935e-07
2.996477591e-07
3.007573261e-07
3.028916718e-07
3.070260576e-07
3.150957316e-07
3.296898373e-07
3.593296257e-07
4.484582989e-07
0.006852303715
0.008129590821
0.008595866512
0.008314961478
0.007710705476
0.008285624642
0.01042862386
0.01124284583
0.008905470383
0.002583107645
0.0006295876378
0.0001122232085
1.943833765e-05
3.494588422e-06
9.122447916e-07
5.326753383e-07
4.595072347e-07
4.434676648e-07
4.375885283e-07
4.363372838e-07
4.355475801e-07
4.316849637e-07
4.232589626e-07
4.042377228e-07
3.663552511e-07
3.392683557e-07
3.238831817e-07
3.154801457e-07
3.105854893e-07
3.074002724e-07
3.052276839e-07
3.038896687e-07
3.02357632e-07
3.015943382e-07
2.998497547e-07
3.000231894e-07
2.99020966e-07
2.992265324e-07
2.990877951e-07
3.00133352e-07
3.022268818e-07
3.062259989e-07
3.140782662e-07
3.283237901e-07
3.572851818e-07
4.447555296e-07
0.004244420395
0.005782141826
0.007172502993
0.007707144565
0.007498566406
0.007082613492
0.007648287787
0.009450893103
0.009204772647
0.005606820045
0.001339856143
0.0003003719689
5.238707506e-05
7.877260056e-06
1.395010376e-06
5.833007752e-07
4.743503022e-07
4.465376228e-07
4.433188557e-07
4.406435774e-07
4.374031216e-07
4.329719844e-07
4.242484483e-07
4.045452109e-07
3.666234705e-07
3.394637964e-07
3.238916425e-07
3.15393589e-07
3.103990661e-07
3.072441231e-07
3.050389996e-07
3.035783808e-07
3.020621892e-07
3.013599303e-07
2.995064427e-07
2.995718574e-07
2.985212759e-07
2.987598883e-07
2.985963901e-07
2.995089293e-07
3.014088002e-07
3.052238172e-07
3.128384985e-07
3.267184299e-07
3.549991707e-07
4.410914474e-07
0.00135192091
0.002348231897
0.003790311873
0.005376754603
0.006370983822
0.006443396848
0.006213499565
0.006524851263
0.007715020384
0.006921474715
0.003894748567
0.0008598810162
0.0002245247778
4.408564937e-05
7.059720144e-06
1.278382512e-06
5.471616971e-07
4.600812002e-07
4.454443597e-07
4.420343214e-07
4.399618686e-07
4.34507227e-07
4.25145493e-07
4.05928376e-07
3.675078925e-07
3.397173514e-07
3.239394391e-07
3.152804557e-07
3.102473838e-07
3.068995844e-07
3.046447305e-07
3.032960783e-07
3.016691737e-07
3.008010934e-07
2.989813067e-07
2.991454493e-07
2.980636398e-07
2.981244643e-07
2.978539047e-07
2.987287288e-07
3.006188273e-07
3.043162155e-07
3.117321042e-07
3.252896192e-07
3.529423291e-07
4.374288297e-07
0.0003211661166
0.0005060809291
0.001047302968
0.001700787724
0.002982832688
0.004311650787
0.005104595083
0.005142393769
0.005233705244
0.005737995637
0.005102633344
0.003095720991
0.0007614317251
0.0002093986857
4.615570815e-05
9.275627507e-06
1.857749759e-06
6.356915489e-07
4.685325034e-07
4.468433146e-07
4.406336581e-07
4.356372317e-07
4.269479633e-07
4.073741385e-07
3.693942728e-07
3.40965939e-07
3.243203203e-07
3.151848798e-07
3.097953323e-07
3.06522418e-07
3.041604025e-07
3.024978957e-07
3.009512781e-07
3.002633108e-07
2.982327386e-07
2.981921125e-07
2.970901578e-07
2.972828054e-07
2.97035635e-07
2.977624286e-07
2.994475967e-07
3.029884253e-07
3.102081909e-07
3.23453865e-07
3.505026988e-07
4.337414958e-07
5.718654399e-05
0.0001023169678
0.0001907345401
0.0003714214882
0.0006264700609
0.001234832783
0.001984250578
0.003028228616
0.003689506982
0.003815722306
0.003978219618
0.003635461798
0.002535859094
0.0008190674988
0.0001851693146
5.146327675e-05
1.287770573e-05
3.026742831e-06
8.824921057e-07
5.060543865e-07
4.485162189e-07
4.360877919e-07
4.270857159e-07
4.102842069e-07
3.718776872e-07
3.41890751e-07
3.245793549e-07
3.148961495e-07
3.094224155e-07
3.056310789e-07
3.031786615e-07
3.018188761e-07
2.999880353e-07
2.989442724e-07
2.971256674e-07
2.972864047e-07
2.96164346e-07
2.960577314e-07
2.957010163e-07
2.964634271e-07
2.982325205e-07
3.0170064e-07
3.087645337e-07
3.217437768e-07
3.482552504e-07
4.300250068e-07
6.796110396e-06
1.290878286e-05
2.715050518e-05
5.854652138e-05
0.0001199978208
0.0002280428269
0.0004547081812
0.0007375104613
0.001276686851
0.001984800478
0.002438272049
0.002671749944
0.002452050805
0.001905429497
0.0009568286953
0.000278285795
8.407774926e-05
1.95620247e-05
5.106738718e-06
1.447661516e-06
6.217005613e-07
4.627322638e-07
4.30684889e-07
4.120991248e-07
3.757491148e-07
3.446011421e-07
3.25274936e-07
3.146613351e-07
3.083295668e-07
3.048146744e-07
3.020907638e-07
3.000843926e-07
2.985306344e-07
2.978804009e-07
2.956383353e-07
2.954113447e-07
2.943409727e-07
2.945581985e-07
2.942988339e-07
2.948857057e-07
2.964286277e-07
2.997908427e-07
3.067318243e-07
3.194902987e-07
3.455298223e-07
4.262563453e-07
7.532618733e-07
9.355078726e-07
1.379816172e-06
2.575289165e-06
5.835522368e-06
1.413508507e-05
3.325969341e-05
7.439499935e-05
0.0001469368684
0.0002564958887
0.0005037844995
0.0007727588814
0.001213649699
0.001647637577
0.001631109318
0.001409949907
0.0009464094139
0.0003810571195
0.0001050444691
2.592258767e-05
7.787619593e-06
2.585460179e-06
9.180415403e-07
5.184726113e-07
4.303431305e-07
3.802845026e-07
3.466304499e-07
3.25953544e-07
3.13988324e-07
3.075723461e-07
3.028656843e-07
3.001487535e-07
2.987731924e-07
2.965346031e-07
2.952379248e-07
2.936068745e-07
2.937636487e-07
2.926250885e-07
2.923218096e-07
2.91953163e-07
2.926995433e-07
2.944667955e-07
2.978094681e-07
3.046310829e-07
3.171599443e-07
3.427042435e-07
4.214195073e-07
4.656626378e-07
4.772915979e-07
4.991534296e-07
5.59165053e-07
7.426866284e-07
1.31383684e-06
3.014458403e-06
7.689796466e-06
1.8857676e-05
4.240459122e-05
8.685288706e-05
0.0001703554858
0.0002812229363
0.0004959499071
0.0007453528561
0.0009908591484
0.0008981990263
0.0007569145583
0.000474171398
0.0001649532707
5.902774694e-05
1.785329182e-05
5.406076096e-06
1.692405855e-06
7.035125613e-07
4.469296202e-07
3.643579605e-07
3.281838842e-07
3.137475389e-07
3.05152571e-07
3.01431487e-07
2.978150771e-07
2.951991831e-07
2.938229435e-07
2.932460645e-07
2.905613665e-07
2.900003253e-07
2.891173577e-07
2.894992675e-07
2.893052293e-07
2.89730466e-07
2.911280933e-07
2.943494783e-07
3.010427728e-07
3.133059535e-07
3.382291139e-07
4.146591831e-07
4.096289513e-07
4.105332869e-07
4.115061598e-07
4.131387746e-07
4.152192414e-07
4.25554897e-07
4.506186277e-07
5.357427172e-07
8.208188185e-07
1.700237309e-06
4.167585764e-06
1.034247918e-05
2.437318816e-05
5.163166622e-05
9.472885448e-05
0.000182646366
0.0002797014324
0.0004748526673
0.000586071893
0.0005409709798
0.0004226685956
0.0002353558782
7.129511869e-05
2.694777581e-05
8.106520631e-06
2.991318234e-06
1.11412475e-06
5.381786808e-07
3.72168192e-07
3.220564032e-07
3.047684098e-07
2.969077719e-07
2.944235641e-07
2.927962324e-07
2.894348551e-07
2.877541402e-07
2.868640227e-07
2.869597411e-07
2.856624282e-07
2.849602258e-07
2.846289192e-07
2.854637742e-07
2.873030967e-07
2.905040224e-07
2.9698038e-07
3.088267294e-07
3.328431044e-07
4.055736439e-07
3.533009667e-07
3.538627643e-07
3.543755257e-07
3.552264199e-07
3.559835188e-07
3.572244436e-07
3.590874168e-07
3.619574821e-07
3.785652598e-07
4.201792565e-07
5.619138173e-07
1.010168994e-06
2.309401784e-06
5.687243761e-06
1.33270972e-05
2.982443768e-05
5.750543315e-05
9.96883744e-05
0.0001720868784
0.000280483334
0.0003425942582
0.0003145711029
0.0002450016682
0.0001311188507
4.053373756e-05
1.644846319e-05
5.533852869e-06
1.993036259e-06
8.129041703e-07
4.412777231e-07
3.316926974e-07
2.999950643e-07
2.889862909e-07
2.846819161e-07
2.851768594e-07
2.841666591e-07
2.802213872e-07
2.791882676e-07
2.789114973e-07
2.796265118e-07
2.794946498e-07
2.795354393e-07
2.806606251e-07
2.836278759e-07
2.898684686e-07
3.012161841e-07
3.240829136e-07
3.936136458e-07
3.109553428e-07
3.111710515e-07
3.114082337e-07
3.117300773e-07
3.120826962e-07
3.125634225e-07
3.131038048e-07
3.137978821e-07
3.149312279e-07
3.160239934e-07
3.256287742e-07
3.459125091e-07
4.160350147e-07
6.436256207e-07
1.311179713e-06
3.118302229e-06
7.290963409e-06
1.616588155e-05
3.1293751e-05
6.172486859e-05
9.382323769e-05
0.0001630189899
0.0002007653691
0.0001853725892
0.0001432516658
7.663938492e-05
2.333391385e-05
9.570948968e-06
3.488304149e-06
1.344227812e-06
6.222375015e-07
3.81580093e-07
3.066657306e-07
2.835943067e-07
2.740864418e-07
2.736435692e-07
2.746815897e-07
2.7403517e-07
2.720539218e-07
2.704959252e-07
2.703775763e-07
2.7162914e-07
2.734950066e-07
2.764348199e-07
2.822745595e-07
2.928608276e-07
3.140493103e-07
3.821816772e-07
2.82281064e-07
2.823374705e-07
2.824019329e-07
2.824860057e-07
2.82582018e-07
2.827081744e-07
2.828536732e-07
2.83044975e-07
2.832701309e-07
2.835791122e-07
2.838595809e-07
2.853400902e-07
2.884691904e-07
2.984226645e-07
3.327529414e-07
4.465795716e-07
7.845207631e-07
1.711862605e-06
3.898667345e-06
8.900714349e-06
1.783353633e-05
3.208646771e-05
5.530898339e-05
8.967869923e-05
0.0001172940181
0.0001089088395
8.639103159e-05
4.732198386e-05
1.425853188e-05
5.603273954e-06
2.342553284e-06
1.040609041e-06
5.386507806e-07
3.522922544e-07
2.871525203e-07
2.655828729e-07
2.590500315e-07
2.591574143e-07
2.600382185e-07
2.614855271e-07
2.61128341e-07
2.600625921e-07
2.608227779e-07
2.633481617e-07
2.687946616e-07
2.785400638e-07
2.977598365e-07
3.586942335e-07
2.650149745e-07
2.650285192e-07
2.650449272e-07
2.650649887e-07
2.650893137e-07
2.651191318e-07
2.65155437e-07
2.652001872e-07
2.652550608e-07
2.653235543e-07
2.654076147e-07
2.655186548e-07
2.656550154e-07
2.660259753e-07
2.665504621e-07
2.72356419e-07
2.887721504e-07
3.445272274e-07
5.136355103e-07
9.931729236e-07
2.162542211e-06
4.748240911e-06
9.734502006e-06
1.869932459e-05
2.902736903e-05
5.100738266e-05
6.78055968e-05
6.375754752e-05
5.219623817e-05
2.698150825e-05
1.116061211e-05
4.410437738e-06
1.72101528e-06
7.487516792e-07
4.009895396e-07
2.945870238e-07
2.551078657e-07
2.507913213e-07
2.463462615e-07
2.43708411e-07
2.446967872e-07
2.47268425e-07
2.490098429e-07
2.513642081e-07
2.561687157e-07
2.646855453e-07
2.813264528e-07
3.360916708e-07
2.363852412e-07
2.363893343e-07
2.363931709e-07
2.363995176e-07
2.364049839e-07
2.364141685e-07
2.364220116e-07
2.36435449e-07
2.364469219e-07
2.364668096e-07
2.364839913e-07
2.365140799e-07
2.365403895e-07
2.365902533e-07
2.36622216e-07
2.368185674e-07
2.370123577e-07
2.40243312e-07
2.486196767e-07
2.783303512e-07
3.722918457e-07
6.428497827e-07
1.338027565e-06
2.9529594e-06
5.876101224e-06
1.062141922e-05
2.006193173e-05
3.576605973e-05
4.424079028e-05
3.995411641e-05
2.681229295e-05
1.064076388e-05
3.87065106e-06
1.340715761e-06
6.118360259e-07
3.29172481e-07
2.556664134e-07
2.272067512e-07
2.30612538e-07
2.321776021e-07
2.286130007e-07
2.25636857e-07
2.261724458e-07
2.281503493e-07
2.323885412e-07
2.397686445e-07
2.537068772e-07
2.993427601e-07
2.209001759e-07
2.20907163e-07
2.209159743e-07
2.209259413e-07
2.209376593e-07
2.209507431e-07
2.209662087e-07
2.209834609e-07
2.210038511e-07
2.210265716e-07
2.210534609e-07
2.210835529e-07
2.211192714e-07
2.211599022e-07
2.212082912e-07
2.212663468e-07
2.213324067e-07
2.214529142e-07
2.216205126e-07
2.228632086e-07
2.251524644e-07
2.496970618e-07
3.134180759e-07
5.039420944e-07
9.8211265e-07
2.056702859e-06
3.920933161e-06
8.479028633e-06
1.436292255e-05
2.94992044e-05
2.763382441e-05
2.191039773e-05
1.20465122e-05
3.865656249e-06
1.401543394e-06
6.198434548e-07
3.154218421e-07
2.267165933e-07
2.018327838e-07
1.971244639e-07
2.048764756e-07
2.101952439e-07
2.123173083e-07
2.144232124e-07
2.18312679e-07
2.246067067e-07
2.357555374e-07
2.755544399e-07
1.757060489e-07
1.75708869e-07
1.757122803e-07
1.757162812e-07
1.757209392e-07
1.757263714e-07
1.757326906e-07
1.757398215e-07
1.757477869e-07
1.757566416e-07
1.757664659e-07
1.757773722e-07
1.757895393e-07
1.758031714e-07
1.758187775e-07
1.758369257e-07
1.758583426e-07
1.758850719e-07
1.759195985e-07
1.759869851e-07
1.761466475e-07
1.77165684e-07
1.809300202e-07
1.944044762e-07
2.368581271e-07
3.570962129e-07
6.468957198e-07
1.38054292e-06
2.853396891e-06
6.311292425e-06
1.000479771e-05
1.457928316e-05
1.382298645e-05
1.113936676e-05
6.242663366e-06
3.024396325e-06
1.298946355e-06
5.580964769e-07
2.917746228e-07
2.052085699e-07
1.786337038e-07
1.726894593e-07
1.726284272e-07
1.739001176e-07
1.766295887e-07
1.811133321e-07
1.888293978e-07
2.135371314e-07
1.756846461e-07
1.756831066e-07
1.756812251e-07
1.756789385e-07
1.756761666e-07
1.756728584e-07
1.756688823e-07
2.221663461e-07
2.221576829e-07
2.221381118e-07
2.221151026e-07
2.220626402e-07
2.22029927e-07
2.219548674e-07
2.379790918e-07
2.379723967e-07
2.379417809e-07
2.379222317e-07
2.378752476e-07
2.378475002e-07
2.670883894e-07
2.670594801e-07
2.670247141e-07
2.66983215e-07
2.669336077e-07
2.855779647e-07
2.85492819e-07
2.854099532e-07
3.150024036e-07
3.147388301e-07
3.568359979e-07
0.02481670548
0.004268451249
0.0003269561848
6.363636354e-06
6.588910507e-07
4.631248822e-07
0.0220701363
0.005016316048
0.0006103048436
2.640598209e-05
1.418384881e-06
5.385688608e-07
4.340123558e-07
4.061062803e-07
3.916653004e-07
3.832594406e-07
3.78591964e-07
0.01829822134
0.004706618692
0.0006968725382
5.799940225e-05
3.845305805e-06
7.513963603e-07
4.856102206e-07
4.157278141e-07
3.979905403e-07
3.88285528e-07
3.824039897e-07
3.775672482e-07
3.753878506e-07
3.741426622e-07
0.0143827165
0.006332784554
0.001318838717
0.0001324012866
1.241983971e-05
1.269753553e-06
5.34772354e-07
4.43090989e-07
4.083404413e-07
3.930040531e-07
3.846298601e-07
3.811546407e-07
3.779794886e-07
3.762833351e-07
3.749991209e-07
3.739002512e-07
3.728967782e-07
0.01052152534
0.007283970604
0.001549089025
0.0002515574666
2.442602042e-05
3.030884163e-06
7.852556814e-07
4.868771904e-07
4.25079676e-07
4.033791856e-07
3.915287745e-07
3.830087939e-07
3.794043244e-07
3.774661376e-07
3.762329354e-07
3.755954746e-07
3.747184548e-07
3.737370604e-07
3.727489735e-07
0.008044515404
0.01326402286
0.002617464482
0.0003902300493
5.853868164e-05
5.87729614e-06
1.159844819e-06
5.850590766e-07
4.485162593e-07
4.151048495e-07
3.978664828e-07
3.899654221e-07
3.83827438e-07
3.809650686e-07
3.789365753e-07
3.776197071e-07
3.765776728e-07
3.755306132e-07
3.74661959e-07
3.731890921e-07
0.008686533013
0.01940743039
0.005565157189
0.0007651213673
7.774110603e-05
1.384593958e-05
1.970633774e-06
7.099499292e-07
5.077441156e-07
4.363592925e-07
4.104443794e-07
3.941205784e-07
3.869411399e-07
3.829413256e-07
3.812456652e-07
3.801983801e-07
3.791233917e-07
3.781913867e-07
3.773032844e-07
3.758468464e-07
3.742503104e-07
3.713432408e-07
0.00930375876
0.01899950147
0.0104736553
0.002004864369
0.0003930635468
1.460832899e-05
3.703012259e-06
1.141059342e-06
5.242336214e-07
4.63239544e-07
4.259968808e-07
4.081185248e-07
3.948613257e-07
3.888882089e-07
3.852057565e-07
3.833713303e-07
3.82057103e-07
3.808182192e-07
3.800366877e-07
3.788041753e-07
3.770901815e-07
3.745889723e-07
3.708698024e-07
0.009232915081
0.01663635963
0.01301791117
0.005804526975
0.001114117998
0.0002185536469
2.683238311e-05
3.957793123e-06
1.096434458e-06
5.824439256e-07
4.561644516e-07
4.189361198e-07
4.031950836e-07
3.935446954e-07
3.899906511e-07
3.875012988e-07
3.857898765e-07
3.847372661e-07
3.837979166e-07
3.825484551e-07
3.813247853e-07
3.788275385e-07
3.757216094e-07
3.698254157e-07
0.008120731586
0.01342618311
0.01250056011
0.009209473126
0.00340201762
0.0006288461065
0.0001184469972
2.087929943e-05
3.917689611e-06
7.629593926e-07
5.508768444e-07
4.533511212e-07
4.173896171e-07
4.040494887e-07
3.962250316e-07
3.931162377e-07
3.908187921e-07
3.888269806e-07
3.879558935e-07
3.868941533e-07
3.85485553e-07
3.835889317e-07
3.803978653e-07
3.750121087e-07
3.665829973e-07
3.49663569e-07
0.006841713828
0.01119342577
0.01145096549
0.01029751178
0.006881350239
0.002122707873
0.0004121941216
9.793264417e-05
1.888795865e-05
4.123965894e-06
8.098665354e-07
5.496456074e-07
4.460672018e-07
4.188867661e-07
4.063793072e-07
3.998663638e-07
3.96509776e-07
3.946109464e-07
3.930515695e-07
3.918639698e-07
3.91013141e-07
3.891488032e-07
3.868327277e-07
3.817599557e-07
3.737338545e-07
3.547992704e-07
3.338620988e-07
0.00565298569
0.009425517239
0.01004330008
0.009989370089
0.008618789032
0.004713909468
0.001333368231
0.0002183157564
5.310539e-05
1.129414654e-05
3.00455635e-06
7.377758097e-07
5.263612044e-07
4.363005057e-07
4.16060733e-07
4.076783054e-07
4.026363516e-07
3.993188031e-07
3.978124363e-07
3.964816577e-07
3.95347541e-07
3.94061259e-07
3.917623406e-07
3.873783068e-07
3.799284794e-07
3.591051911e-07
3.358675862e-07
3.243072942e-07
0.004754965367
0.008311687649
0.009163271437
0.009610583962
0.009062722455
0.00691451882
0.002657209686
0.0008675770364
0.0001236666747
2.844529779e-05
6.22665737e-06
1.806484494e-06
6.138885429e-07
4.809987893e-07
4.250149931e-07
4.138885812e-07
4.082447534e-07
4.045367703e-07
4.02034078e-07
4.005804176e-07
3.997573866e-07
3.984367761e-07
3.968262218e-07
3.927853852e-07
3.859994429e-07
3.63878048e-07
3.380493037e-07
3.247751195e-07
3.179651073e-07
3.143923146e-07
0.004038905544
0.007498018648
0.008502272536
0.009180193267
0.009140029217
0.008068069812
0.004549120501
0.001344376977
0.0004113141132
6.684051326e-05
1.510226403e-05
2.851468866e-06
1.028947765e-06
5.195914742e-07
4.513975247e-07
4.222453789e-07
4.135625252e-07
4.085424974e-07
4.058845008e-07
4.040516236e-07
4.029702322e-07
4.02041645e-07
4.004431346e-07
3.969312097e-07
3.906057908e-07
3.679682626e-07
3.401608531e-07
3.257289693e-07
3.180432941e-07
3.141549655e-07
3.12156901e-07
0.003445335343
0.006839645502
0.007960924429
0.008799173854
0.009099848681
0.008526207212
0.006266493843
0.002388707244
0.000642961442
0.0001679599423
3.184036485e-05
7.859178962e-06
1.460096398e-06
6.798560253e-07
4.699319354e-07
4.338657461e-07
4.185668691e-07
4.126914025e-07
4.09103601e-07
4.071153699e-07
4.061257222e-07
4.051134027e-07
4.039894084e-07
4.007935575e-07
3.948052706e-07
3.722408869e-07
3.423652776e-07
3.264380984e-07
3.182112167e-07
3.138722352e-07
3.117098363e-07
0.002932222566
0.006285763211
0.00750520307
0.008471517156
0.00902988467
0.008844182796
0.007548621866
0.003681479707
0.001139192578
0.0002624252178
6.047825604e-05
1.179224766e-05
3.180692096e-06
8.62785679e-07
5.331066221e-07
4.438000597e-07
4.23377821e-07
4.159019583e-07
4.12029876e-07
4.096010422e-07
4.083805282e-07
4.075616804e-07
4.064659779e-07
4.036952467e-07
3.979344357e-07
3.756866509e-07
3.444562161e-07
3.275507865e-07
3.185814326e-07
3.138633249e-07
3.113720508e-07
3.101167223e-07
0.002520896167
0.005806694226
0.0070961701
0.008159156498
0.008898596188
0.009002341704
0.008190193448
0.005183174609
0.001700685969
0.0004590711297
0.0001006255723
2.667872526e-05
4.73538364e-06
1.326495389e-06
5.822757093e-07
4.661955491e-07
4.286588331e-07
4.190811504e-07
4.143754141e-07
4.11782414e-07
4.105479442e-07
4.096074119e-07
4.088106678e-07
4.062957474e-07
4.007167678e-07
3.78855817e-07
3.463409523e-07
3.283900762e-07
3.189186509e-07
3.139153627e-07
3.11178717e-07
3.09776891e-07
3.09146172e-07
0.002208548379
0.005407106172
0.006759902745
0.007904437288
0.008807183525
0.009118285122
0.008593599478
0.006453665951
0.002552302308
0.0007278615002
0.0001798649258
3.89131604e-05
8.478061648e-06
1.846049942e-06
7.346180509e-07
4.805700765e-07
4.360673933e-07
4.216797244e-07
4.164644908e-07
4.134984476e-07
4.120875293e-07
4.11259968e-07
4.104422209e-07
4.082293898e-07
4.0269511e-07
3.812446072e-07
3.479584128e-07
3.293217248e-07
3.193998716e-07
3.140313549e-07
3.110887742e-07
3.094679162e-07
3.088413076e-07
3.089981999e-07
0.001957942622
0.005022321416
0.006470759123
0.007671553122
0.00864431978
0.009168221142
0.008887723148
0.007486623333
0.003416137125
0.001038242251
0.0002678462683
7.353504712e-05
1.261651437e-05
2.595234579e-06
8.275136709e-07
5.17583324e-07
4.418893426e-07
4.242824176e-07
4.181681614e-07
4.14993731e-07
4.135237969e-07
4.126230519e-07
4.119908489e-07
4.099346389e-07
4.042679023e-07
3.833036756e-07
3.492702183e-07
3.299614234e-07
3.197233985e-07
3.141950412e-07
3.110924989e-07
3.093336173e-07
3.084330505e-07
3.085287797e-07
0.001758499635
0.004645722079
0.006200222094
0.007457897696
0.008495058417
0.009169134992
0.009112749474
0.008084584204
0.004428517836
0.001379911556
0.0003941699468
9.646724246e-05
2.247065384e-05
3.700270888e-06
1.096553436e-06
5.399984998e-07
4.521322712e-07
4.265008839e-07
4.196730705e-07
4.161620781e-07
4.145536756e-07
4.137265974e-07
4.13063135e-07
4.11218914e-07
4.05462602e-07
3.847875744e-07
3.503555158e-07
3.306032719e-07
3.20068796e-07
3.143342207e-07
3.111047958e-07
3.09208347e-07
3.082895831e-07
3.0821175e-07
3.080662427e-07
0.001599552
0.004316821018
0.005955945681
0.007263521799
0.008355889278
0.009146083466
0.009265696785
0.008452902889
0.00534702828
0.001794374415
0.000489940108
0.0001354552519
2.814424652e-05
4.934620929e-06
1.245257684e-06
5.933571115e-07
4.572915415e-07
4.285337188e-07
4.209068237e-07
4.171901017e-07
4.155137815e-07
4.146312131e-07
4.140892336e-07
4.123277165e-07
4.064387755e-07
3.860771418e-07
3.512301324e-07
3.310337104e-07
3.202922314e-07
3.144499338e-07
3.111253922e-07
3.091623648e-07
3.080301456e-07
3.079318241e-07
3.077084655e-07
0.001476118244
0.004043379597
0.00573954481
0.007089969522
0.008231646236
0.009119901508
0.009388722873
0.008740810066
0.006141620762
0.002215512105
0.0006169930422
0.0001639712032
4.058037636e-05
6.404443804e-06
1.610853724e-06
6.226662687e-07
4.684340823e-07
4.311160024e-07
4.219859022e-07
4.179982676e-07
4.162143794e-07
4.153707934e-07
4.147987001e-07
4.131777569e-07
4.072070223e-07
3.870012016e-07
3.519600415e-07
3.314641456e-07
3.205188374e-07
3.145431922e-07
3.111368815e-07
3.090906516e-07
3.079207931e-07
3.077424599e-07
3.074334311e-07
3.083864343e-07
0.001388077031
0.003832750496
0.005556867914
0.006935830841
0.008120324871
0.009078397638
0.009466664051
0.008938944141
0.006779692003
0.002643112744
0.0007455321798
0.0002037224378
4.572194766e-05
7.823551011e-06
1.790875601e-06
6.859922614e-07
4.738442099e-07
4.327130583e-07
4.228840444e-07
4.187023343e-07
4.168649371e-07
4.159765416e-07
4.154817842e-07
4.139059385e-07
4.078384597e-07
3.878239186e-07
3.52545626e-07
3.317527175e-07
3.206619921e-07
3.146180984e-07
3.11147646e-07
3.09058299e-07
3.07844886e-07
3.075668049e-07
3.072050932e-07
3.080982527e-07
0.001324483614
0.003674401348
0.005406282714
0.006801706681
0.008020345419
0.00902815934
0.009531215409
0.009127148141
0.007297899605
0.003027398069
0.0008594115304
0.0002266992659
5.588174191e-05
9.26524077e-06
2.181262873e-06
7.175876397e-07
4.8487869e-07
4.353741476e-07
4.236639327e-07
4.192586232e-07
4.173436275e-07
4.164760119e-07
4.159535233e-07
4.144328796e-07
4.083446069e-07
3.884118847e-07
3.530350215e-07
3.320404731e-07
3.208094294e-07
3.146733233e-07
3.111523615e-07
3.090063696e-07
3.077767478e-07
3.074420653e-07
3.070245366e-07
3.07845788e-07
0.001278772115
0.003541802683
0.00527898605
0.006690089617
0.007932935787
0.008979459156
0.009567959138
0.009284209496
0.007687280176
0.003383784276
0.0009732975501
0.0002617585856
6.028833755e-05
1.05911063e-05
2.360046583e-06
7.806504338e-07
4.899955404e-07
4.366877465e-07
4.243182442e-07
4.197377411e-07
4.177836012e-07
4.16884531e-07
4.164084283e-07
4.148758343e-07
4.087545233e-07
3.889484031e-07
3.534261332e-07
3.322336507e-07
3.209034853e-07
3.147186461e-07
3.111548317e-07
3.089815449e-07
3.076925468e-07
3.073244949e-07
3.068738212e-07
3.076575216e-07
0.001242938374
0.00343768931
0.005172900113
0.006595079199
0.007857688249
0.008936520708
0.009611943721
0.009409898658
0.007981937367
0.003708845523
0.001088384403
0.0002823691023
6.839429315e-05
1.187150294e-05
2.719049703e-06
8.099683725e-07
4.998753312e-07
4.389992444e-07
4.248830964e-07
4.201243831e-07
4.181104684e-07
4.172271008e-07
4.167282455e-07
4.152101446e-07
4.090964512e-07
3.893433162e-07
3.537672899e-07
3.324358172e-07
3.210061733e-07
3.147564328e-07
3.111553875e-07
3.089421902e-07
3.076415869e-07
3.072343131e-07
3.067413229e-07
3.074736533e-07
3.073250805e-07
0.001216290081
0.00335193109
0.005083636432
0.006514251902
0.007793236998
0.008898309415
0.009630124552
0.009503274556
0.008214244267
0.003993010274
0.001188027912
0.0003144888723
7.57483048e-05
1.306974e-05
2.878114537e-06
8.660065482e-07
5.043163094e-07
4.39917878e-07
4.253622929e-07
4.204608453e-07
4.184152958e-07
4.175158472e-07
4.170505419e-07
4.155122929e-07
4.093876492e-07
3.897336926e-07
3.54057388e-07
3.325814583e-07
3.210783426e-07
3.14792167e-07
3.111560626e-07
3.089201723e-07
3.075686324e-07
3.071353006e-07
3.066155165e-07
3.07312956e-07
3.069643723e-07
0.001194378564
0.003283958867
0.005009757507
0.006445502387
0.007738188832
0.008864859506
0.009643496438
0.009573401701
0.008382119235
0.004247724759
0.00127531694
0.000346791676
8.349557398e-05
1.416025254e-05
3.178762595e-06
8.905699221e-07
5.126217139e-07
4.41695456e-07
4.257772606e-07
4.207405062e-07
4.186460403e-07
4.177651424e-07
4.172855132e-07
4.157537507e-07
4.096472109e-07
3.900378744e-07
3.543309367e-07
3.327483854e-07
3.211656176e-07
3.148249182e-07
3.111566098e-07
3.088843041e-07
3.075214529e-07
3.070509823e-07
3.064865892e-07
3.071397371e-07
3.067614503e-07
0.003227935219
0.004948180378
0.006387034495
0.00769131182
0.008835949028
0.009653349602
0.009627026171
0.008508185175
0.004467478844
0.001354032111
0.0003758534133
9.068305496e-05
1.515098355e-05
3.302688849e-06
9.365335984e-07
5.162462112e-07
4.423875456e-07
4.261288287e-07
4.209830467e-07
4.188627706e-07
4.179781756e-07
4.175282789e-07
4.15977759e-07
4.098716844e-07
3.903516844e-07
3.54570076e-07
3.328718327e-07
3.212283779e-07
3.148565621e-07
3.111570161e-07
3.08864039e-07
3.074528356e-07
3.069568859e-07
3.063691985e-07
3.069823041e-07
3.066105748e-07
0.003183041316
0.004897311645
0.006337273596
0.007651496522
0.008811207913
0.009660416146
0.009668185454
0.008605212622
0.004653908994
0.001424927798
0.0004025537515
9.701776261e-05
1.594914956e-05
3.536846438e-06
9.55809249e-07
5.229213754e-07
4.437682189e-07
4.264337071e-07
4.211878648e-07
4.190287602e-07
4.181646243e-07
4.177076725e-07
4.16161824e-07
4.100777762e-07
3.906000426e-07
3.548019304e-07
3.330174159e-07
3.213060817e-07
3.148861052e-07
3.111574561e-07
3.088301082e-07
3.074084079e-07
3.068759414e-07
3.062403549e-07
3.068165627e-07
3.064780992e-07
3.081364209e-07
0.003145986162
0.004854664168
0.006294724406
0.007617762353
0.00879021187
0.009665228727
0.009701997776
0.008680808723
0.004810222321
0.001487337987
0.0004194744755
9.762966e-05
1.678492424e-05
3.628079881e-06
9.920092278e-07
5.258189071e-07
4.443343202e-07
4.266910655e-07
4.21365848e-07
4.191871487e-07
4.183262385e-07
4.178985243e-07
4.163360535e-07
4.102574633e-07
3.90865206e-07
3.550088231e-07
3.331270628e-07
3.213632535e-07
3.149155146e-07
3.111579696e-07
3.088108242e-07
3.073425434e-07
3.067850966e-07
3.061297357e-07
3.066604422e-07
3.061770816e-07
3.078852239e-07
0.003116189778
0.004818588939
0.006258177052
0.007589268199
0.008772513984
0.009668562954
0.009729743941
0.008740711018
0.00494130755
0.001540914331
0.0004239135179
9.92269853e-05
1.732772038e-05
3.806876228e-06
1.007309198e-06
5.310962651e-07
4.454415451e-07
4.269163201e-07
4.215192729e-07
4.193108109e-07
4.184696568e-07
4.180418211e-07
4.164834203e-07
4.104281467e-07
3.910783737e-07
3.552146407e-07
3.332595694e-07
3.214354075e-07
3.14943356e-07
3.111585978e-07
3.087784188e-07
3.072999527e-07
3.067062496e-07
3.060021395e-07
3.064999846e-07
3.058303004e-07
3.076317646e-07
0.00309008994
0.004786832944
0.006226532926
0.007565169668
0.008757643675
0.009670896069
0.009752507231
0.008788840603
0.005051223098
0.001586241973
0.0004280474348
0.0001013942905
1.786250035e-05
3.878058809e-06
1.03584978e-06
5.334514136e-07
4.459539958e-07
4.271076449e-07
4.216546755e-07
4.194315443e-07
4.185958145e-07
4.181986441e-07
4.166257208e-07
4.105799204e-07
3.913128787e-07
3.554017181e-07
3.333611228e-07
3.214894809e-07
3.149715736e-07
3.11159373e-07
3.087600075e-07
3.072359624e-07
3.066178055e-07
3.058937087e-07
3.063462437e-07
3.056326047e-07
3.07381217e-07
3.079687645e-07
0.003067449098
0.004757476106
0.006198876656
0.007544684914
0.008745217851
0.009672514705
0.009771174528
0.008827754607
0.00514321985
0.001624507669
0.0004380426858
0.0001048582113
1.829416448e-05
4.015946087e-06
1.048658766e-06
5.376697736e-07
4.468291711e-07
4.272769995e-07
4.217743163e-07
4.195281434e-07
4.187096238e-07
4.183182231e-07
4.167492952e-07
4.107274735e-07
3.915040891e-07
3.555918905e-07
3.334860685e-07
3.21558549e-07
3.149986024e-07
3.111603561e-07
3.087287771e-07
3.071947038e-07
3.065403919e-07
3.057713586e-07
3.061890919e-07
3.055712585e-07
3.071348667e-07
3.07679274e-07
0.004729123249
0.00617327537
0.007525873143
0.008734825291
0.009673228524
0.009786411733
0.00885918061
0.005220012618
0.00165689471
0.0004484719835
0.0001089976875
1.867942289e-05
4.075001048e-06
1.070682487e-06
5.396099615e-07
4.472466831e-07
4.274238068e-07
4.218817486e-07
4.196249021e-07
4.18811296e-07
4.184524492e-07
4.168706799e-07
4.108598576e-07
3.917197371e-07
3.557674615e-07
3.33583394e-07
3.216112665e-07
3.150264292e-07
3.111615548e-07
3.087111027e-07
3.071319725e-07
3.064538513e-07
3.056603593e-07
3.060368129e-07
3.053175908e-07
3.068848203e-07
3.073683084e-07
0.00470089784
0.006146987931
0.007506221761
0.008725018231
0.009672558437
0.009798906635
0.008884570052
0.005283916924
0.001684435718
0.000458476774
0.000112501338
1.902935667e-05
4.182604513e-06
1.079495511e-06
5.419973893e-07
4.479359981e-07
4.27554887e-07
4.219782039e-07
4.197043189e-07
4.189050148e-07
4.185561299e-07
4.169784973e-07
4.109920957e-07
3.918976558e-07
3.559490089e-07
3.337045232e-07
3.216790414e-07
3.150533085e-07
3.111627867e-07
3.086808866e-07
3.070917161e-07
3.063774239e-07
3.055439594e-07
3.058811114e-07
3.051009109e-07
3.066189858e-07
3.070074646e-07
3.091040879e-07
0.004670484303
0.006118107962
0.007483698444
0.008712663084
0.009669476106
0.009809233744
0.008905155842
0.005336948057
0.001707672943
0.0004671556963
0.0001150801533
1.93532029e-05
4.236216696e-06
1.087900317e-06
5.436348231e-07
4.482666011e-07
4.276724353e-07
4.220655026e-07
4.197859203e-07
4.189900401e-07
4.186751634e-07
4.170858959e-07
4.111116517e-07
3.921021675e-07
3.56118564e-07
3.33800143e-07
3.217316159e-07
3.150812705e-07
3.111642434e-07
3.086638686e-07
3.070298676e-07
3.062923794e-07
3.054340627e-07
3.057318604e-07
3.049299448e-07
3.063850302e-07
3.066934227e-07
3.087232977e-07
0.004637743272
0.00608617927
0.007457335875
0.008696128555
0.009662346152
0.009816421487
0.008921851986
0.005380789388
0.001727580714
0.00047501634
0.0001170195056
1.966081927e-05
4.299397626e-06
1.096132714e-06
5.45143732e-07
4.488217172e-07
4.277778648e-07
4.221441838e-07
4.198544134e-07
4.190703643e-07
4.187678888e-07
4.171831418e-07
4.112339482e-07
3.922723016e-07
3.562960566e-07
3.339199035e-07
3.21799256e-07
3.151084153e-07
3.111657788e-07
3.086345366e-07
3.069904069e-07
3.062167268e-07
3.053159911e-07
3.055743692e-07
3.047468598e-07
3.06104135e-07
3.063948633e-07
3.083488164e-07
3.102419486e-07
0.00460421756
0.006052109421
0.007427690164
0.008674959111
0.009651153481
0.009817841404
0.00893470022
0.005417321299
0.001743924701
0.0004801564614
0.0001186363882
1.99603831e-05
4.368348273e-06
1.104210387e-06
5.465258362e-07
4.490872611e-07
4.278780967e-07
4.222154647e-07
4.199259929e-07
4.191435711e-07
4.188756897e-07
4.172802919e-07
4.113440179e-07
3.92468981e-07
3.564617054e-07
3.34014658e-07
3.218519611e-07
3.151365969e-07
3.111680678e-07
3.086182994e-07
3.069297813e-07
3.061336778e-07
3.052016362e-07
3.054320836e-07
3.045731744e-07
3.058390256e-07
3.06119861e-07
3.079728886e-07
3.09755863e-07
0.004571884288
0.006017550305
0.007396737129
0.008651533688
0.009637202554
0.009815513806
0.008942008692
0.005448039823
0.001759155347
0.0004840905913
0.0001198981513
2.026284041e-05
4.452166237e-06
1.112166312e-06
5.477974973e-07
4.495323975e-07
4.279645553e-07
4.222787908e-07
4.199865009e-07
4.192137586e-07
4.189591738e-07
4.173685883e-07
4.114569129e-07
3.926280447e-07
3.566309575e-07
3.341300124e-07
3.219175191e-07
3.151629333e-07
3.111696021e-07
3.085899631e-07
3.068914997e-07
3.060600546e-07
3.051024572e-07
3.052754431e-07
3.043853518e-07
3.055383574e-07
3.056644197e-07
3.076067868e-07
3.093315458e-07
3.128499923e-07
0.004542672841
0.005984744641
0.00736739977
0.008629472678
0.009623255016
0.009810831507
0.008945564877
0.005473735056
0.001765862799
0.0004864836197
0.0001203409565
2.058481377e-05
4.516667927e-06
1.119941166e-06
5.489732466e-07
4.497565049e-07
4.280671247e-07
4.223372611e-07
4.200512648e-07
4.192786965e-07
4.190586286e-07
4.174578913e-07
4.115579142e-07
3.92812267e-07
3.567867802e-07
3.342199051e-07
3.219679645e-07
3.151898328e-07
3.111716352e-07
3.085736431e-07
3.068313766e-07
3.059782241e-07
3.049663009e-07
3.051346453e-07
3.042079654e-07
3.052424352e-07
3.05385511e-07
3.072369108e-07
3.088530299e-07
3.122610911e-07
0.004507861081
0.005943194375
0.007330129759
0.008602469145
0.009607961097
0.009807036393
0.008950266969
0.005512608797
0.001754897379
0.0004853420526
0.0001189890189
2.103523369e-05
4.573315302e-06
1.128220409e-06
5.501392732e-07
4.500328089e-07
4.281434804e-07
4.223900917e-07
4.201068289e-07
4.193427557e-07
4.191363098e-07
4.175411975e-07
4.116648786e-07
3.92961686e-07
3.569487469e-07
3.3433154e-07
3.220317682e-07
3.152151631e-07
3.111722937e-07
3.085451635e-07
3.067931122e-07
3.059048835e-07
3.048481328e-07
3.049848157e-07
3.04022064e-07
3.050151175e-07
3.050747853e-07
3.06872316e-07
3.084316861e-07
3.117226363e-07
3.165752352e-07
0.00425195927
0.005730212963
0.007151654935
0.0084653067
0.009551704681
0.009799557216
0.009026068379
0.005803573798
0.001892784577
0.0005110798299
0.0001266039494
2.260467159e-05
4.78402419e-06
1.165695382e-06
5.553683969e-07
4.506583397e-07
4.283015262e-07
4.224411846e-07
4.20163363e-07
4.193987567e-07
4.19223451e-07
4.176212297e-07
4.117564546e-07
3.931333464e-07
3.570952683e-07
3.344169886e-07
3.220802123e-07
3.152409614e-07
3.111751961e-07
3.085285976e-07
3.067330407e-07
3.05823888e-07
3.047183227e-07
3.048379625e-07
3.038443601e-07
3.048353762e-07
3.048497379e-07
3.065068921e-07
3.079560476e-07
3.11138344e-07
3.159094493e-07
3.236365099e-07
0.004104018856
0.005612606011
0.007051153709
0.008386621321
0.009511703229
0.009795496401
0.009062060202
0.006000244974
0.001996287732
0.0005375470581
0.0001316202732
2.40671133e-05
5.033106174e-06
1.202448641e-06
5.604108928e-07
4.516556691e-07
4.284755153e-07
4.225248486e-07
4.202266347e-07
4.194564302e-07
4.192967085e-07
4.177174811e-07
4.118996532e-07
3.933905015e-07
3.573510596e-07
3.345746515e-07
3.221646289e-07
3.152759748e-07
3.111791926e-07
3.085033369e-07
3.066967368e-07
3.057522801e-07
3.046090361e-07
3.046787573e-07
3.03660463e-07
3.045869051e-07
3.046942456e-07
3.061462097e-07
3.075377804e-07
3.106036075e-07
3.15163833e-07
3.226615693e-07
3.354769674e-07
0.003987896447
0.005530988509
0.006981180771
0.008332239485
0.009480775223
0.009793842924
0.009089702882
0.006154669907
0.002093507149
0.000566053607
0.0001387021646
2.569436376e-05
5.264252229e-06
1.247099524e-06
5.667721828e-07
4.524082634e-07
4.286221403e-07
4.225719798e-07
4.202781994e-07
4.195079864e-07
4.193781598e-07
4.177931667e-07
4.119892776e-07
3.935494545e-07
3.574909105e-07
3.346574605e-07
3.22211993e-07
3.153011765e-07
3.111820204e-07
3.084864929e-07
3.066366311e-07
3.056717792e-07
3.044999467e-07
3.045585659e-07
3.034831282e-07
3.043628154e-07
3.043109622e-07
3.057797464e-07
3.070648682e-07
3.100236866e-07
3.14505111e-07
3.21830574e-07
3.343656178e-07
3.562494467e-07
0.003889411116
0.005479613137
0.006940232658
0.008300689174
0.009464382947
0.009796141676
0.009116239361
0.006291249191
0.002193595809
0.0005994425409
0.0001466880314
2.761194476e-05
5.68384482e-06
1.293353438e-06
5.729977134e-07
4.538696647e-07
4.288952401e-07
4.22659078e-07
4.203417365e-07
4.195657922e-07
4.194464188e-07
4.178883077e-07
4.121332831e-07
3.938017305e-07
3.577442516e-07
3.348144153e-07
3.222957806e-07
3.153355754e-07
3.1118645e-07
3.084609142e-07
3.066002824e-07
3.056002059e-07
3.043912037e-07
3.043744031e-07
3.032968821e-07
3.040961354e-07
3.038686551e-07
3.054214739e-07
3.066494214e-07
3.094924455e-07
3.137644426e-07
3.208640704e-07
3.330963298e-07
3.544933594e-07
3.973438681e-07
5.157999595e-07
0.00382334517
0.005486496364
0.006951459376
0.008312483651
0.009473262094
0.009809013476
0.009127030154
0.006296381335
0.002195257343
0.0005979808096
0.0001462876375
2.786606037e-05
5.689430423e-06
1.29916657e-06
5.739011177e-07
4.539507617e-07
4.289539548e-07
4.227111315e-07
4.203978406e-07
4.196222754e-07
4.195331692e-07
4.179668587e-07
4.122282435e-07
3.939569652e-07
3.578831777e-07
3.348963583e-07
3.223431145e-07
3.153605775e-07
3.111862562e-07
3.084435682e-07
3.065396045e-07
3.055195888e-07
3.042818985e-07
3.042454703e-07
3.031215033e-07
3.038784359e-07
3.035487794e-07
3.050573509e-07
3.061785875e-07
3.089161401e-07
3.131121874e-07
3.200433811e-07
3.320021537e-07
3.529405598e-07
3.948425976e-07
5.110768114e-07
0.003763579362
0.005485012073
0.006966672398
0.008331019173
0.009482231457
0.009816254699
0.009130076965
0.006296962862
0.002195824532
0.0005963991422
0.0001457153242
2.802185577e-05
5.700547613e-06
1.302876737e-06
5.7439377e-07
4.540642545e-07
4.290198765e-07
4.227463141e-07
4.204530526e-07
4.196875662e-07
4.196066915e-07
4.180503785e-07
4.123291343e-07
3.940877689e-07
3.580282727e-07
3.350000265e-07
3.224024592e-07
3.153828739e-07
3.111856411e-07
3.084137523e-07
3.065009377e-07
3.054462371e-07
3.04173042e-07
3.040804818e-07
3.029302986e-07
3.036250829e-07
3.034453364e-07
3.047012475e-07
3.057655421e-07
3.083881466e-07
3.123763182e-07
3.190852827e-07
3.307477175e-07
3.512129689e-07
3.921772958e-07
5.064301194e-07
0.003698402854
0.005482835907
0.006980344992
0.008349783174
0.00948974991
0.009822989918
0.009132433854
0.006296618219
0.002196143101
0.0005947006009
0.0001448762405
2.806516245e-05
5.709392428e-06
1.305412982e-06
5.749573705e-07
4.541658782e-07
4.290923822e-07
4.228169564e-07
4.205230999e-07
4.197571966e-07
4.197006403e-07
4.181341931e-07
4.124300156e-07
3.94245812e-07
3.581684407e-07
3.350821559e-07
3.22449705e-07
3.154073797e-07
3.111846027e-07
3.083955454e-07
3.064391528e-07
3.053649169e-07
3.040813688e-07
3.039042918e-07
3.027580685e-07
3.034182482e-07
3.031291704e-07
3.043357732e-07
3.052962428e-07
3.07814894e-07
3.117301087e-07
3.182744213e-07
3.296700799e-07
3.496909236e-07
3.897438254e-07
5.01859156e-07
0.003638448681
0.005483488608
0.006999848746
0.008374480533
0.009500099151
0.009832487144
0.009136334488
0.006297257451
0.002196612322
0.0005923285234
0.0001435780661
2.808694378e-05
5.703939693e-06
1.307418931e-06
5.753876837e-07
4.542774284e-07
4.291732443e-07
4.228622293e-07
4.205905606e-07
4.198368606e-07
4.197872469e-07
4.182271629e-07
4.125373138e-07
3.943760758e-07
3.583144141e-07
3.351867304e-07
3.225091589e-07
3.154290013e-07
3.111831187e-07
3.083647934e-07
3.063999585e-07
3.052905948e-07
3.039987687e-07
3.037371912e-07
3.025641824e-07
3.031684303e-07
3.027922321e-07
3.039789655e-07
3.048854377e-07
3.072894616e-07
3.109984037e-07
3.173238269e-07
3.284292307e-07
3.479898826e-07
3.871392396e-07
4.973609548e-07
0.003600862809
0.005488373109
0.007026193941
0.00840685663
0.009513014588
0.009844808799
0.009141676659
0.006297780772
0.002197031096
0.0005898494722
0.0001421457483
2.809433228e-05
5.697027493e-06
1.308905388e-06
5.75776828e-07
4.543851328e-07
4.292696103e-07
4.229633095e-07
4.206831138e-07
4.19927396e-07
4.199043961e-07
4.18323733e-07
4.126476581e-07
3.945386111e-07
3.584564602e-07
3.35269348e-07
3.225565281e-07
3.154531366e-07
3.111811084e-07
3.083455842e-07
3.063367381e-07
3.052080874e-07
3.039181095e-07
3.035516149e-07
3.023931207e-07
3.029603589e-07
3.02382381e-07
3.036132835e-07
3.044172926e-07
3.067190104e-07
3.10358031e-07
3.165225089e-07
3.273677099e-07
3.464977551e-07
3.847712564e-07
4.92934901e-07
0.003614851821
0.005506993686
0.00706691336
0.008451428116
0.009531347899
0.009861406693
0.009149044738
0.006298332341
0.002197047378
0.00058756471
0.0001409187838
2.808263643e-05
5.687514197e-06
1.309002748e-06
5.762230274e-07
4.545342784e-07
4.293855278e-07
4.230303222e-07
4.20777021e-07
4.200362706e-07
4.200150051e-07
4.18435661e-07
4.12768017e-07
3.94673973e-07
3.586074876e-07
3.353774993e-07
3.226172852e-07
3.154743847e-07
3.111784875e-07
3.083132505e-07
3.062964192e-07
3.051322049e-07
3.037583988e-07
3.033880188e-07
3.021958278e-07
3.027049764e-07
3.020350922e-07
3.032581095e-07
3.04008637e-07
3.061949501e-07
3.096297244e-07
3.155786021e-07
3.261395473e-07
3.448219909e-07
3.822246756e-07
4.885780475e-07
0.003702304316
0.005562454044
0.007131112735
0.008511534936
0.00955778603
0.009885177196
0.009160837823
0.006299367163
0.002197193044
0.0005854539371
0.0001400299274
2.803818759e-05
5.669538067e-06
1.305728988e-06
5.767532271e-07
4.546875921e-07
4.295350676e-07
4.23194869e-07
4.209172892e-07
4.201697537e-07
4.20174438e-07
4.185570012e-07
4.128963284e-07
3.948521323e-07
3.587570362e-07
3.354630787e-07
3.226658595e-07
3.154986363e-07
3.111750895e-07
3.08292345e-07
3.062304746e-07
3.050475891e-07
3.036693018e-07
3.032269501e-07
3.020288112e-07
3.024909055e-07
3.018604161e-07
3.028949897e-07
3.035403621e-07
3.056261573e-07
3.089942464e-07
3.147858836e-07
3.250931411e-07
3.433584377e-07
3.799195402e-07
4.842898652e-07
0.003921717527
0.005682731823
0.007239101487
0.008602821125
0.009605586118
0.009923882211
0.009180421436
0.006303585121
0.002197405075
0.0005836294508
0.0001394677164
2.789352695e-05
5.60926948e-06
1.306162197e-06
5.769504755e-07
4.550016281e-07
4.297277975e-07
4.233079507e-07
4.210677528e-07
4.203391685e-07
4.2033422e-07
4.18707642e-07
4.130433663e-07
3.950022232e-07
3.589216816e-07
3.355802187e-07
3.227301889e-07
3.155198872e-07
3.111707056e-07
3.08257151e-07
3.061878265e-07
3.049681717e-07
3.03521377e-07
3.030869876e-07
3.0182738e-07
3.022280087e-07
3.016075488e-07
3.025413701e-07
3.031340341e-07
3.051006709e-07
3.082677548e-07
3.138470939e-07
3.238761116e-07
3.41706127e-07
3.77427918e-07
4.800673769e-07
0.004185174779
0.005875059216
0.007382449902
0.008709635053
0.00966556115
0.009975614706
0.009214622082
0.006311466436
0.00219955197
0.0005816421528
0.0001390406631
2.754826512e-05
5.53775688e-06
1.305970658e-06
5.771134986e-07
4.552851493e-07
4.299913667e-07
4.236047693e-07
4.213075439e-07
4.205610881e-07
4.205815876e-07
4.188796935e-07
4.132091921e-07
3.952142697e-07
3.590893156e-07
3.356733148e-07
3.227818932e-07
3.155447505e-07
3.111650135e-07
3.082332542e-07
3.06116563e-07
3.048787731e-07
3.03439325e-07
3.029331015e-07
3.016628526e-07
3.020074617e-07
3.014234663e-07
3.021754403e-07
3.026635319e-07
3.045309171e-07
3.076352869e-07
3.130612021e-07
3.228430865e-07
3.402691759e-07
3.751825826e-07
4.759100957e-07
0.004320484344
0.006067405495
0.007579858345
0.008888181841
0.009789433334
0.010079387
0.009279133465
0.006332706487
0.002203335448
0.0005802353386
0.0001386978177
2.713234591e-05
5.519294345e-06
1.303480176e-06
5.77166056e-07
4.560580484e-07
4.303473858e-07
4.238139924e-07
4.215776647e-07
4.208559526e-07
4.208400089e-07
4.191079685e-07
4.134100103e-07
3.953950707e-07
3.592831933e-07
3.358093662e-07
3.228539245e-07
3.155661915e-07
3.111575253e-07
3.081924549e-07
3.060691845e-07
3.047925093e-07
3.032867945e-07
3.027913165e-07
3.014608171e-07
3.017356884e-07
3.011153227e-07
3.018169244e-07
3.022570615e-07
3.040008708e-07
3.069075788e-07
3.121246326e-07
3.216344758e-07
3.386375254e-07
3.727422268e-07
4.718149573e-07
0.00445988077
0.006071430291
0.00777019017
0.009059054075
0.00994007657
0.01022437013
0.009424986827
0.006368677592
0.002215515232
0.000578462627
0.0001384304574
2.664547177e-05
5.509426542e-06
1.305632161e-06
5.785353259e-07
4.565949997e-07
4.308502563e-07
4.243847268e-07
4.220209412e-07
4.212587146e-07
4.212588246e-07
4.193778923e-07
4.136493625e-07
3.956743159e-07
3.594874841e-07
3.359174838e-07
3.229119414e-07
3.155921527e-07
3.11147535e-07
3.081629329e-07
3.059875095e-07
3.046935946e-07
3.031983707e-07
3.026247867e-07
3.011955877e-07
3.015064339e-07
3.008685707e-07
3.014410922e-07
3.017773366e-07
3.034277836e-07
3.062746037e-07
3.113423577e-07
3.206118232e-07
3.372241199e-07
3.70552889e-07
4.677814238e-07
0.005006374896
0.005878260415
0.0077528221
0.009442056218
0.01039225305
0.01064517515
0.009677661951
0.00647314691
0.002241364894
0.0005787671747
0.000138240198
2.654002822e-05
5.50739589e-06
1.307871666e-06
5.796432332e-07
4.581547215e-07
4.315465331e-07
4.24792914e-07
4.225421331e-07
4.218120683e-07
4.216995145e-07
4.197535276e-07
4.139514295e-07
3.959127942e-07
3.597377506e-07
3.360896456e-07
3.229985536e-07
3.156135551e-07
3.111356408e-07
3.081102284e-07
3.059308357e-07
3.045943882e-07
3.030266736e-07
3.024662655e-07
3.010771775e-07
3.012214097e-07
3.004942716e-07
3.010702759e-07
3.013641223e-07
3.028891063e-07
3.05540224e-07
3.104028841e-07
3.194069709e-07
3.356087297e-07
3.681590088e-07
4.638063702e-07
0.006463101089
0.006107324484
0.007439081759
0.009475875662
0.01097434596
0.01120484394
0.01003818979
0.006620947232
0.0023134098
0.0005829299996
0.0001386177029
2.652488475e-05
5.51754093e-06
1.312737332e-06
5.821028897e-07
4.592549097e-07
4.325546897e-07
4.25923385e-07
4.233929175e-07
4.225781468e-07
4.224250972e-07
4.201938382e-07
4.14319353e-07
3.963100021e-07
3.600033071e-07
3.362212361e-07
3.230659311e-07
3.156402832e-07
3.111203741e-07
3.080719189e-07
3.058295597e-07
3.044776541e-07
3.029229304e-07
3.022754224e-07
3.008622459e-07
3.00978526e-07
3.001968409e-07
3.006762534e-07
3.00865189e-07
3.023076189e-07
3.049010853e-07
3.096191669e-07
3.183900734e-07
3.34214497e-07
3.660209907e-07
4.598893484e-07
0.008153233013
0.007021422467
0.00716901521
0.009055908399
0.01105102959
0.0119970126
0.01068019785
0.007062112135
0.002439872458
0.0005950674247
0.0001405274387
2.6715952e-05
5.554108623e-06
1.324223421e-06
5.85902615e-07
4.625608623e-07
4.339036e-07
4.267346868e-07
4.244242449e-07
4.236507984e-07
4.23155917e-07
4.208132675e-07
4.147828644e-07
3.966296659e-07
3.603373946e-07
3.364482636e-07
3.231729587e-07
3.156584248e-07
3.110976309e-07
3.07996995e-07
3.057558497e-07
3.043554318e-07
3.027186745e-07
3.020935759e-07
3.005098636e-07
3.006679106e-07
2.997778212e-07
3.002855836e-07
3.004374744e-07
3.017531477e-07
3.041524052e-07
3.086697614e-07
3.171827515e-07
3.326097959e-07
3.636681571e-07
4.560273982e-07
0.008928745665
0.008416282558
0.007426103223
0.008136489963
0.01043662674
0.01198541492
0.0115747839
0.007660522912
0.002772253029
0.0006517454808
0.0001477259103
2.800727544e-05
5.723931107e-06
1.356625781e-06
5.93300191e-07
4.649270193e-07
4.362826866e-07
4.289924263e-07
4.26083424e-07
4.251308694e-07
4.243489307e-07
4.214812969e-07
4.153087209e-07
3.971859263e-07
3.606686222e-07
3.36596999e-07
3.232441199e-07
3.156799991e-07
3.110693955e-07
3.079397655e-07
3.05621019e-07
3.042089084e-07
3.025925334e-07
3.018710835e-07
3.000726215e-07
3.004017988e-07
2.994598271e-07
2.998659767e-07
2.999138791e-07
3.011527423e-07
3.035009942e-07
3.078793547e-07
3.161670237e-07
3.312306422e-07
3.615773636e-07
4.522209573e-07
0.008742639645
0.008794572897
0.008136828209
0.007685743267
0.008875442051
0.01122386675
0.01177678677
0.009442627893
0.003394284584
0.0007452522259
0.0001747520783
3.225241309e-05
6.252759511e-06
1.431276587e-06
6.081008762e-07
4.727029393e-07
4.389765701e-07
4.305924129e-07
4.281136418e-07
4.272105839e-07
4.255019497e-07
4.223848382e-07
4.159688703e-07
3.975419084e-07
3.610590107e-07
3.368674189e-07
3.233589509e-07
3.156763328e-07
3.110112663e-07
3.078283856e-07
3.055199015e-07
3.040517487e-07
3.023434899e-07
3.016594316e-07
2.999738497e-07
3.000604345e-07
2.99021677e-07
2.994519886e-07
2.994669166e-07
3.005779354e-07
3.02733713e-07
3.069164925e-07
3.149545101e-07
3.296344965e-07
3.592633824e-07
4.484672613e-07
0.007858053268
0.008408354476
0.0082283093
0.00758405989
0.00758362379
0.008964935565
0.01092656816
0.01016739481
0.00525123618
0.001387711251
0.0002510519543
4.657342036e-05
8.077906239e-06
1.651696725e-06
6.37851507e-07
4.773327951e-07
4.44670483e-07
4.356984422e-07
4.313669187e-07
4.297553042e-07
4.272996077e-07
4.232151422e-07
4.166041525e-07
3.982088285e-07
3.613587465e-07
3.36964689e-07
3.233933593e-07
3.156537666e-07
3.109501133e-07
3.077355781e-07
3.053346451e-07
3.038631308e-07
3.021880585e-07
3.013972069e-07
2.996815658e-07
2.997674746e-07
2.987025294e-07
2.990059107e-07
2.989166033e-07
2.999581023e-07
3.020703579e-07
3.061205327e-07
3.139417204e-07
3.282725392e-07
3.57224726e-07
4.44767405e-07
0.005946649229
0.006990758989
0.007543037478
0.007384256468
0.006907492134
0.007026654542
0.008278465203
0.009525123528
0.007851457402
0.00240309004
0.0005957713487
0.0001135620018
1.814191313e-05
2.85459307e-06
7.654669189e-07
5.015848025e-07
4.482555991e-07
4.377215883e-07
4.354935011e-07
4.32305183e-07
4.287462843e-07
4.244206412e-07
4.173996345e-07
3.985323728e-07
3.617893568e-07
3.372764094e-07
3.234932808e-07
3.156165902e-07
3.108241498e-07
3.075464558e-07
3.051760461e-07
3.036350832e-07
3.018505328e-07
3.01126588e-07
2.993280155e-07
2.993576019e-07
2.982237227e-07
2.985453383e-07
2.98429217e-07
2.993437952e-07
3.012647118e-07
3.051268394e-07
3.127096463e-07
3.266736676e-07
3.549443847e-07
4.411066531e-07
0.002940896171
0.004168763773
0.005355361453
0.006163668736
0.006259415732
0.006015678422
0.006086697857
0.006972703416
0.007454851973
0.0057282319
0.001530457301
0.0003973810532
7.816128753e-05
1.389737638e-05
2.298750158e-06
6.737058753e-07
4.727106854e-07
4.448477537e-07
4.371691865e-07
4.351449293e-07
4.313483875e-07
4.257220527e-07
4.183211697e-07
4.00238128e-07
3.627655173e-07
3.376487505e-07
3.236246065e-07
3.15604233e-07
3.106951782e-07
3.073485118e-07
3.047946362e-07
3.032664931e-07
3.015618039e-07
3.006611073e-07
2.987969617e-07
2.988998827e-07
2.977771399e-07
2.979244642e-07
2.97702595e-07
2.985711677e-07
3.004787674e-07
3.042263292e-07
3.116106573e-07
3.252512303e-07
3.528951943e-07
4.374479773e-07
0.0007661057911
0.001193291938
0.002043855947
0.003154838467
0.004241684664
0.004888937104
0.004971691897
0.004985742357
0.005444343067
0.005437737698
0.004207598799
0.00124274489
0.0003566030359
8.611881126e-05
1.82112544e-05
3.503559073e-06
8.857312127e-07
4.963891009e-07
4.4718159e-07
4.361817333e-07
4.321525505e-07
4.275468297e-07
4.198658708e-07
4.015890675e-07
3.651386898e-07
3.392264772e-07
3.242524083e-07
3.15664375e-07
3.10444306e-07
3.068920954e-07
3.044093692e-07
3.026883118e-07
3.007285743e-07
3.000291538e-07
2.981591043e-07
2.980334662e-07
2.968559281e-07
2.970944446e-07
2.968909691e-07
2.976219939e-07
2.993274377e-07
3.029123502e-07
3.100990222e-07
3.23425655e-07
3.504639379e-07
4.33765986e-07
0.0001386350626
0.0002467895278
0.000408088905
0.000769098072
0.001181969498
0.001999411653
0.002906148384
0.003523502229
0.003689462067
0.003887656409
0.003764260364
0.00309241022
0.001322767469
0.0003258879482
8.199214382e-05
2.423402261e-05
5.363325751e-06
1.37445914e-06
5.936641453e-07
4.59542261e-07
4.365784317e-07
4.282023062e-07
4.207851953e-07
4.050473319e-07
3.677323334e-07
3.404266211e-07
3.247521702e-07
3.157061116e-07
3.101763318e-07
3.064221408e-07
3.034577e-07
3.01810709e-07
3.000478064e-07
2.989224529e-07
2.970013916e-07
2.970585654e-07
2.959472255e-07
2.958957891e-07
2.955843455e-07
2.963350366e-07
2.98119229e-07
3.016363969e-07
3.08667261e-07
3.217256847e-07
3.48225686e-07
4.300558086e-07
1.756324238e-05
3.435116702e-05
6.753182482e-05
0.0001305090261
0.0002409997111
0.0004007550737
0.0007484464026
0.001136521557
0.001793720806
0.002305630991
0.002589339626
0.002572053313
0.00220965958
0.001415726702
0.0004904181132
0.0001200355617
3.149391348e-05
9.778551378e-06
2.709474573e-06
9.195869848e-07
5.19799664e-07
4.422339378e-07
4.224013422e-07
4.052486559e-07
3.724165873e-07
3.436450066e-07
3.259833191e-07
3.157863291e-07
3.096064537e-07
3.054732325e-07
3.026898923e-07
3.005563336e-07
2.98307221e-07
2.976621115e-07
2.957189798e-07
2.953482424e-07
2.942094283e-07
2.944142347e-07
2.94193126e-07
2.947864679e-07
2.96347543e-07
2.997486906e-07
3.066539438e-07
3.194880983e-07
3.455127917e-07
4.26294623e-07
1.667511964e-06
3.031583528e-06
6.422954089e-06
1.444709068e-05
3.200665221e-05
6.65601566e-05
0.0001290100078
0.0002409999254
0.0003903110866
0.0006713890832
0.00105973702
0.001374557186
0.001607443685
0.001460873363
0.001110787879
0.0006196376926
0.0001796558287
6.403982835e-05
1.787087168e-05
5.480587374e-06
1.738085354e-06
7.156267274e-07
4.785332875e-07
4.186157717e-07
3.765907633e-07
3.469283924e-07
3.272048728e-07
3.159503799e-07
3.091143439e-07
3.045093799e-07
3.007554023e-07
2.989435465e-07
2.970030646e-07
2.954367471e-07
2.935167802e-07
2.935762806e-07
2.924996762e-07
2.92229668e-07
2.918957212e-07
2.926217401e-07
2.944005336e-07
2.977923167e-07
3.045798685e-07
3.171845493e-07
3.427176352e-07
4.215271795e-07
4.935562962e-07
5.181088694e-07
5.807322867e-07
7.558666858e-07
1.25683878e-06
2.650055828e-06
6.267491948e-06
1.477386208e-05
3.316611986e-05
6.807782454e-05
0.0001238365757
0.0002367548606
0.0003586341023
0.0005623977939
0.0008739644917
0.0009279775069
0.0008251834042
0.0006026700334
0.0002963801981
8.48046023e-05
2.954552586e-05
8.107845097e-06
3.261429389e-06
1.216109435e-06
6.034021366e-07
4.275500865e-07
3.560618377e-07
3.294359604e-07
3.162793329e-07
3.080421208e-07
3.027498992e-07
2.993874333e-07
2.962486287e-07
2.935628004e-07
2.931028597e-07
2.909499989e-07
2.901242594e-07
2.891305984e-07
2.894310881e-07
2.892706917e-07
2.897146535e-07
2.911287929e-07
2.943840958e-07
3.010437983e-07
3.133842998e-07
3.383042981e-07
4.148470852e-07
4.127716304e-07
4.13803222e-07
4.152428818e-07
4.17388102e-07
4.263559922e-07
4.459900001e-07
5.070932858e-07
6.98509265e-07
1.267202385e-06
2.845378286e-06
6.83640498e-06
1.569817104e-05
3.466745362e-05
6.593430849e-05
0.000121968126
0.0002005110324
0.0003050100735
0.0005076215782
0.0005216433082
0.0004523704453
0.0003349758034
0.00016172585
5.390974271e-05
2.09783774e-05
6.602745218e-06
2.33033027e-06
9.407728211e-07
5.067093695e-07
3.704948507e-07
3.269686629e-07
3.089082696e-07
3.009548191e-07
2.949205823e-07
2.93615973e-07
2.909612288e-07
2.882881639e-07
2.86756747e-07
2.868207429e-07
2.856584108e-07
2.849939104e-07
2.846730962e-07
2.85467789e-07
2.873219176e-07
2.905796284e-07
2.970269787e-07
3.089535014e-07
3.329762381e-07
4.067045329e-07
3.573635001e-07
3.578937316e-07
3.586168942e-07
3.593891791e-07
3.605345144e-07
3.615679508e-07
3.658575247e-07
3.744706179e-07
3.985225149e-07
4.746416318e-07
7.116758618e-07
1.390666484e-06
3.216030183e-06
7.481495011e-06
1.673952365e-05
3.464227214e-05
6.027808354e-05
0.0001169014512
0.0001696348794
0.0002853991606
0.0002958670244
0.0002657832742
0.0001906608943
9.460466878e-05
2.886123937e-05
1.182812144e-05
3.792168236e-06
1.658063074e-06
7.561533266e-07
4.412069926e-07
3.419649896e-07
3.086724374e-07
2.945909138e-07
2.871522602e-07
2.845931835e-07
2.844810877e-07
2.812528587e-07
2.796297448e-07
2.790985458e-07
2.796534941e-07
2.795639687e-07
2.796514865e-07
2.807838405e-07
2.837726881e-07
2.899845767e-07
3.014127805e-07
3.242878911e-07
3.936256036e-07
3.151889648e-07
3.154648593e-07
3.157063461e-07
3.161263923e-07
3.164722652e-07
3.171116437e-07
3.176300856e-07
3.18577722e-07
3.200404807e-07
3.231363952e-07
3.346591867e-07
3.655978885e-07
4.65105707e-07
7.615264506e-07
1.577993918e-06
3.640186708e-06
8.069295375e-06
1.787357087e-05
3.292884207e-05
6.259098443e-05
9.354027314e-05
0.0001609162087
0.0001699689944
0.0001561320139
0.0001179188549
6.052747265e-05
2.028846629e-05
8.421059518e-06
3.107799105e-06
1.268726868e-06
6.373425164e-07
4.075027471e-07
3.241018807e-07
2.924947536e-07
2.788512275e-07
2.726571658e-07
2.74662385e-07
2.740507102e-07
2.722175015e-07
2.707270989e-07
2.705410796e-07
2.717000901e-07
2.736117318e-07
2.76620336e-07
2.824354804e-07
2.931030719e-07
3.14337207e-07
3.78809792e-07
2.856399815e-07
2.857282953e-07
2.858092444e-07
2.859417403e-07
2.860587006e-07
2.862573149e-07
2.864298906e-07
2.867271677e-07
2.869935851e-07
2.874233393e-07
2.88069544e-07
2.890995973e-07
2.944580363e-07
3.072218808e-07
3.493446521e-07
4.813248884e-07
8.523910833e-07
1.854972924e-06
4.127123698e-06
9.171895501e-06
1.79502456e-05
3.182496889e-05
5.26514965e-05
8.895478455e-05
9.856339027e-05
9.264148559e-05
7.107626953e-05
3.842349732e-05
1.225700018e-05
5.250834292e-06
2.31622529e-06
1.114693319e-06
5.972986714e-07
3.877299823e-07
3.029888889e-07
2.721857837e-07
2.599205874e-07
2.599839437e-07
2.603862218e-07
2.615854658e-07
2.613274314e-07
2.603698188e-07
2.610771267e-07
2.635984577e-07
2.690221056e-07
2.788433453e-07
2.981197262e-07
3.589588889e-07
2.671149653e-07
2.67144177e-07
2.671798074e-07
2.672222452e-07
2.672742903e-07
2.673358129e-07
2.674119068e-07
2.675008389e-07
2.676124722e-07
2.677406908e-07
2.679067911e-07
2.68091475e-07
2.683720215e-07
2.687489579e-07
2.699218953e-07
2.763514938e-07
2.947753969e-07
3.551384994e-07
5.326427624e-07
1.022610094e-06
2.187485064e-06
4.725480792e-06
9.589677695e-06
1.739253322e-05
2.975573116e-05
4.795205956e-05
5.96286581e-05
5.565018805e-05
4.536128331e-05
2.44795613e-05
1.07830693e-05
4.635294674e-06
1.982912511e-06
8.716431768e-07
4.600153293e-07
3.141333335e-07
2.660367728e-07
2.503219046e-07
2.469904913e-07
2.441240991e-07
2.448156087e-07
2.473173248e-07
2.491927662e-07
2.516119919e-07
2.563994941e-07
2.649890328e-07
2.816706405e-07
3.368832186e-07
2.379915502e-07
2.380072065e-07
2.380256042e-07
2.380476693e-07
2.380743494e-07
2.381062195e-07
2.381440947e-07
2.381890086e-07
2.382422099e-07
2.383050509e-07
2.383789405e-07
2.384657866e-07
2.385671789e-07
2.38685577e-07
2.388349192e-07
2.389660178e-07
2.398081348e-07
2.426023507e-07
2.516563461e-07
2.823500356e-07
3.768068807e-07
6.444662377e-07
1.322161728e-06
2.849430638e-06
5.460312247e-06
1.087493711e-05
1.722094139e-05
3.366524246e-05
3.839959418e-05
3.532407411e-05
2.403179084e-05
1.298481583e-05
4.744558119e-06
1.785968407e-06
6.838690235e-07
3.887864176e-07
2.750627202e-07
2.369698092e-07
2.303593228e-07
2.324198374e-07
2.29388335e-07
2.259988753e-07
2.26457042e-07
2.284154333e-07
2.326309778e-07
2.400677156e-07
2.540298789e-07
3.000227807e-07
2.221825815e-07
2.222026183e-07
2.222247564e-07
2.222512715e-07
2.222820786e-07
2.223190584e-07
2.223611536e-07
2.224112775e-07
2.224679328e-07
2.225351489e-07
2.226103279e-07
2.226988865e-07
2.227967616e-07
2.229110862e-07
2.230359788e-07
2.231803418e-07
2.23336828e-07
2.235431246e-07
2.238140109e-07
2.250812781e-07
2.275967088e-07
2.518261257e-07
3.141866354e-07
4.966179301e-07
9.428835705e-07
1.933057774e-06
3.89701354e-06
7.397070636e-06
1.385524399e-05
2.661910142e-05
2.466782526e-05
1.984104515e-05
1.364286466e-05
4.549395761e-06
1.612139194e-06
6.678559926e-07
3.508727251e-07
2.452160184e-07
2.07799163e-07
1.980847546e-07
2.04329154e-07
2.100656913e-07
2.124162291e-07
2.146063761e-07
2.184799903e-07
2.248296814e-07
2.359883855e-07
2.75999421e-07
1.75686191e-07
1.756881242e-07
1.756905214e-07
1.756934951e-07
1.756971835e-07
1.7570176e-07
1.757074364e-07
1.757144795e-07
1.757232116e-07
1.757340423e-07
1.75747459e-07
1.75764083e-07
1.757846403e-07
1.758101145e-07
1.758414447e-07
1.758800471e-07
1.759275132e-07
1.759870642e-07
1.760632379e-07
1.761811556e-07
1.764009375e-07
1.774748126e-07
1.812261123e-07
1.942489056e-07
2.344907502e-07
3.467171894e-07
6.227044233e-07
1.277376902e-06
2.673286877e-06
5.673363361e-06
9.1609398e-06
1.31620466e-05
1.283943078e-05
1.090566674e-05
6.278667481e-06
2.955045801e-06
1.21519036e-06
5.406590653e-07
2.96600972e-07
2.099063402e-07
1.806771654e-07
1.731320132e-07
1.727676104e-07
1.739723021e-07
1.76670879e-07
1.811729982e-07
1.888883002e-07
2.136812265e-07
1.766115244e-07
1.766039901e-07
1.765948467e-07
1.765839114e-07
1.765709864e-07
1.765557849e-07
1.765379565e-07
2.228448036e-07
2.228366962e-07
2.228184544e-07
2.227969859e-07
2.227532579e-07
2.227209274e-07
2.226501437e-07
2.38893725e-07
2.388871497e-07
2.388734362e-07
2.388394701e-07
2.388194868e-07
2.387711707e-07
2.682311902e-07
2.682067932e-07
2.681778909e-07
2.681428283e-07
2.681013635e-07
2.866091873e-07
2.865451552e-07
2.864764647e-07
3.144554438e-07
3.142539522e-07
3.663315452e-07
3.689716154e-07
3.676691518e-07
3.663575071e-07
3.704020697e-07
3.689895875e-07
3.677107477e-07
3.664092561e-07
3.750008076e-07
3.725106833e-07
3.704374315e-07
3.690433499e-07
3.677293188e-07
3.664455199e-07
3.856108675e-07
3.789008594e-07
3.750285307e-07
3.725337346e-07
3.704490908e-07
3.69079818e-07
3.677870016e-07
3.665237911e-07
4.464055282e-07
4.003276869e-07
3.856421806e-07
3.788885801e-07
3.75017496e-07
3.725407071e-07
3.705309246e-07
3.691749922e-07
3.678123231e-07
3.66572747e-07
3.653656076e-07
0.0004864557884
6.168788884e-06
6.123744707e-07
4.463203618e-07
4.003776045e-07
3.856934192e-07
3.789956039e-07
3.751058232e-07
3.726093501e-07
3.705532383e-07
3.692188732e-07
3.678864407e-07
3.666990534e-07
3.65418754e-07
0.01340789163
0.0005314577385
6.421409276e-06
6.121769049e-07
4.465004893e-07
4.006359508e-07
3.858398459e-07
3.78990039e-07
3.750945949e-07
3.726349497e-07
3.706966507e-07
3.693707842e-07
3.679586466e-07
3.667636028e-07
3.655051692e-07
0.01447763649
0.000593629168
7.339617008e-06
6.162988014e-07
4.472206797e-07
4.008277244e-07
3.859641729e-07
3.792354271e-07
3.753308544e-07
3.72817839e-07
3.707740609e-07
3.694219273e-07
3.680397e-07
3.669578765e-07
3.656425059e-07
0.01592552905
0.0006526437249
7.887549896e-06
6.189762824e-07
4.485821621e-07
4.016240928e-07
3.864355433e-07
3.793480843e-07
3.753385837e-07
3.728668887e-07
3.709678603e-07
3.69674268e-07
3.682273017e-07
3.670774064e-07
3.657346667e-07
0.01715369262
0.0008009120488
1.02951558e-05
6.326489274e-07
4.513224818e-07
4.024919381e-07
3.868285094e-07
3.798327335e-07
3.758401004e-07
3.732812963e-07
3.712061645e-07
3.697308218e-07
3.683148965e-07
3.672996933e-07
3.660806385e-07
0.0194637282
0.0009241125381
1.155365077e-05
6.445382348e-07
4.562934181e-07
4.047336573e-07
3.880947318e-07
3.80376486e-07
3.760355344e-07
3.733846135e-07
3.714001215e-07
3.70114927e-07
3.686898056e-07
3.676335486e-07
3.66250089e-07
0.02193116823
0.001317393923
2.067036901e-05
7.08571891e-07
4.636850373e-07
4.074850561e-07
3.892807436e-07
3.813185448e-07
3.768940708e-07
3.741954428e-07
3.719508235e-07
3.703027786e-07
3.68859547e-07
3.678717512e-07
3.667991947e-07
3.659440295e-07
0.02461403044
0.001420169399
2.724228721e-05
7.715386604e-07
4.766172869e-07
4.128062638e-07
3.92334377e-07
3.828800799e-07
3.777175836e-07
3.744318383e-07
3.721970706e-07
3.708088459e-07
3.694268996e-07
3.684891739e-07
3.672322003e-07
3.664818862e-07
0.02668493378
0.002354472656
5.567635129e-05
9.892912958e-07
4.962472199e-07
4.208036148e-07
3.954968144e-07
3.848500955e-07
3.79017848e-07
3.758663189e-07
3.732482403e-07
3.713629601e-07
3.698430084e-07
3.688155657e-07
3.67942368e-07
3.673137501e-07
3.66335627e-07
0.02655026944
0.003181368445
0.000100566829
1.410477743e-06
5.216883863e-07
4.339774579e-07
4.025726649e-07
3.885072923e-07
3.814144074e-07
3.766726082e-07
3.737254276e-07
3.720333513e-07
3.705545425e-07
3.697745702e-07
3.68612177e-07
3.678915376e-07
3.673295758e-07
3.662791877e-07
0.02497011517
0.004255426767
0.0002406853604
5.791927966e-06
6.541949938e-07
4.472456001e-07
4.111383583e-07
3.929402582e-07
3.836129868e-07
3.788268671e-07
3.756485665e-07
3.730800636e-07
3.714471195e-07
3.702245871e-07
3.694575324e-07
3.69075693e-07
3.683132708e-07
3.672324997e-07
0.02207778848
0.005036760831
0.0004234088645
2.454178173e-05
1.459342842e-06
5.420132734e-07
4.219784228e-07
4.010731764e-07
3.890620932e-07
3.813607773e-07
3.765651536e-07
3.741192499e-07
3.723024016e-07
3.715437314e-07
3.704811855e-07
3.697786512e-07
3.691686354e-07
3.681960127e-07
3.668494453e-07
0.01817732299
0.005199697638
0.0009321922378
6.720804945e-05
4.81828464e-06
7.886156211e-07
4.753440445e-07
4.131480431e-07
3.938313741e-07
3.850978734e-07
3.801856187e-07
3.760889825e-07
3.739461147e-07
3.722286942e-07
3.715270149e-07
3.712435626e-07
3.705116098e-07
3.695055206e-07
3.680906899e-07
3.66394771e-07
0.01405369074
0.005223105516
0.001014333463
0.0001088462599
1.203657573e-05
1.406902597e-06
5.148744281e-07
4.231825524e-07
4.051063458e-07
3.906289478e-07
3.819491849e-07
3.779088768e-07
3.750474606e-07
3.74181278e-07
3.729674582e-07
3.722159507e-07
3.716252023e-07
3.707123642e-07
3.695000174e-07
3.678247048e-07
3.653113674e-07
0.0101179875
0.00743967897
0.001749734248
0.0002928947975
2.66221049e-05
3.158488194e-06
8.462500299e-07
4.927508053e-07
4.161862603e-07
3.989630453e-07
3.888922923e-07
3.816032069e-07
3.779807471e-07
3.752366966e-07
3.744495512e-07
3.741367408e-07
3.733763602e-07
3.724698655e-07
3.711342451e-07
3.695838369e-07
3.670998046e-07
3.636577167e-07
0.007207857356
0.01078607749
0.00210907552
0.00035413287
5.234954624e-05
5.723466571e-06
1.2650673e-06
5.760900722e-07
4.500380507e-07
4.097764487e-07
3.930121837e-07
3.853234657e-07
3.799759287e-07
3.782795053e-07
3.765371843e-07
3.75561704e-07
3.749440839e-07
3.740674985e-07
3.730221192e-07
3.71516674e-07
3.691426301e-07
3.660211459e-07
3.620236467e-07
0.008095666529
0.0191240928
0.004929842505
0.0006731705589
7.498440148e-05
1.296741963e-05
1.795865487e-06
7.492409243e-07
4.958408406e-07
4.291294325e-07
4.078713462e-07
3.922464731e-07
3.851454407e-07
3.801633356e-07
3.788936919e-07
3.783158807e-07
3.773969039e-07
3.765440417e-07
3.75262716e-07
3.739183126e-07
3.716581635e-07
3.684737922e-07
3.650111623e-07
3.60037851e-07
0.008927769592
0.01914077512
0.009408661682
0.001583486786
0.000304197369
2.426882573e-05
4.75241641e-06
1.02433329e-06
5.649401462e-07
4.695615071e-07
4.16786588e-07
4.009788806e-07
3.896900204e-07
3.856067732e-07
3.822099617e-07
3.805693239e-07
3.797243931e-07
3.787750951e-07
3.779122776e-07
3.766363086e-07
3.745162969e-07
3.717593185e-07
3.680218005e-07
3.631295029e-07
0.009184341164
0.01723631899
0.01280973888
0.004917146507
0.0007359768919
0.0001327913371
1.03582432e-05
2.1999621e-06
8.64987603e-07
5.02968985e-07
4.521103104e-07
4.155330071e-07
3.998047023e-07
3.893797112e-07
3.865468063e-07
3.850015701e-07
3.835352898e-07
3.825035273e-07
3.811343302e-07
3.800399609e-07
3.781732685e-07
3.753938087e-07
3.723012447e-07
3.675390186e-07
3.602656785e-07
0.008224985918
0.01379305713
0.01254866682
0.008578119879
0.002631741061
0.0004871630804
9.095312398e-05
1.156003519e-05
2.531161852e-06
8.859237218e-07
4.718591693e-07
4.374156611e-07
4.098918059e-07
3.994981324e-07
3.920521364e-07
3.88870588e-07
3.872603963e-07
3.859102775e-07
3.851104897e-07
3.840215955e-07
3.822854464e-07
3.800697845e-07
3.767637074e-07
3.722833995e-07
3.645626445e-07
3.493840905e-07
3.315329546e-07
0.007007560964
0.01145778487
0.01154158301
0.01006826792
0.00598201319
0.001812586906
0.0002776954324
5.937283584e-05
1.147223003e-05
2.329433574e-06
8.468300606e-07
4.841154037e-07
4.374524218e-07
4.097067208e-07
4.010787176e-07
3.961713293e-07
3.931296234e-07
3.912777636e-07
3.894810689e-07
3.885492186e-07
3.871393312e-07
3.84970954e-07
3.825064556e-07
3.783552442e-07
3.713538773e-07
3.538612269e-07
3.332545943e-07
3.230225642e-07
0.005870105428
0.009719052435
0.01022764508
0.009891331146
0.00808630449
0.003613216102
0.001162813406
0.0001634035627
3.764990986e-05
8.053578148e-06
1.401034205e-06
6.897193438e-07
4.675029552e-07
4.276198522e-07
4.079169833e-07
4.015733162e-07
3.979257941e-07
3.954282326e-07
3.939765164e-07
3.927466504e-07
3.914408142e-07
3.897603625e-07
3.871229935e-07
3.834158766e-07
3.76501965e-07
3.576591068e-07
3.351193738e-07
3.238025359e-07
3.176157674e-07
0.004982022293
0.008638867488
0.009387923672
0.009643810438
0.008789815707
0.005790806568
0.001875652719
0.0005837619182
9.61589574e-05
1.990934443e-05
4.811672323e-06
9.923635466e-07
5.771138859e-07
4.484695332e-07
4.226232469e-07
4.088060652e-07
4.032322327e-07
4.000804536e-07
3.976545999e-07
3.964969381e-07
3.952836328e-07
3.937050742e-07
3.917650582e-07
3.883535895e-07
3.822992436e-07
3.614914749e-07
3.370887219e-07
3.243061337e-07
3.176225611e-07
3.141010722e-07
0.004243468042
0.007847343907
0.008754390638
0.009277478503
0.008937642736
0.00734871946
0.003334980434
0.0008945987286
0.000221662662
4.375319129e-05
8.18551264e-06
2.278255987e-06
6.910230034e-07
5.005151737e-07
4.295256248e-07
4.138729819e-07
4.076619293e-07
4.036485055e-07
4.012311966e-07
3.996171825e-07
3.984605212e-07
3.971449964e-07
3.951265921e-07
3.920797141e-07
3.860236405e-07
3.64471049e-07
3.387161457e-07
3.25165674e-07
3.177828032e-07
3.138528298e-07
3.118581682e-07
0.003623740398
0.007223032978
0.008272802143
0.008994579511
0.009040055016
0.008130195166
0.00497059053
0.001625250166
0.000389541738
9.055520131e-05
1.989722965e-05
4.006065238e-06
1.223521409e-06
5.426119392e-07
4.546895612e-07
4.21444423e-07
4.119382353e-07
4.072394946e-07
4.040317009e-07
4.024404918e-07
4.012853665e-07
4.000050068e-07
3.984944777e-07
3.956623847e-07
3.888948689e-07
3.671563951e-07
3.403000518e-07
3.257528717e-07
3.179703573e-07
3.137281426e-07
3.114322807e-07
3.103274452e-07
0.003074135261
0.006678157623
0.007846880521
0.008714729257
0.009030608174
0.008506797137
0.006404288474
0.002522866607
0.0007533133714
0.0001488635281
3.296818461e-05
7.364617783e-06
1.654339359e-06
7.144346699e-07
4.723635558e-07
4.324403573e-07
4.160060831e-07
4.101352377e-07
4.066980238e-07
4.046686943e-07
4.035894499e-07
4.025029969e-07
4.008676935e-07
3.983346577e-07
3.911270445e-07
3.690236632e-07
3.416376163e-07
3.265939566e-07
3.183660833e-07
3.137527103e-07
3.111988876e-07
3.09860599e-07
3.093677138e-07
0.002633537694
0.006204572169
0.007464446943
0.008452057585
0.008989187898
0.008786847371
0.007511579119
0.00364234286
0.001075506878
0.0003018189497
7.698394931e-05
1.342988105e-05
3.381389727e-06
8.898174905e-07
5.298146678e-07
4.396292966e-07
4.199454142e-07
4.128834369e-07
4.088390637e-07
4.066768735e-07
4.054966857e-07
4.045274957e-07
4.032136632e-07
4.00784726e-07
3.931252745e-07
3.708743145e-07
3.428529947e-07
3.271831898e-07
3.186644477e-07
3.138437701e-07
3.110572411e-07
3.095408824e-07
3.090213403e-07
0.002291859803
0.005791463807
0.007124204849
0.008202589799
0.008920963047
0.008962746366
0.008094278281
0.004939909062
0.001613427809
0.000418250071
0.000105142165
2.170636356e-05
4.572415703e-06
1.247317269e-06
5.691103209e-07
4.573525191e-07
4.234182971e-07
4.151211164e-07
4.10792396e-07
4.082422445e-07
4.0704378e-07
4.061736604e-07
4.047990915e-07
4.025867522e-07
3.948102979e-07
3.722923316e-07
3.438963857e-07
3.278544231e-07
3.190648517e-07
3.140004036e-07
3.110662019e-07
3.093342617e-07
3.085186908e-07
3.087531666e-07
0.002018480327
0.005395596404
0.006841840482
0.007997197618
0.008856755438
0.009102145491
0.008489824012
0.006056099912
0.002270204774
0.0006431311315
0.000170931148
3.101511687e-05
7.946598381e-06
1.661842812e-06
6.832180781e-07
4.682322298e-07
4.289942714e-07
4.172857807e-07
4.123546236e-07
4.096868481e-07
4.08359395e-07
4.075121278e-07
4.063562883e-07
4.042152188e-07
3.963031003e-07
3.73526316e-07
3.448541328e-07
3.282950445e-07
3.19320458e-07
3.141577832e-07
3.110963613e-07
3.092359076e-07
3.083551442e-07
3.082620197e-07
3.082935679e-07
0.001800191496
0.004990829048
0.006578422014
0.007811366029
0.008763071709
0.009171672268
0.008760728898
0.0070053475
0.00295265171
0.0008367170291
0.0002158423985
4.753193285e-05
9.951641265e-06
2.138825373e-06
7.468655118e-07
4.938447341e-07
4.331472084e-07
4.190929547e-07
4.13726599e-07
4.107917916e-07
4.094414802e-07
4.085974125e-07
4.074042191e-07
4.054201062e-07
3.975452575e-07
3.745595626e-07
3.456723596e-07
3.288019151e-07
3.195998271e-07
3.142973826e-07
3.111425027e-07
3.091866623e-07
3.080873878e-07
3.080239619e-07
3.078458762e-07
0.001627156972
0.004636350903
0.006333014782
0.007634264309
0.00865388911
0.009228465011
0.008985562356
0.007716926187
0.003656701841
0.001074796312
0.0002936631539
6.181546097e-05
1.51722524e-05
2.750190312e-06
9.060795253e-07
5.08113222e-07
4.399628324e-07
4.208024665e-07
4.148352275e-07
4.117980081e-07
4.103507196e-07
4.094884494e-07
4.084388989e-07
4.065009953e-07
3.986124556e-07
3.754917847e-07
3.4634503e-07
3.291621211e-07
3.197863809e-07
3.143985097e-07
3.111826504e-07
3.091548317e-07
3.079952688e-07
3.077421439e-07
3.075322405e-07
3.083473603e-07
0.001496448206
0.00436099909
0.006117646531
0.007470878762
0.008548851272
0.009239965467
0.009156163495
0.008126623552
0.004404280775
0.001340826231
0.0003488671296
8.89859608e-05
1.817664692e-05
3.39462155e-06
9.872341354e-07
5.388217873e-07
4.434719054e-07
4.222595061e-07
4.158048946e-07
4.12540025e-07
4.110875398e-07
4.102138167e-07
4.091361373e-07
4.073066218e-07
3.9948625e-07
3.762464813e-07
3.469124567e-07
3.295456469e-07
3.200022902e-07
3.144931344e-07
3.112016608e-07
3.091240577e-07
3.079103916e-07
3.076128289e-07
3.072518374e-07
3.079735242e-07
0.001403916191
0.0041428521
0.005933927937
0.007326724476
0.008453049829
0.009238418115
0.009284940036
0.008408827251
0.005068021935
0.001627642872
0.0004316410359
0.0001001761108
2.404175771e-05
4.108873843e-06
1.170264791e-06
5.543426216e-07
4.500548702e-07
4.235488784e-07
4.165848388e-07
4.132266349e-07
4.116946911e-07
4.108072097e-07
4.098263686e-07
4.080243001e-07
4.002229486e-07
3.76900785e-07
3.473786799e-07
3.2981623e-07
3.20154011e-07
3.145704926e-07
3.112250043e-07
3.090912257e-07
3.07847847e-07
3.074330585e-07
3.070581591e-07
3.077029921e-07
0.001335346301
0.003970117507
0.005778906181
0.007201128246
0.008367154568
0.009226435251
0.009380260679
0.008619395844
0.005638946844
0.001903011231
0.0004938202424
0.0001242715245
2.733142863e-05
4.803929973e-06
1.256634347e-06
5.858443643e-07
4.530678147e-07
4.248608748e-07
4.172677073e-07
4.137246054e-07
4.121804256e-07
4.112892205e-07
4.102911111e-07
4.085624887e-07
4.0081983e-07
3.774118115e-07
3.477741518e-07
3.300972453e-07
3.203104733e-07
3.146472336e-07
3.112390713e-07
3.090656095e-07
3.077569262e-07
3.073440191e-07
3.068734284e-07
3.074571156e-07
3.080237912e-07
0.001286521144
0.003827722101
0.005646576155
0.007092577282
0.008291859434
0.009213241688
0.009458221753
0.008786673628
0.006108186448
0.002162547902
0.0005700003833
0.0001377439049
3.250584482e-05
5.493593075e-06
1.435433341e-06
6.005253024e-07
4.588173185e-07
4.257891957e-07
4.178011147e-07
4.141943561e-07
4.125781732e-07
4.116822127e-07
4.107510569e-07
4.090400168e-07
4.013235272e-07
3.778487946e-07
3.480956968e-07
3.302980097e-07
3.2042314e-07
3.147065384e-07
3.112608378e-07
3.090426722e-07
3.077126428e-07
3.072194143e-07
3.067411605e-07
3.072777161e-07
3.077693993e-07
0.001249023201
0.003714933387
0.005535471437
0.006999223765
0.008226343433
0.009196616071
0.009512813141
0.008917885519
0.006495664406
0.002396815431
0.0006377146235
0.0001581200976
3.574015638e-05
6.135759685e-06
1.515314871e-06
6.292008987e-07
4.613272557e-07
4.270477288e-07
4.182822598e-07
4.145323027e-07
4.129015412e-07
4.120060963e-07
4.110655902e-07
4.094079431e-07
4.017116408e-07
3.781965624e-07
3.48377917e-07
3.305083522e-07
3.205443202e-07
3.147652189e-07
3.112748635e-07
3.090257465e-07
3.076462766e-07
3.071534068e-07
3.066081681e-07
3.071013072e-07
3.075689958e-07
0.001222145582
0.003622315683
0.005441513611
0.006918985296
0.008169395657
0.009174892912
0.009562654293
0.009022398958
0.006811490925
0.002607099719
0.0006997150018
0.0001709809248
4.004681779e-05
6.738010453e-06
1.672421329e-06
6.419731197e-07
4.661148844e-07
4.277071658e-07
4.186498373e-07
4.148579974e-07
4.131756446e-07
4.122827133e-07
4.113923125e-07
4.097530422e-07
4.020529762e-07
3.78513896e-07
3.48621397e-07
3.306674722e-07
3.206383537e-07
3.148156656e-07
3.112922042e-07
3.090070214e-07
3.076085347e-07
3.070470963e-07
3.064933439e-07
3.069491327e-07
3.073516994e-07
0.003549161911
0.00536328174
0.006850245503
0.008120296107
0.009154769648
0.009606756049
0.009111427626
0.007067913113
0.002788193483
0.0007529788037
0.0001871703005
4.312318345e-05
7.283236097e-06
1.740009946e-06
6.662354722e-07
4.681539402e-07
4.287616369e-07
4.190000319e-07
4.150958807e-07
4.134078012e-07
4.125183212e-07
4.116244046e-07
4.100328653e-07
4.023400429e-07
3.787850935e-07
3.488515919e-07
3.308456186e-07
3.207444035e-07
3.148693517e-07
3.113049952e-07
3.089908266e-07
3.075468876e-07
3.069846252e-07
3.063699845e-07
3.067805102e-07
3.071593871e-07
0.003489566594
0.005297768784
0.006791503975
0.008078222212
0.009136469246
0.009630594611
0.009179468745
0.007278237259
0.002943926842
0.0008048059663
0.0001992332952
4.664461325e-05
7.775549019e-06
1.868110357e-06
6.766746563e-07
4.719940273e-07
4.292549568e-07
4.192643354e-07
4.153261602e-07
4.136082539e-07
4.127255084e-07
4.118715004e-07
4.103013925e-07
4.026065887e-07
3.790439617e-07
3.490569491e-07
3.309844372e-07
3.208290723e-07
3.149166714e-07
3.113223677e-07
3.0897428e-07
3.075112037e-07
3.068827287e-07
3.062573187e-07
3.066331353e-07
3.069464317e-07
3.079020149e-07
0.00344277051
0.005243354365
0.006741314026
0.00804234086
0.009120258945
0.009649143351
0.009236849391
0.007449453508
0.003073854381
0.0008514642234
0.0002125170084
4.949009409e-05
8.210275931e-06
1.92107129e-06
6.961320357e-07
4.736057681e-07
4.301022064e-07
4.19527397e-07
4.154998985e-07
4.137808919e-07
4.129045415e-07
4.120500882e-07
4.105241858e-07
4.028294392e-07
3.792706709e-07
3.492577497e-07
3.311439584e-07
3.209268672e-07
3.149678411e-07
3.113358541e-07
3.089602622e-07
3.074527042e-07
3.068229512e-07
3.061415842e-07
3.064693546e-07
3.067584117e-07
3.076464794e-07
0.003405129934
0.005197649104
0.006698391829
0.00801190669
0.009106207231
0.009664102118
0.009285026482
0.007583816986
0.003185651282
0.0008916621993
0.0002244925389
5.2209516e-05
8.586506213e-06
2.020195832e-06
7.043670193e-07
4.766168745e-07
4.304711112e-07
4.19729983e-07
4.156674185e-07
4.139317322e-07
4.130654974e-07
4.122449652e-07
4.107424739e-07
4.030407973e-07
3.794927422e-07
3.49441622e-07
3.31270595e-07
3.210066839e-07
3.15013903e-07
3.113537182e-07
3.089452058e-07
3.074187644e-07
3.06724446e-07
3.060290117e-07
3.063256933e-07
3.065497461e-07
3.074059554e-07
0.003375921353
0.005159047107
0.006661639393
0.007986227054
0.009094225682
0.009676242525
0.009325017852
0.007690358545
0.003280966107
0.0009254404347
0.0002321962426
5.385896335e-05
8.904755934e-06
2.059438332e-06
7.195577318e-07
4.778870543e-07
4.311332057e-07
4.199325397e-07
4.157976003e-07
4.140621831e-07
4.132068652e-07
4.12388213e-07
4.109274327e-07
4.032317689e-07
3.796914518e-07
3.496266095e-07
3.314183902e-07
3.210995377e-07
3.15063966e-07
3.113679963e-07
3.089322816e-07
3.073625727e-07
3.066669353e-07
3.059141385e-07
3.061652448e-07
3.063651323e-07
3.071532952e-07
3.082655845e-07
0.005125486969
0.006629976822
0.007964661738
0.009084114977
0.009686117456
0.009358036348
0.007775564908
0.003361896146
0.0009535357032
0.0002419567924
5.470504168e-05
9.167929183e-06
2.134145572e-06
7.260616969e-07
4.802423899e-07
4.313851696e-07
4.200961989e-07
4.159207525e-07
4.141767025e-07
4.133360272e-07
4.12548467e-07
4.111121058e-07
4.034178247e-07
3.798918379e-07
3.498002341e-07
3.315375987e-07
3.211764168e-07
3.151095547e-07
3.113866987e-07
3.089187284e-07
3.0733007e-07
3.065710503e-07
3.058275596e-07
3.060234312e-07
3.061584457e-07
3.069159474e-07
3.079948671e-07
0.005094962126
0.006602168135
0.007946435864
0.009075614574
0.009694099368
0.00938523326
0.007844199721
0.003430479617
0.0009770673936
0.0002436072602
5.501546919e-05
9.384107864e-06
2.16347112e-06
7.379195833e-07
4.81265964e-07
4.318849434e-07
4.202547036e-07
4.160176296e-07
4.142769667e-07
4.134513983e-07
4.126679448e-07
4.11271467e-07
4.035874824e-07
3.80074722e-07
3.49979021e-07
3.316785359e-07
3.212665088e-07
3.151592311e-07
3.11402018e-07
3.089072731e-07
3.07275929e-07
3.065158482e-07
3.056633727e-07
3.05864252e-07
3.059768425e-07
3.066651957e-07
3.076576745e-07
0.005065592824
0.006577046268
0.007930363599
0.009068352257
0.009700375545
0.009407574054
0.007899836501
0.003488536493
0.0009969170173
0.0002491254055
5.57564073e-05
9.56401229e-06
2.220304351e-06
7.433070119e-07
4.831349895e-07
4.320747217e-07
4.203900618e-07
4.161083201e-07
4.14365865e-07
4.135578631e-07
4.128047178e-07
4.114333836e-07
4.037537845e-07
3.802633115e-07
3.501511069e-07
3.317937977e-07
3.213421465e-07
3.152049584e-07
3.114216819e-07
3.088953131e-07
3.072448352e-07
3.064220668e-07
3.055278847e-07
3.05724503e-07
3.057727525e-07
3.064302895e-07
3.073890982e-07
3.091065008e-07
0.005036682487
0.006552242634
0.007914909264
0.009061558649
0.009704842204
0.009425891065
0.00794514137
0.003537614267
0.00101388256
0.0002516052776
5.667587089e-05
9.715608222e-06
2.244338569e-06
7.526283698e-07
4.839979502e-07
4.324733601e-07
4.205152336e-07
4.161816928e-07
4.144473278e-07
4.136542871e-07
4.129078025e-07
4.115755819e-07
4.039073032e-07
3.804386646e-07
3.503306268e-07
3.319312396e-07
3.214311813e-07
3.152548868e-07
3.114380798e-07
3.088852303e-07
3.07192477e-07
3.063684019e-07
3.054924043e-07
3.055679126e-07
3.055939482e-07
3.061805987e-07
3.070537852e-07
3.087209846e-07
0.005006089671
0.006524970599
0.007896739141
0.009053369699
0.009706797303
0.009441042295
0.007982268782
0.003579022425
0.001028372168
0.0002554716583
5.747763141e-05
9.845052812e-06
2.289420618e-06
7.568104652e-07
4.854925822e-07
4.326419321e-07
4.206261084e-07
4.162523188e-07
4.145171727e-07
4.137434598e-07
4.130284584e-07
4.117226236e-07
4.040593702e-07
3.806224011e-07
3.505080828e-07
3.320449504e-07
3.215067426e-07
3.153012799e-07
3.114588387e-07
3.088747062e-07
3.071626636e-07
3.062766722e-07
3.053415736e-07
3.054293434e-07
3.053918625e-07
3.059476241e-07
3.067871708e-07
3.083585338e-07
0.004973088771
0.006494237157
0.00787407622
0.009041043232
0.009704871372
0.009453212653
0.00801299685
0.003613846053
0.001040874285
0.0002598359526
5.862397741e-05
9.958302574e-06
2.311655839e-06
7.611717833e-07
4.862174441e-07
4.329807966e-07
4.207243329e-07
4.16312981e-07
4.145904982e-07
4.138261191e-07
4.131202071e-07
4.118536927e-07
4.042015744e-07
3.807957028e-07
3.506962857e-07
3.321812052e-07
3.215958529e-07
3.153519073e-07
3.114764852e-07
3.088659407e-07
3.071119875e-07
3.062250619e-07
3.05138611e-07
3.052733169e-07
3.05215559e-07
3.056983446e-07
3.064535805e-07
3.079752273e-07
3.101556467e-07
0.004938949843
0.006460932648
0.007847516544
0.009024184635
0.009698197955
0.009461033969
0.00803785442
0.003643085583
0.001051438674
0.0002634215567
5.995981528e-05
1.005832144e-05
2.346054257e-06
7.646990404e-07
4.870634369e-07
4.33143984e-07
4.208120568e-07
4.163740409e-07
4.146508564e-07
4.139014406e-07
4.132291867e-07
4.119894865e-07
4.043423983e-07
3.809789127e-07
3.508735683e-07
3.322939787e-07
3.216715502e-07
3.153989955e-07
3.114983639e-07
3.088570135e-07
3.070838721e-07
3.061355943e-07
3.050356166e-07
3.051376591e-07
3.050169764e-07
3.054694691e-07
3.061914136e-07
3.076178843e-07
3.096679024e-07
0.00490591431
0.006426879604
0.007819035397
0.009004633324
0.00968781291
0.009464195327
0.008055709013
0.003667571907
0.00106078852
0.0002670792384
6.109845389e-05
1.014765577e-05
2.363720358e-06
7.679168415e-07
4.876572738e-07
4.334303655e-07
4.208865064e-07
4.164283545e-07
4.147144303e-07
4.139729342e-07
4.133119453e-07
4.121100751e-07
4.044722624e-07
3.811466632e-07
3.510534101e-07
3.32426076e-07
3.21758683e-07
3.154492079e-07
3.115166504e-07
3.088495233e-07
3.070356898e-07
3.060862393e-07
3.049373189e-07
3.049859946e-07
3.048457439e-07
3.052261511e-07
3.058658426e-07
3.07244471e-07
3.09247204e-07
3.125596066e-07
0.004876437534
0.006394918675
0.007792159148
0.008986565327
0.009676519641
0.009465753916
0.008067361072
0.003685458044
0.001067712859
0.0002701972761
6.215630154e-05
1.023107255e-05
2.3805882e-06
7.708903159e-07
4.882040988e-07
4.335814041e-07
4.209586004e-07
4.164852513e-07
4.14779683e-07
4.140406918e-07
4.13413123e-07
4.122369286e-07
4.046009756e-07
3.813254488e-07
3.512224681e-07
3.32534644e-07
3.218324822e-07
3.154957691e-07
3.115387022e-07
3.088414819e-07
3.070087227e-07
3.059985123e-07
3.048381892e-07
3.048526829e-07
3.046500449e-07
3.050014629e-07
3.056081996e-07
3.06892516e-07
3.087668919e-07
3.119628558e-07
3.172573457e-07
0.004840801364
0.006354897644
0.007759064553
0.008966537196
0.009664052808
0.009470651936
0.008083878357
0.003696969728
0.001063469553
0.0002718668244
6.264380494e-05
1.034795888e-05
2.398704042e-06
7.73956867e-07
4.887435189e-07
4.33823838e-07
4.210203517e-07
4.165362086e-07
4.148354063e-07
4.141027677e-07
4.134910523e-07
4.123514183e-07
4.047211319e-07
3.814930204e-07
3.513966874e-07
3.326636425e-07
3.219182807e-07
3.155456727e-07
3.115572131e-07
3.088345087e-07
3.069614058e-07
3.059499133e-07
3.047383724e-07
3.047017397e-07
3.044799773e-07
3.047589427e-07
3.052839356e-07
3.065213635e-07
3.083493218e-07
3.11434417e-07
3.16521515e-07
0.004587167191
0.006146016813
0.007592162378
0.008854676388
0.00963760227
0.009493247192
0.008239160205
0.003948857452
0.001140745043
0.0002877196496
6.70623805e-05
1.103736912e-05
2.487361828e-06
7.893233575e-07
4.910171805e-07
4.341428026e-07
4.211393174e-07
4.165863202e-07
4.149043604e-07
4.141647927e-07
4.13583813e-07
4.124672422e-07
4.048366471e-07
3.816695747e-07
3.515577185e-07
3.327684145e-07
3.21990438e-07
3.15591772e-07
3.115795747e-07
3.088272667e-07
3.069352286e-07
3.05863073e-07
3.046385939e-07
3.045700923e-07
3.042847198e-07
3.045359426e-07
3.050282225e-07
3.061713358e-07
3.078716332e-07
3.108419744e-07
3.158428571e-07
3.233569234e-07
0.004446977831
0.006030813484
0.007497992313
0.008789723906
0.009621676812
0.009503782758
0.00832039651
0.0041314217
0.00120791991
0.0003049064818
7.040251228e-05
1.177258668e-05
2.580237107e-06
8.04664899e-07
4.9298944e-07
4.346122244e-07
4.212481714e-07
4.166674011e-07
4.149593123e-07
4.14229465e-07
4.136581481e-07
4.125839608e-07
4.050058039e-07
3.819419135e-07
3.518010799e-07
3.329315977e-07
3.220923677e-07
3.156499463e-07
3.116032075e-07
3.08823743e-07
3.068905357e-07
3.058164071e-07
3.045383823e-07
3.044206325e-07
3.041162712e-07
3.042946359e-07
3.047056094e-07
3.058025859e-07
3.074572237e-07
3.103174688e-07
3.151122501e-07
3.223882394e-07
3.35481844e-07
0.004344278664
0.005950613027
0.00743210545
0.008744417049
0.009612034376
0.009513381851
0.008380617549
0.004284081173
0.001274155899
0.000322910409
7.50284323e-05
1.254840784e-05
2.689972648e-06
8.214250464e-07
4.966493369e-07
4.350089431e-07
4.213329158e-07
4.167117359e-07
4.150223469e-07
4.142866209e-07
4.1374644e-07
4.126963445e-07
4.0511066e-07
3.821265625e-07
3.519561672e-07
3.330337472e-07
3.221633348e-07
3.156958774e-07
3.11625984e-07
3.088172602e-07
3.068650831e-07
3.057303132e-07
3.04437799e-07
3.042905123e-07
3.039211966e-07
3.040736509e-07
3.044517808e-07
3.054541588e-07
3.069819542e-07
3.097291551e-07
3.144405177e-07
3.215541129e-07
3.34371758e-07
3.559976846e-07
0.005902205726
0.007393524543
0.008718188702
0.009608543445
0.009525893777
0.008432762969
0.004425489147
0.001345434239
0.0003463287818
8.043203655e-05
1.337766094e-05
2.826523273e-06
8.419392274e-07
4.996146547e-07
4.357695915e-07
4.214944926e-07
4.167946933e-07
4.150752936e-07
4.143693478e-07
4.138209767e-07
4.128100386e-07
4.052755624e-07
3.824083457e-07
3.521984009e-07
3.331967088e-07
3.222654025e-07
3.157545327e-07
3.116501111e-07
3.088143126e-07
3.068210751e-07
3.056842944e-07
3.043465915e-07
3.041416781e-07
3.037531389e-07
3.038330619e-07
3.04129774e-07
3.050876522e-07
3.065704206e-07
3.092084186e-07
3.137149995e-07
3.205937839e-07
3.331036198e-07
3.542444131e-07
3.97378446e-07
5.157924444e-07
0.005912170353
0.007405443501
0.008729361712
0.009620618043
0.009540827261
0.008441229207
0.004429525556
0.001346611391
0.0003478321297
8.120586192e-05
1.347210322e-05
2.84595564e-06
8.447987577e-07
5.001056121e-07
4.358500495e-07
4.215401819e-07
4.168432908e-07
4.151419874e-07
4.1442627e-07
4.139149535e-07
4.129258335e-07
4.053743641e-07
3.825920094e-07
3.523539197e-07
3.332994826e-07
3.223370155e-07
3.158012023e-07
3.116733461e-07
3.088082269e-07
3.067958993e-07
3.055981289e-07
3.042562167e-07
3.040120438e-07
3.03558089e-07
3.036136862e-07
3.038783231e-07
3.047390336e-07
3.060968714e-07
3.086235793e-07
3.130496013e-07
3.1976996e-07
3.320107087e-07
3.526938068e-07
3.948769491e-07
5.110736382e-07
0.005917471954
0.007421781678
0.008744344853
0.009627429775
0.009546962678
0.008442996567
0.004430542645
0.001347300897
0.0003491954531
8.180949403e-05
1.359185129e-05
2.865921631e-06
8.476956229e-07
5.005107187e-07
4.359542478e-07
4.215895772e-07
4.168958936e-07
4.151998707e-07
4.14539227e-07
4.13994384e-07
4.130383057e-07
4.054761581e-07
3.827634113e-07
3.52515764e-07
3.334227508e-07
3.224203977e-07
3.158507546e-07
3.116923717e-07
3.08802358e-07
3.067501932e-07
3.055512295e-07
3.041712297e-07
3.038628828e-07
3.033901427e-07
3.033728938e-07
3.035557874e-07
3.043745177e-07
3.056878524e-07
3.081063911e-07
3.123289966e-07
3.188179207e-07
3.307573223e-07
3.509689013e-07
3.922116274e-07
5.064311605e-07
0.00591999296
0.007438289665
0.008759105904
0.00963412594
0.009553308376
0.008444580746
0.004431276866
0.001347958339
0.0003505530581
8.224673617e-05
1.371060484e-05
2.8833646e-06
8.501728737e-07
5.008510402e-07
4.360562391e-07
4.216527911e-07
4.169591703e-07
4.153038514e-07
4.14606524e-07
4.141031652e-07
4.131610333e-07
4.055824947e-07
3.829522474e-07
3.526745426e-07
3.33527559e-07
3.224935277e-07
3.158984617e-07
3.117160053e-07
3.087965358e-07
3.0672504e-07
3.054645146e-07
3.040772646e-07
3.037332325e-07
3.031939883e-07
3.031545715e-07
3.033053082e-07
3.040259418e-07
3.052155376e-07
3.075245557e-07
3.116695046e-07
3.180039443e-07
3.296809814e-07
3.494490194e-07
3.897779087e-07
5.018642889e-07
0.0059287079
0.007460186938
0.008779212871
0.009643344736
0.009562581045
0.008447485981
0.004433007508
0.001348741954
0.0003517626278
8.257747158e-05
1.381318556e-05
2.897304912e-06
8.521512117e-07
5.011647314e-07
4.361724371e-07
4.217201855e-07
4.170262549e-07
4.153714378e-07
4.147466829e-07
4.141942974e-07
4.132856334e-07
4.056947926e-07
3.831251609e-07
3.528383553e-07
3.336525607e-07
3.225778756e-07
3.159484218e-07
3.117351046e-07
3.087907297e-07
3.066792282e-07
3.054177893e-07
3.039678114e-07
3.035838622e-07
3.030254241e-07
3.029132309e-07
3.029827405e-07
3.03662866e-07
3.048087271e-07
3.070104443e-07
3.109531987e-07
3.170593682e-07
3.284411728e-07
3.477506378e-07
3.871732788e-07
4.973700649e-07
0.005943340152
0.007488702396
0.008805688703
0.009655403697
0.00957506068
0.008451217921
0.004434913478
0.001349537718
0.0003526771368
8.276536113e-05
1.390496086e-05
2.908474505e-06
8.537742036e-07
5.01455817e-07
4.362915687e-07
4.218131023e-07
4.171134202e-07
4.15519412e-07
4.148317024e-07
4.143257265e-07
4.134275252e-07
4.058157789e-07
3.833200754e-07
3.530008662e-07
3.337592137e-07
3.226522334e-07
3.15996753e-07
3.11759033e-07
3.087849797e-07
3.066539154e-07
3.053302914e-07
3.038728438e-07
3.034537593e-07
3.028286925e-07
3.026947755e-07
3.0273385e-07
3.033139075e-07
3.043373886e-07
3.064313683e-07
3.10299395e-07
3.162549759e-07
3.273809956e-07
3.462606481e-07
3.848050364e-07
4.929478797e-07
0.005973978876
0.007530595254
0.008841987762
0.009672556803
0.009592112357
0.008456031702
0.00443682177
0.001350258521
0.0003531639386
8.280655657e-05
1.398386388e-05
2.916847579e-06
8.55069552e-07
5.01768972e-07
4.364469278e-07
4.219174284e-07
4.172109313e-07
4.156111076e-07
4.150121142e-07
4.144410716e-07
4.135766989e-07
4.059495777e-07
3.835010002e-07
3.531724664e-07
3.338896505e-07
3.227395113e-07
3.160478725e-07
3.11778426e-07
3.087789828e-07
3.066073774e-07
3.052831977e-07
3.037619317e-07
3.033032891e-07
3.026598811e-07
3.024520848e-07
3.024103825e-07
3.029514993e-07
3.039321224e-07
3.059196553e-07
3.095866543e-07
3.153170935e-07
3.261538974e-07
3.445875413e-07
3.822584125e-07
4.88594795e-07
0.006043215194
0.007596737625
0.008894386686
0.009699319436
0.009617232205
0.008463463193
0.004439239347
0.001350953564
0.0003531972334
8.281609931e-05
1.404913512e-05
2.924444995e-06
8.563065831e-07
5.020665648e-07
4.366189626e-07
4.22068627e-07
4.173468045e-07
4.158315562e-07
4.151374521e-07
4.146193987e-07
4.137549495e-07
4.061004262e-07
3.837157377e-07
3.533463519e-07
3.340022079e-07
3.228173421e-07
3.160978354e-07
3.118029828e-07
3.087730076e-07
3.065812758e-07
3.05193536e-07
3.036676697e-07
3.03171615e-07
3.02460898e-07
3.022326099e-07
3.02161783e-07
3.026011383e-07
3.034606045e-07
3.053422523e-07
3.089376169e-07
3.145213943e-07
3.25108917e-07
3.431261307e-07
3.799530371e-07
4.843102908e-07
0.006158030198
0.007692146357
0.008970824068
0.009742015519
0.009655544338
0.008478383085
0.004444701106
0.001352141879
0.0003532087122
8.280689345e-05
1.41051796e-05
2.932880631e-06
8.574017533e-07
5.026205475e-07
4.368513003e-07
4.222471149e-07
4.17507795e-07
4.15974904e-07
4.153849709e-07
4.147853721e-07
4.139535521e-07
4.062809479e-07
3.839204618e-07
3.535361938e-07
3.341448185e-07
3.229109658e-07
3.16151527e-07
3.118227851e-07
3.087656313e-07
3.065325895e-07
3.05144959e-07
3.035551669e-07
3.030181932e-07
3.022889143e-07
3.019868843e-07
3.018351507e-07
3.022379771e-07
3.030554681e-07
3.048315361e-07
3.082269533e-07
3.135887193e-07
3.238930284e-07
3.414765267e-07
3.774614149e-07
4.800914012e-07
0.006337843643
0.007828001073
0.009076387392
0.009807729139
0.009715283116
0.008502904289
0.004453684677
0.001354331234
0.0003532321457
8.279747125e-05
1.415446954e-05
2.942943482e-06
8.588571003e-07
5.030913516e-07
4.372729881e-07
4.225151176e-07
4.177437851e-07
4.163496922e-07
4.155993485e-07
4.150611141e-07
4.142052093e-07
4.065030164e-07
3.841780053e-07
3.537347594e-07
3.342699495e-07
3.229958365e-07
3.162050513e-07
3.1184825e-07
3.087583072e-07
3.065043463e-07
3.050504567e-07
3.034585466e-07
3.028826492e-07
3.020851129e-07
3.017643002e-07
3.01583785e-07
3.018846748e-07
3.025814197e-07
3.042536169e-07
3.075808504e-07
3.128000249e-07
3.228615709e-07
3.400417841e-07
3.752159086e-07
4.759376522e-07
0.006435251353
0.007998874579
0.009222364574
0.009871059445
0.009813650152
0.008570583555
0.00447863047
0.001359881912
0.0003534190222
8.274249113e-05
1.41992212e-05
2.955054812e-06
8.606829724e-07
5.042361026e-07
4.3766379e-07
4.228464963e-07
4.180356775e-07
4.166203497e-07
4.159243745e-07
4.153320238e-07
4.145005797e-07
4.067940007e-07
3.844309314e-07
3.539616789e-07
3.344368937e-07
3.231021852e-07
3.162640292e-07
3.118683455e-07
3.087468474e-07
3.064506779e-07
3.04998287e-07
3.03339814e-07
3.027226483e-07
3.019081952e-07
3.015119388e-07
3.012502187e-07
3.015175923e-07
3.021736715e-07
3.037412143e-07
3.068694346e-07
3.118698075e-07
3.216542738e-07
3.384129868e-07
3.727756678e-07
4.718459969e-07
0.006375275176
0.008181175404
0.009394954229
0.01004089321
0.009999225305
0.00866937367
0.004516793337
0.001369085631
0.0003540812565
8.273303167e-05
1.424847948e-05
2.971015141e-06
8.632202167e-07
5.05034769e-07
4.386148297e-07
4.233557375e-07
4.184816854e-07
4.171724329e-07
4.163338257e-07
4.158085087e-07
4.148913801e-07
4.071284428e-07
3.847717011e-07
3.542079414e-07
3.345857728e-07
3.23200723e-07
3.163240044e-07
3.118949717e-07
3.087366546e-07
3.064176362e-07
3.048937325e-07
3.032358565e-07
3.025788569e-07
3.016945418e-07
3.012818533e-07
3.009922193e-07
3.011570481e-07
3.016926219e-07
3.031586418e-07
3.062228382e-07
3.110850443e-07
3.206334412e-07
3.370019686e-07
3.705863134e-07
4.678159179e-07
0.006006224361
0.008121103241
0.009794330076
0.01048483781
0.01039431144
0.008878557436
0.004626594803
0.001394869849
0.0003549399515
8.286693727e-05
1.431666834e-05
2.993711439e-06
8.669981189e-07
5.074000668e-07
4.393701746e-07
4.240065711e-07
4.190380481e-07
4.176330433e-07
4.168703833e-07
4.162948058e-07
4.153626203e-07
4.07554529e-07
3.851114529e-07
3.545034203e-07
3.347976451e-07
3.233303776e-07
3.163917408e-07
3.119145461e-07
3.087207845e-07
3.063528848e-07
3.048339483e-07
3.031035821e-07
3.024055311e-07
3.015055797e-07
3.010161497e-07
3.006447955e-07
3.007806903e-07
3.012773241e-07
3.026393023e-07
3.055055769e-07
3.101524154e-07
3.194302573e-07
3.353897544e-07
3.681927897e-07
4.638443169e-07
0.006184846362
0.007713430112
0.009796053862
0.01111434281
0.0109132781
0.009160906176
0.004782498278
0.001437229888
0.000362072534
8.348871253e-05
1.446751343e-05
3.034959166e-06
8.742977295e-07
5.091070163e-07
4.413786897e-07
4.250147293e-07
4.199292934e-07
4.184433463e-07
4.175831297e-07
4.171755206e-07
4.159924595e-07
4.080502666e-07
3.855938861e-07
3.548277499e-07
3.349839197e-07
3.234501252e-07
3.164610223e-07
3.119413764e-07
3.087022914e-07
3.063112036e-07
3.047094951e-07
3.029847083e-07
3.022459763e-07
3.012730934e-07
3.007712173e-07
3.003737212e-07
3.004059485e-07
3.007816092e-07
3.020454772e-07
3.04852981e-07
3.093667528e-07
3.184156397e-07
3.339982851e-07
3.660550555e-07
4.599307788e-07
0.006897997961
0.007155634967
0.009282468977
0.01122026582
0.01172975607
0.009775602605
0.00521147919
0.001557897295
0.0003707047437
8.616573532e-05
1.498342572e-05
3.12420306e-06
8.891961042e-07
5.149846438e-07
4.429195886e-07
4.263254758e-07
4.21014498e-07
4.194424345e-07
4.186793007e-07
4.180900078e-07
4.167499164e-07
4.086878001e-07
3.86054871e-07
3.552234718e-07
3.352633722e-07
3.236134849e-07
3.165393223e-07
3.119569729e-07
3.086802921e-07
3.062239324e-07
3.046362526e-07
3.028279861e-07
3.020489712e-07
3.010642706e-07
3.004822838e-07
3.000023286e-07
3.000121649e-07
3.003521622e-07
3.015118792e-07
3.041228454e-07
3.084251173e-07
3.172106771e-07
3.323973871e-07
3.6370304e-07
4.560723855e-07
0.008321626222
0.007338383798
0.008163220457
0.01061164071
0.01183784783
0.01068679807
0.005855517238
0.001764845732
0.0004431017742
9.336730771e-05
1.637042738e-05
3.316476052e-06
9.20568872e-07
5.207993683e-07
4.474193952e-07
4.284046993e-07
4.228381767e-07
4.2092486e-07
4.201112704e-07
4.197604276e-07
4.177205735e-07
4.093947993e-07
3.867244513e-07
3.55635742e-07
3.35486898e-07
3.237546857e-07
3.166154819e-07
3.119786209e-07
3.086386021e-07
3.061680454e-07
3.044776568e-07
3.026842273e-07
3.018638183e-07
3.008023812e-07
3.002136456e-07
2.997106185e-07
2.996148752e-07
2.998334613e-07
3.008995108e-07
3.034584704e-07
3.076337077e-07
3.161980634e-07
3.310217052e-07
3.616130839e-07
4.522696257e-07
0.008676058791
0.008014245625
0.007519364327
0.008783696672
0.01111267174
0.01114310106
0.007773096581
0.002391376623
0.0005048710164
0.0001170085085
2.01410405e-05
3.788551422e-06
9.88604468e-07
5.350413587e-07
4.507951174e-07
4.308163745e-07
4.251167537e-07
4.232202771e-07
4.222448227e-07
4.213585703e-07
4.188934903e-07
4.102532685e-07
3.872611521e-07
3.561108267e-07
3.358268621e-07
3.239450278e-07
3.166948855e-07
3.11978822e-07
3.086019651e-07
3.060449082e-07
3.043827352e-07
3.024917956e-07
3.016335418e-07
3.005660408e-07
2.998937264e-07
2.993085118e-07
2.991968471e-07
2.99386572e-07
3.003480029e-07
3.027120352e-07
3.066802385e-07
3.149891999e-07
3.294304962e-07
3.593007635e-07
4.485211351e-07
0.007371497399
0.008152924693
0.008041153129
0.00746811068
0.007371093108
0.008710709682
0.01044328851
0.009158790623
0.003802973526
0.001089552831
0.0001934605433
3.309962363e-05
5.386498989e-06
1.173798792e-06
5.611118848e-07
4.618221168e-07
4.364531558e-07
4.287226666e-07
4.2608089e-07
4.250028171e-07
4.236599278e-07
4.201805226e-07
4.111161477e-07
3.880544376e-07
3.565291122e-07
3.360298384e-07
3.240765568e-07
3.167578306e-07
3.119637363e-07
3.085210756e-07
3.059606346e-07
3.041764685e-07
3.023145759e-07
3.014159443e-07
3.002683506e-07
2.995976424e-07
2.989939641e-07
2.987748695e-07
2.98844079e-07
2.997174929e-07
3.020370121e-07
3.058849276e-07
3.139810059e-07
3.280732571e-07
3.572606601e-07
4.448279021e-07
0.004887560204
0.006273138525
0.007168473817
0.007128238669
0.006757066879
0.006775399919
0.007877415172
0.008786531776
0.00703815083
0.002038171251
0.0005109668982
9.822773039e-05
1.52284475e-05
2.325510798e-06
6.784401224e-07
4.794486077e-07
4.387983182e-07
4.336796811e-07
4.306666401e-07
4.284561053e-07
4.254619411e-07
4.216901504e-07
4.122090032e-07
3.886138949e-07
3.570829654e-07
3.364390129e-07
3.242881458e-07
3.168212256e-07
3.119294796e-07
3.084383032e-07
3.057593604e-07
3.040336343e-07
3.020509903e-07
3.011193049e-07
2.999768781e-07
2.99217086e-07
2.985316973e-07
2.983083725e-07
2.983603312e-07
2.991307756e-07
3.012558796e-07
3.049035137e-07
3.127549177e-07
3.264813274e-07
3.54980641e-07
4.411739996e-07
0.001747749733
0.002915939149
0.004353497042
0.005623095822
0.006026170436
0.005886734779
0.005831437838
0.006529317684
0.006810921163
0.005214299519
0.001421781644
0.0003792669026
8.222095411e-05
1.453870253e-05
2.400582722e-06
6.770890475e-07
4.72541508e-07
4.413944767e-07
4.348870261e-07
4.311857597e-07
4.284722806e-07
4.233640181e-07
4.137128475e-07
3.904668887e-07
3.581389991e-07
3.369342916e-07
3.245725446e-07
3.169384928e-07
3.119017706e-07
3.082419725e-07
3.0558844e-07
3.036177836e-07
3.017167753e-07
3.007327775e-07
2.994798453e-07
2.987545157e-07
2.980691725e-07
2.977215992e-07
2.976467474e-07
2.983469388e-07
3.004579727e-07
3.04006075e-07
3.116631722e-07
3.250658793e-07
3.529320412e-07
4.375214562e-07
0.0004235718639
0.0006727757427
0.001288799587
0.002135315176
0.003428663404
0.004457192536
0.004814413636
0.004765033999
0.004956833882
0.004930053141
0.003892095779
0.001249482738
0.0002948351571
8.05763218e-05
1.782242321e-05
3.655585493e-06
9.254245228e-07
5.006226866e-07
4.447737889e-07
4.331275148e-07
4.293957848e-07
4.253984803e-07
4.160331578e-07
3.924665217e-07
3.604500446e-07
3.385070988e-07
3.253518937e-07
3.172042139e-07
3.118361092e-07
3.080491306e-07
3.050274326e-07
3.032526935e-07
3.010513087e-07
3.000247784e-07
2.988305758e-07
2.979519011e-07
2.971642062e-07
2.968786574e-07
2.968422844e-07
2.974428668e-07
2.99342674e-07
3.027108234e-07
3.101615043e-07
3.232510238e-07
3.505069313e-07
4.33845297e-07
7.1728308e-05
0.0001332936011
0.0002431965741
0.0004771146125
0.0007799835028
0.001367031626
0.002262517016
0.003114122127
0.003425342046
0.003561739064
0.003494876419
0.00288955422
0.001398784076
0.0004069973572
0.0001110814003
2.775712541e-05
6.262740913e-06
1.505063815e-06
6.058670646e-07
4.589165536e-07
4.350085595e-07
4.264397414e-07
4.179736632e-07
3.96951335e-07
3.629993617e-07
3.397742448e-07
3.260481885e-07
3.174694397e-07
3.11751803e-07
3.074850143e-07
3.04595268e-07
3.021818396e-07
3.002392992e-07
2.991045592e-07
2.97694397e-07
2.969578144e-07
2.962213521e-07
2.957469308e-07
2.95556957e-07
2.961365957e-07
2.981156131e-07
3.014410015e-07
3.087413462e-07
3.215619388e-07
3.482744322e-07
4.301419235e-07
8.277144801e-06
1.69340436e-05
3.63359913e-05
7.728050444e-05
0.0001515892874
0.0002681390259
0.0005425850826
0.0008408931077
0.001432712287
0.00203621249
0.0023307519
0.00233978713
0.002048209474
0.001331407456
0.000499810155
0.0001538489245
4.049644245e-05
1.044934137e-05
2.749208834e-06
8.940055747e-07
5.117924442e-07
4.408894836e-07
4.210721657e-07
3.98860734e-07
3.681047028e-07
3.430731066e-07
3.27644525e-07
3.179190267e-07
3.115419987e-07
3.070760243e-07
3.033049731e-07
3.013937951e-07
2.9879048e-07
2.976435588e-07
2.963996e-07
2.953766673e-07
2.945129988e-07
2.94230678e-07
2.941789187e-07
2.946663638e-07
2.963997834e-07
2.995823226e-07
3.067441396e-07
3.193409095e-07
3.455715333e-07
4.263887225e-07
9.985334277e-07
1.63265162e-06
3.365356452e-06
7.941686422e-06
1.887723287e-05
4.246576459e-05
9.032571259e-05
0.0001747159623
0.0002949734261
0.0005660657778
0.0008850716567
0.001225200882
0.001484296905
0.001359899441
0.001066405236
0.0005933276808
0.0001806611026
5.369002325e-05
1.360267014e-05
4.874632136e-06
1.573377285e-06
6.793490984e-07
4.747466222e-07
4.165453849e-07
3.737154397e-07
3.469080229e-07
3.292713357e-07
3.190726405e-07
3.117120675e-07
3.060086659e-07
3.025520037e-07
2.99196897e-07
2.972291993e-07
2.958227986e-07
2.941829444e-07
2.935250874e-07
2.927770659e-07
2.921780977e-07
2.919174444e-07
2.924644931e-07
2.944270235e-07
2.976420654e-07
3.046961922e-07
3.170649002e-07
3.428018947e-07
4.216895444e-07
4.555866038e-07
4.672556671e-07
4.96628412e-07
5.826694992e-07
8.49102743e-07
1.653825844e-06
3.935026913e-06
9.85745239e-06
2.34658164e-05
5.123422605e-05
9.999176071e-05
0.0001977541293
0.0003080851822
0.0004907413982
0.0007983234881
0.0008804009016
0.0007937914198
0.0005937547927
0.0002912583273
9.307307148e-05
3.263122463e-05
9.539481366e-06
3.039457598e-06
1.130957051e-06
5.904950577e-07
4.321923775e-07
3.665740102e-07
3.382350359e-07
3.220643439e-07
3.134590958e-07
3.060981458e-07
3.000227054e-07
2.97826463e-07
2.94215325e-07
2.929521926e-07
2.916787078e-07
2.903583492e-07
2.894352225e-07
2.892857939e-07
2.893261784e-07
2.897202658e-07
2.912640136e-07
2.942974971e-07
3.012060085e-07
3.133189222e-07
3.384447842e-07
4.15088793e-07
4.042352858e-07
4.05259027e-07
4.070834924e-07
4.088991389e-07
4.255148986e-07
4.598949624e-07
5.765519017e-07
9.534901981e-07
2.07400513e-06
5.111587775e-06
1.234926108e-05
2.850266081e-05
5.637458121e-05
0.0001071459685
0.000179693094
0.0002761853894
0.0004706858071
0.000491324206
0.0004484287554
0.0003227784803
0.0001515141015
4.37127421e-05
1.662821887e-05
4.560668461e-06
2.025985267e-06
9.215291745e-07
5.303898492e-07
3.985375104e-07
3.451486839e-07
3.212731921e-07
3.095127187e-07
3.003919864e-07
2.936999154e-07
2.915725948e-07
2.89258903e-07
2.871420989e-07
2.86792379e-07
2.860118608e-07
2.851385168e-07
2.84765572e-07
2.853569044e-07
2.874016579e-07
2.905171719e-07
2.972348804e-07
3.089383877e-07
3.331722091e-07
4.062756403e-07
3.521248345e-07
3.526356938e-07
3.530965809e-07
3.538823788e-07
3.545414738e-07
3.557990421e-07
3.57247551e-07
3.637642934e-07
3.795683143e-07
4.327505731e-07
6.088087888e-07
1.144618092e-06
2.653787254e-06
6.324403137e-06
1.451011761e-05
3.089906345e-05
5.752925569e-05
9.896583953e-05
0.0001648164265
0.0002705645801
0.0002867474262
0.0002538267446
0.0001921837003
8.933079259e-05
3.124732277e-05
1.195706999e-05
4.285401077e-06
1.73609521e-06
8.562904048e-07
5.07958211e-07
3.817755272e-07
3.307471067e-07
3.074175732e-07
2.942400154e-07
2.858873811e-07
2.840288936e-07
2.824412441e-07
2.801908908e-07
2.793035097e-07
2.795187564e-07
2.797364284e-07
2.798928619e-07
2.810423683e-07
2.838034652e-07
2.902498502e-07
3.014700167e-07
3.245377394e-07
3.96640057e-07
3.145993667e-07
3.148088192e-07
3.149967018e-07
3.153128551e-07
3.15586067e-07
3.16062881e-07
3.164672981e-07
3.172359754e-07
3.17726835e-07
3.21308909e-07
3.288438809e-07
3.531192438e-07
4.342551254e-07
6.850622554e-07
1.394623095e-06
3.238652433e-06
7.327162331e-06
1.592336607e-05
3.002551624e-05
5.858197334e-05
8.610895351e-05
0.0001520877426
0.0001581482235
0.0001467655827
0.0001093286885
5.552650782e-05
1.727840331e-05
7.518798137e-06
3.10097906e-06
1.356664976e-06
7.878333832e-07
4.871463992e-07
3.638804245e-07
3.131292392e-07
2.883771973e-07
2.773445612e-07
2.737642276e-07
2.740998883e-07
2.728305315e-07
2.711842851e-07
2.706634762e-07
2.715356188e-07
2.737414634e-07
2.766739508e-07
2.827497278e-07
2.93211633e-07
3.146314866e-07
3.801341341e-07
2.866610857e-07
2.867264444e-07
2.867950516e-07
2.868914355e-07
2.869915186e-07
2.871336753e-07
2.872817432e-07
2.874921013e-07
2.877167075e-07
2.880191958e-07
2.885305128e-07
2.890833692e-07
2.938675694e-07
3.045256006e-07
3.408985138e-07
4.57925873e-07
7.927562459e-07
1.691287586e-06
3.753817363e-06
8.423149901e-06
1.648867572e-05
2.906245041e-05
5.176644542e-05
8.235637416e-05
9.513873537e-05
8.662029061e-05
6.909181468e-05
3.67629125e-05
1.400474643e-05
6.395068594e-06
3.139137324e-06
1.491137774e-06
7.527144782e-07
4.514634299e-07
3.30104707e-07
2.817400885e-07
2.662690307e-07
2.598727771e-07
2.604708168e-07
2.613707409e-07
2.617199945e-07
2.610178473e-07
2.614956585e-07
2.63740282e-07
2.693782652e-07
2.790214331e-07
2.984735364e-07
3.588647991e-07
2.682531448e-07
2.682777714e-07
2.683069091e-07
2.683425359e-07
2.683845733e-07
2.684359251e-07
2.684963908e-07
2.685700436e-07
2.686568742e-07
2.68762124e-07
2.688882392e-07
2.690374683e-07
2.692468976e-07
2.695418605e-07
2.706055577e-07
2.761636023e-07
2.927456016e-07
3.472619617e-07
5.082790733e-07
9.571729844e-07
2.024676519e-06
4.360440082e-06
8.82799673e-06
1.687079743e-05
2.591873565e-05
4.408192792e-05
5.546861624e-05
5.21307902e-05
4.295554325e-05
2.517862195e-05
1.363200346e-05
6.371545597e-06
2.686692948e-06
1.118741238e-06
5.478420476e-07
3.559620932e-07
2.854005027e-07
2.552991392e-07
2.478876958e-07
2.449459353e-07
2.445399554e-07
2.468000127e-07
2.493883728e-07
2.517378047e-07
2.567598472e-07
2.651760531e-07
2.820137512e-07
3.36971742e-07
2.389039525e-07
2.389190166e-07
2.389354448e-07
2.389573646e-07
2.389796773e-07
2.390097864e-07
2.390399684e-07
2.39081471e-07
2.391217043e-07
2.391781095e-07
2.392307282e-07
2.393065733e-07
2.39374409e-07
2.394747513e-07
2.395760006e-07
2.396602543e-07
2.405024641e-07
2.430045398e-07
2.512296363e-07
2.792650684e-07
3.656964633e-07
6.112404024e-07
1.235449811e-06
2.67068918e-06
5.206289535e-06
9.18081608e-06
1.688623064e-05
3.004341372e-05
3.655394475e-05
3.323387065e-05
2.411473292e-05
1.608138024e-05
5.920742036e-06
2.052527876e-06
8.670684836e-07
4.532998688e-07
3.254067175e-07
2.583294114e-07
2.332333143e-07
2.321096837e-07
2.312848964e-07
2.269671022e-07
2.268574031e-07
2.28579537e-07
2.329745877e-07
2.402712754e-07
2.543546005e-07
3.002775364e-07
2.228599132e-07
2.228791105e-07
2.229024829e-07
2.229297668e-07
2.229604898e-07
2.229959159e-07
2.230360822e-07
2.230822892e-07
2.231340935e-07
2.231930197e-07
2.232584758e-07
2.23332079e-07
2.234132238e-07
2.235031504e-07
2.2360232e-07
2.237098548e-07
2.238300993e-07
2.239844999e-07
2.241855003e-07
2.253791389e-07
2.274961752e-07
2.496672177e-07
3.068712694e-07
4.759518549e-07
8.937995932e-07
1.809679585e-06
3.347793969e-06
7.157228406e-06
1.202436041e-05
2.449775834e-05
2.309529616e-05
1.994040132e-05
1.406121299e-05
4.689299406e-06
1.504500392e-06
7.129314556e-07
3.940819576e-07
2.784118943e-07
2.213968509e-07
2.013225313e-07
2.017809408e-07
2.088947573e-07
2.125180964e-07
2.146509693e-07
2.187701777e-07
2.249482622e-07
2.362070334e-07
2.762093453e-07
1.766191331e-07
1.766285655e-07
1.7663987e-07
1.766528631e-07
1.766676207e-07
1.766844075e-07
1.76703454e-07
1.767249129e-07
1.76748902e-07
1.767755252e-07
1.768048413e-07
1.768345902e-07
1.768643442e-07
1.768943653e-07
1.769254162e-07
1.769594032e-07
1.769970849e-07
1.770406611e-07
1.770928001e-07
1.771757494e-07
1.773378771e-07
1.782684022e-07
1.816438633e-07
1.935791378e-07
2.307233462e-07
3.338357322e-07
5.777557242e-07
1.192800001e-06
2.43395697e-06
5.202732597e-06
8.534193007e-06
1.230212544e-05
1.225751576e-05
1.035397994e-05
6.165533653e-06
2.626456648e-06
1.079744537e-06
5.337166731e-07
3.227378338e-07
2.272387623e-07
1.874932193e-07
1.744006946e-07
1.729817465e-07
1.739916955e-07
1.767717996e-07
1.811833146e-07
1.889283214e-07
2.136908148e-07
1.765983536e-07
1.765936343e-07
1.76588016e-07
1.765813945e-07
1.765735644e-07
1.765643509e-07
1.765535002e-07
2.270452018e-07
2.27012908e-07
2.269184957e-07
2.268515218e-07
2.26746394e-07
2.26648298e-07
2.265325332e-07
2.440333686e-07
2.43989458e-07
2.439330236e-07
2.438693295e-07
2.43790015e-07
2.43699261e-07
2.738974199e-07
2.738413003e-07
2.737782147e-07
2.736974819e-07
2.736062986e-07
2.920484959e-07
2.919429925e-07
2.918334329e-07
3.21801312e-07
3.215482738e-07
3.579402288e-07
3.560061517e-07
3.594392938e-07
3.579523335e-07
3.560191648e-07
3.623064343e-07
3.61033641e-07
3.594473718e-07
3.579761255e-07
3.560520114e-07
3.635440629e-07
3.623102644e-07
3.610426305e-07
3.594604773e-07
3.580063274e-07
3.560742478e-07
3.661535214e-07
3.648533826e-07
3.635610274e-07
3.623105646e-07
3.610653152e-07
3.594820439e-07
3.580330106e-07
3.561150025e-07
3.700026424e-07
3.679500634e-07
3.661654772e-07
3.648851585e-07
3.635599497e-07
3.62316535e-07
3.610762798e-07
3.594988463e-07
3.580925939e-07
3.561709629e-07
3.731491881e-07
3.700277055e-07
3.679844384e-07
3.661664218e-07
3.649002014e-07
3.635859972e-07
3.623544804e-07
3.611028014e-07
3.595629236e-07
3.581358487e-07
3.562274171e-07
3.908928374e-07
3.785819653e-07
3.731746884e-07
3.700538008e-07
3.679883364e-07
3.662134475e-07
3.649607267e-07
3.63585806e-07
3.623731734e-07
3.611117081e-07
3.596028023e-07
3.58224541e-07
3.563589629e-07
5.679368083e-07
4.29353856e-07
3.906680444e-07
3.785015043e-07
3.73158139e-07
3.70107479e-07
3.680599042e-07
3.662209232e-07
3.649789942e-07
3.635950276e-07
3.624595638e-07
3.61172611e-07
3.597371838e-07
3.5832804e-07
3.564663347e-07
3.547171674e-07
0.01198400353
0.0004039026215
4.489308056e-06
5.659530207e-07
4.286724806e-07
3.906099907e-07
3.786062205e-07
3.732939705e-07
3.701989763e-07
3.680698854e-07
3.663410908e-07
3.650801159e-07
3.636537375e-07
3.625168861e-07
3.611968189e-07
3.598153689e-07
3.584588215e-07
3.566968032e-07
3.550278709e-07
0.01309154515
0.0004550687964
4.762926585e-06
5.660781778e-07
4.287942401e-07
3.906979816e-07
3.78657217e-07
3.733426292e-07
3.702969174e-07
3.682331995e-07
3.663584671e-07
3.651056322e-07
3.636793318e-07
3.626355796e-07
3.613570797e-07
3.60065097e-07
3.586570203e-07
3.569515193e-07
3.552940723e-07
0.01432056677
0.0005105809209
5.567203173e-06
5.652648682e-07
4.286212169e-07
3.909430263e-07
3.789866223e-07
3.736636559e-07
3.705332968e-07
3.68256373e-07
3.665521688e-07
3.652987955e-07
3.63842109e-07
3.628106328e-07
3.614164343e-07
3.602061536e-07
3.588917895e-07
3.573165606e-07
3.557261065e-07
0.01579995507
0.0006163124212
6.432506619e-06
5.739497846e-07
4.309369531e-07
3.918821025e-07
3.794864792e-07
3.739133602e-07
3.707057425e-07
3.686155457e-07
3.667029865e-07
3.653370238e-07
3.639068068e-07
3.629311117e-07
3.6168925e-07
3.606332349e-07
3.592533346e-07
3.577380012e-07
3.561693274e-07
0.01801986331
0.0007428540234
8.613115363e-06
5.826837185e-07
4.33878584e-07
3.932376035e-07
3.802707294e-07
3.745477488e-07
3.712381219e-07
3.686795133e-07
3.669148253e-07
3.656928648e-07
3.642335216e-07
3.632981027e-07
3.619515519e-07
3.608971865e-07
3.596077717e-07
3.582810188e-07
3.566732502e-07
0.0205529391
0.001034329399
1.239468905e-05
6.073236079e-07
4.396543724e-07
3.958523398e-07
3.816631615e-07
3.75303841e-07
3.715762195e-07
3.692982155e-07
3.673876426e-07
3.65778436e-07
3.643830554e-07
3.634847331e-07
3.622887137e-07
3.614406262e-07
3.602028187e-07
3.58900753e-07
3.573476431e-07
0.02331159585
0.001176633113
1.884608174e-05
6.860141361e-07
4.513599252e-07
3.998449034e-07
3.837528733e-07
3.765257318e-07
3.726666692e-07
3.697046726e-07
3.676247919e-07
3.663800601e-07
3.64953027e-07
3.640982775e-07
3.628484157e-07
3.620025479e-07
3.607872461e-07
3.596230054e-07
3.579879484e-07
3.560210396e-07
0.0257268378
0.001888999827
3.581447942e-05
8.010088258e-07
4.627411857e-07
4.070227141e-07
3.867093203e-07
3.784894758e-07
3.735280615e-07
3.705956029e-07
3.685900184e-07
3.666185863e-07
3.653180166e-07
3.644206818e-07
3.633614057e-07
3.626851705e-07
3.615518388e-07
3.604323351e-07
3.589109645e-07
3.567987865e-07
0.02594484428
0.002841256961
8.764594835e-05
1.121208802e-06
5.10399065e-07
4.150108402e-07
3.926477627e-07
3.810944261e-07
3.756350971e-07
3.718170974e-07
3.690772703e-07
3.675989561e-07
3.661615518e-07
3.653518833e-07
3.641992996e-07
3.634984285e-07
3.623978609e-07
3.61346911e-07
3.597130414e-07
3.57943769e-07
3.557419714e-07
0.02461127437
0.004044817124
0.0001943252015
4.719232771e-06
5.820713591e-07
4.447617452e-07
3.981941897e-07
3.857378559e-07
3.778256538e-07
3.733445248e-07
3.708314483e-07
3.68226282e-07
3.668818398e-07
3.658487976e-07
3.649469658e-07
3.643818889e-07
3.633291937e-07
3.62321112e-07
3.609051674e-07
3.590136898e-07
3.568418325e-07
0.02193963535
0.004981246814
0.0004859143678
2.47004888e-05
1.35368634e-06
4.992197407e-07
4.206043002e-07
3.916426901e-07
3.820836324e-07
3.760399563e-07
3.717940188e-07
3.698661898e-07
3.680871804e-07
3.672037492e-07
3.66079566e-07
3.654333256e-07
3.644347153e-07
3.63490065e-07
3.619083082e-07
3.603081825e-07
3.581872595e-07
3.550807143e-07
0.0182148327
0.005207021368
0.000922860582
6.742226655e-05
4.921262891e-06
7.370131989e-07
4.371890365e-07
4.039679714e-07
3.871370227e-07
3.792307921e-07
3.75089913e-07
3.710794179e-07
3.69328994e-07
3.679545142e-07
3.671400658e-07
3.666197939e-07
3.656407019e-07
3.646842797e-07
3.633729435e-07
3.617079267e-07
3.595579957e-07
3.562904978e-07
0.01413302549
0.004764641677
0.0009074366048
0.0001037906002
1.033113308e-05
1.34704107e-06
5.414745698e-07
4.192656282e-07
3.966294267e-07
3.844750802e-07
3.770490173e-07
3.73865256e-07
3.711332397e-07
3.699966693e-07
3.687072605e-07
3.68023568e-07
3.670557869e-07
3.661698869e-07
3.647024542e-07
3.632434476e-07
3.612398345e-07
3.582267183e-07
3.535822457e-07
0.01020511309
0.007496273441
0.00174202217
0.0002864370616
2.813178005e-05
2.726939386e-06
6.70806769e-07
4.741183772e-07
4.073432484e-07
3.918407916e-07
3.83337297e-07
3.763081335e-07
3.733347087e-07
3.711518248e-07
3.702737453e-07
3.696812086e-07
3.687135118e-07
3.677877442e-07
3.665876308e-07
3.651177535e-07
3.630386309e-07
3.598493678e-07
3.557325719e-07
0.006935492615
0.009274126979
0.001976786584
0.0003446924685
4.422717195e-05
6.433616665e-06
1.353814834e-06
5.40228274e-07
4.368585968e-07
4.030080955e-07
3.878578131e-07
3.813665395e-07
3.762238618e-07
3.743439718e-07
3.725200006e-07
3.716700792e-07
3.706184956e-07
3.697154707e-07
3.684031941e-07
3.670767654e-07
3.652445512e-07
3.624539495e-07
3.577590301e-07
3.511561758e-07
0.007616466004
0.01808186308
0.004354307404
0.0006322176605
0.000109110745
1.099051799e-05
1.820974738e-06
7.5707697e-07
4.700473831e-07
4.177538272e-07
3.998162368e-07
3.864055285e-07
3.805403654e-07
3.762720371e-07
3.750442425e-07
3.740844186e-07
3.730449363e-07
3.720761584e-07
3.709460773e-07
3.696053456e-07
3.677443311e-07
3.647459409e-07
3.606477711e-07
3.537713963e-07
3.445662476e-07
0.008629512375
0.01922931256
0.008446562604
0.001398071122
0.0001874495093
3.073433022e-05
5.201008795e-06
9.74122315e-07
5.759211471e-07
4.513589138e-07
4.11646768e-07
3.964529964e-07
3.856218693e-07
3.816910323e-07
3.783943545e-07
3.771417158e-07
3.756785817e-07
3.745891944e-07
3.734544476e-07
3.723174339e-07
3.707049061e-07
3.682791235e-07
3.6380308e-07
3.571259298e-07
3.476391388e-07
0.009063855881
0.01756204379
0.01252939377
0.004103468625
0.0006605834342
5.647729978e-05
1.401783712e-05
2.961177096e-06
8.557142366e-07
4.74338246e-07
4.414562912e-07
4.076400174e-07
3.949251642e-07
3.855153391e-07
3.828902162e-07
3.807726223e-07
3.795011037e-07
3.782762944e-07
3.77115188e-07
3.759505278e-07
3.744960593e-07
3.719133793e-07
3.681038392e-07
3.613469079e-07
3.515153867e-07
3.345399218e-07
0.008194179153
0.01402204514
0.01251427871
0.007949555649
0.002115452176
0.0005283562011
6.626730493e-05
1.246114008e-05
2.696149625e-06
9.000234335e-07
4.656532843e-07
4.36393271e-07
4.041407852e-07
3.951822223e-07
3.88378837e-07
3.860556569e-07
3.834206536e-07
3.820394843e-07
3.809747542e-07
3.799968446e-07
3.786638842e-07
3.769021483e-07
3.729701152e-07
3.666416524e-07
3.567763866e-07
3.370638808e-07
3.259141835e-07
0.006982069573
0.01160656197
0.01161125932
0.009936493652
0.005323221196
0.001421801582
0.0003077674176
4.878222166e-05
1.013088519e-05
2.042987868e-06
8.149635263e-07
4.746246083e-07
4.323372216e-07
4.049198726e-07
3.967407656e-07
3.918783772e-07
3.897956018e-07
3.875526482e-07
3.860128805e-07
3.849527169e-07
3.839358412e-07
3.820863399e-07
3.79075545e-07
3.728954565e-07
3.631851109e-07
3.40546951e-07
3.270028362e-07
3.201428244e-07
0.005872921201
0.00984617916
0.01039926635
0.009914865637
0.007810165628
0.003159668006
0.0008059809032
0.0001779327755
3.322815297e-05
6.907342557e-06
1.282051116e-06
6.567931038e-07
4.591703792e-07
4.201927573e-07
4.047142859e-07
3.990490998e-07
3.94390825e-07
3.921875925e-07
3.904870309e-07
3.893317815e-07
3.88428419e-07
3.873021423e-07
3.842829322e-07
3.788575084e-07
3.697025708e-07
3.443861499e-07
3.290294834e-07
3.207626256e-07
3.164045588e-07
0.005034802602
0.008708479255
0.009493879704
0.009716260736
0.00872296308
0.005285852353
0.001623723768
0.0003304104545
7.487708012e-05
1.530420922e-05
3.734692456e-06
8.778585873e-07
5.462732093e-07
4.4071637e-07
4.152959492e-07
4.048573211e-07
4.003431161e-07
3.969144811e-07
3.947074692e-07
3.935253703e-07
3.925425492e-07
3.915141207e-07
3.894499583e-07
3.841216146e-07
3.754904734e-07
3.488040102e-07
3.307719914e-07
3.216169235e-07
3.166236988e-07
3.137775085e-07
0.004378345873
0.007913991099
0.008847881332
0.009404259769
0.008954311929
0.00700418695
0.002789116687
0.0008017426377
0.0001441945312
3.126152436e-05
5.828419608e-06
1.731934275e-06
6.305558627e-07
4.808317545e-07
4.235547896e-07
4.110400098e-07
4.04408616e-07
4.00910297e-07
3.983000268e-07
3.966000018e-07
3.958728495e-07
3.956503769e-07
3.932294414e-07
3.886426207e-07
3.806470856e-07
3.536911991e-07
3.33502301e-07
3.228838227e-07
3.178200607e-07
3.138853165e-07
3.118596924e-07
0.003826300868
0.007302987809
0.008347269287
0.009084905804
0.009063522112
0.007950907448
0.004278573632
0.00123779308
0.0003265917652
5.949966904e-05
1.465265376e-05
2.517550374e-06
9.243415082e-07
5.115441944e-07
4.426536363e-07
4.168120207e-07
4.092333338e-07
4.042718548e-07
4.012079244e-07
4.011717376e-07
3.995651369e-07
3.985625774e-07
3.969958599e-07
3.925578351e-07
3.850267844e-07
3.577024158e-07
3.362281081e-07
3.246152736e-07
3.186978e-07
3.142403974e-07
3.117816576e-07
3.103337444e-07
0.003354242118
0.006800783758
0.007930293025
0.00878580878
0.009049398476
0.008373049667
0.005693178878
0.002002978057
0.0004973659488
0.0001122566935
2.119269504e-05
5.251504807e-06
1.167060087e-06
6.057984735e-07
4.560048074e-07
4.250789717e-07
4.125850712e-07
4.077741316e-07
4.047679058e-07
4.026248275e-07
4.026022087e-07
4.018183439e-07
4.00829211e-07
3.958582619e-07
3.887537356e-07
3.615576564e-07
3.385328511e-07
3.262531095e-07
3.204846641e-07
3.147742193e-07
3.119287068e-07
3.101588621e-07
3.093584777e-07
0.00297082566
0.006374727866
0.007574708526
0.008522931968
0.00900630724
0.008605377643
0.006861103818
0.002825210988
0.0008124802711
0.0001666124954
4.095665701e-05
7.350572317e-06
1.990246889e-06
6.802121651e-07
4.879008471e-07
4.293299566e-07
4.158777505e-07
4.113046462e-07
4.071685902e-07
4.057088777e-07
4.060029661e-07
4.048518213e-07
4.032944608e-07
3.986072609e-07
3.917903539e-07
3.645768143e-07
3.406190058e-07
3.278052332e-07
3.214637618e-07
3.155762743e-07
3.122627973e-07
3.101307634e-07
3.090807662e-07
3.090284886e-07
0.002643103998
0.006012110772
0.007267442233
0.00829279229
0.008935485701
0.008848607892
0.007673406358
0.003826877739
0.001143501235
0.0003081772949
6.157402623e-05
1.456790964e-05
2.629783959e-06
8.977376885e-07
5.08903304e-07
4.407974839e-07
4.206374894e-07
4.135925684e-07
4.104231133e-07
4.085039814e-07
4.072876935e-07
4.066258703e-07
4.065029067e-07
4.008536154e-07
3.941138025e-07
3.672316676e-07
3.423642055e-07
3.290273945e-07
3.227067397e-07
3.162123738e-07
3.127039209e-07
3.102585865e-07
3.089335552e-07
3.085007508e-07
0.002364170949
0.005704972175
0.006994974057
0.008081551886
0.0088464382
0.008937577606
0.008083169202
0.004861363861
0.001560583082
0.0004029776902
0.0001096673282
1.995992826e-05
4.504308682e-06
1.08260107e-06
5.651558356e-07
4.487092357e-07
4.253792572e-07
4.164856826e-07
4.119935444e-07
4.095996813e-07
4.095805169e-07
4.084056796e-07
4.078713512e-07
4.027131427e-07
3.959320082e-07
3.692168283e-07
3.438517746e-07
3.301122345e-07
3.23541414e-07
3.173745959e-07
3.130986736e-07
3.104706425e-07
3.088928438e-07
3.082463579e-07
3.082554704e-07
0.002143838892
0.005425284681
0.006780453513
0.007914181416
0.00878845205
0.009027846141
0.008376336137
0.005772800373
0.002031052915
0.0005617313672
0.0001391271394
3.312205772e-05
5.736879872e-06
1.349797941e-06
5.969065782e-07
4.627425757e-07
4.273206239e-07
4.192434787e-07
4.137093189e-07
4.111931388e-07
4.10506215e-07
4.097794508e-07
4.099797294e-07
4.042707958e-07
3.97355131e-07
3.709665924e-07
3.450230953e-07
3.309879233e-07
3.245001322e-07
3.178853747e-07
3.135440536e-07
3.106927362e-07
3.089179128e-07
3.080815334e-07
3.077436141e-07
0.00196755881
0.00514830152
0.006596260983
0.007769847732
0.008704081776
0.009085348849
0.008590828625
0.006504314609
0.002528869849
0.0006980115744
0.0001886670142
4.063317219e-05
8.728576871e-06
1.648108756e-06
6.724394686e-07
4.699849903e-07
4.315033797e-07
4.202025455e-07
4.157352571e-07
4.121021922e-07
4.112464971e-07
4.108521468e-07
4.107348931e-07
4.055485667e-07
3.984779711e-07
3.722608393e-07
3.460241657e-07
3.318776247e-07
3.250822042e-07
3.186525711e-07
3.137874194e-07
3.108446481e-07
3.089564913e-07
3.079756265e-07
3.074692537e-07
3.081932279e-07
0.001826647494
0.00489537316
0.00643066172
0.007641763821
0.008621103491
0.009117239231
0.008757571005
0.007115000521
0.002999737306
0.0008543001589
0.0002248309932
5.646178969e-05
1.038391358e-05
1.961278267e-06
7.100996994e-07
4.849434613e-07
4.329264161e-07
4.217792619e-07
4.165710707e-07
4.128292266e-07
4.118400971e-07
4.116968794e-07
4.120948653e-07
4.065242121e-07
3.99368593e-07
3.734092074e-07
3.468157297e-07
3.324282637e-07
3.257856629e-07
3.190215566e-07
3.141410068e-07
3.109724184e-07
3.089758987e-07
3.078899363e-07
3.072778813e-07
3.078979338e-07
0.001714402828
0.004680706285
0.006283540221
0.007528795623
0.008546049785
0.009135302234
0.00892142182
0.007539162663
0.003463343778
0.001003638334
0.0002726482286
6.319558431e-05
1.382863302e-05
2.311455333e-06
7.93634089e-07
4.921485824e-07
4.362990855e-07
4.221770256e-07
4.178039016e-07
4.134167616e-07
4.123275202e-07
4.123688948e-07
4.125566281e-07
4.072961454e-07
4.000774835e-07
3.742557211e-07
3.474938127e-07
3.331415044e-07
3.26172678e-07
3.195132369e-07
3.143276159e-07
3.110712893e-07
3.089816418e-07
3.078143037e-07
3.0711863e-07
3.076118549e-07
3.078298579e-07
0.001624799256
0.004502638512
0.006157475772
0.007431267665
0.008480543447
0.009149225027
0.009043815672
0.007854797685
0.003893033207
0.001141932751
0.0002993494166
7.579244277e-05
1.549053686e-05
2.647603509e-06
8.3285891e-07
5.066155398e-07
4.382572768e-07
4.230797128e-07
4.180544495e-07
4.138926244e-07
4.127369993e-07
4.129086378e-07
4.134797098e-07
4.079040523e-07
4.006486524e-07
3.750122588e-07
3.48034004e-07
3.334808974e-07
3.266993409e-07
3.197779912e-07
3.145422442e-07
3.11158535e-07
3.089873145e-07
3.077512331e-07
3.069882917e-07
3.074223649e-07
3.076697217e-07
0.001552154211
0.004355485277
0.006049733484
0.007347602338
0.008423937271
0.009155436267
0.009128819477
0.008073902529
0.004290309289
0.001287988967
0.0003402195265
8.165449033e-05
1.852760944e-05
2.98251848e-06
9.128408817e-07
5.132275589e-07
4.413018183e-07
4.239100739e-07
4.184725226e-07
4.142865894e-07
4.130885238e-07
4.133463076e-07
4.139388638e-07
4.083952001e-07
4.011068412e-07
3.755771646e-07
3.484969845e-07
3.339937001e-07
3.269032875e-07
3.201355277e-07
3.147557537e-07
3.112178843e-07
3.089854906e-07
3.0769778e-07
3.068807932e-07
3.072173104e-07
3.072690952e-07
0.001495242532
0.004233606745
0.00595758792
0.007276130776
0.008375189991
0.009155101777
0.009191498689
0.008233512061
0.004639022481
0.001426309224
0.0003674238159
9.162416188e-05
1.998618773e-05
3.289318091e-06
9.487789487e-07
5.259595464e-07
4.424332854e-07
4.245428827e-07
4.189658289e-07
4.14625327e-07
4.134031674e-07
4.137138199e-07
4.145820732e-07
4.087931125e-07
4.014912338e-07
3.761033858e-07
3.488790485e-07
3.342409452e-07
3.272761017e-07
3.202508942e-07
3.149938554e-07
3.112793368e-07
3.089817707e-07
3.076449912e-07
3.06777482e-07
3.070989788e-07
3.069661957e-07
0.004133510525
0.005879533185
0.007215207795
0.008333470919
0.009151931113
0.009242452168
0.008354586648
0.004935954958
0.001554031262
0.0004022620729
9.790551662e-05
2.235253228e-05
3.576707887e-06
1.01825146e-06
5.315951968e-07
4.449522174e-07
4.252606935e-07
4.193028609e-07
4.149217222e-07
4.136889725e-07
4.140273413e-07
4.14949533e-07
4.091320632e-07
4.018228553e-07
3.765231704e-07
3.492334526e-07
3.346347031e-07
3.274178277e-07
3.205114013e-07
3.15119138e-07
3.113299743e-07
3.089782874e-07
3.07593255e-07
3.066762294e-07
3.069133656e-07
3.068792342e-07
3.082335296e-07
0.004050446809
0.005813628208
0.00716335897
0.00829789415
0.009147517843
0.009283502887
0.008449392357
0.005185359814
0.001667000836
0.0004297345818
0.0001062690306
2.376395319e-05
3.834243611e-06
1.04857217e-06
5.421399628e-07
4.460568361e-07
4.258261967e-07
4.196672193e-07
4.151846967e-07
4.139503943e-07
4.142977408e-07
4.154312741e-07
4.094193536e-07
4.021191752e-07
3.769426003e-07
3.49548839e-07
3.348870392e-07
3.277096627e-07
3.205778735e-07
3.153005954e-07
3.113858841e-07
3.089757236e-07
3.075453476e-07
3.065772322e-07
3.067217106e-07
3.066966526e-07
3.079958006e-07
0.00398186065
0.005758156508
0.007119271864
0.008267690962
0.009143461281
0.009316656394
0.008524989363
0.005393298716
0.001765499062
0.0004579508436
0.0001129451072
2.575073641e-05
4.06629028e-06
1.104928324e-06
5.466576272e-07
4.480417317e-07
4.265137203e-07
4.201574684e-07
4.154196515e-07
4.141904433e-07
4.145331693e-07
4.156614586e-07
4.096713889e-07
4.023829963e-07
3.772863426e-07
3.498502176e-07
3.352465123e-07
3.278888168e-07
3.207603257e-07
3.153508932e-07
3.114319826e-07
3.089734475e-07
3.074933881e-07
3.064802615e-07
3.065956186e-07
3.063654813e-07
3.07729586e-07
0.003924946052
0.005711493288
0.007081661819
0.008242091024
0.009137949129
0.009343489542
0.008585836792
0.005565950745
0.001850610959
0.0004805155372
0.0001194106355
2.664173639e-05
4.267303929e-06
1.128823928e-06
5.549999935e-07
4.491157853e-07
4.270970933e-07
4.204733319e-07
4.156292285e-07
4.144113009e-07
4.147400096e-07
4.160137493e-07
4.098922662e-07
4.026245483e-07
3.776379203e-07
3.501240821e-07
3.355204428e-07
3.281679005e-07
3.20907432e-07
3.154987288e-07
3.11488913e-07
3.089723857e-07
3.074517207e-07
3.06384953e-07
3.064245965e-07
3.060554877e-07
3.074955748e-07
0.005671870258
0.007049317359
0.00822046737
0.009134211511
0.009365278286
0.008635101884
0.005708746237
0.001923545325
0.0004991614137
0.0001232079032
2.817212438e-05
4.443895217e-06
1.172539283e-06
5.584946637e-07
4.506768688e-07
4.274673735e-07
4.207236769e-07
4.158160034e-07
4.146142129e-07
4.149230838e-07
4.161436528e-07
4.100967668e-07
4.028459824e-07
3.779320306e-07
3.503915964e-07
3.358662682e-07
3.2839342e-07
3.211119591e-07
3.155467709e-07
3.115329318e-07
3.089721155e-07
3.073936283e-07
3.062910911e-07
3.062846522e-07
3.060224329e-07
3.072338074e-07
3.083272856e-07
0.005637925022
0.007021310958
0.008202240414
0.009129574583
0.009382998597
0.008675150377
0.005826301934
0.001985621173
0.0005135455826
0.0001283042076
2.853637544e-05
4.594001323e-06
1.190695354e-06
5.649422289e-07
4.51377804e-07
4.278597031e-07
4.208206242e-07
4.159817591e-07
4.148004356e-07
4.1508639e-07
4.163969759e-07
4.102820781e-07
4.030525917e-07
3.782395927e-07
3.50639381e-07
3.360603375e-07
3.286511537e-07
3.213072895e-07
3.15658078e-07
3.11592239e-07
3.089729693e-07
3.073574478e-07
3.061984652e-07
3.061954038e-07
3.05800751e-07
3.070027221e-07
3.080159106e-07
0.005608442054
0.006996937659
0.00818693171
0.009126092291
0.009397458636
0.00870780425
0.00592318156
0.002038091252
0.0005285322017
0.000130230366
2.946944408e-05
4.724629952e-06
1.223896168e-06
5.676123714e-07
4.525054935e-07
4.281814101e-07
4.209259599e-07
4.161287013e-07
4.149709671e-07
4.15233039e-07
4.16468626e-07
4.104606785e-07
4.032466106e-07
3.785022931e-07
3.508855157e-07
3.363927179e-07
3.288525534e-07
3.214996811e-07
3.157555083e-07
3.116391523e-07
3.089750511e-07
3.072876359e-07
3.061069416e-07
3.060464129e-07
3.055682028e-07
3.067424493e-07
3.07721497e-07
0.005582344634
0.006975507134
0.008174090605
0.009122856105
0.009409276164
0.008734485365
0.006003038631
0.002082277891
0.0005412908094
0.0001337873296
3.006873737e-05
4.837963536e-06
1.237588512e-06
5.72569156e-07
4.529385707e-07
4.281273152e-07
4.209867323e-07
4.162586224e-07
4.151268819e-07
4.153656124e-07
4.166621859e-07
4.10622008e-07
4.034302523e-07
3.787821405e-07
3.511168057e-07
3.365228603e-07
3.290963065e-07
3.21681357e-07
3.159037091e-07
3.116990722e-07
3.089769906e-07
3.07252541e-07
3.060160717e-07
3.058757262e-07
3.053849103e-07
3.06513641e-07
3.07412192e-07
0.005558408576
0.006956119077
0.008163089464
0.009120087875
0.00941891243
0.008756309421
0.006068775369
0.002119317162
0.0005519103737
0.0001367099328
3.091930858e-05
4.937469786e-06
1.262735608e-06
5.746083862e-07
4.537584545e-07
4.282697458e-07
4.210045681e-07
4.163732687e-07
4.152692065e-07
4.154862866e-07
4.167060004e-07
4.107826203e-07
4.036058767e-07
3.790254596e-07
3.513495318e-07
3.368137431e-07
3.29245235e-07
3.218524122e-07
3.160211145e-07
3.117589333e-07
3.089788745e-07
3.07184418e-07
3.059255654e-07
3.057159127e-07
3.052026926e-07
3.062557685e-07
3.071197909e-07
3.087855907e-07
0.00553530049
0.006937719008
0.008152751568
0.009117322599
0.009426833409
0.008774121678
0.006122970261
0.002150368762
0.0005606713985
0.0001398485886
3.160946104e-05
5.024667146e-06
1.273102351e-06
5.784881139e-07
4.540194621e-07
4.282515652e-07
4.209677928e-07
4.164743631e-07
4.153990294e-07
4.155968363e-07
4.168655976e-07
4.109255941e-07
4.037751576e-07
3.792881829e-07
3.515707479e-07
3.368964183e-07
3.29491116e-07
3.220016981e-07
3.161652695e-07
3.118487155e-07
3.089803049e-07
3.071400434e-07
3.058351051e-07
3.056076452e-07
3.05032747e-07
3.060289103e-07
3.068120983e-07
3.083878474e-07
0.005512001156
0.006919512018
0.008141891582
0.009113756449
0.009433321029
0.008789179975
0.006167342046
0.002176268551
0.0005678891445
0.0001423334245
3.223835056e-05
5.101119644e-06
1.29231477e-06
5.802356427e-07
4.546371336e-07
4.281282159e-07
4.208529477e-07
4.16563698e-07
4.155173898e-07
4.156987707e-07
4.168868662e-07
4.110736896e-07
4.039395216e-07
3.795198977e-07
3.517955457e-07
3.371616169e-07
3.295494995e-07
3.221992956e-07
3.162642452e-07
3.118934068e-07
3.089820838e-07
3.070601569e-07
3.057448516e-07
3.054662787e-07
3.048521692e-07
3.057726368e-07
3.065212865e-07
3.080384616e-07
3.104723422e-07
0.005487560154
0.006898808339
0.008128097982
0.009107785617
0.00943707149
0.008801910275
0.006203601682
0.002198095458
0.0005743125725
0.0001443359059
3.261381002e-05
5.168027002e-06
1.300744672e-06
5.823689269e-07
4.548030708e-07
4.282462461e-07
4.209298894e-07
4.166433037e-07
4.156253389e-07
4.157933792e-07
4.16977579e-07
4.112043959e-07
4.041012485e-07
3.797720896e-07
3.520108427e-07
3.37282992e-07
3.297448899e-07
3.222370731e-07
3.16409207e-07
3.119759937e-07
3.089832657e-07
3.070190667e-07
3.056548048e-07
3.05356812e-07
3.04674901e-07
3.055471706e-07
3.062143529e-07
3.0764265e-07
3.100185893e-07
0.005460757107
0.006875050979
0.008110058932
0.009098357976
0.009436394279
0.008811384397
0.006233515046
0.002215989493
0.0005790091587
0.0001455206577
3.308906181e-05
5.226239875e-06
1.314276665e-06
5.838002986e-07
4.552925253e-07
4.281313365e-07
4.20937634e-07
4.167137259e-07
4.1572293e-07
4.158805329e-07
4.170520517e-07
4.113446965e-07
4.042586676e-07
3.79995307e-07
3.52229482e-07
3.375357776e-07
3.298294384e-07
3.223705831e-07
3.16474935e-07
3.120120406e-07
3.089844144e-07
3.069420995e-07
3.055665327e-07
3.052112444e-07
3.04496832e-07
3.052946358e-07
3.059279222e-07
3.072985778e-07
3.095542361e-07
3.127448847e-07
0.005433657199
0.006849275439
0.008089193119
0.009085319933
0.009432535519
0.00881663155
0.006257818758
0.002232389688
0.0005848383813
0.0001470461591
3.326927377e-05
5.276569075e-06
1.321047442e-06
5.85070581e-07
4.554822548e-07
4.282218166e-07
4.209649712e-07
4.167771843e-07
4.158120604e-07
4.159624222e-07
4.171128958e-07
4.114665834e-07
4.044119672e-07
3.802333369e-07
3.524351243e-07
3.377229032e-07
3.300114815e-07
3.224683942e-07
3.166055806e-07
3.120867222e-07
3.089850621e-07
3.069050221e-07
3.054780857e-07
3.050983819e-07
3.043181922e-07
3.050747824e-07
3.05628424e-07
3.069125464e-07
3.091123841e-07
3.122114658e-07
0.00541075603
0.006824347044
0.008068992915
0.009073307653
0.009426147375
0.008819646461
0.006276682973
0.002237954101
0.000588540734
0.0001478146564
3.358924077e-05
5.320871854e-06
1.327028974e-06
5.862042344e-07
4.557091919e-07
4.282066218e-07
4.210436176e-07
4.168350845e-07
4.158936367e-07
4.160398472e-07
4.172014273e-07
4.116003086e-07
4.045616119e-07
3.804440882e-07
3.526446397e-07
3.379911556e-07
3.301802486e-07
3.226212521e-07
3.1663669e-07
3.121124502e-07
3.08985195e-07
3.06830039e-07
3.053894852e-07
3.049488975e-07
3.041423535e-07
3.048259267e-07
3.053467296e-07
3.065741338e-07
3.086551101e-07
3.116174131e-07
3.171525705e-07
0.005384515463
0.00679163427
0.0080437783
0.009061311959
0.009419605615
0.008824817162
0.006306479127
0.002225066102
0.0005895424364
0.0001474063142
3.365699001e-05
5.37411195e-06
1.333415804e-06
5.873412282e-07
4.558946344e-07
4.282987176e-07
4.212314392e-07
4.168887618e-07
4.159685189e-07
4.161134675e-07
4.172909327e-07
4.117171464e-07
4.047083344e-07
3.806717579e-07
3.52844722e-07
3.381525958e-07
3.303813323e-07
3.228023713e-07
3.167385436e-07
3.121594692e-07
3.08984903e-07
3.067959094e-07
3.053007746e-07
3.048316104e-07
3.039630937e-07
3.046072142e-07
3.050484639e-07
3.06189973e-07
3.082163394e-07
3.110883422e-07
3.164484338e-07
0.00510820616
0.006590682555
0.007898572199
0.008979678324
0.009407292675
0.008893442051
0.00656352272
0.002389241297
0.0006259284906
0.0001563371277
3.533479525e-05
5.702237755e-06
1.374576716e-06
5.936359838e-07
4.566059752e-07
4.284427585e-07
4.214819832e-07
4.169449134e-07
4.160338322e-07
4.161756874e-07
4.174084811e-07
4.118472333e-07
4.048477874e-07
3.808699305e-07
3.530457744e-07
3.384525783e-07
3.305712342e-07
3.229897307e-07
3.168059105e-07
3.122044452e-07
3.089856261e-07
3.067255375e-07
3.052128832e-07
3.046793492e-07
3.03777169e-07
3.043596059e-07
3.047688197e-07
3.058538144e-07
3.077615531e-07
3.104982401e-07
3.157397334e-07
3.230768788e-07
0.004944486247
0.006476364542
0.00781483434
0.008930754715
0.009398580759
0.008926974664
0.006724066977
0.002504867227
0.0006612329275
0.0001631354001
3.673239365e-05
6.046355597e-06
1.414703575e-06
5.993949669e-07
4.57827391e-07
4.28616375e-07
4.217359489e-07
4.170008707e-07
4.160955082e-07
4.162368134e-07
4.175008711e-07
4.119824817e-07
4.050342886e-07
3.81176539e-07
3.532985691e-07
3.385815123e-07
3.308023555e-07
3.230260314e-07
3.16919457e-07
3.122849288e-07
3.089860792e-07
3.067006136e-07
3.051249559e-07
3.045617614e-07
3.036164426e-07
3.041426382e-07
3.044722099e-07
3.054716417e-07
3.073259398e-07
3.099734394e-07
3.150411513e-07
3.221231538e-07
3.353833282e-07
0.004823622406
0.006397903559
0.007755725861
0.008895929945
0.009391318557
0.008952963892
0.006840821161
0.00260764799
0.0007001225881
0.0001725878395
3.901571973e-05
6.405323779e-06
1.462018118e-06
6.072937988e-07
4.587011649e-07
4.288856399e-07
4.219138155e-07
4.170565537e-07
4.161539768e-07
4.162970552e-07
4.175906188e-07
4.121108981e-07
4.051654748e-07
3.813671991e-07
3.534940533e-07
3.388568866e-07
3.308657632e-07
3.231490713e-07
3.170159683e-07
3.123277335e-07
3.089862754e-07
3.066442176e-07
3.050369836e-07
3.044104394e-07
3.034421942e-07
3.038963688e-07
3.04195158e-07
3.051369975e-07
3.068734578e-07
3.09387118e-07
3.143389678e-07
3.212773362e-07
3.342765422e-07
3.558623615e-07
0.006345997008
0.007718723153
0.008875600755
0.009390779489
0.008978448903
0.006939257787
0.00270944798
0.0007422661846
0.0001831974175
4.136039667e-05
6.77562519e-06
1.513847955e-06
6.144848801e-07
4.604367889e-07
4.291753823e-07
4.221077846e-07
4.171120384e-07
4.162095463e-07
4.163565163e-07
4.177220427e-07
4.122520134e-07
4.05348542e-07
3.816709613e-07
3.53743791e-07
3.389521114e-07
3.310359318e-07
3.232337311e-07
3.171368524e-07
3.124038509e-07
3.08986342e-07
3.06601001e-07
3.04948943e-07
3.042957425e-07
3.031585345e-07
3.036800001e-07
3.038999305e-07
3.047560255e-07
3.064407005e-07
3.088664311e-07
3.136458233e-07
3.203318946e-07
3.330074928e-07
3.541113189e-07
3.971624226e-07
5.141894399e-07
0.006357490185
0.007729634346
0.008884562801
0.009399182278
0.008988362475
0.006943757796
0.002710799985
0.0007422588578
0.0001832601772
4.142702224e-05
6.779105618e-06
1.515355739e-06
6.148975258e-07
4.60408782e-07
4.29257169e-07
4.22209884e-07
4.171607936e-07
4.162677249e-07
4.164253483e-07
4.178031696e-07
4.123629845e-07
4.054808176e-07
3.81862478e-07
3.539400052e-07
3.39166515e-07
3.311283568e-07
3.233598309e-07
3.172395495e-07
3.12437008e-07
3.08984573e-07
3.065187718e-07
3.048600291e-07
3.041468042e-07
3.029934106e-07
3.034348878e-07
3.036241165e-07
3.044228946e-07
3.059898976e-07
3.082832687e-07
3.129495676e-07
3.194964091e-07
3.319179408e-07
3.525631328e-07
3.946675756e-07
5.094926504e-07
0.006367992805
0.007744060588
0.008894434184
0.009404604987
0.008991088039
0.006943250324
0.002710572334
0.0007420184023
0.0001832570707
4.14478181e-05
6.784979698e-06
1.516872619e-06
6.152687308e-07
4.604584215e-07
4.293492886e-07
4.223087517e-07
4.172146087e-07
4.163288947e-07
4.164988263e-07
4.179526155e-07
4.124767836e-07
4.056172051e-07
3.820739801e-07
3.54127116e-07
3.3930961e-07
3.312962693e-07
3.235262476e-07
3.173622332e-07
3.125030335e-07
3.089828553e-07
3.064743843e-07
3.047708982e-07
3.04033427e-07
3.028990726e-07
3.032199376e-07
3.033291079e-07
3.040428689e-07
3.055596304e-07
3.077664798e-07
3.122617089e-07
3.185591603e-07
3.306634774e-07
3.50840318e-07
3.920037209e-07
5.04871758e-07
0.006374203511
0.007759261738
0.008903639862
0.009409696489
0.008993563701
0.006942072721
0.002709941338
0.0007416194911
0.0001831982243
4.144896869e-05
6.787603969e-06
1.518282947e-06
6.156538175e-07
4.605656756e-07
4.294532046e-07
4.224033555e-07
4.1727564e-07
4.163952922e-07
4.165789998e-07
4.180265195e-07
4.125918151e-07
4.057555907e-07
3.822703514e-07
3.543279494e-07
3.395444407e-07
3.314692384e-07
3.23694761e-07
3.174104659e-07
3.125319701e-07
3.089797892e-07
3.063924036e-07
3.046815866e-07
3.038861254e-07
3.026584784e-07
3.029739739e-07
3.0305464e-07
3.037103722e-07
3.051100625e-07
3.071860235e-07
3.115709529e-07
3.1773357e-07
3.295905767e-07
3.493228175e-07
3.895765927e-07
5.003261005e-07
0.006388929631
0.007780578527
0.008916697325
0.009417150568
0.008997606217
0.006940845267
0.002709282551
0.0007410577287
0.0001830824548
4.143185995e-05
6.787993006e-06
1.519523119e-06
6.160047375e-07
4.607251179e-07
4.295716727e-07
4.224960105e-07
4.173473577e-07
4.164704416e-07
4.166691807e-07
4.181923128e-07
4.127097223e-07
4.058989119e-07
3.824879484e-07
3.545189389e-07
3.39734962e-07
3.316573135e-07
3.238643333e-07
3.175232904e-07
3.125972699e-07
3.089774591e-07
3.063505554e-07
3.045919903e-07
3.037737994e-07
3.023361913e-07
3.027582641e-07
3.027597613e-07
3.033309298e-07
3.046820219e-07
3.066727134e-07
3.10887807e-07
3.168037494e-07
3.283495991e-07
3.476264863e-07
3.869732209e-07
4.958526837e-07
0.006409635138
0.007809449179
0.008933611462
0.009426689922
0.009002746737
0.00693918196
0.002708382027
0.0007403391613
0.0001829065209
4.139630539e-05
6.787876076e-06
1.520297568e-06
6.164039393e-07
4.609367027e-07
4.297121743e-07
4.225961592e-07
4.174347496e-07
4.165592868e-07
4.167741553e-07
4.182686678e-07
4.128369043e-07
4.060481909e-07
3.826925687e-07
3.547275429e-07
3.399810908e-07
3.31846826e-07
3.240325647e-07
3.175557678e-07
3.12627852e-07
3.089734389e-07
3.062695684e-07
3.045019574e-07
3.036251347e-07
3.02110354e-07
3.025123877e-07
3.024864199e-07
3.029988332e-07
3.042334487e-07
3.060947173e-07
3.102023308e-07
3.159878051e-07
3.272929549e-07
3.461388476e-07
3.846115259e-07
4.914509612e-07
0.006442452375
0.007849129007
0.008956448429
0.009439449216
0.009009319992
0.006937038545
0.002706445236
0.0007392702363
0.0001825817239
4.133158913e-05
6.786201642e-06
1.521718214e-06
6.167527746e-07
4.608439474e-07
4.298748154e-07
4.227100859e-07
4.175449612e-07
4.166688375e-07
4.169006928e-07
4.18473908e-07
4.129860501e-07
4.06208212e-07
3.829260909e-07
3.549295442e-07
3.401854301e-07
3.320487966e-07
3.242055481e-07
3.176450697e-07
3.126937211e-07
3.089701483e-07
3.062303368e-07
3.044112414e-07
3.035102242e-07
3.020128151e-07
3.022974214e-07
3.0219097e-07
3.026193963e-07
3.038069887e-07
3.055842479e-07
3.095232325e-07
3.150646814e-07
3.260646229e-07
3.444677774e-07
3.820659763e-07
4.871179588e-07
0.006498226109
0.007907805665
0.008990463904
0.009458721693
0.009019612641
0.006932876349
0.002702711904
0.0007374781589
0.0001820231559
4.121691362e-05
6.781942124e-06
1.523727579e-06
6.171816236e-07
4.610721348e-07
4.300777342e-07
4.228554077e-07
4.176884671e-07
4.168092253e-07
4.170587202e-07
4.185955389e-07
4.131409658e-07
4.063815499e-07
3.831512402e-07
3.551568259e-07
3.404399316e-07
3.3225189e-07
3.243750067e-07
3.177247007e-07
3.127265655e-07
3.089660346e-07
3.061484004e-07
3.043194965e-07
3.033584584e-07
3.018567712e-07
3.0204919e-07
3.019171373e-07
3.022875972e-07
3.033580302e-07
3.050076601e-07
3.088421114e-07
3.142575248e-07
3.25023305e-07
3.430087185e-07
3.7976714e-07
4.828532224e-07
0.006591955455
0.007987527479
0.009039917795
0.009488153531
0.009035119621
0.006933192509
0.002699332096
0.0007354319086
0.000181225275
4.105426382e-05
6.777306999e-06
1.525971738e-06
6.177867625e-07
4.611155679e-07
4.303274967e-07
4.230456483e-07
4.17880362e-07
4.169949886e-07
4.172624163e-07
4.187007266e-07
4.133634705e-07
4.065770082e-07
3.834208268e-07
3.553841244e-07
3.406316931e-07
3.324411771e-07
3.244057378e-07
3.178328651e-07
3.127937479e-07
3.089615519e-07
3.061089553e-07
3.042278589e-07
3.03240975e-07
3.015264589e-07
3.018305312e-07
3.016191643e-07
3.019066676e-07
3.029317287e-07
3.044986996e-07
3.081657101e-07
3.133396881e-07
3.23806169e-07
3.41361186e-07
3.77276449e-07
4.786537514e-07
0.006731828488
0.008104979277
0.009113221378
0.009534885745
0.00906689549
0.00693708688
0.00269410255
0.0007324240987
0.0001803587838
4.084531129e-05
6.77236984e-06
1.528601266e-06
6.185874767e-07
4.616374104e-07
4.306417244e-07
4.233056471e-07
4.181421691e-07
4.172466246e-07
4.175320002e-07
4.190682338e-07
4.135690501e-07
4.068002351e-07
3.836904487e-07
3.556519957e-07
3.409227466e-07
3.324883046e-07
3.24510877e-07
3.179425754e-07
3.128282322e-07
3.089561652e-07
3.060220938e-07
3.041320016e-07
3.030842172e-07
3.012854986e-07
3.015776345e-07
3.013425734e-07
3.015738555e-07
3.024798759e-07
3.039214147e-07
3.074871004e-07
3.125396831e-07
3.227785713e-07
3.399288533e-07
3.75037529e-07
4.745191441e-07
0.006925980703
0.008238257302
0.009214775233
0.009610222682
0.009114529546
0.006948945308
0.00269465034
0.00072951216
0.0001793076508
4.065116304e-05
6.766983328e-06
1.531861124e-06
6.196135066e-07
4.619639587e-07
4.311113057e-07
4.236681384e-07
4.185052041e-07
4.175939606e-07
4.178965967e-07
4.192691723e-07
4.139327957e-07
4.070679657e-07
3.840349757e-07
3.559317906e-07
3.410482553e-07
3.326195596e-07
3.246433403e-07
3.180547535e-07
3.128835215e-07
3.08949592e-07
3.059784122e-07
3.040424327e-07
3.029611401e-07
3.011335268e-07
3.01355251e-07
3.010388401e-07
3.011883453e-07
3.020510008e-07
3.034114067e-07
3.068108281e-07
3.116245295e-07
3.215701088e-07
3.383022515e-07
3.725981452e-07
4.704463226e-07
0.007003542213
0.008472237962
0.009379943627
0.009751118387
0.009258693337
0.006981068079
0.002701458673
0.000725612677
0.0001783107386
4.039066745e-05
6.762150349e-06
1.53618237e-06
6.209254248e-07
4.631242555e-07
4.316654927e-07
4.241963127e-07
4.190143721e-07
4.180795083e-07
4.183979783e-07
4.199144613e-07
4.142496022e-07
4.073914464e-07
3.843956817e-07
3.562805419e-07
3.413746023e-07
3.327779937e-07
3.247926052e-07
3.18177526e-07
3.129224632e-07
3.089413186e-07
3.058808967e-07
3.039268584e-07
3.027957851e-07
3.009837383e-07
3.010931044e-07
3.007553459e-07
3.008506638e-07
3.015921141e-07
3.028294491e-07
3.061312682e-07
3.108286909e-07
3.205534584e-07
3.368938049e-07
3.704155152e-07
4.66434851e-07
0.006890658475
0.008648337412
0.009731320569
0.01009204155
0.009492465331
0.007054143705
0.002720898516
0.0007244390273
0.000177107822
4.018768498e-05
6.76110738e-06
1.541399852e-06
6.227664576e-07
4.63944682e-07
4.32720063e-07
4.248618184e-07
4.197332931e-07
4.187633674e-07
4.190941957e-07
4.203008792e-07
4.148673354e-07
4.078047482e-07
3.848872326e-07
3.566579594e-07
3.415596076e-07
3.329834166e-07
3.249575856e-07
3.183093134e-07
3.129623186e-07
3.089306973e-07
3.058286794e-07
3.038359494e-07
3.026647158e-07
3.006767786e-07
3.008586827e-07
3.004397832e-07
3.004545829e-07
3.011556495e-07
3.023144188e-07
3.054499781e-07
3.099116218e-07
3.193493669e-07
3.352840709e-07
3.68022893e-07
4.624816072e-07
0.006445728919
0.008533833693
0.01009529993
0.01058348657
0.009833905316
0.00720350291
0.002788783723
0.000728297682
0.0001765236709
3.992377056e-05
6.768030327e-06
1.548888243e-06
6.252899451e-07
4.663936112e-07
4.337387006e-07
4.261979303e-07
4.207512875e-07
4.197290758e-07
4.200663136e-07
4.214700082e-07
4.15395969e-07
4.083268159e-07
3.85413868e-07
3.571508653e-07
3.420085112e-07
3.332247814e-07
3.251275497e-07
3.183799634e-07
3.130361457e-07
3.089172568e-07
3.057116695e-07
3.036743701e-07
3.0248335e-07
3.004367408e-07
3.005787463e-07
3.001426043e-07
3.001057406e-07
3.006829611e-07
3.017213602e-07
3.047639129e-07
3.091152791e-07
3.183394775e-07
3.338955181e-07
3.658921744e-07
4.585862708e-07
0.006548366855
0.007989530214
0.009998847441
0.0111048366
0.01039623793
0.007532228156
0.002920901861
0.0007353054302
0.0001776312207
3.992992823e-05
6.793116045e-06
1.558982749e-06
6.291274271e-07
4.681335688e-07
4.362525046e-07
4.274771828e-07
4.222011859e-07
4.210967558e-07
4.214288234e-07
4.222095657e-07
4.164358824e-07
4.090035459e-07
3.861569044e-07
3.576918822e-07
3.423605336e-07
3.335240285e-07
3.253654252e-07
3.185133094e-07
3.130750676e-07
3.089029412e-07
3.056456661e-07
3.035677698e-07
3.023357625e-07
3.00214298e-07
3.003264342e-07
2.998066484e-07
2.996903951e-07
3.002319354e-07
3.011954683e-07
3.040709298e-07
3.081901619e-07
3.171341847e-07
3.322976678e-07
3.635413105e-07
4.547459102e-07
0.006935967529
0.007333097929
0.0092510443
0.01092784964
0.01103511964
0.008172814021
0.003326481448
0.000805061785
0.0001855898652
4.093929203e-05
6.932616487e-06
1.577699124e-06
6.358400267e-07
4.734635472e-07
4.38280667e-07
4.305860885e-07
4.242563063e-07
4.230250985e-07
4.233275866e-07
4.242299192e-07
4.173218237e-07
4.098118691e-07
3.869265631e-07
3.584124592e-07
3.430499045e-07
3.33879782e-07
3.255234744e-07
3.186317297e-07
3.131532474e-07
3.088723819e-07
3.054963308e-07
3.033294714e-07
3.021268691e-07
2.999787137e-07
3.000201759e-07
2.994884154e-07
2.99321906e-07
2.997389521e-07
3.005844127e-07
3.033727651e-07
3.073887958e-07
3.161272285e-07
3.309255607e-07
3.614589116e-07
4.509611219e-07
0.007533640291
0.007031298403
0.007974745619
0.01010671875
0.01092600178
0.009370155125
0.003942391829
0.0008962263294
0.0002143425293
4.538047723e-05
7.566002293e-06
1.645678749e-06
6.486667512e-07
4.780967747e-07
4.436773878e-07
4.331643931e-07
4.271891455e-07
4.257548084e-07
4.256636778e-07
4.254960887e-07
4.189473835e-07
4.108732305e-07
3.88008269e-07
3.591638032e-07
3.435570632e-07
3.34307362e-07
3.258094922e-07
3.18767306e-07
3.131930544e-07
3.0884533e-07
3.054106857e-07
3.031842875e-07
3.019554032e-07
2.997299209e-07
2.997442552e-07
2.991262244e-07
2.988815674e-07
2.992702541e-07
3.000473793e-07
3.02663472e-07
3.064534935e-07
3.149191889e-07
3.293384495e-07
3.591483425e-07
4.472305352e-07
0.007587643322
0.00695925006
0.006945297427
0.00815920255
0.009998222615
0.009648650633
0.005865255888
0.001618487801
0.0003053379116
6.153846076e-05
9.831840528e-06
1.891127592e-06
6.795215018e-07
4.895350364e-07
4.477354599e-07
4.390177805e-07
4.314085469e-07
4.293857687e-07
4.283877406e-07
4.28565785e-07
4.202637827e-07
4.121308189e-07
3.890630487e-07
3.60151955e-07
3.445601997e-07
3.347882781e-07
3.260735722e-07
3.189853602e-07
3.132561465e-07
3.087675564e-07
3.052126524e-07
3.029241706e-07
3.017114507e-07
2.99469425e-07
2.994090368e-07
2.987848937e-07
2.984928859e-07
2.987572313e-07
2.994196099e-07
3.019551072e-07
3.056496392e-07
3.13918211e-07
3.279859625e-07
3.571167334e-07
4.4355541e-07
0.006977685445
0.006753141553
0.006318505623
0.006465614367
0.0076106404
0.008881110866
0.007554464685
0.002750014787
0.0006874588527
0.0001361993561
2.177822524e-05
3.316437301e-06
8.300465848e-07
5.08725937e-07
4.562746212e-07
4.429655899e-07
4.359162681e-07
4.33281055e-07
4.315810578e-07
4.30557093e-07
4.230346823e-07
4.138360518e-07
3.907661722e-07
3.612808772e-07
3.452842972e-07
3.35367334e-07
3.265398885e-07
3.191585176e-07
3.132849423e-07
3.087122265e-07
3.050889998e-07
3.026936044e-07
3.014902279e-07
2.991617955e-07
2.99086444e-07
2.983699708e-07
2.980034743e-07
2.982516112e-07
2.988545468e-07
3.012140357e-07
3.046894259e-07
3.126950794e-07
3.264000068e-07
3.548393099e-07
4.399211347e-07
0.004573592525
0.00532109372
0.005763504118
0.005737773683
0.005510179063
0.00562203652
0.006436870313
0.006993700541
0.005573072856
0.001608754943
0.0003732835071
8.607372509e-05
1.56414612e-05
2.642320972e-06
7.270723332e-07
4.824258646e-07
4.526890726e-07
4.407226028e-07
4.373842968e-07
4.35380367e-07
4.350415384e-07
4.257867837e-07
4.165920161e-07
3.93451399e-07
3.637489682e-07
3.478831444e-07
3.366455328e-07
3.272283607e-07
3.198594118e-07
3.135377688e-07
3.086272639e-07
3.04748169e-07
3.023077592e-07
3.010577015e-07
2.98909203e-07
2.985623625e-07
2.978694152e-07
2.974658023e-07
2.975797961e-07
2.980685824e-07
3.00383726e-07
3.037844859e-07
3.116134936e-07
3.249914789e-07
3.527977066e-07
4.362874255e-07
0.001714512458
0.002501516332
0.003358434285
0.004081443301
0.004464740283
0.004490414418
0.004563183326
0.00507889047
0.005248207888
0.004122141035
0.00138827716
0.000307626352
7.979647755e-05
1.946022239e-05
3.988477527e-06
1.006453426e-06
5.289915415e-07
4.549168079e-07
4.431086736e-07
4.396813276e-07
4.383538215e-07
4.318522747e-07
4.215224315e-07
3.988918658e-07
3.680460451e-07
3.506022593e-07
3.386181312e-07
3.291175595e-07
3.206246305e-07
3.138127059e-07
3.086222578e-07
3.044574146e-07
3.017146857e-07
3.005387572e-07
2.981677012e-07
2.978875849e-07
2.970525448e-07
2.965790349e-07
2.967397894e-07
2.97201167e-07
2.993272355e-07
3.02519691e-07
3.101179027e-07
3.231860742e-07
3.50381225e-07
4.326310798e-07
0.0003407014061
0.0005251322438
0.0008717301196
0.001319193006
0.002026211148
0.002709526647
0.003152290429
0.003315752658
0.003533020553
0.003633585984
0.003027562053
0.001492385185
0.0004589608014
0.0001244692361
2.827645566e-05
7.323113525e-06
1.865037603e-06
7.148087808e-07
4.932599456e-07
4.520550589e-07
4.461128745e-07
4.383003676e-07
4.266346026e-07
4.061025921e-07
3.745977295e-07
3.57419538e-07
3.430004683e-07
3.313101999e-07
3.231191374e-07
3.151850608e-07
3.087687655e-07
3.039488838e-07
3.009170281e-07
2.995312979e-07
2.973024958e-07
2.967420855e-07
2.960311828e-07
2.955456319e-07
2.955266596e-07
2.958895406e-07
2.980503332e-07
3.012409526e-07
3.087132947e-07
3.215076358e-07
3.481584781e-07
4.289486687e-07
4.598745813e-05
8.333188879e-05
0.0001480834981
0.000256162559
0.0004017349139
0.0006920996661
0.001022154846
0.001551325567
0.002002225711
0.002240827895
0.002386847355
0.002110328681
0.001373290032
0.0005464980301
0.000177114062
5.387966916e-05
1.441359916e-05
4.030116203e-06
1.300285636e-06
6.399089089e-07
4.917559203e-07
4.553444517e-07
4.432430092e-07
4.14939644e-07
3.915352217e-07
3.648300415e-07
3.483469685e-07
3.368139398e-07
3.25546646e-07
3.164580507e-07
3.094642524e-07
3.035869167e-07
2.999060448e-07
2.985080266e-07
2.958103552e-07
2.954376032e-07
2.944765117e-07
2.939406593e-07
2.9409401e-07
2.944810721e-07
2.964265593e-07
2.994282463e-07
3.067267378e-07
3.193014695e-07
3.454680963e-07
4.252178666e-07
3.653336742e-06
7.269784622e-06
1.509452267e-05
3.10828524e-05
6.108216503e-05
0.0001151184768
0.0001939558093
0.0003455605146
0.0005121123385
0.0008254320562
0.001121806487
0.001417618988
0.001329724514
0.001083862565
0.0006586983684
0.0002385010177
6.983477198e-05
2.41058133e-05
7.199672043e-06
2.732032383e-06
1.125682928e-06
6.40425645e-07
5.059211939e-07
4.552177824e-07
4.038501623e-07
3.841035044e-07
3.62916941e-07
3.434618649e-07
3.326744571e-07
3.216663954e-07
3.111249972e-07
3.036187764e-07
2.988031032e-07
2.966441527e-07
2.941863752e-07
2.932619846e-07
2.926064272e-07
2.920807475e-07
2.919511676e-07
2.922676396e-07
2.943772378e-07
2.974814775e-07
3.047102822e-07
3.170522409e-07
3.427282724e-07
4.206032064e-07
5.279761735e-07
5.926818515e-07
7.589847954e-07
1.193763316e-06
2.310774977e-06
5.043105575e-06
1.126299386e-05
2.39636141e-05
4.916690745e-05
9.205791784e-05
0.0001550060317
0.0002717524009
0.0004017347195
0.0006473173272
0.000806524899
0.0007481287171
0.0005926499426
0.0003626560925
0.0001275574
4.91907617e-05
1.74866854e-05
5.839821229e-06
2.299588955e-06
1.108420096e-06
6.688253349e-07
5.17621887e-07
4.21560304e-07
3.769200399e-07
3.648411127e-07
3.4190381e-07
3.270230983e-07
3.137110048e-07
3.049471914e-07
2.978805746e-07
2.948848345e-07
2.912880607e-07
2.907506244e-07
2.895675781e-07
2.889915381e-07
2.892699059e-07
2.896531514e-07
2.913922477e-07
2.942301246e-07
3.012562206e-07
3.133569759e-07
3.384302683e-07
4.141054068e-07
4.336367898e-07
4.348800743e-07
4.446226404e-07
4.602345949e-07
5.033024237e-07
6.270578907e-07
9.74643529e-07
1.892577956e-06
4.195671879e-06
9.449434598e-06
2.027144335e-05
4.151353667e-05
7.435305194e-05
0.0001390222256
0.0002069959213
0.0003433181255
0.0004505582223
0.0004248979693
0.0003476591568
0.0002146880963
8.218205986e-05
2.608035675e-05
1.135844569e-05
3.937575346e-06
1.964867642e-06
1.170074754e-06
7.084282672e-07
5.222021438e-07
3.918599608e-07
3.748962177e-07
3.506499612e-07
3.271203303e-07
3.085231078e-07
2.984147028e-07
2.915942748e-07
2.883084093e-07
2.863934696e-07
2.858843765e-07
2.852821669e-07
2.84913673e-07
2.85218602e-07
2.873669571e-07
2.904338245e-07
2.973391372e-07
3.090254741e-07
3.33218054e-07
4.051142495e-07
3.672240867e-07
3.678544689e-07
3.688889497e-07
3.698074126e-07
3.714243615e-07
3.737527001e-07
3.789903078e-07
3.945225842e-07
4.327374102e-07
5.457103583e-07
8.67113669e-07
1.722117447e-06
3.852823363e-06
8.549705532e-06
1.87029291e-05
3.693514579e-05
6.808192672e-05
0.0001046449408
0.0001746293927
0.0002514462184
0.000240926942
0.0002070500641
0.0001415113987
6.15818169e-05
2.558367389e-05
1.113865203e-05
4.495549811e-06
2.236589909e-06
1.266567362e-06
6.901980669e-07
4.751986001e-07
3.77279643e-07
3.499274633e-07
3.237263182e-07
3.037754502e-07
2.909946918e-07
2.832245275e-07
2.816874853e-07
2.797014075e-07
2.791253465e-07
2.797161464e-07
2.800642475e-07
2.813399073e-07
2.838685495e-07
2.903962259e-07
3.016238303e-07
3.246476291e-07
3.971363151e-07
3.220622265e-07
3.223149091e-07
3.226701331e-07
3.230348843e-07
3.235625166e-07
3.2410697e-07
3.248732159e-07
3.259702648e-07
3.269787573e-07
3.348614725e-07
3.476400097e-07
3.868178037e-07
5.048069544e-07
8.364562141e-07
1.724777316e-06
3.876495702e-06
8.573186024e-06
1.745736238e-05
3.177149965e-05
5.79092965e-05
8.776550966e-05
0.0001416430095
0.0001395585359
0.0001245221747
8.883164247e-05
4.706036651e-05
2.088075424e-05
8.491544649e-06
5.445224493e-06
2.035432557e-06
1.065787068e-06
6.409516177e-07
4.534894036e-07
3.556800369e-07
3.170402683e-07
2.969478873e-07
2.800388556e-07
2.73773669e-07
2.730483887e-07
2.719602562e-07
2.709128307e-07
2.713205148e-07
2.736982284e-07
2.766926527e-07
2.829502231e-07
2.934148111e-07
3.14867924e-07
3.739380004e-07
2.921306853e-07
2.922386092e-07
2.923437692e-07
2.92501174e-07
2.926467195e-07
2.928759561e-07
2.930758305e-07
2.934112029e-07
2.936777704e-07
2.942222309e-07
2.945028805e-07
2.972931977e-07
3.021474063e-07
3.167766905e-07
3.628627939e-07
5.017727035e-07
8.865621292e-07
1.854797742e-06
4.012830135e-06
8.61233802e-06
1.666482184e-05
2.872404611e-05
4.615726572e-05
7.870977979e-05
8.076450276e-05
7.560534394e-05
6.13010202e-05
3.690756269e-05
2.4674413e-05
8.876608794e-06
4.114180625e-06
1.828697384e-06
8.43228205e-07
5.435369276e-07
4.010429926e-07
3.178727012e-07
2.856564937e-07
2.680989419e-07
2.610147378e-07
2.605688723e-07
2.618389562e-07
2.617909202e-07
2.619674417e-07
2.639441589e-07
2.696109193e-07
2.792853436e-07
2.987192132e-07
3.599546878e-07
2.739445373e-07
2.740005802e-07
2.74060724e-07
2.74139448e-07
2.742216759e-07
2.743303792e-07
2.744403941e-07
2.745861884e-07
2.7472829e-07
2.749165974e-07
2.750914357e-07
2.753277275e-07
2.755639814e-07
2.76075388e-07
2.767916234e-07
2.842755728e-07
3.032851548e-07
3.629784686e-07
5.337572989e-07
9.895890338e-07
2.060486219e-06
4.320282429e-06
8.546799824e-06
1.547073001e-05
2.493099661e-05
4.123446252e-05
5.067858988e-05
4.772942194e-05
3.911810634e-05
3.144129269e-05
1.848016821e-05
7.844711171e-06
3.090684823e-06
1.273790506e-06
6.931301511e-07
4.514642289e-07
3.398767989e-07
2.82849275e-07
2.540360035e-07
2.475369994e-07
2.444177663e-07
2.458745005e-07
2.493353876e-07
2.518261142e-07
2.569788996e-07
2.654477707e-07
2.822638634e-07
3.370363227e-07
2.440735136e-07
2.441188354e-07
2.441697876e-07
2.442307459e-07
2.443003346e-07
2.443830982e-07
2.444751428e-07
2.44582597e-07
2.446990052e-07
2.448315443e-07
2.449693897e-07
2.451201202e-07
2.452672397e-07
2.454184557e-07
2.455605864e-07
2.456584027e-07
2.464000401e-07
2.492108904e-07
2.580556531e-07
2.870147388e-07
3.74528359e-07
6.163717723e-07
1.21605393e-06
2.555141983e-06
4.776253665e-06
9.15424978e-06
1.467953447e-05
2.852267914e-05
3.289737127e-05
3.130681498e-05
2.680489297e-05
1.715929209e-05
6.179344255e-06
2.199409326e-06
9.492707442e-07
6.373938028e-07
4.661847206e-07
3.205647538e-07
2.553590881e-07
2.334647236e-07
2.330822065e-07
2.290902158e-07
2.274198329e-07
2.288402622e-07
2.332084108e-07
2.405394833e-07
2.546066511e-07
3.00064775e-07
2.270932248e-07
2.271454224e-07
2.272043787e-07
2.272718662e-07
2.273506492e-07
2.274401187e-07
2.27542182e-07
2.276555478e-07
2.277826228e-07
2.27920282e-07
2.280705208e-07
2.282273712e-07
2.283924549e-07
2.285561682e-07
2.287203338e-07
2.288712735e-07
2.290127293e-07
2.291551453e-07
2.293261784e-07
2.304262507e-07
2.325386853e-07
2.544814226e-07
3.100807326e-07
4.708436072e-07
8.560645182e-07
1.685222816e-06
3.303366861e-06
6.236591394e-06
1.131809768e-05
2.284395064e-05
2.312106278e-05
2.073238151e-05
1.368762628e-05
3.813939847e-06
1.43554257e-06
7.443249864e-07
4.845212803e-07
3.448692799e-07
2.507887169e-07
2.136235241e-07
1.996839856e-07
2.061320927e-07
2.121261117e-07
2.146642058e-07
2.189048687e-07
2.251469053e-07
2.363841146e-07
2.758596983e-07
1.76603122e-07
1.766088947e-07
1.766158997e-07
1.766244094e-07
1.766347589e-07
1.766473556e-07
1.766626989e-07
1.766813904e-07
1.767041639e-07
1.767318922e-07
1.767656245e-07
1.768065288e-07
1.768559493e-07
1.769155592e-07
1.769870324e-07
1.770718096e-07
1.771743652e-07
1.772988435e-07
1.774503305e-07
1.77653238e-07
1.779586348e-07
1.790421363e-07
1.82505941e-07
1.941102991e-07
2.29142705e-07
3.246672705e-07
5.553516922e-07
1.102939212e-06
2.254386459e-06
4.917824663e-06
7.684391513e-06
1.192838592e-05
1.172401422e-05
1.001136658e-05
5.204397135e-06
2.073258373e-06
9.542507507e-07
5.865844445e-07
3.968836042e-07
2.723537874e-07
2.056929791e-07
1.792397147e-07
1.737159282e-07
1.741506891e-07
1.768157967e-07
1.812311498e-07
1.889530841e-07
2.133295201e-07
1.815589321e-07
1.815254408e-07
1.814853547e-07
1.814386262e-07
1.813848144e-07
1.813232406e-07
1.812533879e-07
2.327509532e-07
2.326807821e-07
2.325823483e-07
2.324767783e-07
2.323549726e-07
2.322115297e-07
2.508981353e-07
2.508222127e-07
2.507346025e-07
2.506280238e-07
2.505053856e-07
2.503585045e-07
2.820119696e-07
2.819119696e-07
2.817913492e-07
2.816496736e-07
2.814805891e-07
3.028852664e-07
3.027087163e-07
3.025094697e-07
3.363720275e-07
3.572186609e-07
3.547044873e-07
3.595403406e-07
3.572757559e-07
3.547867359e-07
3.629520261e-07
3.612422908e-07
3.596047797e-07
3.573408609e-07
3.54885031e-07
3.644550932e-07
3.629992909e-07
3.613084765e-07
3.597300025e-07
3.574263246e-07
3.549986086e-07
3.667352494e-07
3.655783502e-07
3.645328429e-07
3.630705454e-07
3.614202455e-07
3.598042179e-07
3.575175789e-07
3.551348356e-07
3.682002938e-07
3.666281029e-07
3.656738048e-07
3.646488244e-07
3.631991241e-07
3.615977602e-07
3.599070157e-07
3.576914985e-07
3.553003664e-07
3.69889237e-07
3.692687251e-07
3.681457461e-07
3.665514942e-07
3.6572382e-07
3.647355195e-07
3.634153069e-07
3.618034733e-07
3.599738376e-07
3.57853176e-07
3.554931969e-07
3.715220837e-07
3.699763774e-07
3.694295209e-07
3.680595482e-07
3.665702917e-07
3.658088572e-07
3.648662452e-07
3.637020635e-07
3.620270633e-07
3.600610716e-07
3.583590534e-07
3.557032328e-07
3.767753513e-07
3.736917518e-07
3.714145212e-07
3.701088701e-07
3.695489553e-07
3.67941587e-07
3.666830439e-07
3.659354752e-07
3.650458112e-07
3.639697466e-07
3.619732354e-07
3.603940501e-07
3.587395494e-07
3.558918259e-07
3.932903903e-07
3.820313573e-07
3.76759782e-07
3.736407744e-07
3.713885926e-07
3.703408932e-07
3.695426282e-07
3.677911809e-07
3.668633923e-07
3.661188951e-07
3.652924485e-07
3.641567225e-07
3.620044635e-07
3.608482698e-07
3.591917704e-07
3.560803643e-07
4.30110497e-07
3.930770927e-07
3.819629655e-07
3.767441359e-07
3.735316715e-07
3.714144695e-07
3.705347895e-07
3.694489718e-07
3.67867664e-07
3.670676609e-07
3.663471633e-07
3.655396722e-07
3.643175749e-07
3.621959116e-07
3.613778413e-07
3.595089828e-07
3.5622239e-07
0.0003658839501
3.712831087e-06
5.597532229e-07
4.296528827e-07
3.930182229e-07
3.820762769e-07
3.767145793e-07
3.734672501e-07
3.715106697e-07
3.707329455e-07
3.693822734e-07
3.680720609e-07
3.673061922e-07
3.665861362e-07
3.657170626e-07
3.644287215e-07
3.627886664e-07
3.619883978e-07
3.59741946e-07
3.563930784e-07
0.01349017362
0.0004151720854
3.923938732e-06
5.595827415e-07
4.294802644e-07
3.929293254e-07
3.820392884e-07
3.766739182e-07
3.734764121e-07
3.716845108e-07
3.708308826e-07
3.694662868e-07
3.683509461e-07
3.675830563e-07
3.668534166e-07
3.659483191e-07
3.647706566e-07
3.635282934e-07
3.625445488e-07
3.597977728e-07
3.56622051e-07
0.01489297968
0.0004728270961
4.616741689e-06
5.590969468e-07
4.296672045e-07
3.933299221e-07
3.824141653e-07
3.76905501e-07
3.736381125e-07
3.718086516e-07
3.710018038e-07
3.696758429e-07
3.686681127e-07
3.679141785e-07
3.671901381e-07
3.663090822e-07
3.652576615e-07
3.641693327e-07
3.627650283e-07
3.598534235e-07
3.568723318e-07
0.01620157263
0.0005470629339
5.283729147e-06
5.655820503e-07
4.311229015e-07
3.938747128e-07
3.825955556e-07
3.768891731e-07
3.736980066e-07
3.722312876e-07
3.712471596e-07
3.699793407e-07
3.690343459e-07
3.683201059e-07
3.676248922e-07
3.668042888e-07
3.658666461e-07
3.648705727e-07
3.630816624e-07
3.598451514e-07
3.570526789e-07
0.01843603724
0.0006781560781
6.955297332e-06
5.71219067e-07
4.34685237e-07
3.954882756e-07
3.834781905e-07
3.774363951e-07
3.742281112e-07
3.726704663e-07
3.716188917e-07
3.703899518e-07
3.694878667e-07
3.688147728e-07
3.681635616e-07
3.674060943e-07
3.665399912e-07
3.65550979e-07
3.629142946e-07
3.600442458e-07
3.572158438e-07
0.02120870833
0.0008497108994
9.612528239e-06
6.104137739e-07
4.393569697e-07
3.97463731e-07
3.842932773e-07
3.780229824e-07
3.74632719e-07
3.733648408e-07
3.720619722e-07
3.708954438e-07
3.700169771e-07
3.693760826e-07
3.687643554e-07
3.680603682e-07
3.672386013e-07
3.660236842e-07
3.629154162e-07
3.602281873e-07
3.573689346e-07
0.02402154937
0.001155840724
1.519288115e-05
6.521060569e-07
4.523005318e-07
4.017591809e-07
3.867951092e-07
3.790879623e-07
3.75838335e-07
3.740059659e-07
3.726647762e-07
3.71482462e-07
3.706103436e-07
3.699892895e-07
3.694144502e-07
3.687620222e-07
3.679950195e-07
3.662959009e-07
3.628466227e-07
3.606978129e-07
3.577902952e-07
3.534820675e-07
0.02653590998
0.001827647297
2.975452204e-05
7.78430247e-07
4.628101513e-07
4.077067841e-07
3.886480555e-07
3.813943552e-07
3.767140098e-07
3.746993193e-07
3.733993511e-07
3.7215967e-07
3.712628729e-07
3.706493731e-07
3.701048076e-07
3.694878393e-07
3.687300211e-07
3.665354504e-07
3.631602904e-07
3.611835949e-07
3.580898573e-07
3.541928788e-07
0.02651403075
0.002877944143
9.350621371e-05
1.100159105e-06
5.101932221e-07
4.188781457e-07
3.957370477e-07
3.83271677e-07
3.788728321e-07
3.762228248e-07
3.7405177e-07
3.72983603e-07
3.720016117e-07
3.713670234e-07
3.708351151e-07
3.702321787e-07
3.694486417e-07
3.669259147e-07
3.636011426e-07
3.618079567e-07
3.588305522e-07
3.552796815e-07
0.02491139208
0.004122724752
0.0002611581586
7.059873088e-06
6.316709928e-07
4.256804102e-07
4.004499175e-07
3.887232427e-07
3.809911894e-07
3.7708448e-07
3.751481557e-07
3.73868927e-07
3.728326857e-07
3.721510929e-07
3.71623292e-07
3.710400461e-07
3.701615037e-07
3.672508411e-07
3.643443819e-07
3.625585922e-07
3.594999324e-07
3.564534068e-07
3.546373223e-07
0.02189766654
0.005049418381
0.0004615177052
2.914877494e-05
1.730473239e-06
5.216448321e-07
4.125305493e-07
3.930253743e-07
3.849754953e-07
3.803184184e-07
3.767468298e-07
3.748271953e-07
3.738285042e-07
3.730450088e-07
3.72498581e-07
3.719309662e-07
3.709618282e-07
3.681167388e-07
3.651186532e-07
3.632043761e-07
3.605472145e-07
3.581312787e-07
3.558136889e-07
0.01794095157
0.005383030811
0.0009787240437
6.76203471e-05
5.473813339e-06
7.785755817e-07
4.591171197e-07
4.0436245e-07
3.896869818e-07
3.820567507e-07
3.784029307e-07
3.756751189e-07
3.749756522e-07
3.740486215e-07
3.735079518e-07
3.729227857e-07
3.716376579e-07
3.686764101e-07
3.660705419e-07
3.64570949e-07
3.617826626e-07
3.59471778e-07
3.577726151e-07
0.01370080842
0.004986077676
0.001023492475
0.0001230038095
1.033222838e-05
1.36622909e-06
4.966540545e-07
4.298245051e-07
3.983610319e-07
3.88280244e-07
3.816100335e-07
3.782913725e-07
3.760357594e-07
3.753190719e-07
3.746918204e-07
3.740126468e-07
3.722569873e-07
3.699966541e-07
3.675571554e-07
3.655384499e-07
3.631202151e-07
3.616296855e-07
3.590806691e-07
3.552091159e-07
0.009477450403
0.007282479136
0.001704642291
0.000245897602
2.787725392e-05
2.771830932e-06
7.698509152e-07
4.552560693e-07
4.093554442e-07
3.928698743e-07
3.851655079e-07
3.797970792e-07
3.771238247e-07
3.760223437e-07
3.753587844e-07
3.74863812e-07
3.738451073e-07
3.710063942e-07
3.6886635e-07
3.6731646e-07
3.650694838e-07
3.63316407e-07
3.615596155e-07
3.563942932e-07
0.006503187947
0.009000376468
0.002016262444
0.000369743481
4.588143308e-05
5.693398029e-06
1.070751185e-06
5.576701154e-07
4.294064814e-07
4.049655026e-07
3.915992225e-07
3.847089222e-07
3.803280194e-07
3.779355439e-07
3.770737335e-07
3.76155926e-07
3.748719649e-07
3.729476476e-07
3.710756218e-07
3.689241853e-07
3.670634845e-07
3.660602868e-07
3.633624337e-07
3.59389424e-07
3.528275376e-07
0.00716356143
0.01745877465
0.003941923076
0.0005539782295
9.543024892e-05
1.026824368e-05
1.987665152e-06
6.586177021e-07
4.791655547e-07
4.171090789e-07
3.993231088e-07
3.884324292e-07
3.828156858e-07
3.802397286e-07
3.789766485e-07
3.78436967e-07
3.773554942e-07
3.746611577e-07
3.735003182e-07
3.713986993e-07
3.69392099e-07
3.684442515e-07
3.670301647e-07
3.615170763e-07
3.556498784e-07
0.008380377552
0.01943692111
0.007449548126
0.001164216097
0.0001329694349
2.264319935e-05
2.92366838e-06
9.494584389e-07
5.263016211e-07
4.481401051e-07
4.124743776e-07
3.978993519e-07
3.886029237e-07
3.838651013e-07
3.821827764e-07
3.807010516e-07
3.791517516e-07
3.777645296e-07
3.761634907e-07
3.763736762e-07
3.749521939e-07
3.725672166e-07
3.694140405e-07
3.659518064e-07
3.592571078e-07
3.502293025e-07
0.008997143788
0.01798896135
0.0118177629
0.003218935812
0.0006014574068
4.247045032e-05
8.968734262e-06
1.915695115e-06
7.671087842e-07
4.74031304e-07
4.401725493e-07
4.079678888e-07
3.958331956e-07
3.891735344e-07
3.860342765e-07
3.84717326e-07
3.848832955e-07
3.834249056e-07
3.825961224e-07
3.796556736e-07
3.787471941e-07
3.801192568e-07
3.772245795e-07
3.700323653e-07
3.640159635e-07
3.551142703e-07
3.371080588e-07
0.008382194191
0.01452584507
0.01236876664
0.006844617243
0.001434164728
0.0003158135589
4.370102745e-05
7.234874259e-06
1.621824518e-06
7.039436086e-07
4.632942673e-07
4.349873667e-07
4.077040832e-07
3.96802314e-07
3.926203326e-07
3.933957462e-07
3.890577701e-07
3.878172582e-07
3.870103248e-07
3.881656504e-07
3.847913041e-07
3.849987663e-07
3.824274623e-07
3.767118837e-07
3.702716577e-07
3.600762606e-07
3.395206358e-07
3.306540564e-07
0.007311225648
0.01201666482
0.01156726164
0.009091838698
0.003958788035
0.0009278579976
0.0001750706313
2.946568182e-05
5.375871724e-06
1.273250687e-06
6.507367974e-07
4.619742995e-07
4.215719754e-07
4.07623559e-07
4.005228545e-07
3.993825253e-07
3.991068775e-07
3.977665766e-07
3.9728458e-07
3.937967545e-07
3.954456828e-07
3.963418842e-07
3.946834963e-07
3.882000316e-07
3.778973415e-07
3.67067433e-07
3.442392785e-07
3.333898258e-07
3.268096649e-07
0.006339134206
0.01045773316
0.01071930153
0.009643004896
0.006283451879
0.001932584417
0.0003830585444
7.815540055e-05
1.460584358e-05
3.144256765e-06
8.517766886e-07
5.663091336e-07
4.528888624e-07
4.247180105e-07
4.120701233e-07
4.112474245e-07
4.050080039e-07
4.033481755e-07
4.024409651e-07
4.038977269e-07
4.009437601e-07
4.019276512e-07
4.001994253e-07
3.95185592e-07
3.856809239e-07
3.740326637e-07
3.491310175e-07
3.389681607e-07
3.29182195e-07
3.225684717e-07
0.005475834007
0.009309232731
0.009775288472
0.009470674342
0.007720579055
0.00348072516
0.000933077212
0.000155995214
3.360700457e-05
6.685475698e-06
1.843825051e-06
6.576542983e-07
5.028429741e-07
4.368988837e-07
4.21542926e-07
4.172947673e-07
4.149733394e-07
4.126221492e-07
4.113997487e-07
4.085084161e-07
4.086883228e-07
4.115573809e-07
4.108341405e-07
4.056457129e-07
3.940640098e-07
3.810811703e-07
3.544914327e-07
3.422504717e-07
3.3460963e-07
3.247704519e-07
3.196095563e-07
0.004726041817
0.00851588252
0.0092044967
0.009327576817
0.008347139582
0.005081313809
0.001553322839
0.0004148104013
7.036199578e-05
1.379886947e-05
2.681403731e-06
1.016370587e-06
5.420669821e-07
4.639623074e-07
4.333244118e-07
4.274239096e-07
4.196780672e-07
4.16986009e-07
4.141366917e-07
4.163726179e-07
4.139853763e-07
4.151697475e-07
4.144690924e-07
4.102464947e-07
4.00145485e-07
3.866579247e-07
3.593990255e-07
3.469298323e-07
3.374087416e-07
3.27121547e-07
3.212577414e-07
3.170016393e-07
0.004082219857
0.007929939163
0.008797335209
0.009190135854
0.008605686196
0.006365945217
0.002448039972
0.0006244908963
0.0001381534698
2.617347556e-05
6.437696451e-06
1.357388905e-06
6.753787888e-07
4.812683044e-07
4.483831073e-07
4.329053914e-07
4.272438812e-07
4.239703448e-07
4.189323055e-07
4.193197549e-07
4.178181472e-07
4.215729008e-07
4.215711466e-07
4.174466256e-07
4.07308453e-07
3.919047758e-07
3.63980335e-07
3.501627635e-07
3.424172079e-07
3.295950484e-07
3.230265932e-07
3.180893401e-07
3.147120089e-07
0.003497696403
0.007430309795
0.008442814908
0.009021799697
0.008771473732
0.007384894066
0.003571200318
0.001058259608
0.0002144368267
4.646173322e-05
9.260503663e-06
2.539658584e-06
7.845999871e-07
5.290932613e-07
4.564375269e-07
4.414694225e-07
4.307890298e-07
4.272962632e-07
4.225507282e-07
4.244152357e-07
4.23184228e-07
4.245168238e-07
4.249234339e-07
4.206440232e-07
4.107456373e-07
3.958879406e-07
3.677958992e-07
3.535357246e-07
3.447631091e-07
3.31993886e-07
3.248169375e-07
3.192360903e-07
3.1525049e-07
0.003025768718
0.006990497704
0.008125987904
0.008863740202
0.008871131568
0.007949688274
0.004729586135
0.00149624818
0.000417466665
7.519996809e-05
1.922996785e-05
3.520855028e-06
1.141211733e-06
5.625386459e-07
4.747381899e-07
4.466047484e-07
4.367166001e-07
4.326637842e-07
4.258350128e-07
4.255356663e-07
4.25964835e-07
4.291251765e-07
4.300753632e-07
4.254024549e-07
4.16484988e-07
3.995329857e-07
3.710659118e-07
3.563434008e-07
3.481237404e-07
3.341308305e-07
3.26587883e-07
3.204382738e-07
3.158666212e-07
3.12644488e-07
0.002635467766
0.006623602366
0.007844600433
0.008714360462
0.008948594967
0.008315942102
0.005834794594
0.002140748504
0.0005680746837
0.0001282194149
2.594400893e-05
6.416794183e-06
1.407010129e-06
6.604295731e-07
4.856480251e-07
4.552461584e-07
4.395478826e-07
4.350528009e-07
4.285187983e-07
4.287989692e-07
4.281477061e-07
4.318898006e-07
4.335188094e-07
4.285304909e-07
4.188516293e-07
4.024496207e-07
3.736948952e-07
3.585783685e-07
3.499487982e-07
3.362535425e-07
3.281711083e-07
3.215867672e-07
3.165194753e-07
3.128202962e-07
3.108350245e-07
0.002324172079
0.006297803102
0.007613106818
0.008559402785
0.008958442185
0.00853513592
0.006735685494
0.002838031707
0.0008132291905
0.0001755421864
4.572177411e-05
8.436692489e-06
2.160818565e-06
7.284335926e-07
5.119917831e-07
4.596124009e-07
4.445510462e-07
4.391119753e-07
4.320774042e-07
4.300465534e-07
4.310738829e-07
4.353270282e-07
4.373268814e-07
4.320662328e-07
4.228512716e-07
4.051925542e-07
3.759939268e-07
3.611163883e-07
3.518409554e-07
3.376874811e-07
3.295327915e-07
3.226436507e-07
3.171572117e-07
3.130512705e-07
3.10671214e-07
0.002092452715
0.005979285515
0.007413663477
0.008430246788
0.008960096979
0.008744761593
0.007463597181
0.003549708094
0.001058010822
0.0002858276236
5.891128658e-05
1.379260049e-05
2.652903963e-06
8.996387404e-07
5.272444801e-07
4.672559563e-07
4.466952174e-07
4.408147654e-07
4.33937224e-07
4.312319435e-07
4.324067812e-07
4.367884277e-07
4.389896579e-07
4.344753447e-07
4.250187419e-07
4.075158275e-07
3.779639091e-07
3.625270623e-07
3.535644701e-07
3.39401154e-07
3.306288466e-07
3.235389614e-07
3.177312249e-07
3.132984354e-07
3.105793142e-07
3.096067591e-07
0.001920646537
0.005680132681
0.007232279916
0.008318896663
0.008952625421
0.008867041631
0.007867405784
0.004327815966
0.001345540519
0.0003471524012
9.090793381e-05
1.713623461e-05
3.885270056e-06
1.002583526e-06
5.609820022e-07
4.710923032e-07
4.505200062e-07
4.437914704e-07
4.355762087e-07
4.322746972e-07
4.33468388e-07
4.389144222e-07
4.415137103e-07
4.372384915e-07
4.279252211e-07
4.09550814e-07
3.797429117e-07
3.644856769e-07
3.54652867e-07
3.402703588e-07
3.315120113e-07
3.242682743e-07
3.182222481e-07
3.135306859e-07
3.105344837e-07
3.093514024e-07
0.001775132037
0.005366881965
0.007051209006
0.008215447241
0.008940961153
0.00901890461
0.008168302306
0.005007782182
0.001661265549
0.0004513404249
0.0001073074501
2.472324724e-05
4.594390181e-06
1.118155064e-06
5.74971939e-07
4.78847384e-07
4.521364042e-07
4.449836573e-07
4.380192923e-07
4.332745767e-07
4.345453539e-07
4.399507992e-07
4.423063942e-07
4.382854579e-07
4.295731455e-07
4.112590562e-07
3.811251543e-07
3.654754022e-07
3.563432518e-07
3.418977741e-07
3.322270659e-07
3.248520875e-07
3.186172695e-07
3.137280741e-07
3.1051581e-07
3.091450399e-07
0.001653423465
0.005091247448
0.006880895484
0.008116681236
0.008923374797
0.009098642839
0.008384602653
0.005601471347
0.001966630265
0.0005265999886
0.0001366519632
2.862758973e-05
6.140981221e-06
1.259291996e-06
6.11052299e-07
4.823935276e-07
4.55102163e-07
4.470283508e-07
4.391778683e-07
4.342522076e-07
4.357124247e-07
4.413744631e-07
4.438652777e-07
4.40114031e-07
4.316578175e-07
4.127664236e-07
3.824794707e-07
3.668545701e-07
3.570645702e-07
3.425095577e-07
3.328165617e-07
3.253263284e-07
3.189390581e-07
3.138869144e-07
3.105075882e-07
3.089744178e-07
3.082044907e-07
0.001552460016
0.00485809667
0.006726266897
0.008024918567
0.00890282944
0.009152688203
0.008544807714
0.006090903856
0.00226061828
0.0006158827775
0.0001534012573
3.664337529e-05
6.926824001e-06
1.40561026e-06
6.284802713e-07
4.896912109e-07
4.5638459e-07
4.478376052e-07
4.408488736e-07
4.352602018e-07
4.371646365e-07
4.422345546e-07
4.441927389e-07
4.404412977e-07
4.324610636e-07
4.140114408e-07
3.834467618e-07
3.675341523e-07
3.582066037e-07
3.436748192e-07
3.333104795e-07
3.257157194e-07
3.192018171e-07
3.140158615e-07
3.105053929e-07
3.088306385e-07
3.080082114e-07
0.00147248949
0.004668168726
0.006590398615
0.007941544831
0.008876680683
0.009194522351
0.008669661327
0.006498136189
0.002525941433
0.0006935350047
0.0001783063388
4.024437381e-05
8.495333235e-06
1.565973467e-06
6.657002593e-07
4.931846384e-07
4.586718198e-07
4.491257134e-07
4.416078277e-07
4.364499754e-07
4.387106091e-07
4.432421845e-07
4.451298019e-07
4.414384489e-07
4.338008381e-07
4.150769111e-07
3.844353084e-07
3.684543369e-07
3.587041738e-07
3.440334847e-07
3.337256534e-07
3.260404056e-07
3.194201971e-07
3.14121747e-07
3.105077353e-07
3.087098204e-07
3.078438037e-07
0.00451539861
0.006474293025
0.007867004259
0.008846427813
0.00922651119
0.008768166446
0.00682351433
0.002766958007
0.0007724052091
0.0001938983433
4.654085069e-05
9.211420121e-06
1.739179327e-06
6.865906881e-07
4.997099778e-07
4.596865429e-07
4.495913849e-07
4.427181061e-07
4.381006706e-07
4.402041858e-07
4.439111722e-07
4.456372069e-07
4.420149655e-07
4.340523389e-07
4.159849147e-07
3.851488557e-07
3.689706166e-07
3.59488088e-07
3.448716956e-07
3.341167571e-07
3.263503943e-07
3.196295203e-07
3.142241802e-07
3.105162816e-07
3.085967073e-07
3.07680179e-07
3.083215604e-07
0.00439518969
0.006376606313
0.007801879741
0.008817988885
0.009250986148
0.008845631259
0.007094569023
0.002974229401
0.0008441985161
0.0002141774727
4.963607913e-05
1.057983001e-05
1.953999605e-06
7.142275243e-07
5.028465193e-07
4.614381959e-07
4.504943015e-07
4.432023841e-07
4.397618039e-07
4.416000635e-07
4.446222579e-07
4.464078185e-07
4.429168235e-07
4.348682991e-07
4.168279806e-07
3.859100531e-07
3.696693895e-07
3.599220097e-07
3.451768511e-07
3.344922756e-07
3.266508277e-07
3.198353205e-07
3.14325923e-07
3.105279273e-07
3.084899966e-07
3.075139486e-07
3.080947846e-07
0.004300395468
0.006295438746
0.007746066124
0.008792291352
0.009269893291
0.008910156913
0.007307290009
0.003157087986
0.0009084099493
0.0002276595109
5.447459062e-05
1.117204655e-05
2.152559701e-06
7.386216973e-07
5.083425745e-07
4.622293828e-07
4.505853422e-07
4.439329997e-07
4.411142959e-07
4.426442107e-07
4.451295385e-07
4.470223932e-07
4.436861428e-07
4.353781247e-07
4.175935498e-07
3.865336043e-07
3.701538955e-07
3.60602983e-07
3.455729147e-07
3.348588723e-07
3.269434972e-07
3.200382155e-07
3.144273159e-07
3.105408401e-07
3.083900186e-07
3.073464769e-07
3.078646531e-07
0.00622821577
0.00769863875
0.008769675779
0.009284663723
0.008964146833
0.007471611259
0.003318918857
0.0009650387733
0.0002431542268
5.70231522e-05
1.227099039e-05
2.34091208e-06
7.64336467e-07
5.109728816e-07
4.63541471e-07
4.511975915e-07
4.442487483e-07
4.422159199e-07
4.433615585e-07
4.456252064e-07
4.475842198e-07
4.442836924e-07
4.361372229e-07
4.183155999e-07
3.871804066e-07
3.70770479e-07
3.610187217e-07
3.460231364e-07
3.352204578e-07
3.272322032e-07
3.202409947e-07
3.145292537e-07
3.105541734e-07
3.08296536e-07
3.07178999e-07
3.076320752e-07
0.006172927059
0.007658619709
0.008750141264
0.009296323775
0.009009599419
0.007600910569
0.003457718721
0.001014524989
0.000254274655
6.070072358e-05
1.273208934e-05
2.547470435e-06
7.863376049e-07
5.154082525e-07
4.640716093e-07
4.51422016e-07
4.445266787e-07
4.430034751e-07
4.43850155e-07
4.459956143e-07
4.479907949e-07
4.447571223e-07
4.36818284e-07
4.189722202e-07
3.877482003e-07
3.712114348e-07
3.616588947e-07
3.465101145e-07
3.355806342e-07
3.275176212e-07
3.204429174e-07
3.14631715e-07
3.1056769e-07
3.082091759e-07
3.070123786e-07
3.073978989e-07
3.08641147e-07
0.006127813088
0.007625076262
0.00873349274
0.009305575089
0.009045482333
0.00770343833
0.003577210574
0.001057242173
0.00026570899
6.257776783e-05
1.35710642e-05
2.65574504e-06
8.103079591e-07
5.174758109e-07
4.645357842e-07
4.515399396e-07
4.447982395e-07
4.435526978e-07
4.441804343e-07
4.463006639e-07
4.484546681e-07
4.453116433e-07
4.373618462e-07
4.196006855e-07
3.883273742e-07
3.717763097e-07
3.620338308e-07
3.471242677e-07
3.35940788e-07
3.278007179e-07
3.206454072e-07
3.147352917e-07
3.105813886e-07
3.081273339e-07
3.068472211e-07
3.07163014e-07
3.083424597e-07
0.006090843313
0.007597093492
0.008719450073
0.009312946519
0.009073839487
0.007787319629
0.003677223972
0.001093965228
0.0002738244925
6.53037355e-05
1.391823114e-05
2.803501445e-06
8.255286281e-07
5.209419901e-07
4.649475996e-07
4.516962057e-07
4.448871744e-07
4.440069205e-07
4.444639609e-07
4.465421723e-07
4.485389396e-07
4.454467662e-07
4.377634049e-07
4.201736913e-07
3.888693664e-07
3.721818347e-07
3.626444003e-07
3.479141889e-07
3.363009126e-07
3.280823062e-07
3.208481907e-07
3.148398633e-07
3.105954289e-07
3.08050234e-07
3.06684431e-07
3.069282373e-07
3.080397466e-07
0.006060607265
0.007573844186
0.008707704672
0.009318849496
0.009097125013
0.007852345882
0.003763001727
0.001125169395
0.0002822526228
6.672777678e-05
1.4542098e-05
2.872174309e-06
8.427685311e-07
5.224956817e-07
4.653107237e-07
4.517037205e-07
4.451227334e-07
4.443448454e-07
4.445742291e-07
4.467619381e-07
4.487763441e-07
4.457455526e-07
4.382528785e-07
4.207360724e-07
3.894201291e-07
3.727115924e-07
3.629675821e-07
3.484272966e-07
3.366609086e-07
3.283634576e-07
3.210528992e-07
3.149465594e-07
3.106100584e-07
3.079772183e-07
3.065244788e-07
3.066943026e-07
3.077462449e-07
0.006035524013
0.007554401897
0.008697911383
0.009323564218
0.009116227204
0.007903301828
0.003835900085
0.001151755471
0.0002885759242
6.879996787e-05
1.479970497e-05
2.979636698e-06
8.531697685e-07
5.251537675e-07
4.656372041e-07
4.51744768e-07
4.451320422e-07
4.446427405e-07
4.448039315e-07
4.468788035e-07
4.488917583e-07
4.457110649e-07
4.383304155e-07
4.212132157e-07
3.899388099e-07
3.73107307e-07
3.635412643e-07
3.489715742e-07
3.370220068e-07
3.286445429e-07
3.212588395e-07
3.15054895e-07
3.106255596e-07
3.079076016e-07
3.063675766e-07
3.064618115e-07
3.074432556e-07
3.087849397e-07
0.006013718415
0.007537389506
0.008689586004
0.009327217296
0.009131889793
0.007943708722
0.003897368289
0.00117409866
0.0002949854421
6.986390998e-05
1.525818385e-05
3.026597544e-06
8.633866222e-07
5.263048804e-07
4.65932165e-07
4.516594338e-07
4.452590738e-07
4.448749875e-07
4.448359633e-07
4.471051237e-07
4.490797583e-07
4.460808576e-07
4.386222356e-07
4.216665862e-07
3.904602255e-07
3.736147985e-07
3.638432206e-07
3.495397088e-07
3.373836586e-07
3.289264802e-07
3.214672121e-07
3.151661091e-07
3.10642256e-07
3.078407321e-07
3.062138443e-07
3.062312306e-07
3.071416135e-07
3.084322027e-07
0.005992661524
0.007521001065
0.008682008594
0.009329751187
0.009144708044
0.007976055828
0.003948953933
0.00119309165
0.0002993461913
7.14753372e-05
1.544844054e-05
3.105931234e-06
8.711363504e-07
5.283395624e-07
4.662052024e-07
4.518278339e-07
4.453046925e-07
4.450394219e-07
4.450179382e-07
4.471553316e-07
4.493111695e-07
4.461376975e-07
4.386949148e-07
4.220639885e-07
3.909573516e-07
3.740239084e-07
3.643810119e-07
3.501090276e-07
3.3774659e-07
3.292094735e-07
3.216772825e-07
3.152794985e-07
3.106604779e-07
3.077760049e-07
3.060633747e-07
3.060027677e-07
3.068465396e-07
3.08046567e-07
0.005970156722
0.007503709443
0.008674415923
0.009330902445
0.009155111201
0.008002122747
0.003992132177
0.00120884996
0.0003044942349
7.227174647e-05
1.57852022e-05
3.139735098e-06
8.778686293e-07
5.292334779e-07
4.664631469e-07
4.518385559e-07
4.453245148e-07
4.451823003e-07
4.450330783e-07
4.472159671e-07
4.495337161e-07
4.46048559e-07
4.38843961e-07
4.224608613e-07
3.914664154e-07
3.745182571e-07
3.647110728e-07
3.50592882e-07
3.38111519e-07
3.294936243e-07
3.21890184e-07
3.15396239e-07
3.10680537e-07
3.07713057e-07
3.059161556e-07
3.05776543e-07
3.063714308e-07
3.076885689e-07
3.104760418e-07
0.005945798587
0.007483503559
0.008666402152
0.009330269356
0.00916355108
0.008023221474
0.004028243168
0.001222456243
0.0003075318818
7.351979715e-05
1.592675555e-05
3.199833187e-06
8.838102525e-07
5.307240538e-07
4.667149975e-07
4.518266374e-07
4.453000177e-07
4.453009426e-07
4.449849816e-07
4.472313308e-07
4.496536777e-07
4.463798809e-07
4.390368599e-07
4.228190679e-07
3.919527619e-07
3.74933002e-07
3.652387378e-07
3.513616428e-07
3.384749288e-07
3.297798155e-07
3.221053274e-07
3.155156278e-07
3.107027642e-07
3.076516106e-07
3.057720237e-07
3.055526095e-07
3.060706644e-07
3.073049411e-07
3.099789769e-07
0.005918071717
0.007459425627
0.008656981868
0.009327383944
0.009170404209
0.008039956313
0.004058402881
0.001233257522
0.0003117138021
7.409259503e-05
1.617311394e-05
3.22720067e-06
8.889961692e-07
5.31446605e-07
4.669632985e-07
4.515549364e-07
4.454061856e-07
4.453848515e-07
4.451149818e-07
4.47384166e-07
4.498573067e-07
4.463933048e-07
4.393189762e-07
4.231820797e-07
3.924521584e-07
3.754127226e-07
3.655937196e-07
3.517460884e-07
3.388401588e-07
3.30061865e-07
3.223188466e-07
3.156357231e-07
3.107264055e-07
3.075924607e-07
3.05633304e-07
3.053352121e-07
3.057816665e-07
3.069511117e-07
3.095580219e-07
3.125849277e-07
0.005888939583
0.007433321844
0.008645726351
0.009321773889
0.009175892459
0.008051614178
0.004083219463
0.001243796672
0.0003137940161
7.500794298e-05
1.627349409e-05
3.259221112e-06
8.935579185e-07
5.320787541e-07
4.672174387e-07
4.515822243e-07
4.454149416e-07
4.454632861e-07
4.451236698e-07
4.47360806e-07
4.50025671e-07
4.466371086e-07
4.395203545e-07
4.235058902e-07
3.929189359e-07
3.757910344e-07
3.661067349e-07
3.524559175e-07
3.391920891e-07
3.303457915e-07
3.225338621e-07
3.157576305e-07
3.107517514e-07
3.075338606e-07
3.054964286e-07
3.051198878e-07
3.054963822e-07
3.065772575e-07
3.09073242e-07
3.120308195e-07
0.005863897287
0.007409608431
0.008633100342
0.009312560009
0.009180565734
0.008057619498
0.004099819438
0.001248364864
0.0003168911189
7.546543681e-05
1.646009896e-05
3.280291335e-06
8.976007448e-07
5.326350684e-07
4.674979635e-07
4.515105315e-07
4.453870884e-07
4.455261062e-07
4.451206832e-07
4.474053376e-07
4.502381853e-07
4.468239448e-07
4.397994182e-07
4.238410923e-07
3.93411004e-07
3.762539685e-07
3.664591415e-07
3.527750418e-07
3.395660506e-07
3.306309487e-07
3.227508946e-07
3.158821348e-07
3.10778825e-07
3.07475772e-07
3.053609473e-07
3.049065798e-07
3.052138515e-07
3.062302191e-07
3.086594569e-07
3.114612402e-07
3.167859029e-07
0.005836504396
0.007383045868
0.008612666009
0.00929628863
0.009186312941
0.008062266988
0.004106784669
0.001238939865
0.0003153113687
7.589538644e-05
1.658363605e-05
3.304029866e-06
9.017490814e-07
5.331848871e-07
4.677979374e-07
4.514616015e-07
4.454668065e-07
4.455325988e-07
4.451073443e-07
4.474211879e-07
4.504698189e-07
4.471069856e-07
4.399595825e-07
4.24145521e-07
3.938553968e-07
3.766179282e-07
3.669570027e-07
3.534526679e-07
3.399082583e-07
3.309181351e-07
3.22969343e-07
3.160084152e-07
3.10807751e-07
3.074182545e-07
3.052266735e-07
3.046950504e-07
3.049334503e-07
3.058587163e-07
3.081771254e-07
3.109115328e-07
3.16125395e-07
3.240838695e-07
0.0055679795
0.007194101208
0.00848970553
0.009264124915
0.009191365787
0.008179689379
0.004376690058
0.001331742706
0.000337631293
7.932747215e-05
1.731007282e-05
3.446910172e-06
9.24054505e-07
5.360725069e-07
4.684557561e-07
4.514904445e-07
4.454829676e-07
4.456067914e-07
4.449709382e-07
4.47387523e-07
4.506711136e-07
4.473510412e-07
4.402347047e-07
4.244574514e-07
3.943396182e-07
3.770916659e-07
3.673130658e-07
3.537349849e-07
3.403010166e-07
3.31207511e-07
3.231913684e-07
3.161390607e-07
3.108399324e-07
3.073624758e-07
3.050942571e-07
3.044857363e-07
3.046552745e-07
3.055127875e-07
3.077662685e-07
3.103456669e-07
3.153736959e-07
3.232116252e-07
0.005413813683
0.007086132598
0.008421679226
0.009245631878
0.009192437575
0.008236444717
0.004555954257
0.00140745887
0.0003539454092
8.369891056e-05
1.791096832e-05
3.589499534e-06
9.469261674e-07
5.388163631e-07
4.691236935e-07
4.515349903e-07
4.454843245e-07
4.456273033e-07
4.448749074e-07
4.472983825e-07
4.508724244e-07
4.476569746e-07
4.404883775e-07
4.248141993e-07
3.948377889e-07
3.77484858e-07
3.678162532e-07
3.543970393e-07
3.406394196e-07
3.314998087e-07
3.23415244e-07
3.162718094e-07
3.108741884e-07
3.073074977e-07
3.049625961e-07
3.042777781e-07
3.043784123e-07
3.051471019e-07
3.072865803e-07
3.098003937e-07
3.147193276e-07
3.222755028e-07
3.349656281e-07
0.007008107346
0.008375519775
0.009234268336
0.009194086925
0.008278341035
0.004701796261
0.001477219067
0.0003744546143
8.751878069e-05
1.912444635e-05
3.728228817e-06
9.717136586e-07
5.422918876e-07
4.698386123e-07
4.515996856e-07
4.454559285e-07
4.456359267e-07
4.448167363e-07
4.473912569e-07
4.50986553e-07
4.478651801e-07
4.408214223e-07
4.251080875e-07
3.953134601e-07
3.779526469e-07
3.68194371e-07
3.546284102e-07
3.410430328e-07
3.317942107e-07
3.236417188e-07
3.164074082e-07
3.109105084e-07
3.072534865e-07
3.048317667e-07
3.040709184e-07
3.041026357e-07
3.048002679e-07
3.068776912e-07
3.092381154e-07
3.139734845e-07
3.214139621e-07
3.338514413e-07
3.559719549e-07
0.006958980283
0.008346545267
0.009228852748
0.00919791878
0.008313774199
0.004840269116
0.001552673795
0.0003980387439
9.361650383e-05
2.010139753e-05
3.9363629e-06
9.970650333e-07
5.456288881e-07
4.707074122e-07
4.516789372e-07
4.455486252e-07
4.456361246e-07
4.446357839e-07
4.474029514e-07
4.511988417e-07
4.482216203e-07
4.411005553e-07
4.25466867e-07
3.958252509e-07
3.783585353e-07
3.687070148e-07
3.552249299e-07
3.413745485e-07
3.320916006e-07
3.238698603e-07
3.165450211e-07
3.109488341e-07
3.072005276e-07
3.047018415e-07
3.038650787e-07
3.038277044e-07
3.044388215e-07
3.064002111e-07
3.086971137e-07
3.13325128e-07
3.204861725e-07
3.325945286e-07
3.542230314e-07
3.96961655e-07
5.141676331e-07
0.006972361323
0.008357042075
0.009236965017
0.009208775203
0.0083193327
0.0048438647
0.00155354649
0.0003981907728
9.356644296e-05
2.012738352e-05
3.936694258e-06
9.988672724e-07
5.456268222e-07
4.711038168e-07
4.517733462e-07
4.455765685e-07
4.456971082e-07
4.446800039e-07
4.475286387e-07
4.513009352e-07
4.484285255e-07
4.41424292e-07
4.257430127e-07
3.962818934e-07
3.78807003e-07
3.691125728e-07
3.553285233e-07
3.417804688e-07
3.323898342e-07
3.240989066e-07
3.166836622e-07
3.10987661e-07
3.071476698e-07
3.045716016e-07
3.036593362e-07
3.035530306e-07
3.041007233e-07
3.059919851e-07
3.081378799e-07
3.125845413e-07
3.196347867e-07
3.314975267e-07
3.526738446e-07
3.944695169e-07
5.094717192e-07
0.006985332857
0.008369173784
0.009240203845
0.009213115767
0.008319280748
0.004844715042
0.001553900328
0.0003983079665
9.352977234e-05
2.013424829e-05
3.935726634e-06
1.000975516e-06
5.459375082e-07
4.713975674e-07
4.520241533e-07
4.456209544e-07
4.457404584e-07
4.446695413e-07
4.476114284e-07
4.515589407e-07
4.487916197e-07
4.416112407e-07
4.260393112e-07
3.967435745e-07
3.791877086e-07
3.696203059e-07
3.559621286e-07
3.421047878e-07
3.326915377e-07
3.243303676e-07
3.168246547e-07
3.110284893e-07
3.07096014e-07
3.044418518e-07
3.03454081e-07
3.032787832e-07
3.037243607e-07
3.055147409e-07
3.076009023e-07
3.119421492e-07
3.187152403e-07
3.302551701e-07
3.509530188e-07
3.918133351e-07
5.048516846e-07
0.006995970179
0.008382438729
0.009244222072
0.009217444129
0.008319380247
0.004845252631
0.001554114268
0.0003983911987
9.352723053e-05
2.012874664e-05
3.941273252e-06
1.002113752e-06
5.460971331e-07
4.715793059e-07
4.5255399e-07
4.456929932e-07
4.457908199e-07
4.447209161e-07
4.477700258e-07
4.516704231e-07
4.490320781e-07
4.419502988e-07
4.263256156e-07
3.972180728e-07
3.796437737e-07
3.700460826e-07
3.561599352e-07
3.425327583e-07
3.329962717e-07
3.245650865e-07
3.169689239e-07
3.110713299e-07
3.070457e-07
3.043127892e-07
3.032492455e-07
3.030048476e-07
3.033354945e-07
3.051062686e-07
3.070443042e-07
3.112064124e-07
3.178735969e-07
3.291747918e-07
3.49434494e-07
3.893886968e-07
5.003068332e-07
0.007015740946
0.008402180421
0.009250782488
0.00922691921
0.008320015926
0.00484705209
0.001554475987
0.0003984618124
9.353236267e-05
2.011777033e-05
3.942704588e-06
1.003136313e-06
5.462649222e-07
4.716952774e-07
4.532015763e-07
4.458161028e-07
4.458538108e-07
4.447816679e-07
4.478993835e-07
4.519744314e-07
4.494341978e-07
4.421062349e-07
4.266350761e-07
3.976910614e-07
3.800241723e-07
3.705672221e-07
3.566289847e-07
3.428663043e-07
3.333048066e-07
3.248029064e-07
3.171158834e-07
3.111162192e-07
3.069967204e-07
3.041844282e-07
3.030446402e-07
3.027310503e-07
3.028941539e-07
3.046299897e-07
3.065109986e-07
3.105694677e-07
3.169615897e-07
3.279459674e-07
3.477400949e-07
3.86792905e-07
4.958342131e-07
0.007042902425
0.008428960943
0.009259749921
0.009235164007
0.008320743419
0.004849187168
0.00155485502
0.0003985193747
9.352426748e-05
2.010548197e-05
3.942356178e-06
1.003682604e-06
5.465046753e-07
4.718389052e-07
4.53778524e-07
4.460362561e-07
4.459323024e-07
4.448590944e-07
4.480833642e-07
4.521131738e-07
4.497353096e-07
4.425783378e-07
4.269373553e-07
3.981893591e-07
3.804909901e-07
3.709613977e-07
3.570825074e-07
3.433278571e-07
3.336176642e-07
3.250450709e-07
3.172667037e-07
3.111632088e-07
3.069491213e-07
3.040564563e-07
3.028401508e-07
3.024571787e-07
3.025651544e-07
3.042236852e-07
3.059568036e-07
3.098383263e-07
3.161294579e-07
3.268818272e-07
3.46251415e-07
3.844334915e-07
4.914332435e-07
0.007083604282
0.008463610291
0.009273079686
0.009257027793
0.008322591011
0.004851578886
0.00155517209
0.0003985434828
9.349823189e-05
2.00907468e-05
3.941844284e-06
1.004237836e-06
5.467774736e-07
4.721284746e-07
4.542875355e-07
4.464162585e-07
4.460080916e-07
4.449453553e-07
4.482902374e-07
4.523798761e-07
4.502042037e-07
4.428880381e-07
4.272795999e-07
3.986949798e-07
3.809173402e-07
3.71506134e-07
3.578430516e-07
3.436880479e-07
3.339371149e-07
3.252919404e-07
3.174210059e-07
3.112123684e-07
3.06902803e-07
3.039286393e-07
3.026354672e-07
3.021829394e-07
3.022535618e-07
3.037484966e-07
3.054265669e-07
3.092062339e-07
3.152243059e-07
3.256657247e-07
3.44582244e-07
3.81895457e-07
4.871009955e-07
0.007163470721
0.008517251989
0.009294745835
0.00928007722
0.008324880476
0.004854809155
0.001555656903
0.0003985634094
9.345664788e-05
2.007380255e-05
3.941549994e-06
1.005342784e-06
5.471116571e-07
4.723099335e-07
4.547603206e-07
4.469024268e-07
4.460582026e-07
4.450112643e-07
4.48477868e-07
4.527207508e-07
4.505932313e-07
4.435963569e-07
4.27629172e-07
3.992395027e-07
3.814194855e-07
3.718393651e-07
3.583883333e-07
3.441811247e-07
3.342649483e-07
3.255453899e-07
3.175805004e-07
3.112637343e-07
3.068577011e-07
3.038008687e-07
3.024302449e-07
3.019079572e-07
3.01843763e-07
3.033428017e-07
3.048737961e-07
3.084787135e-07
3.144008575e-07
3.246169202e-07
3.431221564e-07
3.795987195e-07
4.828369812e-07
0.007265092377
0.008581137519
0.009332405047
0.009323892123
0.008334788286
0.004862208027
0.001556762189
0.0003986972555
9.340444071e-05
2.003744764e-05
3.941722945e-06
1.005902918e-06
5.478677668e-07
4.728387649e-07
4.552371795e-07
4.47439785e-07
4.464343261e-07
4.454268141e-07
4.48982054e-07
4.530037089e-07
4.511746846e-07
4.439599212e-07
4.280463776e-07
3.99810451e-07
3.819338093e-07
3.723807483e-07
3.59186269e-07
3.445988239e-07
3.346049975e-07
3.258068728e-07
3.177451371e-07
3.113176769e-07
3.068135887e-07
3.036729672e-07
3.022239414e-07
3.016316836e-07
3.014630414e-07
3.028667206e-07
3.043453415e-07
3.078502732e-07
3.13501235e-07
3.234121495e-07
3.414765372e-07
3.771155224e-07
4.786382497e-07
0.007406203034
0.008706956303
0.00939800333
0.009391034227
0.00835237693
0.00487297541
0.001559384087
0.0003988157713
9.332214681e-05
2.000646156e-05
3.93998241e-06
1.006121841e-06
5.482762539e-07
4.731654575e-07
4.558796606e-07
4.479155857e-07
4.466074365e-07
4.456353618e-07
4.493279961e-07
4.535024668e-07
4.517055698e-07
4.448022669e-07
4.28601344e-07
4.004441242e-07
3.824908355e-07
3.727771958e-07
3.597959494e-07
3.4508758e-07
3.349618397e-07
3.260793618e-07
3.179174366e-07
3.113743587e-07
3.067702577e-07
3.035442352e-07
3.020158525e-07
3.013533157e-07
3.011111245e-07
3.02460922e-07
3.037920406e-07
3.071244534e-07
3.126848763e-07
3.223771241e-07
3.400432425e-07
3.748785618e-07
4.745043673e-07
0.007501900844
0.008794473816
0.009461760164
0.009513335825
0.008407839132
0.00490300921
0.001565523525
0.0004000760106
9.316353386e-05
1.996025506e-05
3.934085063e-06
1.008433133e-06
5.49668982e-07
4.741964777e-07
4.564824585e-07
4.488484552e-07
4.473747962e-07
4.464442083e-07
4.501924966e-07
4.540986554e-07
4.525003288e-07
4.453794367e-07
4.294609024e-07
4.011579616e-07
3.831025707e-07
3.733634848e-07
3.606520605e-07
3.456332141e-07
3.353411842e-07
3.263660539e-07
3.180982061e-07
3.114344787e-07
3.067272921e-07
3.034137961e-07
3.01804946e-07
3.010718071e-07
3.007574237e-07
3.019816115e-07
3.032628629e-07
3.064973884e-07
3.117883334e-07
3.211812783e-07
3.384186539e-07
3.724467234e-07
4.704323127e-07
0.007416444765
0.009057843341
0.009671329915
0.009676916639
0.008529995243
0.00494973973
0.001581874223
0.0004014642105
9.315884338e-05
1.995765106e-05
3.951347169e-06
1.010478073e-06
5.506429084e-07
4.748792816e-07
4.578000451e-07
4.495789706e-07
4.478384698e-07
4.469517674e-07
4.508044398e-07
4.547376765e-07
4.533351643e-07
4.465194625e-07
4.303043652e-07
4.019445886e-07
3.838088918e-07
3.739457315e-07
3.613478504e-07
3.462708113e-07
3.357558442e-07
3.266723316e-07
3.182915757e-07
3.11498483e-07
3.066842326e-07
3.032805916e-07
3.015897969e-07
3.007855829e-07
3.004001111e-07
3.015720782e-07
3.027053448e-07
3.057696851e-07
3.109761459e-07
3.201573487e-07
3.37009408e-07
3.702659893e-07
4.664216235e-07
0.006857333236
0.009046896389
0.01006939648
0.01001640003
0.008768820158
0.005084142513
0.00161430616
0.0004081572945
9.338289373e-05
1.998234478e-05
3.965200436e-06
1.014684059e-06
5.536463121e-07
4.770443364e-07
4.588440757e-07
4.513905072e-07
4.494409357e-07
4.48580626e-07
4.523473251e-07
4.562003861e-07
4.54509933e-07
4.476039084e-07
4.315879211e-07
4.030449914e-07
3.846480175e-07
3.746701897e-07
3.62323655e-07
3.470636201e-07
3.361965174e-07
3.270033667e-07
3.184992212e-07
3.115676746e-07
3.066401842e-07
3.031435477e-07
3.013687958e-07
3.00493017e-07
3.000372842e-07
3.010838914e-07
3.021715975e-07
3.051393231e-07
3.100783659e-07
3.189663403e-07
3.354019414e-07
3.678810899e-07
4.624692451e-07
0.00632727691
0.008751048472
0.01041859596
0.01057820531
0.009082815438
0.005271945224
0.001688754725
0.0004131848717
9.459946988e-05
2.016408619e-05
4.008072935e-06
1.024700005e-06
5.570695725e-07
4.785951074e-07
4.616090458e-07
4.527678352e-07
4.505205797e-07
4.496940024e-07
4.535242203e-07
4.573774228e-07
4.55901106e-07
4.490692371e-07
4.327718515e-07
4.041987116e-07
3.85645024e-07
3.755070012e-07
3.631680524e-07
3.483279681e-07
3.367328973e-07
3.273682044e-07
3.187266906e-07
3.116424079e-07
3.065944156e-07
3.030008638e-07
3.011399135e-07
3.001919374e-07
2.996665869e-07
3.006649454e-07
3.016039708e-07
3.04404009e-07
3.092658041e-07
3.179494847e-07
3.340129217e-07
3.65752336e-07
4.585748404e-07
0.006572249881
0.007725732934
0.01015864241
0.01111925022
0.00977348173
0.005765633405
0.001827674661
0.000458423395
9.928276599e-05
2.087956103e-05
4.128881351e-06
1.047710754e-06
5.632031228e-07
4.834926997e-07
4.636519251e-07
4.564019967e-07
4.538714487e-07
4.53007685e-07
4.563271652e-07
4.599303609e-07
4.577141865e-07
4.505405977e-07
4.342704263e-07
4.058623542e-07
3.868574128e-07
3.765082272e-07
3.64341046e-07
3.491778146e-07
3.372572517e-07
3.277732972e-07
3.189755946e-07
3.117242499e-07
3.065454343e-07
3.028507642e-07
3.00901169e-07
2.998804501e-07
2.992859997e-07
3.001603731e-07
3.010597717e-07
3.037646723e-07
3.083611274e-07
3.167581117e-07
3.324178669e-07
3.634095846e-07
4.547355633e-07
0.007253547556
0.007011933158
0.008681953978
0.01072980743
0.01047860617
0.006534626548
0.002169176819
0.0005065095249
0.0001127432745
2.293516058e-05
4.434078793e-06
1.099289379e-06
5.737707349e-07
4.877194852e-07
4.694136109e-07
4.591094927e-07
4.562756497e-07
4.554435797e-07
4.586929239e-07
4.62232517e-07
4.600673991e-07
4.532684295e-07
4.362701788e-07
4.075600761e-07
3.883225963e-07
3.777788949e-07
3.654363141e-07
3.505832897e-07
3.380112771e-07
3.282242836e-07
3.192488799e-07
3.118111333e-07
3.064921995e-07
3.026918105e-07
3.00651482e-07
2.995576614e-07
2.988947038e-07
2.997262094e-07
3.004759735e-07
3.030161073e-07
3.075439639e-07
3.157448108e-07
3.310459263e-07
3.613294429e-07
4.509520125e-07
0.008063369022
0.007115764867
0.007500709666
0.009521893237
0.01037519513
0.008467365492
0.002884150941
0.0007973021455
0.00015317592
2.896694527e-05
5.258332499e-06
1.215180233e-06
5.940599923e-07
4.959329829e-07
4.73719492e-07
4.666252565e-07
4.630729584e-07
4.617633346e-07
4.632730953e-07
4.662742624e-07
4.628001084e-07
4.557469316e-07
4.388851265e-07
4.098817827e-07
3.901014212e-07
3.791990449e-07
3.66808107e-07
3.515539851e-07
3.38598877e-07
3.287166951e-07
3.195395921e-07
3.119015753e-07
3.064321354e-07
3.025232079e-07
3.003912624e-07
2.992247767e-07
2.984941354e-07
2.992019726e-07
2.999218748e-07
3.023637816e-07
3.06630935e-07
3.145520962e-07
3.294626174e-07
3.590277174e-07
4.472229313e-07
0.007792245577
0.007343495288
0.006740654911
0.007378603124
0.009319474328
0.008968611825
0.005214772845
0.001257861011
0.0002907766676
5.25586419e-05
8.388596604e-06
1.581532808e-06
6.41956657e-07
5.090228952e-07
4.858602474e-07
4.728724337e-07
4.683429692e-07
4.667939612e-07
4.679969943e-07
4.701254083e-07
4.670274935e-07
4.601367977e-07
4.42305846e-07
4.125821805e-07
3.922244047e-07
3.809721633e-07
3.68212084e-07
3.525585593e-07
3.397928865e-07
3.29191923e-07
3.198494006e-07
3.119904234e-07
3.063624652e-07
3.023418523e-07
3.001184142e-07
2.988803224e-07
2.980832774e-07
2.987541396e-07
2.993233764e-07
3.016053087e-07
3.058124302e-07
3.135459764e-07
3.281114633e-07
3.569990199e-07
4.435496153e-07
0.006567651237
0.006858846137
0.006561709973
0.006118846583
0.006570750787
0.007910124134
0.00679579192
0.003443374243
0.000738897346
0.0001703973637
2.91988267e-05
4.33064404e-06
9.429019838e-07
5.466495417e-07
4.963070972e-07
4.864494328e-07
4.801939124e-07
4.76314024e-07
4.741621868e-07
4.768685243e-07
4.71536194e-07
4.644863308e-07
4.468342048e-07
4.164719429e-07
3.952562317e-07
3.832037681e-07
3.700482273e-07
3.550001959e-07
3.406290167e-07
3.299938375e-07
3.202677662e-07
3.121140057e-07
3.062762075e-07
3.021205208e-07
2.997938911e-07
2.984815211e-07
2.976259733e-07
2.981899843e-07
2.987424574e-07
3.009273293e-07
3.048777688e-07
3.123406489e-07
3.265311593e-07
3.547317544e-07
4.399162516e-07
0.003536298255
0.00488056787
0.005635335369
0.00559568123
0.005281170605
0.005426271175
0.005996168253
0.005092116181
0.002594574394
0.0005571021409
0.000137055325
2.877412752e-05
5.226772927e-06
1.155758131e-06
5.853057204e-07
5.071356949e-07
4.898945787e-07
4.842136408e-07
4.852406916e-07
4.837159998e-07
4.815208949e-07
4.743026501e-07
4.544956581e-07
4.229346011e-07
4.001308102e-07
3.870768553e-07
3.736341669e-07
3.572580152e-07
3.437566528e-07
3.310003958e-07
3.211160968e-07
3.123992469e-07
3.061700481e-07
3.01782694e-07
2.99298626e-07
2.978937723e-07
2.971690391e-07
2.976080709e-07
2.979952593e-07
3.00038767e-07
3.039581532e-07
3.112553844e-07
3.251259116e-07
3.52697771e-07
4.36285364e-07
0.0005178180234
0.0009897508021
0.001579414992
0.002680131381
0.003779857093
0.004381296132
0.004339226357
0.004291930848
0.004340807681
0.003719610004
0.002332173679
0.0006210180014
0.0001825404787
4.513286115e-05
9.016413687e-06
2.060336584e-06
7.740462581e-07
5.526657182e-07
5.12791365e-07
4.95911157e-07
5.018183336e-07
4.920262561e-07
4.854241498e-07
4.685619832e-07
4.359827522e-07
4.116845099e-07
3.950986119e-07
3.79028682e-07
3.641653504e-07
3.468089403e-07
3.345282116e-07
3.226366453e-07
3.130130812e-07
3.060798213e-07
3.012984611e-07
2.985678814e-07
2.970429908e-07
2.964216639e-07
2.966667369e-07
2.971063207e-07
2.990753813e-07
3.027294285e-07
3.097844311e-07
3.233293435e-07
3.502907349e-07
4.326325034e-07
0.0001006481256
0.0001802505734
0.0003430185758
0.0005629567704
0.001076776686
0.001702086601
0.002557488431
0.003061899214
0.003108387548
0.003083414983
0.00271119233
0.002057787498
0.0006929407225
0.0001712415051
4.738128361e-05
1.198428728e-05
2.457062673e-06
1.210157411e-06
6.878664449e-07
5.546797039e-07
5.220319697e-07
5.200534848e-07
5.118801386e-07
4.887624339e-07
4.543389105e-07
4.263258231e-07
4.06953187e-07
3.905471984e-07
3.709748186e-07
3.560376634e-07
3.378715059e-07
3.251037196e-07
3.140783288e-07
3.060495798e-07
3.006832912e-07
2.975862639e-07
2.959071363e-07
2.955025744e-07
2.956239225e-07
2.958569229e-07
2.977073541e-07
3.014308517e-07
3.083771449e-07
3.21657025e-07
3.480785871e-07
4.289544295e-07
1.201847891e-05
2.476253419e-05
5.205676698e-05
0.0001044360336
0.0001948051385
0.0003776219293
0.0006021212595
0.00100903335
0.001565586393
0.001913911588
0.002101714208
0.001927683217
0.001586043341
0.0008652781021
0.0002465297582
8.63234713e-05
2.48413144e-05
7.884184908e-06
2.501149138e-06
1.117856889e-06
7.018420713e-07
5.700964408e-07
5.359485553e-07
5.287067029e-07
4.936207557e-07
4.591927335e-07
4.334742056e-07
4.063380016e-07
3.873611004e-07
3.641879016e-07
3.485061349e-07
3.29646892e-07
3.161145521e-07
3.062946438e-07
2.999629496e-07
2.96306916e-07
2.944121509e-07
2.938178822e-07
2.940042574e-07
2.944198509e-07
2.962315815e-07
2.996721194e-07
3.064265673e-07
3.194647113e-07
3.454016254e-07
4.252289808e-07
1.217623804e-06
2.200114003e-06
4.786920442e-06
1.119482465e-05
2.567995232e-05
5.656105457e-05
0.0001116829714
0.0001955448012
0.0003682220886
0.0005520470449
0.0008717784662
0.00123332683
0.001321516025
0.001183655015
0.0008659864319
0.0004045767477
0.0001185981812
4.003674175e-05
1.07159238e-05
4.858669093e-06
2.16690541e-06
1.176867289e-06
7.764866477e-07
5.660583297e-07
5.250603702e-07
5.000835232e-07
4.696295642e-07
4.40750847e-07
4.080663901e-07
3.844754341e-07
3.583364671e-07
3.354314903e-07
3.198736743e-07
3.071965339e-07
2.992405224e-07
2.946472774e-07
2.926920356e-07
2.921832168e-07
2.921814176e-07
2.923015427e-07
2.94034688e-07
2.976992512e-07
3.044154185e-07
3.172359168e-07
3.426923256e-07
4.206759528e-07
4.859855872e-07
5.287223011e-07
6.54973131e-07
1.033346477e-06
2.1241796e-06
5.075296991e-06
1.21584695e-05
2.733559887e-05
5.823407541e-05
0.000108622972
0.0001808090589
0.000318050263
0.0004704740041
0.0007432539621
0.0007570682913
0.0006421119589
0.0004715956181
0.0002274416634
7.830604343e-05
3.347546286e-05
1.215565294e-05
4.399465041e-06
2.401141098e-06
1.22905764e-06
7.957727399e-07
6.032947585e-07
5.489798698e-07
4.969744816e-07
4.548702824e-07
4.104758682e-07
3.827171559e-07
3.53197191e-07
3.27802894e-07
3.101595493e-07
2.988847181e-07
2.925202658e-07
2.907364889e-07
2.889431933e-07
2.891217423e-07
2.896532052e-07
2.913365348e-07
2.945574776e-07
3.010409988e-07
3.135888578e-07
3.384549471e-07
4.142497645e-07
4.204844269e-07
4.217283495e-07
4.239634984e-07
4.289790386e-07
4.45661728e-07
4.917283866e-07
6.399239224e-07
1.088884707e-06
2.343252397e-06
5.578077737e-06
1.28208636e-05
2.757099117e-05
5.453243172e-05
0.0001017573301
0.0001669158374
0.0002683919139
0.0004166247692
0.0004054003373
0.0003661136648
0.000261904974
0.0001438102842
4.973282271e-05
2.483625152e-05
1.200171451e-05
4.312864892e-06
2.238030416e-06
1.187887758e-06
7.355870748e-07
5.949153197e-07
5.406867009e-07
4.823125107e-07
4.166384466e-07
3.73638191e-07
3.401620697e-07
3.166411912e-07
3.000291769e-07
2.902582628e-07
2.868446293e-07
2.857600738e-07
2.854546787e-07
2.853521176e-07
2.869890894e-07
2.906937165e-07
2.971317768e-07
3.092948891e-07
3.332962878e-07
4.063422448e-07
3.753460936e-07
3.759646226e-07
3.765783218e-07
3.775017334e-07
3.783677405e-07
3.798653788e-07
3.814953222e-07
3.894829145e-07
4.079977438e-07
4.673741615e-07
6.533746166e-07
1.187283178e-06
2.603608767e-06
6.011267491e-06
1.35022408e-05
2.840838791e-05
5.380167101e-05
8.879876202e-05
0.0001481488769
0.0002347397749
0.0002340865464
0.0002123881254
0.0001660157031
9.6573611e-05
5.059781857e-05
2.049747159e-05
1.07998686e-05
3.91067727e-06
1.915390076e-06
8.659535081e-07
6.413551921e-07
5.714394707e-07
5.234483933e-07
4.266243379e-07
3.75967184e-07
3.346652425e-07
3.064144117e-07
2.890109796e-07
2.811294389e-07
2.792144737e-07
2.793751482e-07
2.801902107e-07
2.815491215e-07
2.843324721e-07
2.903135346e-07
3.019554717e-07
3.248345387e-07
3.935802203e-07
3.366549653e-07
3.370177308e-07
3.373842859e-07
3.379166634e-07
3.384336432e-07
3.392096151e-07
3.399492757e-07
3.410438784e-07
3.425594776e-07
3.441094747e-07
3.564224308e-07
3.807462682e-07
4.585181268e-07
6.921243104e-07
1.339267317e-06
2.999753662e-06
6.737109204e-06
1.424875668e-05
2.673773377e-05
5.059912445e-05
7.47364535e-05
0.0001270779488
0.0001375322528
0.0001285326192
0.0001030964706
7.323958419e-05
5.064670601e-05
1.75507895e-05
7.861276458e-06
2.9655109e-06
1.399741505e-06
8.647227417e-07
6.418313267e-07
5.571922303e-07
4.491524635e-07
3.649351738e-07
3.168100677e-07
2.928779325e-07
2.762309305e-07
2.737447603e-07
2.722379491e-07
2.714470668e-07
2.731470308e-07
2.769558028e-07
2.828584749e-07
2.937773486e-07
3.150510069e-07
3.787709619e-07
3.03038499e-07
3.032171663e-07
3.034165903e-07
3.036710964e-07
3.03952185e-07
3.043121799e-07
3.047070204e-07
3.052086887e-07
3.057648315e-07
3.064347163e-07
3.073765645e-07
3.080658898e-07
3.14327148e-07
3.250175693e-07
3.593654197e-07
4.66643173e-07
7.726731073e-07
1.571538127e-06
3.392529024e-06
7.376763359e-06
1.425966123e-05
2.456025576e-05
4.302940727e-05
6.826282997e-05
8.31418512e-05
7.82509243e-05
6.596134729e-05
5.634114503e-05
3.478461244e-05
1.134483293e-05
4.470356382e-06
1.94348079e-06
1.054388499e-06
7.127717226e-07
5.596428271e-07
4.508736676e-07
3.716724239e-07
3.094740505e-07
2.769884719e-07
2.617459944e-07
2.611059374e-07
2.623604145e-07
2.62691217e-07
2.645769456e-07
2.696716421e-07
2.796990496e-07
2.990259702e-07
3.592767314e-07
2.821044359e-07
2.822041645e-07
2.823243056e-07
2.824633398e-07
2.82630993e-07
2.828226044e-07
2.830529158e-07
2.833107472e-07
2.836194871e-07
2.839551501e-07
2.843575192e-07
2.847740896e-07
2.852933243e-07
2.859275276e-07
2.869813372e-07
2.930502401e-07
3.088527684e-07
3.587165352e-07
5.034434523e-07
8.965100493e-07
1.822185534e-06
3.807906584e-06
7.690025203e-06
1.359841768e-05
2.250518189e-05
3.594881057e-05
4.985777768e-05
4.950383938e-05
4.503065315e-05
3.816569169e-05
2.023609913e-05
8.139661094e-06
3.149935723e-06
1.399162815e-06
9.258858472e-07
6.965745317e-07
4.971300186e-07
3.63748614e-07
2.961670169e-07
2.589594181e-07
2.485487485e-07
2.453246225e-07
2.481421674e-07
2.52029605e-07
2.56988067e-07
2.658429436e-07
2.825916824e-07
3.373032011e-07
2.509634647e-07
2.510388967e-07
2.511265257e-07
2.512336087e-07
2.513516608e-07
2.514953399e-07
2.516512711e-07
2.518404725e-07
2.520389401e-07
2.522775659e-07
2.525159429e-07
2.527997389e-07
2.530614963e-07
2.533714634e-07
2.536206232e-07
2.539354724e-07
2.543064478e-07
2.571751843e-07
2.64776173e-07
2.899054841e-07
3.661151604e-07
5.802165692e-07
1.123127211e-06
2.333813318e-06
4.311318173e-06
8.497657699e-06
1.355951046e-05
2.460093904e-05
3.418373809e-05
3.364663694e-05
2.990059434e-05
1.669712914e-05
5.556759995e-06
1.883766516e-06
1.033785559e-06
8.142446808e-07
6.54203428e-07
4.510208185e-07
3.276955983e-07
2.568025585e-07
2.356154455e-07
2.333042299e-07
2.288388246e-07
2.294747407e-07
2.333206079e-07
2.409147822e-07
2.549210301e-07
3.004777239e-07
2.328200581e-07
2.328977579e-07
2.329908129e-07
2.33099159e-07
2.332207056e-07
2.333600988e-07
2.335157864e-07
2.336924401e-07
2.338850634e-07
2.340989419e-07
2.343249626e-07
2.345688452e-07
2.348147516e-07
2.350692393e-07
2.353073399e-07
2.355378408e-07
2.357269178e-07
2.358819134e-07
2.361984845e-07
2.365465875e-07
2.408355461e-07
2.554461462e-07
3.113181889e-07
4.582863488e-07
8.148702141e-07
1.572184237e-06
3.178783372e-06
5.844143662e-06
1.027179459e-05
1.980066979e-05
2.410604196e-05
2.191635378e-05
1.061988279e-05
3.042463638e-06
1.237859161e-06
8.122979108e-07
6.800798901e-07
5.581722576e-07
3.434779086e-07
2.514669514e-07
2.136352131e-07
2.021278568e-07
2.096145726e-07
2.146379379e-07
2.188048511e-07
2.254483495e-07
2.366240631e-07
2.761298661e-07
1.815921074e-07
1.816319369e-07
1.81678947e-07
1.817325876e-07
1.817931044e-07
1.818613017e-07
1.819377736e-07
1.820227727e-07
1.821162836e-07
1.822182361e-07
1.823277423e-07
1.824445297e-07
1.825531636e-07
1.826444636e-07
1.827274842e-07
1.828014973e-07
1.828805106e-07
1.829666497e-07
1.830629371e-07
1.831764431e-07
1.834008323e-07
1.842011652e-07
1.873303315e-07
1.979173957e-07
2.302155137e-07
3.182089989e-07
5.38242694e-07
1.047829366e-06
2.104078075e-06
4.436368373e-06
7.563586038e-06
1.115412877e-05
1.081787773e-05
8.657327472e-06
3.986628524e-06
1.59920557e-06
9.121232079e-07
6.779533504e-07
5.322628727e-07
3.736259385e-07
2.538768665e-07
1.964666181e-07
1.769716703e-07
1.74759681e-07
1.768424925e-07
1.813397285e-07
1.890317739e-07
2.133764478e-07
1.872918395e-07
1.872709038e-07
1.872459128e-07
1.872162385e-07
1.871810224e-07
1.871392226e-07
1.870897596e-07
2.634325883e-07
2.633431359e-07
2.632271185e-07
2.630875997e-07
2.629337453e-07
2.627429142e-07
2.804314325e-07
2.803467067e-07
2.802427624e-07
2.801213451e-07
2.799741743e-07
2.798025238e-07
3.115316188e-07
3.114500375e-07
3.113447536e-07
3.112271989e-07
3.110791495e-07
3.228579437e-07
3.227316776e-07
3.225867954e-07
3.441637601e-07
3.342482532e-07
3.409892498e-07
3.377686326e-07
3.341682598e-07
3.439642261e-07
3.407661453e-07
3.377406658e-07
3.341054624e-07
3.473535314e-07
3.439756786e-07
3.408682261e-07
3.376670468e-07
3.340658572e-07
3.528170878e-07
3.502422776e-07
3.472152435e-07
3.436917627e-07
3.408912004e-07
3.375107773e-07
3.339573161e-07
3.544144073e-07
3.526149851e-07
3.50232562e-07
3.471391879e-07
3.438682671e-07
3.408526043e-07
3.374182471e-07
3.340120362e-07
3.574439757e-07
3.557961994e-07
3.542067925e-07
3.524119706e-07
3.499735989e-07
3.472042091e-07
3.436148289e-07
3.408369562e-07
3.373516151e-07
3.339711362e-07
3.589268467e-07
3.572358933e-07
3.555749345e-07
3.539592711e-07
3.521182582e-07
3.498472589e-07
3.468872992e-07
3.438188576e-07
3.407148185e-07
3.373636552e-07
3.33904561e-07
3.623799974e-07
3.604876502e-07
3.587130964e-07
3.569920378e-07
3.553081927e-07
3.536508337e-07
3.518334293e-07
3.494277295e-07
3.468372786e-07
3.434782073e-07
3.40660318e-07
3.373374472e-07
3.339184791e-07
3.643250907e-07
3.62195733e-07
3.602703796e-07
3.584599804e-07
3.56703436e-07
3.549937923e-07
3.533118805e-07
3.513934015e-07
3.492054482e-07
3.466399839e-07
3.435549091e-07
3.405040479e-07
3.373600636e-07
3.339507182e-07
3.694935185e-07
3.665977867e-07
3.641618151e-07
3.619837182e-07
3.600161199e-07
3.581627357e-07
3.563730508e-07
3.546603536e-07
3.530415327e-07
3.510294701e-07
3.490550586e-07
3.461945562e-07
3.434692562e-07
3.405628743e-07
3.374252799e-07
3.341398177e-07
3.986040673e-07
3.76280039e-07
3.693124711e-07
3.664528923e-07
3.639774469e-07
3.61742681e-07
3.59724367e-07
3.578256849e-07
3.560185256e-07
3.543433229e-07
3.528596118e-07
3.506573066e-07
3.490432603e-07
3.461228167e-07
3.435709866e-07
3.403342179e-07
3.375085269e-07
3.339777176e-07
1.9406651e-06
4.795784923e-07
3.98378721e-07
3.757843252e-07
3.692275262e-07
3.662688469e-07
3.637745613e-07
3.614748782e-07
3.593986704e-07
3.574551457e-07
3.556282861e-07
3.539311873e-07
3.522815964e-07
3.506667722e-07
3.486415115e-07
3.462789147e-07
3.431566725e-07
3.406888781e-07
3.376766486e-07
3.3499868e-07
0.010048812
0.0002063595993
2.035706268e-06
4.778276296e-07
3.979427586e-07
3.757351536e-07
3.691672792e-07
3.661442835e-07
3.635512681e-07
3.61191613e-07
3.590584463e-07
3.570813536e-07
3.552657082e-07
3.536254227e-07
3.521078355e-07
3.507434146e-07
3.480914575e-07
3.460195492e-07
3.430587675e-07
3.406871469e-07
3.376830166e-07
3.348295576e-07
0.0111873708
0.0002616195407
2.322045974e-06
4.7680332e-07
3.978295094e-07
3.758296194e-07
3.690969506e-07
3.660341825e-07
3.633414584e-07
3.609181777e-07
3.587294341e-07
3.5674054e-07
3.549570836e-07
3.53367308e-07
3.518584354e-07
3.502617383e-07
3.478987537e-07
3.454547273e-07
3.429847452e-07
3.406236758e-07
3.379955142e-07
3.352267422e-07
0.01266048341
0.0003110811104
2.699482642e-06
4.796918383e-07
3.985057436e-07
3.762675926e-07
3.691971009e-07
3.659802057e-07
3.631787241e-07
3.60687563e-07
3.584520134e-07
3.564607102e-07
3.54704912e-07
3.531265742e-07
3.515708374e-07
3.497998489e-07
3.476164343e-07
3.453452871e-07
3.431280593e-07
3.40902225e-07
3.384876572e-07
3.357750566e-07
0.0146654905
0.000435500799
3.435818782e-06
4.833185237e-07
4.002568138e-07
3.767547038e-07
3.693279161e-07
3.65931217e-07
3.631110881e-07
3.605545875e-07
3.582651831e-07
3.562685866e-07
3.545198355e-07
3.529122669e-07
3.513560068e-07
3.49575348e-07
3.475610498e-07
3.455384437e-07
3.435440574e-07
3.414905818e-07
3.392193398e-07
3.365282028e-07
3.331550479e-07
0.01709555443
0.0005484049303
4.832316317e-06
4.949875049e-07
4.02387529e-07
3.780436379e-07
3.698980111e-07
3.664468501e-07
3.631303956e-07
3.605235089e-07
3.582085252e-07
3.561998445e-07
3.54467698e-07
3.528960359e-07
3.513484747e-07
3.496558061e-07
3.478513052e-07
3.460557417e-07
3.442803035e-07
3.424022284e-07
3.402363915e-07
3.375327161e-07
3.340110194e-07
0.01997125042
0.0008350271112
7.960814401e-06
5.323556023e-07
4.102769683e-07
3.800368214e-07
3.711811324e-07
3.668486323e-07
3.637531674e-07
3.608032269e-07
3.583651426e-07
3.563333193e-07
3.546129608e-07
3.530793077e-07
3.515999799e-07
3.500523102e-07
3.484661025e-07
3.46911568e-07
3.453607468e-07
3.436593439e-07
3.415849555e-07
3.388546659e-07
3.351727373e-07
0.0226577708
0.001266345484
1.622838402e-05
5.828666104e-07
4.155276156e-07
3.839609281e-07
3.727410806e-07
3.688501654e-07
3.643068757e-07
3.613591511e-07
3.587920693e-07
3.567084966e-07
3.549911557e-07
3.535098577e-07
3.521371868e-07
3.507667118e-07
3.494147494e-07
3.481135434e-07
3.468002907e-07
3.452853126e-07
3.433087e-07
3.405577164e-07
3.367165456e-07
0.02407748545
0.001926113945
3.779029318e-05
7.028266224e-07
4.42058026e-07
3.88672533e-07
3.779433522e-07
3.702762992e-07
3.663565396e-07
3.623619633e-07
3.595719275e-07
3.573796472e-07
3.556415926e-07
3.542192814e-07
3.529785586e-07
3.518089024e-07
3.50702537e-07
3.496698193e-07
3.486105999e-07
3.473004029e-07
3.454417138e-07
3.426887185e-07
3.386973816e-07
0.0234595981
0.003536033507
0.0001581272363
2.263210741e-06
4.786850777e-07
4.079673888e-07
3.816367727e-07
3.755941419e-07
3.679140873e-07
3.639314032e-07
3.607931423e-07
3.584158533e-07
3.56621027e-07
3.552519717e-07
3.541578798e-07
3.531992444e-07
3.523525178e-07
3.516046289e-07
3.508193679e-07
3.497387746e-07
3.480261877e-07
3.452958831e-07
3.411703803e-07
3.353321614e-07
0.02147055423
0.004972545656
0.0003497061139
1.406559815e-05
7.799957944e-07
4.343121959e-07
3.969077154e-07
3.795215684e-07
3.731257384e-07
3.663720846e-07
3.626459707e-07
3.599450417e-07
3.580198166e-07
3.566800403e-07
3.557375357e-07
3.55002564e-07
3.544228264e-07
3.539761028e-07
3.53488486e-07
3.526670273e-07
3.511349452e-07
3.484559936e-07
3.442189293e-07
3.380623086e-07
0.01847590502
0.007021416796
0.0008564979198
5.403203401e-05
2.86704427e-06
5.317328632e-07
4.03940681e-07
3.920259951e-07
3.769917316e-07
3.700098392e-07
3.653598834e-07
3.621378606e-07
3.5997861e-07
3.586244802e-07
3.578246698e-07
3.573094679e-07
3.570078485e-07
3.568782929e-07
3.567101509e-07
3.561824491e-07
3.548648173e-07
3.522681787e-07
3.479401027e-07
3.414719805e-07
0.01510317212
0.006223849132
0.001012233759
0.0001010402797
8.819003079e-06
9.545763757e-07
4.738388095e-07
4.019163748e-07
3.897985742e-07
3.756782388e-07
3.69490093e-07
3.653417007e-07
3.627510184e-07
3.61292851e-07
3.606205677e-07
3.603334982e-07
3.603064023e-07
3.60509998e-07
3.606951639e-07
3.604949358e-07
3.594148356e-07
3.569393474e-07
3.525619062e-07
3.457743765e-07
3.380224275e-07
0.01165934832
0.008500916004
0.001807898324
0.0002157008696
1.847544705e-05
2.135110393e-06
6.035562038e-07
4.429366483e-07
3.986792519e-07
3.839666223e-07
3.755249783e-07
3.700846739e-07
3.667613322e-07
3.650251286e-07
3.644192139e-07
3.643318903e-07
3.645768597e-07
3.651272988e-07
3.656759343e-07
3.65797368e-07
3.649874254e-07
3.626912955e-07
3.58322525e-07
3.513050866e-07
3.426776568e-07
0.008316168688
0.009264877131
0.002420025672
0.0003839016854
4.882766132e-05
4.459231914e-06
9.034885608e-07
4.760859329e-07
4.268247504e-07
3.967104511e-07
3.84556647e-07
3.770723053e-07
3.725449066e-07
3.70267666e-07
3.696167265e-07
3.696903178e-07
3.701464352e-07
3.710270912e-07
3.719251789e-07
3.724882201e-07
3.720881461e-07
3.70052677e-07
3.657525868e-07
3.583470119e-07
3.488168335e-07
3.418476602e-07
0.007761937183
0.0156935879
0.003891328044
0.0006195493749
7.874595557e-05
1.130917066e-05
1.654374162e-06
6.497157136e-07
4.51608537e-07
4.154688724e-07
3.971994812e-07
3.871831042e-07
3.808964991e-07
3.777184825e-07
3.76821709e-07
3.769479457e-07
3.775300718e-07
3.786736379e-07
3.800281616e-07
3.810036028e-07
3.811261411e-07
3.794440163e-07
3.752843251e-07
3.675672582e-07
3.568457728e-07
3.490467966e-07
0.008475247634
0.01855390282
0.006996796805
0.001183857841
0.0002164805093
1.563613146e-05
3.137398047e-06
8.295356212e-07
5.391398681e-07
4.350951495e-07
4.159264889e-07
4.020524619e-07
3.931411171e-07
3.884339807e-07
3.869217035e-07
3.870406654e-07
3.876005334e-07
3.890934158e-07
3.907121903e-07
3.922507914e-07
3.929468431e-07
3.918490126e-07
3.880763069e-07
3.798302384e-07
3.676919471e-07
3.589062622e-07
3.517461363e-07
0.008976712173
0.01771913504
0.01150405603
0.002953704607
0.0004420540231
8.386758505e-05
1.138012886e-05
2.185336789e-06
6.710178158e-07
4.955389133e-07
4.447898992e-07
4.24115715e-07
4.110694231e-07
4.038431077e-07
4.013361875e-07
4.009708891e-07
4.017093581e-07
4.032436609e-07
4.052710251e-07
4.071454561e-07
4.084337163e-07
4.080623338e-07
4.051044647e-07
3.963867132e-07
3.827886029e-07
3.728027179e-07
3.644273076e-07
0.008423154949
0.01463768956
0.01246619021
0.006718297031
0.001640292248
0.0002083512715
4.121284435e-05
7.745318144e-06
1.880636629e-06
6.150914727e-07
4.889127241e-07
4.577830458e-07
4.368246879e-07
4.260177044e-07
4.211250425e-07
4.201454959e-07
4.205725975e-07
4.222707782e-07
4.246986803e-07
4.271090151e-07
4.291341894e-07
4.296153001e-07
4.278299435e-07
4.18994164e-07
4.029237227e-07
3.917791588e-07
3.821188454e-07
3.732888142e-07
0.007430629501
0.0121276649
0.01176168223
0.009320303509
0.003935293908
0.001091408334
0.0001686135563
3.136302121e-05
6.117848562e-06
1.693945318e-06
7.045076449e-07
5.173096276e-07
4.707970066e-07
4.519688592e-07
4.438819688e-07
4.417084066e-07
4.414720197e-07
4.431578804e-07
4.457654407e-07
4.486731532e-07
4.514444258e-07
4.529815896e-07
4.525103609e-07
4.437669255e-07
4.26402029e-07
4.133257493e-07
4.024591325e-07
3.927143006e-07
3.831667262e-07
0.006541554063
0.01036209594
0.01078701283
0.009833278554
0.00657453466
0.001995836859
0.0004904759402
7.733935739e-05
1.680742973e-05
3.659186913e-06
1.110134093e-06
6.092394778e-07
5.091760729e-07
4.775459215e-07
4.649683526e-07
4.613603366e-07
4.608369327e-07
4.623455173e-07
4.652816946e-07
4.686668815e-07
4.722196238e-07
4.747195184e-07
4.755845439e-07
4.673112193e-07
4.487554541e-07
4.338532312e-07
4.21601066e-07
4.111196516e-07
4.008539776e-07
3.890993601e-07
0.005842477241
0.00913378911
0.009639983362
0.009569072158
0.007963738117
0.003720319261
0.0009656173804
0.000235220478
3.893411462e-05
7.69132823e-06
1.863308165e-06
7.797400562e-07
5.514611636e-07
5.028889943e-07
4.846800085e-07
4.790573135e-07
4.777924726e-07
4.79200175e-07
4.822524932e-07
4.859879263e-07
4.901494395e-07
4.937563165e-07
4.959904248e-07
4.883937699e-07
4.693048133e-07
4.529428235e-07
4.394448619e-07
4.278049207e-07
4.169477189e-07
4.043177032e-07
3.88990848e-07
0.005337250045
0.0084315006
0.009017973545
0.009298308743
0.008418990102
0.005242484471
0.001627611522
0.0003761386247
7.808402629e-05
1.466139032e-05
3.167624852e-06
1.026600045e-06
6.201163796e-07
5.284749488e-07
5.025381808e-07
4.946322108e-07
4.926061874e-07
4.937447872e-07
4.962548733e-07
5.000143888e-07
5.042365232e-07
5.091860053e-07
5.125200786e-07
5.060815988e-07
4.87188098e-07
4.699288416e-07
4.554479106e-07
4.426752816e-07
4.300674226e-07
4.161564251e-07
4.005117431e-07
3.822154327e-07
0.004933346507
0.007957665983
0.008601892445
0.008993387323
0.008487143007
0.006365636638
0.002436131903
0.000685232409
0.0001193936263
2.479817841e-05
5.138722669e-06
1.420021945e-06
6.851829645e-07
5.558083302e-07
5.186915478e-07
5.079479458e-07
5.042846617e-07
5.050058071e-07
5.092824598e-07
5.137034868e-07
5.194861858e-07
5.238736971e-07
5.283548468e-07
5.206285714e-07
5.01972564e-07
4.841764725e-07
4.681918936e-07
4.540608399e-07
4.435538435e-07
4.312746723e-07
4.133782692e-07
3.922866495e-07
3.706091025e-07
0.004580687656
0.007594068165
0.008283162627
0.008716752264
0.008506505663
0.007089632113
0.003320870332
0.0009232784869
0.0002311759823
3.931773154e-05
7.938965866e-06
1.927661436e-06
8.218363108e-07
5.859132002e-07
5.336582128e-07
5.18820917e-07
5.157169367e-07
5.167311556e-07
5.181324516e-07
5.22252707e-07
5.285925874e-07
5.32896524e-07
5.376715878e-07
5.310663087e-07
5.152737753e-07
4.958917921e-07
4.801313189e-07
4.674338788e-07
4.521599434e-07
4.401363018e-07
4.211146092e-07
3.995909869e-07
3.780144087e-07
3.568161009e-07
0.004259762458
0.007299844043
0.008037597538
0.008537455954
0.008508243861
0.007492781971
0.004155796289
0.001252376572
0.0003018004223
6.246321276e-05
1.170875811e-05
2.683490892e-06
9.203449499e-07
6.166878539e-07
5.471653248e-07
5.29345658e-07
5.230071388e-07
5.236401924e-07
5.320436298e-07
5.374718068e-07
5.44694056e-07
5.504024526e-07
5.551210651e-07
5.430712727e-07
5.26955914e-07
5.067565668e-07
4.877369745e-07
4.748833483e-07
4.661915088e-07
4.561428391e-07
4.365755084e-07
4.091423539e-07
3.841606712e-07
3.615767792e-07
0.003969212035
0.007063668212
0.007845280293
0.008408485897
0.00850080652
0.0077190303
0.004912447941
0.001650072058
0.0004433785985
8.182567894e-05
1.651485176e-05
3.530936755e-06
1.206339564e-06
6.528772939e-07
5.602196988e-07
5.367405726e-07
5.340278651e-07
5.35850944e-07
5.384895886e-07
5.4275438e-07
5.513869984e-07
5.570041334e-07
5.609900674e-07
5.497169297e-07
5.360434711e-07
5.158218265e-07
4.99117646e-07
4.885824446e-07
4.726678045e-07
4.622046073e-07
4.426523158e-07
4.144640525e-07
3.889142358e-07
3.657853428e-07
3.456918173e-07
0.003699575306
0.006855199257
0.00768957771
0.008313531552
0.008491273339
0.007875112516
0.005516630193
0.002079444942
0.000547371394
0.0001322958471
2.253351828e-05
4.623182111e-06
1.362655793e-06
6.958597923e-07
5.721185185e-07
5.45792352e-07
5.398027384e-07
5.410446189e-07
5.491226242e-07
5.521643173e-07
5.607608891e-07
5.676310879e-07
5.715890627e-07
5.617827561e-07
5.456257736e-07
5.244287168e-07
5.050718733e-07
4.939002415e-07
4.836959891e-07
4.712059246e-07
4.519693756e-07
4.242298506e-07
3.93738013e-07
3.692766232e-07
3.481866025e-07
0.003456813026
0.006681025666
0.007567801801
0.00823211637
0.008486109006
0.008026423439
0.00600235054
0.002475441191
0.0006925242414
0.0001578860937
3.011279551e-05
5.833464967e-06
1.757435528e-06
7.420769853e-07
5.833609098e-07
5.506583912e-07
5.492069624e-07
5.502214108e-07
5.532561723e-07
5.576907652e-07
5.653591823e-07
5.714982819e-07
5.759836656e-07
5.664890561e-07
5.514479332e-07
5.302996891e-07
5.147934042e-07
5.032341579e-07
4.879922498e-07
4.752584671e-07
4.558774149e-07
4.279939525e-07
3.967487806e-07
3.721247039e-07
3.503209682e-07
3.333933791e-07
0.003239221476
0.006529286948
0.00745927547
0.008160563098
0.008480038395
0.008135686729
0.006391333192
0.002858423851
0.0008032972443
0.0002037662662
3.645481945e-05
7.184619517e-06
1.950018512e-06
7.895958284e-07
5.937962618e-07
5.598883125e-07
5.52926265e-07
5.537587358e-07
5.603691793e-07
5.638314013e-07
5.710213237e-07
5.772872375e-07
5.822456657e-07
5.755313513e-07
5.610265052e-07
5.386472841e-07
5.185698466e-07
5.06812168e-07
4.947819035e-07
4.80691226e-07
4.613687707e-07
4.345687449e-07
4.01187407e-07
3.744621922e-07
3.520879853e-07
3.344070181e-07
0.00305035816
0.006397815971
0.007368949478
0.008103414914
0.00847755304
0.008222868447
0.006722476164
0.003200032269
0.0009434710726
0.0002340920311
4.748782218e-05
8.624122629e-06
2.376286733e-06
8.396277711e-07
6.0355154e-07
5.627711299e-07
5.592599615e-07
5.599777636e-07
5.630604406e-07
5.67681274e-07
5.740334898e-07
5.799518655e-07
5.858355609e-07
5.800560628e-07
5.660408671e-07
5.430725391e-07
5.255077712e-07
5.124980179e-07
4.976401628e-07
4.835284819e-07
4.640798186e-07
4.371223788e-07
4.034714089e-07
3.763967819e-07
3.535361683e-07
3.352731635e-07
3.232988026e-07
0.002879308299
0.006284986503
0.007291913358
0.008053284625
0.008474338795
0.008290994952
0.006981188837
0.003516599573
0.001073861608
0.0002753663415
5.446824482e-05
1.00844772e-05
2.554847279e-06
8.86136619e-07
6.124098692e-07
5.693192553e-07
5.617070182e-07
5.624258007e-07
5.674534018e-07
5.715467872e-07
5.776534682e-07
5.834820959e-07
5.899423159e-07
5.859698053e-07
5.74103853e-07
5.512611905e-07
5.284021388e-07
5.149179345e-07
5.017662871e-07
4.869013594e-07
4.674320141e-07
4.412258423e-07
4.075177882e-07
3.780119449e-07
3.547353148e-07
3.360133389e-07
3.235724658e-07
0.002731261887
0.006201836951
0.007225556921
0.008014072377
0.008473882336
0.008345007491
0.007181403732
0.003802554045
0.001197075007
0.0003030085804
6.805850143e-05
1.160166716e-05
2.936988189e-06
9.303126331e-07
6.204285549e-07
5.716207061e-07
5.659883473e-07
5.665466174e-07
5.695863817e-07
5.740125001e-07
5.802339691e-07
5.857829842e-07
5.923735072e-07
5.891062093e-07
5.774927999e-07
5.546287706e-07
5.331763183e-07
5.182785166e-07
5.037313009e-07
4.889409758e-07
4.693625839e-07
4.429487508e-07
4.091475954e-07
3.793595362e-07
3.557290853e-07
3.366365088e-07
3.238098178e-07
0.006127958891
0.007174816748
0.007982122235
0.008474468939
0.008388414751
0.007338273132
0.004055470191
0.001314998168
0.0003372829353
7.428331145e-05
1.301806809e-05
3.065949357e-06
9.681464904e-07
6.275463014e-07
5.738009318e-07
5.675960697e-07
5.68220809e-07
5.724596782e-07
5.764249124e-07
5.827115871e-07
5.883163946e-07
5.952255885e-07
5.927868793e-07
5.822463562e-07
5.600444046e-07
5.351009714e-07
5.199181724e-07
5.060797702e-07
4.909847681e-07
4.713687791e-07
4.454626492e-07
4.119185222e-07
3.8048548e-07
3.565568124e-07
3.371617044e-07
3.240141384e-07
3.1649055e-07
0.006066734233
0.007139706182
0.007959118996
0.0084759796
0.008423422715
0.007463184451
0.004273417702
0.001423217121
0.0003666505398
8.413831042e-05
1.436167991e-05
3.21118139e-06
1.006019903e-06
6.338627876e-07
5.758820972e-07
5.704929949e-07
5.707844437e-07
5.740943857e-07
5.781321389e-07
5.848929487e-07
5.899838589e-07
5.955022238e-07
5.944437878e-07
5.844847532e-07
5.623746116e-07
5.380713143e-07
5.218900271e-07
5.075707855e-07
4.926126899e-07
4.728681162e-07
4.467157051e-07
4.130899642e-07
3.815311381e-07
3.573506395e-07
3.376676207e-07
3.242145072e-07
3.164592296e-07
0.006013353682
0.007114212207
0.007943260166
0.008478311846
0.008452381428
0.007563747031
0.004458603488
0.001519211341
0.0003953402784
9.012746633e-05
1.558431161e-05
3.410694473e-06
1.036136208e-06
6.39394996e-07
5.78128548e-07
5.716400662e-07
5.719917142e-07
5.76066087e-07
5.796559857e-07
5.865245711e-07
5.910562316e-07
5.966736258e-07
5.970009776e-07
5.876842341e-07
5.66074183e-07
5.397011981e-07
5.233653124e-07
5.092351813e-07
4.941810549e-07
4.74433943e-07
4.486065479e-07
4.154025287e-07
3.826153049e-07
3.581319161e-07
3.381714434e-07
3.244169903e-07
3.164319008e-07
0.007095106397
0.007930595029
0.008481934878
0.008476001313
0.007645075007
0.004614725688
0.001602957919
0.0004193232254
9.746891846e-05
1.665262405e-05
3.587534035e-06
1.066186037e-06
6.442439546e-07
5.803456153e-07
5.73662984e-07
5.736614831e-07
5.769498646e-07
5.805129512e-07
5.871950848e-07
5.917848153e-07
5.97578451e-07
5.970648199e-07
5.888172577e-07
5.678443854e-07
5.420603486e-07
5.249085976e-07
5.107272545e-07
4.958060362e-07
4.759309986e-07
4.498230844e-07
4.164955581e-07
3.835758708e-07
3.589030979e-07
3.386724237e-07
3.246221224e-07
3.164084098e-07
0.007080954139
0.00792074258
0.008486292772
0.008496162607
0.007710880292
0.004745494158
0.001674903585
0.0004386609095
0.000102005915
1.765172261e-05
3.813210671e-06
1.092263686e-06
6.484783265e-07
5.824263057e-07
5.744991632e-07
5.745613213e-07
5.783151892e-07
5.815192667e-07
5.875967645e-07
5.926062825e-07
5.989254433e-07
5.981071743e-07
5.909636762e-07
5.706697726e-07
5.43542695e-07
5.263249826e-07
5.121978467e-07
4.972206188e-07
4.774120223e-07
4.515257306e-07
4.187023117e-07
3.847196928e-07
3.596680736e-07
3.391743177e-07
3.248306351e-07
3.163889816e-07
0.007070254953
0.00791308102
0.008490211888
0.008513767586
0.007764164364
0.004854482706
0.001736242058
0.0004556035723
0.0001073111973
1.844490493e-05
4.088991246e-06
1.116319788e-06
6.521773054e-07
5.848689337e-07
5.758475036e-07
5.756618957e-07
5.784136395e-07
5.819449178e-07
5.881117081e-07
5.933213961e-07
5.999896576e-07
5.990624303e-07
5.918828255e-07
5.720387512e-07
5.455536386e-07
5.27674996e-07
5.135686201e-07
4.987197636e-07
4.788325768e-07
4.527243068e-07
4.197501445e-07
3.85610896e-07
3.604283883e-07
3.396762797e-07
3.250430658e-07
3.163739813e-07
3.125783405e-07
0.007061909723
0.007907270147
0.008493604388
0.008528981416
0.007807546178
0.004945057031
0.001788140279
0.0004715097567
0.0001106259136
1.921848737e-05
4.260124389e-06
1.137841028e-06
6.55412048e-07
5.867169311e-07
5.764448536e-07
5.763514735e-07
5.791241761e-07
5.827701164e-07
5.883516623e-07
5.940593942e-07
6.008473271e-07
6.003114848e-07
5.935562227e-07
5.74286423e-07
5.469258062e-07
5.289858815e-07
5.149347433e-07
5.000435147e-07
4.802546929e-07
4.542965956e-07
4.218984823e-07
3.868814212e-07
3.611864767e-07
3.401814738e-07
3.252600085e-07
3.163636958e-07
3.123907872e-07
0.007055345697
0.007902760182
0.008496291234
0.008542046173
0.007842961491
0.005020183284
0.001831984366
0.000484895986
0.0001146573046
1.978547854e-05
4.456900902e-06
1.157065323e-06
6.582628296e-07
5.877828891e-07
5.772223623e-07
5.767061338e-07
5.794904409e-07
5.835005744e-07
5.889610999e-07
5.946788727e-07
6.016533545e-07
6.014763174e-07
5.949784213e-07
5.756819532e-07
5.487157169e-07
5.302511572e-07
5.162458864e-07
5.014729343e-07
4.816264994e-07
4.554926227e-07
4.229282492e-07
3.87723792e-07
3.619436312e-07
3.406883321e-07
3.254819926e-07
3.163585033e-07
3.122071035e-07
0.007049987944
0.007899193626
0.00849841516
0.00855320415
0.007871918023
0.005082504568
0.00186887337
0.0004961686895
0.0001162777459
2.037516335e-05
4.532645598e-06
1.173806564e-06
6.607832747e-07
5.884992251e-07
5.776381489e-07
5.768177477e-07
5.801690896e-07
5.842428622e-07
5.896894462e-07
5.953801481e-07
6.023536699e-07
6.025077613e-07
5.965960941e-07
5.776670908e-07
5.500217483e-07
5.315063079e-07
5.175567324e-07
5.027471107e-07
4.830083381e-07
4.569586596e-07
4.250490235e-07
3.892768967e-07
3.627020267e-07
3.411993332e-07
3.257095256e-07
3.163582104e-07
3.12027348e-07
3.107885391e-07
0.007045305817
0.007896321744
0.008500467318
0.008562580548
0.007895630745
0.0051341743
0.001899952181
0.0005057826823
0.0001189857663
2.078613352e-05
4.656055877e-06
1.188483651e-06
6.630119508e-07
5.891573023e-07
5.780341899e-07
5.771768406e-07
5.807510199e-07
5.847963604e-07
5.905464019e-07
5.958905281e-07
6.029709114e-07
6.035049514e-07
5.980609087e-07
5.791359674e-07
5.516698285e-07
5.327073237e-07
5.188114201e-07
5.041360638e-07
4.843432421e-07
4.581626369e-07
4.260778975e-07
3.901734362e-07
3.634635781e-07
3.417127321e-07
3.259431176e-07
3.163633441e-07
3.118516038e-07
3.104733011e-07
0.007041287525
0.007894003005
0.008501973147
0.008570378241
0.007915067266
0.005176995407
0.001925996965
0.0005139531821
0.0001206864924
2.121301786e-05
4.684067442e-06
1.201136998e-06
6.649857101e-07
5.9000748e-07
5.783253688e-07
5.772542272e-07
5.812648704e-07
5.85407637e-07
5.912821639e-07
5.964567428e-07
6.034776243e-07
6.044449862e-07
5.994367886e-07
5.809310679e-07
5.529441955e-07
5.339016362e-07
5.20069816e-07
5.053809908e-07
4.856993004e-07
4.595331793e-07
4.281103181e-07
3.920168948e-07
3.642286721e-07
3.422312604e-07
3.261830709e-07
3.163740767e-07
3.116799614e-07
3.101609186e-07
0.007037828172
0.007892043057
0.008503554742
0.008576814939
0.007931022241
0.00521248509
0.001947927013
0.0005209498837
0.0001229076872
2.15323687e-05
4.769256611e-06
1.212166349e-06
6.667395366e-07
5.897110429e-07
5.78545624e-07
5.775383233e-07
5.816619523e-07
5.859576817e-07
5.919546026e-07
5.968606268e-07
6.03941721e-07
6.053220105e-07
6.007498629e-07
5.822398423e-07
5.544916357e-07
5.350546195e-07
5.21284637e-07
5.067439997e-07
4.870097456e-07
4.607587412e-07
4.291234063e-07
3.929255609e-07
3.649987285e-07
3.427532069e-07
3.264299469e-07
3.163905745e-07
3.115125108e-07
3.098514176e-07
3.111888683e-07
0.007034238464
0.00788971054
0.008503356958
0.008582294283
0.00794416674
0.005241890243
0.001966161803
0.000526870842
0.0001247850831
2.1825503e-05
4.794042143e-06
1.221684865e-06
6.683017279e-07
5.90136363e-07
5.78687733e-07
5.779461046e-07
5.820720405e-07
5.864776219e-07
5.923987863e-07
5.972795118e-07
6.043280232e-07
6.06228693e-07
6.021501126e-07
5.838704402e-07
5.557586434e-07
5.362127187e-07
5.22510536e-07
5.079665045e-07
4.88349297e-07
4.620628961e-07
4.310421208e-07
3.947666222e-07
3.657738862e-07
3.432810353e-07
3.266837386e-07
3.164130099e-07
3.113494464e-07
3.095448063e-07
3.107547614e-07
0.00702903089
0.00788596768
0.008501467995
0.008586646219
0.007954915845
0.005266283678
0.001981647852
0.0005319247492
0.0001264575833
2.207076954e-05
4.81729791e-06
1.22994707e-06
6.696987792e-07
5.901202538e-07
5.788500778e-07
5.782965765e-07
5.824837489e-07
5.868729146e-07
5.927261076e-07
5.976673904e-07
6.047349425e-07
6.070815516e-07
6.034604505e-07
5.850178015e-07
5.572290503e-07
5.373381471e-07
5.237012012e-07
5.093067457e-07
4.896433231e-07
4.633309984e-07
4.320672206e-07
3.956728256e-07
3.66555869e-07
3.438131536e-07
3.269453696e-07
3.164415656e-07
3.111907601e-07
3.092411276e-07
3.103226829e-07
0.007020682988
0.007879834611
0.008496546392
0.008588091868
0.007962839078
0.005286504704
0.001994085002
0.0005361556911
0.0001276663031
2.228193107e-05
4.840834091e-06
1.237071509e-06
6.709361505e-07
5.900539719e-07
5.789742537e-07
5.787205378e-07
5.827506861e-07
5.872124703e-07
5.929000531e-07
5.980219129e-07
6.050754585e-07
6.079654011e-07
6.050690531e-07
5.865240103e-07
5.584904792e-07
5.384643267e-07
5.248947329e-07
5.104989238e-07
4.909593448e-07
4.645951605e-07
4.338815607e-07
3.974994027e-07
3.673281916e-07
3.443402803e-07
3.272081316e-07
3.164749698e-07
3.110391507e-07
3.089461627e-07
3.099011967e-07
3.119443042e-07
0.007010374416
0.007870538832
0.008488254834
0.008586987408
0.007967911419
0.005302503774
0.002005901722
0.0005397237799
0.0001290029575
2.246417333e-05
4.867044221e-06
1.243235562e-06
6.720337688e-07
5.899538037e-07
5.791685463e-07
5.789749063e-07
5.831654161e-07
5.873882651e-07
5.929986135e-07
5.984657532e-07
6.054913246e-07
6.088465824e-07
6.065471931e-07
5.877491489e-07
5.598692802e-07
5.395506629e-07
5.260469053e-07
5.117955346e-07
4.922168406e-07
4.658685188e-07
4.348925656e-07
3.983773302e-07
3.681047668e-07
3.448689464e-07
3.27476452e-07
3.165124793e-07
3.108907214e-07
3.086534782e-07
3.09481616e-07
3.114054795e-07
0.007004937885
0.007862624261
0.008478366737
0.008584263607
0.007970957123
0.005312011134
0.002007394252
0.0005428942344
0.0001296912448
2.263092834e-05
4.896173472e-06
1.248621833e-06
6.730104328e-07
5.89832368e-07
5.793141565e-07
5.792727715e-07
5.834434617e-07
5.876199884e-07
5.930972987e-07
5.988672558e-07
6.05871632e-07
6.096759578e-07
6.083178609e-07
5.892131237e-07
5.611440115e-07
5.406489349e-07
5.272122348e-07
5.129586856e-07
4.935080728e-07
4.671043601e-07
4.366028136e-07
4.001786738e-07
3.688848307e-07
3.454007367e-07
3.277494064e-07
3.165541655e-07
3.10745515e-07
3.083630809e-07
3.090639178e-07
3.108687044e-07
3.161384275e-07
0.007012065799
0.007858461126
0.008465643593
0.008581887528
0.00797326856
0.005312456582
0.001990107109
0.0005412966162
0.0001290934582
2.29109663e-05
4.936300414e-06
1.25434504e-06
6.739988569e-07
5.897095724e-07
5.795748153e-07
5.793814686e-07
5.8379138e-07
5.876818773e-07
5.930873797e-07
5.993605654e-07
6.063320762e-07
6.105164831e-07
6.09308026e-07
5.904591985e-07
5.624646935e-07
5.417209953e-07
5.283518028e-07
5.142416803e-07
4.947543625e-07
4.683682677e-07
4.376019052e-07
4.010512369e-07
3.696699017e-07
3.459343862e-07
3.280291547e-07
3.166000741e-07
3.106035458e-07
3.080749889e-07
3.086481154e-07
3.103339677e-07
3.155108891e-07
3.241123311e-07
0.00682184379
0.007752473488
0.008432120349
0.008576953169
0.008066138971
0.005555953594
0.002128881444
0.0005770835296
0.0001376293493
2.443378214e-05
5.15861342e-06
1.2910531e-06
6.789910134e-07
5.900389887e-07
5.797374423e-07
5.795591131e-07
5.840571549e-07
5.878076507e-07
5.933875689e-07
5.998095392e-07
6.067816504e-07
6.112987142e-07
6.106183624e-07
5.917491945e-07
5.637973135e-07
5.427941471e-07
5.294942901e-07
5.153864992e-07
4.96030566e-07
4.695910156e-07
4.392577065e-07
4.028647068e-07
3.704624653e-07
3.464738535e-07
3.283162848e-07
3.166517923e-07
3.104658089e-07
3.077898682e-07
3.082346326e-07
3.098016424e-07
3.142888033e-07
3.232072132e-07
0.007685087613
0.008406030099
0.008574157716
0.008109914469
0.005709890622
0.002231087483
0.0006083129197
0.0001438578889
2.5927309e-05
5.351497683e-06
1.328981503e-06
6.84261139e-07
5.904276107e-07
5.799839795e-07
5.79642625e-07
5.842448061e-07
5.880591101e-07
5.934097435e-07
6.002310372e-07
6.072161294e-07
6.120356445e-07
6.107599847e-07
5.928958465e-07
5.651276556e-07
5.438669174e-07
5.306279666e-07
5.166692772e-07
4.972834556e-07
4.70866625e-07
4.402408526e-07
4.0374555e-07
3.712617239e-07
3.470159294e-07
3.286105299e-07
3.16707926e-07
3.103313733e-07
3.075070432e-07
3.078229918e-07
3.092712804e-07
3.137046868e-07
3.222770485e-07
3.348554755e-07
0.007633974886
0.008385096272
0.00857288922
0.008140764859
0.005823897264
0.002318586667
0.0006432126136
0.0001527103763
2.756474379e-05
5.689813163e-06
1.368337723e-06
6.897729127e-07
5.908760457e-07
5.801447109e-07
5.798110731e-07
5.844003722e-07
5.881376039e-07
5.937112031e-07
6.006278182e-07
6.077166511e-07
6.127388118e-07
6.11012424e-07
5.942059416e-07
5.664264929e-07
5.449333389e-07
5.317554646e-07
5.17804128e-07
4.985510185e-07
4.720817559e-07
4.418232775e-07
4.055572217e-07
3.720664931e-07
3.475621264e-07
3.289101486e-07
3.167685278e-07
3.102002812e-07
3.072265353e-07
3.074131897e-07
3.08742888e-07
3.124828385e-07
3.213784108e-07
3.337289051e-07
3.558721872e-07
0.007598172188
0.00837098745
0.008573793444
0.008167489668
0.005923085594
0.002407166099
0.0006815151652
0.0001625141062
2.936758906e-05
5.972711977e-06
1.412294496e-06
6.953428602e-07
5.911828681e-07
5.803861294e-07
5.799009888e-07
5.845445112e-07
5.884281493e-07
5.938378811e-07
6.010017833e-07
6.081720086e-07
6.136261434e-07
6.120304872e-07
5.951763041e-07
5.677804641e-07
5.460112837e-07
5.32886559e-07
5.190862214e-07
4.99802302e-07
4.733573051e-07
4.427936094e-07
4.064457058e-07
3.728784075e-07
3.481110121e-07
3.292169407e-07
3.168336547e-07
3.100725735e-07
3.069483884e-07
3.070052716e-07
3.082164793e-07
3.118295459e-07
3.204561665e-07
3.324892766e-07
3.541331293e-07
3.967119241e-07
5.141855031e-07
0.007610070647
0.008377978417
0.008581711265
0.008171628537
0.005922657629
0.002406230443
0.0006813502239
0.0001625750739
2.937210006e-05
5.986452881e-06
1.413064935e-06
6.957050768e-07
5.912490165e-07
5.805549148e-07
5.800617254e-07
5.847275232e-07
5.886302392e-07
5.941578017e-07
6.015897348e-07
6.088869627e-07
6.142907072e-07
6.127363727e-07
5.964646736e-07
5.690869822e-07
5.471111602e-07
5.34021015e-07
5.202289803e-07
5.010767297e-07
4.74577394e-07
4.442884297e-07
4.082449488e-07
3.736921162e-07
3.486619084e-07
3.295265836e-07
3.169016144e-07
3.099471746e-07
3.066720193e-07
3.065985792e-07
3.076916197e-07
3.1106315e-07
3.195666207e-07
3.313796798e-07
3.525804238e-07
3.94220522e-07
5.094901276e-07
0.007623663998
0.008383296308
0.008585621548
0.00817074317
0.005919615533
0.002404200561
0.0006808986545
0.0001625934055
2.938383724e-05
5.991654691e-06
1.413667609e-06
6.960776998e-07
5.913268096e-07
5.807338422e-07
5.80226623e-07
5.849265768e-07
5.88863427e-07
5.943936399e-07
6.019448719e-07
6.0933248e-07
6.152949516e-07
6.139469299e-07
5.976565803e-07
5.704541419e-07
5.481625071e-07
5.351533035e-07
5.215075247e-07
5.023173794e-07
4.758399302e-07
4.452650164e-07
4.091296841e-07
3.745148464e-07
3.492165472e-07
3.298438215e-07
3.169742192e-07
3.09825077e-07
3.063981549e-07
3.06193321e-07
3.071685227e-07
3.103945489e-07
3.186542079e-07
3.301546065e-07
3.508693966e-07
3.915721476e-07
5.048705929e-07
0.007637742289
0.008388148912
0.008588909536
0.008168120166
0.005913278917
0.00240096964
0.0006802043014
0.0001625785781
2.939775378e-05
5.989513821e-06
1.413885051e-06
6.964565012e-07
5.914775443e-07
5.809493209e-07
5.804283697e-07
5.851539156e-07
5.891361335e-07
5.948689053e-07
6.026435727e-07
6.101842166e-07
6.160388977e-07
6.152725777e-07
5.990279705e-07
5.718293149e-07
5.493712374e-07
5.36312576e-07
5.226688896e-07
5.036088925e-07
4.770739298e-07
4.467112164e-07
4.109446517e-07
3.753455883e-07
3.497768036e-07
3.301670506e-07
3.170515398e-07
3.097062906e-07
3.06126477e-07
3.057897094e-07
3.066471497e-07
3.097298827e-07
3.177743668e-07
3.290614419e-07
3.493472669e-07
3.891481322e-07
5.003261922e-07
0.007659662699
0.008395200476
0.008593951446
0.008165197336
0.005904579562
0.002395507906
0.0006793421813
0.0001625230351
2.941200201e-05
5.980927424e-06
1.414861885e-06
6.967136505e-07
5.917190742e-07
5.811847318e-07
5.806460649e-07
5.854217394e-07
5.894473311e-07
5.952226108e-07
6.030329354e-07
6.106619846e-07
6.171925485e-07
6.167573009e-07
6.004124817e-07
5.732648238e-07
5.504585038e-07
5.374709554e-07
5.239658649e-07
5.048653297e-07
4.783497175e-07
4.477498275e-07
4.11837268e-07
3.761873273e-07
3.503419907e-07
3.304981986e-07
3.17133687e-07
3.095907945e-07
3.058565433e-07
3.053879811e-07
3.061273899e-07
3.090679352e-07
3.168714991e-07
3.278499668e-07
3.476626931e-07
3.865601143e-07
4.958539922e-07
0.007689756766
0.008403855599
0.008600378715
0.008160289107
0.005892386653
0.002387425045
0.0006780466797
0.000162414835
2.942602925e-05
5.981301853e-06
1.415927111e-06
6.97583244e-07
5.920762661e-07
5.815723831e-07
5.809907903e-07
5.85730684e-07
5.898401612e-07
5.959959802e-07
6.038936284e-07
6.11673152e-07
6.181318998e-07
6.183358147e-07
6.01878202e-07
5.747236986e-07
5.517939738e-07
5.38668932e-07
5.251553608e-07
5.061823744e-07
4.796005356e-07
4.491723055e-07
4.136738976e-07
3.770339555e-07
3.509151129e-07
3.308355405e-07
3.172208059e-07
3.094785464e-07
3.055885209e-07
3.049876701e-07
3.056090778e-07
3.084085455e-07
3.160010779e-07
3.267728669e-07
3.46170341e-07
3.842012145e-07
4.914534027e-07
0.007730850957
0.008420098764
0.008608697133
0.008152875266
0.005873706328
0.002375971713
0.0006759162558
0.0001622679156
2.943823443e-05
5.991846508e-06
1.418504184e-06
6.98214223e-07
5.925915862e-07
5.819481556e-07
5.813156977e-07
5.859658896e-07
5.901985555e-07
5.965080328e-07
6.043958422e-07
6.122620722e-07
6.194667401e-07
6.200610734e-07
6.032948803e-07
5.762902515e-07
5.529620039e-07
5.39884555e-07
5.264976575e-07
5.074738215e-07
4.809053864e-07
4.502850392e-07
4.145812935e-07
3.779040872e-07
3.514958367e-07
3.311814596e-07
3.173130877e-07
3.093694818e-07
3.053223036e-07
3.045885268e-07
3.05091982e-07
3.077512261e-07
3.151071083e-07
3.255742158e-07
3.445110533e-07
3.816709393e-07
4.871215153e-07
0.007784000424
0.008437442182
0.008621062719
0.0081412219
0.005849595257
0.002359269609
0.0006726378487
0.0001620506967
2.94507263e-05
6.009360737e-06
1.421032088e-06
7.000592903e-07
5.933294286e-07
5.829176971e-07
5.821609199e-07
5.869110987e-07
5.910475766e-07
5.973811509e-07
6.053396811e-07
6.133832523e-07
6.206015302e-07
6.213842941e-07
6.049382644e-07
5.779082885e-07
5.544413305e-07
5.41165586e-07
5.277497701e-07
5.088467695e-07
4.821965625e-07
4.517030805e-07
4.164638578e-07
3.787619143e-07
3.520878097e-07
3.315350515e-07
3.174108029e-07
3.092634916e-07
3.050576653e-07
3.041901844e-07
3.045757474e-07
3.070955881e-07
3.142452642e-07
3.245123129e-07
3.430472557e-07
3.793746318e-07
4.82857834e-07
0.007861189272
0.008476645291
0.008638543005
0.008127930752
0.005813042232
0.002337203028
0.0006683235252
0.0001617628965
2.946392836e-05
6.03074436e-06
1.42713431e-06
7.014831934e-07
5.943708122e-07
5.836146113e-07
5.827852058e-07
5.874605659e-07
5.91701503e-07
5.982110401e-07
6.060712561e-07
6.142069494e-07
6.220979911e-07
6.235747101e-07
6.065936795e-07
5.797676089e-07
5.557902942e-07
5.424995548e-07
5.291954463e-07
5.102158725e-07
4.835644006e-07
4.528731083e-07
4.174025698e-07
3.796939637e-07
3.526917984e-07
3.318994485e-07
3.175143349e-07
3.091604294e-07
3.047942015e-07
3.03792199e-07
3.040598974e-07
3.06441152e-07
3.133589209e-07
3.233251617e-07
3.414116246e-07
3.768992179e-07
4.786594319e-07
0.007948314659
0.008514070925
0.008669092854
0.008107370418
0.005773347838
0.002306582043
0.0006619290766
0.0001612921899
2.94900359e-05
6.052130012e-06
1.431636603e-06
7.049037498e-07
5.958343243e-07
5.855100782e-07
5.842530185e-07
5.889304179e-07
5.928767579e-07
5.994460246e-07
6.071884022e-07
6.155237051e-07
6.235739572e-07
6.247386631e-07
6.088175952e-07
5.816946333e-07
5.574602441e-07
5.439675164e-07
5.305805862e-07
5.117040404e-07
4.849415875e-07
4.543142086e-07
4.193742708e-07
3.805726315e-07
3.533134331e-07
3.322744694e-07
3.176242013e-07
3.090600831e-07
3.045313531e-07
3.033938836e-07
3.03543758e-07
3.057872558e-07
3.125040561e-07
3.222769506e-07
3.399746269e-07
3.746626489e-07
4.745258703e-07
0.008089244013
0.00858256507
0.008705288995
0.008094763964
0.005718028634
0.002270624266
0.0006541858938
0.0001606859592
2.953497469e-05
6.082708985e-06
1.44368634e-06
7.083436262e-07
5.978916698e-07
5.868962853e-07
5.855631515e-07
5.901248627e-07
5.942677723e-07
6.01041019e-07
6.08507472e-07
6.169410682e-07
6.254627373e-07
6.272461858e-07
6.111415617e-07
5.841813517e-07
5.592045492e-07
5.455195932e-07
5.322467662e-07
5.132296999e-07
4.864381516e-07
4.55539498e-07
4.203821539e-07
3.816122035e-07
3.539553412e-07
3.326645369e-07
3.177410726e-07
3.089621692e-07
3.042683943e-07
3.029943796e-07
3.030264374e-07
3.051330445e-07
3.116230093e-07
3.210990132e-07
3.383602151e-07
3.722386875e-07
4.704541571e-07
0.008263181186
0.008731634131
0.008800342524
0.008115543174
0.005673763684
0.002224849077
0.0006434795596
0.0001600067458
2.963892548e-05
6.111246619e-06
1.4549819e-06
7.137300004e-07
6.008040138e-07
5.90673877e-07
5.883762551e-07
5.928153093e-07
5.963819348e-07
6.032964426e-07
6.105394544e-07
6.189354223e-07
6.278023492e-07
6.287847748e-07
6.143478531e-07
5.867249751e-07
5.613746706e-07
5.473823352e-07
5.338841987e-07
5.149500321e-07
4.879890388e-07
4.570612297e-07
4.224855727e-07
3.82529922e-07
3.546270799e-07
3.330708384e-07
3.178658951e-07
3.088662604e-07
3.040042614e-07
3.025923758e-07
3.025066323e-07
3.044772758e-07
3.107722037e-07
3.200618908e-07
3.36947353e-07
3.700583852e-07
4.664438314e-07
0.008474428323
0.008976489788
0.008998840048
0.00818102019
0.005609486997
0.002182815864
0.0006332912287
0.000159559023
2.987264681e-05
6.194765932e-06
1.475525063e-06
7.207319968e-07
6.049305079e-07
5.934738667e-07
5.91139439e-07
5.953079758e-07
5.99456045e-07
6.059873353e-07
6.129240372e-07
6.218507789e-07
6.310620509e-07
6.318918639e-07
6.178373425e-07
5.904601137e-07
5.639180305e-07
5.493495032e-07
5.360048951e-07
5.167854354e-07
4.897377868e-07
4.584419116e-07
4.235940178e-07
3.837692501e-07
3.553333744e-07
3.33499309e-07
3.179995901e-07
3.087718673e-07
3.037378405e-07
3.021865686e-07
3.019830329e-07
3.038187152e-07
3.098924108e-07
3.188892991e-07
3.353504084e-07
3.676815788e-07
4.624918768e-07
0.008449746923
0.009319947212
0.009276834012
0.008297682028
0.005608717235
0.002137477446
0.0006213667771
0.0001599918365
3.045424549e-05
6.30122296e-06
1.506029498e-06
7.306602669e-07
6.108349096e-07
6.006212896e-07
5.966095128e-07
6.005337148e-07
6.036385167e-07
6.104066886e-07
6.167952664e-07
6.255139651e-07
6.348238889e-07
6.372146013e-07
6.229756574e-07
5.941736287e-07
5.671699987e-07
5.519716893e-07
5.380942669e-07
5.189431267e-07
4.916127857e-07
4.601622646e-07
4.258749132e-07
3.847484133e-07
3.560872268e-07
3.339514652e-07
3.181431571e-07
3.08678259e-07
3.03467657e-07
3.01775232e-07
3.014539549e-07
3.03155798e-07
3.090411456e-07
3.178593847e-07
3.339580072e-07
3.655534307e-07
4.585979692e-07
0.008138311452
0.0093890106
0.009673454138
0.008515098516
0.005658705139
0.002147597758
0.0006234923606
0.000162791677
3.17408068e-05
6.586695036e-06
1.56299566e-06
7.447251349e-07
6.181582756e-07
6.06395503e-07
6.023850005e-07
6.059010284e-07
6.09947887e-07
6.155015794e-07
6.213133978e-07
6.314115377e-07
6.408522944e-07
6.427967231e-07
6.286984134e-07
6.002744605e-07
5.711195998e-07
5.546975185e-07
5.410210137e-07
5.213284768e-07
4.938033609e-07
4.619181987e-07
4.271830584e-07
3.86378412e-07
3.568931715e-07
3.344335674e-07
3.182969048e-07
3.085845207e-07
3.031923526e-07
3.01356983e-07
3.009180633e-07
3.024873471e-07
3.081575245e-07
3.166873072e-07
3.323740979e-07
3.63219196e-07
4.547593162e-07
0.007421094477
0.009110831218
0.009782169565
0.00888548479
0.005855703918
0.002190245208
0.0006540995718
0.0001681037046
3.530119648e-05
7.197431817e-06
1.682455564e-06
7.706592155e-07
6.269651536e-07
6.188451637e-07
6.132741454e-07
6.173841442e-07
6.184441922e-07
6.243632348e-07
6.286061383e-07
6.382163432e-07
6.481389177e-07
6.527024989e-07
6.373355698e-07
6.060806074e-07
5.76309939e-07
5.586246285e-07
5.439247966e-07
5.242071397e-07
4.961964072e-07
4.640278525e-07
4.296907694e-07
3.874656506e-07
3.577589303e-07
3.349409495e-07
3.184592262e-07
3.084894461e-07
3.029111437e-07
3.009314077e-07
3.003751666e-07
3.018133631e-07
3.073021016e-07
3.156613694e-07
3.309992831e-07
3.61140057e-07
4.509765498e-07
0.006622432892
0.008182109533
0.009466042875
0.009131889181
0.006297785007
0.002356699498
0.0007497075452
0.0002172795017
4.392946902e-05
8.980907723e-06
2.000636298e-06
8.279477126e-07
6.393735873e-07
6.282737422e-07
6.249914019e-07
6.303114039e-07
6.314241546e-07
6.334447773e-07
6.372422402e-07
6.501357656e-07
6.595842809e-07
6.622291169e-07
6.469184754e-07
6.161202262e-07
5.827170732e-07
5.624909861e-07
5.480299223e-07
5.273884206e-07
4.990015888e-07
4.663028755e-07
4.312611839e-07
3.897440126e-07
3.586706443e-07
3.354686956e-07
3.186249368e-07
3.083913315e-07
3.026243606e-07
3.005000969e-07
2.998272145e-07
3.01136047e-07
3.064124219e-07
3.144893985e-07
3.294281969e-07
3.588476029e-07
4.472474667e-07
0.005997874935
0.006897140961
0.008319333521
0.00882646592
0.007279042647
0.002800415871
0.0008736795108
0.0003445668923
9.155079706e-05
1.644341839e-05
3.488717918e-06
1.062606521e-06
6.866243855e-07
6.530468069e-07
6.498113673e-07
6.589169154e-07
6.528758629e-07
6.513023386e-07
6.522666872e-07
6.619644589e-07
6.731455715e-07
6.793064885e-07
6.613799969e-07
6.255018245e-07
5.911513514e-07
5.685513448e-07
5.521054209e-07
5.312337653e-07
5.020291017e-07
4.689533753e-07
4.334715615e-07
3.909760354e-07
3.596337319e-07
3.360076815e-07
3.187886722e-07
3.082869088e-07
3.023302212e-07
3.000624071e-07
2.992741237e-07
3.004557557e-07
3.055745875e-07
3.134681856e-07
3.280751697e-07
3.568231802e-07
4.435730639e-07
0.005323996721
0.005582559194
0.006473092162
0.007731606602
0.007411873275
0.004435097636
0.001224123341
0.0004940649277
0.0002682529341
8.40454389e-05
1.635785126e-05
3.406996099e-06
1.078431422e-06
7.331509914e-07
6.718818104e-07
6.778180333e-07
6.893919027e-07
6.721839601e-07
6.723500808e-07
6.860912001e-07
6.949289451e-07
6.957479631e-07
6.782563181e-07
6.437071272e-07
6.029078851e-07
5.74993378e-07
5.586396128e-07
5.360283945e-07
5.060445594e-07
4.717122127e-07
4.354830052e-07
3.939708876e-07
3.608578242e-07
3.366711799e-07
3.189856503e-07
3.081681566e-07
3.019999534e-07
2.995815426e-07
2.986783895e-07
2.997365066e-07
3.045909521e-07
3.12283444e-07
3.265089761e-07
3.545699559e-07
4.399390435e-07
0.00465473132
0.004630470167
0.004806784107
0.005416209397
0.006398400081
0.005598802873
0.002534085237
0.0008380574322
0.0004067452033
0.0002874833435
0.0001137388672
2.813982079e-05
6.18070311e-06
1.859528002e-06
9.264781408e-07
7.731772583e-07
7.424640941e-07
7.262774956e-07
7.169524944e-07
7.105862722e-07
7.243543875e-07
7.330988322e-07
7.110600038e-07
6.661229689e-07
6.243655253e-07
5.920918085e-07
5.681498455e-07
5.448144569e-07
5.127225001e-07
4.774512353e-07
4.39774953e-07
3.964399625e-07
3.631145936e-07
3.378525315e-07
3.193695319e-07
3.080282439e-07
3.015489425e-07
2.989408212e-07
2.979187686e-07
2.988605744e-07
3.036921928e-07
3.11179173e-07
3.251033905e-07
3.525416969e-07
4.363092914e-07
0.002904446154
0.003270143125
0.003480892496
0.003649958568
0.004063262415
0.004674394392
0.004096212045
0.002076739322
0.0007864166905
0.0003917329378
0.0002980420386
0.000176533735
5.962804262e-05
1.844089697e-05
4.962831775e-06
1.704966056e-06
1.000571831e-06
7.838566045e-07
7.714075738e-07
7.81214072e-07
7.762998874e-07
7.712466138e-07
7.570217508e-07
7.216227838e-07
6.632017785e-07
6.16910682e-07
5.888974968e-07
5.60389541e-07
5.258384146e-07
4.863303025e-07
4.468735891e-07
4.055276092e-07
3.670323272e-07
3.398812567e-07
3.200768174e-07
3.078888972e-07
3.009382835e-07
2.980768888e-07
2.969272314e-07
2.977620351e-07
3.019278948e-07
3.097300409e-07
3.233254266e-07
3.501485004e-07
4.326595143e-07
0.0005025115858
0.0006879585912
0.001003449144
0.001416930583
0.001858095991
0.002236696196
0.0025892644
0.002985366778
0.00271976538
0.001914492249
0.0007743462145
0.0004249132927
0.0003015077496
0.0002290650719
0.0001181324895
3.606335468e-05
1.220924204e-05
3.865212479e-06
1.496568531e-06
8.467099731e-07
8.071921727e-07
8.432349704e-07
8.609781158e-07
8.324476884e-07
7.792358595e-07
7.324475707e-07
6.787486174e-07
6.194496853e-07
5.875291831e-07
5.464033359e-07
5.046605286e-07
4.592146637e-07
4.131506708e-07
3.726470481e-07
3.429986191e-07
3.21245716e-07
3.077946688e-07
3.001649399e-07
2.969685585e-07
2.956782976e-07
2.964165435e-07
3.006641284e-07
3.082873207e-07
3.216547091e-07
3.479413568e-07
4.289853358e-07
6.716218648e-05
0.0001078228593
0.000170959366
0.0002692135479
0.0003833202688
0.0006064351026
0.0008745503301
0.001210257008
0.001646872364
0.001686146824
0.001460718158
0.000991482507
0.0004706778488
0.0003271527625
0.0002379989726
0.0001772124438
6.058823134e-05
2.524557638e-05
7.289589743e-06
2.835460512e-06
1.4074475e-06
9.456766186e-07
9.033086524e-07
9.215864532e-07
8.919849362e-07
8.15730877e-07
7.536725865e-07
7.00433148e-07
6.284105422e-07
5.808086277e-07
5.265112634e-07
4.785201111e-07
4.303176842e-07
3.826410942e-07
3.478634759e-07
3.231364901e-07
3.078353809e-07
2.992110118e-07
2.955535819e-07
2.940989304e-07
2.947528484e-07
2.978631996e-07
3.06347179e-07
3.194882777e-07
3.452829899e-07
4.25264777e-07
4.987724325e-06
9.029460161e-06
1.677046946e-05
3.103980307e-05
5.574874803e-05
9.827448729e-05
0.0001644006393
0.000247168569
0.0004310918913
0.0006079398194
0.0008799288168
0.0009107536215
0.0008426352433
0.0006280558596
0.0004158449588
0.0002656439595
0.0001868470231
0.0001137546213
3.608724252e-05
1.452768912e-05
5.78012366e-06
2.272604519e-06
1.324655289e-06
1.006165101e-06
9.795367755e-07
9.532677505e-07
8.854687173e-07
7.937803229e-07
7.203001551e-07
6.316507965e-07
5.724396789e-07
5.047125914e-07
4.485719599e-07
3.940645963e-07
3.560855473e-07
3.264738917e-07
3.082036637e-07
2.98024911e-07
2.936515529e-07
2.919571738e-07
2.925127464e-07
2.956332949e-07
3.042796464e-07
3.172729313e-07
3.425968123e-07
4.20771377e-07
6.732435331e-07
8.552378288e-07
1.274841296e-06
2.234534167e-06
4.377486971e-06
9.01966073e-06
1.838458773e-05
3.593980277e-05
6.905348069e-05
0.0001203607622
0.0001867301135
0.0003059065458
0.0004516817103
0.0005482703608
0.000527836698
0.0004541865631
0.0003462524272
0.0002304774333
0.0001670588934
8.1192043e-05
2.716080171e-05
1.170973087e-05
4.478214385e-06
1.95234949e-06
1.165009892e-06
1.02223122e-06
1.001895407e-06
9.64524384e-07
8.545996897e-07
7.340912374e-07
6.28462908e-07
5.5953507e-07
4.810472523e-07
4.230362247e-07
3.701292128e-07
3.325017546e-07
3.093541269e-07
2.966449393e-07
2.910462086e-07
2.889307578e-07
2.893252809e-07
2.925367105e-07
3.009297569e-07
3.13693328e-07
3.384261401e-07
4.144145582e-07
4.540899658e-07
4.558659886e-07
4.673660627e-07
4.834255591e-07
5.210991e-07
6.166149671e-07
8.638858444e-07
1.488181903e-06
3.005769672e-06
6.569397038e-06
1.40647602e-05
2.843409998e-05
5.277115323e-05
9.481620709e-05
0.0001448762224
0.0002311802132
0.0003434838098
0.0003413997425
0.0003160738245
0.0002536889015
0.0001940457704
0.0001366571764
6.200481987e-05
2.157252599e-05
8.319019855e-06
3.265543616e-06
1.645614649e-06
1.148593972e-06
1.051436325e-06
1.032492029e-06
9.164994299e-07
7.512980555e-07
6.252007167e-07
5.417397e-07
4.545004111e-07
3.891246687e-07
3.442477431e-07
3.121968961e-07
2.95307462e-07
2.876134256e-07
2.847229898e-07
2.849266498e-07
2.892922432e-07
2.969057181e-07
3.09420639e-07
3.333197441e-07
4.055552176e-07
3.757069405e-07
3.76379514e-07
3.772040431e-07
3.781776623e-07
3.797837922e-07
3.815064263e-07
3.885225716e-07
3.980781838e-07
4.236107182e-07
4.953913196e-07
6.982839696e-07
1.241241831e-06
2.601594658e-06
5.701457883e-06
1.230064222e-05
2.460233477e-05
4.569483659e-05
7.344105608e-05
0.000122442494
0.0002014942035
0.0002111388195
0.0002021847298
0.0001762518502
0.0001412835139
0.0001008128433
4.061167334e-05
1.349003815e-05
4.736151701e-06
2.232668571e-06
1.349869099e-06
1.137599435e-06
1.089705761e-06
9.727848607e-07
7.792818883e-07
6.192339951e-07
5.164294719e-07
4.321078361e-07
3.632526394e-07
3.197082544e-07
2.945634071e-07
2.834120291e-07
2.790287882e-07
2.801001311e-07
2.840744712e-07
2.90267899e-07
3.021835134e-07
3.249263064e-07
3.976370408e-07
3.443467155e-07
3.445392527e-07
3.4478345e-07
3.450608064e-07
3.454213352e-07
3.458316285e-07
3.463446731e-07
3.473580866e-07
3.480753635e-07
3.530226416e-07
3.609364545e-07
3.850793338e-07
4.584721499e-07
6.687003409e-07
1.234197543e-06
2.629646888e-06
5.739963741e-06
1.196685198e-05
2.326112978e-05
3.954077093e-05
6.990610656e-05
0.0001092278338
0.0001388145669
0.0001312602456
0.000120968024
9.826745295e-05
6.465129695e-05
2.150979225e-05
8.65103857e-06
3.00046507e-06
1.606158282e-06
1.19940514e-06
1.104091678e-06
1.006832879e-06
8.07846452e-07
6.173068759e-07
4.921391288e-07
4.034563861e-07
3.373795309e-07
2.965757813e-07
2.788149687e-07
2.716678478e-07
2.721296847e-07
2.756472566e-07
2.82701786e-07
2.939994862e-07
3.152462074e-07
3.746873681e-07
3.22969337e-07
3.230976134e-07
3.232399071e-07
3.234185303e-07
3.23616559e-07
3.238661263e-07
3.241374063e-07
3.244831465e-07
3.248389621e-07
3.254138444e-07
3.259144219e-07
3.276643346e-07
3.306207173e-07
3.395931591e-07
3.686619634e-07
4.585708981e-07
7.138081635e-07
1.380306343e-06
2.936713592e-06
6.226780395e-06
1.210962724e-05
2.32803542e-05
3.484262837e-05
5.975927625e-05
8.51955127e-05
8.486430071e-05
7.95187391e-05
6.533577166e-05
3.665150283e-05
1.198175827e-05
4.561036947e-06
2.02149706e-06
1.308135948e-06
1.097303852e-06
1.004105249e-06
8.186410608e-07
5.991331421e-07
4.557954827e-07
3.666238876e-07
3.079593479e-07
2.747665352e-07
2.628339296e-07
2.644288035e-07
2.649705222e-07
2.697812904e-07
2.800597878e-07
2.992808063e-07
3.609606987e-07
3.116122633e-07
3.116919736e-07
3.117919622e-07
3.118930988e-07
3.12024011e-07
3.12148264e-07
3.123099372e-07
3.124469884e-07
3.126279068e-07
3.127507314e-07
3.129197794e-07
3.129793445e-07
3.13090713e-07
3.13175135e-07
3.132822197e-07
3.180890196e-07
3.310350472e-07
3.725157268e-07
4.951822964e-07
8.298034022e-07
1.627807509e-06
3.42291745e-06
6.65943876e-06
1.259644043e-05
1.985301372e-05
3.1696041e-05
4.858180476e-05
5.446978675e-05
5.045381919e-05
3.950186811e-05
1.720584092e-05
5.992683586e-06
2.284684241e-06
1.363306497e-06
1.125483396e-06
1.006830243e-06
8.387682193e-07
6.269889727e-07
4.44405901e-07
3.408242613e-07
2.797953571e-07
2.536640536e-07
2.481108647e-07
2.50842367e-07
2.566392177e-07
2.660974106e-07
2.828144277e-07
3.379288074e-07
2.805069165e-07
2.805823024e-07
2.806677661e-07
2.807599705e-07
2.808670025e-07
2.809774857e-07
2.811013005e-07
2.812180991e-07
2.813432463e-07
2.814407981e-07
2.815364222e-07
2.815690277e-07
2.815922555e-07
2.815895782e-07
2.815405644e-07
2.813934025e-07
2.815976528e-07
2.820992786e-07
2.902251988e-07
3.121093837e-07
3.793146886e-07
5.701745615e-07
1.051874437e-06
2.15462856e-06
4.108253503e-06
7.018536697e-06
1.301460344e-05
2.057207251e-05
3.470464206e-05
3.55053865e-05
2.895547664e-05
1.096365661e-05
3.154666773e-06
1.489766299e-06
1.085607513e-06
1.001137626e-06
9.068669806e-07
7.431060763e-07
5.321222794e-07
3.761368882e-07
2.820330659e-07
2.406750929e-07
2.367739299e-07
2.311742676e-07
2.3372437e-07
2.413166699e-07
2.552372765e-07
3.009145636e-07
2.635155773e-07
2.635969021e-07
2.636863887e-07
2.637771991e-07
2.638776243e-07
2.63971085e-07
2.640667462e-07
2.641363824e-07
2.641941455e-07
2.641785266e-07
2.641130605e-07
2.639998563e-07
2.63809157e-07
2.634828754e-07
2.630155392e-07
2.62447765e-07
2.617373884e-07
2.610344864e-07
2.604232327e-07
2.609893079e-07
2.60359433e-07
2.808509173e-07
3.306153079e-07
4.748326186e-07
8.138511612e-07
1.522003829e-06
2.807859013e-06
5.514944302e-06
9.937770809e-06
1.892733532e-05
2.418142476e-05
1.972218167e-05
6.424231577e-06
1.982902843e-06
1.126356383e-06
9.750763008e-07
9.279444886e-07
8.0539371e-07
6.044681858e-07
3.958226585e-07
2.89831901e-07
2.287187419e-07
2.06958428e-07
2.126498968e-07
2.182719575e-07
2.255608492e-07
2.367675878e-07
2.763339142e-07
1.873128814e-07
1.873382046e-07
1.873686521e-07
1.874052415e-07
1.874492205e-07
1.875019813e-07
1.87565232e-07
1.876407633e-07
1.877308214e-07
1.878372314e-07
1.879617018e-07
1.881065572e-07
1.88272906e-07
1.884592605e-07
1.886617698e-07
1.888758642e-07
1.890905545e-07
1.892608453e-07
1.894022688e-07
1.895995653e-07
1.898347028e-07
1.906982298e-07
1.937848071e-07
2.040731904e-07
2.346295029e-07
3.157782808e-07
5.132322764e-07
9.850782409e-07
2.004101279e-06
4.260174416e-06
7.36073252e-06
1.096446764e-05
1.006389851e-05
6.756194917e-06
2.767172235e-06
1.351558311e-06
9.441128705e-07
8.392441039e-07
7.362200703e-07
5.700338847e-07
3.912801529e-07
2.641454378e-07
2.007273953e-07
1.799547736e-07
1.779338801e-07
1.817142222e-07
1.891967997e-07
2.134725553e-07
2.21227093e-07
2.211546448e-07
2.210432205e-07
2.209334538e-07
2.208014758e-07
2.206674962e-07
2.205103197e-07
3.269213154e-07
3.266694001e-07
3.263685646e-07
3.260320962e-07
3.256372457e-07
3.252065171e-07
3.590887588e-07
3.587940352e-07
3.584290929e-07
3.580214661e-07
3.575294602e-07
3.569892679e-07
3.782081453e-07
3.781203727e-07
3.78000789e-07
3.778669151e-07
3.92561803e-07
3.923637846e-07
3.921353872e-07
4.343944528e-07
3.658743509e-07
3.712430589e-07
3.665873461e-07
3.752426492e-07
3.734932199e-07
3.711499323e-07
3.665752865e-07
3.767333071e-07
3.751212113e-07
3.733599234e-07
3.71074182e-07
3.666372602e-07
3.782098123e-07
3.766726247e-07
3.750261242e-07
3.732440926e-07
3.709870048e-07
3.666962429e-07
3.808112598e-07
3.795997207e-07
3.781899301e-07
3.766250103e-07
3.749549041e-07
3.731488255e-07
3.708915034e-07
3.66727514e-07
3.818542855e-07
3.808141399e-07
3.795949753e-07
3.781734352e-07
3.76590344e-07
3.749023413e-07
3.730738511e-07
3.708347686e-07
3.666049821e-07
3.836279339e-07
3.827716658e-07
3.818614096e-07
3.808201926e-07
3.795934114e-07
3.781589225e-07
3.765606617e-07
3.748391153e-07
3.729074538e-07
3.703607603e-07
3.664127361e-07
3.845364312e-07
3.83635147e-07
3.827805018e-07
3.818723296e-07
3.808295122e-07
3.795943255e-07
3.781450276e-07
3.765245232e-07
3.747594804e-07
3.727170488e-07
3.700481049e-07
3.662120558e-07
3.855635835e-07
3.845504463e-07
3.836490148e-07
3.827964757e-07
3.818903454e-07
3.808451548e-07
3.796013541e-07
3.781406074e-07
3.765000173e-07
3.746829143e-07
3.725789975e-07
3.699667332e-07
3.662391915e-07
3.885840429e-07
3.868795381e-07
3.855925041e-07
3.845744318e-07
3.836742173e-07
3.828248837e-07
3.819207112e-07
3.808719183e-07
3.79619221e-07
3.781396485e-07
3.764441126e-07
3.744446037e-07
3.722401973e-07
3.699738008e-07
3.661503383e-07
3.912161793e-07
3.886357236e-07
3.869291917e-07
3.856367475e-07
3.846144574e-07
3.837171601e-07
3.828729691e-07
3.819724568e-07
3.809217582e-07
3.796624458e-07
3.781697354e-07
3.764571609e-07
3.744958416e-07
3.721990342e-07
3.693786133e-07
3.641884337e-07
4.014508777e-07
3.939229915e-07
3.912978031e-07
3.887150131e-07
3.870043868e-07
3.857029198e-07
3.846784849e-07
3.837883399e-07
3.82953299e-07
3.820595987e-07
3.810096902e-07
3.797481353e-07
3.782448528e-07
3.765069277e-07
3.744831951e-07
3.720620457e-07
3.690029102e-07
3.647032473e-07
5.36668826e-07
4.286310164e-07
4.013778634e-07
3.94019628e-07
3.914226995e-07
3.888307523e-07
3.871096743e-07
3.858031385e-07
3.847810653e-07
3.839023276e-07
3.830814365e-07
3.822003334e-07
3.811616616e-07
3.799115823e-07
3.784374819e-07
3.767873458e-07
3.750416554e-07
3.734188224e-07
3.712397153e-07
3.680602519e-07
0.0005107840278
4.828765943e-06
5.375104867e-07
4.282173648e-07
4.017044788e-07
3.942413661e-07
3.91605243e-07
3.890028362e-07
3.872698858e-07
3.859532673e-07
3.849376293e-07
3.84080644e-07
3.832890027e-07
3.824470012e-07
3.814768504e-07
3.803839775e-07
3.793034373e-07
3.786057271e-07
3.781425364e-07
3.777223294e-07
3.76775303e-07
3.749423155e-07
0.01779767968
0.0005762573265
5.567952314e-06
5.35628268e-07
4.278118648e-07
4.015896387e-07
3.944597128e-07
3.919113206e-07
3.892628145e-07
3.874935498e-07
3.861785747e-07
3.851826761e-07
3.843713575e-07
3.83665325e-07
3.830016422e-07
3.824434892e-07
3.823257338e-07
3.826637587e-07
3.835008132e-07
3.846340347e-07
3.857460582e-07
3.863066353e-07
3.858925794e-07
0.01928424955
0.0006510714331
6.298189077e-06
5.446385504e-07
4.304468493e-07
4.029731888e-07
3.951781006e-07
3.923361766e-07
3.89630868e-07
3.878346067e-07
3.865189198e-07
3.855778101e-07
3.849307257e-07
3.846181182e-07
3.849107261e-07
3.856858001e-07
3.871389431e-07
3.892574076e-07
3.91971194e-07
3.950086745e-07
3.979422549e-07
4.001776058e-07
4.011363049e-07
0.02147128244
0.0008070745925
8.077354005e-06
5.469466575e-07
4.303570718e-07
4.026977356e-07
3.955125851e-07
3.930293942e-07
3.901923553e-07
3.883412577e-07
3.871380239e-07
3.866687578e-07
3.867833738e-07
3.875826939e-07
3.892263434e-07
3.916648825e-07
3.950175159e-07
3.992263249e-07
4.041156102e-07
4.093094159e-07
4.142500294e-07
4.182140712e-07
4.204291477e-07
4.200981628e-07
0.02354006974
0.0009679099145
1.095324917e-05
5.717231343e-07
4.390685925e-07
4.073560146e-07
3.982110455e-07
3.943042122e-07
3.914425502e-07
3.898458731e-07
3.891713246e-07
3.894471887e-07
3.90551436e-07
3.926783219e-07
3.959261012e-07
4.002749e-07
4.057700514e-07
4.122878943e-07
4.195428846e-07
4.270317291e-07
4.340460127e-07
4.396975433e-07
4.430136366e-07
4.429979648e-07
0.02763371211
0.001545899122
1.803159888e-05
6.060712384e-07
4.487163374e-07
4.126273466e-07
4.01850002e-07
3.972481075e-07
3.942537674e-07
3.929147009e-07
3.928472375e-07
3.939514928e-07
3.961772054e-07
3.9976389e-07
4.047637588e-07
4.111518511e-07
4.189041444e-07
4.278239246e-07
4.375142662e-07
4.473263764e-07
4.563896746e-07
4.636445159e-07
4.679215369e-07
4.680627701e-07
0.02895962929
0.002336482577
3.885308122e-05
6.915868453e-07
4.647777917e-07
4.209758795e-07
4.077242593e-07
4.020646388e-07
3.988204795e-07
3.977113435e-07
3.982504471e-07
4.001915005e-07
4.035632956e-07
4.086314773e-07
4.154085966e-07
4.238460031e-07
4.338531939e-07
4.451535132e-07
4.57242814e-07
4.693392942e-07
4.803920049e-07
4.891786231e-07
4.943438014e-07
4.945813214e-07
0.0287777532
0.00347826926
0.0001301999216
1.239347634e-06
4.931162175e-07
4.344852253e-07
4.168997782e-07
4.095443429e-07
4.056505923e-07
4.045763767e-07
4.055702315e-07
4.082539622e-07
4.126879496e-07
4.191555477e-07
4.2762136e-07
4.380038473e-07
4.501585148e-07
4.637231309e-07
4.780938713e-07
4.923687024e-07
5.053164879e-07
5.155599181e-07
5.215695714e-07
5.218970147e-07
0.02679723894
0.004909486189
0.0002971921165
9.581773317e-06
6.621329964e-07
4.534987226e-07
4.304436552e-07
4.202184728e-07
4.15192738e-07
4.138735907e-07
4.151012538e-07
4.183722817e-07
4.237017865e-07
4.31409123e-07
4.413947147e-07
4.535405166e-07
4.676633835e-07
4.833211904e-07
4.998145144e-07
5.161164202e-07
5.308506695e-07
5.424848106e-07
5.493288294e-07
5.49786945e-07
5.424660711e-07
0.02314985259
0.005794614946
0.0006104799042
3.764247322e-05
2.104755744e-06
5.167295275e-07
4.513618096e-07
4.355579877e-07
4.28384821e-07
4.262751533e-07
4.2738785e-07
4.310154773e-07
4.369973923e-07
4.457347471e-07
4.570354638e-07
4.707261036e-07
4.865835801e-07
5.041148501e-07
5.225389655e-07
5.407030333e-07
5.571269246e-07
5.701110814e-07
5.778395786e-07
5.786041632e-07
5.70438251e-07
0.01834185959
0.006104612516
0.001133972586
8.680615645e-05
6.364590923e-06
7.916516627e-07
4.891489037e-07
4.573485184e-07
4.467653041e-07
4.429485703e-07
4.433948926e-07
4.469657572e-07
4.532782623e-07
4.627425007e-07
4.750594085e-07
4.899997962e-07
5.073218333e-07
5.26469777e-07
5.465728094e-07
5.664298398e-07
5.843823774e-07
5.984879486e-07
6.060075884e-07
6.081809486e-07
5.979646287e-07
0.01360786724
0.006116065747
0.001171494646
0.0001318427653
1.24831147e-05
1.438829353e-06
5.673168681e-07
4.8944329e-07
4.720101032e-07
4.654200902e-07
4.644861926e-07
4.674849119e-07
4.737146256e-07
4.835333566e-07
4.965589102e-07
5.124517865e-07
5.309254374e-07
5.514013052e-07
5.729770949e-07
5.942276362e-07
6.130413647e-07
6.276285026e-07
6.370954291e-07
6.352036036e-07
6.318877394e-07
0.009384789848
0.007114559232
0.002000232334
0.0002982864115
2.895316468e-05
3.051086819e-06
7.358110083e-07
5.352088675e-07
5.052747602e-07
4.949401988e-07
4.918926045e-07
4.938784523e-07
4.995288012e-07
5.093196081e-07
5.22715766e-07
5.391311518e-07
5.583993777e-07
5.798825623e-07
6.02398268e-07
6.222443365e-07
6.395591451e-07
6.543805119e-07
6.644290736e-07
6.760238144e-07
6.609878563e-07
6.462280088e-07
0.00603672606
0.008758931465
0.002151259239
0.0004090724502
5.369488261e-05
5.346087502e-06
9.871688238e-07
6.043770806e-07
5.506905966e-07
5.334126293e-07
5.271565585e-07
5.273938741e-07
5.320746977e-07
5.414761468e-07
5.54766875e-07
5.713106184e-07
5.910849203e-07
6.127401638e-07
6.321858857e-07
6.580704927e-07
6.816822105e-07
6.984285673e-07
7.103012446e-07
7.078588073e-07
7.081321507e-07
6.780328059e-07
0.006302613901
0.01659249831
0.003343691844
0.0005635384651
8.097678629e-05
1.239236456e-05
1.791026353e-06
7.192134231e-07
6.126521404e-07
5.833402187e-07
5.721136027e-07
5.697683509e-07
5.728318933e-07
5.813833102e-07
5.942188412e-07
6.104428083e-07
6.291608823e-07
6.456052723e-07
6.744906488e-07
6.892316585e-07
7.136917207e-07
7.312305239e-07
7.438338646e-07
7.518179237e-07
7.470897481e-07
7.272442558e-07
6.812524721e-07
0.00771782974
0.01972744477
0.006061060107
0.0008361723151
0.0001087402621
1.137667195e-05
2.326200555e-06
8.935856331e-07
6.968935061e-07
6.476740681e-07
6.296026061e-07
6.22956561e-07
6.234422986e-07
6.298383605e-07
6.374429034e-07
6.562305738e-07
6.669228298e-07
6.969143739e-07
7.108909997e-07
7.41840981e-07
7.629472143e-07
7.834236548e-07
7.986814755e-07
8.025318717e-07
7.972361428e-07
7.753060976e-07
7.353270763e-07
0.008372333692
0.01783575764
0.01044111976
0.001927709307
0.0003521797798
5.104110181e-05
5.572620198e-06
1.384040764e-06
8.37665536e-07
7.078630858e-07
6.886625725e-07
6.781141087e-07
6.745337289e-07
6.780232445e-07
6.965029885e-07
7.006346041e-07
7.285560977e-07
7.405094892e-07
7.685677345e-07
7.840358893e-07
8.061595243e-07
8.273572703e-07
8.451296104e-07
8.590786323e-07
8.662689177e-07
8.408918125e-07
7.901733415e-07
7.455927536e-07
0.008194431206
0.01496121868
0.01139975862
0.005158760704
0.0008925050962
0.0001161819498
2.048444664e-05
3.574177427e-06
1.208014647e-06
8.822544388e-07
7.944561348e-07
7.618819284e-07
7.497786668e-07
7.511839029e-07
7.50280609e-07
7.708245407e-07
7.815316082e-07
8.040631796e-07
8.299567048e-07
8.579403455e-07
8.836777751e-07
9.058368661e-07
9.266712547e-07
9.391919837e-07
9.39816507e-07
9.214684079e-07
8.643112574e-07
8.113077156e-07
7.62950186e-07
0.007326743739
0.01246543932
0.01082339196
0.007569472114
0.002165110046
0.0005080331714
5.40352809e-05
1.06569108e-05
2.422468647e-06
1.042042148e-06
8.760204353e-07
8.31331641e-07
8.106918976e-07
8.12941829e-07
8.242933558e-07
8.359974432e-07
8.440997532e-07
8.655168485e-07
8.8587856e-07
9.088210755e-07
9.367214682e-07
9.636405606e-07
9.885914022e-07
1.012567594e-06
1.031060015e-06
1.00399134e-06
9.460556035e-07
8.929848621e-07
8.40986162e-07
7.834238025e-07
0.006208428576
0.0107995673
0.009844805911
0.008043541701
0.00466530247
0.001050022113
0.0002418275552
3.462300484e-05
6.447248209e-06
1.892987643e-06
1.098403702e-06
9.422495062e-07
8.888438512e-07
8.724737342e-07
8.75455796e-07
8.90862246e-07
9.12834807e-07
9.288764092e-07
9.566563457e-07
9.830541758e-07
1.011156029e-06
1.038151835e-06
1.065988524e-06
1.089802229e-06
1.10437817e-06
1.078338167e-06
1.017768207e-06
9.648150317e-07
9.109164425e-07
8.569471032e-07
7.948577542e-07
0.005117353404
0.009903582891
0.009198604337
0.008054617491
0.005789813067
0.002089792641
0.0004485418453
9.49084765e-05
1.669124933e-05
3.683264531e-06
1.37407514e-06
1.016385556e-06
9.360527917e-07
9.324524752e-07
9.337890115e-07
9.40010987e-07
9.520280478e-07
9.722527611e-07
9.934893389e-07
1.018738161e-06
1.049856175e-06
1.081124274e-06
1.112914165e-06
1.142389155e-06
1.16032425e-06
1.133498903e-06
1.075112234e-06
1.022756709e-06
9.717579661e-07
9.139503004e-07
8.523783571e-07
0.004114076894
0.00920413999
0.008852095497
0.008113762531
0.00658512395
0.003890637547
0.0009947479834
0.0001785692718
3.867171891e-05
7.850754545e-06
2.391853404e-06
1.305016797e-06
1.008531031e-06
9.686714976e-07
9.683505421e-07
9.789571763e-07
9.972943859e-07
1.013597847e-06
1.041039036e-06
1.062989335e-06
1.090823026e-06
1.121931156e-06
1.154505361e-06
1.180428425e-06
1.198345993e-06
1.176860284e-06
1.118558261e-06
1.067855818e-06
1.016315633e-06
9.626355641e-07
8.99479059e-07
8.260475419e-07
0.003287192935
0.008559411902
0.008661042852
0.008198091325
0.007132093641
0.005069503945
0.001811292398
0.0004567205495
7.641011581e-05
1.658663699e-05
4.057314746e-06
1.523560537e-06
1.071994151e-06
1.014653582e-06
1.006791048e-06
1.007639987e-06
1.021770905e-06
1.041340459e-06
1.062982576e-06
1.080388433e-06
1.108296654e-06
1.140521606e-06
1.176636996e-06
1.207695253e-06
1.227512146e-06
1.207101008e-06
1.151826223e-06
1.102425316e-06
1.054019006e-06
9.988473561e-07
9.373249493e-07
8.651818301e-07
7.843410287e-07
0.002596577024
0.0078893139
0.008516019502
0.008298582198
0.007503500101
0.006057078957
0.003064160797
0.0007750115794
0.000193972539
3.144083823e-05
7.190490971e-06
2.488500919e-06
1.170911058e-06
1.041974639e-06
1.030939349e-06
1.037592442e-06
1.049958056e-06
1.068400285e-06
1.094571384e-06
1.107278747e-06
1.131046386e-06
1.162117057e-06
1.197690644e-06
1.228086749e-06
1.247842557e-06
1.230692139e-06
1.176096512e-06
1.127935293e-06
1.079991657e-06
1.028530101e-06
9.671786561e-07
8.939615402e-07
8.152405337e-07
7.332037143e-07
0.002197771655
0.007265614821
0.008355876219
0.008394545246
0.007842482611
0.006630379442
0.004647546925
0.001353938799
0.0003178978862
7.757821941e-05
1.255168854e-05
3.219704964e-06
1.471554722e-06
1.087923102e-06
1.056669588e-06
1.053725055e-06
1.066897812e-06
1.085769934e-06
1.107925447e-06
1.117697204e-06
1.14038156e-06
1.171339544e-06
1.208721662e-06
1.24282702e-06
1.261878145e-06
1.24678125e-06
1.195061586e-06
1.147082561e-06
1.101412557e-06
1.049589808e-06
9.902363215e-07
9.189616231e-07
8.379267246e-07
7.55560868e-07
0.001906387765
0.006557954938
0.008102379583
0.008463102839
0.008128339815
0.007121145291
0.005412212268
0.002203672029
0.0005448215647
0.0001154240459
2.424165134e-05
6.18703596e-06
1.744000124e-06
1.130296974e-06
1.075223622e-06
1.076079189e-06
1.084034097e-06
1.103453728e-06
1.129380107e-06
1.134817473e-06
1.153955482e-06
1.183834647e-06
1.220388408e-06
1.253969825e-06
1.271755173e-06
1.258166521e-06
1.20924559e-06
1.161404199e-06
1.115851458e-06
1.066660743e-06
1.007976194e-06
9.368175633e-07
8.580047341e-07
7.733647485e-07
6.959628915e-07
0.001639937954
0.005676400105
0.007741914628
0.008466566126
0.008372363749
0.007557045545
0.006175820236
0.003422918919
0.0008271337909
0.0001966603631
3.700647428e-05
8.410238119e-06
2.491371103e-06
1.215824163e-06
1.094963724e-06
1.086087163e-06
1.095856976e-06
1.114214046e-06
1.138526553e-06
1.142489404e-06
1.159863766e-06
1.189057735e-06
1.226534629e-06
1.261306515e-06
1.27916205e-06
1.266455952e-06
1.22089426e-06
1.1726541e-06
1.128223753e-06
1.07870162e-06
1.021557466e-06
9.521687807e-07
8.724464111e-07
7.889290958e-07
7.071990111e-07
6.125862943e-07
0.001400724592
0.004585833181
0.006955200047
0.008284111363
0.008477677768
0.007914508816
0.006616009134
0.004205406385
0.001291186303
0.0002844590165
6.519857072e-05
1.47472507e-05
3.16134437e-06
1.305575391e-06
1.113834271e-06
1.101728411e-06
1.106704369e-06
1.125883782e-06
1.152721566e-06
1.15492546e-06
1.169385262e-06
1.197079034e-06
1.233431053e-06
1.267356862e-06
1.284689699e-06
1.272641581e-06
1.229813241e-06
1.181484668e-06
1.136805944e-06
1.088820606e-06
1.032064761e-06
9.62940651e-07
8.851107015e-07
8.006194818e-07
7.191104728e-07
6.202165142e-07
0.001208541575
0.003645778658
0.006209991734
0.008043846691
0.008626358963
0.008214175004
0.00701067493
0.005161664097
0.00167341693
0.0003986934341
8.487271327e-05
1.826570211e-05
4.020636383e-06
1.422156125e-06
1.132353733e-06
1.108558529e-06
1.115365138e-06
1.132372106e-06
1.158623549e-06
1.160256624e-06
1.173515015e-06
1.200591354e-06
1.237291549e-06
1.271401164e-06
1.288874394e-06
1.277440409e-06
1.237247362e-06
1.188672177e-06
1.144538498e-06
1.09612806e-06
1.040284132e-06
9.723338444e-07
8.940722709e-07
8.106435013e-07
7.275713732e-07
6.332306896e-07
0.001176560192
0.003053180274
0.005606113168
0.007636800883
0.008608789079
0.00843681663
0.007349921345
0.005692576989
0.002168307083
0.0005275074227
0.000116690192
2.542031864e-05
4.906599341e-06
1.652398331e-06
1.154456972e-06
1.119740745e-06
1.122174792e-06
1.14038825e-06
1.167984546e-06
1.168909267e-06
1.180100331e-06
1.205933837e-06
1.241747871e-06
1.274868094e-06
1.292086096e-06
1.281176326e-06
1.242970426e-06
1.194441559e-06
1.150029556e-06
1.102518851e-06
1.046788666e-06
9.789502542e-07
9.019987935e-07
8.180591471e-07
7.351176946e-07
6.391871045e-07
5.540089761e-07
0.001248894109
0.002665719968
0.005132656164
0.007158848779
0.008523657122
0.008584981293
0.007631177067
0.006048891938
0.00270824651
0.000668987053
0.0001412275003
3.002213504e-05
5.950723663e-06
1.781544484e-06
1.17597821e-06
1.124735801e-06
1.128670712e-06
1.144242838e-06
1.171832832e-06
1.172571272e-06
1.182827001e-06
1.208304358e-06
1.244280775e-06
1.277277318e-06
1.294564289e-06
1.284130072e-06
1.247497497e-06
1.199233206e-06
1.155084124e-06
1.107215137e-06
1.052014104e-06
9.848679112e-07
9.0759664e-07
8.244258175e-07
7.411180023e-07
6.490186256e-07
5.582261427e-07
0.002500372301
0.004825070395
0.006772338921
0.008407242512
0.008670302143
0.007859903831
0.006445353018
0.003192383897
0.0008163531636
0.0001742912785
3.737474031e-05
6.758944742e-06
2.042826875e-06
1.199862736e-06
1.133053017e-06
1.132990956e-06
1.149818785e-06
1.178080984e-06
1.178533006e-06
1.187259557e-06
1.211897453e-06
1.247254167e-06
1.27949402e-06
1.296517245e-06
1.286438058e-06
1.251043857e-06
1.203063913e-06
1.158754936e-06
1.111394623e-06
1.056212349e-06
9.890841404e-07
9.126405554e-07
8.291235657e-07
7.459236175e-07
6.527876897e-07
5.616314351e-07
0.002482425832
0.004613647748
0.006476430091
0.008318245527
0.008725232817
0.008043427625
0.006617475037
0.003593544638
0.0009579469088
0.0002052294563
4.255629883e-05
8.082445863e-06
2.16328262e-06
1.221926077e-06
1.136792999e-06
1.137769812e-06
1.152136499e-06
1.180561089e-06
1.180993297e-06
1.189002088e-06
1.213328249e-06
1.248834314e-06
1.280939807e-06
1.298009349e-06
1.288285623e-06
1.253884395e-06
1.206229745e-06
1.162187281e-06
1.11452125e-06
1.059632682e-06
9.929232393e-07
9.162237631e-07
8.332030518e-07
7.497540388e-07
6.590296648e-07
5.643619587e-07
4.915324797e-07
0.002519811774
0.004475292103
0.00626170174
0.008195277144
0.008814291713
0.008196261693
0.006894489107
0.003933072152
0.0010890963
0.0002349790833
4.93280433e-05
8.872495122e-06
2.411989804e-06
1.244452935e-06
1.142987523e-06
1.140575275e-06
1.156009544e-06
1.184828735e-06
1.18507224e-06
1.192100558e-06
1.215821278e-06
1.250883162e-06
1.282431075e-06
1.299199473e-06
1.289794532e-06
1.256227046e-06
1.208883524e-06
1.164825106e-06
1.117516273e-06
1.06259989e-06
9.95866171e-07
9.19737066e-07
8.364457291e-07
7.530718712e-07
6.616528049e-07
5.669754617e-07
4.935576726e-07
0.004390759152
0.006107795113
0.008072636715
0.008840359382
0.008317488774
0.007016412557
0.004215205243
0.001206778183
0.0002632852083
5.352853809e-05
1.044492005e-05
2.525817972e-06
1.264773758e-06
1.145977729e-06
1.143915233e-06
1.157507509e-06
1.186459025e-06
1.186803115e-06
1.193356019e-06
1.216781711e-06
1.251999302e-06
1.283446446e-06
1.300286459e-06
1.291142539e-06
1.258325294e-06
1.211341342e-06
1.16758029e-06
1.120065226e-06
1.065408687e-06
9.990231472e-07
9.22683494e-07
8.398341752e-07
7.562705365e-07
6.667888128e-07
5.695541921e-07
4.955643381e-07
0.004347491655
0.006000892136
0.007951246122
0.00885755717
0.008396546532
0.007140243228
0.00444957772
0.001310449878
0.0002890088262
5.903463362e-05
1.105829721e-05
2.748664291e-06
1.284209724e-06
1.150563683e-06
1.145812676e-06
1.160225886e-06
1.189512215e-06
1.189724139e-06
1.195622247e-06
1.218609749e-06
1.253521346e-06
1.284566911e-06
1.301193519e-06
1.292333353e-06
1.260211454e-06
1.213589905e-06
1.169885132e-06
1.122729256e-06
1.068085746e-06
1.001703223e-06
9.259199526e-07
8.428435941e-07
7.593855764e-07
6.692815845e-07
5.721120881e-07
4.975585168e-07
0.004328602001
0.005927102901
0.007855166291
0.008869475716
0.008510329979
0.007223675724
0.004642760659
0.001400433486
0.0003120674706
6.311826395e-05
1.230386758e-05
2.845293789e-06
1.301660252e-06
1.1529031e-06
1.148123623e-06
1.161187095e-06
1.190588456e-06
1.190986326e-06
1.196565015e-06
1.219305468e-06
1.254365267e-06
1.285345194e-06
1.302056105e-06
1.293435694e-06
1.26195992e-06
1.215738485e-06
1.172369436e-06
1.125046015e-06
1.070672747e-06
1.004645366e-06
9.286818244e-07
8.460637549e-07
7.624509835e-07
6.739456452e-07
5.746533314e-07
4.995476721e-07
4.387707645e-07
0.004318387395
0.005879390778
0.007778591138
0.008878847955
0.008580919179
0.007301336786
0.004802760361
0.001477800747
0.0003323493153
6.742355431e-05
1.267011796e-05
3.027588239e-06
1.317385293e-06
1.156321786e-06
1.149430617e-06
1.163132699e-06
1.192843975e-06
1.193136402e-06
1.198278505e-06
1.220688905e-06
1.255549466e-06
1.286229925e-06
1.302786925e-06
1.294433011e-06
1.263562056e-06
1.21774626e-06
1.174482616e-06
1.127516037e-06
1.073170068e-06
1.007162641e-06
9.317557595e-07
8.489401854e-07
7.654599849e-07
6.763668575e-07
5.771875325e-07
5.015338982e-07
4.401741066e-07
0.004306403544
0.005851250837
0.007721693003
0.008886460837
0.008637781542
0.007367610996
0.00493539442
0.001543764475
0.0003501021299
7.054712132e-05
1.337363368e-05
3.106316196e-06
1.331627828e-06
1.158111474e-06
1.151036616e-06
1.163712667e-06
1.193535109e-06
1.194077622e-06
1.199004039e-06
1.221213374e-06
1.256213834e-06
1.28685027e-06
1.303502347e-06
1.295375681e-06
1.265078778e-06
1.21969869e-06
1.176763065e-06
1.129687641e-06
1.075614614e-06
1.009961299e-06
9.343916738e-07
8.520474173e-07
7.684388258e-07
6.806402289e-07
5.797155031e-07
5.035215489e-07
4.415904695e-07
0.004299034037
0.005832121813
0.007679067365
0.008893125779
0.008700603549
0.007423159682
0.005045319352
0.001599698149
0.0003653935284
7.3822503e-05
1.398074987e-05
3.252273063e-06
1.344024463e-06
1.160671516e-06
1.151953898e-06
1.165135847e-06
1.195227177e-06
1.195706575e-06
1.200345998e-06
1.222303667e-06
1.257173237e-06
1.287578252e-06
1.304115806e-06
1.296237378e-06
1.266492507e-06
1.221548157e-06
1.178719546e-06
1.132029401e-06
1.07799309e-06
1.012369102e-06
9.373547611e-07
8.548319548e-07
7.713778763e-07
6.830274427e-07
5.822443511e-07
5.05511574e-07
4.430217664e-07
0.00429673644
0.005819292181
0.007647981087
0.008898995055
0.00873038538
0.007469171549
0.005136439417
0.001646886044
0.0003785786849
7.596512544e-05
1.477478593e-05
3.318868661e-06
1.355177188e-06
1.162012111e-06
1.153084149e-06
1.165469357e-06
1.195713412e-06
1.196426119e-06
1.200922695e-06
1.222717485e-06
1.257717001e-06
1.288092885e-06
1.304731752e-06
1.297067024e-06
1.26785384e-06
1.223370706e-06
1.180861468e-06
1.134100493e-06
1.080339599e-06
1.015069006e-06
9.399017999e-07
8.578606732e-07
7.742982246e-07
6.869670793e-07
5.847416543e-07
5.075076148e-07
4.444696585e-07
3.979426699e-07
0.004297617051
0.00581000962
0.007624319009
0.008904139273
0.008764036492
0.007507298286
0.005211949606
0.001686615587
0.0003897979515
7.848494066e-05
1.526332963e-05
3.433666887e-06
1.364809149e-06
1.163929815e-06
1.153741991e-06
1.166532827e-06
1.196988985e-06
1.197699328e-06
1.20201363e-06
1.223613626e-06
1.258526677e-06
1.288716857e-06
1.305265936e-06
1.297836418e-06
1.269139208e-06
1.225115127e-06
1.182713706e-06
1.136354682e-06
1.082634438e-06
1.017399605e-06
9.427869695e-07
8.60579688e-07
7.771906048e-07
6.893502381e-07
5.872929105e-07
5.095097814e-07
4.459355751e-07
3.987850754e-07
0.004297412954
0.005801679678
0.00760550921
0.008908239005
0.008785324273
0.007538786489
0.005274549063
0.001719970638
0.0003994281395
8.051638833e-05
1.58650398e-05
3.485585483e-06
1.373359695e-06
1.164926596e-06
1.154560016e-06
1.166729985e-06
1.197337792e-06
1.198261346e-06
1.202488948e-06
1.223954368e-06
1.25898903e-06
1.289160289e-06
1.30581544e-06
1.298588155e-06
1.270393072e-06
1.226851457e-06
1.184761205e-06
1.138357134e-06
1.084912976e-06
1.020029948e-06
9.452702019e-07
8.635529724e-07
7.800722061e-07
6.929911832e-07
5.897031818e-07
5.115211425e-07
4.474208806e-07
3.996469241e-07
0.004294106018
0.005792269705
0.007588858033
0.008910656643
0.008802516463
0.007564819522
0.005326454926
0.001748014319
0.0004075739895
8.254943854e-05
1.617118892e-05
3.573496166e-06
1.380874716e-06
1.166377955e-06
1.155048236e-06
1.167553808e-06
1.198325291e-06
1.199288789e-06
1.20340925e-06
1.224718931e-06
1.259697556e-06
1.289712888e-06
1.306296716e-06
1.299293286e-06
1.271588239e-06
1.228525747e-06
1.186540689e-06
1.140552337e-06
1.087149331e-06
1.022305408e-06
9.481001676e-07
8.66224324e-07
7.829343883e-07
6.954041774e-07
5.923869071e-07
5.135412752e-07
4.48926609e-07
4.005290055e-07
3.694215429e-07
0.004285696602
0.005780580234
0.007572729979
0.008910235076
0.008816108007
0.007586468033
0.005369518675
0.001771512335
0.0004145975796
8.372387913e-05
1.662010187e-05
3.612977981e-06
1.387544165e-06
1.167139067e-06
1.155672452e-06
1.16767204e-06
1.198573439e-06
1.199739489e-06
1.203815038e-06
1.225008113e-06
1.260103076e-06
1.290105257e-06
1.306801765e-06
1.299990291e-06
1.272765054e-06
1.230204484e-06
1.188522369e-06
1.14250736e-06
1.089380816e-06
1.024886288e-06
9.505364448e-07
8.691584023e-07
7.857905272e-07
6.987677019e-07
5.946759072e-07
5.15572909e-07
4.50453852e-07
4.014322145e-07
3.697424073e-07
0.005766289095
0.007554448047
0.008905374742
0.008826092384
0.007604795194
0.00540517413
0.001791346158
0.000420482199
8.544382928e-05
1.685432799e-05
3.680369289e-06
1.393281134e-06
1.168266303e-06
1.156052812e-06
1.168348749e-06
1.199368726e-06
1.200599402e-06
1.204618999e-06
1.225681349e-06
1.260742755e-06
1.29060803e-06
1.307244757e-06
1.300649267e-06
1.273893945e-06
1.231831692e-06
1.190250875e-06
1.14466268e-06
1.091575525e-06
1.027122015e-06
9.533263918e-07
8.717944536e-07
7.88633514e-07
7.012555863e-07
5.976285451e-07
5.176156067e-07
4.520036788e-07
4.023574514e-07
3.700810405e-07
3.531577325e-07
0.00574779661
0.007532934412
0.008894755356
0.0088318885
0.007620710615
0.00543468613
0.001807798862
0.0004256532981
8.628811917e-05
1.720614289e-05
3.712484078e-06
1.399888268e-06
1.168879008e-06
1.156563635e-06
1.168432711e-06
1.199549404e-06
1.200973205e-06
1.204973189e-06
1.225929036e-06
1.261103015e-06
1.290958973e-06
1.307712242e-06
1.301301531e-06
1.275005165e-06
1.233456327e-06
1.192167964e-06
1.146566733e-06
1.0937538e-06
1.029643458e-06
9.557049128e-07
8.74672779e-07
7.914461667e-07
7.04317342e-07
5.997207431e-07
5.196214093e-07
4.535351446e-07
4.032784342e-07
3.704255005e-07
3.530172633e-07
0.005723856387
0.007508090711
0.00887913949
0.008833595761
0.007634803232
0.005459064985
0.001822294052
0.000429789109
8.75924098e-05
1.737670807e-05
3.75596757e-06
1.404259376e-06
1.169776667e-06
1.156871941e-06
1.16901633e-06
1.200216781e-06
1.201711909e-06
1.20568767e-06
1.226531763e-06
1.261685757e-06
1.291419777e-06
1.308115976e-06
1.301910222e-06
1.276060849e-06
1.235015899e-06
1.193822656e-06
1.148647906e-06
1.095868892e-06
1.031796615e-06
9.583978615e-07
8.772135635e-07
7.94201156e-07
7.068406537e-07
6.032037629e-07
5.216285039e-07
4.550753375e-07
4.042106217e-07
3.707804652e-07
3.528853034e-07
3.469167586e-07
0.005695953399
0.007481615177
0.008860786929
0.008833509291
0.007648211277
0.00548018467
0.001831797674
0.0004338491516
8.809643433e-05
1.763601221e-05
3.779910111e-06
1.411451743e-06
1.170286904e-06
1.157318e-06
1.169093322e-06
1.200363322e-06
1.202036327e-06
1.206004011e-06
1.226752273e-06
1.262015897e-06
1.291744742e-06
1.308554514e-06
1.302546416e-06
1.277110941e-06
1.236588521e-06
1.195678466e-06
1.150499299e-06
1.097987973e-06
1.034248548e-06
9.607032855e-07
8.80017129e-07
7.969467024e-07
7.096136373e-07
6.052704226e-07
5.236409015e-07
4.566245673e-07
4.051539687e-07
3.71145753e-07
3.527617979e-07
3.464013297e-07
0.005656477244
0.007445840195
0.008838026841
0.008838186893
0.007671418029
0.005513737409
0.00182657989
0.0004326308518
8.946986451e-05
1.781635427e-05
3.806280674e-06
1.415925647e-06
1.17126947e-06
1.157578954e-06
1.169628902e-06
1.20096154e-06
1.202707283e-06
1.206668495e-06
1.227315916e-06
1.26256946e-06
1.2921832e-06
1.308928408e-06
1.303086752e-06
1.278120794e-06
1.238115352e-06
1.197296071e-06
1.15254773e-06
1.100065659e-06
1.036360371e-06
9.633516648e-07
8.825107899e-07
7.996656881e-07
7.12236121e-07
6.097072548e-07
5.256592605e-07
4.581833338e-07
4.061087858e-07
3.71521549e-07
3.526467974e-07
3.458928663e-07
3.477510135e-07
0.00551707624
0.007305312602
0.008796452236
0.00883754599
0.007721732294
0.005691831689
0.001935068873
0.0004585811421
9.317405119e-05
1.852466644e-05
3.934313985e-06
1.429257708e-06
1.172457809e-06
1.15793776e-06
1.169696567e-06
1.201084749e-06
1.202982079e-06
1.206945145e-06
1.227522954e-06
1.262871282e-06
1.292486265e-06
1.309363281e-06
1.303761687e-06
1.279115228e-06
1.239643181e-06
1.199102265e-06
1.154354439e-06
1.102142265e-06
1.03876362e-06
9.65605394e-07
8.852656896e-07
8.023697886e-07
7.149767482e-07
6.11860458e-07
5.276874196e-07
4.59755289e-07
4.070778298e-07
3.719096852e-07
3.525413743e-07
3.453919889e-07
3.46916984e-07
3.55022097e-07
0.005459879879
0.007235271493
0.008771855174
0.00883815691
0.007756721047
0.005804130981
0.002013933427
0.0004829749412
9.817990113e-05
1.914621562e-05
4.062635398e-06
1.445844098e-06
1.174038233e-06
1.158246121e-06
1.169781312e-06
1.20135358e-06
1.203486134e-06
1.20744462e-06
1.227841892e-06
1.263197962e-06
1.292776608e-06
1.309694813e-06
1.304281358e-06
1.280148046e-06
1.241194476e-06
1.200729448e-06
1.156401954e-06
1.10422827e-06
1.040881095e-06
9.682513233e-07
8.877500276e-07
8.050832766e-07
7.176489282e-07
6.162867672e-07
5.297214228e-07
4.613368295e-07
4.080584454e-07
3.723084534e-07
3.524445379e-07
3.448980787e-07
3.46089758e-07
3.538617279e-07
0.005425885239
0.007189061259
0.008752044281
0.008840645712
0.00778507836
0.005894307915
0.002091285924
0.0005076117452
0.0001028411766
2.035358685e-05
4.18861867e-06
1.462098849e-06
1.175583371e-06
1.158546949e-06
1.169850334e-06
1.201468907e-06
1.203780209e-06
1.207721829e-06
1.228112346e-06
1.263513076e-06
1.29314811e-06
1.310234571e-06
1.30508934e-06
1.281100458e-06
1.242693831e-06
1.202501585e-06
1.158166142e-06
1.106273375e-06
1.043246497e-06
9.70462746e-07
8.904648001e-07
8.077518388e-07
7.203746314e-07
6.184373895e-07
5.317627113e-07
4.629277875e-07
4.090505259e-07
3.727178241e-07
3.523562992e-07
3.444111771e-07
3.452693308e-07
3.52710068e-07
3.674629404e-07
3.946038677e-07
0.005410087173
0.007164213542
0.008744139805
0.008846568657
0.007809574014
0.005973473288
0.002159414673
0.0005354203642
0.0001100611131
2.139395729e-05
4.369490136e-06
1.494060314e-06
1.178598924e-06
1.158867968e-06
1.169950598e-06
1.201793207e-06
1.204330609e-06
1.208339964e-06
1.228469808e-06
1.263878991e-06
1.293441276e-06
1.310552735e-06
1.305600648e-06
1.282107455e-06
1.244232794e-06
1.20411222e-06
1.160189505e-06
1.108339995e-06
1.045338529e-06
9.730800245e-07
8.929141089e-07
8.104379669e-07
7.230290629e-07
6.228446009e-07
5.338117403e-07
4.64525718e-07
4.100539164e-07
3.731377518e-07
3.522766627e-07
3.43931278e-07
3.444557012e-07
3.515670662e-07
3.659038075e-07
3.923879587e-07
5.139524772e-07
0.005418521634
0.007174272425
0.008755383198
0.008861600087
0.007823782337
0.005982337089
0.002162746289
0.0005362508103
0.0001103056357
2.142310396e-05
4.372520821e-06
1.495879576e-06
1.179038856e-06
1.159265235e-06
1.170251983e-06
1.202179787e-06
1.204755252e-06
1.20874007e-06
1.229103263e-06
1.264464936e-06
1.294035003e-06
1.311234652e-06
1.306513776e-06
1.283066628e-06
1.245738935e-06
1.205884931e-06
1.161939177e-06
1.110379283e-06
1.04769027e-06
9.75267822e-07
8.956066673e-07
8.130844164e-07
7.257384111e-07
6.249782776e-07
5.35869961e-07
4.661232871e-07
4.110653107e-07
3.735661547e-07
3.522044351e-07
3.434577164e-07
3.436484672e-07
3.504324367e-07
3.643580534e-07
3.901965362e-07
5.091610171e-07
0.00543463039
0.007189188304
0.008762522909
0.008871128661
0.007833146716
0.00598784077
0.002165110757
0.0005371621406
0.0001105914833
2.147587894e-05
4.378141105e-06
1.498006994e-06
1.179532213e-06
1.159596108e-06
1.170610561e-06
1.202622115e-06
1.205478918e-06
1.209489872e-06
1.229552863e-06
1.264898175e-06
1.294377651e-06
1.311577383e-06
1.306990943e-06
1.283993683e-06
1.247222731e-06
1.207448615e-06
1.16391188e-06
1.112393238e-06
1.04972086e-06
9.778257942e-07
8.97991031e-07
8.15717747e-07
7.283443004e-07
6.293556084e-07
5.379375105e-07
4.677284753e-07
4.12088369e-07
3.740052305e-07
3.521407695e-07
3.429913395e-07
3.428475632e-07
3.493061794e-07
3.628254941e-07
3.88029112e-07
5.044538932e-07
0.005456484345
0.007207769328
0.008771405932
0.008882768282
0.007843827568
0.005994244488
0.002168409424
0.0005382750975
0.000110924587
2.151730659e-05
4.385179946e-06
1.500421521e-06
1.180187739e-06
1.160094865e-06
1.171023982e-06
1.203091502e-06
1.205994644e-06
1.209985804e-06
1.230486677e-06
1.265731659e-06
1.295078895e-06
1.312301439e-06
1.307968003e-06
1.285089206e-06
1.248730052e-06
1.209245907e-06
1.16566677e-06
1.114445628e-06
1.052076623e-06
9.800035911e-07
9.006744349e-07
8.183518084e-07
7.310438262e-07
6.314879422e-07
5.400193412e-07
4.693383619e-07
4.131229905e-07
3.744549443e-07
3.520856563e-07
3.425321542e-07
3.420529298e-07
3.481882205e-07
3.613059767e-07
3.858853231e-07
4.998290045e-07
0.005491835867
0.007236156359
0.008785034664
0.008900523793
0.00786030403
0.006004211905
0.002173264288
0.0005397094957
0.0001113244479
2.152426439e-05
4.39344477e-06
1.503071785e-06
1.180853183e-06
1.160551232e-06
1.171470362e-06
1.203614125e-06
1.206775641e-06
1.210829422e-06
1.231033784e-06
1.266161971e-06
1.295437351e-06
1.31266674e-06
1.308452159e-06
1.285965888e-06
1.25021268e-06
1.210827392e-06
1.167651187e-06
1.116468425e-06
1.054106539e-06
9.825585743e-07
9.030427945e-07
8.209731727e-07
7.336379021e-07
6.358583822e-07
5.421110596e-07
4.70956007e-07
4.141692959e-07
3.749153257e-07
3.520390755e-07
3.42079075e-07
3.412653064e-07
3.470784165e-07
3.597992749e-07
3.837647407e-07
4.952842909e-07
0.005543952587
0.00727624759
0.00880408494
0.008925626169
0.007884165947
0.006018702652
0.002180215658
0.0005417908654
0.0001118289594
2.162082605e-05
4.406542936e-06
1.50628091e-06
1.181846593e-06
1.161204596e-06
1.171992706e-06
1.20424027e-06
1.207510678e-06
1.211461904e-06
1.232082457e-06
1.267164327e-06
1.296229266e-06
1.313459448e-06
1.309468848e-06
1.287245072e-06
1.2517391e-06
1.212666589e-06
1.169424625e-06
1.118545074e-06
1.056478121e-06
9.847354764e-07
9.057256228e-07
8.236007159e-07
7.3633227e-07
6.379905242e-07
5.442191354e-07
4.725791648e-07
4.15227567e-07
3.75386463e-07
3.520009933e-07
3.416326743e-07
3.404839931e-07
3.459765946e-07
3.583051545e-07
3.816669525e-07
4.908177425e-07
0.005622821227
0.007333501257
0.008832327638
0.008961702312
0.007918536871
0.006039860314
0.002189635345
0.0005443106776
0.0001124585542
2.166818227e-05
4.439801342e-06
1.510148641e-06
1.18290762e-06
1.162124564e-06
1.172900298e-06
1.205107952e-06
1.208470886e-06
1.212347477e-06
1.232750689e-06
1.267772321e-06
1.296654392e-06
1.313873232e-06
1.309988729e-06
1.288123588e-06
1.253263459e-06
1.214303748e-06
1.171458488e-06
1.120608402e-06
1.058532174e-06
9.873127728e-07
9.080965022e-07
8.262258503e-07
7.389259427e-07
6.423672626e-07
5.46340443e-07
4.742117306e-07
4.162983023e-07
3.758685159e-07
3.519713608e-07
3.411928111e-07
3.397087962e-07
3.448825212e-07
3.568233172e-07
3.795914873e-07
4.86427392e-07
0.005736100519
0.0074193868
0.008877325083
0.009016333048
0.007970086954
0.006069558613
0.002204464416
0.0005487544092
0.0001133533609
2.168158826e-05
4.463106417e-06
1.515312081e-06
1.184651966e-06
1.163266489e-06
1.173961613e-06
1.206428196e-06
1.209811317e-06
1.213358524e-06
1.233790037e-06
1.269055657e-06
1.2976385e-06
1.314814063e-06
1.311117594e-06
1.289583037e-06
1.254871025e-06
1.216247752e-06
1.173297735e-06
1.122752767e-06
1.060961087e-06
9.895190588e-07
9.108088334e-07
8.288696944e-07
7.416324606e-07
6.445092873e-07
5.484838165e-07
4.758525211e-07
4.173824022e-07
3.763617901e-07
3.519501333e-07
3.407592739e-07
3.389394283e-07
3.437958822e-07
3.553534115e-07
3.775378569e-07
4.821112964e-07
0.005888735535
0.007539244058
0.008950350423
0.009100312692
0.008049873294
0.006123229621
0.002224069208
0.0005537315961
0.0001145400081
2.20162259e-05
4.530513668e-06
1.522039466e-06
1.186604849e-06
1.16498686e-06
1.175675886e-06
1.207977776e-06
1.211393511e-06
1.214818235e-06
1.234900156e-06
1.269932152e-06
1.298216302e-06
1.315332611e-06
1.311724608e-06
1.290544348e-06
1.256520164e-06
1.218017657e-06
1.175457313e-06
1.124900968e-06
1.063088364e-06
9.921694685e-07
9.132191701e-07
8.315311206e-07
7.442498983e-07
6.489235208e-07
5.506485024e-07
4.775071063e-07
4.184811858e-07
3.768667359e-07
3.519372648e-07
3.403317821e-07
3.381755102e-07
3.427162638e-07
3.538949883e-07
3.755054892e-07
4.778675385e-07
0.005903579655
0.007722722575
0.009068691424
0.009219957308
0.008178119599
0.006185959473
0.002259511249
0.0005641988394
0.0001165310576
2.221916366e-05
4.579723204e-06
1.531763566e-06
1.190003554e-06
1.167205452e-06
1.177719209e-06
1.21043233e-06
1.213751977e-06
1.216520447e-06
1.236404031e-06
1.271457574e-06
1.299688279e-06
1.316570137e-06
1.313108762e-06
1.292208488e-06
1.258328078e-06
1.22019391e-06
1.177454709e-06
1.127185614e-06
1.065656128e-06
9.944639386e-07
9.160201411e-07
8.34236811e-07
7.470047216e-07
6.510980704e-07
5.528472568e-07
4.791761942e-07
4.195966489e-07
3.773840522e-07
3.519327104e-07
3.399099329e-07
3.374165167e-07
3.416431205e-07
3.524475029e-07
3.734937663e-07
4.736942056e-07
0.005787747636
0.007825859632
0.009238285287
0.009362208725
0.008392274235
0.006334063392
0.00230605509
0.0005757638243
0.0001191840537
2.307221931e-05
4.729586776e-06
1.545233797e-06
1.193930896e-06
1.170662426e-06
1.18110908e-06
1.213400362e-06
1.216651935e-06
1.219091579e-06
1.238507898e-06
1.273169378e-06
1.300654257e-06
1.317289713e-06
1.313904598e-06
1.293370747e-06
1.260255216e-06
1.222244564e-06
1.179889691e-06
1.12953416e-06
1.067952e-06
9.972843756e-07
9.185396867e-07
8.369968841e-07
7.496937482e-07
6.556125386e-07
5.550836147e-07
4.808683096e-07
4.207315315e-07
3.779146976e-07
3.519364175e-07
3.394931942e-07
3.366617621e-07
3.405757416e-07
3.510102583e-07
3.715019469e-07
4.695893903e-07
0.005276759676
0.007675988467
0.009457179343
0.009698547541
0.008620198229
0.00647994578
0.002400347116
0.000602384213
0.0001253865551
2.373175096e-05
4.844700896e-06
1.567925613e-06
1.201004389e-06
1.175174692e-06
1.185225413e-06
1.218256092e-06
1.221121553e-06
1.222183542e-06
1.241088946e-06
1.275516863e-06
1.302831095e-06
1.319328319e-06
1.315799756e-06
1.29543425e-06
1.262478441e-06
1.224900214e-06
1.182219606e-06
1.132124466e-06
1.070811912e-06
9.997768039e-07
9.215398094e-07
8.398495951e-07
7.525656493e-07
6.578641363e-07
5.573778846e-07
4.825882484e-07
4.218900516e-07
3.784601885e-07
3.519483554e-07
3.390808158e-07
3.359102596e-07
3.395131319e-07
3.49582333e-07
3.69529151e-07
4.655511339e-07
0.005015564308
0.007155862296
0.009920028833
0.0104753841
0.009234887467
0.006869190706
0.002530085681
0.0006358613661
0.0001319560609
2.609852911e-05
5.242292292e-06
1.597381719e-06
1.209339474e-06
1.182346672e-06
1.192154822e-06
1.224190081e-06
1.226714533e-06
1.226996763e-06
1.244762183e-06
1.27888934e-06
1.304841869e-06
1.320719562e-06
1.317015517e-06
1.297000732e-06
1.264957279e-06
1.227509672e-06
1.185206548e-06
1.13488681e-06
1.073440771e-06
1.002944834e-06
9.242941223e-07
8.428209267e-07
7.554130159e-07
6.625928479e-07
5.597370388e-07
4.843469701e-07
4.230759946e-07
3.790217833e-07
3.51968365e-07
3.386720104e-07
3.351610237e-07
3.384543187e-07
3.481628275e-07
3.675745155e-07
4.615776013e-07
0.005625650573
0.006428934398
0.009415307382
0.01132629836
0.01018185692
0.007317457179
0.002822961968
0.0007132544049
0.0001545429464
2.813159949e-05
5.680739542e-06
1.692360552e-06
1.225019807e-06
1.191695517e-06
1.200617328e-06
1.234059087e-06
1.235426148e-06
1.23278798e-06
1.249450779e-06
1.282638492e-06
1.308170942e-06
1.324297307e-06
1.320413902e-06
1.300128534e-06
1.26792516e-06
1.231061251e-06
1.188169406e-06
1.138055161e-06
1.076823619e-06
1.00581142e-06
9.276722599e-07
8.459558391e-07
7.585104628e-07
6.649910386e-07
5.621844248e-07
4.861496559e-07
4.242937807e-07
3.796008577e-07
3.519961365e-07
3.38265734e-07
3.344128096e-07
3.373981143e-07
3.467506929e-07
3.656371075e-07
4.57666983e-07
0.008117920173
0.006787533796
0.007989063371
0.01102942455
0.01154035746
0.008735578692
0.003272580849
0.0008468914961
0.0001764603593
3.642965777e-05
6.777871405e-06
1.767340678e-06
1.244276768e-06
1.206670782e-06
1.214916884e-06
1.246079135e-06
1.246301872e-06
1.241865906e-06
1.255448264e-06
1.288070617e-06
1.311826197e-06
1.327047443e-06
1.322915629e-06
1.302849049e-06
1.271424534e-06
1.234658315e-06
1.192115538e-06
1.141542541e-06
1.080007088e-06
1.009580421e-06
9.308292711e-07
8.492868733e-07
7.616266937e-07
6.700741758e-07
5.647215358e-07
4.880043551e-07
4.255444534e-07
3.801970796e-07
3.52030781e-07
3.378609614e-07
3.33664664e-07
3.363436907e-07
3.453452202e-07
3.637162677e-07
4.538178217e-07
0.009222394884
0.008209044392
0.007519538247
0.00935055613
0.01143045401
0.01031666504
0.004474765349
0.001097067939
0.0002823575877
4.614072589e-05
8.893495075e-06
2.198503659e-06
1.283689979e-06
1.226424964e-06
1.232340509e-06
1.266145601e-06
1.263225969e-06
1.252606679e-06
1.264014537e-06
1.293774742e-06
1.316596976e-06
1.331581404e-06
1.327881034e-06
1.307577779e-06
1.27628345e-06
1.240007377e-06
1.196098417e-06
1.145615239e-06
1.084198212e-06
1.012986647e-06
9.347715447e-07
8.528323598e-07
7.65045218e-07
6.727599769e-07
5.673437578e-07
4.898977944e-07
4.268202862e-07
3.808057014e-07
3.520699873e-07
3.374568663e-07
3.329165041e-07
3.352912714e-07
3.43946708e-07
3.618121696e-07
4.500293947e-07
0.008195846159
0.008716739126
0.008083310779
0.00809258708
0.01001017754
0.010870792
0.008190996278
0.002196142274
0.0003643984154
8.830955466e-05
1.506169422e-05
3.047833372e-06
1.351690846e-06
1.25808867e-06
1.262779443e-06
1.289567474e-06
1.284763032e-06
1.269439484e-06
1.274803766e-06
1.300153345e-06
1.321956663e-06
1.335611389e-06
1.331664316e-06
1.311847144e-06
1.281484759e-06
1.245730667e-06
1.201961826e-06
1.150241722e-06
1.088067267e-06
1.017454481e-06
9.383862643e-07
8.565551233e-07
7.684322133e-07
6.776202168e-07
5.699899369e-07
4.918015161e-07
4.280968647e-07
3.814134519e-07
3.521085759e-07
3.370528463e-07
3.321697748e-07
3.34242925e-07
3.425571719e-07
3.599263374e-07
4.463021951e-07
0.004282073985
0.006786108977
0.007708529106
0.007716364489
0.007850428158
0.009271386132
0.009280325734
0.005647582933
0.001496011298
0.000191469846
4.303298272e-05
7.370726931e-06
1.920471496e-06
1.302157432e-06
1.292554615e-06
1.316206942e-06
1.307298059e-06
1.288924068e-06
1.288718476e-06
1.30695549e-06
1.326777633e-06
1.339887706e-06
1.337035189e-06
1.317406915e-06
1.288156462e-06
1.253372133e-06
1.207425587e-06
1.15568253e-06
1.093361294e-06
1.021339275e-06
9.427999615e-07
8.603994909e-07
7.720463654e-07
6.800795742e-07
5.725968275e-07
4.936885354e-07
4.293506455e-07
3.820054513e-07
3.521387659e-07
3.366460007e-07
3.314240584e-07
3.33199242e-07
3.411774949e-07
3.580595436e-07
4.426364601e-07
0.001469932542
0.00253504612
0.004150223787
0.006022295939
0.006847980833
0.007067691769
0.007750974576
0.007158043983
0.004674757156
0.001340356188
0.0002225972902
4.295035024e-05
7.471175268e-06
2.026087911e-06
1.377136524e-06
1.349646542e-06
1.343722213e-06
1.314651645e-06
1.304102184e-06
1.315401491e-06
1.332411956e-06
1.344681649e-06
1.342127199e-06
1.32353112e-06
1.295645306e-06
1.261888551e-06
1.216446125e-06
1.16238779e-06
1.098644885e-06
1.027290376e-06
9.471701949e-07
8.647740603e-07
7.758547885e-07
6.833900311e-07
5.751174647e-07
4.958367943e-07
4.307385991e-07
3.826447262e-07
3.521677586e-07
3.362164881e-07
3.306504235e-07
3.321311256e-07
3.39782436e-07
3.561928226e-07
4.390188472e-07
0.0007729756551
0.001044988191
0.001388468379
0.002173094227
0.003419033539
0.004639668554
0.005194982504
0.005854183775
0.005384228627
0.00396644599
0.001098964429
0.0002218206326
4.115556005e-05
1.13109705e-05
3.016463042e-06
1.606304881e-06
1.365320685e-06
1.358316678e-06
1.33455538e-06
1.332040436e-06
1.340857907e-06
1.35102199e-06
1.350323155e-06
1.333507507e-06
1.307404855e-06
1.276612599e-06
1.228646603e-06
1.174743058e-06
1.110455254e-06
1.035556237e-06
9.561089877e-07
8.719201497e-07
7.821517885e-07
6.884752024e-07
5.807440987e-07
4.992335745e-07
4.328581642e-07
3.835918465e-07
3.522486221e-07
3.357130757e-07
3.29758476e-07
3.309435742e-07
3.382883876e-07
3.542631351e-07
4.354053115e-07
0.0003503585712
0.0004801668748
0.0006212180017
0.000880347142
0.001185485106
0.001787133877
0.00259536866
0.003229412415
0.004003723595
0.003816644487
0.003029698463
0.001571178626
0.0003978874749
0.0001132574129
2.427509489e-05
6.078281226e-06
2.196651283e-06
1.40397372e-06
1.353589208e-06
1.340162014e-06
1.346773532e-06
1.357489137e-06
1.357227186e-06
1.346193102e-06
1.325779881e-06
1.296956307e-06
1.257532824e-06
1.196474031e-06
1.127963756e-06
1.055078169e-06
9.704583878e-07
8.854553908e-07
7.931698798e-07
6.977040238e-07
5.868111409e-07
5.044903579e-07
4.360836845e-07
3.850148188e-07
3.524215618e-07
3.351117374e-07
3.287000418e-07
3.295852361e-07
3.366504225e-07
3.52237157e-07
4.317739971e-07
8.393832907e-05
0.0001310499946
0.0002006527884
0.0002865525784
0.0004456856461
0.0006089746147
0.000926817836
0.001313270857
0.001727285017
0.002358372538
0.002613766246
0.00224610464
0.00168428527
0.0006026107313
0.0001889453699
4.937541391e-05
1.229875117e-05
3.51585164e-06
1.752726144e-06
1.423662324e-06
1.3721755e-06
1.362352751e-06
1.366198594e-06
1.354541535e-06
1.342151093e-06
1.322939522e-06
1.289297091e-06
1.231956198e-06
1.162100199e-06
1.078969833e-06
9.959947642e-07
9.055476221e-07
8.103572804e-07
7.109141016e-07
6.025931307e-07
5.119056299e-07
4.40599937e-07
3.869996807e-07
3.527111884e-07
3.344073267e-07
3.27459431e-07
3.28039279e-07
3.348545033e-07
3.501053694e-07
4.281212138e-07
5.979580524e-06
1.067224008e-05
1.93762417e-05
3.439536085e-05
5.874589634e-05
8.995562556e-05
0.0001765504584
0.0002594019718
0.0004293526993
0.0006170622228
0.0008687768127
0.001145691868
0.00152459626
0.001509784484
0.001275741811
0.000820363814
0.0002489314925
8.044261298e-05
2.096350998e-05
5.708343126e-06
2.231472557e-06
1.446389928e-06
1.397289932e-06
1.374571519e-06
1.374575612e-06
1.360890784e-06
1.344296202e-06
1.323530494e-06
1.281445783e-06
1.202161835e-06
1.124374195e-06
1.028649333e-06
9.361962857e-07
8.34988239e-07
7.307888203e-07
6.156445094e-07
5.223482309e-07
4.468419748e-07
3.89767256e-07
3.531774532e-07
3.335792887e-07
3.259862911e-07
3.262512653e-07
3.328533801e-07
3.478333743e-07
4.244273438e-07
8.686855503e-07
1.241515713e-06
2.082646626e-06
3.925021723e-06
7.751378029e-06
1.52969008e-05
2.954129727e-05
5.530128083e-05
9.185409854e-05
0.0001733995404
0.0002680181357
0.0003977571006
0.0005228857644
0.0007733081469
0.0009499478527
0.0008871760022
0.0007304046102
0.0003985531499
0.0001030232214
3.650251128e-05
1.025444531e-05
3.315439632e-06
1.760160778e-06
1.427404715e-06
1.387253304e-06
1.370767414e-06
1.359730757e-06
1.347405878e-06
1.323546493e-06
1.273672906e-06
1.172095927e-06
1.082099506e-06
9.775355983e-07
8.70729982e-07
7.582267558e-07
6.482460149e-07
5.376232398e-07
4.55889413e-07
3.939044888e-07
3.539840606e-07
3.325407903e-07
3.240646613e-07
3.239357835e-07
3.303125184e-07
3.450237218e-07
4.200191388e-07
5.44518739e-07
5.633958717e-07
6.100596873e-07
7.295603592e-07
1.034266364e-06
1.795899824e-06
3.619385606e-06
7.753577721e-06
1.655789246e-05
3.133884319e-05
6.37260509e-05
0.0001004511654
0.0001600286016
0.0002519890867
0.0003368554901
0.0004794467796
0.0005836606314
0.0005230911871
0.0004115802832
0.0002024806313
5.11422049e-05
1.779412691e-05
5.620542624e-06
2.306430451e-06
1.535232941e-06
1.425756769e-06
1.403818297e-06
1.371972838e-06
1.35248618e-06
1.322287589e-06
1.265503618e-06
1.145034031e-06
1.040382753e-06
9.214147714e-07
7.9991464e-07
6.747688842e-07
5.607060095e-07
4.694006532e-07
4.00482326e-07
3.555022347e-07
3.312192606e-07
3.213802799e-07
3.206516021e-07
3.266940636e-07
3.410217053e-07
4.137763928e-07
5.11386488e-07
5.130309561e-07
5.156808285e-07
5.173362526e-07
5.287385314e-07
5.465237542e-07
5.931020593e-07
7.226455995e-07
1.079892035e-06
2.037227928e-06
4.324885235e-06
9.678067587e-06
1.973693626e-05
3.385780182e-05
6.709182947e-05
9.844305872e-05
0.0001660160244
0.0002163964201
0.0003109363261
0.0003403948488
0.0002954539918
0.0002281928083
0.0001012555728
2.527506318e-05
8.825215893e-06
3.20848263e-06
1.789387585e-06
1.428695019e-06
1.412060923e-06
1.390913856e-06
1.361781387e-06
1.323062477e-06
1.251635543e-06
1.118545804e-06
9.940214698e-07
8.578195257e-07
7.203732378e-07
5.902679013e-07
4.895146646e-07
4.110253127e-07
3.583868781e-07
3.296874772e-07
3.177129927e-07
3.160522232e-07
3.215970408e-07
3.353822245e-07
4.050497353e-07
4.719118885e-07
4.728019917e-07
4.739028673e-07
4.752112087e-07
4.768441958e-07
4.787605153e-07
4.813004518e-07
4.857264043e-07
4.894775781e-07
5.272972365e-07
5.91292702e-07
7.797691499e-07
1.312476813e-06
2.653462443e-06
5.6665203e-06
1.172851684e-05
2.388879674e-05
4.058117972e-05
6.533581488e-05
0.0001032117545
0.0001571656039
0.0002099705206
0.0002089350915
0.0001683343605
0.0001231446046
4.653442441e-05
1.217774035e-05
4.170622169e-06
2.068860342e-06
1.449053337e-06
1.399301797e-06
1.392970413e-06
1.365045897e-06
1.321124281e-06
1.231677225e-06
1.086628841e-06
9.419487205e-07
7.833337419e-07
6.423059998e-07
5.190998832e-07
4.276541765e-07
3.638559744e-07
3.282515267e-07
3.128721163e-07
3.097314358e-07
3.145268411e-07
3.2755306e-07
3.93069487e-07
4.35107401e-07
4.360075322e-07
4.369349859e-07
4.382696028e-07
4.395950496e-07
4.415738881e-07
4.434693872e-07
4.464178526e-07
4.49162781e-07
4.53553318e-07
4.605109153e-07
4.688870156e-07
5.286922698e-07
6.386472851e-07
9.491105996e-07
1.760456109e-06
3.715674618e-06
7.811357568e-06
1.368505197e-05
2.75125646e-05
4.350299273e-05
6.690212105e-05
0.0001124440275
0.000137056143
0.0001288032826
9.785439713e-05
6.570864222e-05
1.921963463e-05
5.39691032e-06
2.290432311e-06
1.554284942e-06
1.406334734e-06
1.389227759e-06
1.371396727e-06
1.31462774e-06
1.205373012e-06
1.043576134e-06
8.743186206e-07
6.996013013e-07
5.644827213e-07
4.521986093e-07
3.7397646e-07
3.277306082e-07
3.068362661e-07
3.01284593e-07
3.04930528e-07
3.169072974e-07
3.770137323e-07
3.927349562e-07
3.929350465e-07
3.931605953e-07
3.934481307e-07
3.93772302e-07
3.941883598e-07
3.946571629e-07
3.952586035e-07
3.959507759e-07
3.968152617e-07
3.97947747e-07
3.991385175e-07
4.027665447e-07
4.053158161e-07
4.406623916e-07
5.03697743e-07
6.898366344e-07
1.191478509e-06
2.343760734e-06
4.929898435e-06
9.884252278e-06
1.632663216e-05
2.982559424e-05
4.418183395e-05
7.558181139e-05
8.598818417e-05
7.481025373e-05
5.255819556e-05
2.602062011e-05
6.758640656e-06
2.424210056e-06
1.566810522e-06
1.373888938e-06
1.367493002e-06
1.349878111e-06
1.299346958e-06
1.170350208e-06
9.891198175e-07
7.83815372e-07
6.210123972e-07
4.875139659e-07
3.913505642e-07
3.297803207e-07
3.00014415e-07
2.904540604e-07
2.922899889e-07
3.028285898e-07
3.56184019e-07
3.782962124e-07
3.783788457e-07
3.784940837e-07
3.786058384e-07
3.787695658e-07
3.789193315e-07
3.791482109e-07
3.793446131e-07
3.796594927e-07
3.799118547e-07
3.803421377e-07
3.806619271e-07
3.812802675e-07
3.816451948e-07
3.83266539e-07
3.84605821e-07
3.9635809e-07
4.313032167e-07
5.370426491e-07
8.336556687e-07
1.557747332e-06
3.097817774e-06
6.173438557e-06
1.005362173e-05
2.002095614e-05
2.846787074e-05
4.929337399e-05
4.987592039e-05
3.923491929e-05
2.502439816e-05
8.001867707e-06
2.946550986e-06
1.631162938e-06
1.341633667e-06
1.329635295e-06
1.312685398e-06
1.252023473e-06
1.118644965e-06
9.33504584e-07
7.215057535e-07
5.490394181e-07
4.199409326e-07
3.382964207e-07
2.941227265e-07
2.775413105e-07
2.763461003e-07
2.848934862e-07
3.302436656e-07
3.593671659e-07
3.59662561e-07
3.600492714e-07
3.604716272e-07
3.609991225e-07
3.615568159e-07
3.622658487e-07
3.629958383e-07
3.638814626e-07
3.647320595e-07
3.656144272e-07
3.663784962e-07
3.671143295e-07
3.675529928e-07
3.679471833e-07
3.681609887e-07
3.683982831e-07
3.689533918e-07
3.703097216e-07
3.925546792e-07
4.565121448e-07
6.446720092e-07
1.130968577e-06
2.175926487e-06
4.057076967e-06
7.983530771e-06
1.310667975e-05
2.326726775e-05
3.35250319e-05
3.08123335e-05
1.676841626e-05
4.30842736e-06
1.885634721e-06
1.32712377e-06
1.288844178e-06
1.288212976e-06
1.259512215e-06
1.158547411e-06
1.007375776e-06
8.039750658e-07
5.889029712e-07
4.396117249e-07
3.380717101e-07
2.821064454e-07
2.603525788e-07
2.569206259e-07
2.636487922e-07
3.008901393e-07
3.271530541e-07
3.274093551e-07
3.277395247e-07
3.281126277e-07
3.285546779e-07
3.290458136e-07
3.296340945e-07
3.302870791e-07
3.310885377e-07
3.319716951e-07
3.330352595e-07
3.341654503e-07
3.354948851e-07
3.36811325e-07
3.382651728e-07
3.394534633e-07
3.407485813e-07
3.417309829e-07
3.435566919e-07
3.461324448e-07
3.535353518e-07
3.584217794e-07
4.292617653e-07
5.683593371e-07
9.580113289e-07
1.660994037e-06
3.34936207e-06
5.707874723e-06
1.086064876e-05
2.229906508e-05
2.150058632e-05
1.16634521e-05
2.536661902e-06
1.427956791e-06
1.276000411e-06
1.291651857e-06
1.264811759e-06
1.170126221e-06
1.022523309e-06
8.267074592e-07
6.463425969e-07
4.579172609e-07
3.379094337e-07
2.691220055e-07
2.409663848e-07
2.345612323e-07
2.390569121e-07
2.677354352e-07
2.213206611e-07
2.213925511e-07
2.215241111e-07
2.216258053e-07
2.218056669e-07
2.219336689e-07
2.22179315e-07
2.223431556e-07
2.226816917e-07
2.228953457e-07
2.233776828e-07
2.236854619e-07
2.244200261e-07
2.249189339e-07
2.261147971e-07
2.269647377e-07
2.288727091e-07
2.301622845e-07
2.329946432e-07
2.340909349e-07
2.35948209e-07
2.380653124e-07
2.405416303e-07
2.617739318e-07
2.999541813e-07
3.96834941e-07
6.464270114e-07
1.199776157e-06
2.442919151e-06
4.917421716e-06
7.659412572e-06
1.019701396e-05
8.77241043e-06
4.334975091e-06
1.820798337e-06
1.284915488e-06
1.192636484e-06
1.186636667e-06
1.117806446e-06
9.780832376e-07
7.834157246e-07
5.720174874e-07
3.922679557e-07
2.886816533e-07
2.33205607e-07
2.136034365e-07
2.124529119e-07
2.316313488e-07
)
;

boundaryField
{
    duvar
    {
        type            kqRWallFunction;
        value           nonuniform List<scalar> 
404
(
0.0008523205979
0.0008278782538
0.0008113216449
0.0008035809647
0.0008048849315
0.0008157671883
0.000837560409
0.0008686249476
0.0009029446131
0.0009325876765
0.000949239359
0.0009480915034
0.0009263655892
0.0008875448574
0.0008408000224
0.0008005222078
0.0007806878087
0.0007970018149
0.0008607983726
0.000968692426
0.001118362199
0.001277948708
0.0007845796636
0.0008814541524
0.001378431515
0.001181552296
0.001076799753
0.001002392004
0.0009439040809
0.0009013882598
0.0008697917735
0.0008481381933
0.0008354884757
0.0008309860833
0.0008343245308
0.0008458217809
0.0008660058833
0.0008930390307
0.0009209473586
0.0009438429934
0.0009548724763
0.0009494349986
0.0009252016635
0.0008863481479
0.000842904828
0.0008086007175
0.0007987719983
0.0008356980039
0.0009245126392
0.001060425487
0.001212130887
0.0008256694198
0.002334452508
0.001855409479
0.001517725893
0.00129104453
0.001158968216
0.00107184454
0.001007316469
0.0009595408521
0.0009234686663
0.0008971005629
0.0008800231982
0.0008709326484
0.0008692841011
0.0008744116757
0.0008864768026
0.0009045280114
0.0009266291616
0.0009485288551
0.0009659136586
0.000973754042
0.0009682276088
0.0009513456006
0.0009283885301
0.0009111738413
0.0009179175242
0.0009757537538
0.00109536985
0.001279556825
0.001508132004
0.003945883669
0.003142705054
0.002512316415
0.002020298846
0.001657135764
0.001416031968
0.001244581871
0.001144056583
0.001072149255
0.001017701027
0.0009769170828
0.0009479186438
0.0009278428322
0.0009161922359
0.0009120166076
0.0009137551508
0.0009195238231
0.0009284535665
0.0009411956696
0.0009564917819
0.0009708795476
0.0009803773648
0.0009810327563
0.0009728062752
0.0009593418971
0.0009496101121
0.0009600785315
0.00101114452
0.001113560237
0.001270813362
0.001460541316
0.005111353098
0.004124258766
0.003333618433
0.002708144666
0.002210119637
0.001826634991
0.001564505772
0.001369404886
0.001239009376
0.001155646543
0.001093464338
0.001045614297
0.001009840956
0.000983485463
0.0009642377224
0.0009501153387
0.0009395389212
0.0009311512973
0.0009246802581
0.0009208825776
0.0009209063639
0.0009241907199
0.0009267961976
0.0009235036199
0.0009124456021
0.0008913411006
0.0008644578334
0.007905538948
0.00649843594
0.005268227986
0.004303479796
0.003520644606
0.002889983647
0.002380465971
0.001980630157
0.001695853712
0.001482453139
0.001328183521
0.001222939774
0.001154393516
0.001104717928
0.001065721015
0.001034902062
0.001010475425
0.0009904483492
0.0009728930994
0.0009566007881
0.0009416366215
0.0009292751589
0.0009217345943
0.000919604969
0.0009207430668
0.009244760035
0.007964932383
0.006608883349
0.005401183204
0.004468759535
0.003708333465
0.003090874089
0.002580349065
0.002174447283
0.001879437941
0.001648400063
0.001468424471
0.001342548282
0.001254992635
0.001195017479
0.001151146685
0.001116661709
0.001089604251
0.001068377328
0.001050340601
0.001033504315
0.001016296799
0.0009984519031
0.00906397541
0.009604791014
0.009250993059
0.008061934297
0.006758419127
0.005568536921
0.004645878707
0.003889252406
0.00326401764
0.002731728293
0.002311043802
0.002001588648
0.001752928648
0.001558443741
0.001419213844
0.001323967398
0.001250753247
0.001195719289
0.001154074951
0.00112326899
0.001100635181
0.001085353746
0.001071268183
0.02481670548
0.0220701363
0.01829822134
0.0143827165
0.01052152534
0.008044515404
0.008686533013
0.00930375876
0.009232915081
0.008120731586
0.006841713828
0.00565298569
0.004754965367
0.004038905544
0.003445335343
0.002932222566
0.002520896167
0.002208548379
0.001957942622
0.001758499635
0.001599552
0.001476118244
0.001388077031
0.001324483614
0.001278772115
0.001242938374
0.001216290081
0.001194378564
0.01340789163
0.01447763649
0.01592552905
0.01715369262
0.0194637282
0.02193116823
0.02461403044
0.02668493378
0.02655026944
0.02497011517
0.02207778848
0.01817732299
0.01405369074
0.0101179875
0.007207857356
0.008095666529
0.008927769592
0.009184341164
0.008224985918
0.007007560964
0.005870105428
0.004982022293
0.004243468042
0.003623740398
0.003074135261
0.002633537694
0.002291859803
0.002018480327
0.001800191496
0.001627156972
0.001496448206
0.001403916191
0.001335346301
0.001286521144
0.001249023201
0.001222145582
0.01198400353
0.01309154515
0.01432056677
0.01579995507
0.01801986331
0.0205529391
0.02331159585
0.0257268378
0.02594484428
0.02461127437
0.02193963535
0.0182148327
0.01413302549
0.01020511309
0.006935492615
0.007616466004
0.008629512375
0.009063855881
0.008194179153
0.006982069573
0.005872921201
0.005034802602
0.004378345873
0.003826300868
0.003354242118
0.00297082566
0.002643103998
0.002364170949
0.002143838892
0.00196755881
0.001826647494
0.001714402828
0.001624799256
0.001552154211
0.001495242532
0.01349017362
0.01489297968
0.01620157263
0.01843603724
0.02120870833
0.02402154937
0.02653590998
0.02651403075
0.02491139208
0.02189766654
0.01794095157
0.01370080842
0.009477450403
0.006503187947
0.00716356143
0.008380377552
0.008997143788
0.008382194191
0.007311225648
0.006339134206
0.005475834007
0.004726041817
0.004082219857
0.003497696403
0.003025768718
0.002635467766
0.002324172079
0.002092452715
0.001920646537
0.001775132037
0.001653423465
0.001552460016
0.00147248949
0.010048812
0.0111873708
0.01266048341
0.0146654905
0.01709555443
0.01997125042
0.0226577708
0.02407748545
0.0234595981
0.02147055423
0.01847590502
0.01510317212
0.01165934832
0.008316168688
0.007761937183
0.008475247634
0.008976712173
0.008423154949
0.007430629501
0.006541554063
0.005842477241
0.005337250045
0.004933346507
0.004580687656
0.004259762458
0.003969212035
0.003699575306
0.003456813026
0.003239221476
0.00305035816
0.002879308299
0.002731261887
0.01779767968
0.01928424955
0.02147128244
0.02354006974
0.02763371211
0.02895962929
0.0287777532
0.02679723894
0.02314985259
0.01834185959
0.01360786724
0.009384789848
0.00603672606
0.006302613901
0.00771782974
0.008372333692
0.008194431206
0.007326743739
0.006208428576
0.005117353404
0.004114076894
0.003287192935
0.002596577024
0.002197771655
0.001906387765
0.001639937954
0.001400724592
0.001208541575
0.001176560192
0.001248894109
)
;
    }
    disalan
    {
        type            freestream;
        freestreamValue uniform 1.5e-06;
        value           nonuniform List<scalar> 
655
(
5.104940189e-07
5.057923801e-07
5.01168231e-07
4.966184568e-07
4.921423284e-07
4.877367097e-07
4.834009094e-07
4.791316882e-07
4.749283094e-07
4.70787325e-07
4.667077942e-07
4.626845875e-07
4.587168128e-07
4.54799942e-07
4.509346184e-07
4.471172753e-07
4.433487596e-07
4.396117105e-07
4.358657477e-07
4.320844467e-07
4.282575766e-07
4.238321372e-07
4.178297377e-07
4.097644565e-07
4.012356763e-07
3.850509997e-07
3.700911749e-07
3.495877271e-07
3.280944655e-07
2.921854967e-07
2.705692789e-07
2.12385736e-07
5.10373174e-07
5.056812863e-07
5.010666329e-07
4.965261107e-07
4.920590106e-07
4.876622144e-07
4.83335054e-07
4.790743185e-07
4.748793013e-07
4.707465974e-07
4.666753115e-07
4.626618021e-07
4.58705046e-07
4.548012931e-07
4.509490481e-07
4.47144942e-07
4.433898039e-07
4.396667418e-07
4.359357881e-07
4.321674364e-07
4.283550594e-07
4.240332925e-07
4.181503083e-07
4.102162417e-07
4.002582287e-07
3.898961454e-07
3.663410331e-07
3.518444746e-07
3.294231079e-07
2.93033636e-07
2.709580436e-07
2.123882977e-07
5.117147314e-07
5.07017238e-07
5.023969834e-07
4.97850811e-07
4.933780858e-07
4.889756367e-07
4.846428785e-07
4.803765508e-07
4.761760416e-07
4.720379047e-07
4.679613562e-07
4.639427285e-07
4.599811338e-07
4.560728197e-07
4.522174956e-07
4.484125805e-07
4.446579025e-07
4.409364988e-07
4.372046962e-07
4.334363274e-07
4.296253816e-07
4.253877982e-07
4.195992713e-07
4.117647584e-07
4.016816887e-07
3.921529059e-07
3.694369516e-07
3.536533945e-07
3.307985942e-07
2.943229072e-07
2.721495416e-07
2.129984104e-07
5.1163276e-07
5.069419872e-07
5.023282638e-07
4.977884501e-07
4.933219194e-07
4.889255223e-07
4.845986857e-07
4.80338178e-07
4.761434074e-07
4.720109676e-07
4.679401084e-07
4.63927219e-07
4.599714668e-07
4.560691813e-07
4.522201545e-07
4.484219222e-07
4.446744409e-07
4.409609763e-07
4.372381797e-07
4.334801545e-07
4.296810909e-07
4.2553526e-07
4.198531689e-07
4.121365846e-07
4.021048606e-07
3.925911905e-07
3.70988774e-07
3.542635183e-07
3.312536945e-07
2.947547249e-07
2.725232286e-07
2.130841442e-07
5.100791874e-07
5.054113963e-07
5.008202081e-07
4.963025088e-07
4.918576841e-07
4.874826135e-07
4.83176741e-07
4.789368698e-07
4.747624326e-07
4.706500696e-07
4.665990679e-07
4.626058803e-07
4.586697305e-07
4.54787034e-07
4.509576611e-07
4.471792528e-07
4.434518843e-07
4.397591078e-07
4.360581354e-07
4.323234556e-07
4.285494636e-07
4.245056673e-07
4.189455863e-07
4.113699586e-07
4.015545518e-07
3.919355643e-07
3.695064858e-07
3.541789936e-07
3.315399636e-07
2.950831601e-07
2.72574421e-07
2.129096849e-07
5.147626508e-07
5.100211838e-07
5.05356918e-07
5.007691456e-07
4.962547658e-07
4.918131703e-07
4.874412559e-07
4.83138476e-07
4.789016565e-07
4.747302475e-07
4.706209202e-07
4.665729916e-07
4.625829606e-07
4.586500994e-07
4.547708943e-07
4.50945291e-07
4.471710388e-07
4.43448333e-07
4.397609083e-07
4.360661897e-07
4.323388777e-07
4.285735759e-07
4.246102975e-07
4.191440379e-07
4.116727681e-07
4.019342793e-07
3.915223054e-07
3.745727894e-07
3.543633656e-07
3.320796701e-07
2.956647487e-07
2.730254853e-07
2.130423082e-07
5.147105932e-07
5.099720491e-07
5.053106148e-07
5.007255816e-07
4.962138652e-07
4.917748593e-07
4.874054791e-07
4.831051832e-07
4.788708225e-07
4.747018573e-07
4.705949937e-07
4.665495697e-07
4.625621344e-07
4.586319979e-07
4.547557207e-07
4.509333145e-07
4.471626369e-07
4.43443996e-07
4.397611902e-07
4.360720513e-07
4.323513694e-07
4.285939495e-07
4.247071423e-07
4.193302626e-07
4.119587625e-07
4.034334794e-07
3.889610129e-07
3.755601747e-07
3.547013937e-07
3.326583404e-07
2.961713943e-07
2.732993664e-07
2.130538471e-07
5.161689249e-07
5.11414682e-07
5.06737796e-07
5.021374963e-07
4.976107611e-07
4.931569219e-07
4.887729621e-07
4.844582794e-07
4.802097996e-07
4.76026926e-07
4.719064499e-07
4.678476594e-07
4.638472051e-07
4.59904363e-07
4.560138068e-07
4.52176414e-07
4.48389422e-07
4.446544085e-07
4.40955499e-07
4.372541034e-07
4.335255154e-07
4.297612976e-07
4.259191996e-07
4.2060811e-07
4.133053144e-07
4.035338313e-07
3.946997693e-07
3.730241739e-07
3.569206808e-07
3.337540626e-07
2.969051371e-07
2.738152199e-07
2.132296958e-07
5.161222649e-07
5.113709775e-07
5.066969658e-07
5.020994329e-07
4.975753984e-07
4.931241684e-07
4.887427712e-07
4.844305812e-07
4.801845747e-07
4.760041366e-07
4.718861177e-07
4.678297965e-07
4.638307416e-07
4.598879387e-07
4.559975923e-07
4.521607276e-07
4.483747814e-07
4.446413149e-07
4.409446943e-07
4.372462852e-07
4.335216845e-07
4.29765307e-07
4.259502126e-07
4.207238649e-07
4.135168589e-07
4.041679403e-07
3.936707619e-07
3.769775379e-07
3.552736145e-07
3.334013606e-07
2.969584657e-07
2.738205055e-07
2.130967898e-07
5.145647219e-07
5.098346066e-07
5.051813531e-07
5.006042105e-07
4.961001809e-07
4.916686186e-07
4.873065355e-07
4.830133583e-07
4.7878605e-07
4.746240547e-07
4.705242165e-07
4.664858852e-07
4.625055655e-07
4.585813531e-07
4.547094692e-07
4.508910402e-07
4.471235302e-07
4.434086331e-07
4.397308823e-07
4.360521362e-07
4.323482387e-07
4.286134649e-07
4.248216504e-07
4.196967975e-07
4.126098103e-07
4.030695699e-07
3.943942888e-07
3.723629942e-07
3.569405391e-07
3.339155462e-07
2.971455685e-07
2.738385792e-07
2.129761777e-07
5.144946845e-07
5.097697231e-07
5.051214797e-07
5.005492105e-07
4.960499258e-07
4.916229882e-07
4.872654199e-07
4.829766591e-07
4.787536832e-07
4.745959531e-07
4.705003344e-07
4.664662033e-07
4.624903222e-07
4.5857159e-07
4.54705186e-07
4.508923489e-07
4.471305576e-07
4.434216556e-07
4.397502796e-07
4.36078624e-07
4.323826634e-07
4.2865619e-07
4.248740114e-07
4.198294543e-07
4.128342558e-07
4.033983293e-07
3.947646088e-07
3.716890123e-07
3.570575871e-07
3.341253504e-07
2.97370224e-07
2.739563287e-07
2.129173499e-07
5.159423687e-07
5.112055554e-07
5.065455966e-07
5.019617308e-07
4.974509871e-07
4.93012712e-07
4.886439491e-07
4.843441227e-07
4.80110236e-07
4.75941741e-07
4.718355357e-07
4.677909954e-07
4.638049269e-07
4.598766601e-07
4.560009665e-07
4.521791219e-07
4.484087004e-07
4.446916225e-07
4.410126438e-07
4.3733398e-07
4.336317159e-07
4.298996897e-07
4.261129636e-07
4.211276334e-07
4.141959586e-07
4.060343159e-07
3.922351848e-07
3.772159471e-07
3.572490916e-07
3.352568659e-07
2.985394507e-07
2.749292397e-07
2.134017123e-07
5.158903246e-07
5.111582528e-07
5.065028799e-07
5.01923488e-07
4.974170765e-07
4.92983038e-07
4.886183872e-07
4.843225979e-07
4.800926466e-07
4.75928041e-07
4.718256579e-07
4.677849384e-07
4.638026771e-07
4.598783799e-07
4.560080668e-07
4.521916689e-07
4.484267865e-07
4.447154669e-07
4.410425795e-07
4.373706526e-07
4.336759146e-07
4.299514433e-07
4.261735353e-07
4.212631912e-07
4.144178092e-07
4.053549988e-07
3.954123684e-07
3.790292021e-07
3.575698682e-07
3.356436326e-07
2.990283652e-07
2.753391029e-07
2.135337904e-07
5.15834194e-07
5.111079737e-07
5.064583008e-07
5.018844426e-07
4.973834281e-07
4.929546355e-07
4.885951116e-07
4.843043176e-07
4.800792663e-07
4.759194572e-07
4.718218097e-07
4.677857644e-07
4.638081698e-07
4.59888543e-07
4.560238814e-07
4.522145673e-07
4.484582989e-07
4.447555296e-07
4.410914474e-07
4.374288297e-07
4.337414958e-07
4.300250068e-07
4.262563453e-07
4.214195073e-07
4.146591831e-07
4.055736439e-07
3.936136458e-07
3.821816772e-07
3.586942335e-07
3.360916708e-07
2.993427601e-07
2.755544399e-07
2.135371314e-07
5.157999595e-07
5.110768114e-07
5.064301194e-07
5.01859156e-07
4.973609548e-07
4.92934901e-07
4.885780475e-07
4.842898652e-07
4.800673769e-07
4.759100957e-07
4.718149573e-07
4.677814238e-07
4.638063702e-07
4.598893484e-07
4.560273982e-07
4.522209573e-07
4.484672613e-07
4.44767405e-07
4.411066531e-07
4.374479773e-07
4.33765986e-07
4.300558086e-07
4.26294623e-07
4.215271795e-07
4.148470852e-07
4.067045329e-07
3.936256036e-07
3.78809792e-07
3.589588889e-07
3.368832186e-07
3.000227807e-07
2.75999421e-07
2.136812265e-07
5.157924444e-07
5.110736382e-07
5.064311605e-07
5.018642889e-07
4.973700649e-07
4.929478797e-07
4.88594795e-07
4.843102908e-07
4.800914012e-07
4.759376522e-07
4.718459969e-07
4.678159179e-07
4.638443169e-07
4.599307788e-07
4.560723855e-07
4.522696257e-07
4.485211351e-07
4.448279021e-07
4.411739996e-07
4.375214562e-07
4.33845297e-07
4.301419235e-07
4.263887225e-07
4.216895444e-07
4.15088793e-07
4.062756403e-07
3.96640057e-07
3.801341341e-07
3.588647991e-07
3.36971742e-07
3.002775364e-07
2.762093453e-07
2.136908148e-07
5.141894399e-07
5.094926504e-07
5.04871758e-07
5.003261005e-07
4.958526837e-07
4.914509612e-07
4.871179588e-07
4.828532224e-07
4.786537514e-07
4.745191441e-07
4.704463226e-07
4.66434851e-07
4.624816072e-07
4.585862708e-07
4.547459102e-07
4.509611219e-07
4.472305352e-07
4.4355541e-07
4.399211347e-07
4.362874255e-07
4.326310798e-07
4.289486687e-07
4.252178666e-07
4.206032064e-07
4.141054068e-07
4.051142495e-07
3.971363151e-07
3.739380004e-07
3.599546878e-07
3.370363227e-07
3.00064775e-07
2.758596983e-07
2.133295201e-07
5.141676331e-07
5.094717192e-07
5.048516846e-07
5.003068332e-07
4.958342131e-07
4.914332435e-07
4.871009955e-07
4.828369812e-07
4.786382497e-07
4.745043673e-07
4.704323127e-07
4.664216235e-07
4.624692451e-07
4.585748404e-07
4.547355633e-07
4.509520125e-07
4.472229313e-07
4.435496153e-07
4.399162516e-07
4.36285364e-07
4.326325034e-07
4.289544295e-07
4.252289808e-07
4.206759528e-07
4.142497645e-07
4.063422448e-07
3.935802203e-07
3.787709619e-07
3.592767314e-07
3.373032011e-07
3.004777239e-07
2.761298661e-07
2.133764478e-07
5.141855031e-07
5.094901276e-07
5.048705929e-07
5.003261922e-07
4.958539922e-07
4.914534027e-07
4.871215153e-07
4.82857834e-07
4.786594319e-07
4.745258703e-07
4.704541571e-07
4.664438314e-07
4.624918768e-07
4.585979692e-07
4.547593162e-07
4.509765498e-07
4.472474667e-07
4.435730639e-07
4.399390435e-07
4.363092914e-07
4.326595143e-07
4.289853358e-07
4.25264777e-07
4.20771377e-07
4.144145582e-07
4.055552176e-07
3.976370408e-07
3.746873681e-07
3.609606987e-07
3.379288074e-07
3.009145636e-07
2.763339142e-07
2.134725553e-07
5.139524772e-07
5.091610171e-07
5.044538932e-07
4.998290045e-07
4.952842909e-07
4.908177425e-07
4.86427392e-07
4.821112964e-07
4.778675385e-07
4.736942056e-07
4.695893903e-07
4.655511339e-07
4.615776013e-07
4.57666983e-07
4.538178217e-07
4.500293947e-07
4.463021951e-07
4.426364601e-07
4.390188472e-07
4.354053115e-07
4.317739971e-07
4.281212138e-07
4.244273438e-07
4.200191388e-07
4.137763928e-07
4.050497353e-07
3.93069487e-07
3.770137323e-07
3.56184019e-07
3.302436656e-07
3.008901393e-07
2.677354352e-07
2.316313488e-07
)
;
    }
    cikis
    {
        type            zeroGradient;
    }
    kok
    {
        type            symmetryPlane;
    }
    uc
    {
        type            freestream;
        freestreamValue uniform 1.5e-06;
        value           nonuniform List<scalar> 
3420
(
2.21227093e-07
2.211546448e-07
2.210432205e-07
2.209334538e-07
2.208014758e-07
2.206674962e-07
2.205103197e-07
3.269213154e-07
3.266694001e-07
3.263685646e-07
3.260320962e-07
3.256372457e-07
3.252065171e-07
3.590887588e-07
3.587940352e-07
3.584290929e-07
3.580214661e-07
3.575294602e-07
3.569892679e-07
3.782081453e-07
3.781203727e-07
3.78000789e-07
3.778669151e-07
3.92561803e-07
3.923637846e-07
3.921353872e-07
4.343944528e-07
3.658743509e-07
3.712430589e-07
3.665873461e-07
3.752426492e-07
3.734932199e-07
3.711499323e-07
3.665752865e-07
3.767333071e-07
3.751212113e-07
3.733599234e-07
3.71074182e-07
3.666372602e-07
3.782098123e-07
3.766726247e-07
3.750261242e-07
3.732440926e-07
3.709870048e-07
3.666962429e-07
3.808112598e-07
3.795997207e-07
3.781899301e-07
3.766250103e-07
3.749549041e-07
3.731488255e-07
3.708915034e-07
3.66727514e-07
3.818542855e-07
3.808141399e-07
3.795949753e-07
3.781734352e-07
3.76590344e-07
3.749023413e-07
3.730738511e-07
3.708347686e-07
3.666049821e-07
3.836279339e-07
3.827716658e-07
3.818614096e-07
3.808201926e-07
3.795934114e-07
3.781589225e-07
3.765606617e-07
3.748391153e-07
3.729074538e-07
3.703607603e-07
3.664127361e-07
3.845364312e-07
3.83635147e-07
3.827805018e-07
3.818723296e-07
3.808295122e-07
3.795943255e-07
3.781450276e-07
3.765245232e-07
3.747594804e-07
3.727170488e-07
3.700481049e-07
3.662120558e-07
3.855635835e-07
3.845504463e-07
3.836490148e-07
3.827964757e-07
3.818903454e-07
3.808451548e-07
3.796013541e-07
3.781406074e-07
3.765000173e-07
3.746829143e-07
3.725789975e-07
3.699667332e-07
3.662391915e-07
3.885840429e-07
3.868795381e-07
3.855925041e-07
3.845744318e-07
3.836742173e-07
3.828248837e-07
3.819207112e-07
3.808719183e-07
3.79619221e-07
3.781396485e-07
3.764441126e-07
3.744446037e-07
3.722401973e-07
3.699738008e-07
3.661503383e-07
3.912161793e-07
3.886357236e-07
3.869291917e-07
3.856367475e-07
3.846144574e-07
3.837171601e-07
3.828729691e-07
3.819724568e-07
3.809217582e-07
3.796624458e-07
3.781697354e-07
3.764571609e-07
3.744958416e-07
3.721990342e-07
3.693786133e-07
3.641884337e-07
4.014508777e-07
3.939229915e-07
3.912978031e-07
3.887150131e-07
3.870043868e-07
3.857029198e-07
3.846784849e-07
3.837883399e-07
3.82953299e-07
3.820595987e-07
3.810096902e-07
3.797481353e-07
3.782448528e-07
3.765069277e-07
3.744831951e-07
3.720620457e-07
1.5e-06
1.5e-06
5.36668826e-07
4.286310164e-07
4.013778634e-07
3.94019628e-07
3.914226995e-07
3.888307523e-07
3.871096743e-07
3.858031385e-07
3.847810653e-07
3.839023276e-07
3.830814365e-07
3.822003334e-07
3.811616616e-07
3.799115823e-07
3.784374819e-07
3.767873458e-07
3.750416554e-07
1.5e-06
1.5e-06
1.5e-06
0.0005107840278
4.828765943e-06
5.375104867e-07
4.282173648e-07
4.017044788e-07
3.942413661e-07
3.91605243e-07
3.890028362e-07
3.872698858e-07
3.859532673e-07
3.849376293e-07
3.84080644e-07
3.832890027e-07
3.824470012e-07
3.814768504e-07
3.803839775e-07
3.793034373e-07
1.5e-06
1.5e-06
1.5e-06
1.5e-06
1.5e-06
0.01779767968
0.0005762573265
5.567952314e-06
5.35628268e-07
4.278118648e-07
4.015896387e-07
3.944597128e-07
3.919113206e-07
3.892628145e-07
3.874935498e-07
3.861785747e-07
3.851826761e-07
3.843713575e-07
3.83665325e-07
3.830016422e-07
3.824434892e-07
1.5e-06
1.5e-06
1.5e-06
1.5e-06
1.5e-06
1.5e-06
1.5e-06
0.01928424955
0.0006510714331
6.298189077e-06
5.446385504e-07
4.304468493e-07
4.029731888e-07
3.951781006e-07
3.923361766e-07
3.89630868e-07
3.878346067e-07
3.865189198e-07
3.855778101e-07
3.849307257e-07
3.846181182e-07
1.5e-06
1.5e-06
1.5e-06
1.5e-06
1.5e-06
1.5e-06
1.5e-06
1.5e-06
1.5e-06
0.02147128244
0.0008070745925
8.077354005e-06
5.469466575e-07
4.303570718e-07
4.026977356e-07
3.955125851e-07
3.930293942e-07
3.901923553e-07
3.883412577e-07
3.871380239e-07
1.5e-06
1.5e-06
1.5e-06
1.5e-06
1.5e-06
1.5e-06
1.5e-06
1.5e-06
1.5e-06
1.5e-06
1.5e-06
1.5e-06
1.5e-06
0.02354006974
1.5e-06
1.095324917e-05
1.5e-06
1.5e-06
1.5e-06
1.5e-06
1.5e-06
1.5e-06
1.5e-06
1.5e-06
1.5e-06
1.5e-06
1.5e-06
1.5e-06
1.5e-06
1.5e-06
1.5e-06
1.5e-06
1.5e-06
1.5e-06
1.5e-06
1.5e-06
1.5e-06
1.5e-06
1.5e-06
1.5e-06
1.5e-06
1.5e-06
1.5e-06
1.5e-06
1.5e-06
1.5e-06
1.5e-06
1.5e-06
1.5e-06
1.5e-06
1.5e-06
1.5e-06
1.5e-06
1.5e-06
1.5e-06
1.5e-06
1.5e-06
1.5e-06
1.5e-06
1.5e-06
1.5e-06
1.5e-06
1.5e-06
1.5e-06
1.5e-06
1.5e-06
1.5e-06
1.5e-06
1.5e-06
1.5e-06
1.5e-06
1.5e-06
1.5e-06
1.5e-06
1.5e-06
1.5e-06
1.5e-06
1.5e-06
1.5e-06
1.5e-06
1.5e-06
1.5e-06
1.5e-06
1.5e-06
1.5e-06
1.5e-06
1.5e-06
1.5e-06
1.5e-06
1.5e-06
1.5e-06
1.5e-06
1.5e-06
1.5e-06
1.5e-06
1.5e-06
1.5e-06
1.5e-06
1.5e-06
1.5e-06
1.5e-06
1.5e-06
1.5e-06
1.5e-06
1.5e-06
1.5e-06
1.5e-06
1.5e-06
1.5e-06
1.5e-06
1.5e-06
1.5e-06
1.5e-06
1.5e-06
1.5e-06
1.5e-06
1.5e-06
1.5e-06
1.5e-06
1.5e-06
1.5e-06
1.5e-06
1.5e-06
1.5e-06
1.5e-06
1.5e-06
1.5e-06
1.5e-06
1.5e-06
1.5e-06
1.5e-06
1.5e-06
1.5e-06
1.5e-06
1.5e-06
1.5e-06
1.5e-06
1.5e-06
1.5e-06
1.5e-06
1.5e-06
1.5e-06
1.5e-06
1.5e-06
1.5e-06
1.5e-06
1.5e-06
1.5e-06
1.5e-06
1.5e-06
1.5e-06
1.5e-06
1.5e-06
1.5e-06
1.5e-06
1.5e-06
1.5e-06
1.5e-06
1.5e-06
1.5e-06
1.5e-06
1.5e-06
1.5e-06
1.5e-06
1.5e-06
1.5e-06
1.5e-06
1.5e-06
1.5e-06
1.5e-06
1.5e-06
1.5e-06
1.5e-06
1.5e-06
1.5e-06
1.5e-06
1.5e-06
1.5e-06
1.5e-06
1.5e-06
1.5e-06
1.5e-06
1.5e-06
1.5e-06
1.5e-06
1.5e-06
1.5e-06
1.5e-06
1.5e-06
1.5e-06
1.5e-06
1.5e-06
1.5e-06
1.5e-06
1.5e-06
1.5e-06
1.5e-06
1.5e-06
1.5e-06
1.5e-06
1.5e-06
1.5e-06
1.5e-06
1.5e-06
1.5e-06
1.5e-06
1.5e-06
1.5e-06
1.5e-06
1.5e-06
1.5e-06
1.5e-06
1.5e-06
1.5e-06
1.5e-06
1.5e-06
1.5e-06
1.5e-06
1.5e-06
1.5e-06
1.5e-06
1.5e-06
1.5e-06
1.5e-06
1.5e-06
1.5e-06
1.5e-06
1.5e-06
1.5e-06
1.5e-06
1.5e-06
1.5e-06
1.5e-06
1.5e-06
1.5e-06
1.5e-06
1.5e-06
1.5e-06
1.5e-06
1.5e-06
1.5e-06
1.5e-06
1.5e-06
1.5e-06
1.5e-06
1.5e-06
1.5e-06
1.5e-06
1.5e-06
1.5e-06
1.5e-06
1.5e-06
1.5e-06
1.5e-06
1.5e-06
1.5e-06
1.5e-06
1.5e-06
1.5e-06
1.5e-06
1.5e-06
1.5e-06
1.5e-06
1.5e-06
1.5e-06
1.5e-06
1.5e-06
1.5e-06
1.5e-06
1.5e-06
1.5e-06
1.5e-06
1.5e-06
1.5e-06
1.5e-06
1.5e-06
1.5e-06
1.5e-06
1.5e-06
1.5e-06
1.5e-06
1.5e-06
1.5e-06
1.5e-06
1.5e-06
1.5e-06
1.5e-06
1.5e-06
1.5e-06
1.5e-06
1.5e-06
1.5e-06
1.5e-06
1.5e-06
1.5e-06
1.5e-06
1.5e-06
1.5e-06
1.5e-06
1.5e-06
1.5e-06
1.5e-06
1.5e-06
1.5e-06
1.5e-06
1.5e-06
1.5e-06
1.5e-06
1.5e-06
1.5e-06
1.5e-06
1.5e-06
1.5e-06
1.5e-06
1.5e-06
1.5e-06
1.5e-06
1.5e-06
1.5e-06
1.5e-06
1.5e-06
1.5e-06
1.5e-06
1.5e-06
1.5e-06
1.5e-06
1.5e-06
1.5e-06
1.5e-06
1.5e-06
1.5e-06
1.5e-06
1.5e-06
1.5e-06
1.5e-06
1.5e-06
1.5e-06
1.5e-06
1.5e-06
1.5e-06
1.5e-06
1.5e-06
1.5e-06
1.5e-06
1.5e-06
1.5e-06
1.5e-06
1.5e-06
1.5e-06
1.5e-06
1.5e-06
1.5e-06
1.5e-06
1.5e-06
1.5e-06
1.5e-06
1.5e-06
1.5e-06
1.5e-06
1.5e-06
1.5e-06
1.5e-06
1.5e-06
1.5e-06
1.5e-06
1.5e-06
1.5e-06
1.5e-06
1.5e-06
1.5e-06
1.5e-06
1.5e-06
1.5e-06
1.5e-06
1.5e-06
1.5e-06
1.5e-06
1.5e-06
1.5e-06
1.5e-06
1.5e-06
1.5e-06
1.5e-06
1.5e-06
1.5e-06
1.5e-06
1.5e-06
1.5e-06
1.5e-06
1.5e-06
1.5e-06
1.5e-06
1.5e-06
1.5e-06
1.5e-06
1.5e-06
1.5e-06
1.5e-06
1.5e-06
1.5e-06
1.5e-06
1.5e-06
1.5e-06
1.5e-06
1.5e-06
1.5e-06
1.5e-06
1.5e-06
1.5e-06
1.5e-06
1.5e-06
1.5e-06
1.5e-06
1.5e-06
1.5e-06
1.5e-06
1.5e-06
1.5e-06
1.5e-06
1.5e-06
1.5e-06
1.5e-06
1.5e-06
1.5e-06
1.5e-06
1.5e-06
1.5e-06
1.5e-06
1.5e-06
1.5e-06
1.5e-06
1.5e-06
1.5e-06
1.5e-06
1.5e-06
1.5e-06
1.5e-06
1.5e-06
1.5e-06
1.5e-06
1.5e-06
1.5e-06
1.5e-06
1.5e-06
1.5e-06
1.5e-06
1.5e-06
1.5e-06
1.5e-06
1.5e-06
1.5e-06
1.5e-06
1.5e-06
1.5e-06
1.5e-06
1.5e-06
1.5e-06
1.5e-06
1.5e-06
1.5e-06
1.5e-06
1.5e-06
1.5e-06
1.5e-06
1.5e-06
1.5e-06
1.5e-06
1.5e-06
1.5e-06
1.5e-06
1.5e-06
1.5e-06
1.5e-06
1.5e-06
1.5e-06
1.5e-06
1.5e-06
1.5e-06
1.5e-06
1.5e-06
1.5e-06
1.5e-06
1.5e-06
1.5e-06
1.5e-06
1.5e-06
1.5e-06
1.5e-06
1.5e-06
1.5e-06
1.5e-06
1.5e-06
1.5e-06
1.5e-06
1.5e-06
1.5e-06
1.5e-06
1.5e-06
1.5e-06
1.5e-06
1.5e-06
1.5e-06
1.5e-06
1.5e-06
1.5e-06
1.5e-06
1.5e-06
1.5e-06
1.5e-06
1.5e-06
1.5e-06
1.5e-06
1.5e-06
1.5e-06
1.5e-06
1.5e-06
1.5e-06
1.5e-06
1.5e-06
1.5e-06
1.5e-06
1.5e-06
1.5e-06
1.5e-06
1.5e-06
1.5e-06
1.5e-06
1.5e-06
1.5e-06
0.002596577024
1.5e-06
1.5e-06
1.5e-06
1.5e-06
1.5e-06
1.5e-06
1.5e-06
1.5e-06
1.5e-06
1.5e-06
1.5e-06
1.5e-06
1.5e-06
1.5e-06
1.5e-06
1.5e-06
1.5e-06
1.5e-06
1.5e-06
1.5e-06
1.5e-06
1.5e-06
1.5e-06
1.5e-06
1.5e-06
1.5e-06
1.5e-06
1.5e-06
1.5e-06
1.5e-06
1.5e-06
1.5e-06
1.5e-06
0.002197771655
0.007265614821
1.5e-06
1.5e-06
1.5e-06
1.5e-06
1.5e-06
1.5e-06
1.5e-06
1.5e-06
1.5e-06
1.5e-06
1.5e-06
1.5e-06
1.5e-06
1.5e-06
1.5e-06
1.5e-06
1.5e-06
1.5e-06
1.5e-06
1.5e-06
1.5e-06
1.5e-06
1.5e-06
1.5e-06
1.5e-06
1.5e-06
1.5e-06
1.5e-06
1.5e-06
1.5e-06
1.5e-06
1.5e-06
0.001906387765
0.006557954938
0.008102379583
1.5e-06
1.5e-06
1.5e-06
1.5e-06
1.5e-06
1.5e-06
1.5e-06
1.5e-06
1.5e-06
1.5e-06
1.5e-06
1.5e-06
1.5e-06
1.5e-06
1.5e-06
1.5e-06
1.5e-06
1.5e-06
1.5e-06
1.5e-06
1.5e-06
1.5e-06
1.5e-06
1.5e-06
1.5e-06
1.5e-06
1.5e-06
1.5e-06
1.5e-06
1.5e-06
1.5e-06
1.5e-06
0.001639937954
0.005676400105
0.007741914628
0.008466566126
1.5e-06
1.5e-06
1.5e-06
1.5e-06
1.5e-06
1.5e-06
1.5e-06
1.5e-06
1.5e-06
1.5e-06
1.5e-06
1.5e-06
1.5e-06
1.5e-06
1.5e-06
1.5e-06
1.5e-06
1.5e-06
1.5e-06
1.5e-06
1.5e-06
1.5e-06
1.5e-06
1.5e-06
1.5e-06
1.5e-06
1.5e-06
1.5e-06
1.5e-06
1.5e-06
1.5e-06
1.5e-06
0.001400724592
0.004585833181
0.006955200047
0.008284111363
0.008477677768
1.5e-06
1.5e-06
1.5e-06
1.5e-06
1.5e-06
1.5e-06
1.5e-06
1.5e-06
1.5e-06
1.5e-06
1.5e-06
1.5e-06
1.5e-06
1.5e-06
1.5e-06
1.5e-06
1.5e-06
1.5e-06
1.5e-06
1.5e-06
1.5e-06
1.5e-06
1.5e-06
1.5e-06
1.5e-06
1.5e-06
1.5e-06
1.5e-06
1.5e-06
1.5e-06
1.5e-06
0.001208541575
0.003645778658
0.006209991734
0.008043846691
0.008626358963
1.5e-06
1.5e-06
1.5e-06
1.5e-06
1.5e-06
1.5e-06
1.5e-06
1.5e-06
1.5e-06
1.5e-06
1.5e-06
1.5e-06
1.5e-06
1.5e-06
1.5e-06
1.5e-06
1.5e-06
1.5e-06
1.5e-06
1.5e-06
1.5e-06
1.5e-06
1.5e-06
1.5e-06
1.5e-06
1.5e-06
1.5e-06
1.5e-06
1.5e-06
1.5e-06
1.5e-06
0.001176560192
0.003053180274
0.005606113168
0.007636800883
0.008608789079
1.5e-06
1.5e-06
1.5e-06
1.5e-06
1.5e-06
1.5e-06
1.5e-06
1.5e-06
1.5e-06
1.5e-06
1.5e-06
1.5e-06
1.5e-06
1.5e-06
1.5e-06
1.5e-06
1.5e-06
1.5e-06
1.5e-06
1.5e-06
1.5e-06
1.5e-06
1.5e-06
1.5e-06
1.5e-06
1.5e-06
1.5e-06
1.5e-06
1.5e-06
1.5e-06
1.5e-06
1.5e-06
0.001248894109
0.002665719968
0.005132656164
0.007158848779
0.008523657122
0.008584981293
1.5e-06
1.5e-06
1.5e-06
1.5e-06
1.5e-06
1.5e-06
1.5e-06
1.5e-06
1.5e-06
1.5e-06
1.5e-06
1.5e-06
1.5e-06
1.5e-06
1.5e-06
1.5e-06
1.5e-06
1.5e-06
1.5e-06
1.5e-06
1.5e-06
1.5e-06
1.5e-06
1.5e-06
1.5e-06
1.5e-06
1.5e-06
1.5e-06
1.5e-06
1.5e-06
1.5e-06
0.002500372301
0.004825070395
0.006772338921
0.008407242512
0.008670302143
1.5e-06
1.5e-06
1.5e-06
1.5e-06
1.5e-06
1.5e-06
1.5e-06
1.5e-06
1.5e-06
1.5e-06
1.5e-06
1.5e-06
1.5e-06
1.5e-06
1.5e-06
1.5e-06
1.5e-06
1.5e-06
1.5e-06
1.5e-06
1.5e-06
1.5e-06
1.5e-06
1.5e-06
1.5e-06
1.5e-06
1.5e-06
1.5e-06
1.5e-06
1.5e-06
1.5e-06
0.002482425832
0.004613647748
0.006476430091
0.008318245527
0.008725232817
1.5e-06
1.5e-06
1.5e-06
1.5e-06
1.5e-06
1.5e-06
1.5e-06
1.5e-06
1.5e-06
1.5e-06
1.5e-06
1.5e-06
1.5e-06
1.5e-06
1.5e-06
1.5e-06
1.5e-06
1.5e-06
1.5e-06
1.5e-06
1.5e-06
1.5e-06
1.5e-06
1.5e-06
1.5e-06
1.5e-06
1.5e-06
1.5e-06
1.5e-06
1.5e-06
1.5e-06
1.5e-06
0.002519811774
0.004475292103
0.00626170174
0.008195277144
0.008814291713
1.5e-06
1.5e-06
1.5e-06
1.5e-06
1.5e-06
1.5e-06
1.5e-06
1.5e-06
1.5e-06
1.5e-06
1.5e-06
1.5e-06
1.5e-06
1.5e-06
1.5e-06
1.5e-06
1.5e-06
1.5e-06
1.5e-06
1.5e-06
1.5e-06
1.5e-06
1.5e-06
1.5e-06
1.5e-06
1.5e-06
1.5e-06
1.5e-06
1.5e-06
1.5e-06
1.5e-06
1.5e-06
0.004390759152
0.006107795113
0.008072636715
0.008840359382
1.5e-06
1.5e-06
1.5e-06
1.5e-06
1.5e-06
1.5e-06
1.5e-06
1.5e-06
1.5e-06
1.5e-06
1.5e-06
1.5e-06
1.5e-06
1.5e-06
1.5e-06
1.5e-06
1.5e-06
1.5e-06
1.5e-06
1.5e-06
1.5e-06
1.5e-06
1.5e-06
1.5e-06
1.5e-06
1.5e-06
1.5e-06
1.5e-06
1.5e-06
1.5e-06
1.5e-06
1.5e-06
0.004347491655
0.006000892136
0.007951246122
0.00885755717
0.008396546532
1.5e-06
1.5e-06
1.5e-06
1.5e-06
1.5e-06
1.5e-06
1.5e-06
1.5e-06
1.5e-06
1.5e-06
1.5e-06
1.5e-06
1.5e-06
1.5e-06
1.5e-06
1.5e-06
1.5e-06
1.5e-06
1.5e-06
1.5e-06
1.5e-06
1.5e-06
1.5e-06
1.5e-06
1.5e-06
1.5e-06
1.5e-06
1.5e-06
1.5e-06
1.5e-06
1.5e-06
0.004328602001
0.005927102901
0.007855166291
0.008869475716
0.008510329979
1.5e-06
1.5e-06
1.5e-06
1.5e-06
1.5e-06
1.5e-06
1.5e-06
1.5e-06
1.5e-06
1.5e-06
1.5e-06
1.5e-06
1.5e-06
1.5e-06
1.5e-06
1.5e-06
1.5e-06
1.5e-06
1.5e-06
1.5e-06
1.5e-06
1.5e-06
1.5e-06
1.5e-06
1.5e-06
1.5e-06
1.5e-06
1.5e-06
1.5e-06
1.5e-06
1.5e-06
1.5e-06
0.004318387395
0.005879390778
0.007778591138
0.008878847955
0.008580919179
1.5e-06
1.5e-06
1.5e-06
1.5e-06
1.5e-06
1.5e-06
1.5e-06
1.5e-06
1.5e-06
1.5e-06
1.5e-06
1.5e-06
1.5e-06
1.5e-06
1.5e-06
1.5e-06
1.5e-06
1.5e-06
1.5e-06
1.5e-06
1.5e-06
1.5e-06
1.5e-06
1.5e-06
1.5e-06
1.5e-06
1.5e-06
1.5e-06
1.5e-06
1.5e-06
1.5e-06
1.5e-06
0.004306403544
0.005851250837
0.007721693003
0.008886460837
0.008637781542
1.5e-06
1.5e-06
1.5e-06
1.5e-06
1.5e-06
1.5e-06
1.5e-06
1.5e-06
1.5e-06
1.5e-06
1.5e-06
1.5e-06
1.5e-06
1.5e-06
1.5e-06
1.5e-06
1.5e-06
1.5e-06
1.5e-06
1.5e-06
1.5e-06
1.5e-06
1.5e-06
1.5e-06
1.5e-06
1.5e-06
1.5e-06
1.5e-06
1.5e-06
1.5e-06
1.5e-06
1.5e-06
0.004299034037
0.005832121813
0.007679067365
0.008893125779
0.008700603549
1.5e-06
1.5e-06
1.5e-06
1.5e-06
1.5e-06
1.5e-06
1.5e-06
1.5e-06
1.5e-06
1.5e-06
1.5e-06
1.5e-06
1.5e-06
1.5e-06
1.5e-06
1.5e-06
1.5e-06
1.5e-06
1.5e-06
1.5e-06
1.5e-06
1.5e-06
1.5e-06
1.5e-06
1.5e-06
1.5e-06
1.5e-06
1.5e-06
1.5e-06
1.5e-06
1.5e-06
1.5e-06
0.00429673644
0.005819292181
0.007647981087
0.008898995055
0.00873038538
1.5e-06
1.5e-06
1.5e-06
1.5e-06
1.5e-06
1.5e-06
1.5e-06
1.5e-06
1.5e-06
1.5e-06
1.5e-06
1.5e-06
1.5e-06
1.5e-06
1.5e-06
1.5e-06
1.5e-06
1.5e-06
1.5e-06
1.5e-06
1.5e-06
1.5e-06
1.5e-06
1.5e-06
1.5e-06
1.5e-06
1.5e-06
1.5e-06
1.5e-06
1.5e-06
1.5e-06
1.5e-06
1.5e-06
0.004297617051
0.00581000962
0.007624319009
0.008904139273
0.008764036492
1.5e-06
1.5e-06
1.5e-06
1.5e-06
1.5e-06
1.5e-06
1.5e-06
1.5e-06
1.5e-06
1.5e-06
1.5e-06
1.5e-06
1.5e-06
1.5e-06
1.5e-06
1.5e-06
1.5e-06
1.5e-06
1.5e-06
1.5e-06
1.5e-06
1.5e-06
1.5e-06
1.5e-06
1.5e-06
1.5e-06
1.5e-06
1.5e-06
1.5e-06
1.5e-06
1.5e-06
1.5e-06
1.5e-06
0.004297412954
0.005801679678
0.00760550921
0.008908239005
0.008785324273
1.5e-06
1.5e-06
1.5e-06
1.5e-06
1.5e-06
1.5e-06
1.5e-06
1.5e-06
1.5e-06
1.5e-06
1.5e-06
1.5e-06
1.5e-06
1.5e-06
1.5e-06
1.5e-06
1.5e-06
1.5e-06
1.5e-06
1.5e-06
1.5e-06
1.5e-06
1.5e-06
1.5e-06
1.5e-06
1.5e-06
1.5e-06
1.5e-06
1.5e-06
1.5e-06
1.5e-06
1.5e-06
1.5e-06
0.004294106018
0.005792269705
0.007588858033
0.008910656643
0.008802516463
1.5e-06
1.5e-06
1.5e-06
1.5e-06
1.5e-06
1.5e-06
1.5e-06
1.5e-06
1.5e-06
1.5e-06
1.5e-06
1.5e-06
1.5e-06
1.5e-06
1.5e-06
1.5e-06
1.5e-06
1.5e-06
1.5e-06
1.5e-06
1.5e-06
1.5e-06
1.5e-06
1.5e-06
1.5e-06
1.5e-06
1.5e-06
1.5e-06
1.5e-06
1.5e-06
1.5e-06
1.5e-06
1.5e-06
1.5e-06
0.004285696602
0.005780580234
0.007572729979
0.008910235076
0.008816108007
1.5e-06
1.5e-06
1.5e-06
1.5e-06
1.5e-06
1.5e-06
1.5e-06
1.5e-06
1.5e-06
1.5e-06
1.5e-06
1.5e-06
1.5e-06
1.5e-06
1.5e-06
1.5e-06
1.5e-06
1.5e-06
1.5e-06
1.5e-06
1.5e-06
1.5e-06
1.5e-06
1.5e-06
1.5e-06
1.5e-06
1.5e-06
1.5e-06
1.5e-06
1.5e-06
1.5e-06
1.5e-06
1.5e-06
1.5e-06
0.005766289095
0.007554448047
0.008905374742
0.008826092384
1.5e-06
1.5e-06
1.5e-06
1.5e-06
1.5e-06
1.5e-06
1.5e-06
1.5e-06
1.5e-06
1.5e-06
1.5e-06
1.5e-06
1.5e-06
1.5e-06
1.5e-06
1.5e-06
1.5e-06
1.5e-06
1.5e-06
1.5e-06
1.5e-06
1.5e-06
1.5e-06
1.5e-06
1.5e-06
1.5e-06
1.5e-06
1.5e-06
1.5e-06
1.5e-06
1.5e-06
1.5e-06
1.5e-06
1.5e-06
1.5e-06
0.00574779661
0.007532934412
0.008894755356
0.0088318885
1.5e-06
1.5e-06
1.5e-06
1.5e-06
1.5e-06
1.5e-06
1.5e-06
1.5e-06
1.5e-06
1.5e-06
1.5e-06
1.5e-06
1.5e-06
1.5e-06
1.5e-06
1.5e-06
1.5e-06
1.5e-06
1.5e-06
1.5e-06
1.5e-06
1.5e-06
1.5e-06
1.5e-06
1.5e-06
1.5e-06
1.5e-06
1.5e-06
1.5e-06
1.5e-06
1.5e-06
1.5e-06
1.5e-06
1.5e-06
1.5e-06
0.005723856387
0.007508090711
0.00887913949
0.008833595761
1.5e-06
1.5e-06
1.5e-06
1.5e-06
1.5e-06
1.5e-06
1.5e-06
1.5e-06
1.5e-06
1.5e-06
1.5e-06
1.5e-06
1.5e-06
1.5e-06
1.5e-06
1.5e-06
1.5e-06
1.5e-06
1.5e-06
1.5e-06
1.5e-06
1.5e-06
1.5e-06
1.5e-06
1.5e-06
1.5e-06
1.5e-06
1.5e-06
1.5e-06
1.5e-06
1.5e-06
1.5e-06
1.5e-06
1.5e-06
1.5e-06
1.5e-06
0.005695953399
0.007481615177
0.008860786929
0.008833509291
1.5e-06
1.5e-06
1.5e-06
1.5e-06
1.5e-06
1.5e-06
1.5e-06
1.5e-06
1.5e-06
1.5e-06
1.5e-06
1.5e-06
1.5e-06
1.5e-06
1.5e-06
1.5e-06
1.5e-06
1.5e-06
1.5e-06
1.5e-06
1.5e-06
1.5e-06
1.5e-06
1.5e-06
1.5e-06
1.5e-06
1.5e-06
1.5e-06
1.5e-06
1.5e-06
1.5e-06
1.5e-06
1.5e-06
1.5e-06
1.5e-06
1.5e-06
0.005656477244
0.007445840195
0.008838026841
0.008838186893
1.5e-06
1.5e-06
1.5e-06
1.5e-06
1.5e-06
1.5e-06
1.5e-06
1.5e-06
1.5e-06
1.5e-06
1.5e-06
1.5e-06
1.5e-06
1.5e-06
1.5e-06
1.5e-06
1.5e-06
1.5e-06
1.5e-06
1.5e-06
1.5e-06
1.5e-06
1.5e-06
1.5e-06
1.5e-06
1.5e-06
1.5e-06
1.5e-06
1.5e-06
1.5e-06
1.5e-06
1.5e-06
1.5e-06
1.5e-06
1.5e-06
1.5e-06
1.5e-06
0.00551707624
0.007305312602
0.008796452236
0.00883754599
1.5e-06
1.5e-06
1.5e-06
1.5e-06
1.5e-06
1.5e-06
1.5e-06
1.5e-06
1.5e-06
1.5e-06
1.5e-06
1.5e-06
1.5e-06
1.5e-06
1.5e-06
1.5e-06
1.5e-06
1.5e-06
1.5e-06
1.5e-06
1.5e-06
1.5e-06
1.5e-06
1.5e-06
1.5e-06
1.5e-06
1.5e-06
1.5e-06
1.5e-06
1.5e-06
1.5e-06
1.5e-06
1.5e-06
1.5e-06
1.5e-06
1.5e-06
1.5e-06
1.5e-06
0.005459879879
0.007235271493
0.008771855174
0.00883815691
1.5e-06
1.5e-06
1.5e-06
1.5e-06
1.5e-06
1.5e-06
1.5e-06
1.5e-06
1.5e-06
1.5e-06
1.5e-06
1.5e-06
1.5e-06
1.5e-06
1.5e-06
1.5e-06
1.5e-06
1.5e-06
1.5e-06
1.5e-06
1.5e-06
1.5e-06
1.5e-06
1.5e-06
1.5e-06
1.5e-06
1.5e-06
1.5e-06
1.5e-06
1.5e-06
1.5e-06
1.5e-06
1.5e-06
1.5e-06
1.5e-06
1.5e-06
1.5e-06
1.5e-06
0.005425885239
0.007189061259
0.008752044281
0.008840645712
1.5e-06
1.5e-06
1.5e-06
1.5e-06
1.5e-06
1.5e-06
1.5e-06
1.5e-06
1.5e-06
1.5e-06
1.5e-06
1.5e-06
1.5e-06
1.5e-06
1.5e-06
1.5e-06
1.5e-06
1.5e-06
1.5e-06
1.5e-06
1.5e-06
1.5e-06
1.5e-06
1.5e-06
1.5e-06
1.5e-06
1.5e-06
1.5e-06
1.5e-06
1.5e-06
1.5e-06
1.5e-06
1.5e-06
1.5e-06
1.5e-06
1.5e-06
1.5e-06
1.5e-06
1.5e-06
1.5e-06
0.005410087173
0.007164213542
0.008744139805
0.008846568657
1.5e-06
1.5e-06
1.5e-06
1.5e-06
1.5e-06
1.5e-06
1.5e-06
1.5e-06
1.5e-06
1.5e-06
1.5e-06
1.5e-06
1.5e-06
1.5e-06
1.5e-06
1.5e-06
1.5e-06
1.5e-06
1.5e-06
1.5e-06
1.5e-06
1.5e-06
1.5e-06
1.5e-06
1.5e-06
1.5e-06
1.5e-06
1.5e-06
1.5e-06
1.5e-06
1.5e-06
1.5e-06
1.5e-06
1.5e-06
1.5e-06
1.5e-06
1.5e-06
1.5e-06
1.5e-06
1.5e-06
1.5e-06
0.005418521634
0.007174272425
0.008755383198
0.008861600087
1.5e-06
1.5e-06
1.5e-06
1.5e-06
1.5e-06
1.5e-06
1.5e-06
1.5e-06
1.5e-06
1.5e-06
1.5e-06
1.5e-06
1.5e-06
1.5e-06
1.5e-06
1.5e-06
1.5e-06
1.5e-06
1.5e-06
1.5e-06
1.5e-06
1.5e-06
1.5e-06
1.5e-06
1.5e-06
1.5e-06
1.5e-06
1.5e-06
1.5e-06
1.5e-06
1.5e-06
1.5e-06
1.5e-06
1.5e-06
1.5e-06
1.5e-06
1.5e-06
1.5e-06
1.5e-06
1.5e-06
1.5e-06
0.00543463039
0.007189188304
0.008762522909
0.008871128661
1.5e-06
1.5e-06
1.5e-06
1.5e-06
1.5e-06
1.5e-06
1.5e-06
1.5e-06
1.5e-06
1.5e-06
1.5e-06
1.5e-06
1.5e-06
1.5e-06
1.5e-06
1.5e-06
1.5e-06
1.5e-06
1.5e-06
1.5e-06
1.5e-06
1.5e-06
1.5e-06
1.5e-06
1.5e-06
1.5e-06
1.5e-06
1.5e-06
1.5e-06
1.5e-06
1.5e-06
1.5e-06
1.5e-06
1.5e-06
1.5e-06
1.5e-06
1.5e-06
1.5e-06
1.5e-06
1.5e-06
1.5e-06
0.005456484345
0.007207769328
0.008771405932
0.008882768282
1.5e-06
1.5e-06
1.5e-06
1.5e-06
1.5e-06
1.5e-06
1.5e-06
1.5e-06
1.5e-06
1.5e-06
1.5e-06
1.5e-06
1.5e-06
1.5e-06
1.5e-06
1.5e-06
1.5e-06
1.5e-06
1.5e-06
1.5e-06
1.5e-06
1.5e-06
1.5e-06
1.5e-06
1.5e-06
1.5e-06
1.5e-06
1.5e-06
1.5e-06
1.5e-06
1.5e-06
1.5e-06
1.5e-06
1.5e-06
1.5e-06
1.5e-06
1.5e-06
1.5e-06
1.5e-06
1.5e-06
1.5e-06
0.005491835867
0.007236156359
0.008785034664
0.008900523793
1.5e-06
1.5e-06
1.5e-06
1.5e-06
1.5e-06
1.5e-06
1.5e-06
1.5e-06
1.5e-06
1.5e-06
1.5e-06
1.5e-06
1.5e-06
1.5e-06
1.5e-06
1.5e-06
1.5e-06
1.5e-06
1.5e-06
1.5e-06
1.5e-06
1.5e-06
1.5e-06
1.5e-06
1.5e-06
1.5e-06
1.5e-06
1.5e-06
1.5e-06
1.5e-06
1.5e-06
1.5e-06
1.5e-06
1.5e-06
1.5e-06
1.5e-06
1.5e-06
1.5e-06
1.5e-06
1.5e-06
1.5e-06
0.005543952587
0.00727624759
0.00880408494
0.008925626169
1.5e-06
1.5e-06
1.5e-06
1.5e-06
1.5e-06
1.5e-06
1.5e-06
1.5e-06
1.5e-06
1.5e-06
1.5e-06
1.5e-06
1.5e-06
1.5e-06
1.5e-06
1.5e-06
1.5e-06
1.5e-06
1.5e-06
1.5e-06
1.5e-06
1.5e-06
1.5e-06
1.5e-06
1.5e-06
1.5e-06
1.5e-06
1.5e-06
1.5e-06
1.5e-06
1.5e-06
1.5e-06
1.5e-06
1.5e-06
1.5e-06
1.5e-06
1.5e-06
1.5e-06
1.5e-06
1.5e-06
1.5e-06
0.005622821227
0.007333501257
0.008832327638
0.008961702312
1.5e-06
1.5e-06
1.5e-06
1.5e-06
1.5e-06
1.5e-06
1.5e-06
1.5e-06
1.5e-06
1.5e-06
1.5e-06
1.5e-06
1.5e-06
1.5e-06
1.5e-06
1.5e-06
1.5e-06
1.5e-06
1.5e-06
1.5e-06
1.5e-06
1.5e-06
1.5e-06
1.5e-06
1.5e-06
1.5e-06
1.5e-06
1.5e-06
1.5e-06
1.5e-06
1.5e-06
1.5e-06
1.5e-06
1.5e-06
1.5e-06
1.5e-06
1.5e-06
1.5e-06
1.5e-06
1.5e-06
1.5e-06
0.005736100519
0.0074193868
0.008877325083
0.009016333048
1.5e-06
1.5e-06
1.5e-06
1.5e-06
1.5e-06
1.5e-06
1.5e-06
1.5e-06
1.5e-06
1.5e-06
1.5e-06
1.5e-06
1.5e-06
1.5e-06
1.5e-06
1.5e-06
1.5e-06
1.5e-06
1.5e-06
1.5e-06
1.5e-06
1.5e-06
1.5e-06
1.5e-06
1.5e-06
1.5e-06
1.5e-06
1.5e-06
1.5e-06
1.5e-06
1.5e-06
1.5e-06
1.5e-06
1.5e-06
1.5e-06
1.5e-06
1.5e-06
1.5e-06
1.5e-06
1.5e-06
1.5e-06
0.005888735535
0.007539244058
0.008950350423
0.009100312692
1.5e-06
1.5e-06
1.5e-06
1.5e-06
1.5e-06
1.5e-06
1.5e-06
1.5e-06
1.5e-06
1.5e-06
1.5e-06
1.5e-06
1.5e-06
1.5e-06
1.5e-06
1.5e-06
1.5e-06
1.5e-06
1.5e-06
1.5e-06
1.5e-06
1.5e-06
1.5e-06
1.5e-06
1.5e-06
1.5e-06
1.5e-06
1.5e-06
1.5e-06
1.5e-06
1.5e-06
1.5e-06
1.5e-06
1.5e-06
1.5e-06
1.5e-06
1.5e-06
1.5e-06
1.5e-06
1.5e-06
1.5e-06
0.005903579655
0.007722722575
0.009068691424
0.009219957308
1.5e-06
1.5e-06
1.5e-06
1.5e-06
1.5e-06
1.5e-06
1.5e-06
1.5e-06
1.5e-06
1.5e-06
1.5e-06
1.5e-06
1.5e-06
1.5e-06
1.5e-06
1.5e-06
1.5e-06
1.5e-06
1.5e-06
1.5e-06
1.5e-06
1.5e-06
1.5e-06
1.5e-06
1.5e-06
1.5e-06
1.5e-06
1.5e-06
1.5e-06
1.5e-06
1.5e-06
1.5e-06
1.5e-06
1.5e-06
1.5e-06
1.5e-06
1.5e-06
1.5e-06
1.5e-06
1.5e-06
1.5e-06
0.005787747636
0.007825859632
0.009238285287
0.009362208725
1.5e-06
1.5e-06
1.5e-06
1.5e-06
1.5e-06
1.5e-06
1.5e-06
1.5e-06
1.5e-06
1.5e-06
1.5e-06
1.5e-06
1.5e-06
1.5e-06
1.5e-06
1.5e-06
1.5e-06
1.5e-06
1.5e-06
1.5e-06
1.5e-06
1.5e-06
1.5e-06
1.5e-06
1.5e-06
1.5e-06
1.5e-06
1.5e-06
1.5e-06
1.5e-06
1.5e-06
1.5e-06
1.5e-06
1.5e-06
1.5e-06
1.5e-06
1.5e-06
1.5e-06
1.5e-06
1.5e-06
1.5e-06
0.005276759676
0.007675988467
0.009457179343
0.009698547541
0.008620198229
1.5e-06
1.5e-06
1.5e-06
1.5e-06
1.5e-06
1.5e-06
1.5e-06
1.5e-06
1.5e-06
1.5e-06
1.5e-06
1.5e-06
1.5e-06
1.5e-06
1.5e-06
1.5e-06
1.5e-06
1.5e-06
1.5e-06
1.5e-06
1.5e-06
1.5e-06
1.5e-06
1.5e-06
1.5e-06
1.5e-06
1.5e-06
1.5e-06
1.5e-06
1.5e-06
1.5e-06
1.5e-06
1.5e-06
1.5e-06
1.5e-06
1.5e-06
1.5e-06
1.5e-06
1.5e-06
1.5e-06
0.005015564308
0.007155862296
0.009920028833
0.0104753841
0.009234887467
1.5e-06
1.5e-06
1.5e-06
1.5e-06
1.5e-06
1.5e-06
1.5e-06
1.5e-06
1.5e-06
1.5e-06
1.5e-06
1.5e-06
1.5e-06
1.5e-06
1.5e-06
1.5e-06
1.5e-06
1.5e-06
1.5e-06
1.5e-06
1.5e-06
1.5e-06
1.5e-06
1.5e-06
1.5e-06
1.5e-06
1.5e-06
1.5e-06
1.5e-06
1.5e-06
1.5e-06
1.5e-06
1.5e-06
1.5e-06
1.5e-06
1.5e-06
1.5e-06
1.5e-06
1.5e-06
1.5e-06
0.005625650573
0.006428934398
0.009415307382
0.01132629836
0.01018185692
1.5e-06
1.5e-06
1.5e-06
1.5e-06
1.5e-06
1.5e-06
1.5e-06
1.5e-06
1.5e-06
1.5e-06
1.5e-06
1.5e-06
1.5e-06
1.5e-06
1.5e-06
1.5e-06
1.5e-06
1.5e-06
1.5e-06
1.5e-06
1.5e-06
1.5e-06
1.5e-06
1.5e-06
1.5e-06
1.5e-06
1.5e-06
1.5e-06
1.5e-06
1.5e-06
1.5e-06
1.5e-06
1.5e-06
1.5e-06
1.5e-06
1.5e-06
1.5e-06
1.5e-06
1.5e-06
1.5e-06
0.008117920173
0.006787533796
0.007989063371
0.01102942455
0.01154035746
1.5e-06
1.5e-06
1.5e-06
1.5e-06
1.5e-06
1.5e-06
1.5e-06
1.5e-06
1.5e-06
1.5e-06
1.5e-06
1.5e-06
1.5e-06
1.5e-06
1.5e-06
1.5e-06
1.5e-06
1.5e-06
1.5e-06
1.5e-06
1.5e-06
1.5e-06
1.5e-06
1.5e-06
1.5e-06
1.5e-06
1.5e-06
1.5e-06
1.5e-06
1.5e-06
1.5e-06
1.5e-06
1.5e-06
1.5e-06
1.5e-06
1.5e-06
1.5e-06
1.5e-06
1.5e-06
1.5e-06
0.009222394884
0.008209044392
0.007519538247
0.00935055613
0.01143045401
1.5e-06
1.5e-06
1.5e-06
1.5e-06
1.5e-06
1.5e-06
1.5e-06
1.5e-06
1.5e-06
1.5e-06
1.5e-06
1.5e-06
1.5e-06
1.5e-06
1.5e-06
1.5e-06
1.5e-06
1.5e-06
1.5e-06
1.5e-06
1.5e-06
1.5e-06
1.5e-06
1.5e-06
1.5e-06
1.5e-06
1.5e-06
1.5e-06
1.5e-06
1.5e-06
1.5e-06
1.5e-06
1.5e-06
1.5e-06
1.5e-06
1.5e-06
1.5e-06
1.5e-06
1.5e-06
1.5e-06
0.008195846159
0.008716739126
0.008083310779
0.00809258708
0.01001017754
0.010870792
1.5e-06
1.5e-06
1.5e-06
1.5e-06
1.5e-06
1.5e-06
1.5e-06
1.5e-06
1.5e-06
1.5e-06
1.5e-06
1.5e-06
1.5e-06
1.5e-06
1.5e-06
1.5e-06
1.5e-06
1.5e-06
1.5e-06
1.5e-06
1.5e-06
1.5e-06
1.5e-06
1.5e-06
1.5e-06
1.5e-06
1.5e-06
1.5e-06
1.5e-06
1.5e-06
1.5e-06
1.5e-06
1.5e-06
1.5e-06
1.5e-06
1.5e-06
1.5e-06
1.5e-06
1.5e-06
0.004282073985
0.006786108977
0.007708529106
0.007716364489
0.007850428158
0.009271386132
0.009280325734
1.5e-06
1.5e-06
1.5e-06
1.5e-06
1.5e-06
1.5e-06
1.5e-06
1.5e-06
1.5e-06
1.5e-06
1.5e-06
1.5e-06
1.5e-06
1.5e-06
1.5e-06
1.5e-06
1.5e-06
1.5e-06
1.5e-06
1.5e-06
1.5e-06
1.5e-06
1.5e-06
1.5e-06
1.5e-06
1.5e-06
1.5e-06
1.5e-06
1.5e-06
1.5e-06
1.5e-06
1.5e-06
1.5e-06
1.5e-06
1.5e-06
1.5e-06
1.5e-06
1.5e-06
0.001469932542
0.00253504612
0.004150223787
0.006022295939
0.006847980833
0.007067691769
0.007750974576
1.5e-06
1.5e-06
1.5e-06
1.5e-06
1.5e-06
1.5e-06
1.5e-06
1.5e-06
1.5e-06
1.5e-06
1.5e-06
1.5e-06
1.5e-06
1.5e-06
1.5e-06
1.5e-06
1.5e-06
1.5e-06
1.5e-06
1.5e-06
1.5e-06
1.5e-06
1.5e-06
1.5e-06
1.5e-06
1.5e-06
1.5e-06
1.5e-06
1.5e-06
1.5e-06
1.5e-06
1.5e-06
1.5e-06
1.5e-06
1.5e-06
1.5e-06
1.5e-06
1.5e-06
0.0007729756551
0.001044988191
0.001388468379
0.002173094227
0.003419033539
0.004639668554
0.005194982504
0.005854183775
1.5e-06
1.5e-06
1.5e-06
1.5e-06
1.5e-06
1.5e-06
1.5e-06
1.5e-06
1.5e-06
1.5e-06
1.5e-06
1.5e-06
1.5e-06
1.5e-06
1.5e-06
1.5e-06
1.5e-06
1.5e-06
1.5e-06
1.5e-06
1.5e-06
1.5e-06
1.5e-06
1.5e-06
1.5e-06
1.5e-06
1.5e-06
1.5e-06
1.5e-06
1.5e-06
1.5e-06
1.5e-06
1.5e-06
1.5e-06
1.5e-06
1.5e-06
1.5e-06
0.0003503585712
0.0004801668748
0.0006212180017
0.000880347142
0.001185485106
0.001787133877
0.00259536866
0.003229412415
0.004003723595
0.003816644487
1.5e-06
1.5e-06
1.5e-06
1.5e-06
1.5e-06
1.5e-06
1.5e-06
1.5e-06
1.5e-06
1.5e-06
1.5e-06
1.5e-06
1.5e-06
1.5e-06
1.5e-06
1.5e-06
1.5e-06
1.5e-06
1.5e-06
1.5e-06
1.5e-06
1.5e-06
1.5e-06
1.5e-06
1.5e-06
1.5e-06
1.5e-06
1.5e-06
1.5e-06
1.5e-06
1.5e-06
1.5e-06
1.5e-06
1.5e-06
1.5e-06
8.393832907e-05
0.0001310499946
0.0002006527884
0.0002865525784
0.0004456856461
0.0006089746147
0.000926817836
0.001313270857
0.001727285017
0.002358372538
0.002613766246
1.5e-06
1.5e-06
1.5e-06
1.5e-06
1.5e-06
1.5e-06
1.5e-06
1.5e-06
1.5e-06
1.5e-06
1.5e-06
1.5e-06
1.5e-06
1.5e-06
1.5e-06
1.5e-06
1.5e-06
1.5e-06
1.5e-06
1.5e-06
1.5e-06
1.5e-06
1.5e-06
1.5e-06
1.5e-06
1.5e-06
1.5e-06
1.5e-06
1.5e-06
1.5e-06
1.5e-06
1.5e-06
1.5e-06
1.5e-06
5.979580524e-06
1.067224008e-05
1.93762417e-05
3.439536085e-05
5.874589634e-05
8.995562556e-05
0.0001765504584
0.0002594019718
0.0004293526993
0.0006170622228
0.0008687768127
0.001145691868
0.00152459626
0.001509784484
1.5e-06
1.5e-06
1.5e-06
1.5e-06
1.5e-06
1.5e-06
1.5e-06
1.5e-06
1.5e-06
1.5e-06
1.5e-06
1.5e-06
1.5e-06
1.5e-06
1.5e-06
1.5e-06
1.5e-06
1.5e-06
1.5e-06
1.5e-06
1.5e-06
1.5e-06
1.5e-06
1.5e-06
1.5e-06
1.5e-06
1.5e-06
1.5e-06
1.5e-06
1.5e-06
1.5e-06
1.5e-06
8.686855503e-07
1.241515713e-06
2.082646626e-06
3.925021723e-06
7.751378029e-06
1.52969008e-05
2.954129727e-05
5.530128083e-05
9.185409854e-05
0.0001733995404
0.0002680181357
0.0003977571006
0.0005228857644
0.0007733081469
0.0009499478527
0.0008871760022
1.5e-06
1.5e-06
1.5e-06
1.5e-06
1.5e-06
1.5e-06
1.5e-06
1.5e-06
1.5e-06
1.5e-06
1.5e-06
1.5e-06
1.5e-06
1.5e-06
1.5e-06
1.5e-06
1.5e-06
1.5e-06
1.5e-06
1.5e-06
1.5e-06
1.5e-06
1.5e-06
1.5e-06
1.5e-06
1.5e-06
1.5e-06
1.5e-06
1.5e-06
1.5e-06
5.44518739e-07
5.633958717e-07
6.100596873e-07
7.295603592e-07
1.034266364e-06
1.795899824e-06
3.619385606e-06
7.753577721e-06
1.655789246e-05
3.133884319e-05
6.37260509e-05
0.0001004511654
0.0001600286016
0.0002519890867
0.0003368554901
0.0004794467796
0.0005836606314
1.5e-06
1.5e-06
1.5e-06
1.5e-06
1.5e-06
1.5e-06
1.5e-06
1.5e-06
1.5e-06
1.5e-06
1.5e-06
1.5e-06
1.5e-06
1.5e-06
1.5e-06
1.5e-06
1.5e-06
1.5e-06
1.5e-06
1.5e-06
1.5e-06
1.5e-06
1.5e-06
1.5e-06
1.5e-06
1.5e-06
1.5e-06
1.5e-06
1.5e-06
5.11386488e-07
5.130309561e-07
5.156808285e-07
5.173362526e-07
5.287385314e-07
5.465237542e-07
5.931020593e-07
7.226455995e-07
1.079892035e-06
2.037227928e-06
4.324885235e-06
9.678067587e-06
1.973693626e-05
3.385780182e-05
6.709182947e-05
9.844305872e-05
0.0001660160244
0.0002163964201
0.0003109363261
0.0003403948488
1.5e-06
1.5e-06
1.5e-06
1.5e-06
1.5e-06
1.5e-06
1.5e-06
1.5e-06
1.5e-06
1.5e-06
1.5e-06
1.5e-06
1.5e-06
1.5e-06
1.5e-06
1.5e-06
1.5e-06
1.5e-06
1.5e-06
1.5e-06
1.5e-06
1.5e-06
1.5e-06
1.5e-06
1.5e-06
1.5e-06
1.5e-06
4.719118885e-07
4.728019917e-07
4.739028673e-07
4.752112087e-07
4.768441958e-07
4.787605153e-07
4.813004518e-07
4.857264043e-07
4.894775781e-07
5.272972365e-07
5.91292702e-07
7.797691499e-07
1.312476813e-06
2.653462443e-06
5.6665203e-06
1.172851684e-05
2.388879674e-05
4.058117972e-05
6.533581488e-05
0.0001032117545
0.0001571656039
0.0002099705206
0.0002089350915
1.5e-06
1.5e-06
1.5e-06
1.5e-06
1.5e-06
1.5e-06
1.5e-06
1.5e-06
1.5e-06
1.5e-06
1.5e-06
1.5e-06
1.5e-06
1.5e-06
1.5e-06
1.5e-06
1.5e-06
1.5e-06
1.5e-06
1.5e-06
1.5e-06
1.5e-06
1.5e-06
1.5e-06
1.5e-06
4.35107401e-07
4.360075322e-07
4.369349859e-07
4.382696028e-07
4.395950496e-07
4.415738881e-07
4.434693872e-07
4.464178526e-07
4.49162781e-07
4.53553318e-07
4.605109153e-07
4.688870156e-07
5.286922698e-07
6.386472851e-07
9.491105996e-07
1.760456109e-06
3.715674618e-06
7.811357568e-06
1.368505197e-05
2.75125646e-05
4.350299273e-05
6.690212105e-05
0.0001124440275
0.000137056143
1.5e-06
1.5e-06
1.5e-06
1.5e-06
1.5e-06
1.5e-06
1.5e-06
1.5e-06
1.5e-06
1.5e-06
1.5e-06
1.5e-06
1.5e-06
1.5e-06
1.5e-06
1.5e-06
1.5e-06
1.5e-06
1.5e-06
1.5e-06
1.5e-06
1.5e-06
1.5e-06
1.5e-06
3.927349562e-07
3.929350465e-07
3.931605953e-07
3.934481307e-07
3.93772302e-07
3.941883598e-07
3.946571629e-07
3.952586035e-07
3.959507759e-07
3.968152617e-07
3.97947747e-07
3.991385175e-07
4.027665447e-07
4.053158161e-07
4.406623916e-07
5.03697743e-07
6.898366344e-07
1.191478509e-06
2.343760734e-06
4.929898435e-06
9.884252278e-06
1.632663216e-05
2.982559424e-05
4.418183395e-05
7.558181139e-05
8.598818417e-05
1.5e-06
1.5e-06
1.5e-06
1.5e-06
1.5e-06
1.5e-06
1.5e-06
1.5e-06
1.5e-06
1.5e-06
1.5e-06
1.5e-06
1.5e-06
1.5e-06
1.5e-06
1.5e-06
1.5e-06
1.5e-06
1.5e-06
1.5e-06
1.5e-06
1.5e-06
3.782962124e-07
3.783788457e-07
3.784940837e-07
3.786058384e-07
3.787695658e-07
3.789193315e-07
3.791482109e-07
3.793446131e-07
3.796594927e-07
3.799118547e-07
3.803421377e-07
3.806619271e-07
3.812802675e-07
3.816451948e-07
3.83266539e-07
3.84605821e-07
3.9635809e-07
4.313032167e-07
5.370426491e-07
8.336556687e-07
1.557747332e-06
3.097817774e-06
6.173438557e-06
1.005362173e-05
2.002095614e-05
2.846787074e-05
4.929337399e-05
4.987592039e-05
1.5e-06
1.5e-06
1.5e-06
1.5e-06
1.5e-06
1.5e-06
1.5e-06
1.5e-06
1.5e-06
1.5e-06
1.5e-06
1.5e-06
1.5e-06
1.5e-06
1.5e-06
1.5e-06
1.5e-06
1.5e-06
1.5e-06
1.5e-06
3.593671659e-07
3.59662561e-07
3.600492714e-07
3.604716272e-07
3.609991225e-07
3.615568159e-07
3.622658487e-07
3.629958383e-07
3.638814626e-07
3.647320595e-07
3.656144272e-07
3.663784962e-07
3.671143295e-07
3.675529928e-07
3.679471833e-07
3.681609887e-07
3.683982831e-07
3.689533918e-07
3.703097216e-07
3.925546792e-07
4.565121448e-07
6.446720092e-07
1.130968577e-06
2.175926487e-06
4.057076967e-06
7.983530771e-06
1.310667975e-05
2.326726775e-05
3.35250319e-05
3.08123335e-05
1.5e-06
1.5e-06
1.5e-06
1.5e-06
1.5e-06
1.5e-06
1.5e-06
1.5e-06
1.5e-06
1.5e-06
1.5e-06
1.5e-06
1.5e-06
1.5e-06
1.5e-06
1.5e-06
1.5e-06
1.5e-06
3.271530541e-07
3.274093551e-07
3.277395247e-07
3.281126277e-07
3.285546779e-07
3.290458136e-07
3.296340945e-07
3.302870791e-07
3.310885377e-07
3.319716951e-07
3.330352595e-07
3.341654503e-07
3.354948851e-07
3.36811325e-07
3.382651728e-07
3.394534633e-07
3.407485813e-07
3.417309829e-07
3.435566919e-07
3.461324448e-07
3.535353518e-07
3.584217794e-07
4.292617653e-07
5.683593371e-07
9.580113289e-07
1.660994037e-06
3.34936207e-06
5.707874723e-06
1.086064876e-05
2.229906508e-05
2.150058632e-05
1.5e-06
1.5e-06
1.5e-06
1.5e-06
1.5e-06
1.5e-06
1.5e-06
1.5e-06
1.5e-06
1.5e-06
1.5e-06
1.5e-06
1.5e-06
1.5e-06
1.5e-06
1.5e-06
1.5e-06
2.213206611e-07
2.213925511e-07
2.215241111e-07
2.216258053e-07
2.218056669e-07
2.219336689e-07
2.22179315e-07
2.223431556e-07
2.226816917e-07
2.228953457e-07
2.233776828e-07
2.236854619e-07
2.244200261e-07
2.249189339e-07
2.261147971e-07
2.269647377e-07
2.288727091e-07
2.301622845e-07
2.329946432e-07
2.340909349e-07
2.35948209e-07
2.380653124e-07
2.405416303e-07
2.617739318e-07
2.999541813e-07
3.96834941e-07
6.464270114e-07
1.199776157e-06
2.442919151e-06
4.917421716e-06
7.659412572e-06
1.019701396e-05
8.77241043e-06
1.5e-06
1.5e-06
1.5e-06
1.5e-06
1.5e-06
1.5e-06
1.5e-06
1.5e-06
1.5e-06
1.5e-06
1.5e-06
1.5e-06
1.5e-06
1.5e-06
1.5e-06
)
;
    }
    procBoundary3to1
    {
        type            processor;
        value           nonuniform List<scalar> 
1247
(
1.744425995e-07
2.182738091e-07
2.371899266e-07
2.80910582e-07
2.80910582e-07
3.43750399e-07
3.43750399e-07
4.707445246e-07
4.707445246e-07
6.191563292e-07
6.191563292e-07
8.823796895e-07
8.823796895e-07
2.300094711e-06
1.315377784e-05
1.315377784e-05
7.349372488e-05
0.0003415121385
8.77625162e-05
1.749773904e-07
2.191420403e-07
2.35948131e-07
2.740183343e-07
2.353246191e-07
2.740183343e-07
3.268148514e-07
3.268148514e-07
4.376681336e-07
3.161770965e-07
4.376681336e-07
5.681371853e-07
4.133502235e-07
5.681371853e-07
6.74623301e-07
6.74623301e-07
1.077736782e-06
3.741971923e-06
8.250189356e-07
3.741971923e-06
1.60423852e-05
8.77625162e-05
8.9420472e-06
8.77625162e-05
0.0003845613735
1.750414965e-07
2.191955442e-07
2.353246191e-07
2.353246191e-07
3.161770965e-07
2.704115947e-07
3.154248393e-07
2.657133083e-07
3.161770965e-07
4.133502235e-07
4.133502235e-07
5.320820982e-07
6.221192938e-07
4.948547324e-07
6.221192938e-07
8.250189356e-07
5.804767555e-07
8.250189356e-07
1.921955114e-06
8.9420472e-06
1.243066291e-06
8.9420472e-06
4.119481323e-05
0.0001617298814
9.65591266e-05
0.0006050364411
0.0003774572739
1.749924626e-07
2.187539015e-07
2.338074594e-07
2.188111185e-07
2.338074594e-07
2.657133083e-07
2.657133083e-07
3.026707577e-07
3.026707577e-07
3.849395666e-07
3.849395666e-07
4.948547324e-07
4.948547324e-07
5.804767555e-07
5.804767555e-07
6.690425249e-07
1.243066291e-06
1.243066291e-06
4.567260407e-06
1.931462529e-05
9.65591266e-05
1.952363546e-05
9.65591266e-05
0.0003774572739
0.001266757347
1.749777079e-07
2.188111185e-07
2.188111185e-07
2.334732408e-07
2.638156451e-07
2.638156451e-07
2.954514078e-07
2.954514078e-07
3.662149413e-07
3.662149413e-07
4.65830551e-07
4.65830551e-07
5.497617477e-07
5.497617477e-07
6.153167883e-07
1.022720383e-06
5.807574341e-07
1.022720383e-06
3.689079824e-06
1.952363546e-05
3.131317809e-06
1.952363546e-05
8.210145592e-05
0.0003087848822
0.001069577932
0.002707524482
0.004591809289
0.004709648213
0.002779476865
1.749786662e-07
2.18681735e-07
2.18681735e-07
2.330544548e-07
2.617117236e-07
2.617117236e-07
2.881072347e-07
2.881072347e-07
3.478819397e-07
3.478819397e-07
4.368444856e-07
3.378447517e-07
4.368444856e-07
5.194796786e-07
4.191946524e-07
5.194796786e-07
5.807574341e-07
5.807574341e-07
8.679206532e-07
3.131317809e-06
8.232309678e-07
3.131317809e-06
1.406307019e-05
6.574302725e-05
0.0002502085996
0.0008784034614
0.004446874561
0.005131874966
0.005461321415
0.005386762537
0.004709648213
0.002779476865
0.002779476865
0.001134569515
0.0003170549578
8.090547843e-05
1.749385651e-07
2.187939076e-07
2.187939076e-07
2.331464267e-07
2.612678864e-07
2.612678864e-07
2.847611783e-07
3.378447517e-07
2.847611783e-07
3.37214044e-07
3.378447517e-07
4.191946524e-07
4.191946524e-07
4.978713012e-07
5.510599348e-07
4.776726479e-07
5.510599348e-07
8.232309678e-07
8.232309678e-07
3.055569694e-06
1.413830492e-05
0.001541934921
0.001173666966
0.001541934921
0.00101419195
0.001102776048
0.001261654691
0.00147015896
0.001715258708
0.0019961712
0.002250616369
0.002744878097
0.003169846261
0.003356218369
0.003658693703
0.004401135864
0.005122899112
0.005473508436
0.005412198635
0.004781502266
0.002911519519
0.001134569515
0.0003170549578
8.090547843e-05
8.090547843e-05
1.633861925e-05
1.749537535e-07
2.189000204e-07
2.189000204e-07
2.332164321e-07
2.605708391e-07
2.605708391e-07
2.808875648e-07
3.269990723e-07
2.808875648e-07
3.264450356e-07
2.80287038e-07
3.269990723e-07
3.999257273e-07
3.999257273e-07
4.776726479e-07
4.776726479e-07
5.310620378e-07
7.781152691e-07
5.169478865e-07
7.781152691e-07
2.73749925e-06
0.001173666966
0.00131063475
0.001173666966
0.000734802565
0.000247640851
0.0008154820143
0.0005180784322
0.000905180004
0.001220520567
0.001485019303
0.001772962949
0.002011464414
0.002543109626
0.002816760772
0.003148691403
0.003559245505
0.004310351904
0.005057784057
0.005444036499
0.005391744512
0.00480000109
0.002977756617
0.00115833771
0.0003217991776
8.209263916e-05
1.633861925e-05
1.633861925e-05
2.964191842e-06
1.749693675e-07
2.191560882e-07
2.191560882e-07
2.335521597e-07
2.608136208e-07
2.80287038e-07
2.608136208e-07
2.800869422e-07
2.80287038e-07
3.221937394e-07
3.221937394e-07
3.898397838e-07
3.898397838e-07
4.644943042e-07
4.644943042e-07
5.169478865e-07
5.169478865e-07
7.392948433e-07
0.00131063475
0.00131063475
0.0007429935141
0.0006000444588
0.0008154820143
0.0009837235531
0.0008154820143
0.0008154820143
0.000408682017
0.001041957598
0.0007480773494
0.001274885643
0.001049375691
0.001476853939
0.001308947681
0.001674236388
0.001586298861
0.001887362514
0.001802473261
0.002164645087
0.002274209552
0.002515626729
0.002506922614
0.002969727891
0.00291433381
0.00390608335
0.003480775901
0.004503199565
0.004333603073
0.00554767192
0.005129501105
0.006148772825
0.005526642281
0.006404502592
0.005507086701
0.006298252454
0.005011273275
0.005818515134
0.003336239481
0.004262868338
0.001357564543
0.0003736811971
8.759838368e-05
1.886877851e-05
2.964191842e-06
2.964191842e-06
7.414480513e-07
1.750425374e-07
2.194323769e-07
2.194323769e-07
2.339274758e-07
2.610615665e-07
2.786412222e-07
2.610615665e-07
2.784787116e-07
2.62024579e-07
2.786412222e-07
3.147882216e-07
3.147882216e-07
3.754675219e-07
3.754675219e-07
4.480028864e-07
4.480028864e-07
5.024583082e-07
5.024583082e-07
0.0008395398833
0.000825241222
0.0008284349186
0.0008525577405
0.001267512189
0.000888472186
0.001267512189
0.0007434410029
0.0009837235531
0.0009837235531
0.000810284141
0.001041957598
0.001274885643
0.001476853939
0.001674236388
0.001887362514
0.002164645087
0.002515626729
0.002969727891
0.00390608335
0.004503199565
0.00554767192
0.006148772825
0.006404502592
0.006298252454
0.005818515134
0.004262868338
0.004262868338
0.001392008484
0.002451240453
0.0003854196517
0.000697279737
9.605077202e-05
0.0001677593649
1.822673847e-05
2.880290903e-06
7.414480513e-07
7.414480513e-07
1.750961909e-07
2.19708058e-07
2.19708058e-07
2.62024579e-07
2.34503049e-07
2.619815066e-07
2.351015306e-07
2.62024579e-07
2.79249226e-07
2.79249226e-07
3.139549614e-07
3.139549614e-07
3.707796319e-07
3.103849914e-07
3.707796319e-07
4.408353181e-07
3.590352628e-07
4.408353181e-07
4.938475337e-07
4.253781214e-07
4.938475337e-07
0.0009209042398
0.0009166027235
0.0009080621739
0.0008395398833
0.0008941536232
0.0008395398833
0.000825241222
0.0008284349186
0.0008525577405
0.000888472186
0.0006292749989
0.0005811407608
0.0008249959919
0.001048428767
0.0008249959919
0.000699518083
0.0009007579462
0.001106055001
0.001284920052
0.001469141623
0.001681763742
0.001954173573
0.002274120479
0.002788614814
0.003647499097
0.004100520796
0.005349670688
0.0062256215
0.006694675638
0.006628152936
0.006221434386
0.00485759881
0.002451240453
0.000697279737
0.0001677593649
0.0001677593649
2.314090175e-05
2.808565056e-05
3.264907514e-06
7.590812214e-07
7.590812214e-07
4.771234641e-07
1.752703753e-07
2.200702729e-07
1.753109259e-07
2.200702729e-07
2.351015306e-07
2.351015306e-07
2.627851726e-07
2.627851726e-07
2.793193835e-07
3.103849914e-07
2.793193835e-07
3.100797446e-07
3.103849914e-07
3.590352628e-07
3.590352628e-07
4.253781214e-07
4.253781214e-07
0.0009815073794
0.0009685160987
0.0009209042398
0.0009607509784
0.0009209042398
0.0009166027235
0.0009080621739
0.0008941536232
0.0008800461225
0.0008725216608
0.0008773950841
0.0008963251815
0.00092375539
0.0006835451084
0.001048428767
0.001783133579
0.001048428767
0.0009130226531
0.0007335065472
0.000900123734
0.001088279785
0.001250507251
0.001411328956
0.001605548113
0.001853514997
0.002144919294
0.002675261177
0.003373670243
0.00374718384
0.004968773205
0.005956502538
0.006552664105
0.006505463615
0.006117477095
0.00476457757
0.002319221658
0.0006398770581
0.0001401971665
2.808565056e-05
2.808565056e-05
2.675203566e-06
5.693171235e-06
6.80284761e-07
4.771234641e-07
4.771234641e-07
1.753109259e-07
2.204140075e-07
2.357096226e-07
2.357096226e-07
2.640262116e-07
2.640262116e-07
2.812146273e-07
3.113390864e-07
2.812146273e-07
3.109846694e-07
3.113390864e-07
3.584944545e-07
3.584944545e-07
4.248439633e-07
4.248439633e-07
0.001057054542
0.0009815073794
0.001041559555
0.0009815073794
0.0009685160987
0.0009607509784
0.0009568642776
0.0009548543696
0.0009537806943
0.0009559920397
0.0009590466838
0.0009675224868
0.0009863044243
0.002574138262
0.001019326838
0.00253069731
0.001055807531
0.001783133579
0.002315213487
0.001783133579
0.001472423776
0.001199076824
0.0009000399124
0.0009263230277
0.001084412943
0.001266466756
0.001449069282
0.001626279992
0.001838340774
0.002081967204
0.002494813693
0.003337500769
0.00383448682
0.0053079326
0.006555309909
0.0073517063
0.007309000918
0.006927972323
0.005721361125
0.003369900183
0.001031898833
0.0002431774889
4.509261466e-05
5.693171235e-06
5.693171235e-06
7.709328766e-07
4.834811233e-07
4.834811233e-07
1.756741411e-07
2.208343713e-07
2.363611608e-07
2.363611608e-07
2.649048316e-07
2.649048316e-07
2.819484431e-07
3.103351164e-07
2.819484431e-07
3.100362392e-07
2.852906221e-07
3.103351164e-07
3.523675434e-07
3.523675434e-07
4.08976476e-07
4.08976476e-07
0.001057054542
0.00117672981
0.001057054542
0.001041559555
0.001026278719
0.001014002969
0.001006822226
0.001004723693
0.003047916063
0.001007961197
0.003031634037
0.001016603218
0.003017421812
0.001034177407
0.003002575698
0.001057315513
0.002985145159
0.001089369006
0.002574138262
0.00296331187
0.002574138262
0.00253069731
0.002315213487
0.002118046524
0.001880163731
0.001630540104
0.00131312454
0.001244011347
0.001294390834
0.001452002297
0.001642817014
0.001782154866
0.00197801433
0.002119470187
0.00249063303
0.003307175514
0.00400483196
0.005528858642
0.006848997034
0.00754001939
0.00741995313
0.006921916038
0.005485549337
0.00291476476
0.0008141661514
0.0001765724171
3.41266036e-05
4.126234543e-06
4.126234543e-06
6.675231379e-07
1.116443172e-06
4.607039919e-07
4.607039919e-07
1.75664208e-07
2.21909615e-07
2.377835952e-07
2.377835952e-07
2.668742627e-07
2.852906221e-07
2.668742627e-07
2.85172179e-07
2.852906221e-07
3.144872542e-07
3.144872542e-07
3.563061711e-07
3.563061711e-07
4.118904579e-07
3.517686562e-07
4.118904579e-07
0.00117672981
0.001200810771
0.00117672981
0.001160164743
0.0011437959
0.001125768474
0.001104439433
0.003353156669
0.001082683465
0.003047916063
0.003334830871
0.003047916063
0.003031634037
0.003017421812
0.003002575698
0.002985145159
0.00296331187
0.002941825117
0.0029283283
0.0026364137
0.002416075222
0.002172088148
0.00191763678
0.004264317189
0.001627587379
0.004228835733
0.001456965966
0.004189427523
0.001390531043
0.004147255758
0.001423666793
0.004110660178
0.001592084736
0.004091609483
0.001873744159
0.0041090084
0.002053578147
0.004186227061
0.002211413943
0.00434065371
0.002516459829
0.00449114081
0.003240928847
0.004469085221
0.004100587505
0.004533321484
0.005593891948
0.005039853732
0.007124915387
0.006553672315
0.008297787188
0.008077673099
0.008335264015
0.00881323603
0.007942854212
0.008532844616
0.006809165484
0.00475520713
0.00192191235
0.0004179400746
8.212663197e-05
9.686890206e-06
1.116443172e-06
1.116443172e-06
4.808980562e-07
4.808980562e-07
4.034549104e-07
1.765172068e-07
2.226073614e-07
2.387407469e-07
2.387407469e-07
2.680512035e-07
2.863855786e-07
2.680512035e-07
2.862875557e-07
2.863855786e-07
3.140603585e-07
3.517686562e-07
3.140603585e-07
3.512802252e-07
3.517686562e-07
3.66298558e-07
3.689469026e-07
3.676547287e-07
3.676547287e-07
3.703979676e-07
3.703979676e-07
3.648439729e-07
3.7500511e-07
3.725107839e-07
3.725107839e-07
3.855952071e-07
3.788760422e-07
3.788760422e-07
4.465442352e-07
4.004117524e-07
4.004117524e-07
3.786413672e-07
0.0004579764626
5.744931876e-06
6.128149421e-07
6.128149421e-07
4.29934728e-07
0.01247893309
0.01247893309
0.0003761569284
4.106192551e-06
0.001200810771
0.001449570458
0.001200810771
0.001185184713
0.001171835084
0.001160174433
0.003877692596
0.001147206068
0.003353156669
0.003837813714
0.003353156669
0.003334830871
0.003319059716
0.003303143783
0.003286585461
0.003267419986
0.003244172685
0.003215265565
0.003185105334
0.003158299719
0.002864835245
0.002664737579
0.002460235547
0.004264317189
0.004264317189
0.004228835733
0.004189427523
0.004147255758
0.004110660178
0.004091609483
0.0041090084
0.004186227061
0.00434065371
0.00449114081
0.004469085221
0.004533321484
0.005039853732
0.006553672315
0.008077673099
0.00881323603
0.008532844616
0.008532844616
0.006102284497
0.007850285304
0.003495054502
0.006697459969
0.001068682002
0.0002154934367
3.922676114e-05
4.562933924e-06
7.558711034e-07
7.558711034e-07
4.4956721e-07
4.034549104e-07
4.034549104e-07
1.765407592e-07
2.263982111e-07
2.435879378e-07
2.320505848e-07
2.435879378e-07
2.734908537e-07
2.916851624e-07
2.734908537e-07
2.91528428e-07
2.916851624e-07
3.212128048e-07
3.664835808e-07
3.212128048e-07
3.658414464e-07
3.360186537e-07
3.664835808e-07
3.579229713e-07
3.559830563e-07
3.594313513e-07
3.594313513e-07
3.62286348e-07
3.610279552e-07
3.610279552e-07
3.635414574e-07
3.635414574e-07
3.661556127e-07
3.648439729e-07
3.648439729e-07
3.700015098e-07
3.679455494e-07
3.679455494e-07
3.731790823e-07
3.731790823e-07
3.737277357e-07
3.911586905e-07
3.786413672e-07
3.786413672e-07
5.70550712e-07
4.29934728e-07
4.29934728e-07
0.01124434371
0.0003761569284
4.106192551e-06
4.106192551e-06
5.613665923e-07
0.012447443
0.001449570458
0.001411356539
0.001449570458
0.001413558528
0.001384136314
0.004227757111
0.001360087653
0.003877692596
0.004170887341
0.003877692596
0.003837813714
0.003804333857
0.003775319447
0.003750049562
0.003727668164
0.0037062049
0.003684190347
0.003661319893
0.003640765682
0.003628609507
0.003630398839
0.003255453735
0.003010326574
0.002776937973
0.004730423821
0.005300380248
0.004730423821
0.004725539659
0.004702886171
0.004677546838
0.004656539231
0.004646989566
0.004660047418
0.00471600572
0.004841262324
0.005019503625
0.005126418448
0.005020855491
0.005136608183
0.005575859266
0.006961448868
0.007984317425
0.008215602531
0.007850285304
0.006697459969
0.006697459969
0.003690292094
0.002273485588
0.001106953568
0.0002088618045
2.52322827e-05
2.054283485e-06
2.054283485e-06
5.00974611e-07
4.698247369e-07
4.316893788e-07
4.316893788e-07
1.81174923e-07
2.320505848e-07
2.320505848e-07
2.501913591e-07
2.812835979e-07
3.022625068e-07
2.812835979e-07
3.019841303e-07
3.360186537e-07
3.022625068e-07
3.356447951e-07
3.360186537e-07
3.748706666e-07
3.748706666e-07
3.571711559e-07
3.546307851e-07
3.594367334e-07
3.594367334e-07
3.629169901e-07
3.611925603e-07
3.611925603e-07
3.643399147e-07
3.643399147e-07
3.503153694e-07
3.668188759e-07
3.655603291e-07
3.655603291e-07
3.681787674e-07
3.681787674e-07
3.560044993e-07
3.698535177e-07
3.691071713e-07
3.691071713e-07
3.715942611e-07
3.715942611e-07
3.606792637e-07
3.768100402e-07
3.737277357e-07
3.737277357e-07
3.93732962e-07
3.820877624e-07
3.820877624e-07
3.667467823e-07
4.308129288e-07
4.308129288e-07
3.763931177e-07
0.0003370433425
3.398643601e-06
5.613665923e-07
5.613665923e-07
0.012447443
0.012447443
0.0001887249725
0.001411356539
0.002606040711
0.001411356539
0.001365150707
0.001331777085
0.004227757111
0.005967390205
0.004227757111
0.004170887341
0.004126850604
0.004092502995
0.004066047191
0.004045522121
0.004029479306
0.004015631788
0.004001234849
0.003983698932
0.0039621905
0.003940288118
0.003922656058
0.003906404759
0.00353994621
0.003319923038
0.005300380248
0.006691783766
0.005300380248
0.005220846541
0.005225253302
0.005214196941
0.005201748288
0.005194658105
0.005195891327
0.005214093169
0.005274228692
0.005363369492
0.005379320556
0.005238418137
0.004873395236
0.005158675366
0.005787763096
0.00756510364
0.008367274579
0.008435815578
0.007587571218
0.005430716928
0.002273485588
0.002273485588
0.0003268522848
0.002412067997
5.589544102e-05
6.287201813e-06
8.415968932e-07
4.698247369e-07
4.698247369e-07
4.196485754e-07
4.196485754e-07
1.870312493e-07
2.625263274e-07
2.625263274e-07
2.795964081e-07
3.109139157e-07
3.224085845e-07
3.109139157e-07
3.222061025e-07
3.776890323e-07
3.439714386e-07
3.224085845e-07
3.437321474e-07
3.439714386e-07
3.751019372e-07
3.751019372e-07
3.343461968e-07
3.411083238e-07
3.378404944e-07
3.378404944e-07
3.440949492e-07
3.440949492e-07
3.474368139e-07
3.474368139e-07
3.529329389e-07
3.503153694e-07
3.503153694e-07
3.545989584e-07
3.545989584e-07
3.576322637e-07
3.560044993e-07
3.560044993e-07
3.591165162e-07
3.591165162e-07
3.62541862e-07
3.606792637e-07
3.606792637e-07
3.644695275e-07
3.644695275e-07
3.868454261e-07
3.695733738e-07
3.667467823e-07
3.667467823e-07
4.002707248e-07
3.763931177e-07
3.763931177e-07
3.938528451e-07
1.816663321e-06
4.823691764e-07
4.823691764e-07
4.295182481e-07
0.009220719049
0.0001887249725
0.0001887249725
4.599093984e-06
0.01639371492
0.002606040711
0.00136931715
0.002606040711
0.002499881807
0.002412459185
0.005967390205
0.002596029662
0.005967390205
0.005927494237
0.005892790608
0.005862731412
0.005836775768
0.00581456271
0.005795599907
0.005779468194
0.005765750743
0.005754369283
0.005744740369
0.004271739061
0.005735009918
0.004252185653
0.005728188635
0.00422556295
0.00574159269
0.004194364398
0.005813573488
0.004158080766
0.005300306265
0.006691783766
0.004058261419
0.006691783766
0.006583228898
0.006493634344
0.006508869215
0.00650855789
0.006505374294
0.006506921369
0.006512358508
0.006529360397
0.006572029798
0.006668337313
0.006815684871
0.007023457242
0.007162209467
0.007084158895
0.006693323417
0.006358119121
0.00621116047
0.006036147775
0.005902483284
0.005416975689
0.004635495178
0.002412067997
0.002412067997
0.0003540122952
5.331637434e-05
4.166545962e-05
2.946068838e-06
5.928454591e-07
5.928454591e-07
4.516189086e-07
4.516189086e-07
2.203581908e-07
3.247143657e-07
3.247143657e-07
3.776890323e-07
3.563537828e-07
3.774857811e-07
3.776890323e-07
3.918534202e-07
4.335070157e-07
3.918534202e-07
4.32537584e-07
4.335070157e-07
4.710941923e-07
4.710941923e-07
3.654775473e-07
3.711554655e-07
3.711554655e-07
3.754536724e-07
3.73677879e-07
3.73677879e-07
3.768613052e-07
3.768613052e-07
3.782972947e-07
3.782972947e-07
3.808206618e-07
3.796244499e-07
3.796244499e-07
3.818495723e-07
3.818495723e-07
3.836236678e-07
3.827650467e-07
3.827650467e-07
3.845287332e-07
3.845287332e-07
3.855451223e-07
3.855451223e-07
3.885497771e-07
3.868454261e-07
3.868454261e-07
3.911639535e-07
3.911639535e-07
4.014983619e-07
3.938528451e-07
3.938528451e-07
5.379222012e-07
4.295182481e-07
4.295182481e-07
0.0004712883751
4.599093984e-06
4.599093984e-06
0.01639371492
0.01639371492
0.00136931715
0.00136931715
0.001494378485
0.00161006102
0.002596029662
0.002596029662
0.002695967568
0.00275001023
0.002781021269
0.002776143259
0.002787125616
0.00277879548
0.002768756674
0.00275719076
0.002745214249
0.002734489953
0.004271739061
0.004271739061
0.004252185653
0.00422556295
0.004194364398
0.004158080766
0.004058261419
0.004022236955
0.004000103833
0.003986359137
0.003975074322
0.003967183789
0.003960909665
0.003958209576
0.003961971478
0.00397522733
0.003974331049
0.003954310396
0.003896287259
0.003770185206
0.004023987296
0.004838370074
0.007376869186
0.00895076674
0.008656371685
0.006305419701
0.00233140913
0.001121004122
0.0005814183802
0.000253192072
5.331637434e-05
5.331637434e-05
3.525115431e-06
7.029588118e-07
5.361669771e-07
5.361669771e-07
5.097878954e-07
5.097878954e-07
)
;
    }
    procBoundary3to2
    {
        type            processor;
        value           nonuniform List<scalar> 
4364
(
0.00222598902
0.001861844264
0.00222598902
3.989885341e-07
5.15274034e-07
3.348547553e-07
3.561037899e-07
3.561037899e-07
3.561037899e-07
3.232485801e-07
3.232485801e-07
3.232485801e-07
3.155565486e-07
3.155565486e-07
3.155565486e-07
3.119849478e-07
3.119849478e-07
3.119849478e-07
3.091229631e-07
3.091229631e-07
3.091229631e-07
3.083996937e-07
3.083996937e-07
3.075651988e-07
3.079793604e-07
3.079793604e-07
3.079793604e-07
3.072246335e-07
3.072246335e-07
3.07619466e-07
3.069366874e-07
3.069366874e-07
3.069366874e-07
3.072895281e-07
3.072895281e-07
3.072964453e-07
3.070659979e-07
3.070659979e-07
3.070659979e-07
3.07023223e-07
3.07023223e-07
3.078166231e-07
3.067674038e-07
3.067674038e-07
3.067674038e-07
3.076198251e-07
3.076198251e-07
3.082142013e-07
3.072378685e-07
3.072378685e-07
3.072378685e-07
3.099500957e-07
3.079313075e-07
3.079313075e-07
3.079313075e-07
3.128483106e-07
3.097294942e-07
3.097294942e-07
3.097294942e-07
3.201764574e-07
3.201764574e-07
3.125508154e-07
3.125508154e-07
3.125508154e-07
6.476598217e-07
6.292296883e-07
6.144090367e-07
5.875534971e-07
5.237141001e-07
5.237141001e-07
4.30007338e-07
4.30007338e-07
3.685851397e-07
3.685851397e-07
3.358614746e-07
3.358614746e-07
3.358614746e-07
0.002564181812
0.002564181812
0.002937562539
0.002937562539
0.003378191598
0.003378191598
0.003881958118
0.003881958118
0.004433775699
0.004433775699
0.005003840155
0.005003840155
0.005544129971
0.005544129971
0.005986216186
0.005986216186
0.00625249376
0.00625249376
0.006293695227
0.006293695227
0.006205136381
0.006205136381
0.006222059489
0.006222059489
0.006588039684
0.006588039684
0.007082819224
0.007082819224
0.005877048692
0.005877048692
0.002129229576
0.002129229576
0.0004876365253
0.0004876365253
0.0001193521182
0.0001193521182
2.665887508e-05
2.665887508e-05
5.866380122e-06
5.866380122e-06
1.635517649e-06
1.635517649e-06
8.51299358e-07
8.51299358e-07
6.877218608e-07
6.877218608e-07
6.877218608e-07
0.001670510181
0.001670510181
3.571687793e-07
3.989347414e-07
5.151431637e-07
3.235734636e-07
3.347672182e-07
3.347672182e-07
3.347672182e-07
3.160170898e-07
3.160170898e-07
3.160170898e-07
3.096352028e-07
3.118639367e-07
3.118639367e-07
3.118639367e-07
3.084599901e-07
3.092376262e-07
3.092376262e-07
3.092376262e-07
3.076887388e-07
3.080480536e-07
3.080480536e-07
3.080480536e-07
3.076516452e-07
3.073517888e-07
3.073517888e-07
3.073517888e-07
3.076542877e-07
3.074639778e-07
3.074639778e-07
3.074435576e-07
3.071446425e-07
3.071446425e-07
3.071446425e-07
3.079208836e-07
3.072327347e-07
3.072327347e-07
3.077973725e-07
3.070069884e-07
3.070069884e-07
3.070069884e-07
3.08603603e-07
3.075418861e-07
3.075418861e-07
3.084415701e-07
3.074002137e-07
3.074002137e-07
3.074002137e-07
3.100782768e-07
3.082396135e-07
3.082396135e-07
3.098620616e-07
3.080336495e-07
3.080336495e-07
3.080336495e-07
3.135731989e-07
3.097092334e-07
3.097092334e-07
3.097092334e-07
3.214933646e-07
3.134527554e-07
3.134527554e-07
3.134527554e-07
3.744998654e-07
3.388773758e-07
3.213977542e-07
3.213977542e-07
3.213977542e-07
5.698902142e-07
5.245052658e-07
5.245052658e-07
4.39140232e-07
4.39140232e-07
3.746570105e-07
3.746570105e-07
3.388982003e-07
3.388982003e-07
3.388982003e-07
0.002019955102
0.002019955102
0.002453373157
0.002453373157
0.003028378988
0.003028378988
0.003761489823
0.003761489823
0.004643887057
0.004643887057
0.005628937004
0.005628937004
0.006624901879
0.006624901879
0.007493133717
0.007493133717
0.008058953158
0.008058953158
0.008168568697
0.008168568697
0.007960372871
0.007960372871
0.007861820267
0.007861820267
0.008417611722
0.008417611722
0.009398178347
0.009398178347
0.008156143307
0.008156143307
0.003306226252
0.003306226252
0.000929102114
0.000929102114
0.000169511288
0.000169511288
3.366061883e-05
3.366061883e-05
6.157006004e-06
6.157006004e-06
1.474226481e-06
1.474226481e-06
7.838722831e-07
7.838722831e-07
6.614751731e-07
6.614751731e-07
6.318831185e-07
6.318831185e-07
6.168892803e-07
6.168892803e-07
5.968915105e-07
5.968915105e-07
5.725556567e-07
5.725556567e-07
5.725556567e-07
0.002187902195
3.362498993e-07
3.563752761e-07
3.99205009e-07
5.164902611e-07
3.170171517e-07
3.170171517e-07
3.225534152e-07
3.225534152e-07
3.225534152e-07
3.082432351e-07
3.10293006e-07
3.10293006e-07
3.113347861e-07
3.113347861e-07
3.113347861e-07
3.075182484e-07
3.082551556e-07
3.078456686e-07
3.078456686e-07
3.078456686e-07
3.080837851e-07
3.07220109e-07
3.079065712e-07
3.079065712e-07
3.079065712e-07
3.078251959e-07
3.078936737e-07
3.070374651e-07
3.070374651e-07
3.070374651e-07
3.090470306e-07
3.07706576e-07
3.076609746e-07
3.076609746e-07
3.076609746e-07
3.089387752e-07
3.075031711e-07
3.075031711e-07
3.099645699e-07
3.087915835e-07
3.073800877e-07
3.073800877e-07
3.073800877e-07
3.098855621e-07
3.086750452e-07
3.086750452e-07
3.135144882e-07
3.097597541e-07
3.085131678e-07
3.085131678e-07
3.085131678e-07
3.134349635e-07
3.096675214e-07
3.096675214e-07
3.204720089e-07
3.133741033e-07
3.095140077e-07
3.095140077e-07
3.095140077e-07
3.354021179e-07
3.204542665e-07
3.132608324e-07
3.132608324e-07
3.666426303e-07
3.355394225e-07
3.204316108e-07
3.131794095e-07
3.131794095e-07
3.131794095e-07
4.240407252e-07
3.670570105e-07
3.356358765e-07
3.203929349e-07
3.203929349e-07
3.203929349e-07
5.437217307e-07
5.00554271e-07
4.247814045e-07
3.673255914e-07
3.673255914e-07
3.357530445e-07
3.357530445e-07
3.357530445e-07
5.956996237e-07
5.838366673e-07
5.647845152e-07
5.445219163e-07
5.445219163e-07
5.01386305e-07
5.01386305e-07
4.250768111e-07
4.250768111e-07
4.250768111e-07
0.002545465425
0.002545465425
0.002985656049
0.002985656049
0.003582610639
0.003582610639
0.00438220456
0.00438220456
0.005415742115
0.005415742115
0.006665417834
0.006665417834
0.008022276752
0.008022276752
0.009251845309
0.009251845309
0.01002302467
0.01002302467
0.01003503424
0.01003503424
0.009773528715
0.009773528715
0.01017017625
0.01017017625
0.01197559472
0.01197559472
0.01367953676
0.01367953676
0.01131209324
0.01131209324
0.003536470154
0.003536470154
0.0008243591983
0.0008243591983
0.000173628137
0.000173628137
3.340281105e-05
3.340281105e-05
6.466662509e-06
6.466662509e-06
1.511050419e-06
1.511050419e-06
7.461407554e-07
7.461407554e-07
6.220321057e-07
6.220321057e-07
6.01256974e-07
6.01256974e-07
5.86355391e-07
5.86355391e-07
5.665697465e-07
5.665697465e-07
5.665697465e-07
3.174016805e-07
3.229215266e-07
3.360274428e-07
3.560365216e-07
3.990610739e-07
5.16401364e-07
3.090493255e-07
3.077969224e-07
3.081370862e-07
3.070707166e-07
3.082948212e-07
3.079561656e-07
3.079561656e-07
3.104059467e-07
3.104059467e-07
3.110322319e-07
3.110322319e-07
3.110322319e-07
3.127360183e-07
3.097387069e-07
3.089127112e-07
3.076678722e-07
3.079511555e-07
3.067944727e-07
3.067944727e-07
3.079517226e-07
3.079517226e-07
3.079517226e-07
3.185248502e-07
3.126778958e-07
3.096694074e-07
3.088112965e-07
3.07488473e-07
3.077440039e-07
3.077440039e-07
3.077440039e-07
3.185154435e-07
3.126396129e-07
3.095687927e-07
3.086729514e-07
3.073591318e-07
3.073591318e-07
3.073591318e-07
3.305841744e-07
3.185097522e-07
3.125795769e-07
3.094979742e-07
3.085700209e-07
3.085700209e-07
3.085700209e-07
3.553362181e-07
3.306350119e-07
3.185031847e-07
3.125394925e-07
3.093937196e-07
3.093937196e-07
3.554721323e-07
3.306980459e-07
3.184954917e-07
3.12475675e-07
3.093196202e-07
3.093196202e-07
3.093196202e-07
4.035779704e-07
3.556144072e-07
3.307503138e-07
3.184861267e-07
3.124319142e-07
3.124319142e-07
4.038273814e-07
3.557656089e-07
3.308172566e-07
3.184744654e-07
3.123603886e-07
3.123603886e-07
3.123603886e-07
4.738379263e-07
4.041526236e-07
3.559264986e-07
3.308722767e-07
3.184593637e-07
3.184593637e-07
4.743047859e-07
4.044486038e-07
3.56106067e-07
3.309416956e-07
3.184393662e-07
3.184393662e-07
3.184393662e-07
5.215198225e-07
4.746952956e-07
4.048635151e-07
3.563073448e-07
3.309929527e-07
3.309929527e-07
3.309929527e-07
5.404814167e-07
5.220932115e-07
4.753196658e-07
4.052283633e-07
3.565433694e-07
3.565433694e-07
3.565433694e-07
5.617977558e-07
5.533266907e-07
5.414459683e-07
5.228835029e-07
4.757918846e-07
4.057514258e-07
4.057514258e-07
4.057514258e-07
1.110879823e-06
6.462631338e-07
5.750392375e-07
5.64506199e-07
5.554984521e-07
5.426987807e-07
5.236374939e-07
5.236374939e-07
4.765858093e-07
4.765858093e-07
4.765858093e-07
0.00516820797
0.00551434841
0.006020247332
0.006843919333
0.008129878485
0.009864341851
0.0114967575
0.01221922812
0.01195819296
0.01144883432
0.0124814328
0.0152965215
0.01710775527
0.01553719615
0.007365587166
0.002039350274
0.0005068818962
0.0001166913393
2.016401118e-05
4.085192915e-06
1.123059255e-06
6.534642083e-07
5.792455085e-07
5.68739998e-07
5.68739998e-07
5.574467243e-07
5.574467243e-07
5.439490749e-07
5.439490749e-07
5.439490749e-07
0.00343488069
0.00343488069
0.003896174874
0.003896174874
0.004502330892
0.004502330892
0.005336044465
0.005336044465
0.006519426851
0.006519426851
0.008098858568
0.008098858568
0.009894326032
0.009894326032
0.01135444761
0.01135444761
0.01170200556
0.01170200556
0.01135132744
0.01135132744
0.01126726995
0.01126726995
0.01279256107
0.01279256107
0.01562688124
0.01562688124
0.01558812448
0.01558812448
0.009489008709
0.009489008709
0.002762921981
0.002762921981
0.0005978517075
0.0005978517075
0.0001285288344
0.0001285288344
2.171299413e-05
2.171299413e-05
4.238287152e-06
4.238287152e-06
1.145810405e-06
1.145810405e-06
6.625382256e-07
6.625382256e-07
5.877667428e-07
5.877667428e-07
5.877667428e-07
5.260434208e-07
5.212226681e-07
5.300060095e-07
5.264304405e-07
5.21580296e-07
5.110247966e-07
4.93304393e-07
5.52880873e-07
5.303271892e-07
5.267759484e-07
5.218521097e-07
5.112833244e-07
4.935921587e-07
5.546260575e-07
5.307412143e-07
5.270912051e-07
5.221463663e-07
5.115442003e-07
4.939260958e-07
4.43971624e-07
7.267660119e-07
5.554785938e-07
5.310060927e-07
5.273779976e-07
5.223730618e-07
5.117653867e-07
4.941763996e-07
4.442470349e-07
3.836733964e-07
7.298052256e-07
5.569408041e-07
5.313475784e-07
5.276436626e-07
5.226249836e-07
5.119928568e-07
4.944754485e-07
4.446446194e-07
3.839932096e-07
3.459415786e-07
7.328650129e-07
5.578427836e-07
5.315695666e-07
5.278897791e-07
5.228217871e-07
5.121888218e-07
4.947014433e-07
4.448911258e-07
3.841942485e-07
3.460550287e-07
7.359878174e-07
5.591161155e-07
5.318596836e-07
5.281195242e-07
5.230439284e-07
5.123919288e-07
4.949756904e-07
4.452726554e-07
3.845074147e-07
3.462204887e-07
3.265526093e-07
1.823075791e-06
7.392342339e-07
5.599029432e-07
5.320434855e-07
5.283338898e-07
5.232170434e-07
5.125662802e-07
4.951785135e-07
4.454952228e-07
3.846916567e-07
3.463286628e-07
3.265893314e-07
3.169936717e-07
1.847097921e-06
7.426263162e-07
5.609743671e-07
5.323282998e-07
5.285375431e-07
5.234165257e-07
5.127483366e-07
4.954272972e-07
4.458493327e-07
3.849857133e-07
3.464839994e-07
3.266480053e-07
3.169887154e-07
3.121540337e-07
1.874051515e-06
7.462360569e-07
5.613695176e-07
5.324252933e-07
5.287325711e-07
5.235779819e-07
5.129098509e-07
4.956132714e-07
4.460522947e-07
3.851556556e-07
3.465860131e-07
3.266805991e-07
3.169730765e-07
3.121139874e-07
3.096333763e-07
1.988561955e-06
7.617095048e-07
5.639262044e-07
5.327426457e-07
5.289003442e-07
5.237432727e-07
5.130654125e-07
4.958340907e-07
4.463784517e-07
3.854308524e-07
3.467329053e-07
3.267375577e-07
3.169756448e-07
3.12055477e-07
3.09563014e-07
3.089497041e-07
3.078804778e-07
2.111180968e-06
7.783398179e-07
5.658328338e-07
5.331693643e-07
5.291492206e-07
5.24001234e-07
5.133732071e-07
4.962956432e-07
4.470143511e-07
3.859303068e-07
3.469969763e-07
3.26838569e-07
3.169819081e-07
3.120281759e-07
3.094696781e-07
3.088166292e-07
3.077641774e-07
3.081877651e-07
3.073172688e-07
2.249643233e-06
7.972129106e-07
5.698484357e-07
5.33485586e-07
5.293057956e-07
5.241651163e-07
5.13521007e-07
4.965004182e-07
4.473275574e-07
3.861970477e-07
3.471409643e-07
3.268949259e-07
3.169853484e-07
3.119696842e-07
3.094003654e-07
3.087180318e-07
3.075770916e-07
3.079801797e-07
3.071277338e-07
3.083744197e-07
3.081903861e-07
3.108723014e-07
2.426291459e-06
8.196998822e-07
5.726190012e-07
5.340665513e-07
5.29558707e-07
5.244084663e-07
5.138190559e-07
4.969670764e-07
4.479911276e-07
3.86733247e-07
3.474245393e-07
3.270047252e-07
3.169979031e-07
3.119449875e-07
3.093071548e-07
3.085852492e-07
3.085852492e-07
3.07461705e-07
3.07461705e-07
3.077978079e-07
3.077978079e-07
3.068356146e-07
3.068356146e-07
3.08026943e-07
3.08026943e-07
3.078532722e-07
3.078532722e-07
3.103947818e-07
3.103947818e-07
3.111640666e-07
3.111640666e-07
3.170033576e-07
3.170033576e-07
3.225881579e-07
3.225881579e-07
3.356953747e-07
3.356953747e-07
3.558129562e-07
3.558129562e-07
3.987393831e-07
3.987393831e-07
5.148243634e-07
5.148243634e-07
2.478500209e-06
8.272218501e-07
5.731542945e-07
5.342576489e-07
5.297335414e-07
5.245859627e-07
5.139705907e-07
4.971425095e-07
4.482405242e-07
3.869241137e-07
3.475316386e-07
3.270454849e-07
3.169874745e-07
3.118850902e-07
3.118850902e-07
3.092376589e-07
3.092376589e-07
3.092376589e-07
2.514971275e-06
8.32914663e-07
5.735715306e-07
5.344367228e-07
5.299308815e-07
5.247279892e-07
5.141097468e-07
4.973240042e-07
4.484592029e-07
3.871345273e-07
3.476539641e-07
3.270872273e-07
3.169779946e-07
3.169779946e-07
3.169779946e-07
1.277041107e-05
2.536254151e-06
8.368781421e-07
5.739121663e-07
5.346658927e-07
5.300944511e-07
5.249048039e-07
5.142598528e-07
4.974983975e-07
4.487133309e-07
3.873270953e-07
3.477622018e-07
3.271282998e-07
3.271282998e-07
1.277767705e-05
2.543725255e-06
8.396985423e-07
5.742735683e-07
5.348762799e-07
5.303375465e-07
5.250698673e-07
5.144120808e-07
4.976863581e-07
4.489335638e-07
3.875398868e-07
3.478855029e-07
3.271698395e-07
3.271698395e-07
3.271698395e-07
1.27746406e-05
2.548356683e-06
8.417496368e-07
5.746360916e-07
5.351663893e-07
5.305581757e-07
5.252889082e-07
5.145841497e-07
4.978713005e-07
4.491971529e-07
3.877347153e-07
3.479948008e-07
3.479948008e-07
3.479948008e-07
1.27627694e-05
2.547221446e-06
8.431841679e-07
5.750743648e-07
5.354396692e-07
5.308808735e-07
5.254927201e-07
5.147597985e-07
4.980743897e-07
4.494253403e-07
3.879557907e-07
3.879557907e-07
6.58170446e-05
1.274331728e-05
2.547706636e-06
8.433637213e-07
5.755894762e-07
5.358502934e-07
5.311812558e-07
5.257752188e-07
5.149658524e-07
4.982783723e-07
4.497098273e-07
3.881589983e-07
3.881589983e-07
3.881589983e-07
6.509362127e-05
1.270802225e-05
2.550304475e-06
8.418159727e-07
5.761489235e-07
5.362489011e-07
5.316547563e-07
5.260528145e-07
5.151878589e-07
4.985136938e-07
4.499575883e-07
4.499575883e-07
0.0003277548826
6.414091825e-05
1.26727021e-05
2.555033364e-06
8.405472736e-07
5.772347683e-07
5.368995829e-07
5.321208663e-07
5.264654931e-07
5.154648622e-07
4.987594042e-07
4.502861718e-07
4.502861718e-07
4.502861718e-07
0.004657135115
0.001313830187
0.0003270850281
6.332378685e-05
1.265352362e-05
2.561240011e-06
8.419209459e-07
5.779960638e-07
5.375494322e-07
5.328931782e-07
5.268868874e-07
5.15777564e-07
4.990587361e-07
4.990587361e-07
0.01297085893
0.01313902914
0.01100895208
0.004638742235
0.001303666852
0.0003258851591
6.275003172e-05
1.264342563e-05
2.5688386e-06
8.429129344e-07
5.799250346e-07
5.386767058e-07
5.336716587e-07
5.275423113e-07
5.161851219e-07
4.993812466e-07
4.993812466e-07
4.993812466e-07
0.005406713986
0.007080033459
0.007699879485
0.007216416951
0.006492273509
0.006554259754
0.007443892407
0.008864108954
0.01056127723
0.01228198375
0.01344137613
0.0135660451
0.0111898193
0.004642876425
0.001293643293
0.000324267549
6.241153426e-05
1.263670776e-05
2.577249374e-06
8.449759083e-07
5.812749242e-07
5.398301142e-07
5.349918458e-07
5.282196969e-07
5.166557531e-07
5.166557531e-07
5.166557531e-07
0.005641244042
0.007036363347
0.008830896442
0.009624233362
0.009088565542
0.008018910204
0.007981039526
0.009209554626
0.01114882849
0.01313730323
0.0143598119
0.01432252197
0.01142845572
0.004675820303
0.001284157555
0.0003224842707
6.23408972e-05
1.264653658e-05
2.586698656e-06
8.479279701e-07
5.848685944e-07
5.418857006e-07
5.363074159e-07
5.363074159e-07
5.293071677e-07
5.293071677e-07
5.293071677e-07
0.005887326641
0.006791999204
0.008477272661
0.01028792938
0.01120785992
0.01071556842
0.009605934957
0.009856961094
0.01180726119
0.01444683678
0.01604157647
0.01553053406
0.01197881097
0.004768306573
0.001291508971
0.0003212091516
6.244518997e-05
1.268868021e-05
2.600017007e-06
8.522540462e-07
8.522540462e-07
5.870942999e-07
5.870942999e-07
5.440270348e-07
5.440270348e-07
5.440270348e-07
0.00549873598
0.005810783628
0.005810783628
0.006443689797
0.006443689797
0.007659890028
0.007659890028
0.009550925187
0.009550925187
0.01132727249
0.01132727249
0.0121985005
0.0121985005
0.01174105772
0.01174105772
0.01088464508
0.01088464508
0.01165269398
0.01165269398
0.01426139394
0.01426139394
0.01681738585
0.01681738585
0.01710681624
0.01710681624
0.01283614005
0.01283614005
0.005099363525
0.005099363525
0.001323091705
0.001323091705
0.0003231238502
0.0003231238502
6.291567076e-05
6.291567076e-05
1.279641526e-05
1.279641526e-05
2.62201024e-06
2.62201024e-06
2.62201024e-06
8.699669686e-07
5.765829497e-07
5.091008902e-07
5.002414726e-07
4.96816377e-07
0.01001164704
0.01117668269
0.01115287503
0.009775620851
0.00478903165
0.001479163389
0.0004317667656
9.23005436e-05
1.888929186e-05
3.686595992e-06
1.15919071e-06
6.01197314e-07
5.18254255e-07
5.027785698e-07
4.995204319e-07
4.974099656e-07
4.93697637e-07
4.8535439e-07
0.0008149723569
0.001716197673
0.002596737525
0.003473342956
0.004425228353
0.005501268718
0.006740433068
0.008165609512
0.009732427246
0.01115447928
0.01152016484
0.01049016211
0.006276075779
0.001983709123
0.0005493865295
0.0001365153352
2.655645503e-05
4.984488802e-06
1.320575262e-06
6.575658873e-07
5.242679033e-07
5.052237643e-07
5.010440824e-07
4.993261745e-07
4.957385542e-07
4.869789508e-07
4.67391498e-07
0.0007967408959
0.001638606008
0.002465322238
0.003298462356
0.004207385954
0.00524084663
0.006444815687
0.007860067016
0.009465227718
0.01109275197
0.01180033105
0.01098188151
0.007516475905
0.002567664979
0.0007387290275
0.0001829350521
3.632029529e-05
6.541838366e-06
1.520943937e-06
6.842897877e-07
5.358623553e-07
5.073569493e-07
5.029079598e-07
5.008480802e-07
4.974488009e-07
4.883754988e-07
4.688768775e-07
4.158348822e-07
0.0007898171883
0.001575534928
0.002361631217
0.00316230068
0.00403918409
0.005039154254
0.006211632386
0.007605600343
0.009221349838
0.01096454988
0.01194742963
0.01141390483
0.00854789397
0.003157948729
0.0008665092677
0.000236282658
4.765366216e-05
8.364233007e-06
1.7532101e-06
7.461039655e-07
5.416666462e-07
5.093137248e-07
5.039680638e-07
5.021532795e-07
4.987339925e-07
4.894276762e-07
4.699247422e-07
4.168583731e-07
3.662631861e-07
0.0007932882574
0.001524478385
0.002278861113
0.003056161881
0.003909371082
0.004883890663
0.006030749335
0.007400539091
0.00900626292
0.01080866987
0.0120858343
0.01176603061
0.009416194071
0.003691798696
0.00104055676
0.0002646179276
6.315972205e-05
1.051519863e-05
2.010130831e-06
7.770282661e-07
5.529723195e-07
5.110717886e-07
5.052482068e-07
5.031788944e-07
4.998297209e-07
4.903413592e-07
4.70912699e-07
4.179840352e-07
3.669630434e-07
0.0008056207607
0.001481769557
0.002214367018
0.002971417644
0.003804668181
0.004756764859
0.005878637726
0.007223973648
0.008822159441
0.01065724171
0.01212029899
0.01200226484
0.0101033731
0.004193916491
0.00119288533
0.0003078734134
6.873185596e-05
1.325615638e-05
2.280425476e-06
8.385942017e-07
5.58401006e-07
5.126111134e-07
5.059937781e-07
5.040789293e-07
5.006691891e-07
4.910495607e-07
4.716262052e-07
4.187090727e-07
3.674288573e-07
3.37789244e-07
0.0008270156066
0.001446514723
0.00216061613
0.002902266279
0.003718276424
0.004650596128
0.005750875839
0.007075761265
0.008666572448
0.0105202836
0.01212967594
0.01216183612
0.01053573054
0.004702311897
0.001330341637
0.0003457087945
8.137801104e-05
1.495703979e-05
2.535334523e-06
8.682308468e-07
5.68532303e-07
5.140158896e-07
5.06900987e-07
5.048039464e-07
5.014323208e-07
4.916917198e-07
4.723298458e-07
4.194721362e-07
3.679378952e-07
3.380134692e-07
0.0008594027234
0.001433820612
0.002134363727
0.002856892892
0.003652705006
0.004564073535
0.005644279491
0.006952432488
0.00853644649
0.01040085339
0.01212069694
0.01228813508
0.01082664748
0.00516329559
0.001457775502
0.0003836155694
8.883190204e-05
1.657730449e-05
2.77378007e-06
9.233937619e-07
5.732223042e-07
5.152198508e-07
5.074463979e-07
5.05462453e-07
5.020255717e-07
4.92212742e-07
4.728588076e-07
4.199831879e-07
3.682928695e-07
3.381757693e-07
0.0008978972627
0.001444447326
0.002131442717
0.002833365613
0.003606036523
0.004494547264
0.005555399908
0.006850180119
0.0084288465
0.01029885802
0.01210194852
0.01238883102
0.01103910946
0.00555844941
0.001581081813
0.0004189195505
0.0001003419365
1.839128827e-05
2.999003015e-06
9.490544672e-07
5.817547078e-07
5.163192867e-07
5.081094598e-07
5.059973753e-07
5.025725635e-07
4.926926822e-07
4.73397079e-07
4.205830414e-07
3.686956413e-07
3.383560622e-07
3.230121954e-07
0.0009329803947
0.001474176544
0.002142810038
0.00282329787
0.003572017172
0.00443771925
0.005480868689
0.006765730667
0.008341091941
0.01021344745
0.01208184866
0.0124647889
0.01119847762
0.005891180734
0.001694542104
0.0004557471246
0.000104750628
2.081123849e-05
3.211238153e-06
9.952540968e-07
5.855405381e-07
5.172464047e-07
5.085150537e-07
5.064928588e-07
5.030043751e-07
4.930891676e-07
4.738056447e-07
4.209936823e-07
3.68979522e-07
3.384884216e-07
3.230580582e-07
0.0009528609901
0.001491564163
0.002149336466
0.002813959586
0.003543198755
0.004389783303
0.00541803407
0.006695253108
0.008269899286
0.01014283525
0.01206102114
0.01253237514
0.01132378314
0.006167698526
0.001794753931
0.0004627633587
0.0001129329477
2.190860172e-05
3.399411183e-06
1.015953514e-06
5.924105795e-07
5.181009491e-07
5.090097006e-07
5.068994278e-07
5.068994278e-07
5.034183212e-07
5.034183212e-07
4.934614685e-07
4.742347712e-07
4.21487098e-07
3.693145136e-07
3.386420191e-07
3.230904823e-07
0.0009531391239
0.001493982273
0.002143979176
0.002799253625
0.003516882884
0.004349819681
0.005365382142
0.006634052141
0.008206536485
0.01008493619
0.01203941175
0.01258201233
0.01142253388
0.006397589764
0.001880888947
0.000483236208
0.0001154807601
2.363083598e-05
3.568693586e-06
1.052824997e-06
5.95333494e-07
5.188264504e-07
5.09319939e-07
5.09319939e-07
5.09319939e-07
4.937759607e-07
4.937759607e-07
4.937759607e-07
4.74564472e-07
4.74564472e-07
4.218280966e-07
3.695519181e-07
3.387536424e-07
3.2312702e-07
3.15536845e-07
0.0009301353983
0.00145316787
0.002112344979
0.002778046186
0.003496284814
0.004319944524
0.005322376326
0.006579093507
0.008146509199
0.01003194585
0.01201654477
0.01262100282
0.01150110264
0.006588779481
0.001954105112
0.000496409303
0.0001203732063
2.428358628e-05
3.715364922e-06
1.068649059e-06
6.007490622e-07
5.194933791e-07
5.194933791e-07
5.194933791e-07
4.22254506e-07
4.22254506e-07
3.698474423e-07
3.38893332e-07
3.231570532e-07
3.155211761e-07
0.0008916641736
0.001372178893
0.002061709712
0.002755194117
0.003488268168
0.004303588498
0.005288326869
0.006527831568
0.008086516219
0.009979050955
0.01199373381
0.01265118551
0.01156444469
0.00674747992
0.002015955355
0.0005143450208
0.0001225532707
2.549959944e-05
3.844826145e-06
1.097391144e-06
6.029668186e-07
6.029668186e-07
4.22546481e-07
4.22546481e-07
4.22546481e-07
3.700519887e-07
3.389908385e-07
3.231866979e-07
3.154905068e-07
3.116145896e-07
0.0008471496261
0.001246982454
0.002001839921
0.002739219123
0.003492554062
0.004303363101
0.005262204753
0.006479583806
0.00802579252
0.009921791683
0.011966712
0.01267361343
0.01161622673
0.006878928736
0.002068215466
0.0005307520187
0.000123915039
2.589986935e-05
3.956504751e-06
1.109257465e-06
6.072904847e-07
6.072904847e-07
6.072904847e-07
3.703282053e-07
3.703282053e-07
3.703282053e-07
3.391233241e-07
3.232204632e-07
3.154760805e-07
3.115406993e-07
0.0008115891773
0.001094359124
0.001943980267
0.002738709536
0.003504488962
0.004308909982
0.005241998261
0.00643438966
0.007964777473
0.009860411463
0.01193215925
0.01268835382
0.01165876164
0.006987978566
0.002112457615
0.0005457125846
0.0001275106442
2.676573008e-05
4.054648795e-06
1.13169143e-06
1.13169143e-06
3.392155784e-07
3.392155784e-07
3.392155784e-07
3.232472916e-07
3.15447392e-07
3.114954243e-07
3.094805751e-07
0.0007961608339
0.0009659000689
0.001899183496
0.002748566168
0.003523773532
0.004319385194
0.005226485791
0.006392600225
0.007904730975
0.009796659185
0.01188877335
0.01269421529
0.01169348392
0.007078558125
0.002150055289
0.000559482458
0.0001286362921
2.701885577e-05
4.139753773e-06
1.141209842e-06
1.141209842e-06
3.232831436e-07
3.232831436e-07
3.154345943e-07
3.114242917e-07
3.09404736e-07
0.0008076247407
0.0008660258106
0.001882708933
0.002772401484
0.003553973632
0.004333432095
0.005214813633
0.006354533897
0.007847635991
0.009733328101
0.0118413253
0.01269010605
0.01172078035
0.007154147723
0.002182074046
0.0005725446277
0.0001313147479
2.762966929e-05
4.214831987e-06
1.157724355e-06
1.157724355e-06
3.233092715e-07
3.233092715e-07
3.233092715e-07
3.154080441e-07
3.113810356e-07
3.092988409e-07
3.08949621e-07
0.0008537471595
0.0007964133502
0.001899634036
0.002816961367
0.003593609069
0.004352193769
0.005206246486
0.006320329575
0.007794934038
0.009672630942
0.01179391156
0.01267813318
0.01174049116
0.007219179688
0.002209365393
0.0005842334046
0.0001322670081
2.777844646e-05
4.27964349e-06
1.166510913e-06
1.166510913e-06
1.166510913e-06
3.153972194e-07
3.153972194e-07
3.153972194e-07
3.11312959e-07
3.092254379e-07
3.088400772e-07
0.0009337158427
0.0007865559231
0.001964097606
0.002881845182
0.003640624452
0.004374037593
0.005200088228
0.006289972988
0.007747389671
0.009616593704
0.01174990332
0.01266252307
0.01175385162
0.007280663218
0.002233443775
0.0005944631563
0.0001342821437
2.822405332e-05
4.336287808e-06
4.336287808e-06
3.112717945e-07
3.112717945e-07
3.112717945e-07
3.09122844e-07
3.08707167e-07
3.078144154e-07
0.00105033852
0.0008820382927
0.002086786167
0.002965053268
0.003692648829
0.004397497259
0.005195936574
0.006263471984
0.007705452136
0.009566657223
0.01171201842
0.01264802445
0.01176482446
0.007354560102
0.002249171147
0.0006031771299
0.0001350423311
2.822757224e-05
4.385530949e-06
4.385530949e-06
3.090509576e-07
3.090509576e-07
3.090509576e-07
3.085996476e-07
3.076328484e-07
3.082832362e-07
0.001200794102
0.001110321854
0.002266535915
0.003062889584
0.003746980241
0.004421082031
0.005191384291
0.006234335648
0.007656585356
0.009506042632
0.01166683803
0.01263141869
0.01177968405
0.007474453365
0.002240477218
0.0006030095181
0.0001351969149
2.858355207e-05
4.436184252e-06
4.436184252e-06
3.084679516e-07
3.084679516e-07
3.084679516e-07
3.075088541e-07
3.075088541e-07
3.080956508e-07
3.070949586e-07
0.001351119349
0.001419078226
0.002413084413
0.003130780409
0.003779979869
0.004434912684
0.005183691214
0.006172903736
0.007534055706
0.009322205299
0.01149390824
0.01259427108
0.0118366433
0.007856286536
0.002438013289
0.0006481054693
0.000145996314
2.998038626e-05
4.776729333e-06
4.776729333e-06
3.078940028e-07
3.078940028e-07
3.078940028e-07
3.068883846e-07
3.068883846e-07
3.084673981e-07
0.000757109385
0.001231664678
0.002452731007
0.003160881256
0.003795646415
0.004444804892
0.005185209227
0.006147594921
0.007478674214
0.009229480075
0.01137930044
0.01256897982
0.01186943863
0.008159970313
0.00260937475
0.0006973455033
0.0001547898531
3.272760834e-05
5.149334941e-06
5.149334941e-06
3.081167113e-07
3.081167113e-07
3.081167113e-07
3.079371098e-07
3.079371098e-07
3.108053461e-07
3.108053461e-07
0.0006925962309
0.001171029917
0.00243252455
0.003166793808
0.003800506098
0.00444901881
0.005186250511
0.006137033276
0.007450674778
0.00917926769
0.01130996457
0.01255462443
0.01189792264
0.008408269174
0.002784960792
0.0007476506157
0.0001690929179
3.460421749e-05
5.54618101e-06
5.54618101e-06
3.117968757e-07
3.117968757e-07
3.117968757e-07
3.17300509e-07
3.17300509e-07
3.233706106e-07
3.365368465e-07
3.574920581e-07
4.012152593e-07
5.195854871e-07
0.001167535235
0.002336843697
0.00311858577
0.003779541364
0.004442271041
0.005182700479
0.006132156417
0.007442887297
0.009161382661
0.01128113653
0.01255455535
0.01192799333
0.00861774293
0.002957378634
0.0008122802342
0.0001832049618
3.842680527e-05
5.970593765e-06
5.970593765e-06
0.001065862913
0.002155971371
0.002990341933
0.003703882358
0.004402848128
0.005171031397
0.006134924506
0.007450387331
0.009174153767
0.01129597945
0.01257668685
0.01195600191
0.008633301923
0.002962127246
0.0008131327315
0.0001843346242
3.842711877e-05
5.990617222e-06
5.990617222e-06
0.001435262245
0.00219199594
0.0029562154
0.003673402994
0.004383964907
0.005164422677
0.006140077196
0.007466213272
0.00920436172
0.01132412552
0.01259412936
0.01196981525
0.008638629997
0.002964067806
0.000813204826
0.0001852981312
3.850286474e-05
6.017150425e-06
6.017150425e-06
6.017150425e-06
0.00173051613
0.002289476399
0.002941496379
0.003646413416
0.004364016062
0.005157387484
0.006145703928
0.007481108186
0.00923054203
0.01134771346
0.01260967271
0.01198355528
0.008643143124
0.002966116963
0.0008128984179
0.0001859303247
3.857003471e-05
3.857003471e-05
0.001957501728
0.002409428423
0.00295857567
0.003629464194
0.00434650739
0.005151437725
0.006155642205
0.007503129647
0.00925954599
0.01137230857
0.01262794876
0.01199980943
0.00864980425
0.002968561985
0.00081218584
0.0001864470873
3.859050897e-05
3.859050897e-05
0.002164123784
0.002550887725
0.003028904503
0.003629390972
0.004337160421
0.005149564962
0.006173861913
0.00753569256
0.00929749398
0.01140232955
0.01265116259
0.01202783813
0.00865739996
0.00297095776
0.0008110720626
0.0001867748709
3.861083187e-05
3.861083187e-05
0.002386738724
0.002720522627
0.003145005773
0.003686245588
0.004355093272
0.00516860585
0.006210137721
0.007586158556
0.009354387904
0.01144353472
0.01268293308
0.01205344669
0.008666170652
0.002973004213
0.0008095189085
0.0001868539586
3.861172006e-05
3.861172006e-05
3.861172006e-05
0.002653701118
0.002925750731
0.003302217085
0.003800926316
0.004434788447
0.005237169801
0.006283270324
0.007667562387
0.009440026093
0.0115039084
0.01272883367
0.01211667672
0.008677658793
0.002974612228
0.0008070447892
0.000186850408
0.000186850408
0.00304576115
0.003192120169
0.003499923243
0.003965974228
0.004587923729
0.005381990581
0.006422123552
0.007801093195
0.009566088742
0.01159446969
0.01279412136
0.0121683499
0.008694318452
0.002976259391
0.0008033966712
0.000186771111
0.000186771111
0.000186771111
0.003668860191
0.003595447824
0.003758451836
0.00417633883
0.004798376718
0.005612498479
0.006659487149
0.008022253644
0.009758072128
0.01173214212
0.01287584933
0.01231829698
0.008716461286
0.002977378664
0.002977378664
0.0007994355241
0.0007994355241
0.0007994355241
0.004518236225
0.004404716383
0.004232539849
0.004467401024
0.00506196226
0.005918294765
0.007008989407
0.008369103464
0.01004699249
0.01192863889
0.01298988797
0.01298988797
0.01248265353
0.01248265353
0.008755983074
0.008755983074
0.008755983074
0.005269422419
0.005269422419
0.005844562324
0.005844562324
0.005439524848
0.005439524848
0.005112151451
0.005112151451
0.005428475957
0.005428475957
0.006256331629
0.006256331629
0.00743338078
0.00743338078
0.008854928303
0.008854928303
0.01048485588
0.01048485588
0.01224841613
0.01224841613
0.01224841613
0.001261547663
0.00314913893
0.004511089481
0.005736199965
0.006911064456
0.00802960815
0.009046939657
0.009759334146
0.00971627413
0.008554579609
0.00463506004
0.00156999396
0.0004420580836
0.0001199731413
2.497547684e-05
5.752059733e-06
1.530378417e-06
7.279749848e-07
5.20256841e-07
4.869598366e-07
4.785330411e-07
4.751222458e-07
4.732353099e-07
4.713625479e-07
0.001094446984
0.002632023939
0.003980121008
0.005190254264
0.006382829727
0.007569216821
0.008712577972
0.009714472317
0.01013260124
0.009638358718
0.007138522557
0.002739814869
0.0008599618597
0.0002374033423
5.300753448e-05
1.092285971e-05
2.647379565e-06
8.535634813e-07
5.705770264e-07
4.953316964e-07
4.831077833e-07
4.782100395e-07
4.769820998e-07
4.751156544e-07
4.710416606e-07
4.634758027e-07
0.001006739411
0.002337145515
0.003581360812
0.004731285833
0.005907794644
0.00713019646
0.008364860864
0.009572492658
0.01044187261
0.01033367099
0.008933965126
0.004282420127
0.001432929691
0.0004529785415
9.685604961e-05
1.99196252e-05
4.160687538e-06
1.296017036e-06
6.008436966e-07
6.008436966e-07
5.10685381e-07
5.10685381e-07
4.867135792e-07
4.867135792e-07
4.81698237e-07
4.81698237e-07
4.796691702e-07
4.796691702e-07
4.780913176e-07
4.745256162e-07
4.664933673e-07
4.454732868e-07
3.919091446e-07
0.0009384334293
0.00211672543
0.003240596674
0.004326972752
0.005461864426
0.006681638331
0.007977081469
0.009310227627
0.01044633524
0.01044633524
0.01078082465
0.01078082465
0.009862459245
0.009862459245
0.006259700496
0.006259700496
0.002094962262
0.002094962262
0.000615853679
0.000615853679
0.0001789279677
0.0001789279677
3.169596792e-05
3.169596792e-05
6.300776454e-06
6.300776454e-06
1.523387897e-06
1.523387897e-06
1.523387897e-06
4.806065635e-07
4.806065635e-07
4.806065635e-07
4.770967674e-07
4.770967674e-07
4.686924359e-07
4.686924359e-07
4.476847771e-07
3.937067984e-07
3.531591494e-07
0.0008874980908
0.0008874980908
0.001964433113
0.001964433113
0.00299841722
0.00299841722
0.00401045012
0.00401045012
0.005088824183
0.005088824183
0.006278975181
0.006278975181
0.007594594388
0.007594594388
0.009003690311
0.009003690311
0.009003690311
4.49706942e-07
4.49706942e-07
4.49706942e-07
3.957251261e-07
3.542651385e-07
3.316201307e-07
3.969916015e-07
3.969916015e-07
3.969916015e-07
3.549644011e-07
3.319070234e-07
3.557401714e-07
3.557401714e-07
3.557401714e-07
3.322221178e-07
3.203123851e-07
3.324317139e-07
3.324317139e-07
3.203575874e-07
3.326531849e-07
3.326531849e-07
3.326531849e-07
3.204056452e-07
3.20455025e-07
3.20455025e-07
3.144294207e-07
3.204840983e-07
3.204840983e-07
3.143990041e-07
3.205302117e-07
3.205302117e-07
3.205302117e-07
3.143627633e-07
3.143337431e-07
3.143337431e-07
3.111512954e-07
3.142995924e-07
3.142995924e-07
3.110992276e-07
3.142720025e-07
3.142720025e-07
3.142720025e-07
3.110156235e-07
3.109664073e-07
3.109664073e-07
3.092384922e-07
3.108866917e-07
3.108866917e-07
3.108866917e-07
3.091536013e-07
3.090452794e-07
3.090452794e-07
3.089022751e-07
3.089631181e-07
3.089631181e-07
3.089631181e-07
3.087778479e-07
3.086493226e-07
3.086493226e-07
3.08527268e-07
3.08527268e-07
3.08527268e-07
3.078097091e-07
3.076558056e-07
3.076558056e-07
3.074972068e-07
3.074972068e-07
3.074972068e-07
3.081413366e-07
3.07947943e-07
3.07947943e-07
3.07947943e-07
3.072364544e-07
3.070613733e-07
3.070613733e-07
3.070613733e-07
3.083236535e-07
3.083236535e-07
3.083236535e-07
3.081449913e-07
3.081449913e-07
3.081449913e-07
3.105962765e-07
3.105962765e-07
3.122213072e-07
3.122213072e-07
3.122213072e-07
3.173869449e-07
3.233203156e-07
3.233203156e-07
3.233203156e-07
3.360104961e-07
3.574623693e-07
4.009155455e-07
5.195302918e-07
0.002154376743
0.004816585363
0.006119220987
0.007232607349
0.008202267773
0.008932076995
0.009183544511
0.008688113918
0.006671241531
0.002577531282
0.000743679699
0.000187931538
4.875434539e-05
8.821800993e-06
2.347125336e-06
8.296085919e-07
5.61816308e-07
4.838801117e-07
4.687831858e-07
4.614539501e-07
4.562232804e-07
4.550488855e-07
4.532246998e-07
4.50777008e-07
0.001690217496
0.001690217496
0.00408081566
0.00408081566
0.005453719534
0.005453719534
0.006646082934
0.006646082934
0.007733230447
0.007733230447
0.008662707343
0.008662707343
0.009281095897
0.009281095897
0.009254192544
0.009254192544
0.008264933234
0.008264933234
0.00470263392
0.00470263392
0.001585418731
0.001585418731
0.0005400776389
0.0005400776389
0.0001007829781
0.0001007829781
2.875686148e-05
2.875686148e-05
4.307623846e-06
4.307623846e-06
1.377655947e-06
1.377655947e-06
6.314736806e-07
6.314736806e-07
5.159928986e-07
5.159928986e-07
4.741067166e-07
4.741067166e-07
4.658615048e-07
4.658615048e-07
4.613955912e-07
4.613955912e-07
4.58371515e-07
4.58371515e-07
4.580113186e-07
4.580113186e-07
4.559841458e-07
4.559841458e-07
4.511933948e-07
4.437962332e-07
4.558069008e-07
4.558069008e-07
4.558069008e-07
4.480798152e-07
4.480798152e-07
4.230386108e-07
3.735433971e-07
4.261760483e-07
4.261760483e-07
4.261760483e-07
3.755952036e-07
3.755952036e-07
3.433746912e-07
3.445362956e-07
3.445362956e-07
3.445362956e-07
3.269857516e-07
3.272442732e-07
3.272442732e-07
3.272442732e-07
3.180966443e-07
3.181089224e-07
3.181089224e-07
3.181232948e-07
3.181232948e-07
3.181232948e-07
3.134301761e-07
3.133511384e-07
3.133511384e-07
3.132843112e-07
3.132843112e-07
3.108429342e-07
3.132347528e-07
3.132347528e-07
3.132347528e-07
3.107201469e-07
3.106580762e-07
3.106580762e-07
3.105569919e-07
3.105569919e-07
3.105005147e-07
3.105005147e-07
3.105005147e-07
3.09089961e-07
3.089907881e-07
3.089907881e-07
3.088799978e-07
3.088799978e-07
3.087858215e-07
3.087858215e-07
3.087858215e-07
3.087393287e-07
3.086115586e-07
3.086115586e-07
3.084783354e-07
3.084783354e-07
3.084783354e-07
3.078961879e-07
3.078961879e-07
3.077294607e-07
3.077294607e-07
3.075770077e-07
3.075770077e-07
3.075770077e-07
3.081718638e-07
3.079711846e-07
3.079711846e-07
3.077699149e-07
3.077699149e-07
3.077699149e-07
3.077174291e-07
3.073996585e-07
3.073996585e-07
3.073996585e-07
3.083598076e-07
3.083598076e-07
3.080899136e-07
3.080899136e-07
3.080899136e-07
3.087425467e-07
3.084035919e-07
3.084035919e-07
3.084035919e-07
3.105439232e-07
3.126903286e-07
3.126903286e-07
3.126903286e-07
3.167963252e-07
3.167963252e-07
3.167963252e-07
3.241320298e-07
3.354949602e-07
3.354949602e-07
3.354949602e-07
3.574585043e-07
4.007100867e-07
5.210044197e-07
0.003789171236
0.006909468404
0.007944581102
0.008729811446
0.009163679123
0.008879397881
0.00758283371
0.004027845099
0.001374522963
0.0003791514157
7.929210224e-05
2.048395164e-05
2.718969769e-06
9.343268322e-07
5.903781687e-07
4.852306214e-07
4.571024331e-07
4.481546107e-07
4.428376009e-07
4.375415962e-07
4.356208917e-07
4.348283229e-07
0.002973811529
0.002973811529
0.005945903169
0.005945903169
0.007121099381
0.007121099381
0.008071519007
0.008071519007
0.008783700914
0.008783700914
0.009012596193
0.009012596193
0.008544933263
0.008544933263
0.006742423395
0.006742423395
0.002818204491
0.002818204491
0.0008574362008
0.0008574362008
0.0002349600544
0.0002349600544
4.012302694e-05
4.012302694e-05
1.092998974e-05
1.092998974e-05
2.628942367e-06
2.628942367e-06
7.485699209e-07
7.485699209e-07
5.463656998e-07
5.463656998e-07
4.695978568e-07
4.695978568e-07
4.559110922e-07
4.559110922e-07
4.48194202e-07
4.48194202e-07
4.443656178e-07
4.443656178e-07
4.414178312e-07
4.414178312e-07
4.39659854e-07
4.39659854e-07
4.390955916e-07
4.390955916e-07
4.362733299e-07
4.362733299e-07
4.308824499e-07
4.372655128e-07
4.372655128e-07
4.372655128e-07
4.293780405e-07
4.293780405e-07
4.004315287e-07
4.046033825e-07
4.046033825e-07
4.046033825e-07
3.604651708e-07
3.604651708e-07
3.370025287e-07
3.370025287e-07
3.370025287e-07
3.237594102e-07
3.237594102e-07
3.237594102e-07
3.165175725e-07
3.165175725e-07
3.165175725e-07
3.127137969e-07
3.127137969e-07
3.125630213e-07
3.125630213e-07
3.125630213e-07
3.105127999e-07
3.105127999e-07
3.103254672e-07
3.103254672e-07
3.103254672e-07
3.091181104e-07
3.091181104e-07
3.089800712e-07
3.089800712e-07
3.088633672e-07
3.088633672e-07
3.087487516e-07
3.087487516e-07
3.087487516e-07
3.086187847e-07
3.086187847e-07
3.08474609e-07
3.08474609e-07
3.083460018e-07
3.083460018e-07
3.083460018e-07
3.080019008e-07
3.080019008e-07
3.078493756e-07
3.078493756e-07
3.076779326e-07
3.076779326e-07
3.076779326e-07
3.080617995e-07
3.080617995e-07
3.078622982e-07
3.078622982e-07
3.078622982e-07
3.080417072e-07
3.078542699e-07
3.078542699e-07
3.078542699e-07
3.084003283e-07
3.081305961e-07
3.081305961e-07
3.081305961e-07
3.089770621e-07
3.089770621e-07
3.089770621e-07
3.103672463e-07
3.09971573e-07
3.09971573e-07
3.09971573e-07
3.131829252e-07
3.170125267e-07
3.170125267e-07
3.240705452e-07
3.240705452e-07
3.240705452e-07
3.361764026e-07
3.574240867e-07
3.574240867e-07
4.004447689e-07
5.209546011e-07
0.00496011924
0.00496011924
0.008335052379
0.008335052379
0.009174080886
0.009174080886
0.009670503327
0.009670503327
0.009353103186
0.009353103186
0.007995738128
0.007995738128
0.004440369817
0.004440369817
0.001188324211
0.001188324211
0.0003526731383
0.0003526731383
5.042035578e-05
5.042035578e-05
1.19978042e-05
1.19978042e-05
3.355480078e-06
3.355480078e-06
1.228087162e-06
1.228087162e-06
6.224940234e-07
6.224940234e-07
4.840780421e-07
4.840780421e-07
4.512248072e-07
4.512248072e-07
4.345952776e-07
4.345952776e-07
4.292811679e-07
4.292811679e-07
4.261633085e-07
4.261633085e-07
4.23775258e-07
4.23775258e-07
4.210632586e-07
4.210632586e-07
4.200288605e-07
4.200288605e-07
4.187800536e-07
4.246692207e-07
4.246692207e-07
4.246692207e-07
4.215659069e-07
4.215659069e-07
4.161539415e-07
4.161539415e-07
4.065275107e-07
4.131340207e-07
4.131340207e-07
4.131340207e-07
3.812228092e-07
3.812228092e-07
3.500448939e-07
3.500448939e-07
3.500448939e-07
3.308080385e-07
3.314536298e-07
3.314536298e-07
3.314536298e-07
3.209743653e-07
3.211220851e-07
3.211220851e-07
3.211220851e-07
3.153476658e-07
3.151853777e-07
3.151853777e-07
3.151853777e-07
3.120073352e-07
3.120073352e-07
3.120073352e-07
3.103647453e-07
3.103647453e-07
3.101169267e-07
3.101169267e-07
3.101169267e-07
3.091118411e-07
3.091118411e-07
3.089448673e-07
3.089448673e-07
3.089448673e-07
3.088197058e-07
3.086411418e-07
3.086411418e-07
3.08499475e-07
3.08499475e-07
3.083495919e-07
3.083495919e-07
3.083495919e-07
3.08311605e-07
3.08100942e-07
3.08100942e-07
3.079742329e-07
3.079742329e-07
3.079742329e-07
3.082660226e-07
3.080534466e-07
3.080534466e-07
3.078563836e-07
3.078563836e-07
3.078563836e-07
3.083094498e-07
3.081239019e-07
3.081239019e-07
3.078128774e-07
3.078128774e-07
3.078128774e-07
3.082281225e-07
3.082281225e-07
3.078953552e-07
3.078953552e-07
3.078953552e-07
3.092136902e-07
3.092136902e-07
3.092136902e-07
3.103808268e-07
3.099325586e-07
3.099325586e-07
3.099325586e-07
3.130909546e-07
3.130909546e-07
3.130909546e-07
3.165271355e-07
3.165271355e-07
3.165271355e-07
3.250422685e-07
3.357548969e-07
3.357548969e-07
3.57416206e-07
3.57416206e-07
3.57416206e-07
4.00097959e-07
5.193754184e-07
0.007823255306
0.01224601429
0.01191655777
0.0102910967
0.006313861516
0.001618725985
0.0002629493849
6.19671435e-05
1.17087392e-05
2.463751029e-06
8.81968706e-07
4.754695034e-07
4.557930118e-07
4.350276469e-07
4.202246185e-07
4.127633459e-07
0.006366719075
0.006366719075
0.01020601775
0.01020601775
0.01068616019
0.01068616019
0.01027707503
0.01027707503
0.008701917183
0.008701917183
0.004883361972
0.004883361972
0.001351081929
0.001351081929
0.0002274088029
0.0002274088029
5.593342738e-05
5.593342738e-05
1.116172006e-05
1.116172006e-05
2.613767931e-06
2.613767931e-06
9.879661549e-07
9.879661549e-07
4.92195368e-07
4.92195368e-07
4.449124914e-07
4.449124914e-07
4.344079479e-07
4.344079479e-07
4.239806649e-07
4.239806649e-07
4.173949183e-07
4.173949183e-07
4.132327182e-07
4.132327182e-07
4.118288552e-07
4.118288552e-07
4.091723009e-07
4.091723009e-07
4.090543043e-07
4.090543043e-07
4.072970731e-07
4.072970731e-07
4.046339245e-07
4.046339245e-07
4.076236288e-07
4.076236288e-07
4.076236288e-07
4.014142469e-07
4.014142469e-07
3.901342744e-07
3.654728798e-07
3.654728798e-07
3.654728798e-07
3.41398721e-07
3.41398721e-07
3.41398721e-07
3.26651681e-07
3.190398924e-07
3.190398924e-07
3.190398924e-07
3.144199807e-07
3.144199807e-07
3.144199807e-07
3.118302824e-07
3.115750602e-07
3.115750602e-07
3.115750602e-07
3.101475192e-07
3.101475192e-07
3.101475192e-07
3.092994868e-07
3.090723482e-07
3.090723482e-07
3.090723482e-07
3.088692833e-07
3.085975607e-07
3.085975607e-07
3.08405943e-07
3.08405943e-07
3.08405943e-07
3.085680798e-07
3.084213204e-07
3.0820802e-07
3.0820802e-07
3.080697961e-07
3.080697961e-07
3.080697961e-07
3.082488682e-07
3.08026577e-07
3.08026577e-07
3.078347002e-07
3.078347002e-07
3.078347002e-07
3.086001661e-07
3.084067083e-07
3.08099624e-07
3.08099624e-07
3.08099624e-07
3.084361262e-07
3.081206421e-07
3.081206421e-07
3.081206421e-07
3.098161186e-07
3.094553403e-07
3.094553403e-07
3.094553403e-07
3.104379669e-07
3.099669198e-07
3.099669198e-07
3.099669198e-07
3.13528887e-07
3.13528887e-07
3.16866927e-07
3.16866927e-07
3.249119332e-07
3.249119332e-07
3.355528509e-07
3.355528509e-07
3.588305654e-07
4.000373504e-07
4.000373504e-07
5.193000101e-07
0.009270261992
0.009270261992
0.01519810791
0.01519810791
0.01306680479
0.01306680479
0.007940585133
0.007940585133
0.001845601084
0.001845601084
0.0004561685593
0.0004561685593
8.58864961e-06
8.58864961e-06
4.925792329e-06
4.925792329e-06
1.37514647e-06
1.37514647e-06
4.740794145e-07
4.740794145e-07
4.950494103e-07
4.950494103e-07
4.380287732e-07
4.380287732e-07
4.208141388e-07
4.208141388e-07
4.097806283e-07
4.097806283e-07
4.020690399e-07
4.020690399e-07
3.997635434e-07
3.997635434e-07
3.975184391e-07
3.953065963e-07
3.944596496e-07
4.026511007e-07
4.026511007e-07
4.026511007e-07
4.008022429e-07
4.008022429e-07
3.984617323e-07
3.984617323e-07
3.979768701e-07
3.979768701e-07
3.963877832e-07
3.963877832e-07
3.949629764e-07
3.949629764e-07
3.926496216e-07
3.926496216e-07
3.951560393e-07
3.951560393e-07
3.951560393e-07
3.88105129e-07
3.88105129e-07
3.837242672e-07
3.837242672e-07
3.837242672e-07
3.527771026e-07
3.527771026e-07
3.351169911e-07
3.351169911e-07
3.351169911e-07
3.240744794e-07
3.240744794e-07
3.240744794e-07
3.17596092e-07
3.138580933e-07
3.138580933e-07
3.116690923e-07
3.111931492e-07
3.111931492e-07
3.111931492e-07
3.100190229e-07
3.100190229e-07
3.100190229e-07
3.094715162e-07
3.089992173e-07
3.089992173e-07
3.089992173e-07
3.088107371e-07
3.085273747e-07
3.085273747e-07
3.085273747e-07
3.087679774e-07
3.085674942e-07
3.083203354e-07
3.083203354e-07
3.081769285e-07
3.081769285e-07
3.081769285e-07
3.082692219e-07
3.080403789e-07
3.078476437e-07
3.078476437e-07
3.078476437e-07
3.089641339e-07
3.087165847e-07
3.084577606e-07
3.084577606e-07
3.082142808e-07
3.082142808e-07
3.082142808e-07
3.081833988e-07
3.078827247e-07
3.078827247e-07
3.078827247e-07
3.1003269e-07
3.09640155e-07
3.09640155e-07
3.09640155e-07
3.106274217e-07
3.101633226e-07
3.101633226e-07
3.101633226e-07
3.137924454e-07
3.132028652e-07
3.132028652e-07
3.132028652e-07
3.168353336e-07
3.168353336e-07
3.168353336e-07
3.244963231e-07
3.244963231e-07
3.356306674e-07
3.356306674e-07
3.356306674e-07
3.584769323e-07
4.001917972e-07
4.001917972e-07
5.207596002e-07
0.009421270279
0.01938847936
0.007062445918
0.001022396244
9.879922252e-05
1.65714532e-05
2.636804939e-06
8.356787449e-07
5.174135958e-07
4.547612638e-07
4.221661839e-07
4.065616888e-07
3.961104557e-07
3.914740259e-07
3.880865659e-07
3.864866764e-07
3.858420975e-07
0.009860956335
0.009860956335
0.01871301909
0.01871301909
0.01198594682
0.01198594682
0.003089356497
0.003089356497
0.0005746803174
0.0005746803174
2.702800917e-05
2.702800917e-05
6.436032179e-06
6.436032179e-06
1.490610526e-06
1.490610526e-06
6.656210882e-07
6.656210882e-07
4.900178798e-07
4.900178798e-07
4.430855452e-07
4.430855452e-07
4.174672702e-07
4.174672702e-07
4.050787464e-07
4.050787464e-07
3.967647779e-07
3.967647779e-07
3.937495991e-07
3.937495991e-07
3.909418602e-07
3.909418602e-07
3.882005355e-07
3.882005355e-07
3.873906147e-07
3.873906147e-07
3.861919092e-07
3.861919092e-07
3.849464054e-07
3.83364851e-07
3.887484959e-07
3.887484959e-07
3.887484959e-07
3.87786117e-07
3.87786117e-07
3.848566213e-07
3.848566213e-07
3.816673202e-07
3.816673202e-07
3.830839783e-07
3.830839783e-07
3.830839783e-07
3.752198237e-07
3.752198237e-07
3.695354224e-07
3.695354224e-07
3.695354224e-07
3.428238404e-07
3.296881731e-07
3.296881731e-07
3.296881731e-07
3.213723472e-07
3.213723472e-07
3.213723472e-07
3.162827278e-07
3.162827278e-07
3.162827278e-07
3.130696816e-07
3.130696816e-07
3.130696816e-07
3.111231887e-07
3.111231887e-07
3.111231887e-07
3.100184718e-07
3.100184718e-07
3.100184718e-07
3.094970433e-07
3.091626299e-07
3.091626299e-07
3.091626299e-07
3.087988504e-07
3.084206869e-07
3.084206869e-07
3.084206869e-07
3.089021227e-07
3.085752696e-07
3.085752696e-07
3.083433415e-07
3.083433415e-07
3.083433415e-07
3.080228137e-07
3.079967742e-07
3.078069462e-07
3.078069462e-07
3.075295449e-07
3.075295449e-07
3.075295449e-07
3.089862457e-07
3.087293259e-07
3.084900978e-07
3.084900978e-07
3.084900978e-07
3.085375186e-07
3.08235114e-07
3.079337301e-07
3.079337301e-07
3.079337301e-07
3.100864549e-07
3.097101987e-07
3.097101987e-07
3.109299216e-07
3.104732673e-07
3.104732673e-07
3.140337443e-07
3.13478361e-07
3.13478361e-07
3.174543957e-07
3.174543957e-07
3.250510107e-07
3.24214469e-07
3.24214469e-07
3.24214469e-07
3.368426817e-07
3.582626477e-07
3.582626477e-07
4.001394654e-07
4.001394654e-07
5.207026493e-07
0.02474988087
0.004404073849
0.0003139014579
6.196557546e-06
6.831392159e-07
4.793414978e-07
0.02201956271
0.005033145015
0.0006613123379
2.850228798e-05
1.333482848e-06
5.597597426e-07
4.365598451e-07
4.115265808e-07
3.968860631e-07
3.884969913e-07
3.829619693e-07
0.01827973
0.004745618681
0.0006666565062
5.285950838e-05
4.263370195e-06
7.560850616e-07
4.940676457e-07
4.281451607e-07
4.052898205e-07
3.927626919e-07
3.865280255e-07
3.81457981e-07
3.790119802e-07
3.773778781e-07
0.01437256052
0.006634479884
0.001393542961
0.0001673229181
1.147658832e-05
1.425758043e-06
5.658323362e-07
4.445535169e-07
4.156082685e-07
4.001558378e-07
3.898111536e-07
3.851328393e-07
3.811517463e-07
3.79068779e-07
3.775536431e-07
3.764022458e-07
3.753932359e-07
0.01071505781
0.008053028802
0.00151884809
0.0002381626085
2.961666217e-05
2.452227171e-06
7.271102755e-07
5.007576912e-07
4.329358263e-07
4.087079524e-07
3.962158116e-07
3.875889868e-07
3.83411654e-07
3.810357717e-07
3.789991546e-07
3.77926257e-07
3.7667298e-07
3.762345212e-07
3.750537525e-07
0.008559939616
0.008559939616
0.01443379482
0.01443379482
0.002983013605
0.002983013605
0.0004216851822
0.0004216851822
4.819391875e-05
4.819391875e-05
7.39553393e-06
7.39553393e-06
1.29361787e-06
1.29361787e-06
5.635849805e-07
5.635849805e-07
4.611562822e-07
4.611562822e-07
4.214766087e-07
4.214766087e-07
4.039227414e-07
4.039227414e-07
3.941916958e-07
3.941916958e-07
3.873217398e-07
3.873217398e-07
3.838341418e-07
3.838341418e-07
3.818313261e-07
3.818313261e-07
3.803297127e-07
3.803297127e-07
3.79296934e-07
3.79296934e-07
3.780014043e-07
3.768874754e-07
3.757052315e-07
3.809355786e-07
3.809355786e-07
3.809355786e-07
3.798664402e-07
3.798664402e-07
3.78632783e-07
3.78632783e-07
3.76828481e-07
3.76828481e-07
3.738392344e-07
3.779149269e-07
3.779149269e-07
3.779149269e-07
3.742055073e-07
3.742055073e-07
3.730374464e-07
3.730374464e-07
3.730374464e-07
3.652983168e-07
3.573571911e-07
3.573571911e-07
3.573571911e-07
3.387668394e-07
3.387668394e-07
3.387668394e-07
3.260894207e-07
3.197017628e-07
3.197017628e-07
3.155075093e-07
3.155075093e-07
3.155075093e-07
3.128264554e-07
3.128264554e-07
3.128264554e-07
3.110856393e-07
3.110856393e-07
3.101982108e-07
3.101982108e-07
3.098793134e-07
3.092358984e-07
3.092358984e-07
3.092358984e-07
3.089094265e-07
3.084188534e-07
3.084188534e-07
3.084188534e-07
3.090331765e-07
3.086650966e-07
3.086650966e-07
3.086650966e-07
3.083102475e-07
3.079356875e-07
3.077737636e-07
3.07659236e-07
3.07659236e-07
3.07659236e-07
3.092200396e-07
3.089419288e-07
3.087029229e-07
3.084312262e-07
3.084312262e-07
3.084312262e-07
3.08821308e-07
3.085203275e-07
3.082275487e-07
3.082275487e-07
3.082275487e-07
3.101149956e-07
3.097319975e-07
3.093535857e-07
3.093535857e-07
3.093535857e-07
3.108855812e-07
3.104499898e-07
3.104499898e-07
3.104499898e-07
3.13613668e-07
3.130704079e-07
3.130704079e-07
3.130704079e-07
3.175238331e-07
3.175238331e-07
3.246255947e-07
3.246255947e-07
3.369452053e-07
3.369452053e-07
3.579283446e-07
3.579283446e-07
4.001917036e-07
4.001917036e-07
5.206404408e-07
3.676240519e-07
3.704237245e-07
3.689723007e-07
3.676447907e-07
3.719802131e-07
3.704459216e-07
3.69024845e-07
3.677045603e-07
3.768383517e-07
3.742045718e-07
3.72025385e-07
3.704903742e-07
3.690459873e-07
3.677344201e-07
3.884797721e-07
3.811145405e-07
3.768772245e-07
3.742084199e-07
3.720379937e-07
3.705184628e-07
3.691190707e-07
3.678283078e-07
4.595533097e-07
4.055320094e-07
3.885608556e-07
3.811260207e-07
3.769038354e-07
3.742712968e-07
3.721162539e-07
3.706006813e-07
3.691610474e-07
3.678720307e-07
3.666721011e-07
0.0005695459656
8.252403069e-06
6.588234407e-07
4.593986363e-07
4.05549053e-07
3.886421407e-07
3.812616873e-07
3.77008448e-07
3.743104721e-07
3.721317576e-07
3.706354853e-07
3.692480725e-07
3.680288184e-07
3.668346312e-07
0.01364471251
0.0006155899567
8.620597153e-06
6.568850626e-07
4.593996624e-07
4.059035743e-07
3.889350106e-07
3.813362346e-07
3.770361772e-07
3.743887284e-07
3.722810498e-07
3.707830197e-07
3.693567267e-07
3.680917929e-07
3.669064767e-07
0.01470813651
0.0006971732556
9.695814239e-06
6.62725777e-07
4.601092179e-07
4.060056624e-07
3.889619294e-07
3.815138832e-07
3.772599695e-07
3.745292914e-07
3.723033e-07
3.708345515e-07
3.694427623e-07
3.683194251e-07
3.671707782e-07
0.01612076586
0.0007541300884
1.045237747e-05
6.620783532e-07
4.617296254e-07
4.072384045e-07
3.898409847e-07
3.819020977e-07
3.773891846e-07
3.746288523e-07
3.725927925e-07
3.710887585e-07
3.69682777e-07
3.684905809e-07
3.672763263e-07
0.01735117623
0.0009364335133
1.376685206e-05
6.842232228e-07
4.641781972e-07
4.078139644e-07
3.898784798e-07
3.820527223e-07
3.77712729e-07
3.749574114e-07
3.72639697e-07
3.711752794e-07
3.697908507e-07
3.687395722e-07
3.677075329e-07
0.01959391152
0.001051081877
1.539905133e-05
6.93227257e-07
4.697951641e-07
4.107254038e-07
3.918467814e-07
3.832323948e-07
3.782742392e-07
3.752111724e-07
3.731039381e-07
3.716255735e-07
3.702243655e-07
3.69162781e-07
3.678892419e-07
0.02198477685
0.00153404138
2.789861867e-05
7.667530074e-07
4.771473105e-07
4.134000288e-07
3.926465087e-07
3.835504724e-07
3.786808068e-07
3.757369656e-07
3.733340652e-07
3.717846007e-07
3.704062443e-07
3.693952403e-07
3.683799662e-07
3.673910091e-07
0.02442334806
0.00158689283
3.118922167e-05
8.389327689e-07
4.92767575e-07
4.194648324e-07
3.963982784e-07
3.859775518e-07
3.800499412e-07
3.76407898e-07
3.740097685e-07
3.725436771e-07
3.71084752e-07
3.701098869e-07
3.689614875e-07
3.677668723e-07
0.02637706338
0.002652389152
7.811857315e-05
1.135183485e-06
5.081477253e-07
4.28177121e-07
3.996298948e-07
3.874019107e-07
3.811036932e-07
3.774877143e-07
3.747422114e-07
3.728308354e-07
3.713980619e-07
3.704505227e-07
3.694014248e-07
3.686079864e-07
3.67562511e-07
0.02627590001
0.02627590001
0.003390637089
0.003390637089
0.0001069370504
0.0001069370504
1.685714463e-06
1.685714463e-06
5.699679373e-07
5.699679373e-07
4.410504996e-07
4.410504996e-07
4.075717935e-07
3.921255329e-07
3.837088291e-07
3.7859106e-07
3.756116497e-07
3.740525421e-07
3.724375795e-07
3.71458159e-07
3.703890073e-07
3.693115564e-07
3.682511203e-07
3.668662448e-07
4.156417823e-07
4.156417823e-07
4.156417823e-07
3.962419633e-07
3.962419633e-07
3.863709671e-07
3.863709671e-07
3.8107246e-07
3.8107246e-07
3.774781e-07
3.774781e-07
3.745746062e-07
3.729512628e-07
3.719617042e-07
3.709249494e-07
3.702399879e-07
3.693040848e-07
3.680514306e-07
3.766026871e-07
3.766026871e-07
3.766026871e-07
3.74547002e-07
3.74547002e-07
3.733913191e-07
3.733913191e-07
3.723001348e-07
3.712842487e-07
3.702564361e-07
3.690377898e-07
3.678904294e-07
3.730671021e-07
3.730671021e-07
3.730671021e-07
3.724726172e-07
3.724726172e-07
3.716013601e-07
3.716013601e-07
3.705047677e-07
3.693933788e-07
3.675874024e-07
3.718072578e-07
3.718072578e-07
3.718072578e-07
3.707988231e-07
3.707988231e-07
3.691172839e-07
3.670000206e-07
3.710977349e-07
3.710977349e-07
3.710977349e-07
3.692547879e-07
3.661168917e-07
3.712362845e-07
3.712362845e-07
3.712362845e-07
3.683695754e-07
3.683695754e-07
3.644467579e-07
3.678270634e-07
3.678270634e-07
3.678270634e-07
3.617015519e-07
3.649825548e-07
3.649825548e-07
3.649825548e-07
3.613928279e-07
3.613928279e-07
3.613928279e-07
3.463499399e-07
3.319345077e-07
3.319345077e-07
3.319345077e-07
3.23443512e-07
3.23443512e-07
3.23443512e-07
3.17999341e-07
3.17999341e-07
3.17999341e-07
3.149107726e-07
3.127686015e-07
3.127686015e-07
3.112604962e-07
3.106853479e-07
3.106853479e-07
3.106853479e-07
3.09816901e-07
3.09816901e-07
3.09816901e-07
3.095069955e-07
3.095069955e-07
3.090680418e-07
3.085042123e-07
3.085042123e-07
3.085042123e-07
3.092093414e-07
3.087592336e-07
3.087592336e-07
3.087592336e-07
3.085517806e-07
3.079625214e-07
3.07865577e-07
3.07865577e-07
3.076878668e-07
3.076878668e-07
3.076878668e-07
3.09166827e-07
3.089077284e-07
3.086461456e-07
3.083929494e-07
3.083929494e-07
3.083929494e-07
3.088950748e-07
3.085754024e-07
3.082837853e-07
3.082837853e-07
3.082837853e-07
3.102420596e-07
3.098625199e-07
3.094815923e-07
3.094815923e-07
3.094815923e-07
3.111705989e-07
3.106776387e-07
3.106776387e-07
3.139918504e-07
3.133924147e-07
3.133924147e-07
3.179989686e-07
3.173259091e-07
3.173259091e-07
3.173259091e-07
3.244784279e-07
3.244784279e-07
3.367610939e-07
3.367610939e-07
3.578340623e-07
3.578340623e-07
4.000737312e-07
4.000737312e-07
5.206029875e-07
3.620054128e-07
3.601243074e-07
3.635767432e-07
3.620216564e-07
3.601369368e-07
3.651669244e-07
3.651669244e-07
3.636050375e-07
3.620677327e-07
3.601754381e-07
3.651986171e-07
3.651986171e-07
3.636259523e-07
3.620903973e-07
3.60196964e-07
3.652244806e-07
3.652244806e-07
3.636645229e-07
3.621584546e-07
3.602651086e-07
3.652681169e-07
3.652681169e-07
3.637060186e-07
3.621910053e-07
3.603057411e-07
3.65300318e-07
3.65300318e-07
3.65300318e-07
3.637588622e-07
3.623007806e-07
3.604365777e-07
3.638472156e-07
3.638472156e-07
3.623523256e-07
3.605189341e-07
3.639165108e-07
3.639165108e-07
3.625472752e-07
3.607755132e-07
3.590640647e-07
3.641109822e-07
3.641109822e-07
3.626456879e-07
3.609420085e-07
3.593639888e-07
3.642183665e-07
3.642183665e-07
3.629249216e-07
3.614182761e-07
3.598686898e-07
3.645777867e-07
3.645777867e-07
3.632864873e-07
3.617549521e-07
3.603581618e-07
3.64854214e-07
3.64854214e-07
3.636243803e-07
3.624045081e-07
3.609388668e-07
3.653267096e-07
3.653267096e-07
3.653267096e-07
3.642729125e-07
3.629985049e-07
3.616266861e-07
3.647843106e-07
3.647843106e-07
3.637579693e-07
3.622529558e-07
3.655745968e-07
3.655745968e-07
3.655745968e-07
3.64522457e-07
3.630729909e-07
3.6100512e-07
3.654994757e-07
3.654994757e-07
3.654994757e-07
3.638375066e-07
3.619308722e-07
3.647438639e-07
3.647438639e-07
3.628534828e-07
3.603964317e-07
3.657295709e-07
3.657295709e-07
3.657295709e-07
3.639433698e-07
3.613875307e-07
3.650579976e-07
3.650579976e-07
3.650579976e-07
3.625116534e-07
3.589631937e-07
3.63823443e-07
3.63823443e-07
3.63823443e-07
3.602243581e-07
3.619363625e-07
3.619363625e-07
3.619363625e-07
3.577603747e-07
3.599917483e-07
3.599917483e-07
3.599917483e-07
3.570196544e-07
3.570196544e-07
3.570196544e-07
3.530583044e-07
3.530583044e-07
3.556341769e-07
3.556341769e-07
3.556341769e-07
3.463758629e-07
3.463758629e-07
3.463758629e-07
3.302687182e-07
3.227901665e-07
3.227901665e-07
3.177266494e-07
3.177266494e-07
3.14523022e-07
3.14523022e-07
3.123636503e-07
3.123636503e-07
3.109159302e-07
3.109159302e-07
3.101975705e-07
3.101975705e-07
3.099751066e-07
3.091878332e-07
3.091878332e-07
3.091878332e-07
3.088038273e-07
3.088038273e-07
3.093440372e-07
3.08768794e-07
3.08768794e-07
3.091071047e-07
3.086838462e-07
3.083021704e-07
3.083021704e-07
3.083021704e-07
3.092178572e-07
3.089262106e-07
3.08656851e-07
3.08406486e-07
3.08406486e-07
3.081467447e-07
3.081467447e-07
3.081467447e-07
3.092216182e-07
3.088786864e-07
3.08605213e-07
3.08605213e-07
3.08605213e-07
3.102253017e-07
3.098587403e-07
3.094707834e-07
3.094707834e-07
3.115171575e-07
3.11082355e-07
3.105878678e-07
3.105878678e-07
3.105878678e-07
3.136991952e-07
3.130920928e-07
3.130920928e-07
3.130920928e-07
3.179431324e-07
3.179431324e-07
3.251790193e-07
3.242019464e-07
3.242019464e-07
3.367647551e-07
3.367647551e-07
3.575800597e-07
3.575800597e-07
4.001081822e-07
4.001081822e-07
5.205909741e-07
3.514276555e-07
3.486353471e-07
3.539175549e-07
3.514652695e-07
3.486879194e-07
3.539493467e-07
3.539493467e-07
3.514881142e-07
3.487246891e-07
3.539735627e-07
3.539735627e-07
3.515370873e-07
3.48809537e-07
3.540269485e-07
3.540269485e-07
3.515860354e-07
3.488629059e-07
3.540642652e-07
3.540642652e-07
3.516520132e-07
3.48996398e-07
3.541574893e-07
3.541574893e-07
3.517502353e-07
3.490836816e-07
3.54229907e-07
3.54229907e-07
3.518376186e-07
3.492757004e-07
3.543733469e-07
3.543733469e-07
3.520216589e-07
3.494342152e-07
3.545290658e-07
3.545290658e-07
3.545290658e-07
3.521490471e-07
3.496637515e-07
3.524359192e-07
3.524359192e-07
3.499673527e-07
3.526858587e-07
3.526858587e-07
3.501816673e-07
3.530009779e-07
3.530009779e-07
3.507008869e-07
3.535097473e-07
3.535097473e-07
3.509136626e-07
3.538071818e-07
3.538071818e-07
3.515756949e-07
3.54571923e-07
3.54571923e-07
3.520542678e-07
3.550468949e-07
3.550468949e-07
3.550468949e-07
3.52794149e-07
3.5370058e-07
3.5370058e-07
3.504779121e-07
3.545939255e-07
3.545939255e-07
3.545939255e-07
3.514182898e-07
3.525863059e-07
3.525863059e-07
3.535807803e-07
3.535807803e-07
3.535807803e-07
3.497991259e-07
3.506672929e-07
3.506672929e-07
3.522834624e-07
3.522834624e-07
3.522834624e-07
3.472342559e-07
3.472342559e-07
3.488207911e-07
3.488207911e-07
3.488207911e-07
3.420389723e-07
3.420389723e-07
3.420389723e-07
3.313074872e-07
3.327951989e-07
3.327951989e-07
3.327951989e-07
3.246048357e-07
3.246048357e-07
3.246048357e-07
3.197153128e-07
3.197153128e-07
3.197153128e-07
3.162616009e-07
3.162616009e-07
3.162616009e-07
3.139559839e-07
3.139559839e-07
3.139559839e-07
3.120620673e-07
3.120620673e-07
3.120620673e-07
3.106727855e-07
3.106727855e-07
3.106727855e-07
3.09858141e-07
3.09858141e-07
3.09858141e-07
3.097671244e-07
3.097671244e-07
3.094348965e-07
3.086262411e-07
3.086262411e-07
3.086262411e-07
3.091171942e-07
3.086552631e-07
3.086552631e-07
3.086552631e-07
3.087127361e-07
3.082544224e-07
3.082544224e-07
3.094029012e-07
3.090634037e-07
3.087490463e-07
3.085032105e-07
3.085032105e-07
3.085032105e-07
3.09558162e-07
3.092394683e-07
3.089387425e-07
3.086244032e-07
3.086244032e-07
3.086244032e-07
3.102933322e-07
3.098906898e-07
3.095369492e-07
3.091369895e-07
3.091369895e-07
3.091369895e-07
3.113994625e-07
3.109431162e-07
3.109431162e-07
3.138969492e-07
3.133488602e-07
3.133488602e-07
3.185779421e-07
3.178679985e-07
3.178679985e-07
3.24895673e-07
3.239335961e-07
3.239335961e-07
3.239335961e-07
3.366670301e-07
3.366670301e-07
3.574422535e-07
3.574422535e-07
3.998903575e-07
3.998903575e-07
5.189655227e-07
3.51535542e-07
3.516137835e-07
3.516137835e-07
3.517103096e-07
3.517103096e-07
3.518182583e-07
3.518182583e-07
3.519472471e-07
3.519472471e-07
3.520897424e-07
3.520897424e-07
3.522477922e-07
3.522477922e-07
3.524217051e-07
3.524217051e-07
3.525864772e-07
3.525864772e-07
3.527684846e-07
3.527684846e-07
3.52919634e-07
3.52919634e-07
3.530271846e-07
3.530271846e-07
3.53172145e-07
3.53172145e-07
3.531616752e-07
3.531616752e-07
3.53058496e-07
3.53058496e-07
3.529527599e-07
3.529527599e-07
3.52910249e-07
3.52910249e-07
3.486173591e-07
3.531453733e-07
3.531453733e-07
3.531453733e-07
3.491439014e-07
3.50127392e-07
3.50127392e-07
3.516256893e-07
3.516256893e-07
3.528487466e-07
3.528487466e-07
3.528487466e-07
3.503790435e-07
3.503790435e-07
3.521616413e-07
3.521616413e-07
3.529992767e-07
3.529992767e-07
3.529992767e-07
3.488022956e-07
3.488022956e-07
3.507995723e-07
3.507995723e-07
3.507995723e-07
3.444376613e-07
3.444376613e-07
3.47064578e-07
3.47064578e-07
3.47064578e-07
3.353218084e-07
3.353218084e-07
3.353218084e-07
3.270599547e-07
3.270599547e-07
3.233683132e-07
3.233683132e-07
3.206850068e-07
3.206850068e-07
3.181630439e-07
3.181630439e-07
3.160605686e-07
3.160605686e-07
3.143034304e-07
3.143034304e-07
3.125984555e-07
3.125590723e-07
3.125590723e-07
3.125590723e-07
3.110966317e-07
3.110966317e-07
3.103632915e-07
3.099496625e-07
3.099496625e-07
3.091012902e-07
3.08736061e-07
3.084445306e-07
3.084445306e-07
3.084445306e-07
3.090857451e-07
3.08805957e-07
3.085703284e-07
3.085703284e-07
3.085703284e-07
3.098669168e-07
3.095580079e-07
3.092492144e-07
3.089460552e-07
3.089460552e-07
3.102759716e-07
3.099302926e-07
3.095279648e-07
3.091787044e-07
3.091787044e-07
3.091787044e-07
3.118316644e-07
3.114026983e-07
3.109031693e-07
3.109031693e-07
3.109031693e-07
3.137332191e-07
3.131638975e-07
3.131638975e-07
3.18210638e-07
3.1754374e-07
3.1754374e-07
3.250283887e-07
3.250283887e-07
3.373692395e-07
3.362371826e-07
3.362371826e-07
3.575528293e-07
3.575528293e-07
3.996816994e-07
3.996816994e-07
5.189427596e-07
3.302009793e-07
3.301725298e-07
3.301725298e-07
3.301142104e-07
3.301142104e-07
3.301133076e-07
3.301133076e-07
3.30110579e-07
3.30110579e-07
3.300868396e-07
3.300868396e-07
3.301070725e-07
3.301070725e-07
3.300781026e-07
3.300781026e-07
3.301871286e-07
3.301871286e-07
3.301761166e-07
3.301761166e-07
3.303139736e-07
3.303139736e-07
3.303917142e-07
3.303917142e-07
3.303761941e-07
3.303761941e-07
3.304963324e-07
3.304963324e-07
3.313739444e-07
3.313739444e-07
3.319250879e-07
3.319250879e-07
3.32502521e-07
3.32502521e-07
3.32502521e-07
3.288158348e-07
3.288158348e-07
3.293893859e-07
3.293893859e-07
3.302595495e-07
3.302595495e-07
3.315029861e-07
3.315029861e-07
3.331748525e-07
3.331748525e-07
3.331748525e-07
3.292502929e-07
3.292502929e-07
3.315195675e-07
3.315195675e-07
3.343632668e-07
3.343632668e-07
3.343632668e-07
3.32510912e-07
3.365873323e-07
3.365873323e-07
3.365873323e-07
3.364436159e-07
3.427433894e-07
3.427433894e-07
3.427433894e-07
3.453377596e-07
3.569678206e-07
3.569678206e-07
3.569678206e-07
3.648590261e-07
3.648590261e-07
3.648590261e-07
3.723741107e-07
3.723741107e-07
3.723741107e-07
3.748456131e-07
3.748456131e-07
3.748456131e-07
3.709039786e-07
3.709039786e-07
3.624644687e-07
3.624644687e-07
3.515034326e-07
3.515034326e-07
3.398078866e-07
3.428847124e-07
3.428847124e-07
3.309664169e-07
3.322502909e-07
3.322502909e-07
3.322502909e-07
3.226368363e-07
3.229861365e-07
3.229861365e-07
3.166551233e-07
3.165795129e-07
3.165266379e-07
3.165266379e-07
3.135736262e-07
3.133667711e-07
3.131639559e-07
3.129649621e-07
3.127697479e-07
3.127697479e-07
3.127697479e-07
3.117515347e-07
3.114276247e-07
3.111066479e-07
3.111066479e-07
3.125033734e-07
3.120631534e-07
3.116249873e-07
3.116249873e-07
3.135959073e-07
3.130397816e-07
3.124857229e-07
3.124857229e-07
3.124857229e-07
3.178828118e-07
3.172183862e-07
3.172183862e-07
3.172183862e-07
3.250457059e-07
3.250457059e-07
3.372539902e-07
3.361097784e-07
3.361097784e-07
3.361097784e-07
3.574564303e-07
3.574564303e-07
3.994240478e-07
3.994240478e-07
3.994240478e-07
5.18960004e-07
3.574937067e-07
3.574280189e-07
3.575066285e-07
3.573536826e-07
3.574235051e-07
3.573249668e-07
3.570444936e-07
3.572442243e-07
3.574425827e-07
3.572300097e-07
3.571335952e-07
3.570573222e-07
3.591878457e-07
3.640411818e-07
3.722259697e-07
3.842374954e-07
4.002781573e-07
4.002781573e-07
4.164004122e-07
4.387118831e-07
4.630268857e-07
4.887540657e-07
5.152898457e-07
5.152898457e-07
5.263244059e-07
5.528601961e-07
5.807033832e-07
6.072004727e-07
6.072004727e-07
6.058858357e-07
6.466576732e-07
6.466576732e-07
6.435426753e-07
6.829119464e-07
6.829119464e-07
6.926408149e-07
6.926408149e-07
7.103161565e-07
7.103161565e-07
7.277664467e-07
7.277664467e-07
7.281816758e-07
7.828552427e-07
7.828552427e-07
7.514748324e-07
7.514748324e-07
7.122239536e-07
7.122239536e-07
6.544044292e-07
6.714831355e-07
6.714831355e-07
6.000411767e-07
6.000411767e-07
5.349305381e-07
5.425062857e-07
5.488224531e-07
5.488224531e-07
4.835492408e-07
4.867917072e-07
4.894208623e-07
4.894208623e-07
4.332336709e-07
4.346150237e-07
4.35994519e-07
4.373783593e-07
4.373783593e-07
3.947472275e-07
3.955221098e-07
3.963122053e-07
3.971187045e-07
3.971187045e-07
3.68559336e-07
3.688305785e-07
3.691178058e-07
3.691178058e-07
3.534770538e-07
3.533110426e-07
3.533110426e-07
3.479685061e-07
3.47439142e-07
3.47439142e-07
3.494403524e-07
3.485922428e-07
3.485922428e-07
3.561912217e-07
3.561912217e-07
3.706222778e-07
3.690357131e-07
3.690357131e-07
3.968446412e-07
5.188310133e-07
5.188310133e-07
)
;
    }
}


// ************************************************************************* //
