/*--------------------------------*- C++ -*----------------------------------*\
| =========                 |                                                 |
| \\      /  F ield         | OpenFOAM: The Open Source CFD Toolbox           |
|  \\    /   O peration     | Version:                                        |
|   \\  /    A nd           | Website:  www.openfoam.com                      |
|    \\/     M anipulation  |                                                 |
\*---------------------------------------------------------------------------*/
FoamFile
{
    version     2.0;
    format      ascii;
    class       volScalarField;
    location    "3000";
    object      k;
}
// * * * * * * * * * * * * * * * * * * * * * * * * * * * * * * * * * * * * * //

dimensions      [0 2 -2 0 0 0 0];


internalField   nonuniform List<scalar> 
48000
(
0.00222598902
0.001861844264
0.001451219041
0.004518929228
0.004080997279
0.003532571799
0.006341097427
0.005891587937
0.007599944726
0.00715941762
0.008040399224
0.007630876914
0.007988323777
0.007590666601
0.007251360294
0.006883560977
0.006298224147
0.005958400329
0.005360417153
0.004981423902
0.004461944211
0.003928591809
0.003685614173
0.002966665062
0.00308619897
0.002408979184
0.002538263374
0.002089721368
0.002164469987
0.001739117794
0.001954992057
0.001560434755
0.001793113411
0.001400957496
0.001616144864
0.001257316357
0.001342389252
0.001105816942
0.0008768518564
0.0008640959638
0.0002225937614
0.0004836327801
0.0002623690811
0.0002168791762
0.0001729979027
3.593538672e-07
3.681882438e-07
3.779749403e-07
3.919837454e-07
4.08532091e-07
4.32214683e-07
4.622932217e-07
5.064333756e-07
5.684205166e-07
6.673405275e-07
8.31745292e-07
1.15528747e-06
3.353935466e-07
3.345545766e-07
3.354124285e-07
3.376528989e-07
3.40001509e-07
3.437861856e-07
3.475545156e-07
3.533232849e-07
3.593289229e-07
3.681564176e-07
3.779136138e-07
3.919247103e-07
4.084961567e-07
4.321635725e-07
4.621774599e-07
5.063473433e-07
5.683314361e-07
6.670909133e-07
8.315827958e-07
1.155123073e-06
0.004117742195
0.001369175637
0.0002662944405
2.31479095e-05
1.453192856e-06
6.58738855e-07
5.371883277e-07
4.946091891e-07
4.648146997e-07
4.478593174e-07
3.840572343e-07
3.780827957e-07
3.710942412e-07
3.634187337e-07
3.546001263e-07
3.447299965e-07
3.380903017e-07
3.353612405e-07
3.345280381e-07
3.353978069e-07
3.376163262e-07
3.399861488e-07
3.43765681e-07
3.475377591e-07
3.533001226e-07
3.592873102e-07
3.681084748e-07
3.778851016e-07
3.9189078e-07
4.084216482e-07
4.320682907e-07
4.621206937e-07
5.062220629e-07
5.681417473e-07
6.6698065e-07
8.313559306e-07
1.15492982e-06
0.004136106923
0.001373568839
0.0002667151529
2.31634983e-05
1.452396208e-06
6.574067038e-07
5.364918664e-07
4.944172304e-07
4.646855604e-07
4.477800295e-07
4.375148074e-07
4.300452451e-07
4.247079419e-07
4.19833918e-07
4.156948336e-07
4.114877757e-07
4.076297837e-07
4.034115674e-07
3.992477389e-07
3.945350899e-07
3.896554063e-07
3.840497392e-07
3.780622212e-07
3.710634006e-07
3.633650087e-07
3.545228272e-07
3.44597612e-07
3.380344359e-07
3.353238882e-07
3.344994695e-07
3.3537526e-07
3.375997523e-07
3.399757229e-07
3.437254285e-07
3.475033548e-07
3.5325393e-07
3.592555305e-07
3.680795794e-07
3.778225608e-07
3.918185791e-07
4.083718226e-07
4.320169058e-07
4.619785936e-07
5.060898905e-07
5.680485928e-07
6.666930581e-07
8.31127184e-07
1.154735199e-06
0.004152801161
0.001377685347
0.0002672980496
2.318572735e-05
1.451619556e-06
6.561163721e-07
5.35885754e-07
4.94262815e-07
4.645786018e-07
4.477162411e-07
4.374722849e-07
4.300138356e-07
4.246886481e-07
4.198219546e-07
4.157071549e-07
4.114891429e-07
4.076363657e-07
4.034146992e-07
3.992651363e-07
3.945367788e-07
3.896617946e-07
3.840375096e-07
3.780444391e-07
3.710327498e-07
3.633086795e-07
3.544507911e-07
3.444595357e-07
3.379783017e-07
3.352873999e-07
3.344708543e-07
3.353620681e-07
3.375643793e-07
3.399552072e-07
3.437005867e-07
3.474894708e-07
3.532326228e-07
3.592205617e-07
3.680247034e-07
3.77787077e-07
3.917856846e-07
4.083000983e-07
4.318968894e-07
4.619187684e-07
5.059754738e-07
5.67806309e-07
6.665357836e-07
8.308831778e-07
1.154486428e-06
0.004171068407
0.001382501187
0.0002677449799
2.320426115e-05
1.450731238e-06
6.545649246e-07
5.352728991e-07
4.941114693e-07
4.644576145e-07
4.476444396e-07
4.37429475e-07
4.299810318e-07
4.246663857e-07
4.19804532e-07
4.157021549e-07
4.114905165e-07
4.076391444e-07
4.034170497e-07
3.992663603e-07
3.945438837e-07
3.896549072e-07
3.840320576e-07
3.780223239e-07
3.71002078e-07
3.632477317e-07
3.543555961e-07
3.443359307e-07
3.379224219e-07
3.35251296e-07
3.344414289e-07
3.353372664e-07
3.375468768e-07
3.399465908e-07
3.436623618e-07
3.474523968e-07
3.531812209e-07
3.591801126e-07
3.67994251e-07
3.777285323e-07
3.91701245e-07
4.082255416e-07
4.318435417e-07
4.6176071e-07
5.057916659e-07
5.67705378e-07
6.662350293e-07
8.305884754e-07
1.154248304e-06
0.004193153177
0.001388670247
0.0002687178686
2.325395703e-05
1.449685135e-06
6.527602982e-07
5.345914958e-07
4.93944994e-07
4.643214042e-07
4.475672107e-07
4.373830153e-07
4.299468993e-07
4.24643673e-07
4.1978451e-07
4.157036228e-07
4.114903507e-07
4.076417631e-07
4.034179377e-07
3.992661271e-07
3.945373391e-07
3.896534359e-07
3.840242993e-07
3.779972577e-07
3.709605263e-07
3.63175206e-07
3.542538723e-07
3.442511718e-07
3.378766902e-07
3.352199029e-07
3.344131568e-07
3.35325196e-07
3.375141872e-07
3.399204053e-07
3.436304199e-07
3.474394243e-07
3.531600524e-07
3.591499811e-07
3.679357384e-07
3.776777963e-07
3.916675127e-07
4.081597918e-07
4.317010614e-07
4.616761578e-07
5.056876097e-07
5.67420087e-07
6.660191556e-07
8.303200382e-07
1.153942839e-06
0.004219542697
0.001395733719
0.0002692902069
2.325912418e-05
1.448332168e-06
6.505965296e-07
5.338126885e-07
4.937425189e-07
4.641518927e-07
4.474735687e-07
4.373331605e-07
4.299106636e-07
4.246176931e-07
4.19762411e-07
4.156943163e-07
4.114826e-07
4.07638316e-07
4.034177149e-07
3.992649139e-07
3.94535301e-07
3.896507955e-07
3.840150022e-07
3.779622905e-07
3.709180008e-07
3.630916639e-07
3.541434889e-07
3.4419403e-07
3.378398613e-07
3.351903848e-07
3.343841123e-07
3.352971465e-07
3.374921423e-07
3.399104685e-07
3.43595093e-07
3.473981578e-07
3.531027243e-07
3.590995094e-07
3.678985316e-07
3.776241604e-07
3.915700956e-07
4.080579336e-07
4.316432362e-07
4.615209248e-07
5.054540927e-07
5.672968867e-07
6.657116819e-07
8.299622132e-07
1.1536539e-06
0.004252289446
0.001405630362
0.0002709490896
2.336427781e-05
1.446931794e-06
6.480975603e-07
5.329640388e-07
4.935330276e-07
4.639487434e-07
4.473647387e-07
4.372749002e-07
4.298724893e-07
4.245897191e-07
4.197393489e-07
4.156801368e-07
4.114732552e-07
4.076378006e-07
4.034163414e-07
3.99262817e-07
3.94532465e-07
3.896463119e-07
3.840013734e-07
3.779170188e-07
3.708514724e-07
3.629943455e-07
3.540462849e-07
3.441453097e-07
3.378020165e-07
3.351608377e-07
3.343547956e-07
3.352837662e-07
3.374618314e-07
3.398779535e-07
3.435547844e-07
3.473846913e-07
3.530803792e-07
3.590722092e-07
3.678389404e-07
3.775574314e-07
3.915340872e-07
4.079975481e-07
4.314785858e-07
4.613911982e-07
5.053526879e-07
5.669875505e-07
6.654338793e-07
8.296629825e-07
1.153304154e-06
0.00429240521
0.00141631265
0.0002717056439
2.335898334e-05
1.445268495e-06
6.453029221e-07
5.319846933e-07
4.932566199e-07
4.636952087e-07
4.472313713e-07
4.372116657e-07
4.298295192e-07
4.245575432e-07
4.197149931e-07
4.156650711e-07
4.114632482e-07
4.076363944e-07
4.034139e-07
3.992597701e-07
3.945286707e-07
3.896395244e-07
3.839834779e-07
3.778739061e-07
3.707745976e-07
3.628901005e-07
3.539304142e-07
3.44115787e-07
3.37765781e-07
3.351293732e-07
3.343231848e-07
3.352508601e-07
3.374327352e-07
3.398658476e-07
3.435220813e-07
3.473374338e-07
3.530157922e-07
3.590108626e-07
3.677902941e-07
3.775061265e-07
3.914281477e-07
4.078657687e-07
4.314156139e-07
4.612483197e-07
5.050773233e-07
5.668191815e-07
6.651192047e-07
8.292498201e-07
1.152967075e-06
0.004342605301
0.00143182066
0.0002744442508
2.355920065e-05
1.444006152e-06
6.424031221e-07
5.310702852e-07
4.930055332e-07
4.633861082e-07
4.470750049e-07
4.371338313e-07
4.297800858e-07
4.24522156e-07
4.196918707e-07
4.156495121e-07
4.114513699e-07
4.076343832e-07
4.034091237e-07
3.992549654e-07
3.945235732e-07
3.896301095e-07
3.839455517e-07
3.77821573e-07
3.706736548e-07
3.627690966e-07
3.538364877e-07
3.441020527e-07
3.377274256e-07
3.350999348e-07
3.342911269e-07
3.352343351e-07
3.374042623e-07
3.39825047e-07
3.434705119e-07
3.473224431e-07
3.529911045e-07
3.589840874e-07
3.677311242e-07
3.774238183e-07
3.913762332e-07
4.078090986e-07
4.312409814e-07
4.61069189e-07
5.049682364e-07
5.664996851e-07
6.647820776e-07
8.289133939e-07
1.152576375e-06
0.004404659095
0.001447595855
0.0002754409735
2.354525695e-05
1.442456232e-06
6.394341532e-07
5.302365308e-07
4.925195627e-07
4.630201729e-07
4.468843961e-07
4.370511066e-07
4.297254176e-07
4.244860003e-07
4.196643917e-07
4.156334301e-07
4.114402329e-07
4.076331492e-07
4.034007239e-07
3.992463604e-07
3.94515164e-07
3.896038512e-07
3.839160209e-07
3.777365574e-07
3.705574232e-07
3.626479202e-07
3.537376826e-07
3.44104243e-07
3.377042535e-07
3.35061288e-07
3.34256355e-07
3.35196629e-07
3.373647778e-07
3.398097061e-07
3.434403808e-07
3.47271977e-07
3.529158917e-07
3.589104393e-07
3.676663554e-07
3.773691307e-07
3.912701752e-07
4.076489708e-07
4.311454496e-07
4.609356602e-07
5.046599742e-07
5.66278483e-07
6.644544582e-07
8.284495476e-07
1.152185723e-06
0.004483495578
0.001471106936
0.0002798388962
2.38931388e-05
1.442259502e-06
6.368119751e-07
5.290074204e-07
4.920869028e-07
4.62552495e-07
4.466761206e-07
4.369424808e-07
4.296657347e-07
4.244418578e-07
4.196376359e-07
4.156193984e-07
4.114343328e-07
4.076325576e-07
4.03387926e-07
3.992339078e-07
3.944936915e-07
3.89548894e-07
3.838392351e-07
3.776238313e-07
3.704299862e-07
3.625198193e-07
3.536684187e-07
3.441312716e-07
3.376331661e-07
3.35044226e-07
3.342199203e-07
3.351741315e-07
3.373381246e-07
3.397586524e-07
3.433740256e-07
3.472433674e-07
3.528874863e-07
3.588814333e-07
3.676075196e-07
3.7727289e-07
3.911906277e-07
4.075868854e-07
4.309740935e-07
4.607090351e-07
5.045292081e-07
5.659514849e-07
6.640610187e-07
8.280684524e-07
1.151751089e-06
0.004582636033
0.001493710121
0.0002811363895
2.385037855e-05
1.438998315e-06
6.345684644e-07
5.284871752e-07
4.910607555e-07
4.620872594e-07
4.464048422e-07
4.368397474e-07
4.295800963e-07
4.244015355e-07
4.196056767e-07
4.156185438e-07
4.114331219e-07
4.076335048e-07
4.033733095e-07
3.992181415e-07
3.944504912e-07
3.894840281e-07
3.837465926e-07
3.77511583e-07
3.702868609e-07
3.623980263e-07
3.536268123e-07
3.441453601e-07
3.376342649e-07
3.349591619e-07
3.341861404e-07
3.351310047e-07
3.372833553e-07
3.397349613e-07
3.433440814e-07
3.471942728e-07
3.527973294e-07
3.587926076e-07
3.675212753e-07
3.772062624e-07
3.91085932e-07
4.074008649e-07
4.308378722e-07
4.605764119e-07
5.041969655e-07
5.656728408e-07
6.637130333e-07
8.275564039e-07
1.151299532e-06
0.004712366218
0.001527553767
0.0002883028998
2.449680549e-05
1.446116481e-06
6.332008384e-07
5.282167012e-07
4.902171279e-07
4.613051192e-07
4.461610313e-07
4.366878051e-07
4.295165391e-07
4.243636367e-07
4.195897218e-07
4.156084276e-07
4.114311706e-07
4.076302623e-07
4.03360406e-07
3.991978081e-07
3.943927669e-07
3.89399164e-07
3.83627838e-07
3.773596293e-07
3.701412661e-07
3.623058895e-07
3.536283583e-07
3.441698237e-07
3.375810379e-07
3.349556423e-07
3.341372577e-07
3.350964517e-07
3.372559951e-07
3.396768502e-07
3.43259147e-07
3.471421931e-07
3.52762549e-07
3.587575719e-07
3.674608054e-07
3.770972398e-07
3.909737061e-07
4.073258684e-07
4.306709164e-07
4.603045322e-07
5.040303894e-07
5.653363064e-07
6.632656779e-07
8.271229599e-07
1.150814297e-06
0.004880023919
0.001560393643
0.0002905208793
2.441192489e-05
1.440250175e-06
6.325443022e-07
5.281657706e-07
4.882505244e-07
4.608323808e-07
4.458659831e-07
4.366260065e-07
4.294770411e-07
4.24352748e-07
4.196022018e-07
4.156478168e-07
4.114572639e-07
4.07645124e-07
4.033462638e-07
3.991706876e-07
3.943181703e-07
3.893001417e-07
3.835003988e-07
3.77247857e-07
3.70018756e-07
3.622505614e-07
3.536507729e-07
3.441680445e-07
3.37572323e-07
3.348852572e-07
3.341079722e-07
3.350472611e-07
3.371794482e-07
3.396249816e-07
3.432228673e-07
3.470957899e-07
3.526586104e-07
3.586464446e-07
3.673458051e-07
3.770074722e-07
3.908658723e-07
4.071161487e-07
4.304853053e-07
4.601610746e-07
5.036782353e-07
5.649963502e-07
6.628875929e-07
8.265604646e-07
1.150287859e-06
0.005097386228
0.001613953984
0.0003031272173
2.566513087e-05
1.464974672e-06
6.326023726e-07
5.28124892e-07
4.868961401e-07
4.602416244e-07
4.457921975e-07
4.365941087e-07
4.29467954e-07
4.243632698e-07
4.195593106e-07
4.156589581e-07
4.114588002e-07
4.076399622e-07
4.033382565e-07
3.991357205e-07
3.942294152e-07
3.892067935e-07
3.833863674e-07
3.771037862e-07
3.698988717e-07
3.622808442e-07
3.53741602e-07
3.441461096e-07
3.374294193e-07
3.349212812e-07
3.340421424e-07
3.349837233e-07
3.371438722e-07
3.395647162e-07
3.431129077e-07
3.470093676e-07
3.525954687e-07
3.586011742e-07
3.672796546e-07
3.76885461e-07
3.907152101e-07
4.070109014e-07
4.303197602e-07
4.598445732e-07
5.034640422e-07
5.646436198e-07
6.623855637e-07
8.260639409e-07
1.149741585e-06
0.005372348278
0.001664086595
0.0003069599968
2.548504948e-05
1.450454758e-06
6.31002753e-07
5.271233398e-07
4.851584414e-07
4.601138286e-07
4.459059701e-07
4.366462924e-07
4.294500232e-07
4.243405709e-07
4.197191145e-07
4.157706502e-07
4.115061141e-07
4.076814362e-07
4.033282783e-07
3.990951578e-07
3.941366509e-07
3.891182413e-07
3.832604649e-07
3.770333577e-07
3.699171468e-07
3.62354026e-07
3.538369736e-07
3.440452952e-07
3.374231377e-07
3.348420717e-07
3.339993881e-07
3.349303043e-07
3.370403038e-07
3.394661733e-07
3.430675137e-07
3.469617228e-07
3.524819041e-07
3.584575037e-07
3.671253696e-07
3.767570127e-07
3.905943986e-07
4.067793312e-07
4.300755951e-07
4.596754879e-07
5.030904963e-07
5.642369622e-07
6.619650991e-07
8.254444903e-07
1.149124341e-06
0.005727666013
0.001755464963
0.0003285599365
2.787697146e-05
1.523680681e-06
6.370325765e-07
5.286499182e-07
4.849184973e-07
4.602505475e-07
4.459182626e-07
4.366993013e-07
4.295914977e-07
4.245406706e-07
4.197031942e-07
4.157446639e-07
4.11555665e-07
4.077261906e-07
4.032849305e-07
3.990937978e-07
3.94058936e-07
3.891384659e-07
3.832316563e-07
3.770425492e-07
3.699490859e-07
3.626013382e-07
3.539456733e-07
3.439119862e-07
3.373844817e-07
3.347549364e-07
3.339095233e-07
3.348157329e-07
3.369789731e-07
3.394059765e-07
3.429388528e-07
3.468269469e-07
3.523685259e-07
3.583969064e-07
3.670461893e-07
3.766208087e-07
3.903997811e-07
4.066266154e-07
4.299039048e-07
4.593130975e-07
5.028159592e-07
5.638579524e-07
6.614049581e-07
8.248732476e-07
1.148514364e-06
0.006163947228
0.001849210452
0.0003367533675
2.752168196e-05
1.501402284e-06
6.382836092e-07
5.284676397e-07
4.845619623e-07
4.605433928e-07
4.466160215e-07
4.37185158e-07
4.296895779e-07
4.244454068e-07
4.199114516e-07
4.160276318e-07
4.116671894e-07
4.077020922e-07
4.034020351e-07
3.99026488e-07
3.941700855e-07
3.890713607e-07
3.832085821e-07
3.771554996e-07
3.703292188e-07
3.628746233e-07
3.539613533e-07
3.436962876e-07
3.372814202e-07
3.346756682e-07
3.338304206e-07
3.347504079e-07
3.368650399e-07
3.392405218e-07
3.428413122e-07
3.467610578e-07
3.522488216e-07
3.58209323e-07
3.668397142e-07
3.764340696e-07
3.902499479e-07
4.063721864e-07
4.295919137e-07
4.591006689e-07
5.024164618e-07
5.63378419e-07
6.609289937e-07
8.241917342e-07
1.147804712e-06
0.006698229548
0.002026390633
0.0003762551702
3.228580329e-05
1.650691437e-06
6.468276823e-07
5.318740444e-07
4.868925811e-07
4.618406342e-07
4.470753832e-07
4.371352409e-07
4.299084513e-07
4.251291795e-07
4.202391855e-07
4.160646915e-07
4.116691443e-07
4.079632815e-07
4.033413326e-07
3.993119838e-07
3.941189565e-07
3.893408099e-07
3.836337062e-07
3.776006138e-07
3.705848479e-07
3.631077045e-07
3.538252093e-07
3.433696434e-07
3.3729568e-07
3.344527938e-07
3.33719338e-07
3.345701953e-07
3.367240615e-07
3.391620184e-07
3.427171124e-07
3.465633512e-07
3.520599185e-07
3.581216931e-07
3.66735266e-07
3.762821966e-07
3.900096972e-07
4.061532431e-07
4.294017376e-07
4.586916557e-07
5.020684001e-07
5.629606686e-07
6.603059676e-07
8.235362024e-07
1.147150052e-06
0.007318432035
0.00220726495
0.0003961747124
3.148657038e-05
1.583811306e-06
6.454800251e-07
5.315662814e-07
4.874429458e-07
4.628617123e-07
4.48365785e-07
4.38254715e-07
4.305966521e-07
4.250422382e-07
4.201655911e-07
4.16319777e-07
4.120514622e-07
4.080046374e-07
4.038219429e-07
3.993445236e-07
3.946973361e-07
3.897245197e-07
3.837425559e-07
3.778903787e-07
3.711805496e-07
3.634303271e-07
3.53566224e-07
3.432544054e-07
3.369789737e-07
3.344446323e-07
3.335681172e-07
3.344720445e-07
3.366249405e-07
3.389451574e-07
3.425284381e-07
3.464693836e-07
3.519409705e-07
3.57906312e-07
3.66463149e-07
3.760199786e-07
3.898082772e-07
4.058743158e-07
4.290166519e-07
4.584160398e-07
5.016352549e-07
5.624013912e-07
6.597591567e-07
8.227899565e-07
1.146373415e-06
0.008045143196
0.002556497916
0.0004729195612
4.185301444e-05
1.935019217e-06
6.590032503e-07
5.395512004e-07
4.936085955e-07
4.658604382e-07
4.494315875e-07
4.379998962e-07
4.30509337e-07
4.259072146e-07
4.212202361e-07
4.169193e-07
4.122115271e-07
4.085820045e-07
4.038518305e-07
3.999393599e-07
3.947913124e-07
3.900179601e-07
3.846147615e-07
3.792442478e-07
3.718831984e-07
3.634587835e-07
3.533409084e-07
3.427115315e-07
3.368902757e-07
3.341661342e-07
3.334523115e-07
3.342660397e-07
3.363744659e-07
3.387932938e-07
3.424136698e-07
3.462284466e-07
3.516539883e-07
3.577235848e-07
3.663125612e-07
3.758407916e-07
3.89511844e-07
4.055566093e-07
4.287736934e-07
4.579260099e-07
5.011650009e-07
5.618874545e-07
6.590008594e-07
8.219715588e-07
1.145674827e-06
0.008828954443
0.002907831232
0.0005240944249
4.158094532e-05
1.753987826e-06
6.560390555e-07
5.401748443e-07
4.93860033e-07
4.671516115e-07
4.510249817e-07
4.401431713e-07
4.325380945e-07
4.26626815e-07
4.210630276e-07
4.170332951e-07
4.129758428e-07
4.089706512e-07
4.049398441e-07
4.004740043e-07
3.960350569e-07
3.914475952e-07
3.858168767e-07
3.796101026e-07
3.720626025e-07
3.636304209e-07
3.530415457e-07
3.425566772e-07
3.364715983e-07
3.340725423e-07
3.332008907e-07
3.340374208e-07
3.362544133e-07
3.38573365e-07
3.421023347e-07
3.460097131e-07
3.514988897e-07
3.574858509e-07
3.659127365e-07
3.754475452e-07
3.891860316e-07
4.051944203e-07
4.282122277e-07
4.574907199e-07
5.00574102e-07
5.610782591e-07
6.582026332e-07
8.209701955e-07
1.144954331e-06
0.009682559938
0.003675844591
0.0006770239826
6.167315729e-05
2.728002644e-06
6.83202588e-07
5.558276997e-07
5.094153414e-07
4.735420013e-07
4.531842371e-07
4.404230806e-07
4.324714885e-07
4.27493174e-07
4.228213909e-07
4.18698908e-07
4.137743844e-07
4.100921147e-07
4.052351454e-07
4.015583344e-07
3.96732243e-07
3.920521135e-07
3.866378415e-07
3.810045874e-07
3.734231764e-07
3.641389559e-07
3.53001358e-07
3.421101808e-07
3.363914629e-07
3.337837502e-07
3.330566604e-07
3.338533543e-07
3.35940129e-07
3.382539231e-07
3.419538176e-07
3.457557487e-07
3.51068255e-07
3.571294854e-07
3.656980857e-07
3.75203664e-07
3.887789765e-07
4.046743206e-07
4.278354221e-07
4.56787527e-07
4.997934434e-07
5.602773457e-07
6.570443864e-07
8.197574244e-07
1.144203995e-06
0.01044699255
0.004507249298
0.0008709579802
7.136179188e-05
2.281569912e-06
6.536330234e-07
5.4506992e-07
5.075408984e-07
4.731884824e-07
4.56015055e-07
4.436805363e-07
4.364572215e-07
4.291350175e-07
4.233851643e-07
4.190029593e-07
4.147579513e-07
4.109368092e-07
4.0744167e-07
4.030916163e-07
3.983472052e-07
3.946726204e-07
3.888978582e-07
3.82380307e-07
3.736148904e-07
3.642305103e-07
3.530062657e-07
3.420488898e-07
3.360870059e-07
3.336020515e-07
3.327325803e-07
3.33469872e-07
3.356838858e-07
3.380356386e-07
3.415440186e-07
3.453194695e-07
3.508643995e-07
3.568728725e-07
3.651393743e-07
3.745796453e-07
3.882084986e-07
4.041572815e-07
4.269800953e-07
4.560271797e-07
4.988998109e-07
5.589965033e-07
6.557520712e-07
8.183054109e-07
1.143261284e-06
0.01107703957
0.005929084805
0.001258187223
0.0001254518415
5.802468354e-06
7.438259427e-07
5.887093311e-07
5.363647239e-07
4.902640126e-07
4.621244899e-07
4.477193096e-07
4.370940229e-07
4.308916861e-07
4.261484564e-07
4.219847935e-07
4.167988617e-07
4.13472434e-07
4.080633085e-07
4.043827377e-07
4.005308512e-07
3.956598236e-07
3.899498511e-07
3.836132263e-07
3.75709961e-07
3.657319066e-07
3.537295864e-07
3.419409987e-07
3.359513024e-07
3.333431015e-07
3.325523575e-07
3.332619396e-07
3.353745087e-07
3.375552033e-07
3.41241928e-07
3.450503205e-07
3.503135715e-07
3.56239311e-07
3.64704743e-07
3.74232175e-07
3.876629969e-07
4.033223535e-07
4.263136603e-07
4.550030315e-07
4.975936147e-07
5.576953871e-07
6.539746606e-07
8.164638521e-07
1.142057781e-06
0.01148515503
0.007632233057
0.001841431316
0.0001917516934
5.872917627e-06
7.089596127e-07
5.960167567e-07
5.531255582e-07
4.864926733e-07
4.692477544e-07
4.512040131e-07
4.424193112e-07
4.345267212e-07
4.281105556e-07
4.227902196e-07
4.187477256e-07
4.146401327e-07
4.112726739e-07
4.078545755e-07
4.028480866e-07
3.994917144e-07
3.9320045e-07
3.86417469e-07
3.762961598e-07
3.662683258e-07
3.53903206e-07
3.41916552e-07
3.357190405e-07
3.330469867e-07
3.321307649e-07
3.327131229e-07
3.348769423e-07
3.372248898e-07
3.407779154e-07
3.443246386e-07
3.498574524e-07
3.558806377e-07
3.640311409e-07
3.732084768e-07
3.866443429e-07
4.025028958e-07
4.250277426e-07
4.536577168e-07
4.961807782e-07
5.556608222e-07
6.518493638e-07
8.142231276e-07
1.140311232e-06
0.01175127963
0.009848221505
0.00285067595
0.0003982289078
2.062787436e-05
1.322659533e-06
6.67386209e-07
5.693634902e-07
5.422341548e-07
4.836053657e-07
4.625310467e-07
4.47157304e-07
4.379038806e-07
4.319414577e-07
4.280694314e-07
4.222583959e-07
4.192312457e-07
4.135292658e-07
4.096595001e-07
4.063829365e-07
4.011559543e-07
3.953443435e-07
3.879093149e-07
3.796086403e-07
3.694893648e-07
3.559729152e-07
3.42674289e-07
3.356995532e-07
3.328265863e-07
3.319079149e-07
3.324339534e-07
3.345601522e-07
3.366323544e-07
3.401327147e-07
3.439639874e-07
3.492524613e-07
3.548596758e-07
3.630856039e-07
3.727052145e-07
3.859224764e-07
4.012079179e-07
4.238011848e-07
4.521157696e-07
4.94006111e-07
5.534692618e-07
6.490795636e-07
8.111890548e-07
1.137922355e-06
0.01168017858
0.01119185138
0.004438272853
0.0007634901068
3.860523309e-05
1.016283615e-05
6.591771245e-07
6.416148138e-07
4.957857015e-07
4.93584031e-07
4.690990193e-07
4.540766628e-07
4.440007231e-07
4.372601797e-07
4.300456627e-07
4.264930814e-07
4.212187825e-07
4.179848424e-07
4.154198953e-07
4.100525007e-07
4.066665503e-07
3.99738151e-07
3.930723002e-07
3.822966041e-07
3.70768774e-07
3.570428879e-07
3.435019779e-07
3.35924961e-07
3.325557715e-07
3.31405208e-07
3.316933922e-07
3.337417658e-07
3.35964623e-07
3.395799949e-07
3.428776962e-07
3.482453128e-07
3.542372736e-07
3.623499398e-07
3.712480787e-07
3.841009051e-07
3.997410108e-07
4.21842653e-07
4.497467726e-07
4.916523137e-07
5.502374396e-07
6.454748951e-07
8.073323795e-07
1.134505699e-06
0.01141522322
0.01189817839
0.006984362523
0.001812328299
0.0001127715249
1.044842394e-05
3.275538631e-07
5.87244566e-07
7.332971706e-07
5.320471596e-07
4.864885348e-07
4.674705911e-07
4.529647812e-07
4.433211045e-07
4.390529711e-07
4.315259807e-07
4.2889117e-07
4.228211057e-07
4.183150467e-07
4.153331629e-07
4.099515295e-07
4.042186107e-07
3.959574615e-07
3.869202644e-07
3.768982642e-07
3.620031671e-07
3.45590342e-07
3.36460315e-07
3.323743812e-07
3.311383311e-07
3.311900752e-07
3.333073286e-07
3.35290851e-07
3.384834483e-07
3.422775352e-07
3.475816279e-07
3.529140674e-07
3.605986014e-07
3.69955012e-07
3.82983732e-07
3.978330624e-07
4.195966697e-07
4.473056869e-07
4.880901269e-07
5.464175588e-07
6.409039592e-07
8.019399128e-07
1.129835954e-06
0.0109114318
0.01209477744
0.008683229113
0.004067955688
0.0006984422502
3.336987204e-05
4.886016304e-06
1.05731517e-06
2.909046275e-07
5.968963057e-07
5.268989577e-07
4.794773775e-07
4.624061419e-07
4.543380251e-07
4.438419247e-07
4.396791908e-07
4.325009675e-07
4.292206648e-07
4.270800925e-07
4.214831042e-07
4.181545309e-07
4.108431421e-07
4.04087602e-07
3.931493155e-07
3.797067541e-07
3.644153725e-07
3.470712147e-07
3.368299889e-07
3.322777968e-07
3.305715057e-07
3.302672987e-07
3.32079551e-07
3.340348724e-07
3.376683892e-07
3.40919253e-07
3.45677242e-07
3.513540155e-07
3.594513255e-07
3.681987086e-07
3.801081136e-07
3.950610903e-07
4.164802134e-07
4.432158608e-07
4.839480882e-07
5.411556552e-07
6.345201716e-07
7.947794675e-07
1.123330281e-06
0.0101913491
0.01190836115
0.009567652244
0.006425622348
0.002501556722
0.0003055309551
4.178293187e-06
7.32171778e-06
2.0905798e-06
6.734732693e-07
5.653598491e-07
5.263948069e-07
4.919038679e-07
4.652866861e-07
4.595229347e-07
4.485578143e-07
4.451939748e-07
4.376764146e-07
4.322814764e-07
4.295026245e-07
4.240344466e-07
4.187487096e-07
4.10089314e-07
4.004793322e-07
3.90403156e-07
3.743490894e-07
3.515827972e-07
3.387020315e-07
3.323104417e-07
3.301210181e-07
3.295296663e-07
3.314510639e-07
3.332554316e-07
3.361224008e-07
3.393953753e-07
3.447252888e-07
3.498919275e-07
3.569298008e-07
3.653180173e-07
3.777971603e-07
3.921831951e-07
4.125241948e-07
4.391074065e-07
4.781593233e-07
5.342821652e-07
6.263337943e-07
7.84841795e-07
1.114306141e-06
0.009328182233
0.01139736803
0.00981379823
0.007890555122
0.005101796609
0.0017242388
0.0003394210852
9.155811407e-05
4.60065859e-07
7.470445266e-07
8.629683759e-07
6.664663608e-07
5.494401826e-07
4.921612957e-07
4.716218995e-07
4.636485988e-07
4.522346292e-07
4.483933786e-07
4.453832773e-07
4.391935447e-07
4.364916396e-07
4.292056943e-07
4.228072506e-07
4.117092104e-07
3.96830861e-07
3.793383525e-07
3.554910664e-07
3.396281458e-07
3.325095503e-07
3.295178668e-07
3.285409868e-07
3.297047241e-07
3.311561871e-07
3.345140945e-07
3.377872595e-07
3.420449654e-07
3.467926651e-07
3.543152482e-07
3.628540024e-07
3.737968191e-07
3.872363502e-07
4.072900528e-07
4.321725704e-07
4.705308568e-07
5.251341887e-07
6.146877278e-07
7.711304167e-07
1.101542803e-06
0.008336471665
0.01052590775
0.009612217164
0.008513188115
0.00685490658
0.004347216953
0.001368149028
0.0003828234718
2.420779014e-05
3.283887156e-06
1.042184329e-06
6.514312135e-07
5.827764958e-07
5.279520427e-07
5.023516367e-07
4.819194599e-07
4.755763179e-07
4.624511199e-07
4.554955738e-07
4.522047236e-07
4.463078214e-07
4.422732738e-07
4.336163824e-07
4.24684708e-07
4.145298388e-07
3.973305441e-07
3.646777233e-07
3.440028421e-07
3.333666593e-07
3.288688871e-07
3.274682812e-07
3.285457567e-07
3.300451822e-07
3.325926827e-07
3.35068488e-07
3.397020171e-07
3.446145564e-07
3.511421183e-07
3.580091031e-07
3.688889771e-07
3.822951138e-07
4.004859033e-07
4.24838244e-07
4.608807186e-07
5.126357692e-07
5.992311842e-07
7.521348082e-07
1.083256318e-06
0.007310692502
0.009582550033
0.009164596378
0.008585615852
0.007712732563
0.006229789661
0.003962301004
0.001315848871
0.0002974104134
2.209955469e-05
7.530162753e-06
2.04003802e-06
8.59195734e-07
5.987036481e-07
5.334309628e-07
5.128035484e-07
4.916634026e-07
4.851153061e-07
4.760030538e-07
4.67349247e-07
4.650678507e-07
4.582476159e-07
4.535272418e-07
4.423044538e-07
4.276448838e-07
4.107544134e-07
3.784007065e-07
3.483178196e-07
3.34602472e-07
3.286650422e-07
3.263868555e-07
3.263213318e-07
3.269766894e-07
3.296037548e-07
3.325080717e-07
3.362649914e-07
3.398876703e-07
3.458501154e-07
3.533061853e-07
3.631697483e-07
3.741886043e-07
3.915455379e-07
4.131667563e-07
4.467101476e-07
4.956864312e-07
5.774909269e-07
7.251756257e-07
1.056011936e-06
0.006290002646
0.008516078713
0.008512605159
0.008334941563
0.007967880998
0.007214901529
0.00583371873
0.003716575317
0.0012251662
0.0003498024019
3.55498283e-05
1.074886797e-05
1.435332943e-06
9.468577101e-07
5.949211389e-07
5.482693394e-07
5.338561403e-07
5.067731376e-07
4.975117867e-07
4.895303165e-07
4.807147173e-07
4.780188775e-07
4.699067519e-07
4.636912747e-07
4.540424281e-07
4.384854001e-07
4.019673001e-07
3.628187799e-07
3.396323508e-07
3.290667728e-07
3.252097114e-07
3.245755061e-07
3.253522462e-07
3.273113366e-07
3.289147042e-07
3.322580776e-07
3.360671953e-07
3.417151557e-07
3.470212013e-07
3.551582661e-07
3.660745183e-07
3.8098497e-07
4.01033832e-07
4.3158968e-07
4.7548209e-07
5.509888359e-07
6.906230843e-07
1.018915519e-06
0.005377750335
0.007548139285
0.007774501012
0.00790009654
0.007815156424
0.007507002299
0.006764326858
0.005342102122
0.003175539164
0.0009280673967
0.0003249353155
4.779197862e-05
1.262925025e-05
2.473450658e-06
1.042384431e-06
6.100815623e-07
5.656071526e-07
5.445769027e-07
5.205623158e-07
5.076518499e-07
5.015154799e-07
4.941878751e-07
4.913809615e-07
4.809763608e-07
4.691621634e-07
4.573712227e-07
4.254347084e-07
3.728526836e-07
3.438237454e-07
3.302416399e-07
3.245675344e-07
3.228689105e-07
3.225308519e-07
3.241018765e-07
3.259865757e-07
3.288968733e-07
3.315695099e-07
3.358766685e-07
3.410875758e-07
3.489743233e-07
3.574407238e-07
3.709792621e-07
3.881252902e-07
4.1489465e-07
4.546715643e-07
5.236026883e-07
6.543333455e-07
9.763385509e-07
0.004597417782
0.006777410008
0.007166564914
0.007445349992
0.007585827896
0.007502042792
0.007141759025
0.006265289823
0.004609834933
0.002234604831
0.000635706875
0.0001899901891
3.56008462e-05
8.963902702e-06
2.002172555e-06
9.35651967e-07
6.1876345e-07
5.687159669e-07
5.49527901e-07
5.301722803e-07
5.173568652e-07
5.117805402e-07
5.041905147e-07
5.009523554e-07
4.902587816e-07
4.784736889e-07
4.480107155e-07
3.920797093e-07
3.523659635e-07
3.328336529e-07
3.246015031e-07
3.217912022e-07
3.213305031e-07
3.224437536e-07
3.233846973e-07
3.257426599e-07
3.283009975e-07
3.325511564e-07
3.365166285e-07
3.426594889e-07
3.507455146e-07
3.624238843e-07
3.779290813e-07
4.023572766e-07
4.378278903e-07
5.005398532e-07
6.21565447e-07
9.347950661e-07
0.003886342644
0.006109991763
0.006643970149
0.007048782052
0.007313974555
0.007413948106
0.007278085226
0.006773470463
0.005601534012
0.003561207237
0.001326410157
0.0003893055336
0.000133005475
2.017854164e-05
5.368491885e-06
1.356470867e-06
7.888865549e-07
6.052070504e-07
5.684021213e-07
5.491185275e-07
5.348559678e-07
5.252343398e-07
5.208261524e-07
5.117774839e-07
5.026969551e-07
4.934914395e-07
4.671033752e-07
4.024748576e-07
3.572960616e-07
3.346290548e-07
3.248177015e-07
3.209710935e-07
3.195732048e-07
3.203037431e-07
3.213501208e-07
3.234590773e-07
3.253262556e-07
3.285780164e-07
3.322401201e-07
3.38315134e-07
3.447970748e-07
3.554347057e-07
3.68957565e-07
3.905262681e-07
4.227063756e-07
4.800014706e-07
5.92410161e-07
8.927100613e-07
0.00321648811
0.005503134789
0.006166863826
0.006678298427
0.007062478257
0.007311670487
0.007335186088
0.00707980562
0.006300898416
0.004676296108
0.00227116402
0.0007432209932
0.0002145289538
7.069514564e-05
1.153467053e-05
3.227541882e-06
9.707322021e-07
7.01051291e-07
5.959009904e-07
5.666882543e-07
5.487945048e-07
5.390627664e-07
5.313177742e-07
5.277445835e-07
5.171883548e-07
5.079913619e-07
4.851337633e-07
4.194454881e-07
3.664091035e-07
3.380668374e-07
3.253807449e-07
3.20480993e-07
3.188632842e-07
3.192307011e-07
3.196317106e-07
3.21330676e-07
3.230590437e-07
3.262882619e-07
3.292088416e-07
3.340379491e-07
3.40194633e-07
3.495706905e-07
3.618944215e-07
3.818727503e-07
4.110336871e-07
4.63635466e-07
5.677722436e-07
8.56610674e-07
0.002591619587
0.004937668517
0.005737392535
0.006359126493
0.006840291299
0.00717803839
0.007344484228
0.007275322801
0.006818763637
0.00558199279
0.00336698608
0.001200887012
0.0004110133135
0.0001076854054
3.507584065e-05
6.131504214e-06
2.022060741e-06
8.020302474e-07
6.534752818e-07
5.855970204e-07
5.626782714e-07
5.495996834e-07
5.432196988e-07
5.353020421e-07
5.271256776e-07
5.192698923e-07
4.983461471e-07
4.291922757e-07
3.709345194e-07
3.399422296e-07
3.258679279e-07
3.201293903e-07
3.177785561e-07
3.178460525e-07
3.182876647e-07
3.198114382e-07
3.210893697e-07
3.236383452e-07
3.263015264e-07
3.311033424e-07
3.361972947e-07
3.448634578e-07
3.558586725e-07
3.738550278e-07
4.00678524e-07
4.493089978e-07
5.45905066e-07
8.001226037e-07
0.002043598641
0.004402407517
0.005332190903
0.006062656905
0.006649477686
0.007095767444
0.007369138479
0.007419080638
0.007181264476
0.006360232086
0.00445485016
0.001947387816
0.000620999889
0.0002104874405
5.480162193e-05
1.682579415e-05
3.201615148e-06
1.238620274e-06
6.993806966e-07
6.147186606e-07
5.74749114e-07
5.601153903e-07
5.51255707e-07
5.470225707e-07
5.368384708e-07
5.292755854e-07
5.09859118e-07
4.433901988e-07
3.786108633e-07
3.432014286e-07
3.267511776e-07
3.19972287e-07
3.173743845e-07
3.171655158e-07
3.171620375e-07
3.184065282e-07
3.195787594e-07
3.221125323e-07
3.243006653e-07
3.282558535e-07
3.331223839e-07
3.409410308e-07
3.511224628e-07
3.680684044e-07
3.928558483e-07
4.381837796e-07
5.282132684e-07
7.771741081e-07
0.001570346868
0.003877979714
0.0049224235
0.005753176125
0.006442745777
0.006996311008
0.007390954787
0.007587694889
0.007493356499
0.006946665844
0.005421180605
0.002854070103
0.00097114683
0.0002937889657
9.89928915e-05
2.572313695e-05
7.633124935e-06
1.697079565e-06
8.687595651e-07
6.386825345e-07
5.880884243e-07
5.684686715e-07
5.596755362e-07
5.524159475e-07
5.44190649e-07
5.372649775e-07
5.180371043e-07
4.511263375e-07
3.827428675e-07
3.448439717e-07
3.272493882e-07
3.198697011e-07
3.166111465e-07
3.162766875e-07
3.163001211e-07
3.174000841e-07
3.182787879e-07
3.203578946e-07
3.223646445e-07
3.263056247e-07
3.304633661e-07
3.378121827e-07
3.471073984e-07
3.627170581e-07
3.859179406e-07
4.28495909e-07
5.129915126e-07
7.329420544e-07
0.001193438933
0.00336731806
0.004540953601
0.005452888738
0.006228202394
0.006880097774
0.007392816363
0.007719662791
0.007747023968
0.007434964078
0.006345527294
0.003886198391
0.001492855654
0.0004732170856
0.0001408664415
4.582227623e-05
1.099857752e-05
3.22667467e-06
1.017016894e-06
7.017791194e-07
6.013470138e-07
5.767464281e-07
5.657361977e-07
5.606782557e-07
5.507377171e-07
5.441108655e-07
5.257089043e-07
4.61434309e-07
3.885321377e-07
3.474917637e-07
3.2808293e-07
3.198564433e-07
3.162637551e-07
3.158398587e-07
3.155632333e-07
3.164742644e-07
3.172824661e-07
3.19350153e-07
3.210425331e-07
3.244161759e-07
3.284238367e-07
3.352051576e-07
3.439609856e-07
3.588826826e-07
3.80730595e-07
4.210746503e-07
5.008972521e-07
7.137938126e-07
0.0009335391394
0.002912467557
0.004197065803
0.00518842822
0.006039468863
0.006770328089
0.007387150355
0.007837634289
0.008000044203
0.007830335711
0.007051534798
0.004907239628
0.002132295017
0.0006925949528
0.0002198048091
6.004085345e-05
1.830699786e-05
4.374956387e-06
1.474719483e-06
7.466423926e-07
6.261140564e-07
5.838280146e-07
5.717430626e-07
5.645273953e-07
5.56009903e-07
5.496265691e-07
5.310636227e-07
4.669618557e-07
3.918822668e-07
3.48917822e-07
3.285189879e-07
3.198680113e-07
3.160668019e-07
3.152645491e-07
3.150050352e-07
3.158082234e-07
3.164214245e-07
3.181865275e-07
3.197579002e-07
3.231231812e-07
3.266565175e-07
3.331289402e-07
3.412934195e-07
3.553218434e-07
3.761104032e-07
4.146013328e-07
4.906373388e-07
6.932638331e-07
0.0007735221425
0.002493904779
0.003842443832
0.004904094841
0.00583435387
0.006648620827
0.007354894319
0.007910554182
0.008217466253
0.008160883467
0.007624742077
0.005867599199
0.002891209533
0.0009602488484
0.0002828542626
8.651741749e-05
2.305466798e-05
6.846250747e-06
1.78469417e-06
8.677013101e-07
6.412043656e-07
5.920476304e-07
5.763329662e-07
5.703244425e-07
5.604446829e-07
5.543239869e-07
5.363236452e-07
4.740651115e-07
3.960854912e-07
3.508696127e-07
3.291903507e-07
3.198936001e-07
3.158810155e-07
3.149866275e-07
3.145193893e-07
3.15197177e-07
3.157643181e-07
3.175191008e-07
3.188809022e-07
3.218672258e-07
3.25302986e-07
3.313955747e-07
3.392044647e-07
3.527817795e-07
3.726741454e-07
4.096760838e-07
4.825672763e-07
6.783168409e-07
0.0006881652475
0.002165427752
0.003519383078
0.004619167341
0.005617408587
0.006522052304
0.007330462772
0.007981185042
0.008402155521
0.008424277897
0.008055909616
0.006679524572
0.003653046673
0.001304004618
0.0003874286439
0.0001089021575
3.174927289e-05
8.613497947e-06
2.543651645e-06
9.428571911e-07
6.742088152e-07
5.981419514e-07
5.806677709e-07
5.730629513e-07
5.641643801e-07
5.580946968e-07
5.396203827e-07
4.777894938e-07
3.985728177e-07
3.520037557e-07
3.295640634e-07
3.199243579e-07
3.157257816e-07
3.14611642e-07
3.141531509e-07
3.147561459e-07
3.1519235e-07
3.167442502e-07
3.180272188e-07
3.210083042e-07
3.241261476e-07
3.300153291e-07
3.374290597e-07
3.504102363e-07
3.695982097e-07
4.053631511e-07
4.757162989e-07
6.654953004e-07
0.0006399235549
0.001934180807
0.003247208169
0.004352138215
0.005392045093
0.006373336883
0.007283427539
0.008032833425
0.008546288229
0.008685385929
0.008428964354
0.007343516891
0.004407787669
0.001682498583
0.0004902373983
0.000141682806
3.920715417e-05
1.136848606e-05
2.965168846e-06
1.117437813e-06
6.921363626e-07
6.075409068e-07
5.841622046e-07
5.770734944e-07
5.671760112e-07
5.613196737e-07
5.429246362e-07
4.822669879e-07
4.014220473e-07
3.53414499e-07
3.300636421e-07
3.199754506e-07
3.155790889e-07
3.144319583e-07
3.138309602e-07
3.143516561e-07
3.147577207e-07
3.163003564e-07
3.17443427e-07
3.20171385e-07
3.23225747e-07
3.288605635e-07
3.360395823e-07
3.48723631e-07
3.673171903e-07
4.020929135e-07
4.703458441e-07
6.545912855e-07
0.000597377093
0.001761405639
0.003025893023
0.004117664191
0.005179386052
0.006228290646
0.007237794156
0.008084709695
0.008681241012
0.008893280574
0.008712783937
0.007824681698
0.005123895148
0.002074157286
0.0006276560394
0.000174985184
4.932913788e-05
1.383883471e-05
3.881064639e-06
1.211329534e-06
7.302877696e-07
6.137290057e-07
5.873900865e-07
5.789865973e-07
5.697592051e-07
5.638813454e-07
5.452648875e-07
4.845873246e-07
4.031272556e-07
3.542619277e-07
3.303586535e-07
3.200120978e-07
3.154743415e-07
3.141853912e-07
3.135893589e-07
3.140588437e-07
3.14376732e-07
3.157831257e-07
3.168748542e-07
3.195994014e-07
3.224405199e-07
3.279408801e-07
3.34855484e-07
3.471414354e-07
3.652664383e-07
3.992178939e-07
4.657748309e-07
6.456634429e-07
0.0005590096935
0.001622474723
0.002851664166
0.003928414459
0.004995789235
0.006089385956
0.007179641373
0.0081320738
0.008800982658
0.009102854429
0.00897513353
0.008215055814
0.005746601138
0.002458679618
0.0007484888274
0.0002101693191
5.957374726e-05
1.694220363e-05
4.298544224e-06
1.404991321e-06
7.494827365e-07
6.229947316e-07
5.899655261e-07
5.817167144e-07
5.71796728e-07
5.660783554e-07
5.477594526e-07
4.874937441e-07
4.050481062e-07
3.552563567e-07
3.307191635e-07
3.200593319e-07
3.15383506e-07
3.140689873e-07
3.133755076e-07
3.137905337e-07
3.140884533e-07
3.154870244e-07
3.164852359e-07
3.19040567e-07
3.218401553e-07
3.271700489e-07
3.339292309e-07
3.460185241e-07
3.63748275e-07
3.970419371e-07
4.622016902e-07
6.384773303e-07
0.0005330040189
0.001497725979
0.002697435365
0.003762524475
0.00483013034
0.005948695639
0.007097161875
0.008152105594
0.008910401032
0.009257389067
0.009172311689
0.008517301808
0.006276832035
0.002816738765
0.0008884041376
0.0002451963931
6.879156703e-05
1.852395716e-05
5.117774568e-06
1.49563124e-06
7.874329211e-07
6.288418735e-07
5.927048536e-07
5.830461989e-07
5.735906801e-07
5.678292824e-07
5.494160137e-07
4.890978491e-07
4.062555473e-07
3.558865649e-07
3.309473701e-07
3.201080859e-07
3.153139262e-07
3.138967138e-07
3.132052704e-07
3.135824998e-07
3.13815975e-07
3.151151976e-07
3.160760327e-07
3.186279877e-07
3.21271752e-07
3.265039108e-07
3.33069716e-07
3.448684465e-07
3.622570597e-07
3.949503733e-07
4.588763255e-07
6.315225346e-07
0.0005258266413
0.001381586214
0.00255391176
0.003608655198
0.004673763335
0.00580533197
0.006996059369
0.008145324922
0.009004873841
0.009427361762
0.00936369175
0.008767594465
0.006709046253
0.003140704634
0.001006967778
0.0002784679658
7.561418108e-05
2.120916345e-05
5.356109499e-06
1.672341657e-06
8.054379031e-07
6.375444937e-07
5.945343816e-07
5.849560384e-07
5.750221126e-07
5.694045398e-07
5.511778827e-07
4.911120876e-07
4.076065674e-07
3.566078121e-07
3.312110787e-07
3.201363532e-07
3.152407233e-07
3.138033321e-07
3.130303574e-07
3.133616265e-07
3.135760841e-07
3.148661906e-07
3.157452829e-07
3.181492869e-07
3.207554655e-07
3.258369848e-07
3.32265731e-07
3.438912189e-07
3.609317122e-07
3.930460198e-07
4.557417969e-07
6.246918071e-07
0.0005430667114
0.001326106167
0.002464834935
0.003497798428
0.004549326481
0.005677652792
0.006889608078
0.008116404994
0.009067916796
0.00952175507
0.009498511654
0.008972042274
0.007069831125
0.003426755246
0.001129555245
0.0003072679044
8.422728805e-05
2.222585406e-05
5.938122268e-06
1.752365968e-06
8.393334116e-07
6.412627562e-07
5.970962936e-07
5.859302585e-07
5.763288933e-07
5.706767404e-07
5.523611148e-07
4.922852339e-07
4.084846429e-07
3.570826431e-07
3.313854433e-07
3.201804583e-07
3.151789281e-07
3.136515972e-07
3.128781542e-07
3.131728338e-07
3.133245892e-07
3.145190616e-07
3.153595937e-07
3.17757257e-07
3.202103902e-07
3.251950064e-07
3.31432247e-07
3.427706737e-07
3.594741341e-07
3.909959652e-07
4.524755684e-07
6.179799795e-07
0.0005718414937
0.001316772153
0.002437934233
0.003440417097
0.004459649091
0.005567117154
0.006788849133
0.008065014096
0.009108698415
0.009679889903
0.009634023532
0.009135946344
0.007361492463
0.003675263717
0.001228770652
0.0003387544257
9.092547774e-05
2.426577247e-05
6.353270125e-06
1.902817666e-06
8.548932353e-07
6.48384333e-07
5.98580959e-07
5.87320634e-07
5.773761565e-07
5.718593349e-07
5.536846624e-07
4.938047871e-07
4.095008192e-07
3.576384847e-07
3.315937634e-07
3.201989225e-07
3.151133098e-07
3.135679309e-07
3.127180482e-07
3.129685903e-07
3.131001277e-07
3.142832243e-07
3.150434827e-07
3.17295252e-07
3.19709986e-07
3.245445197e-07
3.30645468e-07
3.418118398e-07
3.581698003e-07
3.89117662e-07
4.493782505e-07
6.113830778e-07
0.0005953214717
0.001331777158
0.002443216112
0.003423611945
0.004411888058
0.005491309062
0.006704268304
0.008000421623
0.009120598089
0.00975040544
0.009740801892
0.009274514989
0.007600375785
0.003888561821
0.001326892752
0.00036656171
9.959725674e-05
2.664045034e-05
6.942574759e-06
1.965135941e-06
8.82839835e-07
6.515158535e-07
6.00715985e-07
5.88051022e-07
5.783537246e-07
5.728137553e-07
5.545702781e-07
4.946966652e-07
4.101617541e-07
3.579930946e-07
3.317321139e-07
3.202308325e-07
3.150567918e-07
3.134294672e-07
3.125773535e-07
3.127917443e-07
3.128616734e-07
3.139510489e-07
3.146720609e-07
3.169154261e-07
3.191782196e-07
3.239162829e-07
3.298261295e-07
3.407067679e-07
3.567296506e-07
3.870890836e-07
4.461437134e-07
6.048970408e-07
0.0005928786853
0.001302144219
0.002418796022
0.00339821149
0.004373524058
0.00543543858
0.00663579276
0.007933706827
0.009117560789
0.009804377434
0.009827903893
0.00938933001
0.007794262977
0.004069348526
0.001404530807
0.0003897526857
0.0001077568211
2.861999649e-05
7.078363528e-06
2.077767697e-06
8.953202335e-07
6.571261351e-07
6.017018087e-07
5.890871779e-07
5.791431254e-07
5.737303518e-07
5.555976689e-07
4.958813871e-07
4.109569752e-07
3.584300464e-07
3.319038865e-07
3.202445318e-07
3.149965346e-07
3.13352396e-07
3.124271129e-07
3.125988448e-07
3.126478454e-07
3.137240114e-07
3.143665843e-07
3.164642523e-07
3.186889961e-07
3.232773817e-07
3.290519754e-07
3.397620716e-07
3.554422086e-07
3.85233244e-07
4.430817399e-07
5.985187381e-07
0.0005668351292
0.001158425071
0.002319354607
0.003331672404
0.004320295934
0.005381972922
0.006576658697
0.007875870164
0.009108156275
0.009846453105
0.009899901504
0.009483473349
0.007953727628
0.004222510566
0.001479625301
0.0004082251605
0.00011432883
2.8814975e-05
7.464526868e-06
2.124016109e-06
9.172206503e-07
6.59583227e-07
6.033590364e-07
5.896412839e-07
5.79896412e-07
5.744723386e-07
5.56284308e-07
4.965803745e-07
4.114752524e-07
3.587088643e-07
3.320184518e-07
3.202694612e-07
3.149439173e-07
3.132226909e-07
3.122940937e-07
3.12430128e-07
3.124182524e-07
3.134018201e-07
3.140058085e-07
3.160922996e-07
3.181664319e-07
3.226590427e-07
3.282429039e-07
3.386685958e-07
3.540159434e-07
3.832232091e-07
4.398776723e-07
5.922444339e-07
0.0005395595116
0.0009519537231
0.002183885445
0.003251036868
0.004264026127
0.005332429629
0.006528060141
0.007835172515
0.00909295647
0.009879117199
0.009959079166
0.009560813222
0.008081543001
0.004351087596
0.00153711361
0.000424739586
0.0001144732755
3.02153265e-05
7.573414058e-06
2.207272043e-06
9.269938709e-07
6.639089254e-07
6.039864652e-07
5.904344e-07
5.805101726e-07
5.752073242e-07
5.571125596e-07
4.975428588e-07
4.121266775e-07
3.590719155e-07
3.321681378e-07
3.202810335e-07
3.14887618e-07
3.131500811e-07
3.12150371e-07
3.122448274e-07
3.122119669e-07
3.131807745e-07
3.137081657e-07
3.156482737e-07
3.176853521e-07
3.220285779e-07
3.274784429e-07
3.377353489e-07
3.527428365e-07
3.813877845e-07
4.368505009e-07
5.860715077e-07
0.0005299904598
0.0007916735899
0.002038288408
0.003172021925
0.004217018606
0.005293632323
0.006492555768
0.007808105603
0.009079791021
0.009904214551
0.01001019029
0.009624968191
0.008184526586
0.004461158736
0.001592272324
0.0004403915245
0.0001177350455
3.035320565e-05
7.836045256e-06
2.249148299e-06
9.438790102e-07
6.658073565e-07
6.051456922e-07
5.908599023e-07
5.811091796e-07
5.758060591e-07
5.576676167e-07
4.981145874e-07
4.125537385e-07
3.593040978e-07
3.322663703e-07
3.203021217e-07
3.148376988e-07
3.13026481e-07
3.120227111e-07
3.120819778e-07
3.119885639e-07
3.128653757e-07
3.13355263e-07
3.152817099e-07
3.171692848e-07
3.214176351e-07
3.266771104e-07
3.366509612e-07
3.513282218e-07
3.793945731e-07
4.336765903e-07
5.799963677e-07
0.0005425494367
0.0006879378269
0.001918597774
0.003127382881
0.004195460276
0.005267011701
0.006464684641
0.00778681878
0.00907003508
0.009922435566
0.0100589405
0.009678074711
0.008267959177
0.004551340371
0.00163277215
0.0004537259694
0.000119793933
3.121080728e-05
8.029046155e-06
2.316737507e-06
9.515583202e-07
6.691414021e-07
6.059674122e-07
5.914869283e-07
5.816024924e-07
5.76416303e-07
5.583617309e-07
4.989332467e-07
4.131173001e-07
3.596237783e-07
3.324050213e-07
3.203122235e-07
3.147843412e-07
3.129571603e-07
3.118835811e-07
3.119015584e-07
3.117876104e-07
3.126488988e-07
3.130631232e-07
3.148428186e-07
3.166943944e-07
3.207935695e-07
3.259204826e-07
3.357274783e-07
3.500678799e-07
3.775784371e-07
4.3068433e-07
5.740169971e-07
0.000571845293
0.0006096394623
0.001863738721
0.003117596068
0.004198510719
0.005251282459
0.006438099733
0.00776235825
0.009059586653
0.009934288066
0.0100886976
0.009721166004
0.008336007722
0.004628995602
0.001672530013
0.0004646950862
0.0001231365873
3.207652087e-05
8.276725258e-06
2.3450189e-06
9.645535172e-07
6.706274559e-07
6.069591572e-07
5.918222557e-07
5.820955483e-07
5.769178989e-07
5.58828413e-07
4.994196258e-07
4.134819817e-07
3.598246483e-07
3.324924876e-07
3.203286621e-07
3.14736741e-07
3.12837939e-07
3.117598282e-07
3.117428636e-07
3.115684418e-07
3.123382779e-07
3.12713936e-07
3.144820043e-07
3.161830598e-07
3.201884236e-07
3.251252826e-07
3.346506211e-07
3.486636376e-07
3.756013053e-07
4.275412939e-07
5.681300078e-07
0.0006068750086
0.0005800584219
0.001854989931
0.003137483542
0.004217427785
0.005246069623
0.006408212085
0.007726485714
0.009040792923
0.009940455832
0.01011737322
0.009757415295
0.008391284929
0.004690460214
0.001699747872
0.0004737410699
0.0001265046423
3.311523649e-05
8.449482901e-06
2.397135164e-06
9.706411701e-07
6.732337256e-07
6.075899755e-07
5.923377309e-07
5.825071235e-07
5.774429346e-07
5.594320251e-07
5.001522765e-07
4.139986489e-07
3.60122596e-07
3.326264882e-07
3.203388732e-07
3.146859328e-07
3.127711634e-07
3.116240747e-07
3.115658258e-07
3.113712006e-07
3.121254735e-07
3.124251705e-07
3.140474122e-07
3.157131365e-07
3.195694777e-07
3.243753874e-07
3.337359676e-07
3.474153161e-07
3.738042889e-07
4.245853468e-07
5.623336231e-07
0.0006436962903
0.0006027188569
0.001919375129
0.003193607903
0.004253602336
0.005248409334
0.006374290705
0.007677318963
0.009006027647
0.009935987311
0.01013217746
0.009787098032
0.008437327309
0.004746008725
0.001728861686
0.0004807502075
0.000129563439
3.397789772e-05
8.666284242e-06
2.427345965e-06
9.807554718e-07
6.744274347e-07
6.084575281e-07
5.926148153e-07
5.829284287e-07
5.77878814e-07
5.598394961e-07
5.0057675e-07
4.143203075e-07
3.603034864e-07
3.327075837e-07
3.203526512e-07
3.146404401e-07
3.126552045e-07
3.115034518e-07
3.114115993e-07
3.111547423e-07
3.118182245e-07
3.120789429e-07
3.13690969e-07
3.152053744e-07
3.189691039e-07
3.235852918e-07
3.32665662e-07
3.460207249e-07
3.718429907e-07
4.214742239e-07
5.566245116e-07
0.0006791678054
0.0006794300523
0.002076028045
0.003294944555
0.004306383142
0.005254828836
0.00633748639
0.007621599766
0.008959154903
0.009919586635
0.01013681461
0.00980807679
0.008475072483
0.004784991406
0.001745677137
0.0004869274288
0.0001320933083
3.467171513e-05
8.836840267e-06
2.470220698e-06
9.854935362e-07
6.764931742e-07
6.087996532e-07
5.930536744e-07
5.832825715e-07
5.783426234e-07
5.60378227e-07
5.012515027e-07
4.148072907e-07
3.605881313e-07
3.328389857e-07
3.20365017e-07
3.145924836e-07
3.125912065e-07
3.113716089e-07
3.112332875e-07
3.109624678e-07
3.116106864e-07
3.117965032e-07
3.1326388e-07
3.147448023e-07
3.183612688e-07
3.228497214e-07
3.317693598e-07
3.447977883e-07
3.700849648e-07
4.185884565e-07
5.511338484e-07
0.000712645653
0.0008431144585
0.002331732839
0.003456585784
0.004381494814
0.005264612637
0.00629828363
0.007568576905
0.008912875638
0.009898371991
0.01013439203
0.009819289939
0.00850187936
0.004830734854
0.001771387871
0.0004923488863
0.0001344290446
3.519471225e-05
8.996506195e-06
2.491100026e-06
9.932253937e-07
6.774357696e-07
6.094536019e-07
5.932889536e-07
5.836490207e-07
5.787267747e-07
5.607367016e-07
5.016288654e-07
4.150956825e-07
3.607519812e-07
3.329140956e-07
3.203780302e-07
3.145492373e-07
3.124799248e-07
3.11255813e-07
3.110956579e-07
3.107522511e-07
3.113127038e-07
3.11461206e-07
3.129184053e-07
3.142515383e-07
3.177791138e-07
3.220830468e-07
3.307312663e-07
3.434480329e-07
3.681923425e-07
4.156020672e-07
5.457398691e-07
0.000727595465
0.001124235071
0.002661405513
0.003661089652
0.004475999489
0.005276405896
0.006259826744
0.007518215778
0.008873361301
0.0098782689
0.0101305859
0.009830358656
0.008521352348
0.004836601614
0.001770263289
0.0004951741831
0.0001356550633
3.558845919e-05
9.071960595e-06
2.521776219e-06
9.978173944e-07
6.790785931e-07
6.096583822e-07
5.936796923e-07
5.839620582e-07
5.791473383e-07
5.612613601e-07
5.023044427e-07
4.156052774e-07
3.610350936e-07
3.330417784e-07
3.203934004e-07
3.145024724e-07
3.124177345e-07
3.111268734e-07
3.109009046e-07
3.105641394e-07
3.111100867e-07
3.111845646e-07
3.124987671e-07
3.138011463e-07
3.171830899e-07
3.213641749e-07
3.298578425e-07
3.422591939e-07
3.66491309e-07
4.128310855e-07
5.404409872e-07
0.0007420817986
0.001553831231
0.003051698505
0.003889586631
0.004580036287
0.005287350431
0.006206543129
0.007444651895
0.00881997157
0.009854144696
0.01012524126
0.009849130362
0.008520481286
0.004807844406
0.001716577951
0.0004863087944
0.0001318839654
3.542936983e-05
8.914550334e-06
2.522959117e-06
9.952579902e-07
6.787690917e-07
6.101467631e-07
5.938665538e-07
5.84294564e-07
5.795007369e-07
5.61515239e-07
5.025178694e-07
4.157387906e-07
3.611429907e-07
3.331032329e-07
3.203925139e-07
3.144594973e-07
3.123077297e-07
3.11012687e-07
3.107849308e-07
3.10354732e-07
3.10814055e-07
3.108519887e-07
3.121562909e-07
3.133106483e-07
3.166063689e-07
3.206041824e-07
3.288299044e-07
3.40926927e-07
3.646315027e-07
4.099196033e-07
5.352337563e-07
0.0007525059741
0.002210471956
0.003385596761
0.004054189918
0.004653383394
0.00529442085
0.006065326118
0.007144420789
0.008483694526
0.009669235722
0.01008582975
0.009915750707
0.008846045302
0.005283005186
0.001957601059
0.0005461034076
0.0001518650236
3.848525861e-05
9.986248178e-06
2.641755829e-06
1.028573277e-06
6.852187988e-07
6.109747045e-07
5.941997625e-07
5.845646654e-07
5.798569887e-07
5.620067191e-07
5.031846278e-07
4.162681039e-07
3.614258788e-07
3.332284881e-07
3.204213451e-07
3.144141265e-07
3.122471518e-07
3.108856535e-07
3.105893628e-07
3.10169031e-07
3.106143623e-07
3.105783389e-07
3.117400168e-07
3.128664338e-07
3.160149176e-07
3.198939351e-07
3.279692792e-07
3.39758165e-07
3.629666928e-07
4.072277452e-07
5.301151093e-07
0.000558260241
0.001810664513
0.003337679611
0.004076852717
0.004670819846
0.005303495602
0.006034484255
0.006986001244
0.008239164703
0.009480213244
0.01004584206
0.009938147874
0.009043445829
0.005697608144
0.002178996916
0.0006170839407
0.0001658824262
4.336036555e-05
1.066075386e-05
2.91855565e-06
1.054629652e-06
6.902620173e-07
6.127040677e-07
5.947531113e-07
5.850251202e-07
5.802785027e-07
5.627465426e-07
5.045024836e-07
4.172122905e-07
3.619265473e-07
3.334504702e-07
3.204725157e-07
3.143945838e-07
3.121474027e-07
3.107772625e-07
3.104744343e-07
3.099626927e-07
3.103207539e-07
3.102499528e-07
3.113994351e-07
3.12377919e-07
3.154420739e-07
3.191383854e-07
3.269482955e-07
3.384390757e-07
3.611335013e-07
4.043817259e-07
5.250833447e-07
0.0004607729871
0.001610725821
0.003100733115
0.003929551319
0.004588339925
0.005265390724
0.006015361696
0.006929021744
0.008105827127
0.009350706905
0.01001743831
0.00995232689
0.00918155249
0.006045204943
0.002386171503
0.0006877387225
0.0001874151989
4.663582202e-05
1.199021865e-05
3.067993507e-06
1.115442629e-06
7.013256828e-07
6.136204832e-07
5.950603587e-07
5.852741421e-07
5.806090859e-07
5.631870027e-07
5.051395697e-07
4.177231733e-07
3.622027503e-07
3.335743604e-07
3.205035069e-07
3.14348034e-07
3.120881354e-07
3.106513989e-07
3.102802585e-07
3.097787942e-07
3.101233215e-07
3.099787671e-07
3.109850246e-07
3.11941255e-07
3.148531149e-07
3.184361971e-07
3.260998539e-07
3.372896369e-07
3.595036785e-07
4.017660816e-07
5.201373952e-07
0.0004273731533
0.001512766479
0.002845614217
0.003693135727
0.004399185667
0.005150188028
0.005957821956
0.006895729872
0.00805911788
0.009300430082
0.01001586127
0.009981520473
0.009315739356
0.006414887099
0.002672739218
0.0008051372302
0.0002144488165
5.475661862e-05
1.319202613e-05
3.40587702e-06
1.158107461e-06
7.087449521e-07
6.158806399e-07
5.956989888e-07
5.85736702e-07
5.81034843e-07
5.639491478e-07
5.065916757e-07
4.187668847e-07
3.627519128e-07
3.338168303e-07
3.205695004e-07
3.143344388e-07
3.119889626e-07
3.105439286e-07
3.101659743e-07
3.095725328e-07
3.098299919e-07
3.096515942e-07
3.106476775e-07
3.114528786e-07
3.142855179e-07
3.176862091e-07
3.250877444e-07
3.35986486e-07
3.577006504e-07
3.989885341e-07
5.15274034e-07
0.0001482427228
0.001350138764
0.002494017319
0.003347345252
0.004107632087
0.004929925363
0.005830459546
0.006868927351
0.008084540778
0.009339102578
0.01005176544
0.01001268679
0.009326001578
0.00641388162
0.002669569196
0.0008035322454
0.0002144878421
5.440468443e-05
1.320223566e-05
3.395479705e-06
1.158890606e-06
7.092933179e-07
6.161355318e-07
5.959351432e-07
5.860064586e-07
5.813936336e-07
5.643009215e-07
5.06967496e-07
4.190864758e-07
3.629402717e-07
3.339081031e-07
3.205779154e-07
3.142835767e-07
3.119296567e-07
3.104171096e-07
3.099711597e-07
3.093885077e-07
3.096332033e-07
3.093806387e-07
3.102345039e-07
3.110246772e-07
3.136953847e-07
3.169904616e-07
3.242499612e-07
3.348547553e-07
3.561037899e-07
0.0007454872684
0.001871847239
0.002600414282
0.003302420303
0.004025906027
0.004845839348
0.005777455181
0.0068510774
0.008125745133
0.009389898972
0.01008155278
0.010030967
0.009324759795
0.006406953798
0.002663117853
0.0008009957912
0.0002140107362
5.409879255e-05
1.318991294e-05
3.388789364e-06
1.158815068e-06
7.096776303e-07
6.164266432e-07
5.96186636e-07
5.863233707e-07
5.817530442e-07
5.646372866e-07
5.073716216e-07
4.193429419e-07
3.630967688e-07
3.33989249e-07
3.205871944e-07
3.142479176e-07
3.118194939e-07
3.103045975e-07
3.098543417e-07
3.091790612e-07
3.09337821e-07
3.090518149e-07
3.098990909e-07
3.105376611e-07
3.131342141e-07
3.162470174e-07
3.232485801e-07
0.001534865361
0.002196252393
0.002719210085
0.003292096373
0.003976371932
0.004782482451
0.005726069667
0.006833912197
0.008150576512
0.009434918699
0.01010834599
0.01004630935
0.009320735921
0.006393087191
0.002652365741
0.0007982853657
0.0002132578163
5.380715692e-05
1.316090821e-05
3.377342358e-06
1.158956108e-06
7.100854549e-07
6.167352422e-07
5.964753767e-07
5.866449629e-07
5.821172549e-07
5.650018834e-07
5.077570471e-07
4.196716645e-07
3.632928055e-07
3.340838735e-07
3.205956829e-07
3.141934823e-07
3.117592052e-07
3.101755007e-07
3.096569466e-07
3.089935519e-07
3.091405062e-07
3.087799413e-07
3.094849997e-07
3.101057853e-07
3.1254152e-07
3.155565486e-07
0.001924039331
0.002391246276
0.002830498266
0.003329769008
0.003956961367
0.004744153004
0.005687075445
0.006822145438
0.008179408277
0.009486800215
0.01014000466
0.01006474325
0.009312962012
0.006372951121
0.002635740118
0.000794136578
0.0002121664727
5.349054296e-05
1.311851685e-05
3.36559333e-06
1.158954372e-06
7.105343253e-07
6.170401798e-07
5.967818023e-07
5.870221629e-07
5.825381131e-07
5.653722269e-07
5.081778103e-07
4.199321843e-07
3.634502257e-07
3.341655437e-07
3.206045542e-07
3.14157237e-07
3.116467108e-07
3.100615922e-07
3.095390612e-07
3.087819248e-07
3.088427037e-07
3.08449968e-07
3.091502623e-07
3.096356534e-07
3.119849478e-07
0.002138944271
0.002530400818
0.002942751836
0.003418942474
0.003996823281
0.004742262285
0.005676147468
0.006830775937
0.008232768813
0.009550196482
0.01018036432
0.01008764559
0.009301451976
0.006344444784
0.002612660053
0.0007883286879
0.0002106884566
5.305968174e-05
1.306281051e-05
3.354117117e-06
1.159889904e-06
7.110568151e-07
6.174050948e-07
5.971539929e-07
5.874227231e-07
5.829927721e-07
5.657934106e-07
5.085849322e-07
4.202718727e-07
3.636526057e-07
3.342623589e-07
3.206124069e-07
3.141001816e-07
3.115848555e-07
3.09929374e-07
3.093380323e-07
3.085942158e-07
3.086442419e-07
3.081765479e-07
3.087350015e-07
3.091229631e-07
0.002297773002
0.002672107617
0.003092229705
0.003574705408
0.004147057292
0.004876957666
0.005780044927
0.006918888927
0.008334371226
0.009636403492
0.01023423791
0.0101164833
0.009282573158
0.006303443806
0.002581089472
0.0007801270155
0.0002088835338
5.253611476e-05
1.29746105e-05
3.342401838e-06
1.160656018e-06
7.115990271e-07
6.178157257e-07
5.975714593e-07
5.879182274e-07
5.835202653e-07
5.662252946e-07
5.090406904e-07
4.205447138e-07
3.638180242e-07
3.343475589e-07
3.206209286e-07
3.140621401e-07
3.114677071e-07
3.098122228e-07
3.09217603e-07
3.083781806e-07
3.083416631e-07
3.078433045e-07
3.083996937e-07
0.002497591679
0.00287521676
0.003311887748
0.003815533236
0.004409091536
0.005154827363
0.006056859863
0.007165196735
0.008521163824
0.009760037194
0.01030443431
0.01015520443
0.009260221591
0.006246211647
0.002537421455
0.000768707962
0.0002067105341
5.197150051e-05
1.286234199e-05
3.329833982e-06
1.160469088e-06
7.122142631e-07
6.18381171e-07
5.98110239e-07
5.884734196e-07
5.841088139e-07
5.667393926e-07
5.094969289e-07
4.20911046e-07
3.640313943e-07
3.344492751e-07
3.206280434e-07
3.140007204e-07
3.114025443e-07
3.096738493e-07
3.090093026e-07
3.081857265e-07
3.081402035e-07
3.075651988e-07
3.079793604e-07
0.002847759911
0.003184121451
0.003621293941
0.004147901197
0.004779439609
0.00556640023
0.00649472905
0.007584768327
0.008840588831
0.009938643565
0.01037154151
0.01020742817
0.009221292704
0.006166489944
0.002479684369
0.0007536039897
0.0002041205408
5.136055439e-05
1.274909516e-05
3.31573907e-06
1.160204786e-06
7.129147531e-07
6.190218241e-07
5.987471013e-07
5.891989043e-07
5.848342983e-07
5.672858371e-07
5.100238863e-07
4.212117731e-07
3.642173123e-07
3.345424221e-07
3.206357654e-07
3.139584813e-07
3.112761522e-07
3.095498607e-07
3.088833788e-07
3.079609954e-07
3.078282841e-07
3.072246335e-07
0.003456293243
0.003756615042
0.004111991008
0.004600608975
0.00525529082
0.006107913673
0.007095368447
0.008188770045
0.009314849176
0.01021011931
0.01052573477
0.01028001424
0.009187182471
0.006057837396
0.002401926553
0.0007331348077
0.0002007012097
5.067305237e-05
1.263098053e-05
3.299759453e-06
1.159609947e-06
7.136894547e-07
6.201978892e-07
5.996077754e-07
5.90054902e-07
5.856880662e-07
5.679828481e-07
5.10589624e-07
4.216355738e-07
3.644518881e-07
3.346533771e-07
3.206411352e-07
3.138885375e-07
3.112042288e-07
3.093994959e-07
3.086608705e-07
3.077589653e-07
3.07619466e-07
3.069366874e-07
0.004349278335
0.004712494598
0.004979562328
0.005318477799
0.005868049495
0.006697802479
0.00776415197
0.00892983891
0.009968338697
0.01060674136
0.01075980168
0.01038755467
0.009119371645
0.005907449583
0.002304215294
0.000707315843
0.0001962533471
4.986221413e-05
1.249556794e-05
3.27449799e-06
1.15876271e-06
7.149598871e-07
6.212182653e-07
6.006665326e-07
5.912256099e-07
5.867864148e-07
5.687447372e-07
5.112571447e-07
4.219904651e-07
3.646784035e-07
3.347608152e-07
3.206467159e-07
3.138378602e-07
3.110598173e-07
3.092619496e-07
3.085237981e-07
3.075173919e-07
3.072895281e-07
0.005354881001
0.00602395049
0.006370194626
0.006500801605
0.006729926451
0.007326760156
0.00836258236
0.009666549261
0.01075905207
0.01125310344
0.01118340736
0.01056091094
0.00910986713
0.005714527488
0.002179346433
0.0006737594447
0.0001900382911
4.895777318e-05
1.235030988e-05
3.253556818e-06
1.157385286e-06
7.161458513e-07
6.234215557e-07
6.021496454e-07
5.926614944e-07
5.881155321e-07
5.697707561e-07
5.120445992e-07
4.225290763e-07
3.649546594e-07
3.348884571e-07
3.206479318e-07
3.137498837e-07
3.109748328e-07
3.090887331e-07
3.082741645e-07
3.072964453e-07
3.070659979e-07
0.006131138541
0.006988294866
0.00769480364
0.007989453259
0.007943367512
0.008038829127
0.00874127689
0.01007838154
0.01149569173
0.01211939053
0.01184286775
0.01096086135
0.009132569057
0.005459948285
0.002038997364
0.0006348281548
0.0001821252924
4.778038901e-05
1.218299839e-05
3.225937149e-06
1.156371886e-06
7.190029329e-07
6.252311122e-07
6.040245597e-07
5.946868489e-07
5.898593579e-07
5.709047799e-07
5.129456362e-07
4.229807527e-07
3.65253469e-07
3.35018772e-07
3.206435472e-07
3.13684939e-07
3.107959608e-07
3.089254205e-07
3.081156438e-07
3.07023223e-07
0.006880003909
0.007630324355
0.008476044693
0.009143971633
0.009401802599
0.009366381088
0.00964414563
0.01081427103
0.01262706803
0.01382100698
0.01355195543
0.0117928828
0.009215362882
0.005183663528
0.001876691345
0.0005878652766
0.0001718308354
4.646736545e-05
1.199976099e-05
3.193374703e-06
1.154204888e-06
7.210088443e-07
6.290619762e-07
6.067072788e-07
5.972267159e-07
5.919674447e-07
5.724555642e-07
5.140545107e-07
4.237265683e-07
3.656057693e-07
3.351699096e-07
3.206310049e-07
3.135643605e-07
3.106869922e-07
3.087102725e-07
3.078166231e-07
3.067674038e-07
0.007716266764
0.008308043229
0.009037944227
0.009763707951
0.01024108995
0.01033103303
0.01031681562
0.01087677055
0.01248718813
0.01430697144
0.01491106057
0.01303643279
0.009447733516
0.004868615913
0.001729649003
0.0005409123721
0.0001603948892
4.469809603e-05
1.180026815e-05
3.163835098e-06
1.152966651e-06
7.264711634e-07
6.324194906e-07
6.101409739e-07
6.00859684e-07
5.946969809e-07
5.741261287e-07
5.152848528e-07
4.243249853e-07
3.660127937e-07
3.353281462e-07
3.206117311e-07
3.134656316e-07
3.10445621e-07
3.0850113e-07
3.076198251e-07
0.008399598988
0.008873528229
0.009435807845
0.01002221916
0.01049301379
0.01068361989
0.01062878662
0.01077736643
0.01180048444
0.0136730438
0.01486704868
0.01405499175
0.00998421922
0.004707648647
0.001577412112
0.0004935490672
0.0001484814675
4.236074498e-05
1.154322094e-05
3.114430117e-06
1.149596216e-06
7.305555145e-07
6.388746468e-07
6.151043946e-07
6.054542566e-07
5.978448411e-07
5.763779446e-07
5.167360756e-07
4.253685083e-07
3.664722701e-07
3.354611589e-07
3.205820704e-07
3.132892305e-07
3.102947319e-07
3.082142013e-07
3.072378685e-07
0.008425301559
0.008845852664
0.009330308576
0.00983784447
0.01027586656
0.01051696388
0.01050115465
0.01042526655
0.01079317407
0.01212350167
0.01386053163
0.01390604188
0.01085598398
0.00488064461
0.001571049049
0.000457402878
0.0001369453779
4.011327042e-05
1.128245579e-05
3.086104215e-06
1.15060932e-06
7.406402638e-07
6.451885935e-07
6.214324991e-07
6.110882195e-07
6.01666507e-07
5.785651343e-07
5.182642375e-07
4.261183472e-07
3.669840582e-07
3.356242266e-07
3.205087637e-07
3.131256807e-07
3.099500957e-07
3.079313075e-07
0.007987329909
0.00838982412
0.008826729459
0.009273458983
0.009677859727
0.009953558249
0.01001120354
0.009887620911
0.009853822624
0.01040668546
0.0118082166
0.01294416199
0.01129548051
0.005529961006
0.00164047665
0.0004645861461
0.0001307790701
3.762138697e-05
1.071503356e-05
3.036806255e-06
1.154650897e-06
7.492222617e-07
6.56267491e-07
6.306200009e-07
6.168901944e-07
6.05608846e-07
5.813492371e-07
5.196709531e-07
4.272403756e-07
3.673916589e-07
3.356973462e-07
3.204039301e-07
3.128483106e-07
3.097294942e-07
0.006723845173
0.007115179615
0.007545483285
0.007995362577
0.008427204306
0.008780010201
0.008972880217
0.00895304885
0.008809244556
0.008845219014
0.009457704481
0.01060521662
0.01069464452
0.007590988449
0.002366498798
0.0005452949456
0.0001382195483
3.807737723e-05
1.074210206e-05
3.050974446e-06
1.164207509e-06
7.624632838e-07
6.668081008e-07
6.376151846e-07
6.233638059e-07
6.100770623e-07
5.836320155e-07
5.212920361e-07
4.278080226e-07
3.67820603e-07
3.357592333e-07
3.201764574e-07
3.125508154e-07
0.004898333451
0.005293820684
0.00573422529
0.006207380111
0.006688616817
0.007136032113
0.007488425882
0.007672854064
0.007650849955
0.007522388711
0.007573419793
0.008113838639
0.008944016531
0.008066880381
0.004101841271
0.001057411884
0.0002324698576
5.26612831e-05
1.309115694e-05
3.470730179e-06
1.248381349e-06
7.768201332e-07
6.766921519e-07
6.476598217e-07
6.292296883e-07
6.144090367e-07
5.875534971e-07
5.237141001e-07
4.30007338e-07
3.685851397e-07
3.358614746e-07
0.002564181812
0.002937562539
0.003378191598
0.003881958118
0.004433775699
0.005003840155
0.005544129971
0.005986216186
0.00625249376
0.006293695227
0.006205136381
0.006222059489
0.006588039684
0.007082819224
0.005877048692
0.002129229576
0.0004876365253
0.0001193521182
2.665887508e-05
5.866380122e-06
1.635517649e-06
8.51299358e-07
6.877218608e-07
0.001670510181
0.001339031345
0.003808321578
0.003292209028
0.005676570811
0.005181414827
0.006564495615
0.006217022143
0.006694844557
0.006430257275
0.006225444441
0.006071849369
0.005356354133
0.0052682075
0.004394913978
0.004262340603
0.003444942772
0.003146866552
0.002926351835
0.002276657693
0.002757568657
0.001853979891
0.002364395969
0.00155405537
0.002058033787
0.001475645649
0.001832794175
0.001354169434
0.001638964698
0.001265914483
0.00143609364
0.001128117982
0.001174877914
0.0009816781943
0.0007840330682
0.0007802876709
0.0002316106163
0.0004728189061
0.0004369874525
0.0002818747368
0.0002888397695
3.572743971e-07
3.660223042e-07
3.757539094e-07
3.897609827e-07
4.061507268e-07
4.298801674e-07
4.596548221e-07
5.039115542e-07
5.65696216e-07
6.642933375e-07
8.291940711e-07
1.15294622e-06
3.373414277e-07
3.347611639e-07
3.34039147e-07
3.358391832e-07
3.380852156e-07
3.417080442e-07
3.45548693e-07
3.511943716e-07
3.572436645e-07
3.659864889e-07
3.757282253e-07
3.896778801e-07
4.06100108e-07
4.297958261e-07
4.596091731e-07
5.037712947e-07
5.655533352e-07
6.641282246e-07
8.289976993e-07
1.152782796e-06
3.883361753e-07
3.814571448e-07
3.738995457e-07
3.649523626e-07
3.551268138e-07
3.441260456e-07
3.37320536e-07
3.34751171e-07
3.34024903e-07
3.358110625e-07
3.380624411e-07
3.416805733e-07
3.455359481e-07
3.511703214e-07
3.572245472e-07
3.659314994e-07
3.756811015e-07
3.896323464e-07
4.060717263e-07
4.297158596e-07
4.595083943e-07
5.036799226e-07
5.654139082e-07
6.639595663e-07
8.287597367e-07
1.152606397e-06
0.006121303143
0.001899006797
0.0003116711242
2.44448411e-05
1.541900969e-06
7.754025872e-07
5.805016218e-07
5.125722907e-07
4.779345662e-07
4.585970839e-07
4.469494195e-07
4.390666339e-07
4.333798383e-07
4.287479903e-07
4.245367984e-07
4.206730558e-07
4.168272026e-07
4.129561797e-07
4.088477571e-07
4.044148252e-07
3.996430178e-07
3.942347602e-07
3.883328173e-07
3.814485467e-07
3.738963569e-07
3.64955473e-07
3.551240231e-07
3.441047579e-07
3.372941314e-07
3.347288195e-07
3.340043724e-07
3.357947522e-07
3.380505808e-07
3.416536307e-07
3.455075955e-07
3.511205092e-07
3.571862719e-07
3.658879579e-07
3.756568122e-07
3.895550018e-07
4.060035694e-07
4.296103859e-07
4.59459707e-07
5.035228696e-07
5.652421245e-07
6.637512516e-07
8.285217305e-07
1.152407204e-06
0.006145455203
0.001905962296
0.0003130937416
2.450348563e-05
1.542372945e-06
7.752921853e-07
5.802532246e-07
5.125467852e-07
4.779409243e-07
4.58595364e-07
4.469406841e-07
4.390559733e-07
4.333773624e-07
4.287424107e-07
4.245311332e-07
4.206680841e-07
4.168212029e-07
4.129426795e-07
4.088407668e-07
4.044141504e-07
3.996452604e-07
3.942407001e-07
3.883465206e-07
3.814442896e-07
3.739140057e-07
3.649675098e-07
3.551121203e-07
3.440577553e-07
3.372594099e-07
3.347091347e-07
3.339871446e-07
3.357676027e-07
3.380237743e-07
3.416232113e-07
3.454961816e-07
3.510984942e-07
3.571682884e-07
3.658384983e-07
3.755982732e-07
3.894963999e-07
4.059733385e-07
4.295341451e-07
4.593309292e-07
5.033933517e-07
5.650832776e-07
6.635517857e-07
8.282462916e-07
1.152179657e-06
0.006171832624
0.001913110337
0.0003147340471
2.462440892e-05
1.543812842e-06
7.749251362e-07
5.800342308e-07
5.125264149e-07
4.779369137e-07
4.585918359e-07
4.46932864e-07
4.390460021e-07
4.333764218e-07
4.287357749e-07
4.245255499e-07
4.206622214e-07
4.16813525e-07
4.129305767e-07
4.0883658e-07
4.044137165e-07
3.996510548e-07
3.942318903e-07
3.883481931e-07
3.814553384e-07
3.739181682e-07
3.64966843e-07
3.550836194e-07
3.440102171e-07
3.372230048e-07
3.346832472e-07
3.339630688e-07
3.357484349e-07
3.380134648e-07
3.416005721e-07
3.454626648e-07
3.510448951e-07
3.571231554e-07
3.657850975e-07
3.755749439e-07
3.894274661e-07
4.05886526e-07
4.294038995e-07
4.592779108e-07
5.032278259e-07
5.648881155e-07
6.633009864e-07
8.279625995e-07
1.151935278e-06
0.006203890117
0.001922137191
0.0003168794374
2.470599887e-05
1.544961894e-06
7.746057219e-07
5.79809771e-07
5.125085116e-07
4.779443598e-07
4.585882914e-07
4.469220591e-07
4.390363336e-07
4.333751081e-07
4.28728692e-07
4.24520473e-07
4.20656548e-07
4.168073169e-07
4.129222113e-07
4.088453645e-07
4.044342589e-07
3.996753613e-07
3.94234531e-07
3.883397696e-07
3.81475717e-07
3.739124622e-07
3.649607971e-07
3.550673793e-07
3.439884754e-07
3.372050367e-07
3.346676968e-07
3.339467306e-07
3.357244769e-07
3.37982771e-07
3.415649859e-07
3.454509597e-07
3.510232543e-07
3.571047426e-07
3.657410042e-07
3.75505327e-07
3.893522197e-07
4.058526095e-07
4.293332568e-07
4.591285842e-07
5.030604966e-07
5.647029384e-07
6.630687573e-07
8.276501158e-07
1.151651166e-06
0.006242660151
0.00193174618
0.0003188116034
2.485585057e-05
1.546725159e-06
7.743261126e-07
5.796440711e-07
5.124901261e-07
4.779495432e-07
4.58582909e-07
4.469118842e-07
4.390268413e-07
4.33372747e-07
4.287206164e-07
4.245147923e-07
4.206474158e-07
4.167983176e-07
4.129181386e-07
4.088500661e-07
4.044459589e-07
3.996910029e-07
3.942412527e-07
3.883459685e-07
3.81478249e-07
3.738986376e-07
3.649481774e-07
3.550435357e-07
3.439769138e-07
3.37185531e-07
3.346490941e-07
3.339222039e-07
3.357022577e-07
3.379717493e-07
3.415461437e-07
3.454159569e-07
3.509639946e-07
3.570520097e-07
3.656753478e-07
3.75480212e-07
3.892910003e-07
4.057505364e-07
4.291764227e-07
4.59050894e-07
5.028854527e-07
5.644875425e-07
6.627772187e-07
8.273165199e-07
1.151357661e-06
0.006291875093
0.001945293357
0.0003223963705
2.498534711e-05
1.549337802e-06
7.73991364e-07
5.795248014e-07
5.124724528e-07
4.779489005e-07
4.585762407e-07
4.469012748e-07
4.390135014e-07
4.333693133e-07
4.287077684e-07
4.245080145e-07
4.206430747e-07
4.167945459e-07
4.129204855e-07
4.088728363e-07
4.044782303e-07
3.997273813e-07
3.94273389e-07
3.883579462e-07
3.814744903e-07
3.738965598e-07
3.649457835e-07
3.550346845e-07
3.439572476e-07
3.371698171e-07
3.346285654e-07
3.33905821e-07
3.356804336e-07
3.379362505e-07
3.415040456e-07
3.453931484e-07
3.509417951e-07
3.570320877e-07
3.656362157e-07
3.754057605e-07
3.891967758e-07
4.05703998e-07
4.291076025e-07
4.588935954e-07
5.026854374e-07
5.642714233e-07
6.62509723e-07
8.269690808e-07
1.15102633e-06
0.006354068308
0.001959237672
0.0003246708307
2.516616026e-05
1.552211168e-06
7.735951644e-07
5.793951871e-07
5.124522752e-07
4.779449049e-07
4.585662728e-07
4.468876895e-07
4.390022564e-07
4.33364879e-07
4.286996969e-07
4.24501706e-07
4.206357975e-07
4.167898071e-07
4.129246527e-07
4.088796744e-07
4.044914037e-07
3.997445043e-07
3.942937728e-07
3.88384002e-07
3.814710389e-07
3.739208971e-07
3.64946447e-07
3.550264548e-07
3.439392689e-07
3.371370324e-07
3.346100368e-07
3.338765678e-07
3.356517897e-07
3.379234469e-07
3.414864845e-07
3.453605533e-07
3.508756837e-07
3.569706437e-07
3.655569854e-07
3.753654955e-07
3.891394524e-07
4.055985145e-07
4.289255679e-07
4.587809708e-07
5.024958876e-07
5.640367008e-07
6.621806018e-07
8.265860192e-07
1.150687929e-06
0.006434283287
0.001980215037
0.0003302753672
2.545151634e-05
1.558448124e-06
7.731093199e-07
5.792498655e-07
5.124288547e-07
4.779358173e-07
4.585525618e-07
4.468706625e-07
4.389862536e-07
4.333594642e-07
4.286804794e-07
4.24495215e-07
4.206371717e-07
4.167910414e-07
4.129350013e-07
4.089088456e-07
4.045313617e-07
3.997906041e-07
3.943486707e-07
3.884204466e-07
3.814771121e-07
3.739354657e-07
3.649514009e-07
3.550201933e-07
3.438949315e-07
3.371188625e-07
3.345781483e-07
3.338574893e-07
3.356315052e-07
3.378828526e-07
3.414370151e-07
3.453237542e-07
3.508519546e-07
3.569481788e-07
3.655199602e-07
3.752925773e-07
3.890287852e-07
4.055200466e-07
4.288525029e-07
4.586195681e-07
5.022687457e-07
5.637867748e-07
6.618745387e-07
8.262039249e-07
1.150310968e-06
0.006535948004
0.002001409363
0.0003331773642
2.566907271e-05
1.560691813e-06
7.725070157e-07
5.79081533e-07
5.123975996e-07
4.779190474e-07
4.585335513e-07
4.468502097e-07
4.389742773e-07
4.333533085e-07
4.286694965e-07
4.244916574e-07
4.206415672e-07
4.168024813e-07
4.129485081e-07
4.089139999e-07
4.045421655e-07
3.998053024e-07
3.943749016e-07
3.884586456e-07
3.815256895e-07
3.739752708e-07
3.649498655e-07
3.550056409e-07
3.438647954e-07
3.370656992e-07
3.345612811e-07
3.338232931e-07
3.355941294e-07
3.378634638e-07
3.414176638e-07
3.452933587e-07
3.507814689e-07
3.56874911e-07
3.654262425e-07
3.752317366e-07
3.88966412e-07
4.054183213e-07
4.286482193e-07
4.584691471e-07
5.020581946e-07
5.635306086e-07
6.615096844e-07
8.257703376e-07
1.1499225e-06
0.006666591963
0.002034672057
0.0003416689153
2.627825709e-05
1.574142857e-06
7.717676142e-07
5.78883458e-07
5.123556085e-07
4.778922235e-07
4.585088185e-07
4.468269349e-07
4.389620327e-07
4.333461692e-07
4.286567119e-07
4.244996377e-07
4.206466783e-07
4.168017254e-07
4.12965477e-07
4.089496127e-07
4.045943504e-07
3.998653108e-07
3.944512e-07
3.885192486e-07
3.815614293e-07
3.739833155e-07
3.649499932e-07
3.54991032e-07
3.437935057e-07
3.370452212e-07
3.345099811e-07
3.337994942e-07
3.355743006e-07
3.378197316e-07
3.413584194e-07
3.452392783e-07
3.507447066e-07
3.568486833e-07
3.653879444e-07
3.75160431e-07
3.888427095e-07
4.053046415e-07
4.285645771e-07
4.58301962e-07
5.018074427e-07
5.632449525e-07
6.611611715e-07
8.25350946e-07
1.149497332e-06
0.006830974797
0.002068331649
0.0003452472129
2.627392563e-05
1.572998186e-06
7.708148201e-07
5.786496986e-07
5.122965849e-07
4.778546419e-07
4.584789811e-07
4.468026537e-07
4.389513078e-07
4.333391378e-07
4.286429308e-07
4.2449801e-07
4.206496068e-07
4.168244259e-07
4.12994768e-07
4.089520056e-07
4.046056634e-07
3.998788671e-07
3.944750231e-07
3.885560838e-07
3.816240297e-07
3.740296005e-07
3.649421479e-07
3.549579031e-07
3.43742583e-07
3.369583476e-07
3.344975547e-07
3.337589637e-07
3.355248521e-07
3.377843399e-07
3.41335147e-07
3.452084985e-07
3.506735014e-07
3.567597663e-07
3.65277302e-07
3.750743156e-07
3.887656747e-07
4.052042653e-07
4.283427963e-07
4.581115508e-07
5.015693096e-07
5.629634205e-07
6.60761541e-07
8.248662148e-07
1.149052e-06
0.007040634228
0.002122266009
0.000357954633
2.746559867e-05
1.597201873e-06
7.696233088e-07
5.783711486e-07
5.122229903e-07
4.778102065e-07
4.584484846e-07
4.467805535e-07
4.389450434e-07
4.333348872e-07
4.286356745e-07
4.245287201e-07
4.206447357e-07
4.168283455e-07
4.130103647e-07
4.090124364e-07
4.046861877e-07
3.999645804e-07
3.945860544e-07
3.886538384e-07
3.816790232e-07
3.740263263e-07
3.649472505e-07
3.549284495e-07
3.436281193e-07
3.369390441e-07
3.34418775e-07
3.337256e-07
3.355009239e-07
3.37738792e-07
3.412621693e-07
3.451325535e-07
3.50615475e-07
3.567271878e-07
3.652334914e-07
3.750021595e-07
3.886308388e-07
4.050525606e-07
4.28233298e-07
4.579337034e-07
5.012959563e-07
5.626400834e-07
6.603661288e-07
8.24404135e-07
1.148571338e-06
0.007301508161
0.002176279463
0.0003621588436
2.73953764e-05
1.592010081e-06
7.684062831e-07
5.781094629e-07
5.121519176e-07
4.777737322e-07
4.584242368e-07
4.467647467e-07
4.389259777e-07
4.333243014e-07
4.286249081e-07
4.245319892e-07
4.206818109e-07
4.16885021e-07
4.130777171e-07
4.090166202e-07
4.047003961e-07
3.999813345e-07
3.946151329e-07
3.886793859e-07
3.817270635e-07
3.740843008e-07
3.649377249e-07
3.548196133e-07
3.435616696e-07
3.368364088e-07
3.344189268e-07
3.336762155e-07
3.354330804e-07
3.376777933e-07
3.412297317e-07
3.450966022e-07
3.5054394e-07
3.566159102e-07
3.651009143e-07
3.7488437e-07
3.885277085e-07
4.049467565e-07
4.279972251e-07
4.577015148e-07
5.010225901e-07
5.623265022e-07
6.599293838e-07
8.238641571e-07
1.148055118e-06
0.007637550302
0.002262553758
0.0003812479075
2.927424428e-05
1.635065769e-06
7.685495705e-07
5.780630881e-07
5.121185736e-07
4.777389518e-07
4.583963789e-07
4.467551026e-07
4.389706943e-07
4.333598379e-07
4.286638336e-07
4.245975745e-07
4.206782576e-07
4.168768741e-07
4.130835234e-07
4.091102104e-07
4.048521774e-07
4.001289436e-07
3.947937559e-07
3.888290151e-07
3.818362033e-07
3.741003429e-07
3.64932445e-07
3.547421147e-07
3.433826999e-07
3.36823293e-07
3.343199631e-07
3.336235192e-07
3.354003784e-07
3.376301379e-07
3.411444721e-07
3.449903595e-07
3.504524103e-07
3.565728347e-07
3.650457223e-07
3.748064711e-07
3.883816617e-07
4.0475357e-07
4.27850888e-07
4.575044244e-07
5.00724071e-07
5.619618366e-07
6.594804981e-07
8.23349447e-07
1.147507956e-06
0.008048697475
0.002357635092
0.0003863829147
2.904676528e-05
1.624641729e-06
7.679533416e-07
5.778861566e-07
5.120602721e-07
4.778146265e-07
4.584650975e-07
4.467976813e-07
4.389092469e-07
4.333461126e-07
4.286452206e-07
4.245964903e-07
4.20729901e-07
4.170332982e-07
4.132294653e-07
4.091926631e-07
4.048696399e-07
4.001612485e-07
3.948367175e-07
3.8885717e-07
3.818813054e-07
3.741851253e-07
3.649116995e-07
3.545745521e-07
3.433074083e-07
3.367364831e-07
3.343008556e-07
3.335628493e-07
3.353036889e-07
3.375304276e-07
3.410782841e-07
3.449415204e-07
3.50381637e-07
3.564398929e-07
3.648802317e-07
3.746479567e-07
3.882376678e-07
4.046317225e-07
4.275978718e-07
4.572268795e-07
5.004062828e-07
5.616067422e-07
6.590007884e-07
8.227475561e-07
1.146906529e-06
0.008559730748
0.002522375176
0.0004206537508
3.239813541e-05
1.708737906e-06
7.704349963e-07
5.78730498e-07
5.124176046e-07
4.778341043e-07
4.584266958e-07
4.468055019e-07
4.391285291e-07
4.33491651e-07
4.287954212e-07
4.247437701e-07
4.208361709e-07
4.170292607e-07
4.132387974e-07
4.09296432e-07
4.051369004e-07
4.004673191e-07
3.951503572e-07
3.891360599e-07
3.821397311e-07
3.74264541e-07
3.648894218e-07
3.544615963e-07
3.43065015e-07
3.366784104e-07
3.341278286e-07
3.334712136e-07
3.352533356e-07
3.374747188e-07
3.409871871e-07
3.447972951e-07
3.502412973e-07
3.563565857e-07
3.648078373e-07
3.74557044e-07
3.880788729e-07
4.043929758e-07
4.274019079e-07
4.569989965e-07
5.000769642e-07
5.611957016e-07
6.584909599e-07
8.221696855e-07
1.146291306e-06
0.009166508478
0.002689817156
0.0004304178376
3.183813633e-05
1.68241111e-06
7.693666893e-07
5.78470463e-07
5.123480156e-07
4.7814841e-07
4.588032217e-07
4.470597112e-07
4.390093731e-07
4.334494656e-07
4.287614938e-07
4.248076869e-07
4.209022761e-07
4.172639125e-07
4.136009762e-07
4.095867181e-07
4.052634928e-07
4.005379441e-07
3.95234081e-07
3.892035466e-07
3.82201569e-07
3.743270416e-07
3.648942417e-07
3.542103325e-07
3.429518901e-07
3.363824193e-07
3.341173081e-07
3.334006975e-07
3.351333896e-07
3.373173623e-07
3.408605347e-07
3.447211146e-07
3.5016579e-07
3.562111907e-07
3.645956273e-07
3.743468743e-07
3.878757636e-07
4.042397664e-07
4.271269131e-07
4.566716294e-07
4.997046118e-07
5.607877269e-07
6.579602203e-07
8.215006459e-07
1.145602511e-06
0.009896715453
0.002978348742
0.0004904202182
3.807872505e-05
1.84999901e-06
7.750679456e-07
5.817093559e-07
5.139593491e-07
4.786783263e-07
4.588457888e-07
4.470720296e-07
4.395494439e-07
4.338306597e-07
4.291652264e-07
4.250853541e-07
4.212089343e-07
4.175816819e-07
4.136125993e-07
4.09699453e-07
4.056169004e-07
4.011835003e-07
3.958042591e-07
3.897554933e-07
3.82691235e-07
3.745793041e-07
3.648869746e-07
3.540966122e-07
3.426441648e-07
3.363437338e-07
3.338767489e-07
3.332458569e-07
3.350116601e-07
3.37244478e-07
3.407711879e-07
3.445516517e-07
3.49967219e-07
3.560568585e-07
3.644999862e-07
3.742329736e-07
3.877020093e-07
4.039544372e-07
4.268683562e-07
4.563990628e-07
4.993364985e-07
5.603243818e-07
6.573816381e-07
8.208503723e-07
1.144939103e-06
0.01071583806
0.003235146522
0.0005121093699
3.662991081e-05
1.769567075e-06
7.720982176e-07
5.808273864e-07
5.136816504e-07
4.79121598e-07
4.596829581e-07
4.478294343e-07
4.395389047e-07
4.336299058e-07
4.291481289e-07
4.253085073e-07
4.214948378e-07
4.177340487e-07
4.143613912e-07
4.104104e-07
4.062497447e-07
4.013265802e-07
3.959922239e-07
3.899235471e-07
3.828058471e-07
3.746081201e-07
3.64920501e-07
3.539419258e-07
3.425545825e-07
3.360718927e-07
3.338519048e-07
3.331524952e-07
3.348926519e-07
3.370468137e-07
3.405642518e-07
3.443974863e-07
3.498637916e-07
3.559071723e-07
3.642376154e-07
3.739638092e-07
3.874238022e-07
4.037509486e-07
4.265652509e-07
4.560197419e-07
4.989011405e-07
5.59852155e-07
6.567911826e-07
8.201151353e-07
1.144191532e-06
0.01163956876
0.003693631831
0.0006196191774
4.972338996e-05
2.161427531e-06
7.85129958e-07
5.902828901e-07
5.185940431e-07
4.814141116e-07
4.6026467e-07
4.476970377e-07
4.400726623e-07
4.34779188e-07
4.300850494e-07
4.259769816e-07
4.219371972e-07
4.18569249e-07
4.144635372e-07
4.106609216e-07
4.065601431e-07
4.021630484e-07
3.971309986e-07
3.908824506e-07
3.836487152e-07
3.751935219e-07
3.651806601e-07
3.539108771e-07
3.422144272e-07
3.360525767e-07
3.335603398e-07
3.329303687e-07
3.346737293e-07
3.368993689e-07
3.404530122e-07
3.442236539e-07
3.495928481e-07
3.556563618e-07
3.640925333e-07
3.738065104e-07
3.872219418e-07
4.034078225e-07
4.262170749e-07
4.556675245e-07
4.984560567e-07
5.592921925e-07
6.560863072e-07
8.193298117e-07
1.14348153e-06
0.01256667893
0.004091326684
0.0006748288654
4.627527033e-05
1.854704935e-06
7.771357372e-07
5.90210781e-07
5.180658778e-07
4.813664132e-07
4.611251293e-07
4.492356208e-07
4.409029114e-07
4.346101345e-07
4.302357131e-07
4.263321734e-07
4.226524222e-07
4.188448903e-07
4.156573192e-07
4.118296748e-07
4.07920553e-07
4.031120252e-07
3.974515355e-07
3.912249112e-07
3.839097363e-07
3.753333594e-07
3.652727273e-07
3.53840024e-07
3.42065324e-07
3.357046528e-07
3.335139193e-07
3.328107369e-07
3.345413039e-07
3.36693694e-07
3.401612531e-07
3.439452194e-07
3.494581909e-07
3.554903497e-07
3.637703025e-07
3.734165086e-07
3.868053312e-07
4.030890394e-07
4.25812008e-07
4.55147577e-07
4.978373363e-07
5.586161256e-07
6.552663294e-07
8.183548973e-07
1.142793819e-06
0.01348904801
0.004874076119
0.00086925354
7.687473208e-05
3.061250899e-06
8.119220414e-07
6.10157626e-07
5.287936711e-07
4.870905084e-07
4.638753135e-07
4.499132114e-07
4.415265463e-07
4.36549258e-07
4.317573965e-07
4.276220906e-07
4.234348989e-07
4.203929798e-07
4.161618425e-07
4.126620329e-07
4.084353202e-07
4.039224911e-07
3.990447867e-07
3.929014043e-07
3.853326915e-07
3.764863344e-07
3.660500542e-07
3.539935022e-07
3.418259624e-07
3.35642835e-07
3.331789081e-07
3.32543041e-07
3.342026458e-07
3.364050651e-07
3.399765295e-07
3.437686075e-07
3.490990368e-07
3.550832162e-07
3.634694028e-07
3.731946288e-07
3.865267314e-07
4.026149732e-07
4.252586498e-07
4.545815261e-07
4.971535298e-07
5.577592094e-07
6.54173486e-07
8.172115327e-07
1.142049723e-06
0.01424588468
0.005438128148
0.001027705627
6.864369591e-05
3.109372887e-06
7.851096612e-07
6.040522932e-07
5.279636344e-07
4.854526667e-07
4.640284182e-07
4.518747687e-07
4.442217916e-07
4.374940991e-07
4.325668458e-07
4.284736261e-07
4.249015937e-07
4.209411246e-07
4.178010764e-07
4.142297014e-07
4.106650763e-07
4.059346504e-07
4.001552674e-07
3.935087944e-07
3.858776511e-07
3.768995697e-07
3.663428952e-07
3.54040076e-07
3.418025748e-07
3.353415588e-07
3.330756651e-07
3.323507876e-07
3.340306332e-07
3.362036057e-07
3.396417751e-07
3.433192327e-07
3.488292157e-07
3.548530066e-07
3.630927755e-07
3.725805757e-07
3.858634161e-07
4.020592697e-07
4.246395202e-07
4.537923952e-07
4.961692942e-07
5.566526748e-07
6.528797808e-07
8.15781154e-07
1.141166857e-06
0.01464660309
0.006560425402
0.001386760508
0.0001515525928
6.1533432e-06
8.839510188e-07
6.42042443e-07
5.458514244e-07
5.00431782e-07
4.721121697e-07
4.564093553e-07
4.457038313e-07
4.394885156e-07
4.346950679e-07
4.305156172e-07
4.26183012e-07
4.235880294e-07
4.193735868e-07
4.16101119e-07
4.11533931e-07
4.069738124e-07
4.020019975e-07
3.958312172e-07
3.883509248e-07
3.789519839e-07
3.678745342e-07
3.549727637e-07
3.419460351e-07
3.35332374e-07
3.328044133e-07
3.320452145e-07
3.335733226e-07
3.357550376e-07
3.392481825e-07
3.430902492e-07
3.484217233e-07
3.542051005e-07
3.625110699e-07
3.722618402e-07
3.85456602e-07
4.013963308e-07
4.23759379e-07
4.528401664e-07
4.950601123e-07
5.55294743e-07
6.511518055e-07
8.14051877e-07
1.139982488e-06
0.01463148295
0.008586477405
0.001816603778
0.0001299973756
6.544947184e-06
8.65236739e-07
6.425847927e-07
5.674011151e-07
4.995452328e-07
4.75051765e-07
4.5822612e-07
4.500362314e-07
4.428117118e-07
4.371410827e-07
4.326384329e-07
4.291239229e-07
4.246359873e-07
4.216574698e-07
4.181321271e-07
4.147278917e-07
4.103322958e-07
4.045170111e-07
3.977075477e-07
3.893289869e-07
3.798631529e-07
3.687758019e-07
3.553084558e-07
3.421008069e-07
3.352689268e-07
3.325693253e-07
3.317364488e-07
3.333126116e-07
3.354856087e-07
3.388945351e-07
3.424388717e-07
3.478292031e-07
3.538874158e-07
3.620912905e-07
3.714126159e-07
3.843414588e-07
4.004011514e-07
4.227377266e-07
4.516061804e-07
4.934780435e-07
5.534450575e-07
6.490747831e-07
8.118314879e-07
1.138315694e-06
0.01445870924
0.01143853345
0.002937646051
0.0003869266852
2.152934472e-05
9.885979961e-07
7.131824817e-07
5.93655916e-07
5.314353753e-07
4.873674161e-07
4.699474582e-07
4.550735414e-07
4.456570323e-07
4.403608513e-07
4.358291706e-07
4.309303241e-07
4.287562486e-07
4.245429632e-07
4.213945734e-07
4.167024574e-07
4.11992187e-07
4.069497533e-07
4.005771913e-07
3.93273178e-07
3.834597202e-07
3.714460234e-07
3.574945334e-07
3.427128356e-07
3.35299403e-07
3.323226912e-07
3.314342767e-07
3.32746157e-07
3.34865118e-07
3.381760772e-07
3.420580095e-07
3.473951467e-07
3.529205568e-07
3.610432952e-07
3.706063542e-07
3.837411028e-07
3.994704046e-07
4.213617031e-07
4.499807221e-07
4.915988019e-07
5.512463576e-07
6.463167681e-07
8.089610503e-07
1.13594995e-06
0.01406919012
0.0136149442
0.004580607311
0.0005630741492
1.80592714e-05
1.572767708e-06
7.506990662e-07
6.237084569e-07
5.500529705e-07
5.074283503e-07
4.754570229e-07
4.608348271e-07
4.527335883e-07
4.452772188e-07
4.395935682e-07
4.365570652e-07
4.311904344e-07
4.280403037e-07
4.244541474e-07
4.210178322e-07
4.172088026e-07
4.112716118e-07
4.044611223e-07
3.952575494e-07
3.852132069e-07
3.735201722e-07
3.583907391e-07
3.431682506e-07
3.352782634e-07
3.320249139e-07
3.30985561e-07
3.322304961e-07
3.343813482e-07
3.377551385e-07
3.412690405e-07
3.462835164e-07
3.523201687e-07
3.604441655e-07
3.696020908e-07
3.819860493e-07
3.976666363e-07
4.195400828e-07
4.479525214e-07
4.890469996e-07
5.481404322e-07
6.428427384e-07
8.051378751e-07
1.132615958e-06
0.01347625513
0.01478943376
0.007618899972
0.001575839882
0.0001031195991
8.157777384e-06
1.086531498e-06
7.615945451e-07
5.893244758e-07
5.23586084e-07
4.937457534e-07
4.734301018e-07
4.573609669e-07
4.508552571e-07
4.455985291e-07
4.393318675e-07
4.368903768e-07
4.326092399e-07
4.295264465e-07
4.249694719e-07
4.198740952e-07
4.150368448e-07
4.084207111e-07
4.010190934e-07
3.912541097e-07
3.780264775e-07
3.625798329e-07
3.449459671e-07
3.35612866e-07
3.317783267e-07
3.306339733e-07
3.315161792e-07
3.336073442e-07
3.366209966e-07
3.403192453e-07
3.456840921e-07
3.511426952e-07
3.585727131e-07
3.678449346e-07
3.807935721e-07
3.962488867e-07
4.174401497e-07
4.452351763e-07
4.857790872e-07
5.444470803e-07
6.382585489e-07
7.999412196e-07
1.127979094e-06
0.01250987969
0.01500132455
0.01019877926
0.003622969402
0.0003824725281
2.573603573e-05
7.112264902e-06
6.894063551e-07
7.019655697e-07
5.540137748e-07
5.10847246e-07
4.838927008e-07
4.712105423e-07
4.594381721e-07
4.519114084e-07
4.481654347e-07
4.419789174e-07
4.384285589e-07
4.345000442e-07
4.309336244e-07
4.276694704e-07
4.21794822e-07
4.151121796e-07
4.057241225e-07
3.947119248e-07
3.822654934e-07
3.6512669e-07
3.459807026e-07
3.359610683e-07
3.314920312e-07
3.300146865e-07
3.306604742e-07
3.327037884e-07
3.359086332e-07
3.394693086e-07
3.438601284e-07
3.495206382e-07
3.577140585e-07
3.666984131e-07
3.784250479e-07
3.931791686e-07
4.140948833e-07
4.416619733e-07
4.81575667e-07
5.391983705e-07
6.320765468e-07
7.928507454e-07
1.121554386e-06
0.01150378626
0.01466188855
0.0117354921
0.007201097343
0.001890489915
0.0002032990875
2.950438247e-05
3.028915989e-06
8.931098305e-07
6.821743468e-07
5.781702844e-07
5.09423063e-07
4.839739336e-07
4.728369267e-07
4.635427377e-07
4.546414811e-07
4.507006371e-07
4.453512931e-07
4.421367648e-07
4.376555014e-07
4.323839942e-07
4.27993816e-07
4.213788913e-07
4.140129602e-07
4.041341782e-07
3.898969075e-07
3.722028037e-07
3.500151132e-07
3.369215622e-07
3.313326334e-07
3.296053263e-07
3.296554223e-07
3.317079438e-07
3.343908992e-07
3.375517538e-07
3.428364455e-07
3.483535375e-07
3.549392945e-07
3.632963647e-07
3.755239952e-07
3.905034765e-07
4.107848808e-07
4.372834487e-07
4.759084158e-07
5.326114937e-07
6.239241904e-07
7.831092737e-07
1.112590096e-06
0.01027814764
0.01338870406
0.01178465543
0.009270696253
0.005232632731
0.001149245224
0.0001710435499
3.079049196e-05
5.559554762e-06
8.640184296e-07
5.188522148e-07
5.566648071e-07
5.052477113e-07
4.829991002e-07
4.739576298e-07
4.676001799e-07
4.600275665e-07
4.556566736e-07
4.505187873e-07
4.465745376e-07
4.437913633e-07
4.381033431e-07
4.318703655e-07
4.225591147e-07
4.11225757e-07
3.980202733e-07
3.790223046e-07
3.520639615e-07
3.375402087e-07
3.31247584e-07
3.288021028e-07
3.283838577e-07
3.302234054e-07
3.328380431e-07
3.364906019e-07
3.405714532e-07
3.449995093e-07
3.527561118e-07
3.615785473e-07
3.725599503e-07
3.859202257e-07
4.049850996e-07
4.307094085e-07
4.68507404e-07
5.234401115e-07
6.124841084e-07
7.695154064e-07
1.099921675e-06
0.008938098168
0.01191359917
0.01122143276
0.0100543258
0.007802207836
0.004256639705
0.0008404713092
8.309239141e-05
1.297135949e-05
4.117461067e-06
1.552494267e-06
6.239659148e-07
5.462930939e-07
5.349738072e-07
4.996745461e-07
4.833285628e-07
4.749125666e-07
4.662805542e-07
4.624867794e-07
4.574437699e-07
4.517366005e-07
4.4847235e-07
4.422776426e-07
4.355777997e-07
4.258564105e-07
4.109742538e-07
3.910158343e-07
3.608287415e-07
3.404851859e-07
3.312600049e-07
3.279573899e-07
3.270795704e-07
3.287050755e-07
3.309702664e-07
3.334679593e-07
3.377243212e-07
3.433687724e-07
3.496092557e-07
3.562556219e-07
3.667184965e-07
3.802844034e-07
3.989996179e-07
4.23492613e-07
4.588150926e-07
5.112766775e-07
5.971837624e-07
7.507414972e-07
1.08174783e-06
0.00751244989
0.01032436439
0.01025214652
0.009886525501
0.008966444016
0.006963001309
0.003859193774
0.0008758946526
0.0001048048614
3.107037625e-05
2.756666287e-06
1.291308185e-06
7.170026553e-07
5.426779091e-07
5.212313818e-07
5.077142465e-07
4.941518825e-07
4.863891606e-07
4.771254541e-07
4.719613378e-07
4.694286799e-07
4.634379215e-07
4.582961665e-07
4.494790923e-07
4.388457544e-07
4.259114667e-07
4.056277674e-07
3.670773137e-07
3.424781831e-07
3.31475994e-07
3.270414582e-07
3.254668912e-07
3.264852253e-07
3.281147436e-07
3.313774906e-07
3.352456691e-07
3.38523486e-07
3.442551414e-07
3.521333931e-07
3.621407102e-07
3.736899785e-07
3.89819742e-07
4.117913769e-07
4.45046059e-07
4.944238642e-07
5.756485123e-07
7.23934767e-07
1.054615479e-06
0.006107504968
0.008783873144
0.009172856314
0.009314096634
0.009083125544
0.008354621691
0.006555157081
0.003632831127
0.00100181448
0.0003200676515
2.244580482e-05
4.875962213e-06
1.088150717e-06
7.236193837e-07
6.06638858e-07
5.379899698e-07
5.218073219e-07
5.055683588e-07
4.976799842e-07
4.884647546e-07
4.814669055e-07
4.795959406e-07
4.741076908e-07
4.687916948e-07
4.597398973e-07
4.45633576e-07
4.262193762e-07
3.846656119e-07
3.49875456e-07
3.329352815e-07
3.260102507e-07
3.238863226e-07
3.242316053e-07
3.258206994e-07
3.27771165e-07
3.304514003e-07
3.348665359e-07
3.405231798e-07
3.458544356e-07
3.535855952e-07
3.640814936e-07
3.794084799e-07
4.001096249e-07
4.299649315e-07
4.744913613e-07
5.493875385e-07
6.896588503e-07
1.017750222e-06
0.004832066438
0.007379367769
0.007994150689
0.00845414131
0.008712959417
0.008573385726
0.007911109313
0.006119214947
0.003132634751
0.000846188918
0.0002822703288
3.016356125e-05
6.577132914e-06
1.944856326e-06
7.1175498e-07
6.071539353e-07
5.388984673e-07
5.273304129e-07
5.157461135e-07
5.081189234e-07
5.021501558e-07
4.955319371e-07
4.914911166e-07
4.841306073e-07
4.754962001e-07
4.637443771e-07
4.455651668e-07
3.973150271e-07
3.548881447e-07
3.345207198e-07
3.258926587e-07
3.225169156e-07
3.221638396e-07
3.228695017e-07
3.249995536e-07
3.279614548e-07
3.30640168e-07
3.34578057e-07
3.400535525e-07
3.478254384e-07
3.570316923e-07
3.698812383e-07
3.871512894e-07
4.135405283e-07
4.538314447e-07
5.221850397e-07
6.535064709e-07
9.75169539e-07
0.003811936593
0.006296072852
0.007077886095
0.007703715689
0.008171303275
0.008419170857
0.008294700057
0.007554903421
0.005499376771
0.002361154343
0.000688826526
0.0002173120925
4.211965141e-05
8.021400009e-06
2.322401636e-06
7.830598712e-07
6.217399331e-07
5.553733501e-07
5.368091289e-07
5.224630208e-07
5.137827505e-07
5.104060393e-07
5.052837211e-07
5.006100086e-07
4.925120225e-07
4.801948752e-07
4.642590541e-07
4.155866374e-07
3.650125269e-07
3.380163375e-07
3.260798693e-07
3.215687137e-07
3.205652522e-07
3.211650646e-07
3.22502058e-07
3.243060382e-07
3.272838213e-07
3.314951893e-07
3.356174791e-07
3.414951722e-07
3.493273918e-07
3.610557424e-07
3.77199335e-07
4.010690612e-07
4.371409173e-07
4.992861185e-07
6.20907148e-07
9.339470156e-07
0.002971333559
0.005400465516
0.006315797551
0.007064172925
0.007681754028
0.008150271351
0.008312888599
0.008064964078
0.007086768814
0.004468826836
0.001550255333
0.0004131606598
0.0001153830265
2.015597168e-05
4.80365687e-06
1.677465236e-06
7.154046337e-07
6.122516421e-07
5.540191511e-07
5.407792034e-07
5.299278672e-07
5.225451732e-07
5.186022329e-07
5.123709346e-07
5.051477912e-07
4.943008717e-07
4.791800899e-07
4.2797462e-07
3.703179101e-07
3.40129924e-07
3.26537777e-07
3.209133394e-07
3.193232853e-07
3.192214172e-07
3.205109696e-07
3.225544281e-07
3.245652463e-07
3.274842862e-07
3.313820017e-07
3.372475914e-07
3.443525518e-07
3.545284177e-07
3.682453392e-07
3.893916528e-07
4.221212713e-07
4.788620377e-07
5.918579166e-07
8.916457323e-07
0.002281312562
0.004628893378
0.005645466146
0.006483634764
0.007207553206
0.007810437827
0.008238281214
0.008329018266
0.007906487463
0.00643494575
0.003171086251
0.001034136631
0.0002631087408
7.362191665e-05
1.292380234e-05
3.588808667e-06
1.312417191e-06
6.618064119e-07
5.86857068e-07
5.52985376e-07
5.40866597e-07
5.346065477e-07
5.293516358e-07
5.248755944e-07
5.176433074e-07
5.065787132e-07
4.925680646e-07
4.436888575e-07
3.799551237e-07
3.441295732e-07
3.275099986e-07
3.205773283e-07
3.183474844e-07
3.181150145e-07
3.188807877e-07
3.201132498e-07
3.221999493e-07
3.253336277e-07
3.284512002e-07
3.330469439e-07
3.39117416e-07
3.484091066e-07
3.613092309e-07
3.807810826e-07
4.105366485e-07
4.625997578e-07
5.673054572e-07
8.5563371e-07
0.001732555935
0.003963298784
0.005053274978
0.005958980812
0.006764735338
0.007486569258
0.008084525392
0.008435777875
0.008350376149
0.007598171995
0.005113791446
0.001935043151
0.0006861204772
0.0001328933479
4.130299624e-05
8.550424257e-06
2.024720515e-06
9.260345591e-07
6.222648671e-07
5.776811207e-07
5.530748194e-07
5.435178585e-07
5.391247418e-07
5.335719234e-07
5.272179507e-07
5.170483375e-07
5.033647734e-07
4.535926197e-07
3.85029925e-07
3.46211427e-07
3.281396085e-07
3.203790249e-07
3.176227874e-07
3.168638914e-07
3.175514643e-07
3.189358629e-07
3.204126267e-07
3.226676465e-07
3.255645744e-07
3.301323034e-07
3.357450726e-07
3.440348066e-07
3.552981496e-07
3.728593467e-07
4.002470365e-07
4.483439558e-07
5.454974429e-07
7.992643933e-07
0.00130453558
0.003375044898
0.004518401558
0.005472407053
0.006336419847
0.007129453578
0.00783517627
0.008403321753
0.008659435451
0.008360388823
0.006995859957
0.003443542635
0.001178389856
0.0003839307154
9.213380686e-05
1.693610545e-05
4.628081364e-06
1.221482019e-06
7.306793639e-07
5.9275033e-07
5.632530218e-07
5.528733005e-07
5.469827465e-07
5.425382278e-07
5.360282129e-07
5.258315408e-07
5.123503258e-07
4.650835109e-07
3.925897773e-07
3.497575783e-07
3.292663996e-07
3.203186636e-07
3.170601247e-07
3.161718907e-07
3.164852389e-07
3.173282392e-07
3.188294163e-07
3.212285138e-07
3.23631417e-07
3.273558265e-07
3.322555394e-07
3.399267124e-07
3.506373314e-07
3.670986013e-07
3.924776666e-07
4.372847876e-07
5.278653668e-07
7.763694106e-07
0.001007978338
0.002874649454
0.004056330349
0.005046630678
0.005961876294
0.006817551764
0.007598162404
0.0082809691
0.008768822493
0.008770152008
0.008034650208
0.005251628713
0.002011656981
0.0006041460481
0.0001560734177
3.936705456e-05
8.005922917e-06
2.392731514e-06
8.39565917e-07
6.384490339e-07
5.756231953e-07
5.597046862e-07
5.540269163e-07
5.487098816e-07
5.429027125e-07
5.332901705e-07
5.190512162e-07
4.715944882e-07
3.967005211e-07
3.515682968e-07
3.298544031e-07
3.203327166e-07
3.166399932e-07
3.153744156e-07
3.156215597e-07
3.165551482e-07
3.176513366e-07
3.194646684e-07
3.217075025e-07
3.254082078e-07
3.300092022e-07
3.370225963e-07
3.466404204e-07
3.618094136e-07
3.855819076e-07
4.276421296e-07
5.126825051e-07
7.321912507e-07
0.0008253921168
0.002432576784
0.003611088852
0.00461833895
0.005567673281
0.006477367217
0.007335194924
0.00812197823
0.008760657721
0.009052629711
0.008754627484
0.007132930988
0.003101037079
0.001023558088
0.0003141184854
6.468550517e-05
1.471298305e-05
3.284942379e-06
1.183863206e-06
6.719522193e-07
5.960029954e-07
5.673158774e-07
5.596977596e-07
5.549824075e-07
5.489678179e-07
5.394695679e-07
5.251349322e-07
4.791867403e-07
4.021297954e-07
3.54243121e-07
3.308088965e-07
3.203690119e-07
3.163142709e-07
3.149397308e-07
3.149259341e-07
3.154950831e-07
3.166061796e-07
3.185138413e-07
3.204306834e-07
3.235702821e-07
3.276921687e-07
3.342892241e-07
3.435425241e-07
3.579907538e-07
3.804280382e-07
4.202637538e-07
5.006269654e-07
7.130774683e-07
0.0007261138971
0.002089137335
0.003220302617
0.004219419798
0.005184079335
0.006131923283
0.007054011799
0.007933709328
0.008711098485
0.009217153076
0.009158734571
0.008172296833
0.004669074277
0.001530108293
0.0004563859212
0.0001395834256
2.350254637e-05
6.327649102e-06
1.5161417e-06
7.776127106e-07
6.07939779e-07
5.734071663e-07
5.647889056e-07
5.592933831e-07
5.537742197e-07
5.446692793e-07
5.296162483e-07
4.83445555e-07
4.052239353e-07
3.557083725e-07
3.313204459e-07
3.204241499e-07
3.160653265e-07
3.144243833e-07
3.143710969e-07
3.14985553e-07
3.158257063e-07
3.173439066e-07
3.19153478e-07
3.222767953e-07
3.262009815e-07
3.32362083e-07
3.408865962e-07
3.544709024e-07
3.75835207e-07
4.138199214e-07
4.903935098e-07
6.927614219e-07
0.0006746014977
0.001843942231
0.002902103363
0.003864324208
0.004823405366
0.005794943488
0.006768843459
0.007724094682
0.0086133171
0.009305277434
0.009458962202
0.008860034082
0.0060791246
0.002277734371
0.0007114195695
0.0001857906715
4.115832942e-05
8.338666127e-06
2.09416768e-06
8.442918726e-07
6.367598225e-07
5.797450412e-07
5.688718785e-07
5.636487826e-07
5.57916226e-07
5.489555096e-07
5.337601599e-07
4.88497156e-07
4.090643767e-07
3.576388125e-07
3.320351727e-07
3.205012087e-07
3.158713135e-07
3.141473361e-07
3.13914504e-07
3.142830357e-07
3.151356912e-07
3.167155651e-07
3.183068344e-07
3.210557713e-07
3.246603104e-07
3.305444631e-07
3.388299839e-07
3.519405984e-07
3.724205025e-07
4.089229049e-07
4.823496871e-07
6.778265584e-07
0.0006427046699
0.001666033058
0.0026435722
0.003562211417
0.004499004384
0.005476080768
0.006485848207
0.007500403448
0.008480255576
0.009303204804
0.009673279957
0.009331614952
0.00734178125
0.00306084393
0.0009042820445
0.0002794343712
5.474656781e-05
1.384759745e-05
2.757898678e-06
1.024868933e-06
6.533271581e-07
5.901401331e-07
5.725816395e-07
5.666228612e-07
5.612336853e-07
5.525363718e-07
5.366788947e-07
4.913659626e-07
4.113260226e-07
3.587554835e-07
3.324464028e-07
3.205608186e-07
3.157194066e-07
3.138120708e-07
3.135504205e-07
3.139489923e-07
3.146162713e-07
3.159371233e-07
3.174578119e-07
3.201962954e-07
3.236691494e-07
3.292628187e-07
3.370617706e-07
3.495963363e-07
3.693624678e-07
4.046293949e-07
4.755158171e-07
6.650166309e-07
0.0006222300537
0.001542585778
0.002451121847
0.003329054219
0.004237418543
0.005204507891
0.006230982991
0.007285142229
0.008338386826
0.009276711068
0.009830741957
0.009672259146
0.00825451476
0.003898821517
0.001227699239
0.0003253734216
8.63445199e-05
1.720929264e-05
3.493158296e-06
1.120952067e-06
6.908169307e-07
5.951164128e-07
5.756470235e-07
5.696118194e-07
5.640453777e-07
5.554850292e-07
5.394620564e-07
4.947512927e-07
4.139967705e-07
3.601306846e-07
3.329658043e-07
3.206371361e-07
3.156006262e-07
3.136329773e-07
3.132480256e-07
3.134819036e-07
3.141592437e-07
3.155206883e-07
3.1689437e-07
3.193825493e-07
3.226423491e-07
3.280521539e-07
3.356941012e-07
3.479159239e-07
3.670955283e-07
4.013778883e-07
4.701627448e-07
6.541234213e-07
0.0006084065918
0.001442713381
0.00229250387
0.003136261971
0.004021251994
0.004973821866
0.005999622481
0.00708110964
0.00819277468
0.009222126608
0.009933707388
0.009900627515
0.008850329056
0.004741466535
0.001549754854
0.0004217744709
0.0001016877193
2.512423853e-05
4.387865175e-06
1.350083657e-06
7.106169542e-07
6.049388893e-07
5.78425329e-07
5.716489477e-07
5.663099692e-07
5.578925566e-07
5.413914066e-07
4.966780616e-07
4.155943113e-07
3.60949789e-07
3.332801446e-07
3.206946793e-07
3.155064389e-07
3.134132892e-07
3.130077018e-07
3.132623724e-07
3.138121024e-07
3.150012138e-07
3.163287572e-07
3.188103512e-07
3.219821355e-07
3.271977992e-07
3.34514444e-07
3.463519948e-07
3.650565843e-07
3.985157962e-07
4.656030613e-07
6.452097405e-07
0.0006028580826
0.001350538934
0.00214577029
0.002962977266
0.003830488824
0.004775720814
0.005807050551
0.006908891165
0.008056561114
0.009154661856
0.009992910547
0.01007751864
0.009262863319
0.005487708427
0.001870938286
0.0005207280864
0.000132715361
2.938632652e-05
5.293203051e-06
1.464007149e-06
7.523263318e-07
6.095164919e-07
5.807160734e-07
5.73690248e-07
5.682083309e-07
5.598037988e-07
5.432669431e-07
4.989454982e-07
4.174285455e-07
3.619112655e-07
3.336502022e-07
3.207559849e-07
3.154336271e-07
3.132971566e-07
3.12807007e-07
3.129507104e-07
3.135087823e-07
3.147243734e-07
3.159527746e-07
3.182668002e-07
3.212964382e-07
3.263898679e-07
3.3360292e-07
3.452330827e-07
3.635476864e-07
3.963523134e-07
4.620407101e-07
6.380358069e-07
0.0006119382931
0.001274675269
0.002009810949
0.00280442922
0.003656656529
0.004593105785
0.005628949912
0.006756433047
0.007938456265
0.009089413409
0.01001631338
0.01021735883
0.009568437843
0.006112733595
0.002177870611
0.0006224867896
0.0001544148732
3.681618747e-05
6.239178337e-06
1.70703507e-06
7.728201941e-07
6.183240687e-07
5.828329681e-07
5.751021844e-07
5.697672261e-07
5.613978795e-07
5.445736221e-07
5.002797299e-07
4.185752802e-07
3.625162836e-07
3.33889346e-07
3.208126843e-07
3.153712857e-07
3.131436997e-07
3.126374066e-07
3.127964058e-07
3.132590272e-07
3.143506342e-07
3.155454354e-07
3.178541109e-07
3.208191376e-07
3.257708105e-07
3.327465095e-07
3.440965869e-07
3.620654353e-07
3.942709456e-07
4.587245583e-07
6.311000664e-07
0.0006432822026
0.001247844572
0.001939282598
0.002701857911
0.003529332034
0.004446949932
0.005476269017
0.006617442991
0.007827286851
0.009026223651
0.01002615556
0.01032795588
0.009794162033
0.006633666358
0.002461664651
0.0007059604925
0.0001812159727
4.080528061e-05
7.12743531e-06
1.821275718e-06
8.134235455e-07
6.223644948e-07
5.845684205e-07
5.765491767e-07
5.71105943e-07
5.627248683e-07
5.459026104e-07
5.018735715e-07
4.19883583e-07
3.632122065e-07
3.341588712e-07
3.208518544e-07
3.153113354e-07
3.130495233e-07
3.124726045e-07
3.12536967e-07
3.130064353e-07
3.141175344e-07
3.152253431e-07
3.173877988e-07
3.202277026e-07
3.250712161e-07
3.319550724e-07
3.43122503e-07
3.607482145e-07
3.923781317e-07
4.556009143e-07
6.242877862e-07
0.0006921397474
0.001266412365
0.00192875975
0.002668244159
0.003465004357
0.004353826031
0.005364216387
0.006503415765
0.007725396862
0.008962719758
0.01002424625
0.01041451952
0.00996511937
0.007063696265
0.002714536284
0.0007781656104
0.0001962079531
4.66043173e-05
7.972417073e-06
2.046010859e-06
8.324950904e-07
6.299280772e-07
5.861994098e-07
5.775741855e-07
5.722416284e-07
5.638677265e-07
5.468452056e-07
5.0283578e-07
4.207279774e-07
3.636672867e-07
3.343410721e-07
3.209020444e-07
3.152547839e-07
3.129130871e-07
3.12320027e-07
3.12397935e-07
3.127737265e-07
3.137667424e-07
3.148400097e-07
3.169947842e-07
3.197698885e-07
3.244735013e-07
3.311233721e-07
3.420142854e-07
3.592985868e-07
3.903375527e-07
4.523434613e-07
6.175939263e-07
0.0007399995466
0.001332481121
0.001961245553
0.002673223707
0.003440147211
0.004296128107
0.005278729704
0.006404968444
0.007637007014
0.008903937378
0.01001696247
0.01048208625
0.01009716128
0.007416422844
0.00293669715
0.0008482226467
0.0002161247616
5.040967599e-05
8.739502641e-06
2.147631066e-06
8.684114587e-07
6.333351729e-07
5.875234685e-07
5.786334569e-07
5.732273805e-07
5.648404656e-07
5.478415804e-07
5.040295133e-07
4.217262404e-07
3.642101843e-07
3.345543073e-07
3.209286234e-07
3.151998851e-07
3.128277695e-07
3.121682242e-07
3.121552126e-07
3.125368661e-07
3.135454988e-07
3.145327808e-07
3.165435986e-07
3.191943778e-07
3.237899549e-07
3.303479023e-07
3.410572878e-07
3.580010531e-07
3.884694549e-07
4.492552665e-07
6.110144843e-07
0.0007548122131
0.001359226325
0.00197220682
0.002674729689
0.00342295253
0.004254004481
0.005212079505
0.006324284002
0.007563490703
0.008850934281
0.01000346319
0.01053448377
0.01020060596
0.007705794484
0.003128335696
0.0009135481814
0.00023160769
5.51234781e-05
9.43715013e-06
2.336977459e-06
8.847994672e-07
6.395397704e-07
5.887590789e-07
5.79389946e-07
5.740788721e-07
5.656900637e-07
5.485468897e-07
5.047483664e-07
4.223700707e-07
3.645657209e-07
3.346993042e-07
3.20970165e-07
3.151474324e-07
3.127016591e-07
3.120263045e-07
3.120260259e-07
3.123143332e-07
3.132084204e-07
3.141605172e-07
3.161621362e-07
3.187477111e-07
3.232039596e-07
3.295290987e-07
3.399633382e-07
3.565676323e-07
3.864490813e-07
4.460277574e-07
6.045455151e-07
0.0007333147129
0.001285966704
0.001916422867
0.002639214761
0.003391921574
0.004214946386
0.005159514945
0.006261797839
0.007505644912
0.008805939314
0.009988708451
0.01057531723
0.01028243848
0.007942505289
0.003293043061
0.0009687392025
0.0002470437338
5.822613585e-05
1.005261783e-05
2.420638205e-06
9.145029487e-07
6.423060206e-07
5.897666597e-07
5.80179828e-07
5.748270237e-07
5.664320017e-07
5.493231431e-07
5.056777401e-07
4.231631681e-07
3.650074687e-07
3.348763812e-07
3.209903089e-07
3.15096373e-07
3.126240265e-07
3.118832047e-07
3.117944796e-07
3.120889336e-07
3.129948181e-07
3.13862054e-07
3.157212499e-07
3.181832069e-07
3.225318352e-07
3.287654882e-07
3.39019564e-07
3.55286083e-07
3.846025208e-07
4.429734787e-07
5.981839446e-07
0.0006854111724
0.001074655252
0.001810618836
0.002583634301
0.003355725994
0.004181109127
0.005119936058
0.006217083282
0.007463292007
0.008769890366
0.009975385109
0.01060741771
0.01034770183
0.008136500563
0.003432707731
0.001019038249
0.0002599335211
6.21589335e-05
1.059642057e-05
2.571190404e-06
9.278851294e-07
6.472421777e-07
5.906993893e-07
5.807473164e-07
5.754851554e-07
5.670904916e-07
5.498733959e-07
5.062359746e-07
4.236754146e-07
3.652981569e-07
3.349968585e-07
3.210229292e-07
3.150471296e-07
3.125045731e-07
3.117488265e-07
3.116714265e-07
3.118734988e-07
3.126670742e-07
3.134988441e-07
3.153479883e-07
3.17744512e-07
3.219542604e-07
3.279560607e-07
3.379364198e-07
3.538657374e-07
3.825998638e-07
4.397752312e-07
5.9192608e-07
0.0006659170013
0.0008891224806
0.001703419888
0.002534078087
0.003336077072
0.004162105247
0.005092871421
0.006186159073
0.007433586656
0.008742290325
0.009964161985
0.01063287172
0.01040008324
0.00829516852
0.003550916404
0.001060810318
0.0002717124203
6.369736874e-05
1.106190719e-05
2.637006322e-06
9.514735449e-07
6.494326433e-07
5.914728585e-07
5.813509763e-07
5.760715146e-07
5.676802941e-07
5.505012976e-07
5.06994642e-07
4.243355155e-07
3.656767756e-07
3.35152985e-07
3.210398323e-07
3.149992282e-07
3.124311103e-07
3.116117033e-07
3.114476042e-07
3.116568083e-07
3.124582039e-07
3.132064638e-07
3.149142265e-07
3.171878077e-07
3.212905763e-07
3.272017032e-07
3.370034468e-07
3.52597911e-07
3.807730908e-07
4.367546397e-07
5.85769362e-07
0.0006613183019
0.0007724900927
0.001606136253
0.002506981602
0.003336721191
0.004161886759
0.00507553174
0.006162467317
0.007411769149
0.008721875432
0.009954869252
0.01065313839
0.01044235009
0.008425572674
0.003649816634
0.001098158303
0.0002789651906
6.659403469e-05
1.146795701e-05
2.75304729e-06
9.620476337e-07
6.533031503e-07
5.921726674e-07
5.817884666e-07
5.76597227e-07
5.682120806e-07
5.509487935e-07
5.074501051e-07
4.247631525e-07
3.659236613e-07
3.352568491e-07
3.210651416e-07
3.149524729e-07
3.123169791e-07
3.114825952e-07
3.113286898e-07
3.114467449e-07
3.121365069e-07
3.128496802e-07
3.145469577e-07
3.167550279e-07
3.207192701e-07
3.26399351e-07
3.359288735e-07
3.511886692e-07
3.787867109e-07
4.335856491e-07
5.797101791e-07
0.0006704861427
0.000659674755
0.001540741121
0.002503032679
0.003351352118
0.004170777572
0.005063497254
0.006138617617
0.00738943928
0.0087050897
0.009948335965
0.01066943271
0.01047651891
0.008532249569
0.003732687476
0.001128160492
0.0002881387687
6.767113184e-05
1.181640633e-05
2.804017298e-06
9.804074555e-07
6.550133527e-07
5.929035422e-07
5.822664221e-07
5.770731987e-07
5.686994986e-07
5.514779964e-07
5.081002401e-07
4.253430752e-07
3.662673652e-07
3.354031868e-07
3.210811256e-07
3.149070538e-07
3.122466508e-07
3.113496695e-07
3.111101273e-07
3.112344507e-07
3.11932686e-07
3.125616199e-07
3.141182315e-07
3.162040315e-07
3.200621091e-07
3.256526013e-07
3.350051833e-07
3.499331757e-07
3.769787628e-07
4.305990011e-07
5.737465644e-07
0.0006939451829
0.0005783900766
0.001520191808
0.002522957496
0.003381333877
0.004188691198
0.005055181668
0.006110160841
0.007356688312
0.008683555128
0.009940069256
0.0106820568
0.0105042535
0.00861840871
0.003802560382
0.001154705478
0.0002941156855
6.980408252e-05
1.212216938e-05
2.892604586e-06
9.885828967e-07
6.58048977e-07
5.934135037e-07
5.826179794e-07
5.775089292e-07
5.691460306e-07
5.5185762e-07
5.084884707e-07
4.257112919e-07
3.664843942e-07
3.354962351e-07
3.211009067e-07
3.148625072e-07
3.121364439e-07
3.112243995e-07
3.10994248e-07
3.11027797e-07
3.116153906e-07
3.122095639e-07
3.137555563e-07
3.15775857e-07
3.19495691e-07
3.248558528e-07
3.339377984e-07
3.485339078e-07
3.750080645e-07
4.274600792e-07
5.678751463e-07
0.0007210053385
0.0005378711462
0.001541226721
0.002570849536
0.003426379573
0.004214647293
0.005051235039
0.006076930225
0.007306002422
0.008647091841
0.009923476645
0.01068806161
0.01052750184
0.008688253199
0.003861570016
0.001175249069
0.0003016505872
7.138990546e-05
1.239161048e-05
2.932057676e-06
1.002825556e-06
6.593817643e-07
5.941383298e-07
5.830129304e-07
5.779107196e-07
5.695634908e-07
5.523209873e-07
5.090744645e-07
4.262483591e-07
3.668111926e-07
3.356391281e-07
3.211189957e-07
3.148194123e-07
3.120685893e-07
3.110944536e-07
3.107792795e-07
3.108201228e-07
3.114143709e-07
3.119247561e-07
3.133304256e-07
3.152292244e-07
3.188438706e-07
3.241157622e-07
3.330225828e-07
3.472901439e-07
3.732189278e-07
4.245090167e-07
5.620941634e-07
0.0007487731949
0.0005373975761
0.001620793723
0.002653085088
0.003488859162
0.004246969245
0.005051607898
0.006040711458
0.007250765699
0.008599356596
0.009893227843
0.01068768781
0.01054632876
0.008744701001
0.003910845025
0.001193914555
0.0003079502586
7.347782434e-05
1.263269708e-05
3.000071747e-06
1.009402027e-06
6.618038364e-07
5.945238146e-07
5.833084786e-07
5.782866445e-07
5.699522664e-07
5.526557056e-07
5.094143316e-07
4.265761912e-07
3.670095326e-07
3.357262931e-07
3.211365251e-07
3.147769982e-07
3.119613929e-07
3.109720923e-07
3.106657176e-07
3.106158098e-07
3.11100186e-07
3.115764855e-07
3.129713221e-07
3.148048239e-07
3.182814527e-07
3.23323671e-07
3.319615355e-07
3.459002275e-07
3.712637828e-07
4.214012944e-07
5.564002933e-07
0.0007756518759
0.0005768801417
0.001774378577
0.002779075891
0.003571444985
0.004285395284
0.005053581331
0.006004675458
0.007195911124
0.008548684923
0.009856816117
0.01068062726
0.01055660261
0.008789008124
0.003952683113
0.001207318872
0.0003140825867
7.546498685e-05
1.284695746e-05
3.030473863e-06
1.019460287e-06
6.628558427e-07
5.951931156e-07
5.836460823e-07
5.786369184e-07
5.703182076e-07
5.530713861e-07
5.099568463e-07
4.270854979e-07
3.673260289e-07
3.358678158e-07
3.211588324e-07
3.147366057e-07
3.118963047e-07
3.108456788e-07
3.10455715e-07
3.104138625e-07
3.109035502e-07
3.112975772e-07
3.125531817e-07
3.142675981e-07
3.176412983e-07
3.225977019e-07
3.310642596e-07
3.446813874e-07
3.695130361e-07
4.185192733e-07
5.509224749e-07
0.000802595113
0.0007021408823
0.001990349238
0.0029381471
0.003667593006
0.004330514458
0.005056766897
0.005972269128
0.007144672266
0.008499685909
0.009820466931
0.01066881229
0.01055815564
0.008820880267
0.003986710475
0.001223515531
0.0003194139225
7.700033774e-05
1.303607217e-05
3.082201285e-06
1.024988642e-06
6.647635363e-07
5.955249637e-07
5.839001253e-07
5.789676958e-07
5.706602441e-07
5.533674586e-07
5.102597341e-07
4.273808859e-07
3.675078613e-07
3.359489857e-07
3.211751903e-07
3.146963544e-07
3.117933758e-07
3.107280936e-07
3.103463156e-07
3.102156351e-07
3.105983975e-07
3.109609104e-07
3.122043899e-07
3.138561572e-07
3.1709543e-07
3.218284219e-07
3.300347574e-07
3.433355142e-07
3.676255665e-07
4.155347156e-07
5.455409287e-07
0.0008246195027
0.0009066950045
0.002260922496
0.003118791991
0.00377041559
0.004378803569
0.005060581904
0.005943663247
0.007098782631
0.008456089138
0.009789205736
0.01066054354
0.01056085117
0.008851363352
0.004019189201
0.001225673075
0.0003231862704
7.806436212e-05
1.320428904e-05
3.108171954e-06
1.030180142e-06
6.656057775e-07
5.959889804e-07
5.841966767e-07
5.792822708e-07
5.709852089e-07
5.537411406e-07
5.107639086e-07
4.278828225e-07
3.67812948e-07
3.360842898e-07
3.212023658e-07
3.146568338e-07
3.117299829e-07
3.106042927e-07
3.101405178e-07
3.100177339e-07
3.104065189e-07
3.106882295e-07
3.117925905e-07
3.133286348e-07
3.164680333e-07
3.211189728e-07
3.291600057e-07
3.421503459e-07
3.659311993e-07
4.127667296e-07
5.402540917e-07
0.0008352384843
0.001262328161
0.002580695682
0.003309130371
0.003873218786
0.004426528137
0.005063247362
0.005908319654
0.007041901176
0.008402518759
0.009750847672
0.01065271359
0.01056923281
0.008891853492
0.004028628622
0.001203535861
0.0003217079489
7.688747753e-05
1.339473049e-05
3.118152901e-06
1.034706697e-06
6.670306373e-07
5.96253374e-07
5.844234308e-07
5.79586547e-07
5.713049857e-07
5.540137824e-07
5.110170871e-07
4.280854754e-07
3.67962028e-07
3.361567039e-07
3.212046385e-07
3.146167835e-07
3.116281316e-07
3.104882853e-07
3.100324236e-07
3.098206214e-07
3.101030201e-07
3.103532591e-07
3.114476351e-07
3.129209004e-07
3.159267456e-07
3.20355981e-07
3.281405791e-07
3.408217219e-07
3.640762978e-07
4.098567408e-07
5.350585302e-07
0.0008410949107
0.001811114527
0.002846454974
0.003438691297
0.003939082411
0.004457565104
0.005062825585
0.005818630957
0.006858265319
0.008175202217
0.009552303952
0.01056672386
0.01056467557
0.009177250544
0.004424867562
0.001345488501
0.0003518466353
8.619645892e-05
1.495717308e-05
3.345555931e-06
1.068616122e-06
6.712320335e-07
5.972508129e-07
5.846761318e-07
5.798634849e-07
5.715646608e-07
5.543333463e-07
5.114795093e-07
4.285791506e-07
3.682567494e-07
3.362869047e-07
3.212390717e-07
3.145783111e-07
3.115662166e-07
3.103661906e-07
3.098291056e-07
3.096249685e-07
3.099140397e-07
3.100854964e-07
3.110367296e-07
3.123974969e-07
3.15305294e-07
3.196551662e-07
3.27278403e-07
3.396564252e-07
3.624179038e-07
4.071676324e-07
5.29951468e-07
0.0006788875379
0.001577922979
0.002857094432
0.003469151021
0.003960239049
0.004472824545
0.00506840871
0.005790109206
0.006760706489
0.008029096356
0.009412292654
0.01049363729
0.01055983379
0.009348517469
0.004783621352
0.001482941347
0.0003889816387
9.315957967e-05
1.660930425e-05
3.526424385e-06
1.107682899e-06
6.789399588e-07
5.983967684e-07
5.850983347e-07
5.802567413e-07
5.720800585e-07
5.549954092e-07
5.124258001e-07
4.294807888e-07
3.68783869e-07
3.365191349e-07
3.212993205e-07
3.145619215e-07
3.114747408e-07
3.102555451e-07
3.097240403e-07
3.094303657e-07
3.096130147e-07
3.097513178e-07
3.106966954e-07
3.119926796e-07
3.14767199e-07
3.188965402e-07
3.262663363e-07
3.383412639e-07
3.605901399e-07
4.043236222e-07
5.249309508e-07
0.000593713231
0.001463833054
0.002717917033
0.003397945646
0.003926542818
0.00446194655
0.005065285469
0.005781504028
0.006722131932
0.007953677193
0.00932182178
0.01044276305
0.01055820791
0.009472169937
0.005115410594
0.001617264107
0.0004246384407
0.000103922988
1.832530092e-05
3.942011908e-06
1.146536159e-06
6.845136728e-07
6.003139299e-07
5.85344724e-07
5.805137663e-07
5.723282003e-07
5.552939912e-07
5.128645466e-07
4.299565274e-07
3.690719023e-07
3.366477726e-07
3.213350039e-07
3.145222107e-07
3.11414089e-07
3.101344955e-07
3.095224007e-07
3.092363656e-07
3.094265894e-07
3.0948606e-07
3.10287473e-07
3.114727597e-07
3.141511254e-07
3.182038465e-07
3.254161742e-07
3.371951198e-07
3.5896653e-07
4.017104903e-07
5.199959212e-07
0.00057309972
0.001421152064
0.002546933022
0.003244679057
0.003815020128
0.00439482576
0.00503002995
0.00576654599
0.006710869245
0.007934482835
0.0092865075
0.01042210815
0.01056563535
0.009586327193
0.005438262687
0.001800154949
0.0004825646231
0.0001156949054
2.065015391e-05
4.260480279e-06
1.198893159e-06
6.958377893e-07
6.01540801e-07
5.858052929e-07
5.809106103e-07
5.728203798e-07
5.559558822e-07
5.138657742e-07
4.309364185e-07
3.696398483e-07
3.369017499e-07
3.21408682e-07
3.145115555e-07
3.113231179e-07
3.100248541e-07
3.094180615e-07
3.090418715e-07
3.091260136e-07
3.091534159e-07
3.099499095e-07
3.110708446e-07
3.136167218e-07
3.174504779e-07
3.244130275e-07
3.358957262e-07
3.571687793e-07
3.989347414e-07
5.151431637e-07
0.0001747960377
0.001200921462
0.002279053961
0.003009206582
0.003623310045
0.004252474626
0.004940999178
0.005735168557
0.00671939294
0.007954465966
0.009310536319
0.01043984297
0.01059167001
0.009597964052
0.005438594147
0.001799291548
0.0004814271532
0.0001156940081
2.062194547e-05
4.266761294e-06
1.198681572e-06
6.958566655e-07
6.017971742e-07
5.860479198e-07
5.811871512e-07
5.730931029e-07
5.562345421e-07
5.141755578e-07
4.312517075e-07
3.698536779e-07
3.369931725e-07
3.21422563e-07
3.144674033e-07
3.11262426e-07
3.099029286e-07
3.092156261e-07
3.08847664e-07
3.089407353e-07
3.088888667e-07
3.095405876e-07
3.105525091e-07
3.130043026e-07
3.167644168e-07
3.235734636e-07
3.347672182e-07
0.0006499097305
0.001663918107
0.002367573091
0.002973772204
0.003561850105
0.004193991525
0.004902365393
0.005718684217
0.006729136159
0.007990628007
0.009349513853
0.01046035687
0.01060698826
0.00959925373
0.005432017933
0.001795992847
0.0004802168939
0.0001154897556
2.062842966e-05
4.26788816e-06
1.199262905e-06
6.96179887e-07
6.019871456e-07
5.862803507e-07
5.814916727e-07
5.733785885e-07
5.564928344e-07
5.144918055e-07
4.315497976e-07
3.70043021e-07
3.370899234e-07
3.214391199e-07
3.144347579e-07
3.111602775e-07
3.097888961e-07
3.091091065e-07
3.086506509e-07
3.086378295e-07
3.08555763e-07
3.092048137e-07
3.101532532e-07
3.124739237e-07
3.160170898e-07
0.00133639018
0.001970527433
0.002469667224
0.002964010988
0.00352173158
0.004146298896
0.004863872611
0.00570183956
0.006734363444
0.00801986345
0.009387425017
0.01047840772
0.01061942999
0.009597985145
0.00542284259
0.001792013083
0.0004789738938
0.0001151657327
2.06549355e-05
4.274678757e-06
1.200114845e-06
6.965533274e-07
6.023167819e-07
5.86578003e-07
5.818172931e-07
5.736492696e-07
5.567748398e-07
5.148058513e-07
4.318705875e-07
3.702609385e-07
3.371829173e-07
3.214530849e-07
3.143874926e-07
3.110986215e-07
3.096649069e-07
3.089042019e-07
3.084550227e-07
3.084527023e-07
3.082902386e-07
3.087945398e-07
3.096352028e-07
3.118639367e-07
0.001712581038
0.002164999822
0.002567957455
0.002988384633
0.003502394506
0.004111589805
0.004830949876
0.005687267639
0.006746462177
0.008049972631
0.009429808701
0.01049806698
0.01063362749
0.009595909162
0.005408305325
0.001786987194
0.0004776137484
0.0001147867325
2.081125716e-05
4.290108437e-06
1.201881608e-06
6.969012387e-07
6.02627308e-07
5.868582101e-07
5.821786383e-07
5.739777085e-07
5.570542848e-07
5.151325934e-07
4.321724122e-07
3.704526059e-07
3.372809362e-07
3.214693908e-07
3.143538567e-07
3.109944679e-07
3.095496679e-07
3.087968878e-07
3.082560244e-07
3.081471001e-07
3.079563738e-07
3.084599901e-07
3.092376262e-07
0.001945667241
0.002311537644
0.002668758148
0.003052331871
0.003514423238
0.00409929709
0.004814009033
0.005681675077
0.0067731663
0.008095882954
0.009482257515
0.01052127081
0.01065099025
0.009592142257
0.005388204333
0.001779108334
0.0004761206936
0.0001143689179
2.099600623e-05
4.315955843e-06
1.204342599e-06
6.972120074e-07
6.030591141e-07
5.872374199e-07
5.825793904e-07
5.743088861e-07
5.573734173e-07
5.154639497e-07
4.325055387e-07
3.706771156e-07
3.373756629e-07
3.214829087e-07
3.143048068e-07
3.109313324e-07
3.094229079e-07
3.085885941e-07
3.080587551e-07
3.079619312e-07
3.076887388e-07
3.080480536e-07
0.002143868348
0.002465126225
0.002799085312
0.003165066351
0.003602469623
0.004154587156
0.004848719358
0.005720157294
0.006833205991
0.008169440484
0.009552960616
0.01055220967
0.01067353779
0.009584723683
0.005358069644
0.001766813177
0.0004741259428
0.000113819474
2.141721448e-05
4.352883893e-06
1.207986409e-06
6.976195493e-07
6.034345738e-07
5.876127907e-07
5.8304731e-07
5.74711836e-07
5.576924929e-07
5.158155857e-07
4.328178549e-07
3.708752092e-07
3.374770509e-07
3.214990413e-07
3.142692802e-07
3.108231667e-07
3.093046976e-07
3.084791785e-07
3.078558154e-07
3.076516452e-07
3.073517888e-07
0.002379422858
0.002676578704
0.002990013964
0.003343951744
0.003772843025
0.004314263151
0.004997506528
0.005856852036
0.006960403344
0.008287989067
0.009652310913
0.01059690713
0.01070444194
0.009572709296
0.005318913517
0.0017507483
0.0004715430779
0.000113154058
2.157854979e-05
4.406635882e-06
1.211612207e-06
6.9793002e-07
6.042667659e-07
5.881534547e-07
5.835948351e-07
5.751304902e-07
5.580705685e-07
5.16178902e-07
4.331791057e-07
3.711153347e-07
3.375764374e-07
3.215120889e-07
3.142166975e-07
3.107568604e-07
3.091724532e-07
3.082639485e-07
3.076542877e-07
3.074639778e-07
0.002718505202
0.002988084448
0.003268876914
0.00360219954
0.004026925254
0.004576253268
0.005271277918
0.006134936267
0.007209700429
0.008480276998
0.009793230495
0.01066177307
0.01074797553
0.009560305006
0.005260331933
0.001727515312
0.0004679138193
0.0001123710325
2.16730406e-05
4.41840145e-06
1.216218689e-06
6.985506156e-07
6.047821794e-07
5.887175578e-07
5.842708893e-07
5.756741065e-07
5.584668432e-07
5.165829846e-07
4.33516414e-07
3.713284433e-07
3.376851075e-07
3.215278883e-07
3.141773433e-07
3.106406599e-07
3.090478445e-07
3.081498805e-07
3.074435576e-07
3.071446425e-07
0.003306150377
0.003535941255
0.003723071141
0.003982576534
0.004378607023
0.004936162196
0.005663798734
0.006553819762
0.007610192148
0.008785373679
0.01000238028
0.01076348096
0.01080872803
0.009538324812
0.005189756167
0.001699054821
0.0004636733069
0.0001114462079
2.170989896e-05
4.422236042e-06
1.22072206e-06
6.991712856e-07
6.061466156e-07
5.895792568e-07
5.851047115e-07
5.762709802e-07
5.589652465e-07
5.170145508e-07
4.339345731e-07
3.715989004e-07
3.377933484e-07
3.215397945e-07
3.141175567e-07
3.105678175e-07
3.089048116e-07
3.079208836e-07
3.072327347e-07
0.003947277031
0.004387226355
0.004530800692
0.004626431327
0.004876090024
0.005377313923
0.006140646841
0.007101425561
0.008163826072
0.009243414602
0.01030864874
0.01091616997
0.01090291046
0.009530040501
0.005081865233
0.001658573018
0.0004572554579
0.0001102577591
2.172311971e-05
4.423985839e-06
1.222044006e-06
7.007476158e-07
6.070341776e-07
5.905163011e-07
5.861853972e-07
5.770839657e-07
5.595104334e-07
5.175210432e-07
4.343255687e-07
3.718430992e-07
3.379160494e-07
3.215544736e-07
3.140704948e-07
3.104358909e-07
3.087673661e-07
3.077973725e-07
3.070069884e-07
0.00437200684
0.005327985815
0.005815481514
0.005818999852
0.005762403232
0.006004995519
0.006650286936
0.007659719475
0.008829459301
0.009884409459
0.01076911413
0.0111984594
0.01105173765
0.009514914683
0.004961501928
0.001614219989
0.0004494207362
0.0001089148756
2.180515623e-05
4.433971136e-06
1.222631295e-06
7.017506904e-07
6.094462489e-07
5.920028041e-07
5.875749154e-07
5.780034921e-07
5.602288013e-07
5.180801474e-07
4.348434405e-07
3.721668419e-07
3.380392621e-07
3.215633399e-07
3.139948407e-07
3.103501706e-07
3.08603603e-07
3.075418861e-07
0.004950202164
0.005991599609
0.00701542389
0.007505349621
0.007390195914
0.00708613635
0.007228017593
0.008036926107
0.009297953366
0.01055781883
0.01137206895
0.01163297949
0.01136320677
0.009518984505
0.004777270963
0.001554006227
0.0004377504009
0.0001068748759
2.151433209e-05
4.404801444e-06
1.222825671e-06
7.046247563e-07
6.111128255e-07
5.936647929e-07
5.893780214e-07
5.792882549e-07
5.610329585e-07
5.187645249e-07
4.35336725e-07
3.724666109e-07
3.381856819e-07
3.215744029e-07
3.139358919e-07
3.101882502e-07
3.084415701e-07
3.074002137e-07
0.005693507204
0.006400755273
0.007447508073
0.008488248492
0.009002208624
0.008837244228
0.008430152615
0.008669651328
0.009881137215
0.01153417311
0.01257920365
0.01274255838
0.01192218854
0.00955004692
0.004611843374
0.001497042806
0.0004243255945
0.0001048004013
2.147555883e-05
4.403939848e-06
1.224575613e-06
7.065582789e-07
6.153232668e-07
5.963532768e-07
5.91648361e-07
5.807369739e-07
5.621126344e-07
5.195289054e-07
4.360002171e-07
3.728714915e-07
3.383290192e-07
3.215736153e-07
3.138264642e-07
3.100782768e-07
3.082396135e-07
0.006527946573
0.00703117882
0.007844655693
0.008907111342
0.009888702219
0.01030289505
0.01005311087
0.009650919928
0.01014614925
0.01179282311
0.01360960062
0.01418120523
0.01277428883
0.009665072236
0.004385732372
0.001425517043
0.0004075721588
0.0001017948765
2.128334734e-05
4.386650443e-06
1.224251552e-06
7.120690519e-07
6.18338772e-07
5.993955967e-07
5.945391355e-07
5.827493733e-07
5.632965216e-07
5.20457132e-07
4.366351189e-07
3.732399613e-07
3.385018166e-07
3.215604321e-07
3.13747111e-07
3.098620616e-07
3.080336495e-07
0.007013221254
0.007444761761
0.008077592607
0.008931666874
0.00989686049
0.01066572343
0.01086398463
0.01055804664
0.01041924449
0.01139520151
0.01333310347
0.01461722208
0.01381397365
0.009968064177
0.004392517504
0.001387005439
0.0003919521777
9.947923363e-05
2.113995392e-05
4.375001629e-06
1.225422692e-06
7.158668387e-07
6.249069867e-07
6.043393532e-07
5.980269891e-07
5.849006628e-07
5.648505455e-07
5.21449943e-07
4.374354863e-07
3.73723428e-07
3.386528783e-07
3.215405769e-07
3.135731989e-07
3.097092334e-07
0.006919940146
0.007354314119
0.007940896674
0.008699884599
0.009576291581
0.01038949267
0.01082854059
0.01074980427
0.01040066266
0.0106305234
0.01210483933
0.01397300767
0.01396356799
0.01061428968
0.00455844342
0.001415653702
0.0003822433474
9.614251273e-05
2.084610883e-05
4.346001126e-06
1.229930914e-06
7.26922718e-07
6.306887552e-07
6.0991309e-07
6.021795802e-07
5.877505923e-07
5.663905982e-07
5.225342965e-07
4.380901511e-07
3.740844424e-07
3.387947274e-07
3.214933646e-07
3.134527554e-07
0.006131906205
0.006636093716
0.007245971588
0.00796812922
0.008783359235
0.009606278775
0.0102596859
0.01046323378
0.01022870125
0.009927867634
0.01042282396
0.01204244912
0.01325438383
0.01138720029
0.0051267964
0.001475258779
0.0003925204341
9.577281119e-05
2.069885177e-05
4.357589772e-06
1.240624602e-06
7.356668187e-07
6.403520679e-07
6.176559616e-07
6.067755831e-07
5.904055278e-07
5.682708229e-07
5.234921859e-07
4.388237482e-07
3.744998654e-07
3.388773758e-07
3.213977542e-07
0.004291385343
0.004831408486
0.005482721569
0.006246738055
0.007103961149
0.007997213742
0.008813051544
0.009381505139
0.009495306919
0.009237376347
0.009054955426
0.009665330757
0.01107500604
0.01101183014
0.007013776191
0.002095036969
0.000417392119
0.0001062691006
2.224546448e-05
4.528381874e-06
1.267250152e-06
7.527497694e-07
6.482194736e-07
6.23556972e-07
6.118153385e-07
5.938714322e-07
5.698902142e-07
5.245052658e-07
4.39140232e-07
3.746570105e-07
3.388982003e-07
0.002019955102
0.002453373157
0.003028378988
0.003761489823
0.004643887057
0.005628937004
0.006624901879
0.007493133717
0.008058953158
0.008168568697
0.007960372871
0.007861820267
0.008417611722
0.009398178347
0.008156143307
0.003306226252
0.000929102114
0.000169511288
3.366061883e-05
6.157006004e-06
1.474226481e-06
7.838722831e-07
6.614751731e-07
6.318831185e-07
6.168892803e-07
5.968915105e-07
5.725556567e-07
0.002187902195
0.001838520193
0.004157941343
0.003719778898
0.00550855021
0.005229639362
0.005838163499
0.005691529587
0.005640194186
0.005598323341
0.00495887906
0.004987741538
0.004031960289
0.004059973986
0.003045813573
0.002949406778
0.00252584244
0.002075659084
0.00239412554
0.001660003305
0.002216669429
0.001406423602
0.002001726817
0.001222163179
0.00181534002
0.001187942563
0.001600168225
0.001143505805
0.001363261291
0.00106537817
0.001086108736
0.0008623443394
0.0007077624109
0.0006781798405
0.0002796931364
0.0003974018433
0.0006524747921
3.561290006e-07
3.63417178e-07
3.747006134e-07
3.868945159e-07
4.051963741e-07
4.266704207e-07
4.587703045e-07
5.003155368e-07
5.646603129e-07
6.60563441e-07
8.279794471e-07
1.150340723e-06
3.382626315e-07
3.345195607e-07
3.333395152e-07
3.339797504e-07
3.369035402e-07
3.395127606e-07
3.443296296e-07
3.488128295e-07
3.560834522e-07
3.633927236e-07
3.746449421e-07
3.868410626e-07
4.051514153e-07
4.26599473e-07
4.586632925e-07
5.002435368e-07
5.645107784e-07
6.603722207e-07
8.277959396e-07
1.150179027e-06
3.92926188e-07
3.862007552e-07
3.780758835e-07
3.69268266e-07
3.586884623e-07
3.472379423e-07
3.382530193e-07
3.345016086e-07
3.3332223e-07
3.339520321e-07
3.36874634e-07
3.3949421e-07
3.443110988e-07
3.487937318e-07
3.560561237e-07
3.633484597e-07
3.746063067e-07
3.868115499e-07
4.050755717e-07
4.265316096e-07
4.58597206e-07
5.00114051e-07
5.643486085e-07
6.602433498e-07
8.275298003e-07
1.150011088e-06
0.007229610493
0.001845376625
0.0002662947939
1.775862702e-05
1.274969022e-06
7.242126988e-07
4.29574395e-07
4.257248926e-07
4.220176423e-07
4.181899156e-07
4.140383744e-07
4.096824921e-07
4.046063484e-07
3.993219831e-07
3.929578593e-07
3.862328975e-07
3.780942917e-07
3.692727776e-07
3.586998641e-07
3.472116977e-07
3.382233619e-07
3.34475594e-07
3.333005516e-07
3.339383046e-07
3.368596655e-07
3.394678582e-07
3.442720125e-07
3.487539152e-07
3.560053078e-07
3.633204549e-07
3.745556111e-07
3.867459228e-07
4.050156582e-07
4.264614768e-07
4.584737967e-07
5.000070942e-07
5.641918291e-07
6.600115581e-07
8.272984339e-07
1.149815874e-06
0.007248583858
0.001851914213
0.0002670997325
1.778878747e-05
1.274141711e-06
7.241468195e-07
5.653417943e-07
5.078573445e-07
4.77961245e-07
4.609245525e-07
4.506080472e-07
4.432842911e-07
4.380393606e-07
4.335410705e-07
4.295786749e-07
4.257320389e-07
4.220272284e-07
4.182039859e-07
4.140393668e-07
4.096979574e-07
4.04624928e-07
3.993383595e-07
3.929740799e-07
3.862519519e-07
3.781313303e-07
3.692927134e-07
3.587147542e-07
3.471835313e-07
3.381942327e-07
3.344528477e-07
3.332802571e-07
3.339086672e-07
3.368274356e-07
3.394437602e-07
3.442557941e-07
3.487362236e-07
3.559810397e-07
3.632778349e-07
3.745055773e-07
3.867162041e-07
4.049396319e-07
4.263756766e-07
4.583905714e-07
4.998668148e-07
5.639940824e-07
6.598455518e-07
8.270036821e-07
1.149593895e-06
0.007289612668
0.001859301414
0.0002681556456
1.786983586e-05
1.272391792e-06
7.237574311e-07
5.652671479e-07
5.078503271e-07
4.779647877e-07
4.609231488e-07
4.50606285e-07
4.432803254e-07
4.380424067e-07
4.335386727e-07
4.295802591e-07
4.257424506e-07
4.220289089e-07
4.182168748e-07
4.140390696e-07
4.09702306e-07
4.046327374e-07
3.993521469e-07
3.930103055e-07
3.862862035e-07
3.781515618e-07
3.692905454e-07
3.587195851e-07
3.471489058e-07
3.381567582e-07
3.344242133e-07
3.332543981e-07
3.338934684e-07
3.368145322e-07
3.394216955e-07
3.442135913e-07
3.486914835e-07
3.559254183e-07
3.632420628e-07
3.74458677e-07
3.866396266e-07
4.048626346e-07
4.263000101e-07
4.582545925e-07
4.997261068e-07
5.638237394e-07
6.595789687e-07
8.267229317e-07
1.149354124e-06
0.007314980376
0.001867554156
0.0002692342373
1.791467955e-05
1.271735779e-06
7.235260548e-07
5.652075946e-07
5.078594038e-07
4.779713295e-07
4.609252101e-07
4.506044694e-07
4.432733363e-07
4.380448783e-07
4.335367203e-07
4.29584638e-07
4.257470293e-07
4.220335639e-07
4.182275707e-07
4.140384705e-07
4.097221833e-07
4.046587229e-07
3.993749465e-07
3.930314139e-07
3.863039324e-07
3.7818652e-07
3.693039187e-07
3.587189393e-07
3.471185671e-07
3.381323425e-07
3.344070201e-07
3.332361674e-07
3.338649233e-07
3.367797221e-07
3.393903043e-07
3.44197728e-07
3.486734571e-07
3.559025955e-07
3.632014122e-07
3.743977007e-07
3.86603753e-07
4.047866909e-07
4.261992596e-07
4.581497051e-07
4.995746758e-07
5.635940681e-07
6.593721337e-07
8.263964739e-07
1.149074439e-06
0.007374183209
0.001877842811
0.0002707457952
1.802248763e-05
1.272428366e-06
7.237921122e-07
5.651671763e-07
5.078759837e-07
4.779776132e-07
4.60925855e-07
4.506021175e-07
4.432660848e-07
4.380469794e-07
4.33534787e-07
4.295845834e-07
4.25757098e-07
4.2202519e-07
4.18239977e-07
4.140330066e-07
4.097274226e-07
4.046682746e-07
3.993920899e-07
3.930749738e-07
3.863441765e-07
3.78209821e-07
3.693008739e-07
3.587162058e-07
3.47090414e-07
3.3810842e-07
3.343827381e-07
3.332095579e-07
3.338450302e-07
3.367670646e-07
3.393711532e-07
3.44155854e-07
3.486218056e-07
3.55842033e-07
3.631545952e-07
3.743511889e-07
3.865213261e-07
4.046924559e-07
4.261121195e-07
4.580024873e-07
4.994015165e-07
5.634049179e-07
6.59072978e-07
8.260649039e-07
1.148785562e-06
0.00741259943
0.001889683837
0.0002722866669
1.809391859e-05
1.2735138e-06
7.239609857e-07
5.651312454e-07
5.078972148e-07
4.779855276e-07
4.609289205e-07
4.505993432e-07
4.432579442e-07
4.380480572e-07
4.335332986e-07
4.295928256e-07
4.257597583e-07
4.220317012e-07
4.182493503e-07
4.140407142e-07
4.097536847e-07
4.047041646e-07
3.994279748e-07
3.93104727e-07
3.863599875e-07
3.782438533e-07
3.693055289e-07
3.587128472e-07
3.470677578e-07
3.380792068e-07
3.343665361e-07
3.331925704e-07
3.33817608e-07
3.367293827e-07
3.393312891e-07
3.441315595e-07
3.486024412e-07
3.558189884e-07
3.631154151e-07
3.742808014e-07
3.864699521e-07
4.046139321e-07
4.259983456e-07
4.578735324e-07
4.99237973e-07
5.631458556e-07
6.588239286e-07
8.257061623e-07
1.148458113e-06
0.007499379422
0.001904905431
0.0002745284212
1.823013263e-05
1.27634972e-06
7.246285929e-07
5.650967986e-07
5.07923515e-07
4.779957898e-07
4.609309584e-07
4.505957357e-07
4.432489732e-07
4.380481742e-07
4.335317328e-07
4.295916122e-07
4.257696295e-07
4.220269385e-07
4.182655676e-07
4.140432011e-07
4.097617635e-07
4.04716748e-07
3.994494322e-07
3.931562854e-07
3.86409574e-07
3.782693963e-07
3.693049655e-07
3.587100537e-07
3.470507669e-07
3.380557045e-07
3.343374522e-07
3.331608536e-07
3.337896262e-07
3.36716032e-07
3.393125221e-07
3.440932314e-07
3.485425396e-07
3.557524722e-07
3.630551146e-07
3.742296385e-07
3.863843842e-07
4.045039662e-07
4.258950864e-07
4.577153798e-07
4.99033386e-07
5.629335999e-07
6.58493994e-07
8.253257275e-07
1.148124012e-06
0.007563997903
0.001922535108
0.00027662166
1.834274597e-05
1.278261223e-06
7.247831601e-07
5.650657119e-07
5.07945552e-07
4.780039804e-07
4.609331743e-07
4.505916664e-07
4.432399411e-07
4.380504014e-07
4.335330095e-07
4.296041076e-07
4.257693265e-07
4.220254933e-07
4.182753866e-07
4.140728864e-07
4.097994952e-07
4.047677569e-07
3.995048466e-07
3.93198457e-07
3.864217548e-07
3.782971189e-07
3.69302691e-07
3.58709262e-07
3.470392252e-07
3.380149563e-07
3.343208096e-07
3.331427017e-07
3.337625491e-07
3.366736977e-07
3.392631216e-07
3.44057771e-07
3.48520814e-07
3.557282226e-07
3.630160323e-07
3.741515809e-07
3.863153115e-07
4.04418889e-07
4.257688693e-07
4.575603951e-07
4.988557142e-07
5.626465271e-07
6.582012668e-07
8.249331373e-07
1.147750351e-06
0.007673992962
0.001945805591
0.0002796951963
1.861677932e-05
1.284688179e-06
7.259678368e-07
5.650386868e-07
5.079722393e-07
4.780177182e-07
4.6093579e-07
4.505870974e-07
4.432301487e-07
4.38048691e-07
4.335323531e-07
4.296001154e-07
4.25786269e-07
4.220486735e-07
4.183003533e-07
4.140821233e-07
4.098114822e-07
4.047854742e-07
3.995294143e-07
3.932546274e-07
3.864829234e-07
3.783235313e-07
3.692895798e-07
3.587151606e-07
3.470270554e-07
3.379955487e-07
3.342819564e-07
3.331049596e-07
3.337235349e-07
3.36658744e-07
3.392420154e-07
3.440231661e-07
3.484527127e-07
3.556530691e-07
3.629394309e-07
3.740906633e-07
3.86224739e-07
4.042937904e-07
4.256450676e-07
4.573905238e-07
4.986198234e-07
5.624064242e-07
6.578403761e-07
8.245036839e-07
1.147365959e-06
0.00779874619
0.001972484554
0.0002824388412
1.866313475e-05
1.285611588e-06
7.260359688e-07
5.650146561e-07
5.079900218e-07
4.780230265e-07
4.609354183e-07
4.505828861e-07
4.432213727e-07
4.380576682e-07
4.335371864e-07
4.29623203e-07
4.257925386e-07
4.220541331e-07
4.183092726e-07
4.141284476e-07
4.098709324e-07
4.048582781e-07
3.996124419e-07
3.933205068e-07
3.864932037e-07
3.783370437e-07
3.692951407e-07
3.587219722e-07
3.470143852e-07
3.379260624e-07
3.342680288e-07
3.330836962e-07
3.336966952e-07
3.366133293e-07
3.391800266e-07
3.439729672e-07
3.484215782e-07
3.556263777e-07
3.628982806e-07
3.74005673e-07
3.861358117e-07
4.041975818e-07
4.255057172e-07
4.572073849e-07
4.984244719e-07
5.620918038e-07
6.575022472e-07
8.240738095e-07
1.14694409e-06
0.007976952946
0.002010410493
0.0002867422244
1.914960503e-05
1.296483451e-06
7.278259496e-07
5.649999378e-07
5.080109087e-07
4.780386968e-07
4.609387188e-07
4.505760472e-07
4.432135684e-07
4.380507463e-07
4.335328351e-07
4.296173462e-07
4.258138094e-07
4.221125873e-07
4.183533225e-07
4.141527415e-07
4.098868944e-07
4.048826393e-07
3.99644128e-07
3.933759439e-07
3.865638651e-07
3.783751672e-07
3.69286915e-07
3.587282062e-07
3.469937142e-07
3.379113041e-07
3.342031423e-07
3.330368668e-07
3.336426043e-07
3.365865135e-07
3.391535245e-07
3.439413794e-07
3.483483042e-07
3.555386048e-07
3.628011712e-07
3.739291884e-07
3.860365267e-07
4.040568403e-07
4.253565544e-07
4.570236553e-07
4.981569952e-07
5.618192175e-07
6.571091984e-07
8.235957346e-07
1.146503141e-06
0.008207538111
0.002055444548
0.0002907046577
1.91874923e-05
1.297922195e-06
7.280602934e-07
5.649074752e-07
5.080011695e-07
4.780298409e-07
4.609350622e-07
4.505787615e-07
4.43212682e-07
4.380812996e-07
4.335537664e-07
4.296657643e-07
4.258455738e-07
4.221189745e-07
4.183600899e-07
4.142138871e-07
4.099866097e-07
4.049976469e-07
3.997758119e-07
3.934840815e-07
3.865836096e-07
3.783741815e-07
3.693007417e-07
3.587486897e-07
3.469697559e-07
3.377973744e-07
3.34195623e-07
3.330096826e-07
3.336135835e-07
3.365411055e-07
3.390752539e-07
3.438718997e-07
3.482953652e-07
3.555073052e-07
3.627546984e-07
3.738367909e-07
3.859247435e-07
4.039436777e-07
4.252016225e-07
4.568096822e-07
4.979383614e-07
5.614758483e-07
6.567232385e-07
8.231223108e-07
1.14602487e-06
0.008503493838
0.002123597815
0.0002974489959
1.99455137e-05
1.313246746e-06
7.303211234e-07
5.651916741e-07
5.080685199e-07
4.780904111e-07
4.609634923e-07
4.505807414e-07
4.431888914e-07
4.380705244e-07
4.335515074e-07
4.296557889e-07
4.258660099e-07
4.222262662e-07
4.184431148e-07
4.142770521e-07
4.10007049e-07
4.050347415e-07
3.998185854e-07
3.9352836e-07
3.866533025e-07
3.78455818e-07
3.693263671e-07
3.587361291e-07
3.469359298e-07
3.37791437e-07
3.341007218e-07
3.329493645e-07
3.335394003e-07
3.364918681e-07
3.390364412e-07
3.438400126e-07
3.482184742e-07
3.554010717e-07
3.6263022e-07
3.737367766e-07
3.858103301e-07
4.037849456e-07
4.250208125e-07
4.56607195e-07
4.976372304e-07
5.611648784e-07
6.5629315e-07
8.225921494e-07
1.145513855e-06
0.008880644826
0.00220422873
0.0003056220378
1.982608312e-05
1.311934451e-06
7.305480068e-07
5.649681247e-07
5.081211228e-07
4.780633164e-07
4.609471672e-07
4.505836011e-07
4.432469783e-07
4.381496891e-07
4.335830506e-07
4.297749722e-07
4.259496471e-07
4.222258375e-07
4.184496134e-07
4.143492502e-07
4.101870533e-07
4.052386352e-07
4.000319163e-07
3.937053323e-07
3.867337396e-07
3.784540716e-07
3.693489725e-07
3.588093785e-07
3.469215967e-07
3.376869134e-07
3.34102465e-07
3.329068734e-07
3.33501773e-07
3.364466548e-07
3.38942281e-07
3.437458956e-07
3.48131164e-07
3.553614379e-07
3.625732635e-07
3.73635187e-07
3.856711708e-07
4.03646829e-07
4.248450994e-07
4.563584728e-07
4.973871997e-07
5.607885078e-07
6.558549861e-07
8.220648419e-07
1.144967172e-06
0.009358393912
0.002324594096
0.0003254760572
2.114785978e-05
1.338282652e-06
7.336247181e-07
5.661575865e-07
5.08225006e-07
4.782725588e-07
4.610800363e-07
4.506519423e-07
4.431896902e-07
4.381551663e-07
4.33661983e-07
4.297558728e-07
4.259563201e-07
4.224035607e-07
4.186220896e-07
4.145206131e-07
4.102258648e-07
4.052985502e-07
4.000872148e-07
3.937414852e-07
3.867843625e-07
3.786009732e-07
3.6947607e-07
3.587885664e-07
3.468997632e-07
3.376843371e-07
3.339540633e-07
3.328282388e-07
3.333984919e-07
3.363617384e-07
3.388698903e-07
3.437044906e-07
3.480498881e-07
3.552302194e-07
3.624112792e-07
3.735002162e-07
3.855314824e-07
4.03465504e-07
4.246246913e-07
4.561291523e-07
4.970479675e-07
5.604321491e-07
6.553797566e-07
8.214769225e-07
1.144374217e-06
0.009942354428
0.002471836958
0.0003399444828
2.092059899e-05
1.330543153e-06
7.339354277e-07
5.663569231e-07
5.087055372e-07
4.783041294e-07
4.61034239e-07
4.506456142e-07
4.433927563e-07
4.383338369e-07
4.336676767e-07
4.299670303e-07
4.261692289e-07
4.22455766e-07
4.186297073e-07
4.145816163e-07
4.104714214e-07
4.056984911e-07
4.004212532e-07
3.940362046e-07
3.870223399e-07
3.787069595e-07
3.69504534e-07
3.589570584e-07
3.46865402e-07
3.375587765e-07
3.339631119e-07
3.327541595e-07
3.333478827e-07
3.363110303e-07
3.387637962e-07
3.435761124e-07
3.479109205e-07
3.551708795e-07
3.623352179e-07
3.733865655e-07
3.85359664e-07
4.032921903e-07
4.244199646e-07
4.558405831e-07
4.967569028e-07
5.600159612e-07
6.548844634e-07
8.208859565e-07
1.143756578e-06
0.0106518748
0.002684854801
0.0003753239849
2.393150465e-05
1.383572261e-06
7.421247011e-07
5.684822998e-07
5.088435096e-07
4.78716143e-07
4.61468927e-07
4.509355088e-07
4.434335327e-07
4.382819916e-07
4.339283851e-07
4.301124607e-07
4.261606793e-07
4.227160023e-07
4.189682185e-07
4.150124009e-07
4.107993179e-07
4.057665276e-07
4.004973749e-07
3.94099819e-07
3.87086677e-07
3.788750029e-07
3.698045625e-07
3.589511818e-07
3.466902128e-07
3.375352792e-07
3.337618122e-07
3.326582364e-07
3.332142873e-07
3.361726427e-07
3.386322542e-07
3.435212951e-07
3.478241211e-07
3.550222526e-07
3.621202243e-07
3.732024294e-07
3.851803022e-07
4.030814126e-07
4.241514185e-07
4.555738356e-07
4.963729016e-07
5.596064338e-07
6.543540633e-07
8.202347149e-07
1.143080977e-06
0.01147989564
0.002931635258
0.0004038272576
2.367051236e-05
1.362806336e-06
7.414261068e-07
5.695138535e-07
5.101764112e-07
4.791518791e-07
4.614197116e-07
4.508200861e-07
4.43667869e-07
4.387730926e-07
4.339837456e-07
4.302581139e-07
4.266444646e-07
4.229434735e-07
4.190762834e-07
4.151281198e-07
4.109541417e-07
4.063071906e-07
4.010889574e-07
3.946370891e-07
3.876127224e-07
3.793103164e-07
3.699255065e-07
3.590734438e-07
3.465042126e-07
3.372639415e-07
3.33759749e-07
3.325397654e-07
3.331141082e-07
3.361018885e-07
3.385241592e-07
3.433678687e-07
3.476175166e-07
3.549002243e-07
3.620184129e-07
3.730738795e-07
3.849726052e-07
4.028624732e-07
4.239075302e-07
4.55239781e-07
4.960310432e-07
5.591414748e-07
6.537961039e-07
8.195721495e-07
1.142410773e-06
0.01243323351
0.003291590171
0.0004661180871
2.989165413e-05
1.487221033e-06
7.582861992e-07
5.740431866e-07
5.113448768e-07
4.800399872e-07
4.624200048e-07
4.517142549e-07
4.441128011e-07
4.387927512e-07
4.344420955e-07
4.308447122e-07
4.266425867e-07
4.232825859e-07
4.195220581e-07
4.158089901e-07
4.117766475e-07
4.067558691e-07
4.012099797e-07
3.948089506e-07
3.877837542e-07
3.794926081e-07
3.702974292e-07
3.591031471e-07
3.460492723e-07
3.371809577e-07
3.334940178e-07
3.324204901e-07
3.329634127e-07
3.358996084e-07
3.383172406e-07
3.432478646e-07
3.475062529e-07
3.547511378e-07
3.617444545e-07
3.728283821e-07
3.847378925e-07
4.026145842e-07
4.235855189e-07
4.54925508e-07
4.95595854e-07
5.586718019e-07
6.532017211e-07
8.188573554e-07
1.141684137e-06
0.01344433742
0.003691572823
0.000512160439
2.899861986e-05
1.422950489e-06
7.56966514e-07
5.750445199e-07
5.126598736e-07
4.808443532e-07
4.625495169e-07
4.515947621e-07
4.444053624e-07
4.394830901e-07
4.347640877e-07
4.309064278e-07
4.273113687e-07
4.238358768e-07
4.201359044e-07
4.164209593e-07
4.119605676e-07
4.071566195e-07
4.020575171e-07
3.95890066e-07
3.887587249e-07
3.804111549e-07
3.707102681e-07
3.59068481e-07
3.456853737e-07
3.368152513e-07
3.334428101e-07
3.322451152e-07
3.327834963e-07
3.358025773e-07
3.382018111e-07
3.430915871e-07
3.472299209e-07
3.54539094e-07
3.616e-07
3.726746644e-07
3.844871439e-07
4.023328674e-07
4.232802654e-07
4.545217291e-07
4.951738034e-07
5.58118158e-07
6.525379287e-07
8.180751086e-07
1.140974203e-06
0.01447107823
0.00423438253
0.0006277345512
4.239287471e-05
1.750411267e-06
7.817011311e-07
5.872076599e-07
5.190148254e-07
4.842078309e-07
4.648961174e-07
4.53482259e-07
4.455971649e-07
4.399493412e-07
4.354771458e-07
4.321107615e-07
4.279841018e-07
4.245406643e-07
4.208029786e-07
4.169734886e-07
4.133371261e-07
4.083942647e-07
4.029549658e-07
3.961982945e-07
3.891307861e-07
3.807074813e-07
3.709481831e-07
3.591250889e-07
3.451410151e-07
3.367622647e-07
3.331623984e-07
3.3207181e-07
3.326269666e-07
3.355576134e-07
3.379031575e-07
3.428546852e-07
3.470718299e-07
3.543785218e-07
3.612412414e-07
3.723219741e-07
3.841448732e-07
4.019925312e-07
4.228399026e-07
4.54081852e-07
4.94584155e-07
5.574664608e-07
6.517286327e-07
8.171419201e-07
1.140298142e-06
0.01538132219
0.004725909391
0.0007093074716
3.758393582e-05
1.580917599e-06
7.879258497e-07
5.860015341e-07
5.178321815e-07
4.841400188e-07
4.651951911e-07
4.536973458e-07
4.458684832e-07
4.410826751e-07
4.36475218e-07
4.323694084e-07
4.284542388e-07
4.253460982e-07
4.217137894e-07
4.185056666e-07
4.137005065e-07
4.089122584e-07
4.036352466e-07
3.977943601e-07
3.908332412e-07
3.821102706e-07
3.717744408e-07
3.589993932e-07
3.448421535e-07
3.3646368e-07
3.330364109e-07
3.318514215e-07
3.32361738e-07
3.353419994e-07
3.377528825e-07
3.426906689e-07
3.467368525e-07
3.540168303e-07
3.610032639e-07
3.721023009e-07
3.838003847e-07
4.015645657e-07
4.223765801e-07
4.534711265e-07
4.939303282e-07
5.566148762e-07
6.507178623e-07
8.160101484e-07
1.139582437e-06
0.01599107485
0.005320845195
0.0009421542306
7.47570509e-05
2.625517915e-06
8.11629957e-07
6.19025783e-07
5.359738027e-07
4.935498534e-07
4.7036489e-07
4.572380281e-07
4.487584612e-07
4.424702699e-07
4.374250901e-07
4.338933491e-07
4.302178939e-07
4.268274743e-07
4.232687463e-07
4.191807468e-07
4.15735249e-07
4.10845547e-07
4.057378846e-07
3.989355492e-07
3.914189244e-07
3.825705923e-07
3.719302808e-07
3.589505744e-07
3.44676572e-07
3.363682328e-07
3.327694437e-07
3.316117525e-07
3.321463881e-07
3.35079242e-07
3.37395167e-07
3.422838255e-07
3.464181984e-07
3.537998372e-07
3.605558253e-07
3.71539609e-07
3.832489775e-07
4.010291485e-07
4.216954538e-07
4.527645192e-07
4.930012507e-07
5.555590267e-07
6.494329881e-07
8.146280823e-07
1.138735243e-06
0.01608215475
0.006541525978
0.001094769442
5.959340332e-05
2.716024494e-06
8.390404156e-07
6.203851832e-07
5.363947591e-07
4.958351208e-07
4.732234053e-07
4.585063912e-07
4.494765425e-07
4.440718052e-07
4.39446217e-07
4.356516509e-07
4.311160313e-07
4.282300595e-07
4.243641968e-07
4.216364769e-07
4.165835719e-07
4.120341518e-07
4.067101012e-07
4.006449249e-07
3.940468664e-07
3.846549305e-07
3.734018285e-07
3.596277681e-07
3.44762362e-07
3.362228284e-07
3.325588173e-07
3.313647212e-07
3.318118103e-07
3.347169418e-07
3.370981462e-07
3.420546496e-07
3.460559803e-07
3.532121327e-07
3.600720235e-07
3.712223485e-07
3.827610403e-07
4.003614642e-07
4.209549616e-07
4.517888197e-07
4.919306635e-07
5.541775069e-07
6.478283005e-07
8.129124947e-07
1.13760079e-06
0.01580174998
0.008512998229
0.001702261054
0.0001686269949
5.221559173e-06
9.320830893e-07
6.807680199e-07
5.677106293e-07
5.108277821e-07
4.799077753e-07
4.645255753e-07
4.54350316e-07
4.471804131e-07
4.415605254e-07
4.372464347e-07
4.338447674e-07
4.304401314e-07
4.269921905e-07
4.227294805e-07
4.192129277e-07
4.147332997e-07
4.099696138e-07
4.031863483e-07
3.949970312e-07
3.854728156e-07
3.738972956e-07
3.598482844e-07
3.448368613e-07
3.361354976e-07
3.322897226e-07
3.310446339e-07
3.314712248e-07
3.343699452e-07
3.366934716e-07
3.414451186e-07
3.454532985e-07
3.529020144e-07
3.595573963e-07
3.702917841e-07
3.818372639e-07
3.994716278e-07
4.19857659e-07
4.506223155e-07
4.904170181e-07
5.524347331e-07
6.457598436e-07
8.107429539e-07
1.135994333e-06
0.01524614205
0.01152488906
0.002288878911
0.0001799807981
9.026242983e-06
8.981982195e-07
7.218274934e-07
6.02048541e-07
5.270718405e-07
4.923065273e-07
4.702941372e-07
4.583424308e-07
4.502736488e-07
4.449331565e-07
4.410680025e-07
4.35897871e-07
4.328947912e-07
4.288700875e-07
4.263392078e-07
4.213427003e-07
4.17065074e-07
4.114928943e-07
4.052987627e-07
3.985334182e-07
3.889275537e-07
3.766467162e-07
3.618007039e-07
3.45503404e-07
3.361833362e-07
3.320940709e-07
3.307581648e-07
3.310454903e-07
3.338576449e-07
3.361500941e-07
3.410477739e-07
3.450640056e-07
3.520329966e-07
3.585995936e-07
3.698200169e-07
3.811291706e-07
3.984228506e-07
4.186474004e-07
4.490169787e-07
4.886176741e-07
5.501545521e-07
6.431606822e-07
8.079059487e-07
1.133688316e-06
0.01461593762
0.01417940603
0.004098431835
0.0004801456689
1.902289553e-05
1.326970237e-06
7.127686509e-07
6.142054164e-07
5.511680811e-07
5.089877283e-07
4.804871205e-07
4.640271562e-07
4.557633982e-07
4.486866974e-07
4.433492149e-07
4.397988404e-07
4.363634038e-07
4.328272079e-07
4.284088599e-07
4.250828257e-07
4.208164669e-07
4.163765111e-07
4.095167186e-07
4.0092555e-07
3.904070122e-07
3.778411236e-07
3.626375073e-07
3.458968489e-07
3.361989934e-07
3.317967068e-07
3.303564714e-07
3.30506172e-07
3.333066165e-07
3.356290612e-07
3.402595898e-07
3.440000707e-07
3.513574657e-07
3.580092011e-07
3.685032472e-07
3.79537341e-07
3.96871293e-07
4.168007975e-07
4.470403541e-07
4.860938518e-07
5.472453081e-07
6.397273446e-07
8.04122955e-07
1.130434974e-06
0.01386364188
0.0155437791
0.006908976873
0.001143316516
7.64674881e-05
5.62516794e-06
1.10165341e-06
8.073355624e-07
5.955013342e-07
5.180308534e-07
4.988674663e-07
4.758494105e-07
4.615451372e-07
4.547980907e-07
4.500424788e-07
4.440029604e-07
4.402694297e-07
4.36035381e-07
4.337110855e-07
4.286473063e-07
4.245794899e-07
4.188312202e-07
4.127434879e-07
4.058206633e-07
3.957304919e-07
3.826137938e-07
3.667628441e-07
3.47706213e-07
3.365687357e-07
3.316309945e-07
3.300048357e-07
3.299044384e-07
3.326184013e-07
3.347641136e-07
3.39369656e-07
3.43457685e-07
3.503235866e-07
3.562418694e-07
3.672544818e-07
3.783440499e-07
3.952165511e-07
4.14815491e-07
4.443582607e-07
4.830250805e-07
5.434158329e-07
6.352914104e-07
7.98996829e-07
1.125862778e-06
0.01275321091
0.01577918075
0.0101603259
0.002883153112
0.0002581940575
1.535287972e-05
4.403769497e-06
7.783545903e-07
6.905544733e-07
5.806291304e-07
5.206708826e-07
4.850617699e-07
4.717404952e-07
4.620073699e-07
4.54590623e-07
4.495481314e-07
4.457663296e-07
4.421019437e-07
4.372653199e-07
4.341814512e-07
4.301611919e-07
4.262189958e-07
4.193166609e-07
4.104031419e-07
3.990790563e-07
3.856728724e-07
3.686278095e-07
3.485925765e-07
3.368741004e-07
3.314235709e-07
3.294280207e-07
3.291296949e-07
3.31719822e-07
3.338898021e-07
3.384153788e-07
3.418689417e-07
3.486479321e-07
3.554007356e-07
3.656636637e-07
3.758705232e-07
3.925151908e-07
4.115872513e-07
4.409137291e-07
4.787351322e-07
5.384263794e-07
6.292583213e-07
7.91931177e-07
1.119539689e-06
0.01170602683
0.01538589888
0.01202158945
0.006641566826
0.001408911145
0.0001649899824
2.322489667e-05
2.709514846e-06
8.763988714e-07
6.227482656e-07
5.721228547e-07
5.066027213e-07
4.85585918e-07
4.713918961e-07
4.644608855e-07
4.578691519e-07
4.525670304e-07
4.475536462e-07
4.451296993e-07
4.398191154e-07
4.36057554e-07
4.301818339e-07
4.24543868e-07
4.177323893e-07
4.073567607e-07
3.933010743e-07
3.75813759e-07
3.526287829e-07
3.379397273e-07
3.312524913e-07
3.288295345e-07
3.283354248e-07
3.307194068e-07
3.326676353e-07
3.367757962e-07
3.406829394e-07
3.475288019e-07
3.528605781e-07
3.629012369e-07
3.734351386e-07
3.896801016e-07
4.082993401e-07
4.364300965e-07
4.734367968e-07
5.317648657e-07
6.211649574e-07
7.822845897e-07
1.110662356e-06
0.01044126465
0.01396415617
0.01220275606
0.00919850538
0.004601936007
0.0007109877852
1.026429333e-05
3.02239197e-06
1.2127541e-06
9.098102713e-07
6.790143698e-07
5.843026557e-07
5.146354559e-07
4.948313108e-07
4.819115908e-07
4.669491932e-07
4.616643988e-07
4.568366061e-07
4.512905051e-07
4.484318763e-07
4.444916081e-07
4.412728727e-07
4.345705678e-07
4.255838176e-07
4.140017384e-07
3.998890107e-07
3.811123782e-07
3.546051781e-07
3.385169693e-07
3.310679518e-07
3.280441306e-07
3.272961662e-07
3.293000429e-07
3.310849222e-07
3.353740605e-07
3.387200749e-07
3.443041939e-07
3.506174727e-07
3.605985502e-07
3.699035893e-07
3.852802443e-07
4.026637975e-07
4.302678375e-07
4.659085425e-07
5.227592074e-07
6.100362616e-07
7.687708968e-07
1.098125559e-06
0.008990814283
0.01230423541
0.01158665345
0.01024549387
0.007579158419
0.003654361515
0.001000641573
4.115831039e-05
1.295113418e-05
5.902740774e-07
4.362296732e-07
5.953052854e-07
5.373602062e-07
5.295735887e-07
4.986337734e-07
4.830384079e-07
4.738852296e-07
4.671754208e-07
4.635035928e-07
4.571596137e-07
4.536786807e-07
4.479746298e-07
4.433662571e-07
4.372900774e-07
4.270544776e-07
4.124090016e-07
3.930767413e-07
3.631680233e-07
3.413710694e-07
3.311361832e-07
3.272685531e-07
3.261399082e-07
3.276961557e-07
3.293843054e-07
3.329065494e-07
3.359421094e-07
3.42612326e-07
3.475693297e-07
3.559587533e-07
3.650801177e-07
3.798886865e-07
3.968923373e-07
4.226910857e-07
4.565646688e-07
5.107707848e-07
5.947382754e-07
7.50047605e-07
1.080047903e-06
0.007424919369
0.01054627767
0.01055586092
0.01016283579
0.009089366075
0.006731753944
0.003200578129
0.0008284401634
0.0002310452226
3.88195189e-05
6.261469433e-06
1.416549993e-06
7.333792626e-07
5.922465494e-07
5.332974053e-07
5.049727857e-07
4.920633328e-07
4.824622113e-07
4.750004036e-07
4.715754572e-07
4.670487551e-07
4.649155997e-07
4.583789344e-07
4.499479442e-07
4.390865205e-07
4.250007427e-07
4.047535029e-07
3.684994101e-07
3.432037636e-07
3.313646881e-07
3.264237601e-07
3.246902e-07
3.256084465e-07
3.267871807e-07
3.302976902e-07
3.335248822e-07
3.379504888e-07
3.425810522e-07
3.514592982e-07
3.595980305e-07
3.7305106e-07
3.8750901e-07
4.116352833e-07
4.429664424e-07
4.938941398e-07
5.735732019e-07
7.234876628e-07
1.053184121e-06
0.005883533049
0.008780132617
0.009273712634
0.00950879108
0.00928301336
0.008445234397
0.006359633054
0.003113519899
0.0008002934445
0.0001303250734
1.710284348e-05
4.592469046e-06
8.927688585e-07
6.647232743e-07
5.434145393e-07
5.343634537e-07
5.136162371e-07
5.021742462e-07
4.939900325e-07
4.849871154e-07
4.804832492e-07
4.749401436e-07
4.726289569e-07
4.675718768e-07
4.581411541e-07
4.440989039e-07
4.245041971e-07
3.85594278e-07
3.500378582e-07
3.328778981e-07
3.255961748e-07
3.232838445e-07
3.233605399e-07
3.244468437e-07
3.272923661e-07
3.291077257e-07
3.34328047e-07
3.386838089e-07
3.453857064e-07
3.522121188e-07
3.640472201e-07
3.778793255e-07
3.997186824e-07
4.279058875e-07
4.743009597e-07
5.474648163e-07
6.892235813e-07
1.016227822e-06
0.004554915184
0.007251302099
0.007988350741
0.008542911346
0.008870820338
0.008729527011
0.007985837862
0.005967139791
0.002765410562
0.0009141058746
0.0002426041724
2.055522739e-05
5.92659284e-06
1.733109303e-06
8.337622835e-07
5.734115783e-07
5.455842257e-07
5.224799658e-07
5.092943271e-07
5.024467422e-07
4.964138419e-07
4.939767353e-07
4.876706027e-07
4.814685508e-07
4.725540691e-07
4.596911242e-07
4.40749223e-07
3.958742357e-07
3.545085432e-07
3.343243401e-07
3.254934636e-07
3.2207155e-07
3.214350769e-07
3.218630946e-07
3.242168454e-07
3.265048475e-07
3.301344412e-07
3.331242213e-07
3.39778843e-07
3.458631288e-07
3.566790048e-07
3.678254376e-07
3.87022004e-07
4.118813255e-07
4.536437759e-07
5.204647411e-07
6.532668698e-07
9.742453298e-07
0.003508501683
0.006107704919
0.007000303844
0.007727427842
0.008285289948
0.008601942179
0.008467745993
0.007673007099
0.005458737922
0.002052441611
0.0005753806549
0.0001954011185
2.486767668e-05
7.282014794e-06
1.541885482e-06
8.203366091e-07
5.855480977e-07
5.457850604e-07
5.305590296e-07
5.165329908e-07
5.084682446e-07
5.026904194e-07
5.009182593e-07
4.963180504e-07
4.881854029e-07
4.757208429e-07
4.58650109e-07
4.126216579e-07
3.634755523e-07
3.374842687e-07
3.256825834e-07
3.212187718e-07
3.199171101e-07
3.200679478e-07
3.22073386e-07
3.231568043e-07
3.269017938e-07
3.299575002e-07
3.352486339e-07
3.401507918e-07
3.493592675e-07
3.596872088e-07
3.771384986e-07
3.993389957e-07
4.371290879e-07
4.977279214e-07
6.207658502e-07
9.324967657e-07
0.002653252758
0.00514184674
0.006159399088
0.007005803881
0.007714987806
0.00825846951
0.008506479868
0.008309267999
0.007237007806
0.004412840876
0.00161247542
0.0004813909491
0.0001505987514
2.44450967e-05
7.23040205e-06
1.244300599e-06
7.465248955e-07
5.704839362e-07
5.448111067e-07
5.316889473e-07
5.218432386e-07
5.175611734e-07
5.116745612e-07
5.070989735e-07
4.995987293e-07
4.879402119e-07
4.718496364e-07
4.224942907e-07
3.680897097e-07
3.392748769e-07
3.260483741e-07
3.205942189e-07
3.187606109e-07
3.184007122e-07
3.199107416e-07
3.213085192e-07
3.24174049e-07
3.261624112e-07
3.312404596e-07
3.356236511e-07
3.4422124e-07
3.527687579e-07
3.682212034e-07
3.879374589e-07
4.221379483e-07
4.77417089e-07
5.917646391e-07
8.914878464e-07
0.00197971921
0.004320583349
0.005435898277
0.006380649679
0.00721454552
0.007936996163
0.008468801314
0.008657955697
0.008302866786
0.006806805301
0.003212253801
0.001111740322
0.0003183631113
8.323953983e-05
1.867228528e-05
5.129189924e-06
1.188584496e-06
7.008775574e-07
5.649221758e-07
5.442832649e-07
5.318282384e-07
5.243369197e-07
5.221054356e-07
5.179581847e-07
5.110378456e-07
4.998273152e-07
4.853926587e-07
4.356726724e-07
3.760758322e-07
3.426600078e-07
3.268465372e-07
3.202622335e-07
3.178173147e-07
3.172061642e-07
3.185206605e-07
3.19074342e-07
3.219103195e-07
3.239708897e-07
3.282018555e-07
3.317620372e-07
3.39203456e-07
3.471156983e-07
3.613934154e-07
3.79271113e-07
4.106447578e-07
4.612604822e-07
5.673209481e-07
8.550703908e-07
0.001459469037
0.003588067407
0.004760538048
0.005769568134
0.006694461847
0.007544701796
0.00826793367
0.008766470327
0.008791255588
0.008142593403
0.005737673993
0.00229526551
0.0008961008537
0.0002113935904
5.016139856e-05
1.138674355e-05
2.841264325e-06
9.422991769e-07
6.407542852e-07
5.54580444e-07
5.427180448e-07
5.357782691e-07
5.297455161e-07
5.259979868e-07
5.195307214e-07
5.088135574e-07
4.943280084e-07
4.441102247e-07
3.804196952e-07
3.443449835e-07
3.273329299e-07
3.200240781e-07
3.171408417e-07
3.16132738e-07
3.170815016e-07
3.178287018e-07
3.201143563e-07
3.21434475e-07
3.254853803e-07
3.286930441e-07
3.357451816e-07
3.424730701e-07
3.553689106e-07
3.715304659e-07
4.003784996e-07
4.470784643e-07
5.455836453e-07
8.004032525e-07
0.001106561413
0.002964023439
0.004172486527
0.005214493098
0.006197035769
0.007129918344
0.007985683447
0.00872231853
0.00914844801
0.008974205413
0.007749675666
0.004083990335
0.001386104014
0.000480420084
0.0001152775762
2.62944462e-05
5.802882869e-06
1.555574577e-06
7.243336116e-07
5.935160152e-07
5.51350799e-07
5.409993878e-07
5.375354348e-07
5.335792652e-07
5.275819483e-07
5.172960844e-07
5.023570221e-07
4.535014829e-07
3.865081231e-07
3.471960512e-07
3.28202604e-07
3.199299923e-07
3.165841254e-07
3.153699742e-07
3.161779431e-07
3.16359316e-07
3.185987739e-07
3.199707873e-07
3.234705667e-07
3.261223291e-07
3.323846802e-07
3.386764129e-07
3.507960747e-07
3.657297099e-07
3.926620214e-07
4.360892373e-07
5.280291982e-07
7.771944171e-07
0.0009043807147
0.002449607292
0.003630568386
0.004679810737
0.005695242127
0.006690028367
0.00764576522
0.008545005922
0.009244914239
0.009445809956
0.008891407611
0.006428527172
0.002534336488
0.000777260012
0.0002678411401
5.529018573e-05
1.166323293e-05
2.704536711e-06
9.839623626e-07
6.222669325e-07
5.63485144e-07
5.495726247e-07
5.428921058e-07
5.393201037e-07
5.335743276e-07
5.23713556e-07
5.078233743e-07
4.590204894e-07
3.900249899e-07
3.487082336e-07
3.286646071e-07
3.198710557e-07
3.161868274e-07
3.146874693e-07
3.152353416e-07
3.155371644e-07
3.174176475e-07
3.18290513e-07
3.216628049e-07
3.240788474e-07
3.300885631e-07
3.355900711e-07
3.467798674e-07
3.605603902e-07
3.857818241e-07
4.264945804e-07
5.128794508e-07
7.336264739e-07
0.0008061275394
0.002086666793
0.003186348935
0.004203402926
0.00521692352
0.006243372867
0.00727265819
0.008284297096
0.009200920783
0.009767350826
0.009612882373
0.008299463949
0.004074437551
0.001392629203
0.0003986261915
0.0001271774528
2.175735513e-05
4.787203616e-06
1.345064761e-06
7.25692887e-07
5.789562211e-07
5.541045115e-07
5.485776464e-07
5.445290897e-07
5.391210566e-07
5.293928492e-07
5.130734399e-07
4.651743443e-07
3.944479134e-07
3.508619489e-07
3.293955758e-07
3.198766612e-07
3.15854361e-07
3.142018005e-07
3.146461805e-07
3.145719763e-07
3.164140905e-07
3.173197024e-07
3.2033155e-07
3.223758344e-07
3.278518042e-07
3.330655702e-07
3.437445091e-07
3.567132252e-07
3.806607208e-07
4.191619546e-07
5.008676706e-07
7.143825403e-07
0.0007510744839
0.001818795371
0.002826043943
0.003782153815
0.004765220191
0.005798198848
0.006878612337
0.007984206774
0.009067982566
0.009923566612
0.01005944914
0.009218668085
0.005974456657
0.002114498647
0.0006434001136
0.0001757068374
4.923057703e-05
8.560322051e-06
1.920089615e-06
7.954717266e-07
6.081097414e-07
5.615734642e-07
5.523298278e-07
5.485409454e-07
5.432622733e-07
5.331859382e-07
5.164506283e-07
4.689069718e-07
3.970922258e-07
3.520910587e-07
3.29815849e-07
3.198925146e-07
3.156164835e-07
3.13761369e-07
3.140295479e-07
3.14040752e-07
3.156255152e-07
3.162076369e-07
3.191303659e-07
3.210175842e-07
3.263284594e-07
3.310153259e-07
3.410729294e-07
3.532733767e-07
3.760778012e-07
4.127494354e-07
4.906489309e-07
6.942686483e-07
0.0007130506842
0.001604228336
0.002552360354
0.003448699673
0.004388183279
0.005403204747
0.006500855865
0.007659763476
0.00885208562
0.00990824395
0.0103669559
0.009842102416
0.007645618288
0.003048650796
0.0009191458507
0.0002748518494
6.625489431e-05
1.298076509e-05
2.66252168e-06
9.962246575e-07
6.262889872e-07
5.662285931e-07
5.565070069e-07
5.521068595e-07
5.470915348e-07
5.366981548e-07
5.198108965e-07
4.730089543e-07
4.002226497e-07
3.536560703e-07
3.303688036e-07
3.199192396e-07
3.154141257e-07
3.134475511e-07
3.136440271e-07
3.13401404e-07
3.14962323e-07
3.155737998e-07
3.182411477e-07
3.198874999e-07
3.248392074e-07
3.293384815e-07
3.390586584e-07
3.507229775e-07
3.726842521e-07
4.078825467e-07
4.82629717e-07
6.79309298e-07
0.0006919205492
0.0014830761
0.002344804584
0.003178441809
0.00406568024
0.005043518524
0.006131072704
0.007327864886
0.008604358621
0.009836450035
0.01059195354
0.0104015503
0.008911675834
0.004088157306
0.001276687795
0.0003609581321
9.944066704e-05
1.769752916e-05
3.540786707e-06
1.109374801e-06
6.696822068e-07
5.72512839e-07
5.591564163e-07
5.548761574e-07
5.499403812e-07
5.390591555e-07
5.219626966e-07
4.754632738e-07
4.021287857e-07
3.545858989e-07
3.30707491e-07
3.199505499e-07
3.152684331e-07
3.131599323e-07
3.132370067e-07
3.130561877e-07
3.144351654e-07
3.14827816e-07
3.174480688e-07
3.189853642e-07
3.238253721e-07
3.279745109e-07
3.372791544e-07
3.484323837e-07
3.696324984e-07
4.036095952e-07
4.758015729e-07
6.664783518e-07
0.0006802161847
0.001387231221
0.002180507233
0.002963599709
0.003805721872
0.004745378352
0.005810917158
0.007018551797
0.008345962004
0.009699697508
0.01073558088
0.01074103844
0.009604301761
0.005260179293
0.001665074179
0.0004834596822
0.000118629053
2.457935352e-05
4.558184866e-06
1.386938769e-06
6.93801165e-07
5.830268328e-07
5.622667585e-07
5.573111333e-07
5.525783881e-07
5.412981039e-07
5.241559751e-07
4.781825826e-07
4.043002777e-07
3.55694278e-07
3.311102138e-07
3.199951242e-07
3.151427145e-07
3.129548121e-07
3.129830899e-07
3.126309484e-07
3.139954839e-07
3.144107399e-07
3.168533824e-07
3.182318472e-07
3.228302204e-07
3.268588227e-07
3.359393595e-07
3.467380595e-07
3.673794955e-07
4.003780433e-07
4.70462692e-07
6.555681279e-07
0.0006799540753
0.001307130572
0.002048303598
0.002794026993
0.003602763508
0.004511401331
0.005553005585
0.00675258401
0.008099066265
0.009534212334
0.01075669163
0.01100367818
0.01007366411
0.006295360056
0.002099003756
0.000570519361
0.0001513346354
2.919263677e-05
5.606502276e-06
1.527341119e-06
7.461279846e-07
5.883345128e-07
5.643220598e-07
5.592078758e-07
5.545300653e-07
5.428074957e-07
5.255505726e-07
4.7981571e-07
4.05638093e-07
3.56369112e-07
3.313649949e-07
3.20024516e-07
3.150518035e-07
3.127654136e-07
3.127130853e-07
3.124042008e-07
3.136433036e-07
3.139155031e-07
3.163241673e-07
3.17635954e-07
3.221533755e-07
3.259499977e-07
3.347517876e-07
3.452103203e-07
3.653445596e-07
3.975295863e-07
4.659053042e-07
6.466446811e-07
0.0006912440843
0.001236704674
0.001935281114
0.002652564082
0.00343621344
0.004320154649
0.005339502004
0.006523854743
0.007876866337
0.009365884878
0.0107392409
0.01119790556
0.01042306904
0.007147510418
0.00252975056
0.0006921763932
0.0001751616672
4.000539888e-05
6.779456855e-06
1.838059773e-06
7.731600979e-07
5.988528277e-07
5.667037046e-07
5.608702627e-07
5.562906811e-07
5.44261076e-07
5.269945686e-07
4.816289909e-07
4.071271187e-07
3.57141507e-07
3.316508593e-07
3.200733944e-07
3.149723365e-07
3.126307381e-07
3.125454871e-07
3.121196324e-07
3.133511648e-07
3.136395407e-07
3.159265293e-07
3.171290881e-07
3.21486763e-07
3.252058039e-07
3.338582807e-07
3.440819754e-07
3.638448921e-07
3.953793695e-07
4.623506573e-07
6.394626641e-07
0.0007166971068
0.001193491695
0.001849387683
0.002539640107
0.003300661582
0.004160758876
0.005157083994
0.006324613032
0.007682228844
0.009205600938
0.01069642823
0.01133908641
0.01068768951
0.007858745455
0.002922169621
0.0008000269121
0.0002069634248
4.368629297e-05
7.870010551e-06
1.991264133e-06
8.27637963e-07
6.039234857e-07
5.683287153e-07
5.621852762e-07
5.575723051e-07
5.452684274e-07
5.279298659e-07
4.827518274e-07
4.080835983e-07
3.57637449e-07
3.318430586e-07
3.20101548e-07
3.14911112e-07
3.124975557e-07
3.123539425e-07
3.119589473e-07
3.130982752e-07
3.132821516e-07
3.155457795e-07
3.167046292e-07
3.209972169e-07
3.245476244e-07
3.329961097e-07
3.429723671e-07
3.623658581e-07
3.933086767e-07
4.590362608e-07
6.325252708e-07
0.0007568342014
0.001182073957
0.001815083997
0.00248037633
0.003214002295
0.004045975913
0.005015181766
0.006162173702
0.00751690201
0.009060886482
0.01062643469
0.01143606059
0.01090290783
0.008426487777
0.0032791053
0.0009086193846
0.0002324835144
5.023915896e-05
8.953554805e-06
2.30052065e-06
8.558765239e-07
6.135829706e-07
5.701792547e-07
5.633650025e-07
5.587890634e-07
5.462852963e-07
5.289449981e-07
4.840229118e-07
4.091480353e-07
3.581970446e-07
3.320502691e-07
3.201409974e-07
3.148450234e-07
3.123876694e-07
3.122167172e-07
3.117203806e-07
3.128542047e-07
3.130494232e-07
3.15205325e-07
3.16266637e-07
3.204210936e-07
3.23902283e-07
3.322197846e-07
3.41989765e-07
3.610568801e-07
3.914281642e-07
4.559202668e-07
6.257106746e-07
0.0008073056344
0.001205323428
0.00181641715
0.002465420764
0.003171682293
0.003972813079
0.004911897104
0.006035251382
0.007380746771
0.008933760013
0.01055193288
0.01150419345
0.0111062589
0.008878259569
0.003588627095
0.001007624894
0.0002617946455
5.644108383e-05
1.004160788e-05
2.471164453e-06
9.084227387e-07
6.182713498e-07
5.714711205e-07
5.643219901e-07
5.596983161e-07
5.470159235e-07
5.2962127e-07
4.848321184e-07
4.098564664e-07
3.585718287e-07
3.321967576e-07
3.201566629e-07
3.147890195e-07
3.122679946e-07
3.120430401e-07
3.11573206e-07
3.12618757e-07
3.127121424e-07
3.148445842e-07
3.158623637e-07
3.199509069e-07
3.232656443e-07
3.31381863e-07
3.409072254e-07
3.596096638e-07
3.893976825e-07
4.526636911e-07
6.190141098e-07
0.0008501779987
0.001249850135
0.001841365
0.002471224568
0.003153104736
0.003925740269
0.004836795567
0.005938088274
0.007271646522
0.008824250323
0.0104799713
0.01155073625
0.0112690333
0.00923585804
0.003858531468
0.001094926981
0.0002862251304
6.311515929e-05
1.119351587e-05
2.771502189e-06
9.365245682e-07
6.266928858e-07
5.728850442e-07
5.651860647e-07
5.605848525e-07
5.477693208e-07
5.303828414e-07
4.857862687e-07
4.106748632e-07
3.590114052e-07
3.323609758e-07
3.201824281e-07
3.147279857e-07
3.121677953e-07
3.119165067e-07
3.113487944e-07
3.123888695e-07
3.124914343e-07
3.145152631e-07
3.15442956e-07
3.193887954e-07
3.226332942e-07
3.306201325e-07
3.399405872e-07
3.583192467e-07
3.875406846e-07
4.495810314e-07
6.124316923e-07
0.0008632924251
0.001262741834
0.001847564212
0.002470962807
0.00313634776
0.003887840422
0.004777495109
0.005861224751
0.007183885896
0.008733703851
0.01041478276
0.01158035845
0.01139012821
0.00951780441
0.004103437602
0.001173368794
0.0003079944324
7.126469616e-05
1.254732588e-05
2.964365557e-06
9.833943446e-07
6.306962092e-07
5.738699339e-07
5.658960216e-07
5.612528973e-07
5.483191303e-07
5.308922123e-07
4.863921622e-07
4.11220065e-07
3.593069317e-07
3.324782044e-07
3.201939829e-07
3.146756691e-07
3.120567277e-07
3.117542023e-07
3.112100059e-07
3.121632053e-07
3.121655095e-07
3.141667784e-07
3.150446986e-07
3.189283477e-07
3.22008009e-07
3.297946839e-07
3.388712236e-07
3.568871527e-07
3.855293185e-07
4.463522282e-07
6.059595706e-07
0.0008491967835
0.001214341495
0.001810189634
0.002447122102
0.00311358147
0.003855453759
0.004730573823
0.005800872443
0.007114587363
0.00866172787
0.01035860083
0.01160002038
0.01148188972
0.009747970358
0.00431003012
0.001241370696
0.0003287670047
7.739701889e-05
1.436607854e-05
3.244495905e-06
1.007828593e-06
6.375905304e-07
5.749240847e-07
5.665418229e-07
5.619210375e-07
5.488999531e-07
5.314886714e-07
4.871390867e-07
4.118763345e-07
3.596678934e-07
3.326154631e-07
3.202068191e-07
3.146184237e-07
3.119633355e-07
3.116346934e-07
3.109953415e-07
3.119439141e-07
3.119533582e-07
3.13844941e-07
3.146297479e-07
3.183758123e-07
3.213850099e-07
3.29043957e-07
3.379169486e-07
3.556119763e-07
3.836930102e-07
4.433016829e-07
5.995947738e-07
0.0008143647531
0.001106221611
0.001745755206
0.002416917401
0.00309916992
0.003836861274
0.004697179266
0.005755571855
0.007061576803
0.008606134936
0.01031110409
0.01161316408
0.01155228854
0.009924107362
0.004494155662
0.001300831694
0.0003483461182
8.242152176e-05
1.606642301e-05
3.408909603e-06
1.046144618e-06
6.406475468e-07
5.756593815e-07
5.670812683e-07
5.624298151e-07
5.49331122e-07
5.318904382e-07
4.876130791e-07
4.123149458e-07
3.599122766e-07
3.327130794e-07
3.202154481e-07
3.145690134e-07
3.118581403e-07
3.114801366e-07
3.108623764e-07
3.117240391e-07
3.11634961e-07
3.135050688e-07
3.142595755e-07
3.17923839e-07
3.207677251e-07
3.282276681e-07
3.368576594e-07
3.541922068e-07
3.816986409e-07
4.401003948e-07
5.933336288e-07
0.0007894390911
0.0009618150172
0.001663109891
0.002387286303
0.003099579964
0.00383882367
0.004679520062
0.005721380974
0.007018671117
0.008562714646
0.01027215816
0.01162167301
0.0116068162
0.01005709314
0.004656216316
0.001351900825
0.0003523058798
8.632811887e-05
1.707205402e-05
3.625144211e-06
1.063268611e-06
6.459888254e-07
5.764612007e-07
5.675784009e-07
5.629520049e-07
5.497981052e-07
5.323774772e-07
4.882275116e-07
4.128679076e-07
3.602254473e-07
3.32835519e-07
3.202234599e-07
3.145148162e-07
3.117697044e-07
3.113655232e-07
3.106543278e-07
3.115123695e-07
3.114297332e-07
3.131882237e-07
3.138393825e-07
3.173786782e-07
3.201526127e-07
3.274853324e-07
3.359135404e-07
3.529302821e-07
3.798815565e-07
4.370820773e-07
5.871736508e-07
0.0007826488132
0.0008586132534
0.001590263212
0.002376445726
0.003112594953
0.003852156978
0.004677907214
0.005693214946
0.00697813023
0.008522255557
0.01024075286
0.01162651303
0.01165043038
0.0101595176
0.004796314025
0.001396035236
0.0003636478392
8.908390968e-05
1.813922535e-05
3.719903529e-06
1.09163627e-06
6.480849509e-07
5.770291806e-07
5.680028512e-07
5.633541056e-07
5.501498029e-07
5.327081862e-07
4.886178113e-07
4.132362679e-07
3.604342875e-07
3.329199075e-07
3.202311847e-07
3.144679145e-07
3.116686251e-07
3.112163704e-07
3.105255183e-07
3.112959869e-07
3.111167171e-07
3.128546092e-07
3.134735924e-07
3.169322139e-07
3.19541137e-07
3.266757305e-07
3.348623602e-07
3.515210686e-07
3.77902994e-07
4.339085844e-07
5.811111889e-07
0.0007875219774
0.0007461222777
0.001540706586
0.002384523742
0.003139216315
0.003875503165
0.004683273877
0.005667571626
0.006932976529
0.008471005922
0.01020882173
0.01162832994
0.01168607968
0.01023964853
0.004916179929
0.001433799257
0.0003712244575
9.228683929e-05
1.852733686e-05
3.864778191e-06
1.101509249e-06
6.521134275e-07
5.776817517e-07
5.68401248e-07
5.637774254e-07
5.505400456e-07
5.331236695e-07
4.891498793e-07
4.137291873e-07
3.607225931e-07
3.330360812e-07
3.202390611e-07
3.144163819e-07
3.115839714e-07
3.111052648e-07
3.103220206e-07
3.110900299e-07
3.109165928e-07
3.12541328e-07
3.130572787e-07
3.163923908e-07
3.189331929e-07
3.259401548e-07
3.339270388e-07
3.502711618e-07
3.761043447e-07
4.30922921e-07
5.75144331e-07
0.0008090872167
0.0006607867632
0.001526137577
0.002413501674
0.003179014181
0.003907047058
0.004694276565
0.005643860446
0.006879028916
0.008408501555
0.010160111
0.01162658021
0.01171539446
0.01030347099
0.005018099088
0.001466401373
0.0003818336557
9.305810653e-05
1.916176505e-05
3.903016477e-06
1.121719107e-06
6.534781731e-07
5.781543934e-07
5.687499352e-07
5.641069776e-07
5.50837131e-07
5.334077437e-07
4.894833674e-07
4.140486087e-07
3.609076231e-07
3.331121352e-07
3.202466355e-07
3.143717819e-07
3.1148588e-07
3.109600185e-07
3.10196291e-07
3.108755571e-07
3.106075837e-07
3.122127748e-07
3.126968403e-07
3.1594984e-07
3.183259572e-07
3.251356758e-07
3.328827734e-07
3.488714756e-07
3.741411342e-07
4.27778156e-07
5.692696782e-07
0.0008369220478
0.0006060861707
0.00154599373
0.002465992453
0.003234639558
0.003945351435
0.004709643825
0.005623139865
0.006826441874
0.008342899841
0.01010341073
0.0116155604
0.01173827541
0.01035460073
0.005104455189
0.001494538895
0.0003918178073
9.512416944e-05
1.92764204e-05
3.997735502e-06
1.126799217e-06
6.565556268e-07
5.787182918e-07
5.690834967e-07
5.64462797e-07
5.511744897e-07
5.337758723e-07
4.899691191e-07
4.145113474e-07
3.611853993e-07
3.332272303e-07
3.202538087e-07
3.143226724e-07
3.114042525e-07
3.108514987e-07
3.099959509e-07
3.106742562e-07
3.104111029e-07
3.119017315e-07
3.122851973e-07
3.154134938e-07
3.177246837e-07
3.244058904e-07
3.319555542e-07
3.476330951e-07
3.723610548e-07
4.248269909e-07
5.634855156e-07
0.0008698006487
0.0005901651982
0.00161125367
0.002552799193
0.003308069809
0.00399311177
0.004727887361
0.00560576681
0.0067772377
0.008277620675
0.01004320296
0.0115910353
0.01175182047
0.01039479607
0.005177406796
0.001519444796
0.0004018184946
9.561213487e-05
1.97218607e-05
4.00826971e-06
1.141655231e-06
6.574860156e-07
5.791311047e-07
5.693819526e-07
5.647428226e-07
5.514334532e-07
5.340289114e-07
4.90262056e-07
4.147982103e-07
3.613561583e-07
3.332992034e-07
3.202638386e-07
3.142802684e-07
3.113084274e-07
3.107092038e-07
3.098726058e-07
3.104604654e-07
3.101047857e-07
3.115779353e-07
3.119289115e-07
3.149739614e-07
3.171208104e-07
3.236056554e-07
3.309174858e-07
3.462423858e-07
3.704131886e-07
4.217122352e-07
5.577884713e-07
0.0009067878743
0.000624703674
0.001739152761
0.002669780675
0.003394240315
0.004046761317
0.004747532796
0.005591544573
0.006732595106
0.008215530562
0.009983968378
0.01155893633
0.01175023353
0.01042344093
0.005239136865
0.001540484419
0.0004104331737
9.738600214e-05
1.982007455e-05
4.074705083e-06
1.144673031e-06
6.599062683e-07
5.796210385e-07
5.696699942e-07
5.650498617e-07
5.517312925e-07
5.343623319e-07
4.907167941e-07
4.152417444e-07
3.61628019e-07
3.334146596e-07
3.202725323e-07
3.142339494e-07
3.112301772e-07
3.106037751e-07
3.096765661e-07
3.102651699e-07
3.099131476e-07
3.112713719e-07
3.115220152e-07
3.144488834e-07
3.165329951e-07
3.228879665e-07
3.30007874e-07
3.450285401e-07
3.686709618e-07
4.188286695e-07
5.52305736e-07
0.0009488195446
0.0007324952483
0.001921132876
0.002809832431
0.003487790384
0.004103131772
0.004768612822
0.005580032155
0.006693003701
0.008158694318
0.009928984213
0.01152721893
0.01174425312
0.01044168019
0.005292540508
0.00156037543
0.0004182316874
9.816907354e-05
1.98792536e-05
4.077572456e-06
1.156235804e-06
6.605694599e-07
5.799791014e-07
5.699292408e-07
5.652908087e-07
5.519578739e-07
5.345868427e-07
4.909779367e-07
4.155012083e-07
3.617852788e-07
3.334819383e-07
3.202843762e-07
3.141937414e-07
3.111377428e-07
3.104665981e-07
3.095576113e-07
3.100564291e-07
3.096152916e-07
3.109450084e-07
3.111770191e-07
3.14021162e-07
3.159465603e-07
3.221098624e-07
3.290004326e-07
3.436811308e-07
3.667897989e-07
4.158356238e-07
5.469191392e-07
0.000993252699
0.0009068577234
0.002150928685
0.002964979631
0.003583580179
0.004159471286
0.004790527414
0.005570940647
0.006658668748
0.008108378276
0.009880914365
0.01150125704
0.01173753195
0.01045930487
0.005348572929
0.001571800591
0.0004239817967
9.918908342e-05
1.99190706e-05
4.130766927e-06
1.159556829e-06
6.625063284e-07
5.805037317e-07
5.701835099e-07
5.655606046e-07
5.522224518e-07
5.348869523e-07
4.914022715e-07
4.15931405e-07
3.620426697e-07
3.335918098e-07
3.202954185e-07
3.141483919e-07
3.11061769e-07
3.103634792e-07
3.093649504e-07
3.098654693e-07
3.094277187e-07
3.106702833e-07
3.107767379e-07
3.135062786e-07
3.153747604e-07
3.214051389e-07
3.281130094e-07
3.425006435e-07
3.651033776e-07
4.130656794e-07
5.416271822e-07
0.001034271779
0.001213855489
0.002422845927
0.003126984313
0.003677025593
0.004213259192
0.004811530789
0.005558302151
0.006618963728
0.008047405328
0.009822285888
0.01147100211
0.01172762117
0.01048071921
0.005434716871
0.001557941158
0.0004225850414
9.814358981e-05
1.998917733e-05
4.149708615e-06
1.162385054e-06
6.631448341e-07
5.805940041e-07
5.704175905e-07
5.657842138e-07
5.524313627e-07
5.35091947e-07
4.916208941e-07
4.161302782e-07
3.621848975e-07
3.336541672e-07
3.202957271e-07
3.141084659e-07
3.109686058e-07
3.102277464e-07
3.092472958e-07
3.096589678e-07
3.091314353e-07
3.103245636e-07
3.104353127e-07
3.130804901e-07
3.147930722e-07
3.206332608e-07
3.271155718e-07
3.411702091e-07
3.632545672e-07
4.101470805e-07
5.364263853e-07
0.001057347511
0.001631891601
0.002639712299
0.003234154813
0.003734467925
0.004245681311
0.004825259128
0.005536952726
0.006522950227
0.007871555263
0.009583614526
0.0113239523
0.0117084549
0.01059262679
0.005875462561
0.001721306813
0.0004583014889
0.0001085960278
2.138642642e-05
4.405669059e-06
1.203262467e-06
6.690117265e-07
5.813379699e-07
5.706337182e-07
5.659966332e-07
5.526512974e-07
5.353532493e-07
4.920132922e-07
4.165462758e-07
3.62428724e-07
3.337592505e-07
3.203177142e-07
3.140641327e-07
3.108970777e-07
3.101261869e-07
3.090564357e-07
3.094676516e-07
3.089461004e-07
3.100662429e-07
3.100372172e-07
3.125707228e-07
3.142307279e-07
3.199336833e-07
3.262403903e-07
3.400095304e-07
3.616039108e-07
4.074560426e-07
5.313142474e-07
0.0007644704378
0.001407330506
0.002660289231
0.003265914388
0.003755527495
0.004259751628
0.004835984059
0.005537805624
0.006482310428
0.007786874335
0.009444916415
0.01121158709
0.01169501023
0.01065877669
0.006261963721
0.001880708299
0.0004990590205
0.0001166240934
2.33094364e-05
4.645186407e-06
1.246153102e-06
6.749537231e-07
5.824928521e-07
5.710096815e-07
5.663556136e-07
5.530785748e-07
5.358993031e-07
4.928059547e-07
4.172966353e-07
3.628664067e-07
3.339466609e-07
3.203579179e-07
3.140444005e-07
3.108096185e-07
3.099953927e-07
3.089421716e-07
3.092668818e-07
3.086536741e-07
3.097183055e-07
3.0970079e-07
3.121451812e-07
3.136535508e-07
3.191660113e-07
3.252506705e-07
3.386926978e-07
3.597826861e-07
4.046039306e-07
5.262885584e-07
0.0006892095411
0.001315979954
0.002560208651
0.003226114694
0.003743182007
0.004259054448
0.004838306303
0.005538456392
0.006468633987
0.007747216383
0.00937185106
0.01113488692
0.01168907157
0.01071206989
0.006603056442
0.002043131217
0.000542241857
0.0001288108399
2.509129535e-05
5.04556597e-06
1.29224433e-06
6.816072432e-07
5.833314924e-07
5.712162478e-07
5.665672848e-07
5.532826027e-07
5.361446729e-07
4.931787984e-07
4.176922497e-07
3.631049733e-07
3.340505651e-07
3.203824767e-07
3.13999236e-07
3.107428916e-07
3.098949268e-07
3.087523695e-07
3.090727597e-07
3.084703293e-07
3.09462132e-07
3.093041402e-07
3.116398823e-07
3.131004727e-07
3.18470991e-07
3.243872183e-07
3.375511566e-07
3.58166631e-07
4.019889277e-07
5.213483184e-07
0.0006819111892
0.0012781459
0.002413062603
0.003105319581
0.0036663623
0.004215185094
0.004817745259
0.005528661637
0.00646200357
0.007738316431
0.009347395755
0.01110269746
0.01169188088
0.01076748832
0.006905944108
0.002236811961
0.0006035754168
0.0001421906979
2.857512966e-05
5.432045633e-06
1.345852629e-06
6.888329106e-07
5.850030396e-07
5.716295969e-07
5.669036261e-07
5.537009421e-07
5.367029783e-07
4.940080981e-07
4.185104494e-07
3.635690531e-07
3.342556678e-07
3.204338703e-07
3.139840808e-07
3.10654105e-07
3.097648175e-07
3.086388416e-07
3.088760692e-07
3.081782872e-07
3.091148944e-07
3.089716822e-07
3.112158951e-07
3.125243796e-07
3.177090554e-07
3.234064442e-07
3.362498993e-07
3.563752761e-07
3.99205009e-07
5.164902611e-07
0.0002020693156
0.001102647045
0.002178714826
0.002909094141
0.003515662699
0.004109914982
0.004752186617
0.005502174816
0.006465144507
0.007750356673
0.00936714089
0.01112036924
0.01171887013
0.01079051294
0.006915321012
0.002239862966
0.0006032925644
0.0001425092455
2.890439076e-05
5.498533487e-06
1.345217657e-06
6.879790729e-07
5.852199292e-07
5.71820944e-07
5.671442245e-07
5.539083736e-07
5.369038245e-07
4.942918413e-07
4.187662506e-07
3.63760365e-07
3.343288256e-07
3.204413356e-07
3.139356244e-07
3.105873979e-07
3.096639481e-07
3.084479211e-07
3.086805201e-07
3.079959963e-07
3.088589355e-07
3.085750915e-07
3.107127179e-07
3.119941609e-07
3.170171517e-07
3.225534152e-07
0.0006099186771
0.001531519969
0.002241887049
0.002872051407
0.003461033206
0.004064046522
0.004723189632
0.005488583628
0.0064672788
0.007774739524
0.00940703389
0.01114653812
0.01173795008
0.01080033092
0.006914516012
0.002240139523
0.0006024934094
0.0001426449373
2.915813793e-05
5.583080532e-06
1.349300243e-06
6.877648065e-07
5.854877101e-07
5.720773359e-07
5.673377781e-07
5.541020202e-07
5.371187914e-07
4.945408222e-07
4.1905416e-07
3.639214735e-07
3.344115617e-07
3.204471135e-07
3.139009483e-07
3.104890669e-07
3.095293942e-07
3.083320841e-07
3.08481494e-07
3.077002889e-07
3.085114377e-07
3.082432351e-07
3.10293006e-07
3.113347861e-07
0.001219797061
0.001826525068
0.002333676253
0.002857599982
0.003420509077
0.004022358188
0.004691364133
0.005473497794
0.006468686373
0.007794242738
0.0094454146
0.01116997359
0.01175420998
0.01080873074
0.006911220252
0.002239544744
0.0006013721829
0.000142614473
2.934117682e-05
5.654351586e-06
1.355797223e-06
6.882904783e-07
5.857830282e-07
5.723100133e-07
5.675749594e-07
5.543068841e-07
5.373184646e-07
4.948286052e-07
4.193140186e-07
3.641169363e-07
3.344857474e-07
3.204545144e-07
3.138500619e-07
3.104213983e-07
3.094271647e-07
3.081386243e-07
3.082874404e-07
3.075182484e-07
3.082551556e-07
3.078456686e-07
0.001594125205
0.002022893372
0.002426134727
0.002865657988
0.003394990438
0.003986641488
0.00466075906
0.005458806888
0.006474434256
0.00781925027
0.009486592115
0.01119373309
0.01177296952
0.01081889818
0.006907287369
0.00223753801
0.0005999513438
0.0001424715098
2.944057704e-05
5.707235645e-06
1.36286047e-06
6.892843165e-07
5.861184202e-07
5.726190541e-07
5.678045815e-07
5.54524957e-07
5.375473916e-07
4.950828532e-07
4.196073808e-07
3.64279023e-07
3.345693079e-07
3.204597873e-07
3.138144529e-07
3.103212146e-07
3.092909704e-07
3.080220489e-07
3.080837851e-07
3.07220109e-07
3.079065712e-07
0.001848936487
0.002179165543
0.002523218128
0.002912717319
0.003388710178
0.003965619085
0.004638535166
0.00544903867
0.006490513717
0.007858489505
0.00953799091
0.01122151213
0.01179615144
0.01083141676
0.006901141822
0.002234397889
0.0005983747752
0.0001422227269
2.945747782e-05
5.742543384e-06
1.368900006e-06
6.905598487e-07
5.864807457e-07
5.729126234e-07
5.681082925e-07
5.547681081e-07
5.377674768e-07
4.953838519e-07
4.198739109e-07
3.644797476e-07
3.34644359e-07
3.204666075e-07
3.137617725e-07
3.102520903e-07
3.091868088e-07
3.078251959e-07
3.078936737e-07
3.070374651e-07
0.002073007704
0.002346787799
0.002645127794
0.002997165324
0.00343032135
0.003969751292
0.004634634297
0.005457693565
0.006530395823
0.007921410894
0.009608426106
0.01125893732
0.0118267414
0.01084765373
0.006888907503
0.002230545236
0.0005960550668
0.0001418645427
2.945692476e-05
5.766987132e-06
1.374109476e-06
6.917917545e-07
5.868991888e-07
5.733241454e-07
5.684000466e-07
5.550286702e-07
5.380235175e-07
4.956533548e-07
4.201824803e-07
3.646467051e-07
3.347305737e-07
3.204711646e-07
3.137243323e-07
3.101482024e-07
3.090470306e-07
3.07706576e-07
3.076609746e-07
0.002325751724
0.002560489157
0.002816542282
0.003133323234
0.003538773081
0.004055547734
0.004706757793
0.005531552085
0.006619937923
0.008024358468
0.009709409448
0.01131386629
0.01186974376
0.0108701019
0.006869474565
0.002222180233
0.0005926817635
0.000141345734
2.943795623e-05
5.772959404e-06
1.378232728e-06
6.930585403e-07
5.873623113e-07
5.737369792e-07
5.688015737e-07
5.553281193e-07
5.382759445e-07
4.959800932e-07
4.20463735e-07
3.6485999e-07
3.348084196e-07
3.204771525e-07
3.136680587e-07
3.100758701e-07
3.089387752e-07
3.075031711e-07
0.002656986206
0.002880166933
0.0030801208
0.003343303695
0.003720132928
0.004227778112
0.004879796916
0.005710551892
0.006798768831
0.008195207211
0.009855873438
0.01139509427
0.0119309466
0.01090204261
0.006843424553
0.002209922716
0.0005886970539
0.000140550897
2.939492194e-05
5.774441927e-06
1.381097863e-06
6.942671889e-07
5.87932014e-07
5.743509582e-07
5.692087376e-07
5.556688089e-07
5.385854627e-07
4.962828652e-07
4.208041345e-07
3.650384109e-07
3.349002865e-07
3.204803018e-07
3.13626864e-07
3.099645699e-07
3.087915835e-07
3.073800877e-07
0.003250416909
0.003453921211
0.0035292627
0.003684839089
0.003994916005
0.004487068062
0.005157792736
0.006016932777
0.007112585605
0.008478658427
0.01007333658
0.01152074596
0.01202119056
0.01095020219
0.006803673648
0.002190303911
0.0005835431837
0.0001394047061
2.932704828e-05
5.773124564e-06
1.383214399e-06
6.957383591e-07
5.886265563e-07
5.749994353e-07
5.698080438e-07
5.560825823e-07
5.389045454e-07
4.966638317e-07
4.211172014e-07
3.652771043e-07
3.349837134e-07
3.204844584e-07
3.135632753e-07
3.098855621e-07
3.086750452e-07
0.003701784784
0.004306645667
0.004366767248
0.004307470527
0.004439605691
0.00484082811
0.005523274256
0.006437495393
0.007572915098
0.008901764111
0.01039028022
0.01170579357
0.01215444678
0.01102178984
0.006754211706
0.002167148697
0.0005781265202
0.0001381081533
2.923150994e-05
5.76864998e-06
1.384614482e-06
6.970143977e-07
5.895724634e-07
5.760116452e-07
5.704375572e-07
5.565770544e-07
5.393174473e-07
4.970301074e-07
4.215205042e-07
3.654779255e-07
3.350860488e-07
3.204843974e-07
3.135144882e-07
3.097597541e-07
3.085131678e-07
0.003817244442
0.00505959281
0.005681938576
0.005612264705
0.005389457185
0.005428437883
0.005954314481
0.006898762381
0.008131509568
0.009496610623
0.01089027481
0.01203112918
0.01238209543
0.01115781855
0.006682877698
0.002133048574
0.0005702918997
0.000136440583
2.908244558e-05
5.762073805e-06
1.385729502e-06
6.994460489e-07
5.907844296e-07
5.771250582e-07
5.714043385e-07
5.57198125e-07
5.397568024e-07
4.975138078e-07
4.2189186e-07
3.65762839e-07
3.351788947e-07
3.204809553e-07
3.134349635e-07
3.096675214e-07
0.004337507221
0.00527720464
0.006626072789
0.007367431156
0.007228013269
0.006726506135
0.006645150738
0.007314692818
0.008562350658
0.01010015188
0.01153509976
0.01253364747
0.01277179585
0.01135846284
0.006612092301
0.002100216108
0.000562256051
0.0001348623798
2.88478504e-05
5.75271404e-06
1.387298575e-06
7.012684636e-07
5.924855461e-07
5.789167548e-07
5.724288077e-07
5.579598542e-07
5.403501041e-07
4.979814634e-07
4.224068959e-07
3.660023502e-07
3.352984713e-07
3.204720089e-07
3.133741033e-07
3.095140077e-07
0.005110664943
0.005596746147
0.006721132206
0.008143703809
0.009006250929
0.008854695289
0.008171018609
0.008036634217
0.009021098088
0.01078148146
0.01257743413
0.01357908832
0.01358778768
0.01164276029
0.0065267031
0.002055265908
0.0005502970988
0.0001325996449
2.847627851e-05
5.737424106e-06
1.388760684e-06
7.052575582e-07
5.947291096e-07
5.808914112e-07
5.740207684e-07
5.589196696e-07
5.409752659e-07
4.986355064e-07
4.228632734e-07
3.663572659e-07
3.354021179e-07
3.204542665e-07
3.132608324e-07
0.005782784796
0.006117966948
0.006853455311
0.008089820386
0.009534677127
0.01048727566
0.01037284729
0.00970776654
0.009747457909
0.01127022891
0.01363243453
0.01518941634
0.01490138323
0.0121903128
0.006555440853
0.002035756409
0.0005406452292
0.0001308753877
2.80702036e-05
5.699279228e-06
1.391206272e-06
7.088602377e-07
5.979172575e-07
5.838775309e-07
5.756474192e-07
5.600775237e-07
5.418275848e-07
4.99204251e-07
4.235308575e-07
3.666426303e-07
3.355394225e-07
3.204316108e-07
3.131794095e-07
0.006033035736
0.006334501808
0.006876805614
0.007821487014
0.009163356939
0.01049719044
0.01127848113
0.01111966775
0.01059135575
0.011147319
0.01330416856
0.01561315741
0.01624310959
0.01306617662
0.00673249813
0.002071437223
0.0005299255497
0.0001281619219
2.750674274e-05
5.694721713e-06
1.395730508e-06
7.146045368e-07
6.021118302e-07
5.870195834e-07
5.7813544e-07
5.614764371e-07
5.426490563e-07
5.000556833e-07
4.240407252e-07
3.670570105e-07
3.356358765e-07
3.203929349e-07
0.005783704698
0.006129547487
0.0066458547
0.007425152739
0.008531692279
0.009885060689
0.01102367179
0.01142877298
0.01114678129
0.01094396427
0.01212801571
0.01473343693
0.01620064194
0.01444608116
0.007280490792
0.002150668824
0.0005342366072
0.0001276802273
2.733595812e-05
5.701783978e-06
1.404939524e-06
7.213044636e-07
6.082321383e-07
5.916119201e-07
5.80437149e-07
5.630523427e-07
5.437217307e-07
5.00554271e-07
4.247814045e-07
3.673255914e-07
3.357530445e-07
0.004569994734
0.005040814136
0.005641829067
0.006421559106
0.007440322755
0.008680652003
0.009966437237
0.01088121643
0.01098651412
0.01066114491
0.0108099287
0.01245408334
0.01495942694
0.01464622072
0.008837269686
0.002657510491
0.0005863639807
0.0001330644948
2.766826959e-05
5.747570741e-06
1.419290388e-06
7.30699336e-07
6.151759406e-07
5.956996237e-07
5.838366673e-07
5.647845152e-07
5.445219163e-07
5.01386305e-07
4.250768111e-07
0.002545465425
0.002985656049
0.003582610639
0.00438220456
0.005415742115
0.006665417834
0.008022276752
0.009251845309
0.01002302467
0.01003503424
0.009773528715
0.01017017625
0.01197559472
0.01367953676
0.01131209324
0.003536470154
0.0008243591983
0.000173628137
3.340281105e-05
6.466662509e-06
1.511050419e-06
7.461407554e-07
6.220321057e-07
6.01256974e-07
5.86355391e-07
5.665697465e-07
0.003041922061
0.004871984203
0.005499270687
0.005497264113
0.004946223654
0.004082933191
0.003159385467
0.00258928376
0.002221275201
0.002073707555
0.00193768924
0.001734094311
0.001557790246
0.001308294584
0.001055918903
0.0007328458933
0.0004429975261
0.0009359775229
3.615363255e-07
3.730849577e-07
3.849027053e-07
4.034715468e-07
4.245599181e-07
4.56906325e-07
4.979959108e-07
5.625873062e-07
6.580932049e-07
8.257400784e-07
1.148649823e-06
3.373621922e-07
3.335191522e-07
3.3225402e-07
3.324109662e-07
3.354935135e-07
3.37772857e-07
3.428317548e-07
3.469976117e-07
3.545347103e-07
3.615019667e-07
3.730544492e-07
3.848692829e-07
4.03413864e-07
4.244810588e-07
4.568245573e-07
4.979278182e-07
5.623991212e-07
6.57956868e-07
8.255338158e-07
1.14849063e-06
3.843631094e-07
3.762685386e-07
3.678596184e-07
3.575067337e-07
3.464310185e-07
3.373766561e-07
3.335179609e-07
3.322475848e-07
3.323884294e-07
3.354667301e-07
3.377442223e-07
3.42814483e-07
3.469781395e-07
3.54509979e-07
3.614719092e-07
3.729909061e-07
3.848033512e-07
4.033467679e-07
4.244403697e-07
4.567292606e-07
4.977796712e-07
5.623101756e-07
6.577585022e-07
8.253076955e-07
1.148310825e-06
4.114111769e-07
4.071406352e-07
4.022195535e-07
3.970794232e-07
3.908898268e-07
3.843927733e-07
3.763167187e-07
3.679298972e-07
3.57568888e-07
3.464199755e-07
3.373749879e-07
3.335105389e-07
3.3223325e-07
3.323660812e-07
3.354538866e-07
3.377262749e-07
3.427806195e-07
3.469367018e-07
3.544585333e-07
3.61428339e-07
3.729608274e-07
3.84771512e-07
4.032929292e-07
4.243403243e-07
4.566164222e-07
4.977069007e-07
5.620893158e-07
6.575759631e-07
8.250637686e-07
1.148114574e-06
0.007975143476
0.001721627526
0.000211661762
1.082418427e-05
1.089247054e-06
6.712638463e-07
5.420072209e-07
4.945237248e-07
4.695135845e-07
4.550312165e-07
4.461248269e-07
4.394872365e-07
4.345969196e-07
4.303360249e-07
4.26541122e-07
4.227990376e-07
4.192174772e-07
4.154358171e-07
4.11420429e-07
4.071685555e-07
4.022329325e-07
3.971032108e-07
3.90929683e-07
3.844545776e-07
3.763830962e-07
3.679665059e-07
3.576253545e-07
3.463936621e-07
3.373675778e-07
3.335002777e-07
3.32222799e-07
3.323443872e-07
3.354240341e-07
3.376946094e-07
3.427576576e-07
3.469189295e-07
3.544362178e-07
3.614039969e-07
3.728961539e-07
3.846965747e-07
4.032102339e-07
4.242962222e-07
4.565225832e-07
4.975255441e-07
5.619735585e-07
6.573519933e-07
8.247986416e-07
1.147884595e-06
0.008013726235
0.001728996782
0.0002124036936
1.085803862e-05
1.08863631e-06
6.707802363e-07
5.419538486e-07
4.94522459e-07
4.695199813e-07
4.550271315e-07
4.461192216e-07
4.39484707e-07
4.345951409e-07
4.303329281e-07
4.265426973e-07
4.228020353e-07
4.19232765e-07
4.15446893e-07
4.114277322e-07
4.071838155e-07
4.02249614e-07
3.971560323e-07
3.909723055e-07
3.84478884e-07
3.764342275e-07
3.680260909e-07
3.576805849e-07
3.463542956e-07
3.373575808e-07
3.334833483e-07
3.322022391e-07
3.323172616e-07
3.354133576e-07
3.376781457e-07
3.42727756e-07
3.468725071e-07
3.543812541e-07
3.61350355e-07
3.728513683e-07
3.846625118e-07
4.031573155e-07
4.241762467e-07
4.563783984e-07
4.974474662e-07
5.617304922e-07
6.571278903e-07
8.245121641e-07
1.147641635e-06
0.008059588948
0.001736644912
0.0002133246571
1.088579398e-05
1.087839e-06
6.70662434e-07
5.418650141e-07
4.945276689e-07
4.695242628e-07
4.550255943e-07
4.461128614e-07
4.39476482e-07
4.345912608e-07
4.30330263e-07
4.265473616e-07
4.228122299e-07
4.192361581e-07
4.154708728e-07
4.114311941e-07
4.072167155e-07
4.022684119e-07
3.971791876e-07
3.910159776e-07
3.845413136e-07
3.765128539e-07
3.680568951e-07
3.577237106e-07
3.463427754e-07
3.373488277e-07
3.334710294e-07
3.321908302e-07
3.322973161e-07
3.353819722e-07
3.376416771e-07
3.426974451e-07
3.468547041e-07
3.543599048e-07
3.613269071e-07
3.727922365e-07
3.845817451e-07
4.030587528e-07
4.241245771e-07
4.562865394e-07
4.972324443e-07
5.61578012e-07
6.568749944e-07
8.24206889e-07
1.147357549e-06
0.00811105911
0.001747340177
0.0002144813152
1.093831142e-05
1.086913675e-06
6.704858126e-07
5.41796479e-07
4.945314969e-07
4.695271835e-07
4.55023175e-07
4.461078142e-07
4.394702257e-07
4.345885529e-07
4.303282084e-07
4.265477975e-07
4.228157802e-07
4.192379039e-07
4.154846458e-07
4.114577526e-07
4.072296693e-07
4.022909186e-07
3.972428643e-07
3.910752385e-07
3.845657053e-07
3.765684722e-07
3.681157953e-07
3.577759439e-07
3.463373451e-07
3.373380472e-07
3.334526487e-07
3.321683516e-07
3.322639205e-07
3.353714423e-07
3.376241553e-07
3.426722532e-07
3.468018163e-07
3.543008066e-07
3.612631296e-07
3.727319711e-07
3.845383897e-07
4.030050876e-07
4.239915128e-07
4.56109414e-07
4.971448562e-07
5.613183208e-07
6.566118929e-07
8.238755744e-07
1.147064087e-06
0.008182276631
0.001758102501
0.0002155205806
1.097725262e-05
1.08586329e-06
6.702712882e-07
5.417253572e-07
4.945371818e-07
4.695275532e-07
4.550205306e-07
4.461021121e-07
4.394611926e-07
4.345858691e-07
4.303264138e-07
4.265553813e-07
4.228301552e-07
4.192450047e-07
4.15513613e-07
4.114682585e-07
4.072707132e-07
4.023253572e-07
3.972682468e-07
3.911254843e-07
3.846352148e-07
3.76666146e-07
3.681469987e-07
3.578056184e-07
3.463375414e-07
3.373247854e-07
3.334370482e-07
3.321545927e-07
3.322447584e-07
3.353418818e-07
3.375818012e-07
3.426329434e-07
3.467826147e-07
3.542791477e-07
3.612373857e-07
3.726781077e-07
3.844544783e-07
4.028888921e-07
4.239136085e-07
4.560199086e-07
4.968989724e-07
5.611281237e-07
6.563286082e-07
8.23529926e-07
1.146734844e-06
0.008253485766
0.001774524699
0.0002177381709
1.104538523e-05
1.084754741e-06
6.700208439e-07
5.41649455e-07
4.945410474e-07
4.695270943e-07
4.550168129e-07
4.460953312e-07
4.394492024e-07
4.345832805e-07
4.303244772e-07
4.265551983e-07
4.228346847e-07
4.192518141e-07
4.15522933e-07
4.114712749e-07
4.072878515e-07
4.023574888e-07
3.973503596e-07
3.912103598e-07
3.846674224e-07
3.767233687e-07
3.682063292e-07
3.578524748e-07
3.463297744e-07
3.373092263e-07
3.33412023e-07
3.321262706e-07
3.322025359e-07
3.353243285e-07
3.375595024e-07
3.426127857e-07
3.467264576e-07
3.542135708e-07
3.611623541e-07
3.726017445e-07
3.84396733e-07
4.028307262e-07
4.237778155e-07
4.558097708e-07
4.967979569e-07
5.60852951e-07
6.560272288e-07
8.231550891e-07
1.146395677e-06
0.008376366115
0.001790271816
0.0002185937586
1.111990057e-05
1.083392832e-06
6.696898721e-07
5.415732962e-07
4.945430876e-07
4.695263233e-07
4.550124954e-07
4.460876676e-07
4.394368101e-07
4.345813848e-07
4.303233994e-07
4.26568998e-07
4.228567662e-07
4.192746876e-07
4.155557352e-07
4.114942517e-07
4.073497772e-07
4.024178511e-07
3.973847671e-07
3.912632992e-07
3.847479407e-07
3.768447944e-07
3.682442349e-07
3.578655972e-07
3.463502122e-07
3.372924238e-07
3.333920626e-07
3.321089289e-07
3.321817809e-07
3.352989432e-07
3.375123063e-07
3.425636361e-07
3.466940671e-07
3.541910591e-07
3.611331246e-07
3.725513328e-07
3.843105216e-07
4.026973189e-07
4.23669603e-07
4.557214487e-07
4.965284592e-07
5.606219254e-07
6.557120615e-07
8.227685941e-07
1.146021108e-06
0.008478117635
0.00181634137
0.000222775047
1.126285336e-05
1.081916056e-06
6.694363278e-07
5.415015672e-07
4.945430603e-07
4.695251209e-07
4.550072566e-07
4.460788765e-07
4.394207526e-07
4.345804854e-07
4.303189044e-07
4.265671297e-07
4.228596201e-07
4.192789644e-07
4.155653388e-07
4.115050238e-07
4.073741434e-07
4.024569806e-07
3.974892913e-07
3.913845318e-07
3.84804593e-07
3.768996873e-07
3.682979514e-07
3.579102162e-07
3.463663465e-07
3.372687034e-07
3.333597685e-07
3.320735505e-07
3.321299058e-07
3.352723318e-07
3.374794517e-07
3.425454364e-07
3.466399861e-07
3.541166481e-07
3.610439335e-07
3.724579963e-07
3.84232408e-07
4.026305546e-07
4.235337311e-07
4.554780358e-07
4.963937926e-07
5.603314145e-07
6.553723344e-07
8.223482828e-07
1.145633313e-06
0.008704955327
0.001841007885
0.0002228723673
1.132809314e-05
1.080756645e-06
6.691513194e-07
5.414416943e-07
4.945422579e-07
4.695242299e-07
4.550016979e-07
4.460698238e-07
4.394072355e-07
4.345799638e-07
4.303204898e-07
4.265923956e-07
4.228883055e-07
4.193138028e-07
4.156160524e-07
4.11563361e-07
4.074607065e-07
4.025582557e-07
3.975530546e-07
3.914378895e-07
3.848955835e-07
3.770472335e-07
3.683517513e-07
3.579145459e-07
3.464118282e-07
3.372460001e-07
3.333304617e-07
3.320481524e-07
3.321049589e-07
3.352502715e-07
3.374277451e-07
3.424874315e-07
3.46587903e-07
3.540920048e-07
3.610094626e-07
3.724079587e-07
3.841445333e-07
4.024812207e-07
4.233886058e-07
4.553841905e-07
4.961106814e-07
5.600590663e-07
6.550219407e-07
8.219206904e-07
1.145210036e-06
0.008868092971
0.001884285203
0.0002300471042
1.163204154e-05
1.082794123e-06
6.692173231e-07
5.413954754e-07
4.945496381e-07
4.695258134e-07
4.549972313e-07
4.460613241e-07
4.393949502e-07
4.345852744e-07
4.303232983e-07
4.265863928e-07
4.228875612e-07
4.193204159e-07
4.156338276e-07
4.11585806e-07
4.074923271e-07
4.026092657e-07
3.976781945e-07
3.916077822e-07
3.850050076e-07
3.771015685e-07
3.683931048e-07
3.57971363e-07
3.464374237e-07
3.372092578e-07
3.332906355e-07
3.320065129e-07
3.320405566e-07
3.352117023e-07
3.373770082e-07
3.424669508e-07
3.465347889e-07
3.540056259e-07
3.609018805e-07
3.722964227e-07
3.840396592e-07
4.023987991e-07
4.232538731e-07
4.551091705e-07
4.959352989e-07
5.597501466e-07
6.5464455e-07
8.214520773e-07
1.144768786e-06
0.009233895794
0.001927377746
0.0002293603304
1.165301843e-05
1.082414054e-06
6.691138759e-07
5.413495875e-07
4.945331632e-07
4.695164195e-07
4.549905363e-07
4.460568056e-07
4.393863381e-07
4.345929929e-07
4.303191853e-07
4.266356157e-07
4.229378143e-07
4.193893556e-07
4.157104038e-07
4.116900664e-07
4.076232924e-07
4.027803649e-07
3.978050058e-07
3.91670071e-07
3.850970946e-07
3.77269228e-07
3.684787952e-07
3.579740732e-07
3.464902528e-07
3.371750652e-07
3.332459548e-07
3.319679506e-07
3.320093912e-07
3.351902873e-07
3.373199169e-07
3.423991111e-07
3.464558793e-07
3.539756565e-07
3.608590975e-07
3.722426302e-07
3.839486115e-07
4.022352299e-07
4.230645849e-07
4.550038669e-07
4.956394688e-07
5.594359431e-07
6.5425284e-07
8.209806861e-07
1.144286876e-06
0.009488122389
0.001999938447
0.0002423982594
1.21602778e-05
1.086964643e-06
6.697500596e-07
5.413911625e-07
4.946017766e-07
4.695581857e-07
4.550062811e-07
4.460543853e-07
4.393707362e-07
4.345995449e-07
4.303449096e-07
4.266226167e-07
4.229345995e-07
4.194026124e-07
4.157510536e-07
4.117418604e-07
4.076672775e-07
4.028555018e-07
3.979354634e-07
3.918986097e-07
3.852980008e-07
3.773421674e-07
3.684962841e-07
3.580523827e-07
3.464988613e-07
3.371272288e-07
3.332012999e-07
3.319180968e-07
3.319281787e-07
3.351347233e-07
3.372404407e-07
3.423702458e-07
3.4640097e-07
3.538825836e-07
3.607250501e-07
3.721096051e-07
3.838091095e-07
4.021263965e-07
4.229296344e-07
4.547001809e-07
4.954147444e-07
5.591019526e-07
6.538362409e-07
8.20457149e-07
1.143779488e-06
0.009988356462
0.002072320869
0.0002418968774
1.20307309e-05
1.085221647e-06
6.693538244e-07
5.412873633e-07
4.945653073e-07
4.695313879e-07
4.549906684e-07
4.46053687e-07
4.393987442e-07
4.346419868e-07
4.303413587e-07
4.267299882e-07
4.230397194e-07
4.195367675e-07
4.158518433e-07
4.118843818e-07
4.078995443e-07
4.031394073e-07
3.98180496e-07
3.920079724e-07
3.853754564e-07
3.77498515e-07
3.686427828e-07
3.580755929e-07
3.46481496e-07
3.370707268e-07
3.331345069e-07
3.318530926e-07
3.318826953e-07
3.351073875e-07
3.371756727e-07
3.422980743e-07
3.462869157e-07
3.538240164e-07
3.606696668e-07
3.720467935e-07
3.837100944e-07
4.019505005e-07
4.226887311e-07
4.545668209e-07
4.951034897e-07
5.587444954e-07
6.533947474e-07
8.199346584e-07
1.143226767e-06
0.0104389884
0.002193503851
0.0002649022267
1.301283581e-05
1.096335394e-06
6.7167517e-07
5.417705753e-07
4.94816837e-07
4.697115745e-07
4.550983445e-07
4.461008669e-07
4.393439844e-07
4.346464067e-07
4.30411853e-07
4.267201065e-07
4.230346984e-07
4.195569796e-07
4.159183878e-07
4.120389373e-07
4.079642668e-07
4.032428862e-07
3.98294154e-07
3.922522777e-07
3.85710517e-07
3.77658341e-07
3.686549069e-07
3.581543684e-07
3.464140107e-07
3.370010232e-07
3.330734321e-07
3.317927188e-07
3.317904349e-07
3.350273137e-07
3.370558907e-07
3.422409826e-07
3.462174829e-07
3.537313975e-07
3.604989991e-07
3.718857061e-07
3.835264663e-07
4.018004524e-07
4.225469549e-07
4.542379451e-07
4.948209328e-07
5.583761995e-07
6.529344445e-07
8.193497552e-07
1.142642944e-06
0.01110325102
0.002317836501
0.0002643221447
1.269161624e-05
1.090944804e-06
6.710671438e-07
5.421017931e-07
4.950990789e-07
4.697720571e-07
4.550677544e-07
4.460988302e-07
4.395156386e-07
4.34795493e-07
4.304752267e-07
4.268720038e-07
4.232718807e-07
4.197996697e-07
4.161358363e-07
4.122358829e-07
4.083380108e-07
4.037055701e-07
3.987122177e-07
3.925558178e-07
3.857909419e-07
3.777481077e-07
3.688795165e-07
3.582145225e-07
3.463130895e-07
3.368740745e-07
3.329737305e-07
3.316882453e-07
3.317144063e-07
3.349790878e-07
3.369751076e-07
3.421702478e-07
3.460652068e-07
3.536287819e-07
3.604244947e-07
3.718070649e-07
3.834108955e-07
4.016141827e-07
4.222481679e-07
4.540606344e-07
4.944882102e-07
5.579723859e-07
6.524353244e-07
8.187672962e-07
1.142015905e-06
0.01190983
0.002524552494
0.0003064851334
1.480807934e-05
1.119660816e-06
6.765509243e-07
5.427147207e-07
4.951677217e-07
4.699794794e-07
4.554113741e-07
4.463262103e-07
4.394497356e-07
4.347234325e-07
4.305131232e-07
4.26994646e-07
4.232652002e-07
4.198554898e-07
4.162192387e-07
4.125610413e-07
4.085476323e-07
4.038394575e-07
3.988445357e-07
3.927397388e-07
3.861863308e-07
3.78121233e-07
3.68970548e-07
3.582572054e-07
3.461250884e-07
3.367777047e-07
3.328723641e-07
3.316184279e-07
3.316393856e-07
3.348485096e-07
3.368090075e-07
3.42066018e-07
3.459576136e-07
3.535374242e-07
3.60203578e-07
3.716085865e-07
3.831738345e-07
4.01404701e-07
4.220872742e-07
4.537077843e-07
4.941389185e-07
5.575596084e-07
6.519229699e-07
8.181161956e-07
1.141355685e-06
0.01285973112
0.002757131555
0.0003086840628
1.402698618e-05
1.105136474e-06
6.76995197e-07
5.449563117e-07
4.96903612e-07
4.707741466e-07
4.554948088e-07
4.462235279e-07
4.3985555e-07
4.351608088e-07
4.308786626e-07
4.272527735e-07
4.236471765e-07
4.202578154e-07
4.167342155e-07
4.129892185e-07
4.089606656e-07
4.046003292e-07
3.99493165e-07
3.93368914e-07
3.865361874e-07
3.781995361e-07
3.692220358e-07
3.583415614e-07
3.458878071e-07
3.365760599e-07
3.327598197e-07
3.314648752e-07
3.315020627e-07
3.347373902e-07
3.36706094e-07
3.419943265e-07
3.457733355e-07
3.533756305e-07
3.601029428e-07
3.715064571e-07
3.830295322e-07
4.01210252e-07
4.217293852e-07
4.534680314e-07
4.937773648e-07
5.571036606e-07
6.513602796e-07
8.174652276e-07
1.140671755e-06
0.01393405706
0.003168930152
0.0003863012811
1.899322888e-05
1.175819923e-06
6.857658011e-07
5.463060954e-07
4.96541926e-07
4.707742297e-07
4.56092317e-07
4.470196895e-07
4.39878486e-07
4.350525221e-07
4.30863804e-07
4.274691847e-07
4.238524225e-07
4.205100475e-07
4.169308773e-07
4.132823763e-07
4.095465075e-07
4.047872783e-07
3.996965977e-07
3.935872436e-07
3.868547884e-07
3.787853592e-07
3.695639906e-07
3.582935219e-07
3.455215314e-07
3.364714033e-07
3.326124287e-07
3.313668265e-07
3.314153028e-07
3.345824829e-07
3.365120142e-07
3.418295797e-07
3.455978734e-07
3.532810762e-07
3.598428591e-07
3.712628471e-07
3.82736892e-07
4.009253158e-07
4.215318141e-07
4.530943115e-07
4.933551431e-07
5.566383524e-07
6.507870714e-07
8.167501278e-07
1.139969476e-06
0.01504111829
0.00362086857
0.0004034829199
1.727916186e-05
1.131808348e-06
6.863414219e-07
5.527457163e-07
5.010033197e-07
4.730584946e-07
4.56727397e-07
4.469298369e-07
4.405375917e-07
4.360216933e-07
4.316521242e-07
4.280716896e-07
4.243006525e-07
4.210815561e-07
4.175888381e-07
4.143497782e-07
4.10163487e-07
4.058841629e-07
4.007187813e-07
3.946313903e-07
3.877230947e-07
3.791928105e-07
3.697808919e-07
3.583716539e-07
3.45176697e-07
3.362168882e-07
3.324590802e-07
3.311672208e-07
3.31182135e-07
3.343926996e-07
3.363696676e-07
3.417305347e-07
3.453936076e-07
3.530559568e-07
3.596647676e-07
3.71121238e-07
3.825439997e-07
4.007161951e-07
4.211077667e-07
4.527634574e-07
4.929411557e-07
5.561004903e-07
6.501289116e-07
8.159949346e-07
1.139251651e-06
0.01618335872
0.004148218139
0.0005587957352
2.89010025e-05
1.31301499e-06
7.137166974e-07
5.558871481e-07
5.00093631e-07
4.733909996e-07
4.582434383e-07
4.487372362e-07
4.410865417e-07
4.359914973e-07
4.317108612e-07
4.283864012e-07
4.248516004e-07
4.217441815e-07
4.185161092e-07
4.146477844e-07
4.108489329e-07
4.06258338e-07
4.01099469e-07
3.950142843e-07
3.880795431e-07
3.798136721e-07
3.703424113e-07
3.58260785e-07
3.447616701e-07
3.360944447e-07
3.32265553e-07
3.31016838e-07
3.310754861e-07
3.342400066e-07
3.361559313e-07
3.414739163e-07
3.451226773e-07
3.5292539e-07
3.593688197e-07
3.707890686e-07
3.821652575e-07
4.002970449e-07
4.208205594e-07
4.523038115e-07
4.923565418e-07
5.554742938e-07
6.493632174e-07
8.150775004e-07
1.138589363e-06
0.01712171147
0.004380870349
0.0005665001136
2.358022182e-05
1.194671307e-06
7.125998308e-07
5.684020744e-07
5.110084812e-07
4.783352208e-07
4.596183446e-07
4.482995601e-07
4.417879721e-07
4.373768266e-07
4.332076422e-07
4.295034511e-07
4.258229012e-07
4.227711233e-07
4.189900103e-07
4.162945777e-07
4.122002774e-07
4.078701369e-07
4.027065574e-07
3.966352616e-07
3.895754382e-07
3.808436266e-07
3.706919028e-07
3.585133862e-07
3.444228896e-07
3.358292009e-07
3.320868869e-07
3.307978022e-07
3.308036049e-07
3.339294461e-07
3.359321058e-07
3.413264763e-07
3.448960951e-07
3.525839634e-07
3.590536691e-07
3.705837452e-07
3.818600102e-07
4.000134774e-07
4.202333624e-07
4.517418225e-07
4.917464997e-07
5.546529448e-07
6.483713079e-07
8.139907478e-07
1.137890204e-06
0.0176561602
0.005071452775
0.0008271942269
5.280925463e-05
1.834640328e-06
7.763964925e-07
5.841476685e-07
5.102633272e-07
4.799327072e-07
4.620593544e-07
4.528672132e-07
4.443176089e-07
4.384690516e-07
4.334875881e-07
4.303729277e-07
4.267094579e-07
4.235666e-07
4.208564651e-07
4.168275763e-07
4.129821963e-07
4.085406263e-07
4.033897326e-07
3.973024637e-07
3.901714442e-07
3.814908191e-07
3.714787316e-07
3.584097544e-07
3.441761516e-07
3.357190039e-07
3.318479391e-07
3.305688795e-07
3.305755321e-07
3.33743335e-07
3.357036352e-07
3.40947634e-07
3.444725132e-07
3.523952341e-07
3.586975062e-07
3.701071136e-07
3.813184656e-07
3.993250797e-07
4.197182954e-07
4.51072016e-07
4.90803121e-07
5.536338956e-07
6.471461489e-07
8.126284799e-07
1.137074307e-06
0.01757022837
0.006292156792
0.0008438028978
4.061363142e-05
1.687504684e-06
7.726627342e-07
5.929978741e-07
5.317957763e-07
4.892923829e-07
4.691821826e-07
4.534693319e-07
4.445195781e-07
4.396285867e-07
4.359095921e-07
4.319749625e-07
4.282642475e-07
4.256907766e-07
4.215982228e-07
4.189138873e-07
4.151429917e-07
4.109413346e-07
4.05690752e-07
3.997681241e-07
3.924126791e-07
3.833285194e-07
3.722738599e-07
3.59178633e-07
3.442390572e-07
3.355684293e-07
3.31642556e-07
3.303185114e-07
3.302807874e-07
3.33373926e-07
3.353413562e-07
3.406782696e-07
3.442233691e-07
3.519086469e-07
3.581592458e-07
3.69710111e-07
3.807908567e-07
3.989068562e-07
4.188895883e-07
4.500845988e-07
4.898103902e-07
5.523022145e-07
6.45561808e-07
8.109665107e-07
1.135975003e-06
0.01698856124
0.008087206045
0.001538998467
0.0001289961768
3.283993976e-06
8.51840306e-07
6.663126762e-07
5.527299474e-07
5.024259467e-07
4.699587752e-07
4.578555222e-07
4.502602104e-07
4.43190598e-07
4.373431656e-07
4.339001509e-07
4.300864864e-07
4.267145969e-07
4.242522449e-07
4.204911649e-07
4.16570837e-07
4.120497914e-07
4.071291875e-07
4.008465901e-07
3.934993941e-07
3.842628692e-07
3.735499617e-07
3.59324969e-07
3.443190067e-07
3.355096369e-07
3.31393184e-07
3.300072262e-07
3.29943849e-07
3.330517201e-07
3.350491923e-07
3.401834005e-07
3.435702828e-07
3.515102313e-07
3.576758469e-07
3.690297563e-07
3.800174221e-07
3.977567414e-07
4.179072064e-07
4.490417941e-07
4.882815534e-07
5.505945486e-07
6.435709209e-07
8.088300784e-07
1.134414402e-06
0.01600620458
0.01122417763
0.001657012474
0.0001018634583
6.967468863e-06
9.39322149e-07
5.88086369e-07
5.616850261e-07
5.048324223e-07
4.868701522e-07
4.670842158e-07
4.514765345e-07
4.448223539e-07
4.405751659e-07
4.362616649e-07
4.324101419e-07
4.301469245e-07
4.257804942e-07
4.231199069e-07
4.193535859e-07
4.15633414e-07
4.102280997e-07
4.044848185e-07
3.966104366e-07
3.872507223e-07
3.752118295e-07
3.610387068e-07
3.450294214e-07
3.355427017e-07
3.311721803e-07
3.296868088e-07
3.295831852e-07
3.325962349e-07
3.344930606e-07
3.396131379e-07
3.432402432e-07
3.508711714e-07
3.568091448e-07
3.683034832e-07
3.790502458e-07
3.970974916e-07
4.167466048e-07
4.47353328e-07
4.865622194e-07
5.484078001e-07
6.409940213e-07
8.060587839e-07
1.132154674e-06
0.01502829149
0.01410376572
0.003646018473
0.0003379273259
4.484770173e-07
1.045563932e-06
1.142667659e-06
6.469155438e-07
5.5285248e-07
4.949263638e-07
4.675538818e-07
4.595598893e-07
4.504184691e-07
4.437109301e-07
4.398970247e-07
4.357501934e-07
4.318126459e-07
4.294579417e-07
4.258382913e-07
4.221691923e-07
4.173897337e-07
4.12792722e-07
4.062573334e-07
3.988909502e-07
3.890329884e-07
3.774759537e-07
3.622282043e-07
3.453860771e-07
3.355650317e-07
3.309517915e-07
3.293146717e-07
3.291406755e-07
3.320437717e-07
3.340051103e-07
3.390186038e-07
3.423161521e-07
3.500070998e-07
3.560445107e-07
3.672502032e-07
3.779357134e-07
3.953129666e-07
4.148350311e-07
4.455524783e-07
4.84094025e-07
5.455116264e-07
6.376537397e-07
8.023338508e-07
1.12895155e-06
0.01407667651
0.01606349384
0.006151355352
0.0008144449185
8.113452018e-05
4.094490814e-06
1.300212396e-06
7.232384709e-07
5.678757922e-07
5.207265165e-07
4.953040992e-07
4.686466567e-07
4.570529438e-07
4.499608018e-07
4.437799579e-07
4.391481116e-07
4.371353428e-07
4.322780948e-07
4.29744665e-07
4.257525397e-07
4.227277625e-07
4.172164843e-07
4.117078716e-07
4.033832042e-07
3.936542058e-07
3.807040267e-07
3.651149903e-07
3.473259667e-07
3.359809677e-07
3.307637549e-07
3.288882696e-07
3.286192784e-07
3.313783707e-07
3.332025396e-07
3.379880626e-07
3.416563221e-07
3.491338089e-07
3.54725194e-07
3.659881433e-07
3.762047836e-07
3.93872605e-07
4.131084689e-07
4.428349774e-07
4.810368779e-07
5.418279388e-07
6.332621441e-07
7.97285408e-07
1.124432998e-06
0.01292267777
0.01648310732
0.00988588398
0.0023196839
0.0002612366771
6.507236371e-05
5.99536882e-06
7.46978756e-07
6.62587148e-07
5.372741577e-07
4.928806353e-07
4.788591481e-07
4.606837042e-07
4.53734182e-07
4.49578832e-07
4.4519227e-07
4.39853211e-07
4.378124947e-07
4.338337783e-07
4.305881219e-07
4.254983496e-07
4.214290941e-07
4.148048912e-07
4.074895989e-07
3.971433042e-07
3.847010268e-07
3.684985077e-07
3.482799932e-07
3.363139454e-07
3.305976981e-07
3.284013914e-07
3.280033058e-07
3.305030551e-07
3.323425116e-07
3.372052094e-07
3.404521507e-07
3.475419951e-07
3.533793678e-07
3.642259992e-07
3.74406484e-07
3.913054536e-07
4.097012445e-07
4.394432089e-07
4.769406842e-07
5.368525855e-07
6.27322504e-07
7.903094096e-07
1.118167121e-06
0.01190854145
0.01606133051
0.01214668364
0.005980343575
0.0009848531782
8.062618581e-05
1.243947972e-05
2.224912185e-06
7.395878125e-07
6.437962788e-07
5.61822631e-07
5.055458239e-07
4.835469467e-07
4.679168455e-07
4.581103219e-07
4.504620713e-07
4.482454082e-07
4.42126234e-07
4.399040938e-07
4.356611934e-07
4.333695537e-07
4.279232514e-07
4.225843573e-07
4.142443931e-07
4.043108442e-07
3.90609569e-07
3.732777424e-07
3.524840767e-07
3.37425532e-07
3.304590661e-07
3.27846987e-07
3.272387626e-07
3.294680434e-07
3.31237382e-07
3.355474243e-07
3.389625539e-07
3.461419564e-07
3.513926475e-07
3.620775116e-07
3.715423806e-07
3.882733667e-07
4.066334089e-07
4.351824744e-07
4.716069168e-07
5.303303068e-07
6.19331401e-07
7.807613095e-07
1.10935602e-06
0.01065010668
0.01455102186
0.01257819035
0.009018405673
0.003879992767
0.000727225724
3.104262104e-05
4.332511853e-06
1.751054045e-06
7.608103261e-07
5.720195534e-07
5.45616549e-07
4.951100661e-07
4.731055703e-07
4.665287816e-07
4.610895977e-07
4.534749279e-07
4.51413457e-07
4.462144065e-07
4.432486641e-07
4.378601389e-07
4.346262021e-07
4.283500624e-07
4.213555184e-07
4.107904618e-07
3.976477064e-07
3.801812311e-07
3.544679846e-07
3.380236884e-07
3.303545956e-07
3.271428136e-07
3.263574643e-07
3.281443588e-07
3.297187016e-07
3.3419494e-07
3.374197532e-07
3.436372003e-07
3.489723425e-07
3.590557353e-07
3.683222475e-07
3.843705958e-07
4.011186326e-07
4.288751201e-07
4.6429566e-07
5.214168244e-07
6.083056447e-07
7.67362367e-07
1.096895715e-06
0.009152886438
0.01274638596
0.01195850645
0.0103744879
0.007214453785
0.002739721979
0.0006609478659
1.288708146e-05
4.717711561e-06
4.734900857e-07
5.714172254e-07
6.526811949e-07
5.662415123e-07
5.121418328e-07
4.843342644e-07
4.717809107e-07
4.672844879e-07
4.581775446e-07
4.561383465e-07
4.511967193e-07
4.495539701e-07
4.443000843e-07
4.396656838e-07
4.316452672e-07
4.220671097e-07
4.079696249e-07
3.888225854e-07
3.626181465e-07
3.408421573e-07
3.305562767e-07
3.264587244e-07
3.252189852e-07
3.264815543e-07
3.281302757e-07
3.318625474e-07
3.34591338e-07
3.410214766e-07
3.458235925e-07
3.554006382e-07
3.637352298e-07
3.787018895e-07
3.951493785e-07
4.216770564e-07
4.550525253e-07
5.095355286e-07
5.931670691e-07
7.487862047e-07
1.078910696e-06
0.007515403953
0.01085288715
0.01086808887
0.01038905957
0.009068770245
0.006257224433
0.002394910136
0.0006459321979
0.0001279770477
2.589623323e-05
3.553878014e-06
9.841507777e-07
6.423645848e-07
5.341208723e-07
5.110261605e-07
4.912035487e-07
4.779895736e-07
4.745818825e-07
4.662316432e-07
4.631520032e-07
4.568851366e-07
4.552829284e-07
4.495899865e-07
4.436200134e-07
4.334528178e-07
4.20371761e-07
4.017640524e-07
3.677285366e-07
3.425014067e-07
3.307107034e-07
3.256104294e-07
3.239274715e-07
3.24576936e-07
3.257085627e-07
3.292624991e-07
3.321762656e-07
3.373555723e-07
3.416987748e-07
3.502517809e-07
3.578807805e-07
3.72141127e-07
3.863995848e-07
4.106045432e-07
4.415569728e-07
4.928137435e-07
5.721718904e-07
7.223634962e-07
1.052146872e-06
0.005895806649
0.008963711302
0.00951004141
0.009748353526
0.009443043432
0.008372650833
0.005870025529
0.002203185551
0.000517561904
0.0001271708822
2.76473151e-05
2.45529088e-06
1.055907296e-06
6.782335523e-07
5.654769281e-07
5.165358629e-07
5.030806469e-07
4.87423598e-07
4.832427518e-07
4.755913015e-07
4.737332051e-07
4.679805567e-07
4.651516383e-07
4.580736957e-07
4.498598115e-07
4.364234423e-07
4.169933382e-07
3.819979357e-07
3.48500424e-07
3.320589205e-07
3.249368078e-07
3.225282923e-07
3.222825315e-07
3.234094528e-07
3.263419256e-07
3.281281265e-07
3.331462078e-07
3.369159168e-07
3.446804891e-07
3.512757797e-07
3.63415635e-07
3.763471342e-07
3.988243939e-07
4.267193354e-07
4.733870524e-07
5.462542856e-07
6.882924707e-07
1.015338985e-06
0.004502181072
0.007353457014
0.008169848601
0.008775274742
0.009112132213
0.008899807019
0.007973832825
0.005548050663
0.001904211616
0.0004499128854
0.0001004491907
2.841206329e-05
2.487293658e-06
9.105916703e-07
5.404525478e-07
5.53610088e-07
5.180166004e-07
5.088738403e-07
4.955392641e-07
4.903091519e-07
4.826425104e-07
4.814253545e-07
4.765121397e-07
4.717306669e-07
4.630512411e-07
4.513171994e-07
4.334729206e-07
3.914114767e-07
3.520651221e-07
3.331182212e-07
3.246074721e-07
3.213013309e-07
3.205384218e-07
3.210244281e-07
3.233548276e-07
3.25350479e-07
3.294191014e-07
3.324441383e-07
3.390265004e-07
3.444629383e-07
3.557941794e-07
3.668254678e-07
3.863699759e-07
4.107862707e-07
4.528432609e-07
5.194098394e-07
6.524578114e-07
9.734848845e-07
0.003388760906
0.006114315645
0.007096646989
0.007892382143
0.008495204073
0.008804114241
0.008604352014
0.007630185218
0.00495008338
0.001621786504
0.0005136296711
8.5363031e-05
2.395312229e-05
6.25638128e-06
2.029950103e-06
6.835971255e-07
5.697498697e-07
5.235284101e-07
5.142720554e-07
5.024777287e-07
4.978616416e-07
4.913678729e-07
4.896352752e-07
4.838264521e-07
4.767745487e-07
4.648404173e-07
4.478046514e-07
4.043367395e-07
3.590819011e-07
3.355415781e-07
3.246523738e-07
3.20402936e-07
3.189652983e-07
3.191885049e-07
3.212314382e-07
3.222998632e-07
3.260024524e-07
3.28522325e-07
3.34583147e-07
3.393110796e-07
3.489258995e-07
3.58508637e-07
3.764401993e-07
3.983630311e-07
4.364548039e-07
4.968057698e-07
6.200721169e-07
9.312862761e-07
0.002511671705
0.005078155789
0.006197677616
0.007133713063
0.007922164219
0.008533758457
0.008796178364
0.00853800521
0.007225033887
0.003806099952
0.001168458625
0.0003963661415
7.530672364e-05
2.107315121e-05
5.135029528e-06
1.534712147e-06
6.551131713e-07
5.611251635e-07
5.231106347e-07
5.145124335e-07
5.052485295e-07
5.024262086e-07
4.977720373e-07
4.943503578e-07
4.869575763e-07
4.764605749e-07
4.611273656e-07
4.123555216e-07
3.628863035e-07
3.368499104e-07
3.248361175e-07
3.197162326e-07
3.178912985e-07
3.17648723e-07
3.19143029e-07
3.203155352e-07
3.234819265e-07
3.255163621e-07
3.306853289e-07
3.344626784e-07
3.434947793e-07
3.518543258e-07
3.677264219e-07
3.870466935e-07
4.215290557e-07
4.765868278e-07
5.912196743e-07
8.942630968e-07
0.001846943783
0.004190511563
0.005398528217
0.006434313585
0.00736150003
0.008175533508
0.008775363232
0.009000447505
0.00858258574
0.006819897381
0.002847020338
0.0008521626804
0.0003093193919
7.048319877e-05
1.555293381e-05
3.520834996e-06
1.209955751e-06
6.244655322e-07
5.54769078e-07
5.256618337e-07
5.174952154e-07
5.102189851e-07
5.079867763e-07
5.03127445e-07
4.971205511e-07
4.864332063e-07
4.717978201e-07
4.231064598e-07
3.688610136e-07
3.393081632e-07
3.253010171e-07
3.192945638e-07
3.168923083e-07
3.164029736e-07
3.177568229e-07
3.182789176e-07
3.211490186e-07
3.227887041e-07
3.276079822e-07
3.30979518e-07
3.388352477e-07
3.461279524e-07
3.60839298e-07
3.784399392e-07
4.101136644e-07
4.605153581e-07
5.667107222e-07
8.44193e-07
0.001370910162
0.003421748025
0.004680932926
0.005771924522
0.006792553315
0.007743751763
0.008572054105
0.009154550583
0.009191349035
0.008444571166
0.005606322592
0.002122490023
0.0006071676924
0.0001772183901
3.819466391e-05
9.60745811e-06
2.395127088e-06
9.460168821e-07
5.853763499e-07
5.418527848e-07
5.238890592e-07
5.186628792e-07
5.138997151e-07
5.108934701e-07
5.045854541e-07
4.950074673e-07
4.793906e-07
4.294863681e-07
3.7233611e-07
3.406284299e-07
3.25596776e-07
3.189780588e-07
3.162430132e-07
3.154127878e-07
3.163662882e-07
3.169512156e-07
3.194577401e-07
3.207791424e-07
3.250192264e-07
3.276798797e-07
3.351584877e-07
3.41630822e-07
3.54956037e-07
3.707636243e-07
3.998873594e-07
4.463886683e-07
5.451689512e-07
8.133242468e-07
0.001083120606
0.002802501735
0.004048945144
0.005156417454
0.006223782995
0.007258021962
0.008228389243
0.009093837722
0.00962412817
0.009440643913
0.008057779739
0.003957784276
0.001334595328
0.0003683345921
0.0001033875418
2.168421927e-05
5.006847014e-06
1.418248833e-06
7.272452274e-07
5.566735667e-07
5.336512055e-07
5.245623675e-07
5.213340304e-07
5.17047442e-07
5.117686001e-07
5.021765287e-07
4.863053211e-07
4.368241434e-07
3.768588968e-07
3.426377194e-07
3.261317655e-07
3.187928563e-07
3.156367276e-07
3.146026186e-07
3.154684901e-07
3.156050882e-07
3.179098204e-07
3.189470748e-07
3.229367241e-07
3.253766622e-07
3.320393013e-07
3.37796581e-07
3.50338821e-07
3.649958157e-07
3.922190532e-07
4.354541849e-07
5.275726115e-07
7.646298069e-07
0.0009202465088
0.00226864643
0.003489056118
0.00458045282
0.00566029132
0.006745988937
0.007823612477
0.008870636382
0.009705556911
0.009970681022
0.009352525002
0.006426476568
0.002468442488
0.0007859792404
0.0001901318644
4.662460034e-05
9.844848987e-06
2.336333564e-06
8.34918037e-07
6.036338411e-07
5.3953045e-07
5.308250289e-07
5.255203117e-07
5.225435696e-07
5.169854288e-07
5.082648306e-07
4.912610883e-07
4.412059206e-07
3.796652793e-07
3.438111609e-07
3.264461486e-07
3.186556129e-07
3.152472071e-07
3.139706622e-07
3.145559929e-07
3.1472514e-07
3.168009074e-07
3.176476575e-07
3.212325664e-07
3.231759705e-07
3.296022124e-07
3.347984104e-07
3.464155168e-07
3.598711365e-07
3.853638621e-07
4.258950892e-07
5.125017119e-07
7.422540466e-07
0.0008448212033
0.001962684673
0.00306380102
0.004081900398
0.005126479507
0.006222658453
0.007365023521
0.008531828348
0.00963637777
0.01035298852
0.01018450143
0.008665923803
0.00393376972
0.001245436586
0.0003839714253
7.637886894e-05
1.804039183e-05
3.87810646e-06
1.272104184e-06
6.407207447e-07
5.56798218e-07
5.353227523e-07
5.307885709e-07
5.267502066e-07
5.219279577e-07
5.132549985e-07
4.958336039e-07
4.462549671e-07
3.829848216e-07
3.453455152e-07
3.269108025e-07
3.185812523e-07
3.148742707e-07
3.134505102e-07
3.139709056e-07
3.138420866e-07
3.157781602e-07
3.164175816e-07
3.198511879e-07
3.216343943e-07
3.275153432e-07
3.322516616e-07
3.433518656e-07
3.560436512e-07
3.802733527e-07
4.185974388e-07
5.005070656e-07
7.106703777e-07
0.0007966510074
0.001756690281
0.002740011514
0.003679632945
0.00467062213
0.005746689213
0.006917586714
0.008165673379
0.009446725942
0.01048652472
0.01068924557
0.00973315374
0.005998147309
0.002126254214
0.0005922685119
0.0001747406093
3.075166801e-05
6.192157688e-06
1.571691901e-06
7.51277247e-07
5.677920564e-07
5.404760292e-07
5.337289043e-07
5.305620972e-07
5.254964712e-07
5.169161301e-07
4.99005017e-07
4.492836331e-07
3.851110212e-07
3.463013647e-07
3.272067756e-07
3.185323211e-07
3.146376094e-07
3.130407903e-07
3.133726454e-07
3.13271619e-07
3.150434927e-07
3.154468763e-07
3.187035425e-07
3.202125339e-07
3.259061967e-07
3.30257256e-07
3.407401506e-07
3.526336082e-07
3.757064395e-07
4.12208281e-07
4.903114949e-07
6.936588797e-07
0.0007641443487
0.001614767806
0.002494783801
0.003363122799
0.004292390544
0.005323845042
0.006480586582
0.007765962946
0.009150176555
0.01044307013
0.01103881737
0.01040344713
0.007722893737
0.002977251707
0.0008876256455
0.0002293473634
5.004690129e-05
9.38174599e-06
2.468844785e-06
8.277043804e-07
5.950556005e-07
5.449036894e-07
5.374964117e-07
5.334199678e-07
5.288877356e-07
5.200019988e-07
5.019953902e-07
4.526999509e-07
3.874721697e-07
3.474301124e-07
3.275708455e-07
3.185114185e-07
3.144057997e-07
3.127030608e-07
3.129910219e-07
3.126933494e-07
3.143618704e-07
3.148681814e-07
3.178087529e-07
3.191451183e-07
3.245075824e-07
3.285676107e-07
3.387091253e-07
3.500952991e-07
3.723328796e-07
4.073643195e-07
4.823132888e-07
6.788256274e-07
0.0007448277037
0.001512007648
0.002314207119
0.003119801873
0.00399274162
0.004974751181
0.006099817642
0.007392069894
0.008835582037
0.01031701894
0.01125997463
0.01095500854
0.009229971265
0.003950545168
0.00122005142
0.0003362581259
6.818681443e-05
1.322136185e-05
2.99985748e-06
1.018377113e-06
6.111780166e-07
5.496155059e-07
5.396260327e-07
5.360497196e-07
5.313256065e-07
5.222926816e-07
5.040452346e-07
4.547564047e-07
3.890113485e-07
3.481523785e-07
3.278126705e-07
3.185014163e-07
3.142600632e-07
3.124347957e-07
3.125966685e-07
3.123208805e-07
3.138740989e-07
3.141914981e-07
3.170404448e-07
3.182415295e-07
3.234361689e-07
3.272392635e-07
3.369684239e-07
3.478241099e-07
3.692916907e-07
4.031066697e-07
4.755001991e-07
6.660636078e-07
0.0007394486508
0.00143412175
0.0021745423
0.002935147744
0.003765923764
0.004706955859
0.00579746747
0.007071018162
0.008524973802
0.01011006091
0.01137691477
0.01135844278
0.010046907
0.005130980371
0.001560740166
0.0004115911333
9.581575946e-05
1.782710689e-05
4.309799073e-06
1.130350569e-06
6.475510242e-07
5.536826765e-07
5.423258304e-07
5.379936899e-07
5.336482213e-07
5.242533251e-07
5.060208316e-07
4.570592016e-07
3.906569636e-07
3.489555138e-07
3.28082758e-07
3.185036435e-07
3.141136793e-07
3.122140271e-07
3.123467099e-07
3.119386716e-07
3.134206614e-07
3.132323313e-07
3.164188521e-07
3.173536124e-07
3.224969723e-07
3.261174958e-07
3.356184567e-07
3.461371579e-07
3.670521091e-07
3.998902375e-07
4.701751708e-07
6.551926932e-07
0.0007463098061
0.001374758301
0.00206548526
0.002787089348
0.003583671882
0.004490035388
0.005546507557
0.006791604563
0.008242520016
0.009886600148
0.01136425499
0.01165615295
0.01057628027
0.006188589888
0.001911651857
0.0005236227246
0.0001256954471
2.294186399e-05
5.010758276e-06
1.376040116e-06
6.667069885e-07
5.598720822e-07
5.43884015e-07
5.398007354e-07
5.352677282e-07
5.257184676e-07
5.073589088e-07
4.584556173e-07
3.917414477e-07
3.494783307e-07
3.28266167e-07
3.185084361e-07
3.140221307e-07
3.120374568e-07
3.120856702e-07
3.116929293e-07
3.130926363e-07
3.127582359e-07
3.159295987e-07
3.166982676e-07
3.217783762e-07
3.252318401e-07
3.344562376e-07
3.446219279e-07
3.650243915e-07
3.970518295e-07
4.656278239e-07
6.462964758e-07
0.0007600936872
0.001320996732
0.00196823185
0.002660268925
0.003430590097
0.004309002425
0.00533604979
0.006554770617
0.007999430706
0.009674723858
0.01132291724
0.01187343153
0.01096385118
0.007078114319
0.002320570798
0.0006407587125
0.0001599265868
2.785605368e-05
6.467790532e-06
1.500369267e-06
7.067590934e-07
5.639403152e-07
5.458294566e-07
5.411198465e-07
5.367643266e-07
5.26985484e-07
5.086685045e-07
4.60006332e-07
3.928738495e-07
3.500180927e-07
3.284601728e-07
3.185163687e-07
3.139282825e-07
3.118926365e-07
3.119208952e-07
3.114376297e-07
3.127879874e-07
3.126656121e-07
3.155213279e-07
3.16182641e-07
3.21150533e-07
3.244859807e-07
3.33555583e-07
3.434981234e-07
3.635338867e-07
3.949115475e-07
4.620821508e-07
6.391322458e-07
0.0007845448126
0.00128448606
0.001889120764
0.002561224683
0.00331081459
0.004164990489
0.005165936181
0.006361132204
0.007795766744
0.009485635862
0.01124793389
0.01202480861
0.01125215913
0.007816739433
0.00269521073
0.0007450144507
0.0001782562343
3.329389345e-05
7.147424026e-06
1.753516405e-06
7.258423156e-07
5.710675263e-07
5.470230556e-07
5.423706012e-07
5.378300084e-07
5.279590144e-07
5.095709555e-07
4.609794834e-07
3.9365154e-07
3.50381191e-07
3.285991408e-07
3.185202904e-07
3.138661645e-07
3.117687835e-07
3.117351454e-07
3.112620437e-07
3.125512959e-07
3.123389205e-07
3.151359159e-07
3.157624483e-07
3.2062947e-07
3.238446538e-07
3.32711294e-07
3.423977865e-07
3.620606685e-07
3.928487954e-07
4.587762915e-07
6.322147221e-07
0.000823974202
0.001273436292
0.001854443789
0.00251103329
0.003236057115
0.004062850026
0.005035907408
0.006206870363
0.007626497328
0.009316352478
0.01114754726
0.01212691528
0.0114849563
0.008423503874
0.003029008227
0.000810980829
0.0002036104481
3.715400416e-05
8.498323273e-06
1.870218802e-06
7.641853039e-07
5.742484698e-07
5.484806372e-07
5.432979766e-07
5.388657382e-07
5.288437334e-07
5.104982196e-07
4.620759685e-07
3.944616259e-07
3.507614709e-07
3.287390546e-07
3.185226634e-07
3.137885619e-07
3.116509568e-07
3.115994444e-07
3.110462402e-07
3.122952383e-07
3.120122237e-07
3.147047848e-07
3.153489848e-07
3.200902375e-07
3.231984557e-07
3.319276456e-07
3.414192766e-07
3.607599689e-07
3.909776789e-07
4.556699351e-07
6.254172311e-07
0.0008714234966
0.001291627118
0.001854246057
0.00249825133
0.003198286349
0.003996076743
0.004940095805
0.006086944364
0.007489842869
0.009170480885
0.0110478984
0.01219630289
0.01174055441
0.008925222851
0.003322165379
0.0009018486507
0.0002206720746
4.275348275e-05
9.093930259e-06
2.100048023e-06
7.815074481e-07
5.804006889e-07
5.494130748e-07
5.442062969e-07
5.396235376e-07
5.295507958e-07
5.111572267e-07
4.627865441e-07
3.950289378e-07
3.510327985e-07
3.28844553e-07
3.185201807e-07
3.137318975e-07
3.115397882e-07
3.114294412e-07
3.108835961e-07
3.120748272e-07
3.116649391e-07
3.14388339e-07
3.149414065e-07
3.195893602e-07
3.225772632e-07
3.311057844e-07
3.403453962e-07
3.593178473e-07
3.889547339e-07
4.524219545e-07
6.187361066e-07
0.0009086789579
0.0013292749
0.001876473859
0.002501497071
0.003178161471
0.003948580487
0.004864950585
0.005987820034
0.007374147469
0.009050352877
0.01095608397
0.01223991825
0.01187362886
0.009338590534
0.003577080564
0.0009845568969
0.0002434408493
4.572955101e-05
1.025264622e-05
2.200131643e-06
8.150575433e-07
5.830840297e-07
5.505329811e-07
5.448807931e-07
5.403780408e-07
5.302069113e-07
5.118575085e-07
4.636182689e-07
3.956410902e-07
3.513294212e-07
3.289550202e-07
3.185204638e-07
3.136604416e-07
3.114320952e-07
3.113034959e-07
3.106785544e-07
3.118328884e-07
3.114468424e-07
3.140469839e-07
3.145387865e-07
3.190651768e-07
3.219426714e-07
3.303351981e-07
3.393821679e-07
3.580345689e-07
3.87106094e-07
4.493476964e-07
6.121680788e-07
0.0009275933753
0.001340819851
0.001882462131
0.002499743019
0.003160123386
0.003909730292
0.00480395249
0.005907484386
0.00728077725
0.008952958123
0.01087544227
0.01226665846
0.01201765206
0.009678368079
0.003797631183
0.001057152921
0.0002626407817
5.071741855e-05
1.074065244e-05
2.391786723e-06
8.29594223e-07
5.881665373e-07
5.512653855e-07
5.455572093e-07
5.409347814e-07
5.307395263e-07
5.123577355e-07
4.641574629e-07
3.960665527e-07
3.515423327e-07
3.290394789e-07
3.185145227e-07
3.136076901e-07
3.113289964e-07
3.111430691e-07
3.105246702e-07
3.116228845e-07
3.111380001e-07
3.135067814e-07
3.141402148e-07
3.185748279e-07
3.213323168e-07
3.295245207e-07
3.383207796e-07
3.566065316e-07
3.851014141e-07
4.461264498e-07
6.057095852e-07
0.0009222129245
0.001307954338
0.001855789169
0.002482170564
0.00314106989
0.003879274719
0.004756392078
0.005844402679
0.007207505046
0.008875941278
0.0108071647
0.0122826112
0.01209989335
0.009944025112
0.003992862203
0.001118282069
0.0002797942493
5.325121789e-05
1.168519119e-05
2.470735519e-06
8.570263639e-07
5.903553895e-07
5.521278272e-07
5.460616784e-07
5.415050128e-07
5.312457918e-07
5.129086676e-07
4.648157101e-07
3.965479939e-07
3.517851111e-07
3.291321303e-07
3.185124554e-07
3.135407621e-07
3.112279262e-07
3.11023814e-07
3.103273116e-07
3.113909971e-07
3.109376419e-07
3.132554411e-07
3.137453463e-07
3.180608531e-07
3.207050461e-07
3.287637382e-07
3.373694176e-07
3.553376587e-07
3.832727494e-07
4.430832869e-07
5.993578833e-07
0.0008943915169
0.001227530528
0.001805064218
0.002460133855
0.003132926101
0.003865943379
0.004724568012
0.005796267072
0.007149648211
0.008815800761
0.01075079071
0.01229179999
0.0121668655
0.01015307792
0.004164688191
0.001169589732
0.0002953837743
5.667457568e-05
1.207721364e-05
2.621241016e-06
8.683067372e-07
5.944260812e-07
5.526964727e-07
5.465820327e-07
5.419301647e-07
5.316616234e-07
5.133059698e-07
4.652431288e-07
3.968860849e-07
3.519606943e-07
3.292022825e-07
3.185052672e-07
3.13491055e-07
3.11130294e-07
3.108699354e-07
3.101803669e-07
3.11188165e-07
3.106392219e-07
3.129274256e-07
3.133536003e-07
3.175760463e-07
3.201043771e-07
3.279609745e-07
3.363175583e-07
3.5392121e-07
3.812844898e-07
4.39888751e-07
5.931094213e-07
0.0008639682516
0.001110419603
0.001737096029
0.002439594989
0.003137352979
0.003870831197
0.004709849454
0.005759121792
0.007099704352
0.008764348744
0.01070517906
0.01229665548
0.01222120981
0.01032144814
0.004309736901
0.001212871621
0.0003108273267
5.93066961e-05
1.26413197e-05
2.676445224e-06
8.896311898e-07
5.962263868e-07
5.533618044e-07
5.469737213e-07
5.423765168e-07
5.320673182e-07
5.137594617e-07
4.657888978e-07
3.972899265e-07
3.521725064e-07
3.292858548e-07
3.185021889e-07
3.134275721e-07
3.110335798e-07
3.107555852e-07
3.099886666e-07
3.109629954e-07
3.104571286e-07
3.126579381e-07
3.129690039e-07
3.170681977e-07
3.194837812e-07
3.272067367e-07
3.35375913e-07
3.526650544e-07
3.794745846e-07
4.368771228e-07
5.869617892e-07
0.0008499471793
0.000976751331
0.001670930018
0.002434171746
0.003153482385
0.003886616339
0.004710955341
0.005728773576
0.007049369001
0.00870645039
0.01066434569
0.01229837683
0.01226491143
0.01045086109
0.0044368205
0.001249827363
0.00032317199
6.181926606e-05
1.296388336e-05
2.786392959e-06
8.97579534e-07
5.991584652e-07
5.538027539e-07
5.473900894e-07
5.427134705e-07
5.324070916e-07
5.14090168e-07
4.661444189e-07
3.97573307e-07
3.523223229e-07
3.293464857e-07
3.184950542e-07
3.133803968e-07
3.109398149e-07
3.106064102e-07
3.098471892e-07
3.107646151e-07
3.101923804e-07
3.122578331e-07
3.125906133e-07
3.165873636e-07
3.188921492e-07
3.264094571e-07
3.343317049e-07
3.512586764e-07
3.775017269e-07
4.337097891e-07
5.809113928e-07
0.0008481926903
0.0008735242901
0.001628340035
0.002445429938
0.00318179843
0.003911488032
0.004718475603
0.005702879779
0.006994480042
0.008640893717
0.01061147729
0.01229611253
0.01229975796
0.01055047367
0.004547165007
0.001281565879
0.0003319445157
6.500033898e-05
1.320631627e-05
2.817848776e-06
9.135540284e-07
6.00704523e-07
5.543270955e-07
5.477079522e-07
5.430772883e-07
5.327473117e-07
5.144803242e-07
4.666214734e-07
3.979373021e-07
3.525197048e-07
3.294270065e-07
3.18492223e-07
3.133197151e-07
3.108461919e-07
3.10495629e-07
3.096597531e-07
3.105435495e-07
3.100381316e-07
3.119730157e-07
3.122272362e-07
3.160805618e-07
3.182776196e-07
3.256606158e-07
3.333984966e-07
3.500142114e-07
3.757099236e-07
4.307303018e-07
5.749563259e-07
0.0008650574399
0.0007648028512
0.00161512663
0.002475088575
0.003221840654
0.003943403003
0.004731596765
0.005681306648
0.006941296239
0.008572638099
0.01054999134
0.01228510385
0.01232690251
0.01062836379
0.004641929278
0.001308763185
0.0003385587923
6.842029081e-05
1.368812357e-05
2.894530609e-06
9.185427374e-07
6.0222604e-07
5.54680384e-07
5.480554726e-07
5.433557639e-07
5.330372455e-07
5.14768198e-07
4.669265188e-07
3.981862785e-07
3.526525862e-07
3.294817922e-07
3.184861075e-07
3.132747748e-07
3.107553815e-07
3.103501146e-07
3.095221516e-07
3.10347657e-07
3.097712686e-07
3.116199473e-07
3.118609389e-07
3.156057183e-07
3.176947398e-07
3.248664181e-07
3.323608552e-07
3.486170267e-07
3.737520945e-07
4.275911882e-07
5.690932323e-07
0.0008970675036
0.0007073732275
0.001631668235
0.002527776153
0.0032793447
0.00398465986
0.004748656492
0.005664028667
0.006891634296
0.008504638527
0.01048333037
0.01226322183
0.01234596549
0.01068907356
0.004722992356
0.001332088092
0.0003451979395
7.038725889e-05
1.38399588e-05
2.909807968e-06
9.303882436e-07
6.034870968e-07
5.551126662e-07
5.483253677e-07
5.436649965e-07
5.333343921e-07
5.151173309e-07
4.673665858e-07
3.985378642e-07
3.528455029e-07
3.295627974e-07
3.184843677e-07
3.132164971e-07
3.106642302e-07
3.102419147e-07
3.093377004e-07
3.101289955e-07
3.095852676e-07
3.11369648e-07
3.115013751e-07
3.150974618e-07
3.170858491e-07
3.241225884e-07
3.314355165e-07
3.473838726e-07
3.719786015e-07
4.246457706e-07
5.633204109e-07
0.0009423283044
0.0006785020353
0.001686070855
0.002609401464
0.003350597115
0.004033073101
0.004768029268
0.00565084306
0.00684666078
0.008439350363
0.01041553553
0.01223134048
0.01235561844
0.01073467583
0.004792112098
0.001352060866
0.0003486569074
7.270108926e-05
1.419678539e-05
2.970186567e-06
9.333165254e-07
6.046081568e-07
5.554110964e-07
5.4862742e-07
5.439049607e-07
5.33591399e-07
5.153779849e-07
4.676360997e-07
3.98764528e-07
3.529688522e-07
3.296150394e-07
3.184799698e-07
3.131736349e-07
3.105758454e-07
3.10099173e-07
3.092025788e-07
3.099344622e-07
3.092748402e-07
3.110273386e-07
3.110924311e-07
3.146270151e-07
3.165115695e-07
3.233300734e-07
3.304038589e-07
3.459954326e-07
3.700358815e-07
4.215362907e-07
5.576345078e-07
0.001002815113
0.0007019356799
0.001795470613
0.002715518139
0.003431272335
0.004085550097
0.004789918824
0.005641206253
0.006806834117
0.008379059857
0.01035041418
0.01219462251
0.01235636148
0.01076730723
0.004851151289
0.00136927208
0.000353698079
7.380386988e-05
1.429365435e-05
2.986373577e-06
9.421959548e-07
6.05601219e-07
5.557811414e-07
5.488639718e-07
5.441759526e-07
5.338576934e-07
5.156979421e-07
4.680517241e-07
3.991089984e-07
3.531602495e-07
3.296973996e-07
3.184804078e-07
3.131181352e-07
3.104878145e-07
3.099940887e-07
3.090217725e-07
3.097196607e-07
3.090561169e-07
3.107712525e-07
3.106860517e-07
3.141286977e-07
3.159140572e-07
3.225979196e-07
3.294958506e-07
3.447864189e-07
3.682997092e-07
4.186576107e-07
5.521608014e-07
0.001080005762
0.0007942439958
0.001956222348
0.002840514048
0.003516903865
0.004139304722
0.004813339862
0.00563442679
0.006772158467
0.008325051309
0.0102905981
0.01215825742
0.01235206453
0.01079109202
0.004901904045
0.00138437951
0.0003554376944
7.533529722e-05
1.435808491e-05
2.998012489e-06
9.450254199e-07
6.064755598e-07
5.560370453e-07
5.491309382e-07
5.443859036e-07
5.340869804e-07
5.15933204e-07
4.682929237e-07
3.993160569e-07
3.532740263e-07
3.297463383e-07
3.18475965e-07
3.130774065e-07
3.104030242e-07
3.098561679e-07
3.088907732e-07
3.095301973e-07
3.087344584e-07
3.104210383e-07
3.102736691e-07
3.136632802e-07
3.153607981e-07
3.218261234e-07
3.284942484e-07
3.434406541e-07
3.664228012e-07
4.156685192e-07
5.467829255e-07
0.001173478379
0.0009614475859
0.0021628773
0.002977987732
0.003603354039
0.004192046517
0.004836828276
0.005630021179
0.00674250923
0.008277949283
0.01023813915
0.01212652774
0.01234825335
0.01081287255
0.004952778323
0.001395592656
0.0003598668911
7.600735732e-05
1.43947391e-05
3.00653118e-06
9.494276981e-07
6.072510061e-07
5.564234098e-07
5.49342489e-07
5.446282394e-07
5.343275142e-07
5.16224009e-07
4.6867944e-07
3.99653327e-07
3.534586457e-07
3.298254423e-07
3.184765317e-07
3.13023004e-07
3.103172064e-07
3.097533903e-07
3.087125226e-07
3.09319228e-07
3.085179932e-07
3.101536681e-07
3.099090268e-07
3.131854352e-07
3.147744304e-07
3.211081927e-07
3.276081961e-07
3.422646372e-07
3.647418916e-07
4.129026984e-07
5.414993927e-07
0.001279245307
0.001251142323
0.002408075305
0.003121241352
0.003687014692
0.004241819563
0.004859042237
0.005624042691
0.006709527791
0.008222418159
0.01017532522
0.01209114921
0.01234561751
0.01083926832
0.00502718252
0.00138905561
0.0003540154798
7.713022914e-05
1.444491939e-05
3.015110412e-06
9.524494788e-07
6.079548217e-07
5.565114625e-07
5.495872619e-07
5.448239537e-07
5.34541344e-07
5.16441578e-07
4.688886856e-07
3.998152253e-07
3.535550568e-07
3.298693384e-07
3.184687862e-07
3.129825708e-07
3.102300605e-07
3.096165344e-07
3.08582126e-07
3.091308206e-07
3.082061029e-07
3.097949565e-07
3.095462155e-07
3.127154651e-07
3.142255448e-07
3.203414704e-07
3.266164711e-07
3.409357096e-07
3.628971006e-07
4.099877885e-07
5.363067419e-07
0.001356412828
0.001617059368
0.002595876314
0.003213840276
0.003737090289
0.004270826445
0.004872649827
0.005613342987
0.00663760447
0.008076018092
0.009964326806
0.01196189269
0.01232944676
0.01097458218
0.005446604616
0.001515992606
0.0003890976049
8.251302881e-05
1.548055466e-05
3.161193731e-06
9.777640181e-07
6.117694238e-07
5.570292296e-07
5.497699412e-07
5.450217223e-07
5.347457207e-07
5.166985649e-07
4.69245638e-07
4.001442043e-07
3.537335267e-07
3.299456592e-07
3.184809803e-07
3.129292241e-07
3.10152429e-07
3.095152438e-07
3.084050446e-07
3.089222211e-07
3.080051035e-07
3.0952494e-07
3.091894908e-07
3.122440405e-07
3.136713388e-07
3.196310583e-07
3.25742566e-07
3.397793589e-07
3.612517148e-07
4.073005865e-07
5.312026567e-07
0.0008238970559
0.001396335002
0.002625544836
0.003246008239
0.003757052353
0.004283954643
0.00488266133
0.00561490497
0.00660756195
0.008008877222
0.009849947629
0.01185729123
0.01232110925
0.01105171421
0.005816959471
0.001646974953
0.0004159462273
9.023638819e-05
1.654497866e-05
3.343226378e-06
1.001300315e-06
6.157660163e-07
5.577267913e-07
5.500972935e-07
5.453179152e-07
5.351239711e-07
5.17238081e-07
4.699549066e-07
4.007419351e-07
3.540512208e-07
3.300814075e-07
3.18496185e-07
3.129046333e-07
3.100659711e-07
3.093824175e-07
3.082774536e-07
3.087354623e-07
3.077112308e-07
3.09167925e-07
3.088395185e-07
3.117869918e-07
3.129583997e-07
3.18865671e-07
3.247587265e-07
3.38464308e-07
3.594347771e-07
4.044525399e-07
5.261847738e-07
0.0007435081332
0.001318007251
0.00256005584
0.003230616311
0.00375713404
0.004286167811
0.004886005603
0.005615836661
0.006596471545
0.007977052641
0.009787746437
0.01178718336
0.01231872078
0.01111346063
0.006152295375
0.001783984267
0.0004514490359
9.681354096e-05
1.787937295e-05
3.499405456e-06
1.034189769e-06
6.199127454e-07
5.582550138e-07
5.502678023e-07
5.455168465e-07
5.353234319e-07
5.174805037e-07
4.70296722e-07
4.010612841e-07
3.542259684e-07
3.301567776e-07
3.185115123e-07
3.128507924e-07
3.099958683e-07
3.09282222e-07
3.08101159e-07
3.085289689e-07
3.075258481e-07
3.08903013e-07
3.086014542e-07
3.113065181e-07
3.123835429e-07
3.18162756e-07
3.238964784e-07
3.373269845e-07
3.578237685e-07
4.01841111e-07
5.212520921e-07
0.0007387303451
0.001292780808
0.002438045247
0.003139346678
0.003703921524
0.004258326083
0.004874393127
0.005610175752
0.006591216904
0.007970082334
0.009768345901
0.01175822294
0.01232786582
0.01117461008
0.006441828159
0.00194113854
0.000496637478
0.0001084684314
1.935128392e-05
3.771959754e-06
1.065964137e-06
6.243852664e-07
5.592454827e-07
5.50608173e-07
5.457925629e-07
5.356863555e-07
5.180274312e-07
4.710381456e-07
4.017160049e-07
3.545719428e-07
3.303017312e-07
3.185355045e-07
3.128295361e-07
3.099057921e-07
3.091497181e-07
3.079741376e-07
3.083432231e-07
3.072449152e-07
3.085529968e-07
3.083424299e-07
3.108567992e-07
3.115805137e-07
3.174016805e-07
3.229215266e-07
3.360274428e-07
3.560365216e-07
3.990610739e-07
5.16401364e-07
0.0002226754807
0.001118146401
0.00222362394
0.002972824549
0.003583750074
0.004178755952
0.004827175857
0.005593443389
0.006594432593
0.007980133575
0.009786973339
0.01177396433
0.01235477872
0.01119911404
0.006450920757
0.001942994576
0.0004977983502
0.0001096585834
1.927796728e-05
3.756043093e-06
1.066348614e-06
6.241488385e-07
5.594698835e-07
5.507845924e-07
5.460094175e-07
5.358923835e-07
5.182330344e-07
4.713061193e-07
4.019228082e-07
3.546929865e-07
3.303613787e-07
3.185345443e-07
3.127733514e-07
3.098374957e-07
3.090493255e-07
3.077969224e-07
3.081370862e-07
3.070707166e-07
3.082948212e-07
3.079561656e-07
3.104059467e-07
3.110322319e-07
0.0006032957104
0.001523415898
0.002271233422
0.002936861315
0.003537978104
0.004144065894
0.004805318288
0.005584339655
0.006598822763
0.008000870788
0.009826582899
0.01179627657
0.01237516605
0.01121018156
0.006450559439
0.001943326879
0.0004990225899
0.0001110735135
1.913284274e-05
3.722989391e-06
1.06606163e-06
6.240952205e-07
5.596644241e-07
5.510273948e-07
5.461787273e-07
5.360759404e-07
5.184487387e-07
4.715375434e-07
4.021594884e-07
3.548219061e-07
3.304122322e-07
3.185287715e-07
3.127360183e-07
3.097387069e-07
3.089127112e-07
3.076678722e-07
3.079511555e-07
3.067944727e-07
3.079517226e-07
0.001173473503
0.001821525681
0.002362613344
0.002921580756
0.003501162297
0.004109435568
0.004780788153
0.005574385597
0.006603069223
0.008018562155
0.009864356009
0.01181501283
0.01239423164
0.01122028642
0.006448765942
0.001943182496
0.0005002751791
0.0001127029361
1.904286171e-05
3.708803959e-06
1.064472608e-06
6.241797193e-07
5.599400793e-07
5.512375759e-07
5.463908549e-07
5.362775418e-07
5.186514283e-07
4.718108104e-07
4.023692531e-07
3.549450859e-07
3.304726878e-07
3.185248502e-07
3.126778958e-07
3.096694074e-07
3.088112965e-07
3.07488473e-07
3.077440039e-07
0.001561587505
0.002029564153
0.002461216739
0.00292814137
0.003476477572
0.004078315274
0.004756433001
0.005564825711
0.006611741001
0.008042614854
0.009904505454
0.01183322415
0.0124171728
0.01123298076
0.006446059412
0.001942294136
0.000501881361
0.0001142235656
1.903314131e-05
3.71697131e-06
1.05993721e-06
6.244567383e-07
5.601737849e-07
5.515282102e-07
5.465901107e-07
5.364799493e-07
5.188768527e-07
4.720453481e-07
4.026101569e-07
3.550752168e-07
3.305231651e-07
3.185154435e-07
3.126396129e-07
3.095687927e-07
3.086729514e-07
3.073591318e-07
0.001844955039
0.002205467123
0.002571281727
0.002977093465
0.003469142535
0.004058276958
0.004737612064
0.005558943851
0.006629456123
0.008079759327
0.009953594757
0.0118543103
0.01244651434
0.01124912037
0.006442119132
0.001940326254
0.0005024700001
0.0001156972496
1.909209615e-05
3.739304757e-06
1.058428732e-06
6.249222231e-07
5.605289168e-07
5.517898852e-07
5.468583794e-07
5.367150213e-07
5.190946067e-07
4.723319307e-07
4.028240806e-07
3.552026976e-07
3.305841744e-07
3.185097522e-07
3.125795769e-07
3.094979742e-07
3.085700209e-07
0.002097632186
0.002392152382
0.002705755383
0.003063397294
0.003504010264
0.004057094873
0.004732812571
0.005569428843
0.006667234645
0.008138030582
0.01001910599
0.01188405738
0.01248585213
0.01127033114
0.006434551636
0.001937493875
0.0005027024803
0.0001165678745
1.919831639e-05
3.772641154e-06
1.059514691e-06
6.255733868e-07
5.608349668e-07
5.52175226e-07
5.471089316e-07
5.369515303e-07
5.193418271e-07
4.725766226e-07
4.030763143e-07
3.553362181e-07
3.306350119e-07
3.185031847e-07
3.125394925e-07
3.093937196e-07
0.002389538058
0.002629943963
0.002884022209
0.003197791956
0.00360111438
0.004125352757
0.004788449241
0.005632300884
0.006746551186
0.008231602627
0.01011088037
0.01193090766
0.01254011814
0.01129982367
0.006422467071
0.001934405591
0.0005025842228
0.0001170890809
1.930911149e-05
3.811415219e-06
1.062973091e-06
6.264363885e-07
5.613365837e-07
5.525397426e-07
5.474600718e-07
5.372366597e-07
5.195852874e-07
4.728896071e-07
4.033012682e-07
3.554721323e-07
3.306980459e-07
3.184954917e-07
3.12475675e-07
3.093196202e-07
0.002752181113
0.002970031907
0.003144017446
0.003399269858
0.003766413667
0.004273249598
0.004934125806
0.005784999059
0.006902544559
0.008385440833
0.01024243704
0.01200473081
0.01261279749
0.01134182436
0.006401623995
0.001928521484
0.0005027870998
0.0001170414012
1.945028647e-05
3.850755384e-06
1.067839903e-06
6.273837527e-07
5.617755991e-07
5.531121652e-07
5.478068628e-07
5.375400008e-07
5.198783987e-07
4.731573204e-07
4.035779704e-07
3.556144072e-07
3.307503138e-07
3.184861267e-07
3.124319142e-07
0.003414178877
0.003637005638
0.003609543156
0.003721437518
0.004018358983
0.004502668757
0.005175989325
0.006052476832
0.007178893566
0.008639777495
0.01044077387
0.01212397762
0.01270492824
0.01140411116
0.00637918717
0.001920602354
0.0005016864869
0.0001172392606
1.96084118e-05
3.889437318e-06
1.073428156e-06
6.286917728e-07
5.625559153e-07
5.536809073e-07
5.483259866e-07
5.379297745e-07
5.201785492e-07
4.735245103e-07
4.038273814e-07
3.557656089e-07
3.308172566e-07
3.184744654e-07
3.123603886e-07
0.003673647515
0.004518245755
0.004507257166
0.004372476451
0.00442776849
0.004824476421
0.005508136135
0.006436235015
0.00760504248
0.009042956938
0.0107395521
0.01229332072
0.01282180089
0.01149697497
0.006338794765
0.001908350894
0.0005009106443
0.0001168966698
1.968629469e-05
3.922349854e-06
1.079400115e-06
6.299734812e-07
5.632514346e-07
5.546207956e-07
5.488574904e-07
5.383629807e-07
5.205638658e-07
4.738379263e-07
4.041526236e-07
3.559264986e-07
3.308722767e-07
3.184593637e-07
0.003823720767
0.00527650195
0.005990271268
0.005819051993
0.005419833255
0.005381260261
0.005903280464
0.006858671122
0.008130691018
0.009598086446
0.01119409731
0.01260107722
0.01307259383
0.01165853598
0.006307297592
0.001894597283
0.0004997914422
0.0001168516541
1.969421049e-05
3.953072021e-06
1.085555738e-06
6.319686424e-07
5.645795377e-07
5.555931394e-07
5.49688582e-07
5.38942942e-07
5.209698355e-07
4.743047859e-07
4.044486038e-07
3.56106067e-07
3.309416956e-07
3.184393662e-07
0.004336612992
0.005286835796
0.006879040612
0.00774333244
0.007491702755
0.006774260481
0.006631677993
0.007306979306
0.008598830534
0.01021771815
0.01183914102
0.01310697522
0.01346949039
0.01190087651
0.006252641067
0.001877294256
0.000496984148
0.0001165964428
1.969004077e-05
3.978634598e-06
1.091419762e-06
6.340925776e-07
5.658139524e-07
5.572507653e-07
5.505558643e-07
5.395978359e-07
5.215198225e-07
4.746952956e-07
4.048635151e-07
3.563073448e-07
3.309929527e-07
0.005064475124
0.005513361436
0.006718125368
0.008409285903
0.009456384568
0.009218088598
0.008278254496
0.007993899786
0.008956307453
0.01076256416
0.01274576791
0.01407819249
0.01434613795
0.01223214587
0.00626162502
0.001863201193
0.0004934673758
0.000116288887
1.969961837e-05
3.993308921e-06
1.096915382e-06
6.371236853e-07
5.682360073e-07
5.590094157e-07
5.519366262e-07
5.404814167e-07
5.220932115e-07
4.753196658e-07
4.052283633e-07
3.565433694e-07
0.005608720036
0.005902019742
0.006638887118
0.008077269255
0.009798437485
0.01099614493
0.01085328114
0.009947754643
0.009829715305
0.01139033353
0.01392661056
0.01577639207
0.01571226353
0.01288684329
0.006336694739
0.001871294019
0.0004898829863
0.0001155516511
1.97513632e-05
4.008122236e-06
1.102811561e-06
6.409890164e-07
5.705194255e-07
5.617977558e-07
5.533266907e-07
5.414459683e-07
5.228835029e-07
4.757918846e-07
4.057514258e-07
0.005660053566
0.005921901153
0.006456713466
0.007469591626
0.009104350163
0.0108473259
0.01194452877
0.01178376547
0.01106430283
0.01141259143
0.01361665187
0.01625911417
0.01717030549
0.01387015389
0.006625425145
0.001936790269
0.000492114483
0.0001153579616
1.988374887e-05
4.035209491e-06
1.110879823e-06
6.462631338e-07
5.750392375e-07
5.64506199e-07
5.554984521e-07
5.426987807e-07
5.236374939e-07
4.765858093e-07
0.00516820797
0.00551434841
0.006020247332
0.006843919333
0.008129878485
0.009864341851
0.0114967575
0.01221922812
0.01195819296
0.01144883432
0.0124814328
0.0152965215
0.01710775527
0.01553719615
0.007365587166
0.002039350274
0.0005068818962
0.0001166913393
2.016401118e-05
4.085192915e-06
1.123059255e-06
6.534642083e-07
5.792455085e-07
5.68739998e-07
5.574467243e-07
5.439490749e-07
0.00343488069
0.003896174874
0.004502330892
0.005336044465
0.006519426851
0.008098858568
0.009894326032
0.01135444761
0.01170200556
0.01135132744
0.01126726995
0.01279256107
0.01562688124
0.01558812448
0.009489008709
0.002762921981
0.0005978517075
0.0001285288344
2.171299413e-05
4.238287152e-06
1.145810405e-06
6.625382256e-07
5.877667428e-07
0.005311757292
0.005389147904
0.004962902233
0.004150161522
0.003226142406
0.002498595324
0.002090830568
0.00184831933
0.001787881858
0.001620947137
0.001505831938
0.001292447887
0.001056246407
0.0007774718334
0.0005665738829
0.001075943288
3.600092267e-07
3.714232803e-07
3.832971675e-07
4.017044241e-07
4.228458189e-07
4.549698561e-07
4.961565797e-07
5.604225183e-07
6.561155218e-07
8.234768994e-07
1.147250178e-06
3.354132949e-07
3.320433861e-07
3.309075895e-07
3.310956709e-07
3.34035315e-07
3.363606805e-07
3.412854861e-07
3.455257439e-07
3.529340082e-07
3.599660201e-07
3.713711958e-07
3.832454989e-07
4.016534966e-07
4.22764634e-07
4.548880033e-07
4.960887824e-07
5.602440481e-07
6.559876465e-07
8.232522423e-07
1.147098733e-06
3.79485057e-07
3.715880331e-07
3.635170726e-07
3.533374614e-07
3.427805863e-07
3.354291218e-07
3.320463944e-07
3.309038292e-07
3.310786109e-07
3.340116493e-07
3.363295965e-07
3.412684e-07
3.455065571e-07
3.52908909e-07
3.5994327e-07
3.71328591e-07
3.832085553e-07
4.015840828e-07
4.227237356e-07
4.547993754e-07
4.959404391e-07
5.601575629e-07
6.557684504e-07
8.230598612e-07
1.146901827e-06
4.009097709e-07
3.962677983e-07
3.914261455e-07
3.856122109e-07
3.795368591e-07
3.716140509e-07
3.635876758e-07
3.534322906e-07
3.427871461e-07
3.354387708e-07
3.320444166e-07
3.308947839e-07
3.310535707e-07
3.340004726e-07
3.363131156e-07
3.412327072e-07
3.454659603e-07
3.528562857e-07
3.598955611e-07
3.712735303e-07
3.831514959e-07
4.015256813e-07
4.226239421e-07
4.54687753e-07
4.95867949e-07
5.599418779e-07
6.556039129e-07
8.227925548e-07
1.146715701e-06
4.220788443e-07
4.186341668e-07
4.153791287e-07
4.11958794e-07
4.086226408e-07
4.047974676e-07
4.00938785e-07
3.962944408e-07
3.914591082e-07
3.856376706e-07
3.795913999e-07
3.71670853e-07
3.636498227e-07
3.53483626e-07
3.427796075e-07
3.354381686e-07
3.320399351e-07
3.308876696e-07
3.310361316e-07
3.33974224e-07
3.362781903e-07
3.412136708e-07
3.454481484e-07
3.528334873e-07
3.598736175e-07
3.712281887e-07
3.831103452e-07
4.014478361e-07
4.22580141e-07
4.545997227e-07
4.95687295e-07
5.598325514e-07
6.553531055e-07
8.225636804e-07
1.146468355e-06
0.000151510217
6.242314729e-06
9.28659332e-07
6.151421661e-07
5.157570074e-07
4.762941886e-07
4.554550597e-07
4.432857335e-07
4.356632937e-07
4.299856043e-07
4.257840653e-07
4.220774365e-07
4.186365012e-07
4.153847006e-07
4.119688839e-07
4.086263724e-07
4.048082957e-07
4.009515629e-07
3.963036942e-07
3.915024274e-07
3.857027544e-07
3.796403311e-07
3.717043335e-07
3.637089853e-07
3.535705029e-07
3.427691048e-07
3.354366197e-07
3.320322263e-07
3.308734485e-07
3.310069277e-07
3.339631236e-07
3.362630978e-07
3.411811371e-07
3.45402109e-07
3.527775966e-07
3.598191125e-07
3.711686549e-07
3.830462687e-07
4.013842314e-07
4.224672251e-07
4.544562186e-07
4.956094886e-07
5.595886645e-07
6.551535875e-07
8.222506931e-07
1.146237085e-06
0.008748107737
0.001512151583
0.0001519464186
6.259662875e-06
9.28050839e-07
6.150396489e-07
5.156849288e-07
4.762907217e-07
4.554538258e-07
4.432822912e-07
4.356595089e-07
4.299790638e-07
4.257857599e-07
4.220749231e-07
4.186440646e-07
4.153860898e-07
4.119805841e-07
4.086412417e-07
4.048362977e-07
4.009889386e-07
3.963370987e-07
3.915473289e-07
3.857320014e-07
3.796852557e-07
3.717755953e-07
3.637760392e-07
3.536141899e-07
3.427662783e-07
3.354346711e-07
3.320249859e-07
3.308651546e-07
3.309893017e-07
3.339384784e-07
3.362227458e-07
3.411541254e-07
3.453841953e-07
3.527557338e-07
3.597961064e-07
3.711203763e-07
3.830000947e-07
4.012963696e-07
4.224062782e-07
4.543692439e-07
4.953960505e-07
5.594460801e-07
6.548703346e-07
8.219833918e-07
1.145936226e-06
0.008810543876
0.001519689491
0.0001526713786
6.285137323e-06
9.274111651e-07
6.147574949e-07
5.156022961e-07
4.762848328e-07
4.554521071e-07
4.432794493e-07
4.356563591e-07
4.299750167e-07
4.25786895e-07
4.22072522e-07
4.186469724e-07
4.153956629e-07
4.119955481e-07
4.086458092e-07
4.048481254e-07
4.01005183e-07
3.96351839e-07
3.915982934e-07
3.858147564e-07
3.797414104e-07
3.718231154e-07
3.638340857e-07
3.536906318e-07
3.427581081e-07
3.354326259e-07
3.32014442e-07
3.308491754e-07
3.309547674e-07
3.339220158e-07
3.362063955e-07
3.41127642e-07
3.453314063e-07
3.526957748e-07
3.597329741e-07
3.710551373e-07
3.829268105e-07
4.012262399e-07
4.222875226e-07
4.541933787e-07
4.953085524e-07
5.591809235e-07
6.546369987e-07
8.216237637e-07
1.145655054e-06
0.008886227596
0.001530412169
0.0001535474449
6.305775604e-06
9.266650368e-07
6.145137192e-07
5.154951783e-07
4.762778074e-07
4.554502192e-07
4.432764121e-07
4.356527079e-07
4.299687177e-07
4.257876883e-07
4.220704773e-07
4.186605941e-07
4.15396049e-07
4.120108499e-07
4.086676576e-07
4.048841221e-07
4.010544901e-07
3.96403022e-07
3.916628195e-07
3.858562321e-07
3.797826418e-07
3.719092387e-07
3.639157305e-07
3.537224769e-07
3.427690911e-07
3.354294229e-07
3.320038972e-07
3.308383907e-07
3.309353435e-07
3.339017481e-07
3.361606734e-07
3.410909794e-07
3.453119666e-07
3.526736719e-07
3.597075747e-07
3.710032514e-07
3.828750799e-07
4.011277115e-07
4.22199968e-07
4.541075283e-07
4.950641079e-07
5.590032224e-07
6.543211907e-07
8.213158073e-07
1.145310437e-06
0.008980591687
0.001541672328
0.0001544258025
6.338857182e-06
9.258356315e-07
6.142421595e-07
5.154113957e-07
4.762688832e-07
4.55447361e-07
4.432729466e-07
4.356483868e-07
4.299626871e-07
4.257883722e-07
4.220681749e-07
4.186643849e-07
4.15409124e-07
4.120329807e-07
4.086752208e-07
4.048990544e-07
4.010748927e-07
3.964286022e-07
3.917251469e-07
3.859652059e-07
3.798575725e-07
3.719760565e-07
3.639770637e-07
3.537858686e-07
3.427806081e-07
3.354255595e-07
3.319898305e-07
3.30820248e-07
3.30894657e-07
3.338776275e-07
3.361386265e-07
3.410708647e-07
3.452550006e-07
3.526075679e-07
3.596340304e-07
3.709311069e-07
3.82790136e-07
4.010469984e-07
4.220796101e-07
4.538994096e-07
4.949629473e-07
5.587198632e-07
6.540530547e-07
8.209136955e-07
1.144982535e-06
0.009098593219
0.001558870915
0.0001558974781
6.374510638e-06
9.24910834e-07
6.13940692e-07
5.153269739e-07
4.762592169e-07
4.554443802e-07
4.432694629e-07
4.356436859e-07
4.299561271e-07
4.257872327e-07
4.220670392e-07
4.186850776e-07
4.154098654e-07
4.120508764e-07
4.087103474e-07
4.049497402e-07
4.011408955e-07
3.965101883e-07
3.91821622e-07
3.860247179e-07
3.798988143e-07
3.72076737e-07
3.640788718e-07
3.538077228e-07
3.428160538e-07
3.354203004e-07
3.319742184e-07
3.308046748e-07
3.308706908e-07
3.338615347e-07
3.360900347e-07
3.410237065e-07
3.452232089e-07
3.525847393e-07
3.596051449e-07
3.708742617e-07
3.827314048e-07
4.009387802e-07
4.219618858e-07
4.538126729e-07
4.946955175e-07
5.585033015e-07
6.537048361e-07
8.205606116e-07
1.144595144e-06
0.009247634939
0.001576899855
0.0001572184717
6.443446476e-06
9.239241881e-07
6.136155677e-07
5.15244141e-07
4.762493392e-07
4.554414494e-07
4.43266131e-07
4.356386364e-07
4.299493425e-07
4.257896027e-07
4.220658754e-07
4.186882137e-07
4.154286927e-07
4.120840611e-07
4.08722064e-07
4.049713982e-07
4.011690401e-07
3.965518534e-07
3.918996584e-07
3.861619566e-07
3.800069825e-07
3.721746335e-07
3.641454187e-07
3.538599958e-07
3.428579999e-07
3.354145445e-07
3.319576929e-07
3.307843368e-07
3.308235337e-07
3.338284403e-07
3.360546917e-07
3.410064999e-07
3.451674785e-07
3.525102372e-07
3.595183995e-07
3.707936995e-07
3.826321779e-07
4.008424898e-07
4.218410186e-07
4.535732023e-07
4.945615538e-07
5.58203006e-07
6.53398719e-07
8.201189933e-07
1.144216781e-06
0.009436778703
0.001605370825
0.0001594898296
6.452476742e-06
9.228362287e-07
6.13277522e-07
5.151681796e-07
4.762408323e-07
4.554383244e-07
4.432638461e-07
4.356339046e-07
4.299429481e-07
4.257909893e-07
4.220669237e-07
4.187194316e-07
4.154310557e-07
4.121019773e-07
4.087817218e-07
4.050491352e-07
4.012648832e-07
3.966837034e-07
3.920506494e-07
3.862491721e-07
3.800544261e-07
3.722874514e-07
3.642699754e-07
3.538827555e-07
3.429170723e-07
3.354056585e-07
3.319352092e-07
3.307615576e-07
3.307908422e-07
3.338143646e-07
3.360049669e-07
3.409506596e-07
3.451159287e-07
3.524855954e-07
3.59484325e-07
3.707294686e-07
3.82563564e-07
4.007261699e-07
4.21689229e-07
4.534793622e-07
4.94279877e-07
5.57945865e-07
6.530185416e-07
8.197162967e-07
1.143784509e-06
0.009677134756
0.001634275279
0.0001615810495
6.58571681e-06
9.218438409e-07
6.129521038e-07
5.151074368e-07
4.762379759e-07
4.554412222e-07
4.432630033e-07
4.356243843e-07
4.299379468e-07
4.257880684e-07
4.220713016e-07
4.187193918e-07
4.154511024e-07
4.121620362e-07
4.087978904e-07
4.050816631e-07
4.013063897e-07
3.967489054e-07
3.921443789e-07
3.864028955e-07
3.802148461e-07
3.724432391e-07
3.64344041e-07
3.539302674e-07
3.429888168e-07
3.353960756e-07
3.319138283e-07
3.307353514e-07
3.307362248e-07
3.337718649e-07
3.359496462e-07
3.409311411e-07
3.450599316e-07
3.523996875e-07
3.593802012e-07
3.706381399e-07
3.824475551e-07
4.006076714e-07
4.215666403e-07
4.532105312e-07
4.941065944e-07
5.57627313e-07
6.526709042e-07
8.192362683e-07
1.143349952e-06
0.009982865028
0.001682392864
0.0001652123684
6.590352387e-06
9.208523524e-07
6.126724981e-07
5.150732199e-07
4.76236251e-07
4.554311733e-07
4.432590138e-07
4.356275562e-07
4.299373089e-07
4.25805365e-07
4.220681794e-07
4.187719533e-07
4.154718179e-07
4.121842761e-07
4.088991556e-07
4.052098095e-07
4.014604193e-07
3.969648118e-07
3.923787596e-07
3.865471981e-07
3.80279821e-07
3.725608927e-07
3.644836412e-07
3.539733401e-07
3.430650329e-07
3.35380152e-07
3.318799493e-07
3.306995158e-07
3.306901809e-07
3.337545483e-07
3.358964097e-07
3.408675232e-07
3.449834287e-07
3.523712336e-07
3.593377366e-07
3.705631159e-07
3.823634858e-07
4.004842158e-07
4.213763848e-07
4.53101459e-07
4.938106024e-07
5.573275667e-07
6.522564488e-07
8.187786085e-07
1.14286248e-06
0.01036419892
0.001729998199
0.0001688183237
6.814429927e-06
9.203652741e-07
6.124656983e-07
5.149970251e-07
4.762422785e-07
4.55474467e-07
4.432803832e-07
4.356064999e-07
4.299281892e-07
4.257991284e-07
4.220914006e-07
4.187661283e-07
4.154856955e-07
4.122999375e-07
4.089184629e-07
4.052616225e-07
4.01527359e-07
3.970624641e-07
3.924827585e-07
3.866857979e-07
3.805036386e-07
3.728150163e-07
3.645780298e-07
3.540255147e-07
3.431591174e-07
3.353621446e-07
3.318472279e-07
3.306581775e-07
3.306304845e-07
3.336995023e-07
3.35813946e-07
3.408374809e-07
3.449218879e-07
3.5227719e-07
3.592082397e-07
3.70456409e-07
3.822276325e-07
4.003348119e-07
4.212473859e-07
4.528037821e-07
4.935910016e-07
5.569856829e-07
6.518626816e-07
8.182543584e-07
1.142359688e-06
0.01080631322
0.00181417148
0.0001749078644
6.81185252e-06
9.193474186e-07
6.123702678e-07
5.151926857e-07
4.763319574e-07
4.554612521e-07
4.432675132e-07
4.356493442e-07
4.299621786e-07
4.258497529e-07
4.220959105e-07
4.188566882e-07
4.155731756e-07
4.123330795e-07
4.09093407e-07
4.054821391e-07
4.017755472e-07
3.974104247e-07
3.928203925e-07
3.869541796e-07
3.806777647e-07
3.729290122e-07
3.646951713e-07
3.541162633e-07
3.432392791e-07
3.353318011e-07
3.317882821e-07
3.305974591e-07
3.305733e-07
3.336742623e-07
3.357509434e-07
3.407658793e-07
3.448146655e-07
3.522260014e-07
3.591528149e-07
3.70366925e-07
3.821189981e-07
4.002032212e-07
4.210136546e-07
4.526693088e-07
4.932770737e-07
5.566414624e-07
6.514069843e-07
8.177359534e-07
1.141803972e-06
0.01134515395
0.00188991131
0.0001817743795
7.217757251e-06
9.214420571e-07
6.127083599e-07
5.150472214e-07
4.763414197e-07
4.556066446e-07
4.433817045e-07
4.356564904e-07
4.299195397e-07
4.258461149e-07
4.221593985e-07
4.188884179e-07
4.155845027e-07
4.125453295e-07
4.091206297e-07
4.055768599e-07
4.019410485e-07
3.975400418e-07
3.929401158e-07
3.870702025e-07
3.809043595e-07
3.732683577e-07
3.648530985e-07
3.542116793e-07
3.433217643e-07
3.353004331e-07
3.317396122e-07
3.305413929e-07
3.305039161e-07
3.335934603e-07
3.356310563e-07
3.407162099e-07
3.447371248e-07
3.521257875e-07
3.589879891e-07
3.70236272e-07
3.819587121e-07
4.000127741e-07
4.208698178e-07
4.523416773e-07
4.930044942e-07
5.562669416e-07
6.509634223e-07
8.171588234e-07
1.141225971e-06
0.01204424614
0.002038488765
0.0001922379194
7.175246341e-06
9.186249808e-07
6.129592407e-07
5.160611261e-07
4.768235787e-07
4.556773885e-07
4.433019543e-07
4.357038384e-07
4.300789935e-07
4.259743636e-07
4.221732735e-07
4.190113395e-07
4.157972674e-07
4.125930565e-07
4.093923948e-07
4.059644881e-07
4.022202375e-07
3.980352467e-07
3.934226148e-07
3.87529112e-07
3.813379074e-07
3.734506907e-07
3.649264177e-07
3.543673201e-07
3.43305472e-07
3.352303377e-07
3.316535782e-07
3.304446278e-07
3.30419868e-07
3.335535746e-07
3.355527873e-07
3.406352333e-07
3.445900217e-07
3.520415961e-07
3.589129239e-07
3.701288239e-07
3.818137005e-07
3.998690994e-07
4.205874702e-07
4.521697944e-07
4.926650809e-07
5.558770273e-07
6.504562169e-07
8.165751806e-07
1.140594742e-06
0.01288516033
0.002160488427
0.0002067543247
8.060555463e-06
9.301022827e-07
6.153370389e-07
5.158317817e-07
4.767623265e-07
4.559244931e-07
4.437332897e-07
4.358875354e-07
4.29973366e-07
4.259750362e-07
4.223671253e-07
4.191744572e-07
4.158286724e-07
4.129717272e-07
4.095854627e-07
4.061306651e-07
4.026669006e-07
3.983273025e-07
3.935591736e-07
3.87697454e-07
3.815135861e-07
3.737185364e-07
3.651996309e-07
3.545565994e-07
3.432018991e-07
3.351623376e-07
3.315824512e-07
3.30378419e-07
3.303373334e-07
3.334369183e-07
3.35383121e-07
3.405493878e-07
3.444841588e-07
3.51934674e-07
3.586986142e-07
3.699611865e-07
3.816221541e-07
3.996274078e-07
4.204167093e-07
4.518095834e-07
4.923336757e-07
5.554566001e-07
6.499589193e-07
8.159353304e-07
1.139945308e-06
0.01400162983
0.002520687076
0.0002256729523
7.868490432e-06
9.234290605e-07
6.167232006e-07
5.188257996e-07
4.783323281e-07
4.565188474e-07
4.436775325e-07
4.358545595e-07
4.304120889e-07
4.262992768e-07
4.224049908e-07
4.193143844e-07
4.162868912e-07
4.131150789e-07
4.098442279e-07
4.068689269e-07
4.030193316e-07
3.988104224e-07
3.942946676e-07
3.884335867e-07
3.822267882e-07
3.741814937e-07
3.654077039e-07
3.547010802e-07
3.430671021e-07
3.350259997e-07
3.314501234e-07
3.30239138e-07
3.302049368e-07
3.333541397e-07
3.352846029e-07
3.40463195e-07
3.442928022e-07
3.517989346e-07
3.585976521e-07
3.698345007e-07
3.814300854e-07
3.99465076e-07
4.200830566e-07
4.515874197e-07
4.919585399e-07
5.550201243e-07
6.493893703e-07
8.152836844e-07
1.139252151e-06
0.01518608834
0.002883464043
0.000262007879
1.00791897e-05
9.57910319e-07
6.242021951e-07
5.183471235e-07
4.780605211e-07
4.567357198e-07
4.444511002e-07
4.365454687e-07
4.304455684e-07
4.262535587e-07
4.228293476e-07
4.19818471e-07
4.163372986e-07
4.135499804e-07
4.105069638e-07
4.070853199e-07
4.035557929e-07
3.995448081e-07
3.94534435e-07
3.886972001e-07
3.824441942e-07
3.743496579e-07
3.657093433e-07
3.549337338e-07
3.4285686e-07
3.349177129e-07
3.313406824e-07
3.301524428e-07
3.301258714e-07
3.331962808e-07
3.350702168e-07
3.403162275e-07
3.441350756e-07
3.516907206e-07
3.583283681e-07
3.696158839e-07
3.812003881e-07
3.991662206e-07
4.198722883e-07
4.511932793e-07
4.915665303e-07
5.5454112e-07
6.488357468e-07
8.14579184e-07
1.138570966e-06
0.01642843514
0.003408571376
0.0003106767854
9.323874023e-06
9.344011741e-07
6.260689248e-07
5.258609906e-07
4.821811182e-07
4.587745948e-07
4.449736743e-07
4.362185575e-07
4.309741144e-07
4.271137566e-07
4.230846973e-07
4.199376818e-07
4.170458775e-07
4.141726672e-07
4.108072053e-07
4.082329707e-07
4.043635529e-07
4.000207996e-07
3.953365572e-07
3.899259723e-07
3.834093805e-07
3.751864716e-07
3.662700207e-07
3.551101134e-07
3.426197265e-07
3.347506003e-07
3.311571438e-07
3.299534473e-07
3.299189142e-07
3.330093222e-07
3.349393883e-07
3.402224394e-07
3.439203203e-07
3.514873816e-07
3.581852818e-07
3.694680694e-07
3.809529696e-07
3.989736712e-07
4.194816334e-07
4.509025832e-07
4.911333732e-07
5.540417524e-07
6.481763818e-07
8.138398151e-07
1.137846582e-06
0.01761332393
0.00376143537
0.0003983887327
1.631230616e-05
1.038954984e-06
6.480742666e-07
5.246978886e-07
4.81844789e-07
4.591017077e-07
4.457458777e-07
4.38264334e-07
4.317801504e-07
4.270771057e-07
4.23675004e-07
4.209601041e-07
4.17491212e-07
4.146350234e-07
4.119837828e-07
4.085314302e-07
4.048040663e-07
4.010655733e-07
3.963654883e-07
3.902714206e-07
3.837416611e-07
3.754904116e-07
3.665859757e-07
3.552837838e-07
3.423336797e-07
3.346205181e-07
3.310277414e-07
3.298362092e-07
3.29812436e-07
3.328626603e-07
3.3471883e-07
3.39985033e-07
3.436659088e-07
3.51358191e-07
3.578344461e-07
3.691630406e-07
3.806511531e-07
3.985652036e-07
4.191844923e-07
4.504087425e-07
4.906109899e-07
5.53400887e-07
6.47456125e-07
8.129455945e-07
1.137196826e-06
0.01855319266
0.004361342823
0.0004762779842
1.468139998e-05
9.79188239e-07
6.483425859e-07
5.428814959e-07
4.904938058e-07
4.62711558e-07
4.486778822e-07
4.382269537e-07
4.321477001e-07
4.285707879e-07
4.245760693e-07
4.212051425e-07
4.181741267e-07
4.158875841e-07
4.124669558e-07
4.100839936e-07
4.062698262e-07
4.021646628e-07
3.971139456e-07
3.919891933e-07
3.851780177e-07
3.768513115e-07
3.675446877e-07
3.553854236e-07
3.42222813e-07
3.344444359e-07
3.308372053e-07
3.295948913e-07
3.295452198e-07
3.325453646e-07
3.34496496e-07
3.398473003e-07
3.434395115e-07
3.510433958e-07
3.576264287e-07
3.689599077e-07
3.802885838e-07
3.9829556e-07
4.18636145e-07
4.499349778e-07
4.899657317e-07
5.526565791e-07
6.464657593e-07
8.118953768e-07
1.136511719e-06
0.01896075189
0.004749699603
0.0006536540175
3.376060259e-05
1.301112013e-06
7.06746749e-07
5.492408931e-07
4.931574053e-07
4.681404674e-07
4.496950256e-07
4.411450033e-07
4.345330446e-07
4.289774728e-07
4.252556003e-07
4.227941623e-07
4.19654701e-07
4.166744445e-07
4.141753175e-07
4.106103426e-07
4.069681236e-07
4.033423149e-07
3.989180132e-07
3.925489013e-07
3.857529387e-07
3.773533075e-07
3.678031026e-07
3.554664639e-07
3.421618222e-07
3.343171451e-07
3.306393145e-07
3.293992451e-07
3.293502273e-07
3.323779916e-07
3.342958614e-07
3.39491659e-07
3.430298053e-07
3.508577937e-07
3.571804372e-07
3.684681487e-07
3.798339782e-07
3.976341431e-07
4.181300171e-07
4.491845762e-07
4.891286957e-07
5.515989486e-07
6.453097363e-07
8.105570491e-07
1.135724307e-06
0.01874621311
0.005816991301
0.0007398571799
3.253501682e-05
1.399061407e-06
7.015496913e-07
5.708063377e-07
5.113029099e-07
4.705371532e-07
4.560053703e-07
4.429247024e-07
4.350015384e-07
4.311545016e-07
4.274504762e-07
4.237778372e-07
4.20368117e-07
4.183877067e-07
4.149374824e-07
4.125423315e-07
4.092527424e-07
4.052571648e-07
3.998308171e-07
3.947467124e-07
3.879824138e-07
3.79359648e-07
3.693051495e-07
3.56233113e-07
3.423025576e-07
3.342175495e-07
3.304623152e-07
3.291382821e-07
3.290444309e-07
3.319566459e-07
3.339175052e-07
3.392259748e-07
3.427873095e-07
3.503792796e-07
3.567517668e-07
3.681651022e-07
3.792681879e-07
3.972326691e-07
4.173185309e-07
4.483638915e-07
4.880698798e-07
5.503909334e-07
6.437212027e-07
8.089439006e-07
1.134653461e-06
0.01780514581
0.007549216982
0.001230023306
6.948749422e-05
2.290047163e-06
8.268399379e-07
6.308592653e-07
5.171875799e-07
4.877179234e-07
4.604265515e-07
4.467507376e-07
4.401826852e-07
4.330829463e-07
4.283038602e-07
4.256550228e-07
4.229461264e-07
4.198335682e-07
4.174812341e-07
4.141276759e-07
4.102676331e-07
4.066001308e-07
4.025139936e-07
3.962282118e-07
3.888969601e-07
3.801949476e-07
3.69838869e-07
3.565239059e-07
3.424318099e-07
3.341499932e-07
3.302083856e-07
3.288418556e-07
3.287460926e-07
3.317203e-07
3.336984922e-07
3.387861564e-07
3.421538983e-07
3.500288801e-07
3.562122558e-07
3.674044128e-07
3.785589534e-07
3.961315887e-07
4.163974788e-07
4.471676011e-07
4.866964066e-07
5.486176546e-07
6.418151846e-07
8.068436638e-07
1.133133522e-06
0.0164364544
0.01064870329
0.0015340617
0.0001069143689
3.026247341e-06
7.99340183e-07
6.47149086e-07
5.657962963e-07
4.961307389e-07
4.6996664e-07
4.53184201e-07
4.410416511e-07
4.356449997e-07
4.321910537e-07
4.281938168e-07
4.241744965e-07
4.22383715e-07
4.187151056e-07
4.16269448e-07
4.135617753e-07
4.097304001e-07
4.041258386e-07
3.986648133e-07
3.922887267e-07
3.83265923e-07
3.723681911e-07
3.583666002e-07
3.43122832e-07
3.342253835e-07
3.300468198e-07
3.285654831e-07
3.28405153e-07
3.311982816e-07
3.330733157e-07
3.381957521e-07
3.418344476e-07
3.493896083e-07
3.55421029e-07
3.668373352e-07
3.776109976e-07
3.954811345e-07
4.151879828e-07
4.457507629e-07
4.848951451e-07
5.465952198e-07
6.3925314e-07
8.041301143e-07
1.130911342e-06
0.01506152946
0.01359427028
0.00286680304
0.0002099912839
2.457643824e-07
9.694227333e-07
7.827336445e-07
5.997783024e-07
5.269942282e-07
4.819634375e-07
4.589296066e-07
4.506632025e-07
4.40578727e-07
4.33868509e-07
4.304048463e-07
4.282434346e-07
4.245502506e-07
4.222422569e-07
4.192992238e-07
4.15105259e-07
4.114713073e-07
4.076351025e-07
4.01762271e-07
3.93789805e-07
3.846899981e-07
3.734815586e-07
3.591908135e-07
3.435441066e-07
3.342661918e-07
3.298002633e-07
3.281608464e-07
3.27955064e-07
3.30709115e-07
3.327652675e-07
3.377062588e-07
3.409350682e-07
3.485977475e-07
3.546594795e-07
3.656708999e-07
3.76509571e-07
3.93751329e-07
4.134517224e-07
4.437322915e-07
4.825932217e-07
5.436332191e-07
6.359821719e-07
8.004684278e-07
1.127752307e-06
0.01393172599
0.01624767304
0.005350601444
0.0006593431262
6.427465618e-05
3.683175065e-06
7.112770093e-07
6.93931164e-07
5.440020767e-07
5.006951837e-07
4.740898182e-07
4.527383349e-07
4.439239488e-07
4.402948203e-07
4.355566011e-07
4.302590942e-07
4.284912101e-07
4.246443967e-07
4.219752101e-07
4.197114971e-07
4.162562563e-07
4.106906406e-07
4.049798397e-07
3.985560458e-07
3.895858227e-07
3.777008965e-07
3.6284814e-07
3.452379568e-07
3.346400083e-07
3.296525289e-07
3.278104515e-07
3.275087834e-07
3.300792469e-07
3.318948889e-07
3.365923352e-07
3.402894326e-07
3.47745428e-07
3.533487922e-07
3.646183765e-07
3.748811216e-07
3.923808963e-07
4.115663272e-07
4.413460189e-07
4.795055723e-07
5.401235311e-07
6.316749174e-07
7.954884986e-07
1.123273229e-06
0.01276107422
0.01687768602
0.009184181051
0.001707544763
0.0001652629785
2.581785572e-05
2.069529341e-06
9.185189823e-07
6.854340073e-07
5.31259494e-07
4.856155167e-07
4.71256248e-07
4.544338658e-07
4.433505773e-07
4.384581024e-07
4.364050256e-07
4.319356879e-07
4.296167398e-07
4.268210082e-07
4.224417943e-07
4.188661452e-07
4.153881904e-07
4.09859004e-07
4.018188248e-07
3.92033406e-07
3.801490982e-07
3.645372101e-07
3.461596304e-07
3.349834065e-07
3.29481483e-07
3.272910886e-07
3.268672475e-07
3.29203092e-07
3.311555251e-07
3.359450781e-07
3.391571111e-07
3.462172068e-07
3.5210191e-07
3.62762369e-07
3.730342703e-07
3.897924494e-07
4.084532491e-07
4.377862443e-07
4.755123097e-07
5.351257556e-07
6.257554144e-07
7.885859353e-07
1.117066095e-06
0.0118204755
0.01649306872
0.01202734854
0.005072416554
0.0006383860759
7.183127237e-05
1.006691021e-05
1.609365257e-06
7.345898138e-07
6.115765645e-07
5.165875791e-07
4.820835704e-07
4.627706589e-07
4.557112811e-07
4.484004096e-07
4.406388732e-07
4.382558349e-07
4.334749474e-07
4.307758258e-07
4.289227054e-07
4.25941461e-07
4.204854462e-07
4.149614742e-07
4.085756433e-07
3.994629097e-07
3.868431207e-07
3.709670876e-07
3.497792807e-07
3.359230497e-07
3.293375132e-07
3.268218877e-07
3.262015782e-07
3.282937466e-07
3.300768844e-07
3.340701047e-07
3.37692559e-07
3.448906346e-07
3.500518172e-07
3.608120128e-07
3.703463273e-07
3.869643642e-07
4.051967316e-07
4.337840403e-07
4.702497629e-07
5.287804424e-07
6.179448866e-07
7.791691125e-07
1.108295929e-06
0.0106081607
0.01491630008
0.01274697052
0.008645555823
0.00298312034
0.0004127462532
8.372493244e-06
1.036758408e-05
2.097807592e-06
6.983167943e-07
5.719077373e-07
5.205876174e-07
4.753253502e-07
4.606391301e-07
4.530824372e-07
4.498511143e-07
4.438517394e-07
4.4150715e-07
4.380716896e-07
4.333267459e-07
4.299472406e-07
4.273073568e-07
4.221360538e-07
4.143433241e-07
4.044915452e-07
3.920686665e-07
3.748567713e-07
3.515573831e-07
3.36472847e-07
3.291942339e-07
3.260923977e-07
3.253077066e-07
3.269341058e-07
3.285162505e-07
3.331476753e-07
3.36337116e-07
3.423721018e-07
3.478309264e-07
3.578092889e-07
3.670311566e-07
3.829364251e-07
3.999880017e-07
4.27467461e-07
4.629997107e-07
5.198996962e-07
6.068986163e-07
7.657883182e-07
1.095909117e-06
0.009107432999
0.01297636097
0.01214028505
0.01031401683
0.006699151858
0.002009680141
0.0005397531294
8.736850007e-06
3.589115111e-06
1.446627357e-06
7.868696932e-07
5.980426649e-07
5.239858597e-07
4.897311056e-07
4.720443186e-07
4.592541154e-07
4.547704907e-07
4.475427529e-07
4.448810384e-07
4.432799962e-07
4.40559051e-07
4.351435262e-07
4.304852035e-07
4.246132217e-07
4.157502684e-07
4.026999809e-07
3.85343706e-07
3.583538084e-07
3.388147622e-07
3.293511365e-07
3.25466128e-07
3.242670539e-07
3.254121299e-07
3.272075917e-07
3.305463286e-07
3.333775187e-07
3.39925954e-07
3.446454266e-07
3.541978671e-07
3.626576939e-07
3.776665248e-07
3.939159531e-07
4.20430687e-07
4.538755351e-07
5.082084826e-07
5.92012137e-07
7.475095322e-07
1.078028329e-06
0.007444463836
0.01097258242
0.01101130486
0.01045531746
0.008908379436
0.005718350782
0.001654016639
0.000480389488
4.154159696e-05
1.250263481e-05
1.541703779e-06
8.051206561e-07
5.637586241e-07
5.062295895e-07
4.855107517e-07
4.765004829e-07
4.662102284e-07
4.620234063e-07
4.557711849e-07
4.500352193e-07
4.470205839e-07
4.458465334e-07
4.410469613e-07
4.340712402e-07
4.249093575e-07
4.126212493e-07
3.940956209e-07
3.625145163e-07
3.400879764e-07
3.293575871e-07
3.2452616e-07
3.229625092e-07
3.235395764e-07
3.245506776e-07
3.28299981e-07
3.313601551e-07
3.362372363e-07
3.406628372e-07
3.492904487e-07
3.568471517e-07
3.707973342e-07
3.85403876e-07
4.094792494e-07
4.404810902e-07
4.916078702e-07
5.710367312e-07
7.20995177e-07
1.051212741e-06
0.005794644131
0.00900532971
0.009599885896
0.009847932114
0.009471768828
0.008183895659
0.00531638046
0.001455767983
0.0004749708464
0.0001172456072
9.368467677e-06
3.024613505e-06
1.22190514e-06
6.841531302e-07
5.270049857e-07
4.988603829e-07
4.837151817e-07
4.725675506e-07
4.686506529e-07
4.652953974e-07
4.620463373e-07
4.561569031e-07
4.538397876e-07
4.48743065e-07
4.408648393e-07
4.28505013e-07
4.106454685e-07
3.738003635e-07
3.448338593e-07
3.302926035e-07
3.239004292e-07
3.216561294e-07
3.213124917e-07
3.226913053e-07
3.253551295e-07
3.270463082e-07
3.321555087e-07
3.360353014e-07
3.436347152e-07
3.5019956e-07
3.626648768e-07
3.754552932e-07
3.978057191e-07
4.257873541e-07
4.723530583e-07
5.453265337e-07
6.873666994e-07
1.014902865e-06
0.004389343662
0.007353227547
0.008233054547
0.008876010422
0.009210495327
0.008940278354
0.007823295742
0.00494147527
0.001458721588
0.0003417485803
9.976722961e-05
7.71362646e-06
3.239473435e-06
8.030829988e-07
6.305324656e-07
5.250666088e-07
5.018580643e-07
4.912943085e-07
4.811845014e-07
4.736988676e-07
4.699587151e-07
4.689042793e-07
4.644774249e-07
4.593464422e-07
4.51767146e-07
4.407188062e-07
4.231978357e-07
3.815391825e-07
3.475477954e-07
3.310076593e-07
3.233726235e-07
3.203318459e-07
3.196764095e-07
3.200554187e-07
3.224744581e-07
3.246317011e-07
3.285323589e-07
3.315507782e-07
3.381981011e-07
3.43738827e-07
3.547830578e-07
3.659380622e-07
3.854807199e-07
4.09964019e-07
4.519328811e-07
5.186060989e-07
6.515018423e-07
9.72345709e-07
0.003276707012
0.006085710852
0.007128178603
0.00797152198
0.008609043065
0.008896865619
0.008638862077
0.007381046213
0.004129014121
0.001604474348
0.0003444065926
9.810960721e-05
1.869236604e-05
5.496946683e-06
9.684565104e-07
6.465862354e-07
5.349503082e-07
5.064695144e-07
4.948658334e-07
4.879921529e-07
4.821637101e-07
4.769698271e-07
4.760374103e-07
4.714787088e-07
4.648367848e-07
4.540092774e-07
4.380460594e-07
3.91956765e-07
3.530487018e-07
3.32769627e-07
3.233002446e-07
3.195035921e-07
3.180903461e-07
3.185320672e-07
3.204279768e-07
3.214291303e-07
3.251603206e-07
3.278174986e-07
3.337047982e-07
3.384126969e-07
3.482296398e-07
3.57806401e-07
3.756466061e-07
3.976280228e-07
4.356588196e-07
4.960990146e-07
6.193054513e-07
9.318833967e-07
0.002429073235
0.005050536015
0.006232013451
0.007225507715
0.008067466704
0.008718434748
0.008968499603
0.008608030968
0.006999104982
0.002895665924
0.001130811694
0.0002500744159
5.698939011e-05
1.421527093e-05
3.876418506e-06
9.31756554e-07
6.24378561e-07
5.220678485e-07
5.058584063e-07
4.956377985e-07
4.901612973e-07
4.871116049e-07
4.830946175e-07
4.798890557e-07
4.733668677e-07
4.6358542e-07
4.484756219e-07
3.990693426e-07
3.558816603e-07
3.337422568e-07
3.233473372e-07
3.18704414e-07
3.170986199e-07
3.168333077e-07
3.183590751e-07
3.196616014e-07
3.227102332e-07
3.247146829e-07
3.299593372e-07
3.338456742e-07
3.426808618e-07
3.511164457e-07
3.669917081e-07
3.863801835e-07
4.208077165e-07
4.759666415e-07
5.904852456e-07
8.890782617e-07
0.001790289294
0.004150385013
0.005406933534
0.006493894999
0.00747629005
0.008335551587
0.008956621437
0.009131169964
0.008562876158
0.006263585339
0.002320415395
0.00089159458
0.0001745855537
4.951899596e-05
1.03306296e-05
2.659855253e-06
9.185162915e-07
6.038094546e-07
5.201109057e-07
5.074438922e-07
4.990454569e-07
4.935414484e-07
4.922101512e-07
4.884091456e-07
4.829004958e-07
4.733573968e-07
4.576493948e-07
4.076830487e-07
3.6065661e-07
3.356158853e-07
3.235787765e-07
3.182990102e-07
3.160677853e-07
3.157865047e-07
3.170419823e-07
3.175339724e-07
3.203960402e-07
3.221521302e-07
3.268614191e-07
3.302127526e-07
3.382029074e-07
3.455274376e-07
3.601720675e-07
3.778283711e-07
4.094636127e-07
4.599571552e-07
5.661391541e-07
8.532753396e-07
0.001351176645
0.003386845489
0.004689218377
0.005829270467
0.006906034634
0.007911136851
0.008792122701
0.009377482291
0.00932091232
0.0082945022
0.004631987813
0.001717606065
0.0006739276814
0.0001359806808
3.510348501e-05
7.215708911e-06
1.792785464e-06
7.455654627e-07
5.657741326e-07
5.142246876e-07
5.060814731e-07
5.010809241e-07
4.97307414e-07
4.947038085e-07
4.891478131e-07
4.805414788e-07
4.640652366e-07
4.128835182e-07
3.63236587e-07
3.365568234e-07
3.237570295e-07
3.178951574e-07
3.154603289e-07
3.146911222e-07
3.156520564e-07
3.163361212e-07
3.187619311e-07
3.20078424e-07
3.24352642e-07
3.271213357e-07
3.344485295e-07
3.410028949e-07
3.543206046e-07
3.701948483e-07
3.992832501e-07
4.458804181e-07
5.444575484e-07
7.97198952e-07
0.001092060534
0.002770577962
0.004042108284
0.005190100217
0.006307294219
0.007396088345
0.008423529623
0.009326984
0.009813758466
0.009513088021
0.007758703825
0.003308064457
0.001208800717
0.0003510094513
7.644935086e-05
1.7337407e-05
3.72459863e-06
1.117600474e-06
6.045234865e-07
5.3538507e-07
5.126223267e-07
5.059157874e-07
5.038221936e-07
5.00592067e-07
4.958029851e-07
4.87481423e-07
4.699665674e-07
4.188860867e-07
3.668362725e-07
3.380847113e-07
3.240908694e-07
3.17703891e-07
3.148272331e-07
3.140050736e-07
3.148030528e-07
3.149394449e-07
3.17221074e-07
3.183589225e-07
3.222879417e-07
3.24684988e-07
3.314592679e-07
3.372587768e-07
3.497440452e-07
3.644628244e-07
3.91659819e-07
4.34983891e-07
5.269708442e-07
7.744304588e-07
0.0009515279763
0.002280686421
0.003509366598
0.004625451717
0.005744776461
0.006885064959
0.008023463241
0.00913345812
0.009997452301
0.01011831332
0.009180976347
0.005450231082
0.002055947398
0.000597405495
0.0001639485088
3.487428637e-05
7.269406976e-06
1.751940291e-06
7.822228526e-07
5.523097855e-07
5.195702383e-07
5.112996833e-07
5.073901229e-07
5.050589728e-07
5.001591103e-07
4.924360581e-07
4.742124373e-07
4.225194063e-07
3.689427946e-07
3.389387836e-07
3.24309754e-07
3.174967066e-07
3.144599587e-07
3.133010858e-07
3.13890461e-07
3.141459685e-07
3.16146856e-07
3.17004383e-07
3.206055202e-07
3.226388176e-07
3.289605112e-07
3.342438929e-07
3.458432395e-07
3.593658641e-07
3.848334192e-07
4.254556778e-07
5.118711334e-07
7.303844119e-07
0.0008762694279
0.001994937412
0.00309150367
0.004122184082
0.005195743266
0.006339043046
0.007544988454
0.008785196627
0.009937813244
0.01054972476
0.01021342219
0.008151761901
0.003141997706
0.001118100932
0.0002766747788
6.592917088e-05
1.300439021e-05
2.811686846e-06
9.159866309e-07
6.030913811e-07
5.259546913e-07
5.151322917e-07
5.119542732e-07
5.090576233e-07
5.047174748e-07
4.965260827e-07
4.780970173e-07
4.266942754e-07
3.715834308e-07
3.401012733e-07
3.246121906e-07
3.174111297e-07
3.14066751e-07
3.128621032e-07
3.13336057e-07
3.13226106e-07
3.151313999e-07
3.157951702e-07
3.192487544e-07
3.210127293e-07
3.269737771e-07
3.317520445e-07
3.42801723e-07
3.555619123e-07
3.797715952e-07
4.181835111e-07
4.999103385e-07
7.113431447e-07
0.0008246840378
0.001800361519
0.002773436541
0.003727534618
0.004742163897
0.005857805989
0.007087161292
0.008410282221
0.009767981519
0.01081835351
0.01080326787
0.009538908009
0.004928866661
0.001527524634
0.0004715844963
0.0001088891286
2.242366731e-05
4.372173025e-06
1.341636536e-06
6.399397788e-07
5.404924738e-07
5.190103339e-07
5.144038662e-07
5.121391552e-07
5.077321946e-07
4.995097554e-07
4.808108917e-07
4.292347183e-07
3.731878657e-07
3.408004494e-07
3.248219991e-07
3.173077937e-07
3.138417418e-07
3.124044119e-07
3.127381878e-07
3.127119487e-07
3.144168897e-07
3.150213695e-07
3.181257085e-07
3.196559584e-07
3.253162603e-07
3.297486091e-07
3.40208133e-07
3.521703778e-07
3.752229973e-07
4.118144151e-07
4.897336381e-07
6.915143722e-07
0.0007911361371
0.001675136759
0.002556818382
0.003432784997
0.004380851634
0.005444081348
0.00665143549
0.00801044099
0.009474573715
0.01080013867
0.01124348316
0.0103672044
0.006769028028
0.002276572186
0.0006647213837
0.0001943719805
3.129955019e-05
6.267269774e-06
1.598992213e-06
7.33563308e-07
5.498705118e-07
5.225913545e-07
5.176011383e-07
5.148264061e-07
5.108472257e-07
5.01957093e-07
4.833407044e-07
4.320848442e-07
3.750633503e-07
3.416507294e-07
3.250639181e-07
3.172729168e-07
3.135941482e-07
3.121205202e-07
3.123755602e-07
3.121059735e-07
3.137434261e-07
3.142695271e-07
3.172185411e-07
3.185857653e-07
3.23992907e-07
3.28090089e-07
3.381890513e-07
3.496476849e-07
3.718678859e-07
4.069876077e-07
4.81754034e-07
6.766100803e-07
0.0007686313315
0.001579578641
0.00238965183
0.003205526763
0.004097593189
0.005109256314
0.006279795439
0.00764028399
0.009166090388
0.010711701
0.01150973914
0.01090317592
0.008223253714
0.003104364385
0.0009215433621
0.0002319840863
5.345945821e-05
8.852337661e-06
2.27658842e-06
7.906669417e-07
5.70201905e-07
5.257969382e-07
5.193167709e-07
5.169219571e-07
5.129185765e-07
5.036997002e-07
4.850866256e-07
4.338273392e-07
3.762291687e-07
3.421799343e-07
3.252357119e-07
3.17220781e-07
3.134534901e-07
3.118199419e-07
3.119815963e-07
3.117716505e-07
3.132675428e-07
3.131432416e-07
3.164785435e-07
3.176560413e-07
3.228879635e-07
3.267571696e-07
3.364625733e-07
3.47388985e-07
3.688383416e-07
4.027434432e-07
4.749567957e-07
6.638281958e-07
0.0007598815289
0.001506575638
0.002261512175
0.003034519174
0.003884868921
0.004854825068
0.005988544936
0.007327508567
0.008869538743
0.01053877264
0.01169797872
0.01139695397
0.009519641378
0.003920328922
0.00112743384
0.0003093281722
6.406905598e-05
1.167428801e-05
2.632554006e-06
9.189615531e-07
5.810111347e-07
5.291055476e-07
5.215662372e-07
5.187221592e-07
5.147528459e-07
5.051900158e-07
4.86746543e-07
4.357617547e-07
3.775365593e-07
3.427841309e-07
3.254167831e-07
3.172080918e-07
3.132947184e-07
3.116346935e-07
3.1174306e-07
3.113694715e-07
3.128167939e-07
3.126875172e-07
3.158494675e-07
3.169031624e-07
3.219991579e-07
3.256522117e-07
3.351202585e-07
3.457123496e-07
3.666106479e-07
3.995386561e-07
4.696462957e-07
6.529605713e-07
0.0007623764721
0.001450181479
0.002158338466
0.002900577847
0.003719843048
0.004656813186
0.005757196133
0.007066365409
0.008601282897
0.01033497247
0.01176228329
0.0117260431
0.0102554996
0.004844742997
0.001392066989
0.0003662769873
9.097737587e-05
1.482222285e-05
3.455565267e-06
9.858914968e-07
6.037219895e-07
5.319417513e-07
5.228022849e-07
5.201488282e-07
5.160087691e-07
5.062773043e-07
4.878821721e-07
4.369526885e-07
3.783607134e-07
3.431683965e-07
3.255470886e-07
3.171787915e-07
3.132050796e-07
3.11436069e-07
3.114822246e-07
3.111490689e-07
3.124972539e-07
3.125860335e-07
3.15394601e-07
3.160820032e-07
3.21259605e-07
3.247638144e-07
3.339685993e-07
3.442053518e-07
3.645904024e-07
3.967094693e-07
4.651108647e-07
6.440812701e-07
0.0007717184863
0.001399261355
0.002066440491
0.002785948342
0.00358078441
0.004490257912
0.005560453275
0.006840789973
0.008368027037
0.01013669939
0.01174935038
0.01197915867
0.01072334666
0.005700260848
0.001673079679
0.0004451059708
0.0001020442387
1.781654239e-05
3.830989596e-06
1.125781071e-06
6.146562128e-07
5.347341104e-07
5.243831586e-07
5.213619824e-07
5.171789186e-07
5.072292972e-07
4.889780836e-07
4.382603004e-07
3.792601169e-07
3.43590334e-07
3.256778398e-07
3.171794474e-07
3.131020331e-07
3.113145169e-07
3.113242496e-07
3.108797877e-07
3.121957823e-07
3.121467941e-07
3.149602688e-07
3.156900506e-07
3.206618435e-07
3.240276296e-07
3.330742081e-07
3.4308808e-07
3.631076913e-07
3.945771182e-07
4.615751729e-07
6.36936771e-07
0.0007901372755
0.001359245565
0.001993349514
0.002693848997
0.003468101808
0.004354078309
0.005398742496
0.006654292853
0.008170458869
0.009957277052
0.0117154816
0.01217466658
0.01106648472
0.006424379247
0.001939557134
0.0005090751417
0.0001234994443
2.082848515e-05
4.641876517e-06
1.189902896e-06
6.365588699e-07
5.371104199e-07
5.252695304e-07
5.223472338e-07
5.180036708e-07
5.079469181e-07
4.897441864e-07
4.390941535e-07
3.798533326e-07
3.438735306e-07
3.257768251e-07
3.171608573e-07
3.13040628e-07
3.111741307e-07
3.11138541e-07
3.107221713e-07
3.119658603e-07
3.116880351e-07
3.145342244e-07
3.151972112e-07
3.201255494e-07
3.233845052e-07
3.322379331e-07
3.419935437e-07
3.616403798e-07
3.925218782e-07
4.582795005e-07
6.300491819e-07
0.0008211911362
0.001344962568
0.001966648234
0.002639100651
0.00338984499
0.004251232259
0.00527086279
0.006503774285
0.008007121281
0.009802978922
0.01167088484
0.01231786533
0.01132828265
0.007031968447
0.002192306224
0.0005793019291
0.0001349033672
2.360498118e-05
4.959701519e-06
1.318394145e-06
6.46205239e-07
5.399587171e-07
5.264174556e-07
5.232078222e-07
5.188125105e-07
5.086085811e-07
4.905206571e-07
4.400221511e-07
3.805018254e-07
3.441809063e-07
3.258704902e-07
3.171573138e-07
3.129557182e-07
3.110746379e-07
3.110077289e-07
3.1049446e-07
3.117118826e-07
3.112441093e-07
3.141207153e-07
3.148039396e-07
3.196075076e-07
3.227479927e-07
3.314603935e-07
3.410203008e-07
3.60347016e-07
3.906584673e-07
4.551839366e-07
6.232835436e-07
0.0008612420047
0.001350111402
0.001964942978
0.002616134183
0.00334218948
0.00417731815
0.00517145197
0.006383446265
0.007873705511
0.009669638731
0.01160024914
0.01242929051
0.01153005933
0.007534073598
0.002419917483
0.0006280931506
0.0001523662586
2.618010161e-05
5.651779545e-06
1.369388768e-06
6.652000678e-07
5.417585354e-07
5.270740723e-07
5.239327909e-07
5.194016108e-07
5.09130041e-07
4.910834107e-07
4.406351705e-07
3.809487425e-07
3.443979883e-07
3.259459083e-07
3.171371915e-07
3.128999451e-07
3.109473958e-07
3.108374041e-07
3.103482393e-07
3.114976976e-07
3.109455606e-07
3.137406475e-07
3.143128026e-07
3.190904895e-07
3.221244878e-07
3.306448737e-07
3.39951268e-07
3.58910491e-07
3.88642673e-07
4.519465918e-07
6.166350481e-07
0.0009033445203
0.001383828247
0.001983137766
0.002612779807
0.003313896794
0.004122724218
0.005092407445
0.00628641382
0.007765335694
0.009556178887
0.01152965327
0.01249514893
0.01169662012
0.00794587198
0.002619995124
0.0006858947152
0.000168016112
2.862453414e-05
5.878714695e-06
1.474483591e-06
6.72808644e-07
5.449991013e-07
5.279352544e-07
5.245728724e-07
5.199942608e-07
5.096227402e-07
4.916734699e-07
4.413436489e-07
3.814558355e-07
3.446430876e-07
3.260199166e-07
3.171309048e-07
3.128219443e-07
3.10855737e-07
3.1071537e-07
3.101322728e-07
3.112574945e-07
3.107974208e-07
3.134139726e-07
3.139241691e-07
3.185834391e-07
3.215019591e-07
3.298796642e-07
3.38992257e-07
3.576338844e-07
3.868007077e-07
4.488823399e-07
6.100998753e-07
0.0009320782562
0.001412562346
0.001999093913
0.00261283671
0.003292789911
0.004078874161
0.005027529168
0.006206695003
0.00767674888
0.009462500055
0.01146481385
0.01257299088
0.01184987296
0.008284753351
0.002792998521
0.000736369667
0.0001834682266
3.061778677e-05
6.403698558e-06
1.509168619e-06
6.881606489e-07
5.462543538e-07
5.284373142e-07
5.251232159e-07
5.204323211e-07
5.10018497e-07
4.921043122e-07
4.418132502e-07
3.818078901e-07
3.448180011e-07
3.260809364e-07
3.171104945e-07
3.127700743e-07
3.107365679e-07
3.105545901e-07
3.099940683e-07
3.110536468e-07
3.105317522e-07
3.130655551e-07
3.135393034e-07
3.180774013e-07
3.208878143e-07
3.290731177e-07
3.379350532e-07
3.56210799e-07
3.848023106e-07
4.456712212e-07
6.036741015e-07
0.0009389517738
0.001418746386
0.002001091231
0.002606213896
0.003273476389
0.004043159802
0.004974756531
0.006141145669
0.007604142402
0.009387155745
0.01140717665
0.01260504557
0.01194916269
0.008563593708
0.002941171102
0.000780619951
0.0001872348804
3.268731321e-05
6.501976293e-06
1.588339061e-06
6.94008403e-07
5.488456473e-07
5.29094703e-07
5.256136796e-07
5.208839481e-07
5.104012458e-07
4.925719949e-07
4.423786351e-07
3.82223013e-07
3.450240943e-07
3.26143696e-07
3.17103054e-07
3.126970484e-07
3.106502289e-07
3.104388929e-07
3.097868373e-07
3.108232254e-07
3.103612617e-07
3.126730756e-07
3.131570504e-07
3.175782967e-07
3.202755539e-07
3.283170465e-07
3.36987502e-07
3.549480576e-07
3.829795676e-07
4.426374756e-07
5.973548798e-07
0.0009220676945
0.001381980268
0.001974470912
0.002590157283
0.003258777912
0.004018764562
0.004934620153
0.006087814053
0.007543583289
0.009327400894
0.01135776714
0.01262853255
0.01205994062
0.008793851491
0.003067514223
0.0008162741645
0.0001916521149
3.419780516e-05
6.700089271e-06
1.609121329e-06
7.061114157e-07
5.498937868e-07
5.294909848e-07
5.260434208e-07
5.212226681e-07
5.107148079e-07
4.929170014e-07
4.427560004e-07
3.825142877e-07
3.45170677e-07
3.261945927e-07
3.17083102e-07
3.126481397e-07
3.105365965e-07
3.10284982e-07
3.096549832e-07
3.106261095e-07
3.100783975e-07
3.123399724e-07
3.127761653e-07
3.170804918e-07
3.196678764e-07
3.27516959e-07
3.359396787e-07
3.535359854e-07
3.809969906e-07
4.394526985e-07
5.911386026e-07
0.0008894586236
0.001298025737
0.001923283838
0.002569816706
0.00325625312
0.004012564594
0.004907602889
0.006043077735
0.00748547154
0.009274009415
0.0113170283
0.01264502965
0.0121141529
0.008983534673
0.003174972633
0.0008455776213
0.0002002798014
3.564504487e-05
6.850631623e-06
1.668306378e-06
7.107393549e-07
5.519690952e-07
5.300060095e-07
5.264304405e-07
5.21580296e-07
5.110247966e-07
4.93304393e-07
4.43231092e-07
3.828740433e-07
3.453551557e-07
3.262524664e-07
3.170755796e-07
3.125788357e-07
3.104541557e-07
3.101741742e-07
3.094539887e-07
3.104017303e-07
3.098990346e-07
3.119435409e-07
3.123961001e-07
3.165869501e-07
3.190638122e-07
3.267676313e-07
3.350018178e-07
3.522854787e-07
3.791925591e-07
4.364501748e-07
5.850228354e-07
0.000852716828
0.001170657288
0.001857249018
0.002552960318
0.003263324316
0.004018716587
0.004892989052
0.006004098601
0.007426344015
0.009213561833
0.01127771488
0.01265560137
0.01218409841
0.009140448371
0.003266223274
0.0008705466483
0.0002056933039
3.697712406e-05
6.982561079e-06
1.684256557e-06
7.20151644e-07
5.52880873e-07
5.303271892e-07
5.267759484e-07
5.218521097e-07
5.112833244e-07
4.935921587e-07
4.435486298e-07
3.831226047e-07
3.45482266e-07
3.262967491e-07
3.170566905e-07
3.125323218e-07
3.103445768e-07
3.100253868e-07
3.093267225e-07
3.102081047e-07
3.096136887e-07
3.115799003e-07
3.12017009e-07
3.160955119e-07
3.184622384e-07
3.259715858e-07
3.339616619e-07
3.508829667e-07
3.772250145e-07
4.332923541e-07
5.790040049e-07
0.0008262701944
0.001018318916
0.001792372281
0.002550721005
0.003279786265
0.004033104053
0.004890790283
0.005969258069
0.007367894067
0.009148980791
0.0112322035
0.01265995447
0.01222082051
0.009270255826
0.003343659652
0.0008921496942
0.0002130230892
3.825562661e-05
7.112235516e-06
1.730813901e-06
7.236052356e-07
5.546260575e-07
5.307412143e-07
5.270912051e-07
5.221463663e-07
5.115442003e-07
4.939260958e-07
4.43971624e-07
3.834540184e-07
3.456566899e-07
3.263538739e-07
3.170498976e-07
3.124659793e-07
3.102652509e-07
3.099180437e-07
3.09129911e-07
3.099868712e-07
3.094358947e-07
3.113681191e-07
3.116391695e-07
3.15605749e-07
3.178648131e-07
3.252276496e-07
3.330322395e-07
3.496437396e-07
3.754384281e-07
4.303217915e-07
5.730801746e-07
0.0008186499765
0.0009061405808
0.001744018093
0.002561969022
0.003305360597
0.00405400474
0.004894103847
0.005937711227
0.00731041337
0.009081361241
0.01117848546
0.01265660963
0.01226006664
0.009378032563
0.003409306087
0.0009109632602
0.0002197600616
3.963335072e-05
7.249581734e-06
1.747221772e-06
7.267660119e-07
5.554785938e-07
5.310060927e-07
5.273779976e-07
5.223730618e-07
5.117653867e-07
4.941763996e-07
4.442470349e-07
3.836733964e-07
3.457722785e-07
3.263942448e-07
3.17032539e-07
3.124215378e-07
3.101588182e-07
3.09773122e-07
3.090054287e-07
3.09794564e-07
3.091547559e-07
3.110657181e-07
3.112625323e-07
3.151190665e-07
3.172689724e-07
3.244346738e-07
3.319985504e-07
3.482500201e-07
3.734856633e-07
4.271919668e-07
5.672480207e-07
0.0008334446938
0.0008096605734
0.001728637331
0.002588902744
0.003343611511
0.00408120915
0.004900888224
0.005910597178
0.0072553626
0.009013120795
0.01111843524
0.01264310049
0.01228345168
0.009466891207
0.003465011208
0.00092762192
0.0002251926232
4.123035817e-05
7.408750068e-06
1.763670229e-06
7.298052256e-07
5.569408041e-07
5.313475784e-07
5.276436626e-07
5.226249836e-07
5.119928568e-07
4.944754485e-07
4.446446194e-07
3.839932096e-07
3.459415786e-07
3.264529387e-07
3.170270243e-07
3.123576875e-07
3.100821014e-07
3.096681824e-07
3.088109184e-07
3.095748778e-07
3.08982591e-07
3.108387602e-07
3.108998004e-07
3.146316922e-07
3.166775408e-07
3.23695278e-07
3.310768418e-07
3.470217982e-07
3.717172032e-07
4.242553108e-07
5.61505849e-07
0.0008712533684
0.0007368555977
0.001744567989
0.002639659933
0.003394491444
0.004115014079
0.00491001175
0.005887496714
0.007204353641
0.008946843061
0.01105687501
0.01261933816
0.01230001847
0.009539924611
0.003512099792
0.0009422914742
0.0002290870638
4.293165033e-05
7.621280139e-06
1.78153159e-06
7.328650129e-07
5.578427836e-07
5.315695666e-07
5.278897791e-07
5.228217871e-07
5.121888218e-07
4.947014433e-07
4.448911258e-07
3.841942485e-07
3.460550287e-07
3.264919176e-07
3.170115658e-07
3.123151647e-07
3.099781786e-07
3.095259989e-07
3.086879545e-07
3.093830581e-07
3.087050649e-07
3.105038466e-07
3.10545204e-07
3.141493173e-07
3.160873606e-07
3.229046687e-07
3.300488582e-07
3.456365718e-07
3.697793877e-07
4.211549928e-07
5.558503231e-07
0.0009337523878
0.0007111626226
0.001803180908
0.002714524915
0.003455279264
0.004152994557
0.004920356114
0.005867947825
0.007158223393
0.008884750797
0.01099756643
0.01259040776
0.01230813793
0.00960100288
0.003552185473
0.0009561517333
0.0002331554203
4.487829467e-05
7.864665504e-06
1.801242798e-06
7.359878174e-07
5.591161155e-07
5.318596836e-07
5.281195242e-07
5.230439284e-07
5.123919288e-07
4.949756904e-07
4.452726554e-07
3.845074147e-07
3.462204887e-07
3.265526093e-07
3.170077735e-07
3.122541718e-07
3.099044379e-07
3.094237435e-07
3.084964853e-07
3.091667783e-07
3.085362523e-07
3.102475871e-07
3.102269876e-07
3.136666747e-07
3.15508296e-07
3.221771159e-07
3.29144062e-07
3.444320802e-07
3.680478124e-07
4.182844649e-07
5.504044536e-07
0.001023098017
0.0007459246077
0.001918409026
0.002810705576
0.003522817959
0.004193051052
0.004931078088
0.00585149594
0.007117265511
0.008828433379
0.01094315153
0.01256067624
0.01231155433
0.009655463054
0.003586176683
0.000967093976
0.0002353227889
4.677821826e-05
8.120941775e-06
1.823075791e-06
7.392342339e-07
5.599029432e-07
5.320434855e-07
5.283338898e-07
5.232170434e-07
5.125662802e-07
4.951785135e-07
4.454952228e-07
3.846916567e-07
3.463286628e-07
3.265893314e-07
3.169936717e-07
3.122137103e-07
3.098043376e-07
3.092861996e-07
3.083768479e-07
3.08979654e-07
3.0826031e-07
3.098960222e-07
3.099115417e-07
3.132021554e-07
3.149360245e-07
3.214065072e-07
3.281454226e-07
3.430889311e-07
3.661750367e-07
4.153032852e-07
5.450537977e-07
0.001140897599
0.000889276524
0.002088663638
0.002923770297
0.003593824398
0.004233408115
0.004942451676
0.005837822439
0.007081573904
0.008778784966
0.01089590218
0.01253430331
0.01231556735
0.009712972748
0.003613674409
0.0009772826192
0.0002385049914
4.794621582e-05
8.449457636e-06
1.847097921e-06
7.426263162e-07
5.609743671e-07
5.323282998e-07
5.285375431e-07
5.234165257e-07
5.127483366e-07
4.954272972e-07
4.458493327e-07
3.849857133e-07
3.464839994e-07
3.266480053e-07
3.169887154e-07
3.121540337e-07
3.097325777e-07
3.091857438e-07
3.081876323e-07
3.087671807e-07
3.080842905e-07
3.096259831e-07
3.096030873e-07
3.127233398e-07
3.143708294e-07
3.206943765e-07
3.272621523e-07
3.419170786e-07
3.644982529e-07
4.125447644e-07
5.397968847e-07
0.00128404379
0.001148051454
0.002306429027
0.003048015923
0.003665001912
0.004272356176
0.004954072318
0.0058235224
0.007041047236
0.008719457372
0.01084082961
0.01250313476
0.01232495106
0.009803365696
0.003621024007
0.0009752335318
0.0002371167064
4.859311927e-05
8.728784686e-06
1.874051515e-06
7.462360569e-07
5.613695176e-07
5.324252933e-07
5.287325711e-07
5.235779819e-07
5.129098509e-07
4.956132714e-07
4.460522947e-07
3.851556556e-07
3.465860131e-07
3.266805991e-07
3.169730765e-07
3.121139874e-07
3.096333763e-07
3.09049119e-07
3.080685863e-07
3.085813797e-07
3.077968263e-07
3.092657402e-07
3.092891911e-07
3.122679735e-07
3.138016472e-07
3.199283151e-07
3.262730608e-07
3.405906098e-07
3.62657424e-07
4.09637403e-07
5.346302799e-07
0.001415268765
0.001492431027
0.002474538153
0.003130439419
0.003708107835
0.004294910534
0.004961914887
0.005796408333
0.006950085726
0.008554456562
0.01063389588
0.01243594359
0.01233553022
0.01013461308
0.003913301668
0.001054664843
0.0002581848155
5.227415316e-05
9.51785635e-06
1.988561955e-06
7.617095048e-07
5.639262044e-07
5.327426457e-07
5.289003442e-07
5.237432727e-07
5.130654125e-07
4.958340907e-07
4.463784517e-07
3.854308524e-07
3.467329053e-07
3.267375577e-07
3.169756448e-07
3.12055477e-07
3.09563014e-07
3.089497041e-07
3.078804778e-07
3.083714393e-07
3.076101642e-07
3.089943654e-07
3.089109822e-07
3.117915406e-07
3.13258199e-07
3.192234048e-07
3.254016854e-07
3.394382587e-07
3.610159737e-07
4.069571148e-07
5.295518444e-07
0.0008002644463
0.001295403789
0.002511092247
0.003164300066
0.003727599636
0.004307546892
0.004969396207
0.005791593829
0.006910994198
0.008475964047
0.01051756622
0.01237297287
0.01234020802
0.01034632034
0.004175888934
0.001138877079
0.0002748458568
5.699206667e-05
1.030858846e-05
2.111180968e-06
7.783398179e-07
5.658328338e-07
5.331693643e-07
5.291492206e-07
5.24001234e-07
5.133732071e-07
4.962956432e-07
4.470143511e-07
3.859303068e-07
3.469969763e-07
3.26838569e-07
3.169819081e-07
3.120281759e-07
3.094696781e-07
3.088166292e-07
3.077641774e-07
3.081877651e-07
3.073172688e-07
3.086383018e-07
3.085834744e-07
3.113346137e-07
3.126085434e-07
3.184604444e-07
3.244204859e-07
3.381258425e-07
3.59203275e-07
4.041168314e-07
5.245590818e-07
0.0007270259461
0.001232429593
0.002470150729
0.003166965256
0.003732310944
0.004311974571
0.004972664438
0.005790161243
0.006893813088
0.008436758917
0.01045142741
0.01233268331
0.01234843604
0.0104956708
0.004447698738
0.001227465024
0.0002982309951
6.077266768e-05
1.142361618e-05
2.249643233e-06
7.972129106e-07
5.698484357e-07
5.33485586e-07
5.293057956e-07
5.241651163e-07
5.13521007e-07
4.965004182e-07
4.473275574e-07
3.861970477e-07
3.471409643e-07
3.268949259e-07
3.169853484e-07
3.119696842e-07
3.094003654e-07
3.087180318e-07
3.075770916e-07
3.079801797e-07
3.071277338e-07
3.083744197e-07
3.081903861e-07
3.108723014e-07
3.12070672e-07
3.177621512e-07
3.235606036e-07
3.369923811e-07
3.575960527e-07
4.015119474e-07
5.196509954e-07
0.0007340669094
0.001226148986
0.002367616355
0.003102811493
0.003701447117
0.004298576172
0.00496662759
0.005785629256
0.006889261592
0.008427049447
0.01042564781
0.01231703125
0.01236187949
0.01061977995
0.004700496044
0.001336121366
0.0003250116491
6.764246554e-05
1.243791539e-05
2.426291459e-06
8.196998822e-07
5.726190012e-07
5.340665513e-07
5.29558707e-07
5.244084663e-07
5.138190559e-07
4.969670764e-07
4.479911276e-07
3.86733247e-07
3.474245393e-07
3.270047252e-07
3.169979031e-07
3.119449875e-07
3.093071548e-07
3.085852492e-07
3.07461705e-07
3.077978079e-07
3.068356146e-07
3.08026943e-07
3.078532722e-07
3.103947818e-07
3.111640666e-07
3.170033576e-07
3.225881579e-07
3.356953747e-07
3.558129562e-07
3.987393831e-07
5.148243634e-07
0.0002333279585
0.001098655696
0.002181175268
0.00296086322
0.003608937288
0.004243579029
0.004940126685
0.005782492092
0.006895265565
0.008438620702
0.01044276201
0.01233363319
0.01238706312
0.0106402236
0.004706610368
0.001337410821
0.0003261078132
6.74108311e-05
1.261751974e-05
2.478500209e-06
8.272218501e-07
5.731542945e-07
5.342576489e-07
5.297335414e-07
5.245859627e-07
5.139705907e-07
4.971425095e-07
4.482405242e-07
3.869241137e-07
3.475316386e-07
3.270454849e-07
3.169874745e-07
3.118850902e-07
3.092376589e-07
0.000613348789
0.001484639711
0.002228355748
0.002927545209
0.003574321531
0.004219268476
0.004927029601
0.005779883967
0.006907465108
0.008464978316
0.010479068
0.01234989645
0.01240673418
0.01064943161
0.004706523508
0.001338078699
0.0003269838464
6.719396463e-05
1.273370805e-05
2.514971275e-06
8.32914663e-07
5.735715306e-07
5.344367228e-07
5.299308815e-07
5.247279892e-07
5.141097468e-07
4.973240042e-07
4.484592029e-07
3.871345273e-07
3.476539641e-07
3.270872273e-07
3.169779946e-07
0.001151280354
0.00177953253
0.00232334511
0.002914208448
0.003544440851
0.0041938974
0.00491250494
0.005777458991
0.006919475189
0.008487794322
0.0105128781
0.0123637699
0.01242637442
0.01065812436
0.004705906076
0.001338227459
0.000327719382
6.694565227e-05
1.277041107e-05
2.536254151e-06
8.368781421e-07
5.739121663e-07
5.346658927e-07
5.300944511e-07
5.249048039e-07
5.142598528e-07
4.974983975e-07
4.487133309e-07
3.873270953e-07
3.477622018e-07
3.271282998e-07
0.001542417636
0.001997046395
0.002433018537
0.002930045864
0.003525920319
0.00417161098
0.004898695013
0.005776165374
0.006937652734
0.008515043464
0.01054973017
0.01237886715
0.01245120743
0.01066949752
0.004704803767
0.001337724279
0.0003284557708
6.668753553e-05
1.277767705e-05
2.543725255e-06
8.396985423e-07
5.742735683e-07
5.348762799e-07
5.303375465e-07
5.250698673e-07
5.144120808e-07
4.976863581e-07
4.489335638e-07
3.875398868e-07
3.478855029e-07
3.271698395e-07
0.00183950632
0.002189475437
0.00255952085
0.00299191421
0.00352432723
0.004158722864
0.004889766888
0.005781027703
0.006965840681
0.008555864875
0.01059571983
0.01239765674
0.01248376873
0.01068420391
0.004702349507
0.001336454656
0.0003286092837
6.64232319e-05
1.27746406e-05
2.548356683e-06
8.417496368e-07
5.746360916e-07
5.351663893e-07
5.305581757e-07
5.252889082e-07
5.145841497e-07
4.978713005e-07
4.491971529e-07
3.877347153e-07
3.479948008e-07
0.002107858012
0.002395438194
0.002712370975
0.00309449749
0.00357466458
0.004170968564
0.004897408793
0.005806161082
0.007013055115
0.008618280172
0.01065829443
0.01242433254
0.01252788893
0.01070349217
0.004698990392
0.001334671777
0.0003286150341
6.614533527e-05
1.27627694e-05
2.547221446e-06
8.431841679e-07
5.750743648e-07
5.354396692e-07
5.308808735e-07
5.254927201e-07
5.147597985e-07
4.980743897e-07
4.494253403e-07
3.879557907e-07
0.002399051768
0.002649272768
0.002904025286
0.00323984736
0.003681162207
0.004246835431
0.004959726049
0.005876431254
0.007096180563
0.008714668075
0.01074730274
0.01246646115
0.0125896683
0.01073033807
0.004692229374
0.001332170197
0.0003284399582
6.58170446e-05
1.274331728e-05
2.547706636e-06
8.433637213e-07
5.755894762e-07
5.358502934e-07
5.311812558e-07
5.257752188e-07
5.149658524e-07
4.982783723e-07
4.497098273e-07
3.881589983e-07
0.002817591144
0.00301176615
0.003165432779
0.003436613758
0.003841934227
0.004392978914
0.005102274283
0.006021641462
0.007244242504
0.008865239889
0.01087613118
0.01253330319
0.01267717068
0.01076910707
0.004683412669
0.001328092451
0.0003281240639
6.509362127e-05
1.270802225e-05
2.550304475e-06
8.418159727e-07
5.761489235e-07
5.362489011e-07
5.316547563e-07
5.260528145e-07
5.151878589e-07
4.985136938e-07
4.499575883e-07
0.003375040013
0.003644252329
0.003593747387
0.003720954604
0.004064653078
0.004604256129
0.00533174068
0.006272298872
0.007497562304
0.009101290876
0.01106036507
0.01264126539
0.01280190204
0.01082562387
0.004669423297
0.001321594067
0.0003277548826
6.414091825e-05
1.26727021e-05
2.555033364e-06
8.405472736e-07
5.772347683e-07
5.368995829e-07
5.321208663e-07
5.264654931e-07
5.154648622e-07
4.987594042e-07
4.502861718e-07
0.003621581094
0.004552122396
0.004477530216
0.004289840609
0.004419811683
0.004890890623
0.005643813625
0.006635949745
0.007887710989
0.009461986737
0.01135187776
0.01280522112
0.01298013812
0.01090687484
0.004657135115
0.001313830187
0.0003270850281
6.332378685e-05
1.265352362e-05
2.561240011e-06
8.419209459e-07
5.779960638e-07
5.375494322e-07
5.328931782e-07
5.268868874e-07
5.15777564e-07
4.990587361e-07
0.003817616643
0.005295514884
0.005935887102
0.005632801302
0.005226780203
0.005356753581
0.0060088628
0.007061726373
0.00839786645
0.009963759345
0.01171662285
0.01297085893
0.01313902914
0.01100895208
0.004638742235
0.001303666852
0.0003258851591
6.275003172e-05
1.264342563e-05
2.5688386e-06
8.429129344e-07
5.799250346e-07
5.386767058e-07
5.336716587e-07
5.275423113e-07
5.161851219e-07
4.993812466e-07
0.004419042173
0.005406713986
0.007080033459
0.007699879485
0.007216416951
0.006492273509
0.006554259754
0.007443892407
0.008864108954
0.01056127723
0.01228198375
0.01344137613
0.0135660451
0.0111898193
0.004642876425
0.001293643293
0.000324267549
6.241153426e-05
1.263670776e-05
2.577249374e-06
8.449759083e-07
5.812749242e-07
5.398301142e-07
5.349918458e-07
5.282196969e-07
5.166557531e-07
0.005106822148
0.005641244042
0.007036363347
0.008830896442
0.009624233362
0.009088565542
0.008018910204
0.007981039526
0.009209554626
0.01114882849
0.01313730323
0.0143598119
0.01432252197
0.01142845572
0.004675820303
0.001284157555
0.0003224842707
6.23408972e-05
1.264653658e-05
2.586698656e-06
8.479279701e-07
5.848685944e-07
5.418857006e-07
5.363074159e-07
5.293071677e-07
0.005530004459
0.005887326641
0.006791999204
0.008477272661
0.01028792938
0.01120785992
0.01071556842
0.009605934957
0.009856961094
0.01180726119
0.01444683678
0.01604157647
0.01553053406
0.01197881097
0.004768306573
0.001291508971
0.0003212091516
6.244518997e-05
1.268868021e-05
2.600017007e-06
8.522540462e-07
5.870942999e-07
5.440270348e-07
0.00549873598
0.005810783628
0.006443689797
0.007659890028
0.009550925187
0.01132727249
0.0121985005
0.01174105772
0.01088464508
0.01165269398
0.01426139394
0.01681738585
0.01710681624
0.01283614005
0.005099363525
0.001323091705
0.0003231238502
6.291567076e-05
1.279641526e-05
2.62201024e-06
0.003222845429
0.002450540366
0.002011668967
0.001642066632
0.001544152491
0.001462586143
0.001377230722
0.001204197499
0.0009699381708
0.0007151095127
0.000339323675
3.588019782e-07
3.696916447e-07
3.82077202e-07
3.998100238e-07
4.216054428e-07
4.528513922e-07
4.948428262e-07
5.580514128e-07
6.546754901e-07
8.210016727e-07
1.146200374e-06
3.33228965e-07
3.3044105e-07
3.295109169e-07
3.299007598e-07
3.326412364e-07
3.351360248e-07
3.398095979e-07
3.442897182e-07
3.513446483e-07
3.587505594e-07
3.696561833e-07
3.82022727e-07
3.997701777e-07
4.215120241e-07
4.527887831e-07
4.947686822e-07
5.578855171e-07
6.545266301e-07
8.208297334e-07
1.14602071e-06
3.665985982e-07
3.586577407e-07
3.48858215e-07
3.391345588e-07
3.332460373e-07
3.304470028e-07
3.295088291e-07
3.298889391e-07
3.326209346e-07
3.351019756e-07
3.397937241e-07
3.442666172e-07
3.513244039e-07
3.587232141e-07
3.696090698e-07
3.819747796e-07
3.997020218e-07
4.214661865e-07
4.527030023e-07
4.946081779e-07
5.578068594e-07
6.543203649e-07
8.205971195e-07
1.145844197e-06
3.898918977e-07
3.853192492e-07
3.797903673e-07
3.738195222e-07
3.666493287e-07
3.586905261e-07
3.48892608e-07
3.39162268e-07
3.332576207e-07
3.304467015e-07
3.295036034e-07
3.298660176e-07
3.326089686e-07
3.350852688e-07
3.397665114e-07
3.44217924e-07
3.512815621e-07
3.586670304e-07
3.695669861e-07
3.819150599e-07
3.996579083e-07
4.213561243e-07
4.526044661e-07
4.945307898e-07
5.576091473e-07
6.541182365e-07
8.203887086e-07
1.145631607e-06
4.042813915e-07
4.012284826e-07
3.977286255e-07
3.941611854e-07
3.899228673e-07
3.853636907e-07
3.798208067e-07
3.738570056e-07
3.667156401e-07
3.587598974e-07
3.489261616e-07
3.391801023e-07
3.332623523e-07
3.304444905e-07
3.29498566e-07
3.298544037e-07
3.325877178e-07
3.35048634e-07
3.397433233e-07
3.441972359e-07
3.512629403e-07
3.586402195e-07
3.695194174e-07
3.818657672e-07
3.995789942e-07
4.21308246e-07
4.525226731e-07
4.943386653e-07
5.574935782e-07
6.538959044e-07
8.20119234e-07
1.145400918e-06
4.204363811e-07
4.167987023e-07
4.134492619e-07
4.10371448e-07
4.074102057e-07
4.042885401e-07
4.012319579e-07
3.977465978e-07
3.941958214e-07
3.899488693e-07
3.853805148e-07
3.798526859e-07
3.739486445e-07
3.667694515e-07
3.587803318e-07
3.489567895e-07
3.391936334e-07
3.332653346e-07
3.304401008e-07
3.2948862e-07
3.298279149e-07
3.325711339e-07
3.350337842e-07
3.39719182e-07
3.441450645e-07
3.512154701e-07
3.585768568e-07
3.694712625e-07
3.817990864e-07
3.995297037e-07
4.211873959e-07
4.523875879e-07
4.942572046e-07
5.572807946e-07
6.536504042e-07
8.198609018e-07
1.145148191e-06
0.0001166199172
4.013247501e-06
8.188379321e-07
5.697813524e-07
4.914192795e-07
4.593648957e-07
4.421432255e-07
4.3198375e-07
4.254096394e-07
4.204262777e-07
4.167953359e-07
4.134424586e-07
4.103694507e-07
4.074084722e-07
4.042916004e-07
4.012460149e-07
3.977649985e-07
3.942094334e-07
3.899796745e-07
3.854370959e-07
3.798935321e-07
3.739899633e-07
3.668318497e-07
3.588436749e-07
3.489995786e-07
3.392096044e-07
3.332673693e-07
3.30435139e-07
3.294812628e-07
3.298155203e-07
3.325515729e-07
3.349930728e-07
3.396889555e-07
3.441250819e-07
3.511971041e-07
3.5854982e-07
3.694234883e-07
3.817462802e-07
3.994402013e-07
4.211208773e-07
4.523093473e-07
4.940335588e-07
5.571201358e-07
6.534007494e-07
8.195607588e-07
1.144858878e-06
0.00940308792
0.001406574574
0.0001173122399
4.02734152e-06
8.181404203e-07
5.696311169e-07
4.913893098e-07
4.593676469e-07
4.421429609e-07
4.31981078e-07
4.254056403e-07
4.204153329e-07
4.167931345e-07
4.134348572e-07
4.103679247e-07
4.074070976e-07
4.04302023e-07
4.012515513e-07
3.977857402e-07
3.942572694e-07
3.900151063e-07
3.854595743e-07
3.799304301e-07
3.740973299e-07
3.668981492e-07
3.588573333e-07
3.490367279e-07
3.392270041e-07
3.332699525e-07
3.304275968e-07
3.294687653e-07
3.297846527e-07
3.32530616e-07
3.349772481e-07
3.396672887e-07
3.440687345e-07
3.511441826e-07
3.584785755e-07
3.693661667e-07
3.816707959e-07
3.993821798e-07
4.209972717e-07
4.521400355e-07
4.939431188e-07
5.568954455e-07
6.531235665e-07
8.192449805e-07
1.14456274e-06
0.009485980154
0.00141688636
0.0001178844947
4.039732667e-06
8.173732409e-07
5.694580398e-07
4.913586798e-07
4.593699138e-07
4.421426189e-07
4.319775862e-07
4.25402068e-07
4.204023543e-07
4.167877896e-07
4.134278657e-07
4.103664564e-07
4.074058447e-07
4.043058853e-07
4.012741434e-07
3.978127718e-07
3.9427848e-07
3.90049658e-07
3.855323471e-07
3.799983618e-07
3.74148198e-07
3.669579569e-07
3.589225126e-07
3.490991754e-07
3.392485541e-07
3.332715317e-07
3.304199276e-07
3.294584737e-07
3.297700925e-07
3.325123749e-07
3.349329722e-07
3.396295548e-07
3.440476e-07
3.511248993e-07
3.584496039e-07
3.693193396e-07
3.816127794e-07
3.992827724e-07
4.209050859e-07
4.52061515e-07
4.936979219e-07
5.566923372e-07
6.528354253e-07
8.189169065e-07
1.144223631e-06
0.009588680331
0.00142670854
0.0001186417605
4.06328377e-06
8.165406095e-07
5.69262558e-07
4.913263814e-07
4.593712922e-07
4.421416071e-07
4.319727534e-07
4.253845831e-07
4.203889117e-07
4.167813799e-07
4.134178475e-07
4.103651942e-07
4.074038756e-07
4.043243114e-07
4.012838115e-07
3.978384182e-07
3.943457819e-07
3.901045106e-07
3.85563159e-07
3.800454727e-07
3.742742253e-07
3.670422092e-07
3.589385405e-07
3.491445302e-07
3.392730813e-07
3.332745976e-07
3.304098516e-07
3.294434796e-07
3.297327254e-07
3.324857366e-07
3.349110315e-07
3.396101171e-07
3.439868039e-07
3.510646891e-07
3.583683575e-07
3.692498704e-07
3.815256717e-07
3.992129089e-07
4.207805091e-07
4.518626883e-07
4.935780169e-07
5.564505189e-07
6.525355396e-07
8.185446564e-07
1.14388734e-06
0.009716228186
0.001443459632
0.0001198830405
4.08611271e-06
8.156419996e-07
5.690442241e-07
4.912951718e-07
4.593737918e-07
4.421405459e-07
4.319669864e-07
4.253761466e-07
4.203724895e-07
4.167721381e-07
4.134046821e-07
4.103621376e-07
4.074060766e-07
4.043318347e-07
4.013215476e-07
3.978836988e-07
3.943761289e-07
3.90143589e-07
3.856563505e-07
3.801585231e-07
3.743449344e-07
3.67092585e-07
3.590116473e-07
3.492380768e-07
3.393035223e-07
3.332758654e-07
3.303978457e-07
3.294285112e-07
3.297139122e-07
3.324687539e-07
3.348640405e-07
3.395631786e-07
3.439565624e-07
3.510440157e-07
3.583365782e-07
3.692036215e-07
3.814620753e-07
3.991037323e-07
4.206610796e-07
4.517746906e-07
4.933239955e-07
5.562120395e-07
6.522013327e-07
8.181853014e-07
1.143499405e-06
0.009876723431
0.001458562984
0.0001206726783
4.102417999e-06
8.146742944e-07
5.688067177e-07
4.912663395e-07
4.593763699e-07
4.421395869e-07
4.319597233e-07
4.253482371e-07
4.203523379e-07
4.167628657e-07
4.133908327e-07
4.103633922e-07
4.074042084e-07
4.043649436e-07
4.013368033e-07
3.979167036e-07
3.944663914e-07
3.902325212e-07
3.857119751e-07
3.802196692e-07
3.744822255e-07
3.672013392e-07
3.590472301e-07
3.492924859e-07
3.393370562e-07
3.33279242e-07
3.30385498e-07
3.294104304e-07
3.29668388e-07
3.324347861e-07
3.348309086e-07
3.395447051e-07
3.438943633e-07
3.509746429e-07
3.582428863e-07
3.691199607e-07
3.813589594e-07
3.990185337e-07
4.205330139e-07
4.515543151e-07
4.931659494e-07
5.559439956e-07
6.518809252e-07
8.177600362e-07
1.143119099e-06
0.01008014116
0.001486204118
0.0001232389739
4.14909155e-06
8.136888902e-07
5.685615201e-07
4.912429363e-07
4.593752658e-07
4.421376373e-07
4.319519796e-07
4.253307273e-07
4.203324994e-07
4.167547472e-07
4.133691246e-07
4.103657652e-07
4.074198054e-07
4.043778365e-07
4.014015698e-07
3.979983531e-07
3.945218836e-07
3.902773875e-07
3.858240867e-07
3.80395945e-07
3.745962626e-07
3.672386083e-07
3.591302677e-07
3.494338884e-07
3.393785296e-07
3.332800997e-07
3.303672408e-07
3.293874254e-07
3.296416132e-07
3.324184081e-07
3.347811011e-07
3.394878342e-07
3.438495964e-07
3.509514774e-07
3.582065041e-07
3.690720182e-07
3.812890937e-07
3.988997628e-07
4.203860386e-07
4.514468673e-07
4.929014086e-07
5.556766242e-07
6.514992461e-07
8.173628434e-07
1.142681831e-06
0.01033878488
0.001510774741
0.0001231984415
4.177189153e-06
8.126909094e-07
5.683220608e-07
4.912347207e-07
4.593950901e-07
4.421423331e-07
4.319439881e-07
4.253093025e-07
4.203115029e-07
4.167479109e-07
4.133521154e-07
4.103699934e-07
4.074203293e-07
4.04436017e-07
4.014251455e-07
3.980412715e-07
3.946268915e-07
3.904196067e-07
3.859420409e-07
3.804834304e-07
3.7471686e-07
3.673785602e-07
3.592184271e-07
3.494974536e-07
3.39421418e-07
3.332813861e-07
3.303509197e-07
3.293650051e-07
3.295875973e-07
3.323749308e-07
3.347302246e-07
3.394667858e-07
3.437861969e-07
3.508695715e-07
3.580961672e-07
3.689722815e-07
3.811649993e-07
3.987945367e-07
4.20248808e-07
4.512063715e-07
4.92706932e-07
5.553757311e-07
6.511536083e-07
8.168893683e-07
1.142249712e-06
0.01066793654
0.0015573605
0.0001282991789
4.237114334e-06
8.118054353e-07
5.681269812e-07
4.912508422e-07
4.593911781e-07
4.421357737e-07
4.319387227e-07
4.252860064e-07
4.202986591e-07
4.167427394e-07
4.133327975e-07
4.103833337e-07
4.074623374e-07
4.044579557e-07
4.015408385e-07
3.981820382e-07
3.947412073e-07
3.904823354e-07
3.860691571e-07
3.807134067e-07
3.74911907e-07
3.674150836e-07
3.593096207e-07
3.49705739e-07
3.394731321e-07
3.332773812e-07
3.303231684e-07
3.293278773e-07
3.295459191e-07
3.32356309e-07
3.346762636e-07
3.393975637e-07
3.437187898e-07
3.508417174e-07
3.580521669e-07
3.689185103e-07
3.810859331e-07
3.986648766e-07
4.200730664e-07
4.510765453e-07
4.924243173e-07
5.550794216e-07
6.507262122e-07
8.164435124e-07
1.141754813e-06
0.01108526029
0.001599560723
0.0001281869585
4.304793173e-06
8.111242358e-07
5.679711132e-07
4.91238526e-07
4.594553584e-07
4.421719676e-07
4.319370916e-07
4.252646945e-07
4.202918813e-07
4.167339204e-07
4.133274043e-07
4.104102157e-07
4.074720267e-07
4.045650245e-07
4.015766049e-07
3.982441399e-07
3.948472831e-07
3.906875473e-07
3.863056851e-07
3.809063358e-07
3.749853645e-07
3.67585614e-07
3.595095642e-07
3.49777731e-07
3.395154801e-07
3.332715325e-07
3.303002205e-07
3.292988365e-07
3.2948286e-07
3.322982694e-07
3.345981802e-07
3.393717345e-07
3.436537825e-07
3.507454127e-07
3.579184583e-07
3.687991648e-07
3.809347965e-07
3.985339612e-07
4.199212287e-07
4.508112928e-07
4.921920122e-07
5.54741892e-07
6.503441941e-07
8.15922178e-07
1.14125639e-06
0.01161068881
0.001679050534
0.0001368038169
4.370682816e-06
8.107454024e-07
5.680820065e-07
4.914541052e-07
4.594838344e-07
4.421493074e-07
4.319237786e-07
4.252509299e-07
4.202853196e-07
4.167529719e-07
4.133357071e-07
4.104501428e-07
4.075549196e-07
4.046064198e-07
4.017847053e-07
3.984748052e-07
3.950738665e-07
3.908548985e-07
3.864836958e-07
3.810823969e-07
3.75274494e-07
3.676978747e-07
3.596125026e-07
3.500423146e-07
3.395582843e-07
3.33255136e-07
3.302565591e-07
3.292429658e-07
3.294134131e-07
3.322732766e-07
3.34538649e-07
3.392902093e-07
3.435515155e-07
3.507015106e-07
3.578623148e-07
3.687346412e-07
3.808413276e-07
3.983898733e-07
4.197112555e-07
4.506559385e-07
4.918832873e-07
5.544108311e-07
6.498725686e-07
8.154153895e-07
1.140693688e-06
0.01226445646
0.001754261056
0.0001374816199
4.547789246e-06
8.113026292e-07
5.680960684e-07
4.913942123e-07
4.596179487e-07
4.423042307e-07
4.319869261e-07
4.252602436e-07
4.203122173e-07
4.167125932e-07
4.13323121e-07
4.105256818e-07
4.07607544e-07
4.048130317e-07
4.018362618e-07
3.985686672e-07
3.952050932e-07
3.910705244e-07
3.867824444e-07
3.814719023e-07
3.753373363e-07
3.678681226e-07
3.599969649e-07
3.501027768e-07
3.39578069e-07
3.332304395e-07
3.302189493e-07
3.292055039e-07
3.293419711e-07
3.32190893e-07
3.344200445e-07
3.392419847e-07
3.434808507e-07
3.505983685e-07
3.576942707e-07
3.685885721e-07
3.806540928e-07
3.982259896e-07
4.195395763e-07
4.503564259e-07
4.916091405e-07
5.540341826e-07
6.494418724e-07
8.148445079e-07
1.140121457e-06
0.01298397432
0.001893695975
0.0001519138661
4.598577551e-06
8.101792986e-07
5.687685335e-07
4.922678741e-07
4.598938159e-07
4.422721376e-07
4.319334272e-07
4.252284355e-07
4.203221291e-07
4.16833731e-07
4.134431491e-07
4.106475872e-07
4.077481092e-07
4.048918103e-07
4.021736789e-07
3.989508642e-07
3.955478143e-07
3.914507368e-07
3.872079059e-07
3.815882072e-07
3.756769723e-07
3.68247821e-07
3.601146352e-07
3.503415892e-07
3.396030178e-07
3.331840346e-07
3.301432974e-07
3.291197475e-07
3.292268512e-07
3.321549957e-07
3.343505062e-07
3.391634492e-07
3.433351749e-07
3.505106319e-07
3.576204362e-07
3.685084087e-07
3.805404317e-07
3.980622969e-07
4.192844564e-07
4.501719414e-07
4.91266766e-07
5.536593195e-07
6.489245127e-07
8.142668469e-07
1.139483519e-06
0.01373886318
0.002079776902
0.0001557418302
5.048314133e-06
8.166404499e-07
5.699782328e-07
4.920567006e-07
4.600650167e-07
4.426916834e-07
4.322386925e-07
4.254130976e-07
4.204707969e-07
4.167545318e-07
4.13424579e-07
4.107647004e-07
4.078862573e-07
4.052953422e-07
4.022996888e-07
3.991018873e-07
3.958180491e-07
3.917955521e-07
3.87418898e-07
3.821478995e-07
3.75967226e-07
3.684360057e-07
3.606428746e-07
3.504253942e-07
3.39590127e-07
3.33139727e-07
3.300779236e-07
3.290585779e-07
3.29157974e-07
3.320587515e-07
3.341835747e-07
3.390605141e-07
3.432351718e-07
3.504101462e-07
3.574060222e-07
3.683251325e-07
3.803040893e-07
3.978547502e-07
4.190887513e-07
4.498281122e-07
4.909433452e-07
5.53238903e-07
6.484339235e-07
8.136402357e-07
1.138841749e-06
0.01497318164
0.002435049128
0.0001814569968
4.995961495e-06
8.130187631e-07
5.717335211e-07
4.948154744e-07
4.612863174e-07
4.428332164e-07
4.320177448e-07
4.253663602e-07
4.204697053e-07
4.17084291e-07
4.137976738e-07
4.110915482e-07
4.081764866e-07
4.054157174e-07
4.026943348e-07
3.997849289e-07
3.963241906e-07
3.922905897e-07
3.88164087e-07
3.82327168e-07
3.762937951e-07
3.692301593e-07
3.608243377e-07
3.505442539e-07
3.395746655e-07
3.33042841e-07
3.299610881e-07
3.289226575e-07
3.28989114e-07
3.319530613e-07
3.340768644e-07
3.389922896e-07
3.430594034e-07
3.502607352e-07
3.573083959e-07
3.682230472e-07
3.801651908e-07
3.976689916e-07
4.187771752e-07
4.496079765e-07
4.905611211e-07
5.528121769e-07
6.478657023e-07
8.129880106e-07
1.138141275e-06
0.01629206485
0.002730604613
0.0002025126287
6.289102457e-06
8.363952455e-07
5.77654455e-07
4.948383315e-07
4.613300839e-07
4.435374941e-07
4.330702695e-07
4.259874821e-07
4.209576709e-07
4.171591859e-07
4.138001142e-07
4.112161817e-07
4.084027663e-07
4.060815847e-07
4.032185359e-07
3.999841411e-07
3.966993733e-07
3.929442684e-07
3.883902075e-07
3.829216774e-07
3.771707689e-07
3.694252672e-07
3.612274014e-07
3.507220083e-07
3.395249644e-07
3.329676787e-07
3.298578338e-07
3.288176826e-07
3.289047219e-07
3.31866642e-07
3.33890353e-07
3.388269603e-07
3.428930606e-07
3.501599778e-07
3.570460677e-07
3.679964002e-07
3.798726545e-07
3.974058807e-07
4.185528301e-07
4.492163251e-07
4.901820986e-07
5.523421966e-07
6.473105524e-07
8.123040492e-07
1.137473512e-06
0.01769137682
0.003265980234
0.0002530307424
6.141366563e-06
8.214237378e-07
5.784103804e-07
4.997061255e-07
4.642243844e-07
4.446844013e-07
4.330695522e-07
4.257604336e-07
4.210006163e-07
4.17596813e-07
4.144942182e-07
4.118755932e-07
4.09072119e-07
4.064054217e-07
4.035984097e-07
4.010140191e-07
3.976127175e-07
3.936232783e-07
3.893887544e-07
3.837268816e-07
3.775691052e-07
3.705312731e-07
3.617133338e-07
3.507843945e-07
3.394861736e-07
3.328382111e-07
3.29717389e-07
3.286580739e-07
3.286923639e-07
3.316783538e-07
3.337033326e-07
3.387416187e-07
3.427090734e-07
3.499494182e-07
3.569079239e-07
3.678605782e-07
3.796967032e-07
3.971966759e-07
4.181776836e-07
4.489462575e-07
4.897478401e-07
5.518504053e-07
6.46672473e-07
8.115704417e-07
1.136747524e-06
0.01893194066
0.003491071553
0.0003130296988
1.042451607e-05
8.947538627e-07
6.001511497e-07
5.044302985e-07
4.666135407e-07
4.461091807e-07
4.34375998e-07
4.275137244e-07
4.220884754e-07
4.180173438e-07
4.146960171e-07
4.122809832e-07
4.093283167e-07
4.072195039e-07
4.04613379e-07
4.013316591e-07
3.981053131e-07
3.9449845e-07
3.898433178e-07
3.843609164e-07
3.789525635e-07
3.707330191e-07
3.618813484e-07
3.510437654e-07
3.39441569e-07
3.327249758e-07
3.295501359e-07
3.284975508e-07
3.285690396e-07
3.31565255e-07
3.33521527e-07
3.385129757e-07
3.424475563e-07
3.498206282e-07
3.5656843e-07
3.675609028e-07
3.793161327e-07
3.968363928e-07
4.178846384e-07
4.484520781e-07
4.892490728e-07
5.512438244e-07
6.459559779e-07
8.10718032e-07
1.136099369e-06
0.01989772701
0.004343415178
0.0003910235621
1.128391035e-05
8.532008721e-07
6.001284345e-07
5.112239684e-07
4.689606011e-07
4.482887073e-07
4.363200332e-07
4.276461395e-07
4.222269469e-07
4.188969954e-07
4.157642876e-07
4.130763201e-07
4.105871223e-07
4.081019841e-07
4.050541703e-07
4.026043782e-07
3.995320762e-07
3.955303203e-07
3.911763035e-07
3.859653836e-07
3.795041655e-07
3.717957573e-07
3.629312877e-07
3.513943942e-07
3.394361256e-07
3.325897304e-07
3.294104382e-07
3.283331002e-07
3.283364537e-07
3.312750261e-07
3.332346519e-07
3.383927765e-07
3.422443616e-07
3.495108478e-07
3.563830489e-07
3.673698267e-07
3.790756493e-07
3.965476494e-07
4.173419644e-07
4.480262266e-07
4.886132292e-07
5.505063878e-07
6.450116496e-07
8.096819056e-07
1.135433114e-06
0.02020201111
0.004438491048
0.0005603257191
2.294548727e-05
1.077672929e-06
6.507177116e-07
5.283092534e-07
4.825601535e-07
4.544214574e-07
4.381304129e-07
4.300319475e-07
4.244822128e-07
4.197732777e-07
4.164920851e-07
4.141961228e-07
4.110536968e-07
4.089558553e-07
4.066584238e-07
4.036163381e-07
4.003903344e-07
3.966796078e-07
3.922369538e-07
3.867260613e-07
3.810501282e-07
3.727946505e-07
3.631791754e-07
3.51571974e-07
3.394321425e-07
3.324829377e-07
3.291959765e-07
3.281066745e-07
3.281075634e-07
3.311240858e-07
3.330657606e-07
3.38090356e-07
3.41832918e-07
3.493274493e-07
3.559175767e-07
3.669159885e-07
3.784940606e-07
3.959554298e-07
4.168659132e-07
4.472658617e-07
4.877981699e-07
5.495118714e-07
6.43851923e-07
8.084000851e-07
1.134658554e-06
0.01980090801
0.005134879716
0.0005940232345
2.423866263e-05
1.064075244e-06
6.699181741e-07
5.4141355e-07
4.805490343e-07
4.559367984e-07
4.433631502e-07
4.318976343e-07
4.252542968e-07
4.214573509e-07
4.181412323e-07
4.152333815e-07
4.12880563e-07
4.106649165e-07
4.073833859e-07
4.051031657e-07
4.020768292e-07
3.982318621e-07
3.940025916e-07
3.890634623e-07
3.823360823e-07
3.738600351e-07
3.645427818e-07
3.525347097e-07
3.396068895e-07
3.324098921e-07
3.290578802e-07
3.279147669e-07
3.278698868e-07
3.307729484e-07
3.326388127e-07
3.378115229e-07
3.415891038e-07
3.488403004e-07
3.555788837e-07
3.665848022e-07
3.781063684e-07
3.955308062e-07
4.160291832e-07
4.465209874e-07
4.867689912e-07
5.482990362e-07
6.423269016e-07
8.068069298e-07
1.133618693e-06
0.01850330404
0.006528362274
0.001028039405
4.374212371e-05
1.581778008e-06
7.500222974e-07
5.984881713e-07
5.176590309e-07
4.710180239e-07
4.465058226e-07
4.362460881e-07
4.288741649e-07
4.230997635e-07
4.196876594e-07
4.1729187e-07
4.141038956e-07
4.116899797e-07
4.097190009e-07
4.068400867e-07
4.036185233e-07
4.000469039e-07
3.957960616e-07
3.901116206e-07
3.840094109e-07
3.756429884e-07
3.655730146e-07
3.528537572e-07
3.397750507e-07
3.323665291e-07
3.288270935e-07
3.276054907e-07
3.275423003e-07
3.304537708e-07
3.324279733e-07
3.374583881e-07
3.409664189e-07
3.485735153e-07
3.54994747e-07
3.658950895e-07
3.772257879e-07
3.945238318e-07
4.151887454e-07
4.453192169e-07
4.8539686e-07
5.466251054e-07
6.40415895e-07
8.047757835e-07
1.13212158e-06
0.01674325555
0.009596597403
0.001271308297
8.528377721e-05
2.764886974e-06
8.54863035e-07
5.771971155e-07
5.205038817e-07
4.820511724e-07
4.59127318e-07
4.395991552e-07
4.311699032e-07
4.262259795e-07
4.22255801e-07
4.188406962e-07
4.16074027e-07
4.144392173e-07
4.109194973e-07
4.087411354e-07
4.058538917e-07
4.022139913e-07
3.980545797e-07
3.933859944e-07
3.863761496e-07
3.773702463e-07
3.673163662e-07
3.547222088e-07
3.404083124e-07
3.324332083e-07
3.286788548e-07
3.273612366e-07
3.272493418e-07
3.300494993e-07
3.31861999e-07
3.368665484e-07
3.4063535e-07
3.47843925e-07
3.542873607e-07
3.6527815e-07
3.765223005e-07
3.938499457e-07
4.13898529e-07
4.439830578e-07
4.836705399e-07
5.445894072e-07
6.37925682e-07
8.021021219e-07
1.129934686e-06
0.01489579604
0.01270411775
0.002378671578
0.0001479356953
6.12284443e-06
9.138019546e-07
8.407821721e-07
5.71684835e-07
4.962090221e-07
4.630594855e-07
4.508750391e-07
4.375867615e-07
4.292827749e-07
4.248749644e-07
4.221806036e-07
4.19111731e-07
4.160508899e-07
4.141886539e-07
4.114557411e-07
4.082813845e-07
4.049108199e-07
4.009039305e-07
3.949458486e-07
3.885763216e-07
3.800318996e-07
3.695751421e-07
3.55458729e-07
3.408183989e-07
3.324944957e-07
3.284609735e-07
3.269774234e-07
3.268021765e-07
3.294890353e-07
3.314475405e-07
3.364452425e-07
3.397201168e-07
3.472841971e-07
3.535249059e-07
3.642433853e-07
3.752041559e-07
3.921513292e-07
4.123203445e-07
4.420168273e-07
4.81328487e-07
5.417550498e-07
6.346698406e-07
7.985194416e-07
1.126801881e-06
0.01358776381
0.01617873625
0.004700025685
0.0005199757816
3.370572219e-05
2.827092312e-06
4.623998828e-07
6.337734722e-07
5.415321659e-07
4.907925599e-07
4.542918246e-07
4.423772611e-07
4.346921618e-07
4.295399957e-07
4.24933604e-07
4.212442615e-07
4.198990615e-07
4.161972122e-07
4.141065794e-07
4.114502329e-07
4.080673198e-07
4.03966234e-07
3.99511786e-07
3.924715018e-07
3.830854129e-07
3.72150804e-07
3.585641911e-07
3.423203638e-07
3.328053475e-07
3.282979942e-07
3.266295395e-07
3.263737247e-07
3.289348292e-07
3.307456721e-07
3.353894344e-07
3.391459073e-07
3.462669038e-07
3.522293646e-07
3.630612415e-07
3.738493042e-07
3.909306143e-07
4.103334433e-07
4.396457423e-07
4.783699944e-07
5.382548453e-07
6.304299863e-07
7.936032447e-07
1.122361286e-06
0.01250134025
0.01727936743
0.008335923423
0.001363900442
0.0001247221133
1.370300991e-05
2.494565284e-06
8.846896916e-07
6.39645058e-07
5.067918303e-07
4.797716868e-07
4.537490375e-07
4.409170235e-07
4.333552359e-07
4.301429622e-07
4.268525495e-07
4.228310847e-07
4.209161414e-07
4.182330012e-07
4.151122229e-07
4.11929739e-07
4.082962572e-07
4.023083837e-07
3.958264184e-07
3.870768651e-07
3.761986221e-07
3.607947214e-07
3.431611799e-07
3.331162072e-07
3.281335512e-07
3.261517123e-07
3.257689614e-07
3.280650341e-07
3.298947566e-07
3.347699311e-07
3.378894135e-07
3.450357072e-07
3.510567475e-07
3.614731998e-07
3.7186867e-07
3.881873471e-07
4.073598934e-07
4.362677371e-07
4.743249409e-07
5.33384071e-07
6.245626399e-07
7.867972031e-07
1.116185615e-06
0.01169776785
0.01695341941
0.01180904463
0.004121731286
0.0005129673867
7.430807831e-05
7.116861231e-06
1.077821728e-06
6.882549612e-07
5.851762208e-07
4.921227964e-07
4.708153815e-07
4.504624103e-07
4.42872303e-07
4.354601748e-07
4.299983527e-07
4.284808221e-07
4.242836578e-07
4.221233176e-07
4.197001494e-07
4.166944681e-07
4.128422889e-07
4.087800924e-07
4.018411401e-07
3.922812676e-07
3.805476685e-07
3.654405704e-07
3.462322075e-07
3.339017745e-07
3.279790012e-07
3.256603229e-07
3.251087504e-07
3.27163795e-07
3.290054721e-07
3.330636974e-07
3.366429694e-07
3.435794923e-07
3.489439225e-07
3.592897652e-07
3.69293774e-07
3.857113872e-07
4.041559915e-07
4.321836139e-07
4.691896604e-07
5.271142253e-07
6.168203471e-07
7.774609308e-07
1.107463871e-06
0.01057515065
0.01529122092
0.01284565514
0.00813424747
0.002210307275
0.0004156373346
6.04016107e-05
1.013995547e-05
1.999349401e-06
8.517025292e-07
6.079261117e-07
5.202134916e-07
4.686859853e-07
4.507137019e-07
4.445478486e-07
4.395464459e-07
4.335724893e-07
4.313739568e-07
4.284015125e-07
4.25259013e-07
4.222358996e-07
4.191925614e-07
4.135135436e-07
4.072845672e-07
3.98562175e-07
3.873226227e-07
3.707132095e-07
3.47670934e-07
3.343863387e-07
3.278193673e-07
3.249972375e-07
3.242587304e-07
3.259202755e-07
3.274394763e-07
3.320214581e-07
3.350226199e-07
3.413170901e-07
3.468483122e-07
3.566859366e-07
3.661602638e-07
3.814433439e-07
3.988789753e-07
4.261282018e-07
4.619824606e-07
5.183496086e-07
6.058512908e-07
7.642129199e-07
1.09512243e-06
0.009113968432
0.01322871346
0.0122990668
0.01015086892
0.006036245564
0.00144667281
0.0001771530573
2.494119969e-05
4.053337126e-06
1.146512218e-06
7.017042479e-07
5.335645375e-07
4.81247481e-07
4.661783393e-07
4.556544581e-07
4.461832148e-07
4.432890332e-07
4.372562684e-07
4.345193095e-07
4.321697377e-07
4.296007714e-07
4.262682314e-07
4.230332613e-07
4.164940872e-07
4.071345364e-07
3.949962577e-07
3.780972838e-07
3.534317623e-07
3.362319904e-07
3.278088086e-07
3.243035126e-07
3.232567255e-07
3.243771589e-07
3.262013744e-07
3.295539766e-07
3.324677142e-07
3.388840559e-07
3.435716768e-07
3.528653911e-07
3.615377255e-07
3.764847343e-07
3.93167536e-07
4.190746098e-07
4.529185167e-07
5.067808733e-07
5.910702554e-07
7.460400146e-07
1.077304429e-06
0.007463852102
0.01114299619
0.01115664431
0.0104903025
0.008627696276
0.005065012406
0.001180682207
0.0001818298649
1.088037825e-06
4.757367124e-06
1.538436661e-06
7.713586946e-07
5.894333546e-07
4.833016912e-07
4.66542246e-07
4.619948169e-07
4.524159484e-07
4.492227212e-07
4.448366882e-07
4.409951522e-07
4.378167728e-07
4.356082384e-07
4.306112587e-07
4.254477854e-07
4.173400059e-07
4.06237685e-07
3.88388e-07
3.563650835e-07
3.371956103e-07
3.277395662e-07
3.233865206e-07
3.219671087e-07
3.226572931e-07
3.236354527e-07
3.273544111e-07
3.302100257e-07
3.353062397e-07
3.397442373e-07
3.483332e-07
3.562699572e-07
3.696906167e-07
3.843657425e-07
4.082589561e-07
4.396772233e-07
4.903530102e-07
5.701930547e-07
7.197092119e-07
1.05057089e-06
0.005837645514
0.009166247614
0.009775059627
0.009971698329
0.009494017174
0.007904301158
0.004629280397
0.001222335369
0.0003904697007
6.476863003e-05
1.390094441e-05
2.865974985e-06
1.061874288e-06
6.790537815e-07
5.341520802e-07
4.794247473e-07
4.705856468e-07
4.590791587e-07
4.545224779e-07
4.513025332e-07
4.486399003e-07
4.458231413e-07
4.437484656e-07
4.382106817e-07
4.299457476e-07
4.185443352e-07
4.010467261e-07
3.658613535e-07
3.409250156e-07
3.283231684e-07
3.22638208e-07
3.207074374e-07
3.204182311e-07
3.218105915e-07
3.244229629e-07
3.262541736e-07
3.313241999e-07
3.350420474e-07
3.426490968e-07
3.492251987e-07
3.614225203e-07
3.748938086e-07
3.968092232e-07
4.250710359e-07
4.712027111e-07
5.446270969e-07
6.862255877e-07
1.014322412e-06
0.004448626889
0.007511853013
0.008418384866
0.009076297699
0.009324005626
0.008937806919
0.007485303072
0.004115414955
0.001122620919
0.0003347486615
4.119868578e-05
1.030831959e-05
3.614066046e-06
1.283350215e-06
6.0255009e-07
5.231746624e-07
4.817648484e-07
4.760218181e-07
4.67306925e-07
4.616627228e-07
4.577507944e-07
4.559542769e-07
4.52178773e-07
4.484936148e-07
4.415054633e-07
4.314805483e-07
4.143296309e-07
3.714589442e-07
3.429698744e-07
3.28783411e-07
3.220786269e-07
3.193659351e-07
3.188750906e-07
3.192515082e-07
3.216830507e-07
3.237082128e-07
3.276964848e-07
3.307668519e-07
3.374550154e-07
3.430863611e-07
3.540326442e-07
3.652252267e-07
3.84440184e-07
4.09331828e-07
4.509534691e-07
5.180079993e-07
6.505109686e-07
9.718629231e-07
0.003348255371
0.006251007065
0.007329772328
0.008200547716
0.008844408342
0.009026848002
0.008597531763
0.006949187528
0.003188221388
0.0008252031604
0.0002989098027
6.619866662e-05
1.39453525e-05
3.720353647e-06
1.294072891e-06
5.94168448e-07
5.220880599e-07
4.859022242e-07
4.787111945e-07
4.719088017e-07
4.673237689e-07
4.644414316e-07
4.628941848e-07
4.587255712e-07
4.519452164e-07
4.420862208e-07
4.264200795e-07
3.803887091e-07
3.471863101e-07
3.300086082e-07
3.218048095e-07
3.185604897e-07
3.172604906e-07
3.177571213e-07
3.196083332e-07
3.207042791e-07
3.244866415e-07
3.270264095e-07
3.328641546e-07
3.37680851e-07
3.472177074e-07
3.572733424e-07
3.748275532e-07
3.971054538e-07
4.347459829e-07
4.955932347e-07
6.184255345e-07
9.314434809e-07
0.002504360544
0.005204703764
0.006418032956
0.007436640199
0.008287836026
0.0088995177
0.009053941056
0.008485921025
0.006330461381
0.002513611138
0.0007351643166
0.0001971478203
5.080351639e-05
1.121320294e-05
2.821168327e-06
1.020304546e-06
5.673501728e-07
5.144348086e-07
4.882952821e-07
4.803216631e-07
4.748887922e-07
4.724007934e-07
4.692901051e-07
4.666707481e-07
4.607570647e-07
4.519162781e-07
4.355574294e-07
3.85711775e-07
3.492640545e-07
3.306569167e-07
3.217286483e-07
3.176877625e-07
3.163268918e-07
3.160813661e-07
3.176609208e-07
3.188902495e-07
3.220000612e-07
3.239937644e-07
3.292930296e-07
3.332363023e-07
3.420171767e-07
3.505714368e-07
3.661271769e-07
3.858791789e-07
4.199965836e-07
4.755282655e-07
5.896935431e-07
8.886890357e-07
0.001870361249
0.004305276661
0.005600786377
0.006725400374
0.007742824917
0.008615444038
0.009154282866
0.009127608368
0.008211387647
0.005155145741
0.00184875483
0.0005560001899
0.0001227310434
2.60305132e-05
6.750868886e-06
1.874422909e-06
7.922715728e-07
5.333882447e-07
4.995735891e-07
4.890760042e-07
4.823740542e-07
4.788319792e-07
4.772482188e-07
4.740214933e-07
4.684189544e-07
4.59949268e-07
4.432208395e-07
3.926296038e-07
3.528292145e-07
3.319435373e-07
3.21744957e-07
3.172672017e-07
3.152640544e-07
3.150657334e-07
3.163126238e-07
3.168754569e-07
3.197926272e-07
3.214359879e-07
3.261402754e-07
3.296297607e-07
3.373423086e-07
3.450579334e-07
3.59451855e-07
3.774114606e-07
4.08695401e-07
4.595739076e-07
5.654184756e-07
8.529350467e-07
0.001434604291
0.003538386845
0.004886197452
0.006067672799
0.007180291957
0.008203413731
0.009070401524
0.009577380794
0.009350898835
0.007864391629
0.003568575009
0.001115530715
0.0003545476691
0.0001016960357
1.686579169e-05
4.271638559e-06
1.204534485e-06
6.690162994e-07
5.202844521e-07
4.968382622e-07
4.884294669e-07
4.84738053e-07
4.818465175e-07
4.798450439e-07
4.747830771e-07
4.671593072e-07
4.488400527e-07
3.96722194e-07
3.547232336e-07
3.325803411e-07
3.217957084e-07
3.16770434e-07
3.146779597e-07
3.139794626e-07
3.150041709e-07
3.156581712e-07
3.181146097e-07
3.1940669e-07
3.237480444e-07
3.265491071e-07
3.338149932e-07
3.405507616e-07
3.535677548e-07
3.697824261e-07
3.985771862e-07
4.455402347e-07
5.437930817e-07
7.969070959e-07
0.001166086181
0.002898998726
0.004228120468
0.005424080469
0.006584660979
0.007708801266
0.008762719758
0.009594800567
0.009876241145
0.009259766777
0.006454187964
0.002303875823
0.0007106981625
0.0001709779166
4.589543412e-05
9.453187993e-06
2.466352307e-06
8.356435639e-07
5.747923911e-07
5.038021424e-07
4.941237568e-07
4.894601809e-07
4.874999631e-07
4.848833535e-07
4.801229148e-07
4.729270941e-07
4.53947562e-07
4.016545415e-07
3.574358274e-07
3.336383486e-07
3.219173684e-07
3.165434355e-07
3.140101029e-07
3.133117495e-07
3.141328367e-07
3.143268249e-07
3.166481257e-07
3.177020296e-07
3.216490717e-07
3.241793693e-07
3.306976794e-07
3.368455991e-07
3.490833603e-07
3.641088402e-07
3.909811276e-07
4.346778466e-07
5.263519433e-07
7.741561684e-07
0.0010237165
0.002426597008
0.003708429826
0.004872708889
0.006037022348
0.007217143952
0.008383056018
0.009493930836
0.01026857882
0.01014670003
0.008773086258
0.00430607061
0.001265488958
0.0004141612699
9.443968406e-05
2.111860569e-05
4.50454413e-06
1.290301989e-06
6.185079984e-07
5.246719019e-07
4.990193589e-07
4.937108262e-07
4.906918092e-07
4.889589378e-07
4.845068135e-07
4.771611269e-07
4.577114924e-07
4.046385771e-07
3.59022781e-07
3.34239231e-07
3.220253346e-07
3.162592429e-07
3.136489743e-07
3.126089508e-07
3.132744102e-07
3.135145071e-07
3.155398755e-07
3.163257062e-07
3.200486956e-07
3.22104463e-07
3.283441323e-07
3.338476321e-07
3.451603212e-07
3.59011932e-07
3.841941531e-07
4.251772702e-07
5.112882329e-07
7.301403374e-07
0.0009445505113
0.002145434719
0.003303514776
0.004390034799
0.005517690736
0.006712176243
0.007959695461
0.009232106377
0.01029471004
0.0106224123
0.009755905121
0.006364832201
0.002225440077
0.0006427529192
0.0001944444003
3.743399354e-05
7.792668629e-06
1.839654031e-06
7.756748589e-07
5.38719814e-07
5.044767987e-07
4.971097324e-07
4.946112227e-07
4.923410074e-07
4.881825398e-07
4.806151223e-07
4.611303253e-07
4.081300172e-07
3.610370042e-07
3.350588035e-07
3.221728312e-07
3.161409455e-07
3.132274276e-07
3.121813004e-07
3.127038708e-07
3.126363812e-07
3.145765438e-07
3.152387049e-07
3.186670559e-07
3.205260581e-07
3.262785374e-07
3.313794432e-07
3.421780973e-07
3.552474358e-07
3.791498038e-07
4.179268503e-07
4.993570115e-07
7.111098093e-07
0.0008824749517
0.001939071422
0.00297314914
0.003983793236
0.005053331965
0.006223557543
0.007504769901
0.008873977582
0.01020836362
0.01096426513
0.01060752852
0.00853835922
0.003296733989
0.001018540063
0.0002794463664
6.695352815e-05
1.266966676e-05
2.639360629e-06
8.699669686e-07
5.765829497e-07
5.091008902e-07
5.002414726e-07
4.96816377e-07
4.951437037e-07
4.911798013e-07
4.83186279e-07
4.635631497e-07
4.102618031e-07
3.622645677e-07
3.355608685e-07
3.222942745e-07
3.159793035e-07
3.130036434e-07
3.11723416e-07
3.121410434e-07
3.121013022e-07
3.138402582e-07
3.144438688e-07
3.175897883e-07
3.191680019e-07
3.247144478e-07
3.293872898e-07
3.395696619e-07
3.518550665e-07
3.7462693e-07
4.115757146e-07
4.892037473e-07
6.912718967e-07
0.0008430493283
0.00181060614
0.00275907221
0.003695786621
0.004703588612
0.005830223742
0.007102815179
0.008516297083
0.01001164704
0.01117668269
0.01115287503
0.009775620851
0.00478903165
0.001479163389
0.0004317667656
9.23005436e-05
1.888929186e-05
3.686595992e-06
1.15919071e-06
6.01197314e-07
5.18254255e-07
5.027785698e-07
4.995204319e-07
4.974099656e-07
4.93697637e-07
4.8535439e-07
4.658023598e-07
4.126871117e-07
3.637069495e-07
3.361680121e-07
3.224252429e-07
3.159183901e-07
3.127348606e-07
3.114466342e-07
3.117657976e-07
3.115264148e-07
3.132045778e-07
3.133006049e-07
3.166762747e-07
3.180924139e-07
3.233424292e-07
3.277445904e-07
3.375887774e-07
3.493588743e-07
3.71283138e-07
4.06762993e-07
4.812436041e-07
6.763751624e-07
0.0008149723569
0.001716197673
0.002596737525
0.003473342956
0.004425228353
0.005501268718
0.006740433068
0.008165609512
0.009732427246
0.01115447928
0.01152016484
0.01049016211
0.006276075779
0.001983709123
0.0005493865295
0.0001365153352
2.655645503e-05
4.984488802e-06
1.320575262e-06
6.575658873e-07
5.242679033e-07
5.052237643e-07
5.010440824e-07
4.993261745e-07
4.957385542e-07
4.869789508e-07
4.67391498e-07
4.141741176e-07
3.646083393e-07
3.365540315e-07
3.225313319e-07
3.15824864e-07
3.125944939e-07
3.111452876e-07
3.113941282e-07
3.111717864e-07
3.127136009e-07
3.12678402e-07
3.159530459e-07
3.172184015e-07
3.223000757e-07
3.264183483e-07
3.358523719e-07
3.47099459e-07
3.682706897e-07
4.025305189e-07
4.74461901e-07
6.635994772e-07
0.0007967408959
0.001638606008
0.002465322238
0.003298462356
0.004207385954
0.00524084663
0.006444815687
0.007860067016
0.009465227718
0.01109275197
0.01180033105
0.01098188151
0.007516475905
0.002567664979
0.0007387290275
0.0001829350521
3.632029529e-05
6.541838366e-06
1.520943937e-06
6.842897877e-07
5.358623553e-07
5.073569493e-07
5.029079598e-07
5.008480802e-07
4.974488009e-07
4.883754988e-07
4.688768775e-07
4.158348822e-07
3.656205077e-07
3.369898988e-07
3.226355005e-07
3.157935956e-07
3.12421406e-07
3.109642357e-07
3.111453732e-07
3.107941066e-07
3.122933244e-07
3.12563608e-07
3.153396593e-07
3.16473152e-07
3.213821551e-07
3.25324187e-07
3.345344821e-07
3.454407577e-07
3.660504407e-07
3.993348567e-07
4.69164405e-07
6.527372194e-07
0.0007898171883
0.001575534928
0.002361631217
0.00316230068
0.00403918409
0.005039154254
0.006211632386
0.007605600343
0.009221349838
0.01096454988
0.01194742963
0.01141390483
0.00854789397
0.003157948729
0.0008665092677
0.000236282658
4.765366216e-05
8.364233007e-06
1.7532101e-06
7.461039655e-07
5.416666462e-07
5.093137248e-07
5.039680638e-07
5.021532795e-07
4.987339925e-07
4.894276762e-07
4.699247422e-07
4.168583731e-07
3.662631861e-07
3.372729244e-07
3.227190924e-07
3.157377612e-07
3.123322698e-07
3.107643566e-07
3.108985318e-07
3.105580418e-07
3.119661872e-07
3.119053196e-07
3.148672291e-07
3.158837029e-07
3.206831047e-07
3.244396919e-07
3.333761064e-07
3.439335261e-07
3.64041653e-07
3.965132746e-07
4.646394584e-07
6.438655059e-07
0.0007932882574
0.001524478385
0.002278861113
0.003056161881
0.003909371082
0.004883890663
0.006030749335
0.007400539091
0.00900626292
0.01080866987
0.0120858343
0.01176603061
0.009416194071
0.003691798696
0.00104055676
0.0002646179276
6.315972205e-05
1.051519863e-05
2.010130831e-06
7.770282661e-07
5.529723195e-07
5.110717886e-07
5.052482068e-07
5.031788944e-07
4.998297209e-07
4.903413592e-07
4.70912699e-07
4.179840352e-07
3.669630434e-07
3.375792471e-07
3.227969895e-07
3.157225712e-07
3.122196505e-07
3.106446479e-07
3.107327248e-07
3.103095783e-07
3.116889226e-07
3.112683073e-07
3.144342031e-07
3.152143685e-07
3.20067663e-07
3.237104542e-07
3.324972014e-07
3.428286997e-07
3.625637723e-07
3.943868085e-07
4.61112779e-07
6.367271898e-07
0.0008056207607
0.001481769557
0.002214367018
0.002971417644
0.003804668181
0.004756764859
0.005878637726
0.007223973648
0.008822159441
0.01065724171
0.01212029899
0.01200226484
0.0101033731
0.004193916491
0.00119288533
0.0003078734134
6.873185596e-05
1.325615638e-05
2.280425476e-06
8.385942017e-07
5.58401006e-07
5.126111134e-07
5.059937781e-07
5.040789293e-07
5.006691891e-07
4.910495607e-07
4.716262052e-07
4.187090727e-07
3.674288573e-07
3.37789244e-07
3.228626265e-07
3.156860017e-07
3.12158326e-07
3.105022633e-07
3.105568942e-07
3.101417911e-07
3.114519735e-07
3.10983012e-07
3.139781105e-07
3.147635316e-07
3.195591338e-07
3.230699649e-07
3.316562761e-07
3.417347329e-07
3.611050715e-07
3.923376984e-07
4.57826344e-07
6.298511429e-07
0.0008270156066
0.001446514723
0.00216061613
0.002902266279
0.003718276424
0.004650596128
0.005750875839
0.007075761265
0.008666572448
0.0105202836
0.01212967594
0.01216183612
0.01053573054
0.004702311897
0.001330341637
0.0003457087945
8.137801104e-05
1.495703979e-05
2.535334523e-06
8.682308468e-07
5.68532303e-07
5.140158896e-07
5.06900987e-07
5.048039464e-07
5.014323208e-07
4.916917198e-07
4.723298458e-07
4.194721362e-07
3.679378952e-07
3.380134692e-07
3.229175453e-07
3.156707234e-07
3.120653032e-07
3.104032291e-07
3.104193808e-07
3.099349214e-07
3.112187061e-07
3.107176901e-07
3.136846217e-07
3.14296894e-07
3.190259209e-07
3.224386061e-07
3.308918312e-07
3.407728908e-07
3.598159027e-07
3.904802609e-07
4.547407705e-07
6.230963838e-07
0.0008594027234
0.001433820612
0.002134363727
0.002856892892
0.003652705006
0.004564073535
0.005644279491
0.006952432488
0.00853644649
0.01040085339
0.01212069694
0.01228813508
0.01082664748
0.00516329559
0.001457775502
0.0003836155694
8.883190204e-05
1.657730449e-05
2.77378007e-06
9.233937619e-07
5.732223042e-07
5.152198508e-07
5.074463979e-07
5.05462453e-07
5.020255717e-07
4.92212742e-07
4.728588076e-07
4.199831879e-07
3.682928695e-07
3.381757693e-07
3.229720035e-07
3.156355898e-07
3.120091162e-07
3.102732604e-07
3.102582901e-07
3.097796316e-07
3.10993489e-07
3.10457803e-07
3.133701957e-07
3.138880748e-07
3.185335615e-07
3.218169285e-07
3.30071842e-07
3.39704186e-07
3.58387235e-07
3.884705151e-07
4.515131941e-07
6.164581803e-07
0.0008978972627
0.001444447326
0.002131442717
0.002833365613
0.003606036523
0.004494547264
0.005555399908
0.006850180119
0.0084288465
0.01029885802
0.01210194852
0.01238883102
0.01103910946
0.00555844941
0.001581081813
0.0004189195505
0.0001003419365
1.839128827e-05
2.999003015e-06
9.490544672e-07
5.817547078e-07
5.163192867e-07
5.081094598e-07
5.059973753e-07
5.025725635e-07
4.926926822e-07
4.73397079e-07
4.205830414e-07
3.686956413e-07
3.383560622e-07
3.230121954e-07
3.156193513e-07
3.11923008e-07
3.101816945e-07
3.101303851e-07
3.095830267e-07
3.10770507e-07
3.102030781e-07
3.127910903e-07
3.134841485e-07
3.180109737e-07
3.211974516e-07
3.293191487e-07
3.38755908e-07
3.571136567e-07
3.8663385e-07
4.484582449e-07
6.099328035e-07
0.0009329803947
0.001474176544
0.002142810038
0.00282329787
0.003572017172
0.00443771925
0.005480868689
0.006765730667
0.008341091941
0.01021344745
0.01208184866
0.0124647889
0.01119847762
0.005891180734
0.001694542104
0.0004557471246
0.000104750628
2.081123849e-05
3.211238153e-06
9.952540968e-07
5.855405381e-07
5.172464047e-07
5.085150537e-07
5.064928588e-07
5.030043751e-07
4.930891676e-07
4.738056447e-07
4.209936823e-07
3.68979522e-07
3.384884216e-07
3.230580582e-07
3.155855301e-07
3.118702802e-07
3.100601132e-07
3.099786035e-07
3.094350489e-07
3.105512975e-07
3.099663617e-07
3.124993826e-07
3.131079061e-07
3.175276944e-07
3.205841936e-07
3.285086396e-07
3.376982722e-07
3.556975462e-07
3.846409971e-07
4.452564123e-07
6.035163161e-07
0.0009528609901
0.001491564163
0.002149336466
0.002813959586
0.003543198755
0.004389783303
0.00541803407
0.006695253108
0.008269899286
0.01014283525
0.01206102114
0.01253237514
0.01132378314
0.006167698526
0.001794753931
0.0004627633587
0.0001129329477
2.190860172e-05
3.399411183e-06
1.015953514e-06
5.924105795e-07
5.181009491e-07
5.090097006e-07
5.068994278e-07
5.034183212e-07
4.934614685e-07
4.742347712e-07
4.21487098e-07
3.693145136e-07
3.386420191e-07
3.230904823e-07
3.155692258e-07
3.117892046e-07
3.09974333e-07
3.098572993e-07
3.09243181e-07
3.103343791e-07
3.097094557e-07
3.120565578e-07
3.126821192e-07
3.170127801e-07
3.199730492e-07
3.277652519e-07
3.367606598e-07
3.544370645e-07
3.828231124e-07
4.422314042e-07
5.972059467e-07
0.0009531391239
0.001493982273
0.002143979176
0.002799253625
0.003516882884
0.004349819681
0.005365382142
0.006634052141
0.008206536485
0.01008493619
0.01203941175
0.01258201233
0.01142253388
0.006397589764
0.001880888947
0.000483236208
0.0001154807601
2.363083598e-05
3.568693586e-06
1.052824997e-06
5.95333494e-07
5.188264504e-07
5.09319939e-07
4.937759607e-07
4.74564472e-07
4.218280966e-07
3.695519181e-07
3.387536424e-07
3.2312702e-07
3.15536845e-07
3.117392488e-07
3.098589394e-07
3.097115755e-07
3.091001733e-07
3.101201559e-07
3.095502743e-07
3.11712189e-07
3.123354078e-07
3.165370574e-07
3.193656112e-07
3.269618999e-07
3.357114825e-07
3.530315111e-07
3.808457227e-07
4.390555351e-07
5.90998125e-07
0.0009301353983
0.00145316787
0.002112344979
0.002778046186
0.003496284814
0.004319944524
0.005322376326
0.006579093507
0.008146509199
0.01003194585
0.01201654477
0.01262100282
0.01150110264
0.006588779481
0.001954105112
0.000496409303
0.0001203732063
2.428358628e-05
3.715364922e-06
1.068649059e-06
6.007490622e-07
5.194933791e-07
4.22254506e-07
3.698474423e-07
3.38893332e-07
3.231570532e-07
3.155211761e-07
3.116620972e-07
3.097775739e-07
3.09594565e-07
3.089099113e-07
3.099071452e-07
3.092359389e-07
3.11316648e-07
3.118836011e-07
3.16027425e-07
3.187608114e-07
3.262262743e-07
3.347826649e-07
3.51782931e-07
3.790458349e-07
4.36061445e-07
5.848904452e-07
0.0008916641736
0.001372178893
0.002061709712
0.002755194117
0.003488268168
0.004303588498
0.005288326869
0.006527831568
0.008086516219
0.009979050955
0.01199373381
0.01265118551
0.01156444469
0.00674747992
0.002015955355
0.0005143450208
0.0001225532707
2.549959944e-05
3.844826145e-06
1.097391144e-06
6.029668186e-07
4.22546481e-07
3.700519887e-07
3.389908385e-07
3.231866979e-07
3.154905068e-07
3.116145896e-07
3.096666216e-07
3.094526527e-07
3.087708174e-07
3.096983642e-07
3.088973707e-07
3.10987357e-07
3.115401556e-07
3.15557632e-07
3.18157771e-07
3.254285466e-07
3.337402509e-07
3.503868394e-07
3.770831545e-07
4.329123072e-07
5.788793742e-07
0.0008471496261
0.001246982454
0.002001839921
0.002739219123
0.003492554062
0.004303363101
0.005262204753
0.006479583806
0.00802579252
0.009921791683
0.011966712
0.01267361343
0.01161622673
0.006878928736
0.002068215466
0.0005307520187
0.000123915039
2.589986935e-05
3.956504751e-06
1.109257465e-06
6.072904847e-07
3.703282053e-07
3.391233241e-07
3.232204632e-07
3.154760805e-07
3.115406993e-07
3.095884926e-07
3.093384397e-07
3.085812968e-07
3.094883341e-07
3.086650232e-07
3.106052038e-07
3.111240281e-07
3.150512566e-07
3.175584913e-07
3.246994815e-07
3.328190783e-07
3.491495073e-07
3.753008057e-07
4.299500393e-07
5.729629688e-07
0.0008115891773
0.001094359124
0.001943980267
0.002738709536
0.003504488962
0.004308909982
0.005241998261
0.00643438966
0.007964777473
0.009860411463
0.01193215925
0.01268835382
0.01165876164
0.006987978566
0.002112457615
0.0005457125846
0.0001275106442
2.676573008e-05
4.054648795e-06
1.13169143e-06
3.392155784e-07
3.232472916e-07
3.15447392e-07
3.114954243e-07
3.094805751e-07
3.091990954e-07
3.084458606e-07
3.092853013e-07
3.085023877e-07
3.105092593e-07
3.107593168e-07
3.145856779e-07
3.169592607e-07
3.239061393e-07
3.317825073e-07
3.477622798e-07
3.733525458e-07
4.268287489e-07
5.671379435e-07
0.0007961608339
0.0009659000689
0.001899183496
0.002748566168
0.003523773532
0.004319385194
0.005226485791
0.006392600225
0.007904730975
0.009796659185
0.01188877335
0.01269421529
0.01169348392
0.007078558125
0.002150055289
0.000559482458
0.0001286362921
2.701885577e-05
4.139753773e-06
1.141209842e-06
3.232831436e-07
3.154345943e-07
3.114242917e-07
3.09404736e-07
3.090869244e-07
3.082574268e-07
3.090775303e-07
3.081460314e-07
3.102908453e-07
3.10395382e-07
3.14081601e-07
3.163654735e-07
3.231826285e-07
3.308685579e-07
3.465360229e-07
3.715879937e-07
4.239003051e-07
5.614026207e-07
0.0008076247407
0.0008660258106
0.001882708933
0.002772401484
0.003553973632
0.004333432095
0.005214813633
0.006354533897
0.007847635991
0.009733328101
0.0118413253
0.01269010605
0.01172078035
0.007154147723
0.002182074046
0.0005725446277
0.0001313147479
2.762966929e-05
4.214831987e-06
1.157724355e-06
3.233092715e-07
3.154080441e-07
3.113810356e-07
3.092988409e-07
3.08949621e-07
3.081255099e-07
3.088796062e-07
3.077658588e-07
3.099632602e-07
3.100319894e-07
3.136187556e-07
3.157698906e-07
3.223925899e-07
3.298375049e-07
3.451573653e-07
3.696543428e-07
4.208084959e-07
5.557536832e-07
0.0008537471595
0.0007964133502
0.001899634036
0.002816961367
0.003593609069
0.004352193769
0.005206246486
0.006320329575
0.007794934038
0.009672630942
0.01179391156
0.01267813318
0.01174049116
0.007219179688
0.002209365393
0.0005842334046
0.0001322670081
2.777844646e-05
4.27964349e-06
1.166510913e-06
3.153972194e-07
3.11312959e-07
3.092254379e-07
3.088400772e-07
3.079406299e-07
3.08675205e-07
3.074208714e-07
3.096961954e-07
3.096768203e-07
3.131223481e-07
3.151897643e-07
3.216796555e-07
3.289401356e-07
3.43954697e-07
3.679261288e-07
4.179457165e-07
5.503127431e-07
0.0009337158427
0.0007865559231
0.001964097606
0.002881845182
0.003640624452
0.004374037593
0.005200088228
0.006289972988
0.007747389671
0.009616593704
0.01174990332
0.01266252307
0.01175385162
0.007280663218
0.002233443775
0.0005944631563
0.0001342821437
2.822405332e-05
4.336287808e-06
3.112717945e-07
3.09122844e-07
3.08707167e-07
3.078144154e-07
3.084852069e-07
3.074149361e-07
3.093595684e-07
3.093217468e-07
3.12671052e-07
3.146113549e-07
3.209096674e-07
3.279384002e-07
3.426176175e-07
3.660566678e-07
4.149719832e-07
5.449668232e-07
0.00105033852
0.0008820382927
0.002086786167
0.002965053268
0.003692648829
0.004397497259
0.005195936574
0.006263471984
0.007705452136
0.009566657223
0.01171201842
0.01264802445
0.01176482446
0.007354560102
0.002249171147
0.0006031771299
0.0001350423311
2.822757224e-05
4.385530949e-06
3.090509576e-07
3.085996476e-07
3.076328484e-07
3.082832362e-07
3.072831348e-07
3.09089038e-07
3.089668984e-07
3.12185202e-07
3.140459001e-07
3.202098122e-07
3.270624614e-07
3.414473141e-07
3.643827543e-07
4.122204859e-07
5.397144615e-07
0.001200794102
0.001110321854
0.002266535915
0.003062889584
0.003746980241
0.004421082031
0.005191384291
0.006234335648
0.007656585356
0.009506042632
0.01166683803
0.01263141869
0.01177968405
0.007474453365
0.002240477218
0.0006030095181
0.0001351969149
2.858355207e-05
4.436184252e-06
3.084679516e-07
3.075088541e-07
3.080956508e-07
3.070949586e-07
3.087454049e-07
3.086119481e-07
3.11734838e-07
3.134721893e-07
3.194448606e-07
3.260705521e-07
3.401267373e-07
3.625449848e-07
4.093202647e-07
5.345522358e-07
0.001351119349
0.001419078226
0.002413084413
0.003130780409
0.003779979869
0.004434912684
0.005183691214
0.006172903736
0.007534055706
0.009322205299
0.01149390824
0.01259427108
0.0118366433
0.007856286536
0.002438013289
0.0006481054693
0.000145996314
2.998038626e-05
4.776729333e-06
3.078940028e-07
3.068883846e-07
3.084673981e-07
3.08260424e-07
3.112559022e-07
3.129151075e-07
3.187505587e-07
3.252066218e-07
3.389757019e-07
3.609062099e-07
4.066466955e-07
5.294781279e-07
0.000757109385
0.001231664678
0.002452731007
0.003160881256
0.003795646415
0.004444804892
0.005185209227
0.006147594921
0.007478674214
0.009229480075
0.01137930044
0.01256897982
0.01186943863
0.008159970313
0.00260937475
0.0006973455033
0.0001547898531
3.272760834e-05
5.149334941e-06
3.081167113e-07
3.079371098e-07
3.108053461e-07
3.123459554e-07
3.179893918e-07
3.242230042e-07
3.376692342e-07
3.590967263e-07
4.038137249e-07
5.244895443e-07
0.0006925962309
0.001171029917
0.00243252455
0.003166793808
0.003800506098
0.00444901881
0.005186250511
0.006137033276
0.007450674778
0.00917926769
0.01130996457
0.01255462443
0.01189792264
0.008408269174
0.002784960792
0.0007476506157
0.0001690929179
3.460421749e-05
5.54618101e-06
3.117968757e-07
3.17300509e-07
3.233706106e-07
3.365368465e-07
3.574920581e-07
4.012152593e-07
5.195854871e-07
0.0007029614006
0.001167535235
0.002336843697
0.00311858577
0.003779541364
0.004442271041
0.005182700479
0.006132156417
0.007442887297
0.009161382661
0.01128113653
0.01255455535
0.01192799333
0.00861774293
0.002957378634
0.0008122802342
0.0001832049618
3.842680527e-05
5.970593765e-06
0.0002350443695
0.001065862913
0.002155971371
0.002990341933
0.003703882358
0.004402848128
0.005171031397
0.006134924506
0.007450387331
0.009174153767
0.01129597945
0.01257668685
0.01195600191
0.008633301923
0.002962127246
0.0008131327315
0.0001843346242
3.842711877e-05
5.990617222e-06
0.000599437361
0.001435262245
0.00219199594
0.0029562154
0.003673402994
0.004383964907
0.005164422677
0.006140077196
0.007466213272
0.00920436172
0.01132412552
0.01259412936
0.01196981525
0.008638629997
0.002964067806
0.000813204826
0.0001852981312
3.850286474e-05
6.017150425e-06
0.001109761793
0.00173051613
0.002289476399
0.002941496379
0.003646413416
0.004364016062
0.005157387484
0.006145703928
0.007481108186
0.00923054203
0.01134771346
0.01260967271
0.01198355528
0.008643143124
0.002966116963
0.0008128984179
0.0001859303247
3.857003471e-05
0.001499411526
0.001957501728
0.002409428423
0.00295857567
0.003629464194
0.00434650739
0.005151437725
0.006155642205
0.007503129647
0.00925954599
0.01137230857
0.01262794876
0.01199980943
0.00864980425
0.002968561985
0.00081218584
0.0001864470873
3.859050897e-05
0.001811714603
0.002164123784
0.002550887725
0.003028904503
0.003629390972
0.004337160421
0.005149564962
0.006173861913
0.00753569256
0.00929749398
0.01140232955
0.01265116259
0.01202783813
0.00865739996
0.00297095776
0.0008110720626
0.0001867748709
3.861083187e-05
0.002099949149
0.002386738724
0.002720522627
0.003145005773
0.003686245588
0.004355093272
0.00516860585
0.006210137721
0.007586158556
0.009354387904
0.01144353472
0.01268293308
0.01205344669
0.008666170652
0.002973004213
0.0008095189085
0.0001868539586
3.861172006e-05
0.002382631842
0.002653701118
0.002925750731
0.003302217085
0.003800926316
0.004434788447
0.005237169801
0.006283270324
0.007667562387
0.009440026093
0.0115039084
0.01272883367
0.01211667672
0.008677658793
0.002974612228
0.0008070447892
0.000186850408
0.002867562488
0.00304576115
0.003192120169
0.003499923243
0.003965974228
0.004587923729
0.005381990581
0.006422123552
0.007801093195
0.009566088742
0.01159446969
0.01279412136
0.0121683499
0.008694318452
0.002976259391
0.0008033966712
0.000186771111
0.003350753591
0.003668860191
0.003595447824
0.003758451836
0.00417633883
0.004798376718
0.005612498479
0.006659487149
0.008022253644
0.009758072128
0.01173214212
0.01287584933
0.01231829698
0.008716461286
0.002977378664
0.0007994355241
0.003478088146
0.004518236225
0.004404716383
0.004232539849
0.004467401024
0.00506196226
0.005918294765
0.007008989407
0.008369103464
0.01004699249
0.01192863889
0.01298988797
0.01248265353
0.008755983074
0.003767905207
0.005269422419
0.005844562324
0.005439524848
0.005112151451
0.005428475957
0.006256331629
0.00743338078
0.008854928303
0.01048485588
0.01224841613
3.576907396e-07
3.681261714e-07
3.809882468e-07
3.980809803e-07
4.20489037e-07
4.508798692e-07
4.937229337e-07
5.558368871e-07
6.533900429e-07
8.18729515e-07
1.145266176e-06
3.287827035e-07
3.28087736e-07
3.288601433e-07
3.312910052e-07
3.340881022e-07
3.384049597e-07
3.432105966e-07
3.49892648e-07
3.57657483e-07
3.680986676e-07
3.809069151e-07
3.980265732e-07
4.204089566e-07
4.50836855e-07
4.935886571e-07
5.55701585e-07
6.532698582e-07
8.185269008e-07
1.1450905e-06
3.615412787e-07
3.539918544e-07
3.442637324e-07
3.35790892e-07
3.310079742e-07
3.287861842e-07
3.28083789e-07
3.288379337e-07
3.312755351e-07
3.340703825e-07
3.3838864e-07
3.431889634e-07
3.49871366e-07
3.576057709e-07
3.680494439e-07
3.80867002e-07
3.979960693e-07
4.203289819e-07
4.5073933e-07
4.934711284e-07
5.556145625e-07
6.530079495e-07
8.183405863e-07
1.144904439e-06
3.840231595e-07
3.797630443e-07
3.743121265e-07
3.687062054e-07
3.615748051e-07
3.540282199e-07
3.4430908e-07
3.358177822e-07
3.310188787e-07
3.287875805e-07
3.280804776e-07
3.288264539e-07
3.312625754e-07
3.340352101e-07
3.383546837e-07
3.431442137e-07
3.498283931e-07
3.575656321e-07
3.680237606e-07
3.807897729e-07
3.979248863e-07
4.202302539e-07
4.506924868e-07
4.933374894e-07
5.554333663e-07
6.528482066e-07
8.181184261e-07
1.144684161e-06
3.948240264e-07
3.915447122e-07
3.882006605e-07
3.840472399e-07
3.797973289e-07
3.743363383e-07
3.687440197e-07
3.616470962e-07
3.540625798e-07
3.443427204e-07
3.358406543e-07
3.310275364e-07
3.287858015e-07
3.280724928e-07
3.288012325e-07
3.312419196e-07
3.340150496e-07
3.383402728e-07
3.431244547e-07
3.498082621e-07
3.575201602e-07
3.67963128e-07
3.80736735e-07
3.978928886e-07
4.201553847e-07
4.505658196e-07
4.93182577e-07
5.553287887e-07
6.525681125e-07
8.178713696e-07
1.144457146e-06
4.058874634e-07
4.032188546e-07
4.004556159e-07
3.976893947e-07
3.948283203e-07
3.915540851e-07
3.882239295e-07
3.840687822e-07
3.7981172e-07
3.743760079e-07
3.688087753e-07
3.616718055e-07
3.540910071e-07
3.443878821e-07
3.358572195e-07
3.310314582e-07
3.287830315e-07
3.280674218e-07
3.287897832e-07
3.31230134e-07
3.339819753e-07
3.383032051e-07
3.430780911e-07
3.497588324e-07
3.574702482e-07
3.679384625e-07
3.806678889e-07
3.978047643e-07
4.200330848e-07
4.505149008e-07
4.930523721e-07
5.55112231e-07
6.523622501e-07
8.176250645e-07
1.144184773e-06
4.22055995e-07
4.164332426e-07
4.121142385e-07
4.089003577e-07
4.058784324e-07
4.0321693e-07
4.004560131e-07
3.976923551e-07
3.948427289e-07
3.915731429e-07
3.882344183e-07
3.840945718e-07
3.798539903e-07
3.744090453e-07
3.688458687e-07
3.617468629e-07
3.541306779e-07
3.444238088e-07
3.358772967e-07
3.310376492e-07
3.287789848e-07
3.280558198e-07
3.287603481e-07
3.312045682e-07
3.339556961e-07
3.382894267e-07
3.430544075e-07
3.497389148e-07
3.574305673e-07
3.678695295e-07
3.805983699e-07
3.977699434e-07
4.199646844e-07
4.503635505e-07
4.928561019e-07
5.549808618e-07
6.520684656e-07
8.173179798e-07
1.143911622e-06
9.433775427e-05
2.841056954e-06
7.522312333e-07
5.384296113e-07
4.722016503e-07
4.453242592e-07
4.307141251e-07
4.220530453e-07
4.164249534e-07
4.121017331e-07
4.088985746e-07
4.058692684e-07
4.032158605e-07
4.00456918e-07
3.977008265e-07
3.948469785e-07
3.915839472e-07
3.882627319e-07
3.841255382e-07
3.798704966e-07
3.744552375e-07
3.689283625e-07
3.617764611e-07
3.54154459e-07
3.444802123e-07
3.358970846e-07
3.31041471e-07
3.287741689e-07
3.28049258e-07
3.28747186e-07
3.311932388e-07
3.339248398e-07
3.382484787e-07
3.430064397e-07
3.496829456e-07
3.573685743e-07
3.678391399e-07
3.805366775e-07
3.976737376e-07
4.19815466e-07
4.502983231e-07
4.927286248e-07
5.547389567e-07
6.518127642e-07
8.170426454e-07
1.143586288e-06
0.009994704041
0.001345334342
9.504773857e-05
2.851475514e-06
7.517231526e-07
5.382713836e-07
4.721635591e-07
4.453103171e-07
4.307070424e-07
4.220494662e-07
4.164131003e-07
4.12088119e-07
4.088954641e-07
4.058596166e-07
4.032149572e-07
4.004578939e-07
3.977060167e-07
3.948656402e-07
3.916135998e-07
3.882802156e-07
3.84156242e-07
3.799255852e-07
3.745087638e-07
3.689678989e-07
3.618555246e-07
3.54206787e-07
3.445273722e-07
3.359234009e-07
3.310486694e-07
3.287677822e-07
3.280344492e-07
3.287125893e-07
3.311629005e-07
3.338906248e-07
3.382342887e-07
3.429780258e-07
3.496621656e-07
3.573330865e-07
3.677682253e-07
3.804505478e-07
3.976171105e-07
4.197504448e-07
4.501409024e-07
4.924916684e-07
5.545721541e-07
6.515067133e-07
8.166790373e-07
1.143272131e-06
0.01010551539
0.001352900296
9.560331443e-05
2.861551165e-06
7.511184026e-07
5.380906292e-07
4.721198158e-07
4.452949665e-07
4.306990926e-07
4.220450096e-07
4.163978586e-07
4.120740401e-07
4.088933936e-07
4.058498998e-07
4.032144336e-07
4.004586544e-07
3.977210425e-07
3.948716649e-07
3.916282883e-07
3.883160539e-07
3.842027946e-07
3.799486035e-07
3.745665989e-07
3.69073914e-07
3.618960075e-07
3.542282852e-07
3.446012676e-07
3.359527278e-07
3.310548033e-07
3.2876128e-07
3.280264982e-07
3.286966946e-07
3.311508201e-07
3.33861311e-07
3.381905703e-07
3.429264065e-07
3.495986138e-07
3.572581692e-07
3.677238134e-07
3.80389796e-07
3.975230965e-07
4.195771977e-07
4.500327673e-07
4.923601038e-07
5.543134856e-07
6.512003945e-07
8.163719274e-07
1.14290118e-06
0.01024236254
0.001370534116
9.661169712e-05
2.876888136e-06
7.504112585e-07
5.378858392e-07
4.720728736e-07
4.452793083e-07
4.306911355e-07
4.22039935e-07
4.163836199e-07
4.120580397e-07
4.088834422e-07
4.058386832e-07
4.032145855e-07
4.004573584e-07
3.977301081e-07
3.94899506e-07
3.916740779e-07
3.88344727e-07
3.84241262e-07
3.800248325e-07
3.746540934e-07
3.691181046e-07
3.619749371e-07
3.543018044e-07
3.446716089e-07
3.359899363e-07
3.310626512e-07
3.287519942e-07
3.280084876e-07
3.286547155e-07
3.311152714e-07
3.338171597e-07
3.381707626e-07
3.428913574e-07
3.495761615e-07
3.572240616e-07
3.676542008e-07
3.802900463e-07
3.974384589e-07
4.195084005e-07
4.498826354e-07
4.920902621e-07
5.541037734e-07
6.508797348e-07
8.159545947e-07
1.142541961e-06
0.01041359232
0.00138128354
9.731439394e-05
2.893096166e-06
7.49638732e-07
5.376612079e-07
4.720239478e-07
4.452642028e-07
4.306836859e-07
4.220340962e-07
4.163586718e-07
4.120417453e-07
4.088683135e-07
4.05827693e-07
4.032106673e-07
4.00465788e-07
3.977575998e-07
3.949086802e-07
3.916966423e-07
3.883934358e-07
3.843134871e-07
3.800596708e-07
3.747266401e-07
3.692526318e-07
3.620364203e-07
3.543291213e-07
3.447704929e-07
3.360307749e-07
3.31069548e-07
3.287442444e-07
3.279986601e-07
3.286346179e-07
3.311011971e-07
3.337877721e-07
3.381254308e-07
3.428346971e-07
3.495030611e-07
3.571352118e-07
3.675919823e-07
3.802224571e-07
3.97347919e-07
4.193109533e-07
4.497279368e-07
4.919435491e-07
5.538329994e-07
6.505233941e-07
8.156112196e-07
1.14212703e-06
0.0106300211
0.001411656355
9.937420959e-05
2.927690234e-06
7.488117166e-07
5.374258815e-07
4.719779641e-07
4.452521682e-07
4.30678023e-07
4.220282049e-07
4.163397686e-07
4.120168534e-07
4.088530829e-07
4.058112676e-07
4.032193632e-07
4.004641414e-07
3.977722238e-07
3.949560061e-07
3.91769217e-07
3.884385364e-07
3.84361803e-07
3.801674807e-07
3.74866966e-07
3.693028191e-07
3.621082427e-07
3.544401927e-07
3.448805891e-07
3.360806602e-07
3.310772267e-07
3.287319943e-07
3.279757509e-07
3.28581679e-07
3.310590509e-07
3.3373084e-07
3.380964524e-07
3.427893509e-07
3.494777753e-07
3.57099239e-07
3.675232155e-07
3.801118913e-07
3.972318084e-07
4.192375729e-07
4.495849067e-07
4.916486181e-07
5.535756328e-07
6.501840839e-07
8.151435817e-07
1.14171755e-06
0.01090458084
0.001427941845
9.956626927e-05
2.929310246e-06
7.479797386e-07
5.371944906e-07
4.719397758e-07
4.452420385e-07
4.306761546e-07
4.220230959e-07
4.163154691e-07
4.119978457e-07
4.08831889e-07
4.058001277e-07
4.032147097e-07
4.004897414e-07
3.97824827e-07
3.949700472e-07
3.918035649e-07
3.88506766e-07
3.844815499e-07
3.802391562e-07
3.7495338e-07
3.694701114e-07
3.62212799e-07
3.544859163e-07
3.450082503e-07
3.361322239e-07
3.310854036e-07
3.287215657e-07
3.279620596e-07
3.285557187e-07
3.310415929e-07
3.33698752e-07
3.380484087e-07
3.427260332e-07
3.493920529e-07
3.569938815e-07
3.674393197e-07
3.800287431e-07
3.971436746e-07
4.190201988e-07
4.49380568e-07
4.914750474e-07
5.532935441e-07
6.497789237e-07
8.147583245e-07
1.141255135e-06
0.01125482242
0.001481608055
0.0001036873413
2.999534384e-06
7.472199717e-07
5.369985415e-07
4.719269561e-07
4.452505578e-07
4.306709199e-07
4.220212722e-07
4.1629494e-07
4.119813273e-07
4.08821047e-07
4.057960471e-07
4.032433942e-07
4.004886641e-07
3.978458277e-07
3.950395807e-07
3.919251268e-07
3.885845982e-07
3.845446809e-07
3.803839093e-07
3.751719517e-07
3.695298008e-07
3.622717036e-07
3.546514373e-07
3.451769192e-07
3.361924168e-07
3.310954721e-07
3.287025551e-07
3.279291484e-07
3.284876399e-07
3.309895231e-07
3.336236887e-07
3.380061074e-07
3.426642487e-07
3.49361763e-07
3.569518885e-07
3.67368983e-07
3.799091485e-07
3.969932457e-07
4.189222772e-07
4.492402674e-07
4.911608372e-07
5.529848927e-07
6.494139566e-07
8.142398933e-07
1.14078251e-06
0.0116980663
0.001507238182
0.0001031919204
2.986083387e-06
7.466242241e-07
5.368491391e-07
4.718726884e-07
4.45242088e-07
4.30701161e-07
4.220267595e-07
4.162758385e-07
4.119684475e-07
4.088051037e-07
4.057795581e-07
4.03240115e-07
4.005383612e-07
3.97948608e-07
3.950960413e-07
3.919731032e-07
3.886724415e-07
3.847496542e-07
3.80542029e-07
3.752662406e-07
3.697047096e-07
3.624629671e-07
3.547737654e-07
3.453201554e-07
3.362515278e-07
3.311016449e-07
3.286856195e-07
3.279085891e-07
3.284534316e-07
3.309662648e-07
3.335845154e-07
3.379527845e-07
3.425919798e-07
3.492617125e-07
3.568242421e-07
3.672584108e-07
3.797999042e-07
3.96901079e-07
4.186951018e-07
4.489858053e-07
4.909479808e-07
5.526875992e-07
6.489591427e-07
8.138033639e-07
1.140262189e-06
0.01225989535
0.001604065554
0.0001108009715
3.114013123e-06
7.463780138e-07
5.369182599e-07
4.720717104e-07
4.453529853e-07
4.307029774e-07
4.220122538e-07
4.162677648e-07
4.119543549e-07
4.088201273e-07
4.058178935e-07
4.033149019e-07
4.005791039e-07
3.979792625e-07
3.951710582e-07
3.92187149e-07
3.888372626e-07
3.848617438e-07
3.807042176e-07
3.755962919e-07
3.698526743e-07
3.62545538e-07
3.549936007e-07
3.455521423e-07
3.363141462e-07
3.310963006e-07
3.286502278e-07
3.278586077e-07
3.283634434e-07
3.308979546e-07
3.334829069e-07
3.378910755e-07
3.42504568e-07
3.492160962e-07
3.567709808e-07
3.671822319e-07
3.796711886e-07
3.967148649e-07
4.185541448e-07
4.488385093e-07
4.90616994e-07
5.523245299e-07
6.48559415e-07
8.132309754e-07
1.139713755e-06
0.01296409249
0.001645435619
0.0001092296753
3.073445469e-06
7.454785268e-07
5.366318501e-07
4.719394648e-07
4.453371476e-07
4.307989237e-07
4.220908672e-07
4.162703764e-07
4.11972474e-07
4.087785513e-07
4.057971493e-07
4.033181189e-07
4.006425243e-07
3.981411477e-07
3.953472286e-07
3.922497086e-07
3.889306953e-07
3.851638475e-07
3.810351443e-07
3.756919467e-07
3.699874501e-07
3.628767834e-07
3.552661868e-07
3.456957032e-07
3.363681679e-07
3.310871508e-07
3.286189764e-07
3.278240181e-07
3.28316723e-07
3.308653906e-07
3.334303331e-07
3.378285388e-07
3.424188466e-07
3.491042618e-07
3.566114394e-07
3.670381572e-07
3.795229988e-07
3.966074335e-07
4.183192701e-07
4.485346316e-07
4.903527814e-07
5.52004842e-07
6.480533346e-07
8.127345557e-07
1.139130663e-06
0.01378325813
0.00186057086
0.0001250135154
3.337431312e-06
7.482207248e-07
5.380166436e-07
4.727979322e-07
4.457722875e-07
4.3087725e-07
4.220128807e-07
4.162445602e-07
4.11956556e-07
4.089064705e-07
4.059352423e-07
4.034853873e-07
4.007891396e-07
3.982803821e-07
3.954120477e-07
3.925417976e-07
3.893117652e-07
3.854588524e-07
3.811724163e-07
3.760805069e-07
3.703607188e-07
3.630858552e-07
3.555259934e-07
3.459525436e-07
3.364289578e-07
3.310647953e-07
3.2855251e-07
3.277385289e-07
3.281942064e-07
3.307720385e-07
3.332901927e-07
3.377388471e-07
3.422944865e-07
3.490240621e-07
3.565409251e-07
3.669498885e-07
3.793831195e-07
3.963843366e-07
4.181231255e-07
4.483669287e-07
4.900037912e-07
5.515841878e-07
6.476081165e-07
8.121035993e-07
1.138496866e-06
0.01462077159
0.002027055573
0.0001213305849
3.195063932e-06
7.459987702e-07
5.376731522e-07
4.727747037e-07
4.457792719e-07
4.310818248e-07
4.223491655e-07
4.164043131e-07
4.12119266e-07
4.088934257e-07
4.059190046e-07
4.03536501e-07
4.008961291e-07
3.984354774e-07
3.958122443e-07
3.928286741e-07
3.894406294e-07
3.857457798e-07
3.817030306e-07
3.764042264e-07
3.705147425e-07
3.635275007e-07
3.559717339e-07
3.461136702e-07
3.364671361e-07
3.310376502e-07
3.285033649e-07
3.276834186e-07
3.281286707e-07
3.307245144e-07
3.332163933e-07
3.37661516e-07
3.421866166e-07
3.489040665e-07
3.56337719e-07
3.667643551e-07
3.791813833e-07
3.962465677e-07
4.178766197e-07
4.480142536e-07
4.896766602e-07
5.512313535e-07
6.47047228e-07
8.115377124e-07
1.13785616e-06
0.0158199803
0.00237343778
0.0001579644363
3.876258152e-06
7.574209399e-07
5.415615594e-07
4.742696384e-07
4.467169857e-07
4.314972277e-07
4.223490035e-07
4.162561447e-07
4.121023118e-07
4.090920538e-07
4.062699391e-07
4.038219386e-07
4.011518522e-07
3.988483698e-07
3.959040076e-07
3.93086235e-07
3.900197949e-07
3.864231876e-07
3.819702661e-07
3.767354573e-07
3.712904022e-07
3.640944051e-07
3.562998905e-07
3.463087182e-07
3.365074328e-07
3.309901137e-07
3.283992683e-07
3.275553263e-07
3.279593211e-07
3.305931182e-07
3.33025503e-07
3.375342193e-07
3.420164834e-07
3.487716224e-07
3.562439483e-07
3.666561648e-07
3.790274805e-07
3.959884235e-07
4.176155041e-07
4.47810867e-07
4.893061764e-07
5.507514845e-07
6.465462211e-07
8.108469117e-07
1.137150281e-06
0.01725577202
0.002607085964
0.0001561469186
3.667045201e-06
7.525527798e-07
5.433653618e-07
4.767750754e-07
4.478633371e-07
4.320465568e-07
4.227813617e-07
4.169632227e-07
4.126024643e-07
4.093069049e-07
4.06278237e-07
4.039645604e-07
4.014804816e-07
3.990160575e-07
3.9655701e-07
3.938071017e-07
3.90462242e-07
3.866795569e-07
3.824973106e-07
3.77585335e-07
3.715242506e-07
3.645229943e-07
3.567485035e-07
3.465381997e-07
3.365233016e-07
3.309273368e-07
3.283227509e-07
3.274778371e-07
3.278719169e-07
3.30520829e-07
3.329260354e-07
3.374371387e-07
3.418759582e-07
3.4864827e-07
3.559951338e-07
3.664252922e-07
3.787624901e-07
3.958040386e-07
4.173527145e-07
4.474140747e-07
4.889096531e-07
5.503549259e-07
6.459301553e-07
8.102109957e-07
1.136497239e-06
0.01879983407
0.003158078483
0.0002249101382
5.395079352e-06
7.831961135e-07
5.497427348e-07
4.770662852e-07
4.483157279e-07
4.32789868e-07
4.234859e-07
4.169006538e-07
4.125818382e-07
4.095343245e-07
4.069098295e-07
4.045694729e-07
4.018398549e-07
3.997933008e-07
3.968500868e-07
3.941032688e-07
3.909839258e-07
3.876691559e-07
3.83360269e-07
3.779993445e-07
3.727468035e-07
3.655037608e-07
3.572744297e-07
3.467237294e-07
3.365435866e-07
3.308561396e-07
3.28177875e-07
3.273132131e-07
3.276563364e-07
3.303356951e-07
3.326828319e-07
3.3726635e-07
3.41662141e-07
3.484513572e-07
3.558620972e-07
3.662873144e-07
3.785901593e-07
3.95516668e-07
4.170229998e-07
4.471586631e-07
4.885095638e-07
5.498121215e-07
6.453606423e-07
8.094611563e-07
1.135763473e-06
0.02010687951
0.003340213071
0.0002414644973
5.535004543e-06
7.757375939e-07
5.61596701e-07
4.877000821e-07
4.538463504e-07
4.351550116e-07
4.242725004e-07
4.179493644e-07
4.136534855e-07
4.102488747e-07
4.071539571e-07
4.047940366e-07
4.024968232e-07
4.000660113e-07
3.97553303e-07
3.953134882e-07
3.920260732e-07
3.883043194e-07
3.838439031e-07
3.793235699e-07
3.731095189e-07
3.658956793e-07
3.57623869e-07
3.470338921e-07
3.36556903e-07
3.307547741e-07
3.280702815e-07
3.271927854e-07
3.27541098e-07
3.302328075e-07
3.325546746e-07
3.371413647e-07
3.414706027e-07
3.483172304e-07
3.555525784e-07
3.659860666e-07
3.7823679e-07
3.952498084e-07
4.167073842e-07
4.466754916e-07
4.879854872e-07
5.493027788e-07
6.445974929e-07
8.08664412e-07
1.135119305e-06
0.02113046425
0.004322370232
0.0003537011426
1.00540804e-05
8.545024797e-07
5.6818895e-07
4.856850004e-07
4.530014913e-07
4.361197708e-07
4.262175833e-07
4.188647647e-07
4.140109755e-07
4.106302368e-07
4.079643509e-07
4.059161625e-07
4.031283571e-07
4.013029405e-07
3.985762806e-07
3.957452798e-07
3.925580432e-07
3.893420251e-07
3.853956192e-07
3.800844279e-07
3.744941636e-07
3.673708565e-07
3.585359242e-07
3.474174658e-07
3.365892508e-07
3.306760995e-07
3.279001635e-07
3.26998754e-07
3.272894095e-07
3.29972389e-07
3.322404955e-07
3.368979419e-07
3.411974303e-07
3.480164945e-07
3.553479548e-07
3.657975974e-07
3.780023382e-07
3.948676744e-07
4.162105557e-07
4.462637675e-07
4.874201153e-07
5.485013855e-07
6.437428707e-07
8.076258922e-07
1.134473126e-06
0.02134781893
0.004256740972
0.0004550496007
1.257651177e-05
8.62536111e-07
6.212935694e-07
5.135225276e-07
4.672538205e-07
4.415065731e-07
4.276251881e-07
4.202867321e-07
4.155675639e-07
4.118729126e-07
4.089909387e-07
4.063661411e-07
4.041878523e-07
4.017735003e-07
3.992234112e-07
3.971968749e-07
3.942663391e-07
3.907748101e-07
3.860799549e-07
3.816394316e-07
3.755710684e-07
3.678551889e-07
3.588662265e-07
3.477582182e-07
3.366469532e-07
3.305765687e-07
3.277587991e-07
3.268283094e-07
3.271057834e-07
3.298210147e-07
3.320768243e-07
3.367218198e-07
3.409095975e-07
3.478346587e-07
3.549605522e-07
3.653160663e-07
3.774476438e-07
3.943993542e-07
4.157286907e-07
4.455345719e-07
4.865437477e-07
5.476504567e-07
6.425245765e-07
8.064102224e-07
1.133706778e-06
0.02074143553
0.004741672266
0.0005541802796
2.554012907e-05
9.972174746e-07
6.170052014e-07
5.0935631e-07
4.673771345e-07
4.468300139e-07
4.337455406e-07
4.235744885e-07
4.171306773e-07
4.131765266e-07
4.101082296e-07
4.08007403e-07
4.052398947e-07
4.035502635e-07
4.010092907e-07
3.984118374e-07
3.950130678e-07
3.918075285e-07
3.881214756e-07
3.831241752e-07
3.770365962e-07
3.698351922e-07
3.603396828e-07
3.486454612e-07
3.368174997e-07
3.305240752e-07
3.275771898e-07
3.266100283e-07
3.268191069e-07
3.294907134e-07
3.316490284e-07
3.363487157e-07
3.405498526e-07
3.473626263e-07
3.545401836e-07
3.650476306e-07
3.771041612e-07
3.938559425e-07
4.149263069e-07
4.447860956e-07
4.856472254e-07
5.46341571e-07
6.411060185e-07
8.048247585e-07
1.132697178e-06
0.0191626932
0.005808794613
0.0007975285931
3.30145607e-05
1.441844209e-06
7.421955147e-07
5.723384619e-07
4.934148111e-07
4.521585847e-07
4.341995437e-07
4.245166695e-07
4.189091087e-07
4.148035111e-07
4.118342713e-07
4.091076608e-07
4.068921655e-07
4.04409682e-07
4.019145206e-07
3.999529342e-07
3.973982681e-07
3.941492119e-07
3.894724343e-07
3.849350159e-07
3.789243486e-07
3.705687108e-07
3.609344126e-07
3.490593937e-07
3.370182881e-07
3.305129043e-07
3.274258292e-07
3.263942912e-07
3.2653901e-07
3.292043411e-07
3.3143784e-07
3.361013513e-07
3.401045425e-07
3.470995431e-07
3.54082934e-07
3.643040499e-07
3.761775237e-07
3.929977543e-07
4.141172104e-07
4.436656858e-07
4.841495079e-07
5.448648732e-07
6.39133562e-07
8.028685036e-07
1.131218131e-06
0.01706429934
0.008667127778
0.001253937309
6.552568266e-05
6.661843664e-07
6.760816516e-07
5.90373429e-07
5.124503334e-07
4.773190946e-07
4.485099206e-07
4.329535485e-07
4.235462836e-07
4.179328019e-07
4.13959397e-07
4.113445749e-07
4.085759436e-07
4.068908035e-07
4.045253585e-07
4.020806863e-07
3.985188486e-07
3.954477064e-07
3.920145703e-07
3.873167289e-07
3.807483434e-07
3.732712203e-07
3.633374664e-07
3.50771059e-07
3.375546702e-07
3.305133007e-07
3.272270354e-07
3.261355543e-07
3.261655145e-07
3.288051677e-07
3.30884096e-07
3.354895946e-07
3.395985559e-07
3.463203639e-07
3.532705309e-07
3.637752661e-07
3.756552383e-07
3.922199832e-07
4.12839108e-07
4.422602291e-07
4.82653145e-07
5.42706919e-07
6.367499912e-07
8.002283327e-07
1.129061434e-06
0.0147768948
0.01191502072
0.001754832121
0.0001703587612
1.02219128e-05
1.130802823e-06
6.8218183e-07
5.357878242e-07
4.774168472e-07
4.524829571e-07
4.355138843e-07
4.262093752e-07
4.200324799e-07
4.163980011e-07
4.136530162e-07
4.110725908e-07
4.083850632e-07
4.058776834e-07
4.040354674e-07
4.016912474e-07
3.989006593e-07
3.943374094e-07
3.896244594e-07
3.836085774e-07
3.747777683e-07
3.644060076e-07
3.51544661e-07
3.37934481e-07
3.305963095e-07
3.27098068e-07
3.258611889e-07
3.257563728e-07
3.283216537e-07
3.304598622e-07
3.351137714e-07
3.388905487e-07
3.459184548e-07
3.52697685e-07
3.627733443e-07
3.74101281e-07
3.906186781e-07
4.113257479e-07
4.404998774e-07
4.801061166e-07
5.400951179e-07
6.334660682e-07
7.967222575e-07
1.125953062e-06
0.01320595442
0.01580550064
0.004147219851
0.0004196926304
1.200118119e-05
2.248534347e-06
7.063342033e-07
6.16567434e-07
5.298827632e-07
4.793486805e-07
4.495373915e-07
4.335850152e-07
4.258687334e-07
4.206140319e-07
4.167785415e-07
4.13799973e-07
4.120642057e-07
4.096869613e-07
4.072144501e-07
4.037444068e-07
4.007701947e-07
3.976273042e-07
3.932279739e-07
3.863326243e-07
3.783986208e-07
3.683255229e-07
3.545313109e-07
3.391884217e-07
3.308531437e-07
3.268928254e-07
3.254441167e-07
3.25255649e-07
3.277710081e-07
3.297657162e-07
3.341004079e-07
3.381326863e-07
3.446929924e-07
3.512538148e-07
3.614825698e-07
3.731441836e-07
3.894468467e-07
4.0939359e-07
4.379019472e-07
4.774683964e-07
5.365034341e-07
6.293040299e-07
7.918765832e-07
1.121540753e-06
0.0121728918
0.01762869982
0.007512314636
0.001120090989
0.0001646870104
1.067359077e-05
1.655008146e-06
7.723093899e-07
5.597342605e-07
4.971378101e-07
4.624615632e-07
4.433340602e-07
4.308094312e-07
4.245049691e-07
4.211270793e-07
4.175333717e-07
4.143074021e-07
4.117584597e-07
4.101514857e-07
4.080562767e-07
4.057132855e-07
4.012986191e-07
3.965054769e-07
3.905802112e-07
3.816504955e-07
3.702794405e-07
3.560523436e-07
3.399964094e-07
3.311106215e-07
3.267501382e-07
3.250437436e-07
3.247229716e-07
3.270103275e-07
3.289138876e-07
3.335246231e-07
3.370310218e-07
3.438740207e-07
3.503001319e-07
3.602376406e-07
3.709184575e-07
3.866053611e-07
4.063618636e-07
4.349437066e-07
4.732132398e-07
5.318009359e-07
6.234849428e-07
7.851499333e-07
1.11539502e-06
0.01152251032
0.01742642722
0.01156454292
0.003364593958
0.0004053293672
1.240814002e-05
3.847177313e-06
1.018772491e-06
6.536652154e-07
5.447675491e-07
4.7922177e-07
4.542628842e-07
4.407265956e-07
4.320364941e-07
4.26030644e-07
4.22514463e-07
4.202675434e-07
4.174849139e-07
4.146539272e-07
4.112496767e-07
4.084681049e-07
4.058771691e-07
4.019003144e-07
3.949614743e-07
3.867235645e-07
3.761647174e-07
3.611381836e-07
3.424084312e-07
3.317529294e-07
3.265630175e-07
3.244641037e-07
3.239991498e-07
3.261034498e-07
3.280397112e-07
3.31966281e-07
3.357484431e-07
3.42104953e-07
3.480612167e-07
3.576865329e-07
3.685091118e-07
3.843373649e-07
4.035350451e-07
4.304631738e-07
4.683558671e-07
5.255560429e-07
6.157930645e-07
7.759028129e-07
1.106711205e-06
0.01052155927
0.01568490761
0.01292922376
0.007530403724
0.001707522218
0.0003838130829
8.814015138e-06
2.758296348e-06
1.124824836e-06
7.203505387e-07
5.370466519e-07
4.801807474e-07
4.516481471e-07
4.399341296e-07
4.34175471e-07
4.280382381e-07
4.236903328e-07
4.208250337e-07
4.194539535e-07
4.175741125e-07
4.156305809e-07
4.113785014e-07
4.068275843e-07
4.013459706e-07
3.924757088e-07
3.805470914e-07
3.645901691e-07
3.437166436e-07
3.321493649e-07
3.26355404e-07
3.238922152e-07
3.232501311e-07
3.249966078e-07
3.265089273e-07
3.308266752e-07
3.340758814e-07
3.402959991e-07
3.461145977e-07
3.556078749e-07
3.655006619e-07
3.800811653e-07
3.977765665e-07
4.249113195e-07
4.611246098e-07
5.168709065e-07
6.049299591e-07
7.627664974e-07
1.094411971e-06
0.009126892879
0.01350354296
0.01247444883
0.009955789159
0.005373607339
0.0009974343173
0.0002394943545
4.050233258e-05
4.391533814e-06
9.166853596e-07
6.782222256e-07
5.02983252e-07
4.822150987e-07
4.565557817e-07
4.443885178e-07
4.381082262e-07
4.338864103e-07
4.294601201e-07
4.258997769e-07
4.22317513e-07
4.198291188e-07
4.183156316e-07
4.149867795e-07
4.083765867e-07
4.003471774e-07
3.895341419e-07
3.728107396e-07
3.480722923e-07
3.334927543e-07
3.261388127e-07
3.230931527e-07
3.221860013e-07
3.234193004e-07
3.252311824e-07
3.286227918e-07
3.318218839e-07
3.375938395e-07
3.427986367e-07
3.514405461e-07
3.607207358e-07
3.749618172e-07
3.929014199e-07
4.176273478e-07
4.521447933e-07
5.054212147e-07
5.902376338e-07
7.446862066e-07
1.076649257e-06
0.007502854455
0.01133828227
0.01132001235
0.01052066568
0.008308623889
0.004388774483
0.000834074543
0.0001000807831
2.999772409e-05
4.169094051e-06
1.69921269e-06
8.83085523e-07
5.047093608e-07
4.805432982e-07
4.561859067e-07
4.477773059e-07
4.408830743e-07
4.370568381e-07
4.345018039e-07
4.323674148e-07
4.30608618e-07
4.26222819e-07
4.225773087e-07
4.18219878e-07
4.098222228e-07
3.97854719e-07
3.803137193e-07
3.506584658e-07
3.341574366e-07
3.260169179e-07
3.22234346e-07
3.210097075e-07
3.218586722e-07
3.228321008e-07
3.26388479e-07
3.291306276e-07
3.343543094e-07
3.39094971e-07
3.473661221e-07
3.557251071e-07
3.688773115e-07
3.834106354e-07
4.069724309e-07
4.391028426e-07
4.890996947e-07
5.694815797e-07
7.185162307e-07
1.049994966e-06
0.005902138801
0.009347917019
0.009959253214
0.0100777352
0.009470992753
0.007529140907
0.003919997935
0.001079151623
0.0002902721936
2.239960614e-05
7.93046334e-06
2.383269256e-06
1.039695997e-06
5.974265792e-07
5.033282652e-07
4.712095995e-07
4.573520553e-07
4.481141443e-07
4.436481369e-07
4.390545087e-07
4.367353002e-07
4.366039751e-07
4.338009221e-07
4.282998501e-07
4.214516637e-07
4.111812013e-07
3.934976585e-07
3.577482954e-07
3.369154919e-07
3.262403128e-07
3.213432634e-07
3.196669903e-07
3.195857727e-07
3.209030151e-07
3.235326718e-07
3.257880651e-07
3.304213046e-07
3.344331773e-07
3.414536263e-07
3.486536497e-07
3.598876019e-07
3.745676693e-07
3.957960372e-07
4.245384438e-07
4.700493321e-07
5.440528945e-07
6.851486562e-07
1.013798024e-06
0.004527860593
0.007676885502
0.008590658239
0.009245066253
0.009364050038
0.008805665317
0.006905229032
0.003084937406
0.0008030076184
0.0002556306014
3.212763822e-05
9.315417179e-06
2.65287331e-06
7.366847778e-07
5.633603361e-07
4.87393168e-07
4.696071036e-07
4.619410227e-07
4.550608148e-07
4.512395545e-07
4.482043062e-07
4.439521875e-07
4.426038256e-07
4.390340352e-07
4.318788137e-07
4.213417935e-07
4.040827915e-07
3.624160325e-07
3.384246074e-07
3.26475255e-07
3.20686759e-07
3.184727657e-07
3.181167096e-07
3.185245074e-07
3.209575587e-07
3.228339241e-07
3.26827956e-07
3.301324866e-07
3.36545447e-07
3.4265213e-07
3.533081469e-07
3.647304661e-07
3.833012069e-07
4.088984382e-07
4.499377148e-07
5.175368819e-07
6.495698172e-07
9.714430437e-07
0.003453006785
0.006439737844
0.007533143876
0.008409526032
0.00903337721
0.009093589944
0.008443468214
0.006252189474
0.002462496954
0.0007755870453
0.0002132372059
4.309035005e-05
9.808783901e-06
2.793537439e-06
8.719799229e-07
5.789841923e-07
4.904315501e-07
4.721405538e-07
4.641610696e-07
4.572947868e-07
4.543671821e-07
4.535296322e-07
4.510553426e-07
4.473231566e-07
4.417072832e-07
4.3253665e-07
4.146444577e-07
3.694056774e-07
3.416077255e-07
3.272429663e-07
3.203012138e-07
3.175421731e-07
3.164835717e-07
3.16969754e-07
3.188288603e-07
3.202276091e-07
3.237168551e-07
3.264811704e-07
3.3196746e-07
3.37218477e-07
3.459655118e-07
3.569571273e-07
3.739464925e-07
3.967660851e-07
4.337942078e-07
4.952091595e-07
6.175779094e-07
9.310443371e-07
0.002617905813
0.005402966888
0.006621371241
0.007637418611
0.008466018198
0.008996724024
0.008964584785
0.008066548773
0.005186433728
0.001899261106
0.0005226084066
0.0001339492939
3.158947054e-05
7.456547769e-06
2.030715743e-06
7.032347822e-07
5.472204112e-07
4.870952123e-07
4.740485747e-07
4.675483358e-07
4.625570299e-07
4.589335323e-07
4.581561517e-07
4.552822721e-07
4.494399602e-07
4.405511192e-07
4.223687766e-07
3.737608304e-07
3.431955199e-07
3.276705847e-07
3.200865046e-07
3.167242324e-07
3.15584711e-07
3.15391801e-07
3.170334715e-07
3.181623314e-07
3.212148283e-07
3.234614918e-07
3.284653287e-07
3.328652326e-07
3.413108096e-07
3.502642653e-07
3.65145626e-07
3.855642403e-07
4.191292976e-07
4.752073513e-07
5.889254939e-07
8.883624604e-07
0.001990032274
0.00452904246
0.005839365974
0.006972586342
0.007987405077
0.008817904115
0.009249351552
0.009034679125
0.007626247029
0.003677270117
0.00122578774
0.0003689960377
7.765369712e-05
2.030555939e-05
4.890413095e-06
1.641805428e-06
6.312615189e-07
5.247490211e-07
4.819928334e-07
4.726040332e-07
4.680961729e-07
4.660011981e-07
4.639638804e-07
4.61465221e-07
4.567280156e-07
4.488967464e-07
4.29179896e-07
3.792397461e-07
3.459022289e-07
3.2855413e-07
3.199589476e-07
3.161928265e-07
3.145045894e-07
3.14346223e-07
3.156156079e-07
3.163964864e-07
3.190974013e-07
3.209741188e-07
3.253583685e-07
3.292127565e-07
3.362865505e-07
3.447982344e-07
3.5864336e-07
3.771736692e-07
4.078708435e-07
4.593041339e-07
5.647134935e-07
8.5265304e-07
0.001543229065
0.003763321813
0.005136859867
0.006332831526
0.007444956816
0.008439126062
0.009220265704
0.00951879914
0.009009210119
0.006725076479
0.002514772441
0.0007322749907
0.0002232797967
5.046944384e-05
1.179470466e-05
2.974924987e-06
1.09201316e-06
5.652812538e-07
5.009358371e-07
4.812149114e-07
4.741024157e-07
4.70152068e-07
4.692856459e-07
4.670216997e-07
4.62197167e-07
4.549062681e-07
4.342924551e-07
3.825336427e-07
3.473621742e-07
3.290185941e-07
3.19935663e-07
3.157103188e-07
3.139348042e-07
3.133104772e-07
3.144154716e-07
3.15008747e-07
3.17415094e-07
3.189388958e-07
3.229799643e-07
3.262293163e-07
3.331275172e-07
3.403220267e-07
3.526913156e-07
3.695477618e-07
3.978050837e-07
4.453089869e-07
5.431403658e-07
7.9667147e-07
0.001261547663
0.00314913893
0.004511089481
0.005736199965
0.006911064456
0.00802960815
0.009046939657
0.009759334146
0.00971627413
0.008554579609
0.00463506004
0.00156999396
0.0004420580836
0.0001199731413
2.497547684e-05
5.752059733e-06
1.530378417e-06
7.279749848e-07
5.20256841e-07
4.869598366e-07
4.785330411e-07
4.751222458e-07
4.732353099e-07
4.713625479e-07
4.672781856e-07
4.598940324e-07
4.389456289e-07
3.865449601e-07
3.494356436e-07
3.297704854e-07
3.199493286e-07
3.154131609e-07
3.132512776e-07
3.126277295e-07
3.134867794e-07
3.13840927e-07
3.160110644e-07
3.172826946e-07
3.209068582e-07
3.238094793e-07
3.297689532e-07
3.366322515e-07
3.483234931e-07
3.639282269e-07
3.902374364e-07
4.344775715e-07
5.257399331e-07
7.739346524e-07
0.001094446984
0.002632023939
0.003980121008
0.005190254264
0.006382829727
0.007569216821
0.008712577972
0.009714472317
0.01013260124
0.009638358718
0.007138522557
0.002739814869
0.0008599618597
0.0002374033423
5.300753448e-05
1.092285971e-05
2.647379565e-06
8.535634813e-07
5.705770264e-07
4.953316964e-07
4.831077833e-07
4.782100395e-07
4.769820998e-07
4.751156544e-07
4.710416606e-07
4.634758027e-07
4.423712547e-07
3.890254532e-07
3.506644341e-07
3.30218032e-07
3.199838665e-07
3.151360008e-07
3.129010181e-07
3.119549008e-07
3.126998044e-07
3.12926068e-07
3.148960338e-07
3.159350629e-07
3.193239772e-07
3.218124476e-07
3.27663671e-07
3.336595962e-07
3.443531493e-07
3.588290874e-07
3.834842626e-07
4.250008095e-07
5.107101004e-07
7.29948424e-07
0.001006739411
0.002337145515
0.003581360812
0.004731285833
0.005907794644
0.00713019646
0.008364860864
0.009572492658
0.01044187261
0.01033367099
0.008933965126
0.004282420127
0.001432929691
0.0004529785415
9.685604961e-05
1.99196252e-05
4.160687538e-06
1.296017036e-06
6.008436966e-07
5.10685381e-07
4.867135792e-07
4.81698237e-07
4.796691702e-07
4.780913176e-07
4.745256162e-07
4.664933673e-07
4.454732868e-07
3.919091446e-07
3.522066674e-07
3.308071603e-07
3.200595199e-07
3.149695611e-07
3.124698427e-07
3.115175231e-07
3.120905121e-07
3.121559381e-07
3.139723972e-07
3.148238896e-07
3.17943323e-07
3.202121809e-07
3.254306141e-07
3.31199695e-07
3.41450087e-07
3.551010848e-07
3.784587012e-07
4.177696315e-07
4.988055967e-07
7.109268263e-07
0.0009384334293
0.00211672543
0.003240596674
0.004326972752
0.005461864426
0.006681638331
0.007977081469
0.009310227627
0.01044633524
0.01078082465
0.009862459245
0.006259700496
0.002094962262
0.000615853679
0.0001789279677
3.169596792e-05
6.300776454e-06
1.523387897e-06
4.806065635e-07
4.770967674e-07
4.686924359e-07
4.476847771e-07
3.937067984e-07
3.531591494e-07
3.311814298e-07
3.201118165e-07
3.148094341e-07
3.122524536e-07
3.110798014e-07
3.115737431e-07
3.115557839e-07
3.132313748e-07
3.139560986e-07
3.168965625e-07
3.188846353e-07
3.240325609e-07
3.29224867e-07
3.388080768e-07
3.517058973e-07
3.739580834e-07
4.11433515e-07
4.886745917e-07
6.910637425e-07
0.0008874980908
0.001964433113
0.00299841722
0.00401045012
0.005088824183
0.006278975181
0.007594594388
0.009003690311
4.49706942e-07
3.957251261e-07
3.542651385e-07
3.316201307e-07
3.201925783e-07
3.147138337e-07
3.119768598e-07
3.107965907e-07
3.111730716e-07
3.110503258e-07
3.126200271e-07
3.132308458e-07
3.15970251e-07
3.178236152e-07
3.225464175e-07
3.275883783e-07
3.368809895e-07
3.492342368e-07
3.706266391e-07
4.06633057e-07
4.807321417e-07
6.76173778e-07
3.969916015e-07
3.549644011e-07
3.319070234e-07
3.202459445e-07
3.146185622e-07
3.118391836e-07
3.105086057e-07
3.108319589e-07
3.106561971e-07
3.12125264e-07
3.124867753e-07
3.152761571e-07
3.169415861e-07
3.216163576e-07
3.262733399e-07
3.351209241e-07
3.469726099e-07
3.676288907e-07
4.024102581e-07
4.739653559e-07
6.634035317e-07
3.557401714e-07
3.322221178e-07
3.203123851e-07
3.14561512e-07
3.116602613e-07
3.103230898e-07
3.105667193e-07
3.10322241e-07
3.117190617e-07
3.121775865e-07
3.14656579e-07
3.162364188e-07
3.206248126e-07
3.251836877e-07
3.338396077e-07
3.453304374e-07
3.65416643e-07
3.992226311e-07
4.686797245e-07
6.525459286e-07
3.324317139e-07
3.203575874e-07
3.145031476e-07
3.115714855e-07
3.101321087e-07
3.103404544e-07
3.100615776e-07
3.113889753e-07
3.116313299e-07
3.141945316e-07
3.156499573e-07
3.200042104e-07
3.243061165e-07
3.326650427e-07
3.438216353e-07
3.634175251e-07
3.964074969e-07
4.641648183e-07
6.436808905e-07
3.326531849e-07
3.204056452e-07
3.144682316e-07
3.114541924e-07
3.100097303e-07
3.101641444e-07
3.098397038e-07
3.111197763e-07
3.110487094e-07
3.137750923e-07
3.1517948e-07
3.193410907e-07
3.235795535e-07
3.318112184e-07
3.427278313e-07
3.619447869e-07
3.942864329e-07
4.606463826e-07
6.365479525e-07
3.20455025e-07
3.144294207e-07
3.113926351e-07
3.098740986e-07
3.100029614e-07
3.096537375e-07
3.108815126e-07
3.107864589e-07
3.134437759e-07
3.147575973e-07
3.188916025e-07
3.229434611e-07
3.309589444e-07
3.416327312e-07
3.604934745e-07
3.922427449e-07
4.573687521e-07
6.296823221e-07
3.204840983e-07
3.143990041e-07
3.112961261e-07
3.097732363e-07
3.098561961e-07
3.094668805e-07
3.10653484e-07
3.105286386e-07
3.130862408e-07
3.143508293e-07
3.183161037e-07
3.223138265e-07
3.302169458e-07
3.406803602e-07
3.592091849e-07
3.903908549e-07
4.542924331e-07
6.229373322e-07
3.205302117e-07
3.143627633e-07
3.11240239e-07
3.096492645e-07
3.09707624e-07
3.092933263e-07
3.104292377e-07
3.102730493e-07
3.127660536e-07
3.13947019e-07
3.178819413e-07
3.216956087e-07
3.293855929e-07
3.396098131e-07
3.577876596e-07
3.8838638e-07
4.510742627e-07
6.163083229e-07
3.143337431e-07
3.111512954e-07
3.095556889e-07
3.095696605e-07
3.091155037e-07
3.102105589e-07
3.100187573e-07
3.124245829e-07
3.135477638e-07
3.173153558e-07
3.210772202e-07
3.286547291e-07
3.386699805e-07
3.565184175e-07
3.865544426e-07
4.480280734e-07
6.09791649e-07
3.142995924e-07
3.110992276e-07
3.094388556e-07
3.094286962e-07
3.089493697e-07
3.099951554e-07
3.097653017e-07
3.121046371e-07
3.131547606e-07
3.168894063e-07
3.204670102e-07
3.278323333e-07
3.376097358e-07
3.551090449e-07
3.845661323e-07
4.448353749e-07
6.033833626e-07
3.142720025e-07
3.110156235e-07
3.093503287e-07
3.092968668e-07
3.087776603e-07
3.097815443e-07
3.0952181e-07
3.117781145e-07
3.12761426e-07
3.163283597e-07
3.198570261e-07
3.271100906e-07
3.366799678e-07
3.538525458e-07
3.827522932e-07
4.418188115e-07
5.970807624e-07
3.109664073e-07
3.092384922e-07
3.091613638e-07
3.086164255e-07
3.095724542e-07
3.092817927e-07
3.114564021e-07
3.123752827e-07
3.159082423e-07
3.192524111e-07
3.262943811e-07
3.356278633e-07
3.524534367e-07
3.807788634e-07
4.386519387e-07
5.908803157e-07
3.108866917e-07
3.091536013e-07
3.090338105e-07
3.084490909e-07
3.093616918e-07
3.090035684e-07
3.111386256e-07
3.119901464e-07
3.153509079e-07
3.186490885e-07
3.255792731e-07
3.347067154e-07
3.512085151e-07
3.789825535e-07
4.356662223e-07
5.847796425e-07
3.090452794e-07
3.089022751e-07
3.082912346e-07
3.091575113e-07
3.08815912e-07
3.108198361e-07
3.115984653e-07
3.149346957e-07
3.180485489e-07
3.2476881e-07
3.336613916e-07
3.498185689e-07
3.770234335e-07
4.325260503e-07
5.787752505e-07
3.089631181e-07
3.087778479e-07
3.081270873e-07
3.089490865e-07
3.086157053e-07
3.105057819e-07
3.11210923e-07
3.143797869e-07
3.174508079e-07
3.240598865e-07
3.327479533e-07
3.485845294e-07
3.752443813e-07
4.295721836e-07
5.728651894e-07
3.086493226e-07
3.079715575e-07
3.087483949e-07
3.081956419e-07
3.101825797e-07
3.107084174e-07
3.139664978e-07
3.168534454e-07
3.23253757e-07
3.317085846e-07
3.472031383e-07
3.732994264e-07
4.264598255e-07
5.670462133e-07
3.08527268e-07
3.078097091e-07
3.08542199e-07
3.080016276e-07
3.098918349e-07
3.102762676e-07
3.134136446e-07
3.162606348e-07
3.225504573e-07
3.308024314e-07
3.459798078e-07
3.715380031e-07
4.235397855e-07
5.613166578e-07
3.076558056e-07
3.083435915e-07
3.078321092e-07
3.095430838e-07
3.099014161e-07
3.13002853e-07
3.156659729e-07
3.217481207e-07
3.297685973e-07
3.4460676e-07
3.696075166e-07
4.204569257e-07
5.556732277e-07
3.074972068e-07
3.081413366e-07
3.075599228e-07
3.092695917e-07
3.095358562e-07
3.12457793e-07
3.150836681e-07
3.210572444e-07
3.288787683e-07
3.434065855e-07
3.678820955e-07
4.176021406e-07
5.502363093e-07
3.07947943e-07
3.072364544e-07
3.089318284e-07
3.091714937e-07
3.120589739e-07
3.145045173e-07
3.202763072e-07
3.278739678e-07
3.42074595e-07
3.660152099e-07
4.146363548e-07
5.448942467e-07
3.070613733e-07
3.086648437e-07
3.088130088e-07
3.115228964e-07
3.139338581e-07
3.19600378e-07
3.270051764e-07
3.409064574e-07
3.643437528e-07
4.118920777e-07
5.396455815e-07
3.083236535e-07
3.084468484e-07
3.11128047e-07
3.133584855e-07
3.18825269e-07
3.260099943e-07
3.395909518e-07
3.625084093e-07
4.089994764e-07
5.34486907e-07
3.081449913e-07
3.105962765e-07
3.127933774e-07
3.181571032e-07
3.251529232e-07
3.384419819e-07
3.608719088e-07
4.063327465e-07
5.294163026e-07
3.122213072e-07
3.173869449e-07
3.241660484e-07
3.371408816e-07
3.590649537e-07
4.035075106e-07
5.244310985e-07
3.233203156e-07
3.360104961e-07
3.574623693e-07
4.009155455e-07
5.195302918e-07
3.56777945e-07
3.66595031e-07
3.800616006e-07
3.964212459e-07
4.195330622e-07
4.490611469e-07
4.92691588e-07
5.538206638e-07
6.522208016e-07
8.166619471e-07
1.144410365e-06
3.271933103e-07
3.267110748e-07
3.278713781e-07
3.300223843e-07
3.331535839e-07
3.370844799e-07
3.4228073e-07
3.484833517e-07
3.567445485e-07
3.665714162e-07
3.799984739e-07
3.963687758e-07
4.194483931e-07
4.490206728e-07
4.92543612e-07
5.537058389e-07
6.520895673e-07
8.164431234e-07
1.144245679e-06
3.57244499e-07
3.496826612e-07
3.404362888e-07
3.328196791e-07
3.289282289e-07
3.271980014e-07
3.267099278e-07
3.278474226e-07
3.30004828e-07
3.331200809e-07
3.370674297e-07
3.422569186e-07
3.484607987e-07
3.566803004e-07
3.665265164e-07
3.799307066e-07
3.963415725e-07
4.19368295e-07
4.489295678e-07
4.924343205e-07
5.536117787e-07
6.518197783e-07
8.163006246e-07
1.144034581e-06
3.748218769e-07
3.695171991e-07
3.641721691e-07
3.572643778e-07
3.497191664e-07
3.404943063e-07
3.32853189e-07
3.289427811e-07
3.272020384e-07
3.267080403e-07
3.278349592e-07
3.299957151e-07
3.330998615e-07
3.370450041e-07
3.422069399e-07
3.484260867e-07
3.566449508e-07
3.665040084e-07
3.798737323e-07
3.962735181e-07
4.192654471e-07
4.488850442e-07
4.922863081e-07
5.534431157e-07
6.516664776e-07
8.160528018e-07
1.143827441e-06
3.8575031e-07
3.82721687e-07
3.788650683e-07
3.748551076e-07
3.695302722e-07
3.642148105e-07
3.573119471e-07
3.497601498e-07
3.405314388e-07
3.32878206e-07
3.289534356e-07
3.272035191e-07
3.267038498e-07
3.278107821e-07
3.299743708e-07
3.33065308e-07
3.370203163e-07
3.421858757e-07
3.484069771e-07
3.565853102e-07
3.664484099e-07
3.797949552e-07
3.96244658e-07
4.191907176e-07
4.48764197e-07
4.921398825e-07
5.53339293e-07
6.513669264e-07
8.158528353e-07
1.143576007e-06
3.938152951e-07
3.912618523e-07
3.888002195e-07
3.857792989e-07
3.827590871e-07
3.788787989e-07
3.748794173e-07
3.695715673e-07
3.642708495e-07
3.573231828e-07
3.497866673e-07
3.405910326e-07
3.329029779e-07
3.289626864e-07
3.272028886e-07
3.266984333e-07
3.277954966e-07
3.299661465e-07
3.330448147e-07
3.370019966e-07
3.421338277e-07
3.48363304e-07
3.565404526e-07
3.664268531e-07
3.797445071e-07
3.961608632e-07
4.190649827e-07
4.487153183e-07
4.919965859e-07
5.531262327e-07
6.511814827e-07
8.155751425e-07
1.143317708e-06
4.012144158e-07
3.985824726e-07
3.961952848e-07
3.9382491e-07
3.912838239e-07
3.888287969e-07
3.857925679e-07
3.827859528e-07
3.789157805e-07
3.749188381e-07
3.695918088e-07
3.643074965e-07
3.573786371e-07
3.498323293e-07
3.406342498e-07
3.329251195e-07
3.289700382e-07
3.272010458e-07
3.266920875e-07
3.277710596e-07
3.299410814e-07
3.330085889e-07
3.369696675e-07
3.421118686e-07
3.483446594e-07
3.564873182e-07
3.663609623e-07
3.796511425e-07
3.961276012e-07
4.189964779e-07
4.485666281e-07
4.918077776e-07
5.530045767e-07
6.508586457e-07
8.153160917e-07
1.14302193e-06
4.198093439e-07
4.124987263e-07
4.076819447e-07
4.03968423e-07
4.012171454e-07
3.98582802e-07
3.961989171e-07
3.93829062e-07
3.912947068e-07
3.888529588e-07
3.858294016e-07
3.828375656e-07
3.789367502e-07
3.749429112e-07
3.696429073e-07
3.643752641e-07
3.573918839e-07
3.498541629e-07
3.407068051e-07
3.329518615e-07
3.28978531e-07
3.271983538e-07
3.266830208e-07
3.277517553e-07
3.299319434e-07
3.329857193e-07
3.369540464e-07
3.420605593e-07
3.482923251e-07
3.564308334e-07
3.663376779e-07
3.796066746e-07
3.960401756e-07
4.188445277e-07
4.485078769e-07
4.916703508e-07
5.527568362e-07
6.506345096e-07
8.150064609e-07
1.142710908e-06
0.001272100364
7.621744009e-05
2.160614028e-06
7.278911622e-07
5.174578333e-07
4.552842213e-07
4.32131764e-07
4.198088698e-07
4.125031809e-07
4.076769137e-07
4.039668418e-07
4.012186871e-07
3.985840648e-07
3.962131131e-07
3.938456952e-07
3.913263765e-07
3.888949467e-07
3.858506777e-07
3.828687586e-07
3.789849064e-07
3.749951937e-07
3.696801965e-07
3.644104581e-07
3.574537564e-07
3.499150897e-07
3.407630434e-07
3.329794202e-07
3.289868181e-07
3.271951905e-07
3.266753153e-07
3.277267082e-07
3.299028428e-07
3.329470854e-07
3.369145e-07
3.420285768e-07
3.482726697e-07
3.56383573e-07
3.662613401e-07
3.79498536e-07
3.959783227e-07
4.187788568e-07
4.483498986e-07
4.914379631e-07
5.526091364e-07
6.502914621e-07
8.146899909e-07
1.142376047e-06
0.01050688828
0.001280634532
7.695904582e-05
2.169093482e-06
7.260487586e-07
5.170087532e-07
4.551521039e-07
4.321165963e-07
4.198089451e-07
4.125092683e-07
4.076715928e-07
4.039654193e-07
4.01221925e-07
3.985838752e-07
3.962185893e-07
3.938530077e-07
3.913424553e-07
3.889248282e-07
3.858999806e-07
3.829407522e-07
3.790208337e-07
3.750200068e-07
3.697445748e-07
3.644985477e-07
3.574757326e-07
3.499401562e-07
3.40851338e-07
3.330149495e-07
3.28997801e-07
3.271913073e-07
3.266629754e-07
3.277017556e-07
3.298921269e-07
3.329202276e-07
3.368983929e-07
3.419804745e-07
3.48211489e-07
3.563130313e-07
3.662356395e-07
3.794544864e-07
3.958982297e-07
4.186036899e-07
4.48248993e-07
4.913012002e-07
5.52335155e-07
6.500253092e-07
8.143479721e-07
1.142019176e-06
0.01065365405
0.001293785762
7.758924028e-05
2.176833176e-06
7.240143578e-07
5.165529572e-07
4.549917004e-07
4.321027466e-07
4.198093098e-07
4.125111873e-07
4.076657492e-07
4.039642635e-07
4.01223375e-07
3.985860251e-07
3.962416069e-07
3.93881276e-07
3.913908717e-07
3.889856987e-07
3.859378572e-07
3.829760736e-07
3.790803301e-07
3.750916411e-07
3.698121143e-07
3.645357132e-07
3.575384716e-07
3.500306879e-07
3.409279446e-07
3.330530392e-07
3.290081334e-07
3.271859663e-07
3.266536906e-07
3.276758784e-07
3.298580401e-07
3.32877463e-07
3.368522981e-07
3.419356071e-07
3.481902096e-07
3.562711152e-07
3.661536884e-07
3.793310797e-07
3.958044398e-07
4.18534483e-07
4.480971519e-07
4.910318006e-07
5.521540517e-07
6.496614316e-07
8.139752059e-07
1.141640847e-06
0.01083639116
0.001306555941
7.846277293e-05
2.187491527e-06
7.217856795e-07
5.160566195e-07
4.548730921e-07
4.320920277e-07
4.198144991e-07
4.125174886e-07
4.076595742e-07
4.039637492e-07
4.012262057e-07
3.985879299e-07
3.962497524e-07
3.938928424e-07
3.914153014e-07
3.890207312e-07
3.860016465e-07
3.830745734e-07
3.79141576e-07
3.751229396e-07
3.698906566e-07
3.6465127e-07
3.575826686e-07
3.500727313e-07
3.410362596e-07
3.331004795e-07
3.290215768e-07
3.271798861e-07
3.266373551e-07
3.276421198e-07
3.298438025e-07
3.328452086e-07
3.368325159e-07
3.418899697e-07
3.481184727e-07
3.561842355e-07
3.66110757e-07
3.792844877e-07
3.957317963e-07
4.183405439e-07
4.479500985e-07
4.908861858e-07
5.518584573e-07
6.493514443e-07
8.135984483e-07
1.141240317e-06
0.01106622872
0.001328500958
7.986321505e-05
2.206866648e-06
7.193758784e-07
5.155115228e-07
4.547738963e-07
4.320851698e-07
4.198114937e-07
4.125172148e-07
4.076539875e-07
4.03965251e-07
4.012248092e-07
3.985902077e-07
3.962891137e-07
3.939394029e-07
3.914926121e-07
3.891094989e-07
3.860706638e-07
3.831177588e-07
3.792071249e-07
3.752283804e-07
3.700076672e-07
3.646941948e-07
3.5764099e-07
3.502154814e-07
3.411442391e-07
3.331500744e-07
3.290348344e-07
3.271728929e-07
3.266248669e-07
3.276142466e-07
3.298049699e-07
3.327955351e-07
3.367796579e-07
3.418285197e-07
3.480944256e-07
3.561445584e-07
3.660311284e-07
3.791437968e-07
3.956031101e-07
4.182568951e-07
4.478039611e-07
4.90586062e-07
5.516390245e-07
6.489649603e-07
8.131718872e-07
1.14081314e-06
0.01135714397
0.001348945998
8.070402147e-05
2.212483524e-06
7.168073875e-07
5.149344565e-07
4.546888339e-07
4.32080031e-07
4.198344815e-07
4.125326106e-07
4.076489724e-07
4.039628414e-07
4.012361951e-07
3.986013963e-07
3.963014648e-07
3.939570606e-07
3.915296356e-07
3.891508813e-07
3.861473031e-07
3.83251895e-07
3.793119595e-07
3.752720257e-07
3.700958382e-07
3.648422066e-07
3.577308434e-07
3.502912089e-07
3.412715379e-07
3.332111446e-07
3.290520917e-07
3.271632107e-07
3.266037034e-07
3.275668125e-07
3.297818611e-07
3.32755285e-07
3.367520449e-07
3.417840292e-07
3.480090291e-07
3.56039234e-07
3.659609273e-07
3.790922364e-07
3.95536023e-07
4.180529966e-07
4.476088355e-07
4.904218275e-07
5.513229068e-07
6.486097952e-07
8.127560292e-07
1.140365473e-06
0.01172704371
0.001386785752
8.35983988e-05
2.253188722e-06
7.142021884e-07
5.143644255e-07
4.546399348e-07
4.321072885e-07
4.198319474e-07
4.125307786e-07
4.076488302e-07
4.039750339e-07
4.01227553e-07
3.985991015e-07
3.963631703e-07
3.940392076e-07
3.916555091e-07
3.892825601e-07
3.862734372e-07
3.833079405e-07
3.793720082e-07
3.754203349e-07
3.702912193e-07
3.648931859e-07
3.577904292e-07
3.505101815e-07
3.414240778e-07
3.332722139e-07
3.290633041e-07
3.271501055e-07
3.265841692e-07
3.275337232e-07
3.297392898e-07
3.326947048e-07
3.366911332e-07
3.417001269e-07
3.479799619e-07
3.559968446e-07
3.65885634e-07
3.789390037e-07
3.953691952e-07
4.17936598e-07
4.474634443e-07
4.900947636e-07
5.510605072e-07
6.481959548e-07
8.122742813e-07
1.139875211e-06
0.01219696161
0.001420621632
8.351539715e-05
2.24640195e-06
7.116632785e-07
5.138113519e-07
4.54544587e-07
4.321014993e-07
4.198836265e-07
4.125711852e-07
4.076351321e-07
4.039726386e-07
4.012666525e-07
3.986462288e-07
3.964075113e-07
3.940661728e-07
3.917103135e-07
3.893353748e-07
3.863541302e-07
3.834662445e-07
3.795514748e-07
3.755322743e-07
3.70381607e-07
3.65058334e-07
3.5798112e-07
3.506693006e-07
3.415583495e-07
3.33344193e-07
3.290783553e-07
3.271344335e-07
3.265558122e-07
3.274675699e-07
3.297007915e-07
3.326409358e-07
3.366489066e-07
3.416545883e-07
3.478814273e-07
3.558690153e-07
3.657817684e-07
3.788605892e-07
3.953008388e-07
4.177290033e-07
4.472198096e-07
4.89901701e-07
5.507211427e-07
6.477926586e-07
8.118109641e-07
1.139371896e-06
0.01279477632
0.001489681397
8.958092262e-05
2.329332639e-06
7.095245048e-07
5.134728282e-07
4.547286752e-07
4.322530022e-07
4.19920144e-07
4.125538601e-07
4.076694696e-07
4.040152709e-07
4.012499484e-07
3.986454664e-07
3.964827042e-07
3.942232035e-07
3.91912767e-07
3.895328119e-07
3.865694978e-07
3.835911914e-07
3.796234702e-07
3.757049922e-07
3.706929105e-07
3.651985016e-07
3.580856483e-07
3.509649009e-07
3.417646258e-07
3.334221258e-07
3.290844106e-07
3.27107204e-07
3.265181116e-07
3.274226134e-07
3.296542976e-07
3.325633464e-07
3.36578252e-07
3.415410196e-07
3.478320886e-07
3.558166213e-07
3.657067188e-07
3.787012639e-07
3.950951162e-07
4.175675187e-07
4.47066545e-07
4.895484446e-07
5.504110506e-07
6.473449369e-07
8.112711085e-07
1.138804871e-06
0.01355227631
0.001575896057
8.91159801e-05
2.305156582e-06
7.079578941e-07
5.130611694e-07
4.545872398e-07
4.322171401e-07
4.199850248e-07
4.126877321e-07
4.076849718e-07
4.039993721e-07
4.013554983e-07
3.98760692e-07
3.966228981e-07
3.942642839e-07
3.919907089e-07
3.896012103e-07
3.86658589e-07
3.837407748e-07
3.799152765e-07
3.759950773e-07
3.707894909e-07
3.653432436e-07
3.584333086e-07
3.512558454e-07
3.419008584e-07
3.335022106e-07
3.290944967e-07
3.270832309e-07
3.264796803e-07
3.273343271e-07
3.295900337e-07
3.324867279e-07
3.36511247e-07
3.414873e-07
3.477276699e-07
3.556584452e-07
3.655621266e-07
3.785819645e-07
3.950140093e-07
4.173566257e-07
4.467734116e-07
4.893161128e-07
5.500432321e-07
6.46889849e-07
8.107516144e-07
1.138242142e-06
0.01442854271
0.001766578551
0.0001013410148
2.475531996e-06
7.067084075e-07
5.13545109e-07
4.554275489e-07
4.327344889e-07
4.202238879e-07
4.126825874e-07
4.077180893e-07
4.04142607e-07
4.013305538e-07
3.98771121e-07
3.967009545e-07
3.94499724e-07
3.923262539e-07
3.899028269e-07
3.870071144e-07
3.84032302e-07
3.800764102e-07
3.761612303e-07
3.711854626e-07
3.657111535e-07
3.58713711e-07
3.516078038e-07
3.421547651e-07
3.335832931e-07
3.290883169e-07
3.270341959e-07
3.264130443e-07
3.272599755e-07
3.295360523e-07
3.323848826e-07
3.364293711e-07
3.413356476e-07
3.476341386e-07
3.555897152e-07
3.654811044e-07
3.784167096e-07
3.947661331e-07
4.171366962e-07
4.466006131e-07
4.889345778e-07
5.496798296e-07
6.463998537e-07
8.101495465e-07
1.137587073e-06
0.01537402289
0.001926254907
0.0001008486831
2.422412935e-06
7.092566464e-07
5.138609359e-07
4.551778084e-07
4.325939708e-07
4.202066961e-07
4.128598291e-07
4.078847453e-07
4.040967674e-07
4.015192404e-07
3.990505193e-07
3.970233532e-07
3.946874593e-07
3.924232652e-07
3.899997511e-07
3.871322756e-07
3.841692931e-07
3.804342257e-07
3.766923371e-07
3.714651518e-07
3.659025736e-07
3.592260115e-07
3.520238495e-07
3.42285909e-07
3.336525786e-07
3.290786605e-07
3.269945165e-07
3.263650665e-07
3.271511506e-07
3.294358435e-07
3.322731914e-07
3.363238898e-07
3.412644308e-07
3.475300088e-07
3.554030554e-07
3.652880846e-07
3.782394186e-07
3.946618824e-07
4.169211748e-07
4.462572611e-07
4.886518979e-07
5.492760096e-07
6.458876263e-07
8.09563688e-07
1.136971703e-06
0.01654618797
0.00223352029
0.0001257456528
2.787043442e-06
7.083336268e-07
5.160591066e-07
4.576173081e-07
4.340143208e-07
4.210091644e-07
4.131870788e-07
4.079248384e-07
4.045059152e-07
4.017146996e-07
3.990839143e-07
3.971234592e-07
3.948928119e-07
3.929280837e-07
3.904787928e-07
3.876810389e-07
3.847262513e-07
3.809443485e-07
3.769940627e-07
3.717877652e-07
3.667558757e-07
3.598305697e-07
3.523836756e-07
3.42579662e-07
3.337246042e-07
3.290496806e-07
3.269093709e-07
3.262548155e-07
3.270242319e-07
3.293610327e-07
3.321392663e-07
3.362310459e-07
3.410645944e-07
3.473777797e-07
3.552880112e-07
3.651890704e-07
3.78069727e-07
3.943754608e-07
4.166304802e-07
4.460510091e-07
4.882394906e-07
5.488544786e-07
6.453473823e-07
8.088996953e-07
1.136240859e-06
0.01808495792
0.002473651321
0.000133430831
2.865477611e-06
7.217792864e-07
5.190016789e-07
4.575391539e-07
4.338332772e-07
4.208991515e-07
4.133581829e-07
4.083973421e-07
4.044668634e-07
4.017608354e-07
3.995147132e-07
3.976603497e-07
3.95404493e-07
3.931491359e-07
3.906316341e-07
3.878957547e-07
3.849532308e-07
3.813252427e-07
3.775159558e-07
3.726494618e-07
3.670478891e-07
3.603079337e-07
3.528279512e-07
3.427504498e-07
3.337743449e-07
3.290183438e-07
3.268462816e-07
3.261835808e-07
3.269075625e-07
3.292269918e-07
3.319858545e-07
3.360736872e-07
3.409713505e-07
3.472723047e-07
3.550853652e-07
3.649526084e-07
3.778226263e-07
3.942247531e-07
4.164077794e-07
4.456623109e-07
4.878985763e-07
5.48409009e-07
6.447766067e-07
8.082468166e-07
1.135621764e-06
0.01975306745
0.003005620384
0.0001790318297
3.52890472e-06
7.222341057e-07
5.242482846e-07
4.624782565e-07
4.368884796e-07
4.229564588e-07
4.143497106e-07
4.085429678e-07
4.050897118e-07
4.02499457e-07
3.999667726e-07
3.979139474e-07
3.956043604e-07
3.93697869e-07
3.914315437e-07
3.887488249e-07
3.858174658e-07
3.821689966e-07
3.784060288e-07
3.73081606e-07
3.683007404e-07
3.612800654e-07
3.533086562e-07
3.431323592e-07
3.338411244e-07
3.289667345e-07
3.267188451e-07
3.260251063e-07
3.267164153e-07
3.291082332e-07
3.318104182e-07
3.359731143e-07
3.407423681e-07
3.4705856e-07
3.549061125e-07
3.648174398e-07
3.77646181e-07
3.939163504e-07
4.160449097e-07
4.454089258e-07
4.874536133e-07
5.479271679e-07
6.441802636e-07
8.075314545e-07
1.134863431e-06
0.02112918471
0.003265342855
0.0002099699308
4.23083779e-06
7.550370181e-07
5.344539149e-07
4.657522009e-07
4.387611829e-07
4.232812171e-07
4.1467705e-07
4.096593958e-07
4.05591976e-07
4.026196166e-07
4.002806073e-07
3.985689236e-07
3.964884556e-07
3.943719481e-07
3.916950657e-07
3.891145283e-07
3.86223702e-07
3.828592513e-07
3.789137302e-07
3.744269662e-07
3.68801693e-07
3.616691597e-07
3.537539779e-07
3.433621457e-07
3.338774777e-07
3.289112289e-07
3.266351222e-07
3.259329275e-07
3.265898399e-07
3.289507883e-07
3.31624561e-07
3.357617276e-07
3.405772637e-07
3.469321267e-07
3.546849979e-07
3.645155424e-07
3.773111703e-07
3.936816975e-07
4.157853756e-07
4.449248141e-07
4.870075814e-07
5.473787207e-07
6.434755226e-07
8.067281511e-07
1.134242338e-06
0.0222149402
0.004219497574
0.0002898840094
6.203630293e-06
7.657568755e-07
5.461987593e-07
4.734746436e-07
4.412029415e-07
4.262382681e-07
4.169942331e-07
4.102190945e-07
4.063859614e-07
4.038559635e-07
4.013515926e-07
3.992779288e-07
3.968496205e-07
3.949321237e-07
3.929073315e-07
3.903690191e-07
3.875208519e-07
3.839797876e-07
3.804551357e-07
3.752117317e-07
3.700472717e-07
3.631049356e-07
3.545663936e-07
3.439395994e-07
3.339644684e-07
3.288419363e-07
3.264684107e-07
3.257266678e-07
3.263315113e-07
3.287633982e-07
3.313816206e-07
3.356216816e-07
3.403193787e-07
3.466234958e-07
3.543908277e-07
3.643356787e-07
3.770821081e-07
3.932913328e-07
4.152391737e-07
4.445609942e-07
4.863823794e-07
5.466586323e-07
6.425972754e-07
8.057422195e-07
1.133597914e-06
0.02239480267
0.004273116901
0.0004089113349
9.230318993e-06
8.522065166e-07
5.763200978e-07
4.860157584e-07
4.529882345e-07
4.30929792e-07
4.185142758e-07
4.12400992e-07
4.076360298e-07
4.04197302e-07
4.01861026e-07
4.001026251e-07
3.980893655e-07
3.961728362e-07
3.933695749e-07
3.909551998e-07
3.881830222e-07
3.851470594e-07
3.81181488e-07
3.767426783e-07
3.713307133e-07
3.63583028e-07
3.550745151e-07
3.442055424e-07
3.34022973e-07
3.287788559e-07
3.263671762e-07
3.256109566e-07
3.261769694e-07
3.285665621e-07
3.311570752e-07
3.353425213e-07
3.40024646e-07
3.464512076e-07
3.541220885e-07
3.638769873e-07
3.76542929e-07
3.928487373e-07
4.148493321e-07
4.438119602e-07
4.856167546e-07
5.457633295e-07
6.414531523e-07
8.045177844e-07
1.132859001e-06
0.02159700777
0.004567336894
0.000478091601
1.686657795e-05
8.76088209e-07
6.014971936e-07
5.007149894e-07
4.521113172e-07
4.32230769e-07
4.221258967e-07
4.136290044e-07
4.090905478e-07
4.062548192e-07
4.035374249e-07
4.01301549e-07
3.988506706e-07
3.969022213e-07
3.949642675e-07
3.927674672e-07
3.900334961e-07
3.866184698e-07
3.833004101e-07
3.782407558e-07
3.725513636e-07
3.654792726e-07
3.563523519e-07
3.451767918e-07
3.34216237e-07
3.287241602e-07
3.261702212e-07
3.253540369e-07
3.258454142e-07
3.282895127e-07
3.308141983e-07
3.351012922e-07
3.397183648e-07
3.459733194e-07
3.536138187e-07
3.635859587e-07
3.762110047e-07
3.92326666e-07
4.139604369e-07
4.431330512e-07
4.846301238e-07
5.445562997e-07
6.400027738e-07
8.030000312e-07
1.131861216e-06
0.01979941477
0.005278535775
0.0007117747438
2.178549949e-05
1.184177283e-06
6.659629781e-07
5.388049032e-07
4.823676389e-07
4.471656436e-07
4.277634928e-07
4.182918191e-07
4.114597139e-07
4.070069814e-07
4.045583313e-07
4.02733007e-07
4.006834683e-07
3.987474577e-07
3.960082186e-07
3.936820462e-07
3.910058328e-07
3.883363477e-07
3.843861164e-07
3.798855582e-07
3.745532392e-07
3.662167442e-07
3.571875491e-07
3.455598621e-07
3.343839329e-07
3.287117749e-07
3.260585298e-07
3.25212726e-07
3.256352376e-07
3.280180245e-07
3.305203685e-07
3.34738111e-07
3.392184746e-07
3.457297304e-07
3.532801537e-07
3.629592496e-07
3.752842176e-07
3.914633876e-07
4.132945992e-07
4.419888646e-07
4.83290247e-07
5.430345532e-07
6.381242128e-07
8.010373526e-07
1.130417795e-06
0.01732982964
0.007509382022
0.001049736862
5.936781247e-05
2.248160404e-06
7.579257051e-07
5.603322235e-07
4.785130088e-07
4.509181651e-07
4.334325961e-07
4.200932604e-07
4.142253159e-07
4.104453388e-07
4.0705752e-07
4.04395492e-07
4.017487398e-07
3.998903138e-07
3.98055084e-07
3.961398902e-07
3.936106355e-07
3.903262871e-07
3.870630018e-07
3.823003264e-07
3.761193055e-07
3.686213253e-07
3.591334947e-07
3.471805381e-07
3.348618122e-07
3.287065712e-07
3.258375931e-07
3.248908551e-07
3.25193061e-07
3.276165806e-07
3.300337578e-07
3.342920479e-07
3.388244534e-07
3.449551982e-07
3.524105255e-07
3.622585088e-07
3.747948484e-07
3.90781692e-07
4.118862223e-07
4.406797544e-07
4.81656922e-07
5.409948262e-07
6.356961297e-07
7.984822451e-07
1.128280036e-06
0.01464121763
0.0111042079
0.001603605678
0.000100385339
6.77092076e-06
1.036285461e-06
6.404234737e-07
5.538937425e-07
4.763603516e-07
4.439639841e-07
4.298472864e-07
4.185365739e-07
4.120117445e-07
4.090269036e-07
4.069236979e-07
4.047653124e-07
4.026925488e-07
3.998867181e-07
3.976115002e-07
3.950096131e-07
3.927010668e-07
3.889271518e-07
3.843367892e-07
3.789579597e-07
3.704026166e-07
3.607127138e-07
3.479381866e-07
3.351654431e-07
3.287514802e-07
3.25719106e-07
3.247120495e-07
3.248832094e-07
3.272152338e-07
3.295864764e-07
3.338064795e-07
3.379842418e-07
3.445849208e-07
3.519065032e-07
3.615035483e-07
3.733231531e-07
3.890935219e-07
4.105658687e-07
4.388860311e-07
4.793378299e-07
5.3835013e-07
6.325381086e-07
7.949852209e-07
1.125204091e-06
0.01274635978
0.01509171613
0.003468139777
0.0003925342014
3.739780758e-05
3.547001319e-06
8.840030264e-07
5.841490814e-07
4.957815595e-07
4.599136429e-07
4.346783532e-07
4.245924268e-07
4.180075224e-07
4.128282437e-07
4.094373303e-07
4.063139386e-07
4.04254024e-07
4.026027987e-07
4.009456369e-07
3.986983135e-07
3.95539365e-07
3.924051918e-07
3.879359615e-07
3.814214493e-07
3.735766568e-07
3.635680467e-07
3.504613058e-07
3.362030579e-07
3.289154741e-07
3.254824245e-07
3.243016504e-07
3.242541527e-07
3.266122421e-07
3.28890631e-07
3.329809245e-07
3.374328223e-07
3.434147795e-07
3.503790052e-07
3.600000755e-07
3.722474276e-07
3.881106978e-07
4.084827579e-07
4.364374324e-07
4.764949226e-07
5.348801083e-07
6.283132124e-07
7.902264022e-07
1.120822831e-06
0.0117662961
0.01793719833
0.006612084996
0.0008637069165
9.098048009e-05
2.386567728e-05
8.919443504e-07
7.419355682e-07
5.664480755e-07
4.802735835e-07
4.509954375e-07
4.315437507e-07
4.210988979e-07
4.166877409e-07
4.135307379e-07
4.109738478e-07
4.086769148e-07
4.056258773e-07
4.032757271e-07
4.007336969e-07
3.98873019e-07
3.953830007e-07
3.908225451e-07
3.854928741e-07
3.768145796e-07
3.664533678e-07
3.522377603e-07
3.368203233e-07
3.290676645e-07
3.253628626e-07
3.240067966e-07
3.23789595e-07
3.260086818e-07
3.281254816e-07
3.323093261e-07
3.36091885e-07
3.425134573e-07
3.496161332e-07
3.590585872e-07
3.703255766e-07
3.850306437e-07
4.056884201e-07
4.333879947e-07
4.725538808e-07
5.301909811e-07
6.226658742e-07
7.83559978e-07
1.11469876e-06
0.01130893122
0.01794004489
0.0111696311
0.002766984968
0.0003476115787
4.701905562e-05
4.972952931e-06
9.859113163e-07
6.287344087e-07
5.366423127e-07
4.810349486e-07
4.476010821e-07
4.325508758e-07
4.228746604e-07
4.183580321e-07
4.13858347e-07
4.111635956e-07
4.094370773e-07
4.079631023e-07
4.060212273e-07
4.029642882e-07
4.001692766e-07
3.960901676e-07
3.894704082e-07
3.814754796e-07
3.708846595e-07
3.561672186e-07
3.387649205e-07
3.295878247e-07
3.25138536e-07
3.233356247e-07
3.229622574e-07
3.250493006e-07
3.271317244e-07
3.308673269e-07
3.350989374e-07
3.410627008e-07
3.472744211e-07
3.561713846e-07
3.674903179e-07
3.831931541e-07
4.027300419e-07
4.291769992e-07
4.674508585e-07
5.240353403e-07
6.148932772e-07
7.743514687e-07
1.106070627e-06
0.0104756158
0.01613926714
0.01297369131
0.006906867388
0.001299460401
0.0001528371906
5.440918768e-06
2.519150629e-06
1.008391376e-06
6.823583414e-07
5.385117942e-07
4.602047586e-07
4.395045408e-07
4.310274702e-07
4.244960092e-07
4.209948209e-07
4.179322522e-07
4.142541468e-07
4.115836842e-07
4.0906043e-07
4.078103672e-07
4.047120367e-07
4.004741083e-07
3.955354457e-07
3.868954794e-07
3.759457431e-07
3.599800147e-07
3.398048212e-07
3.298529226e-07
3.249244903e-07
3.228329607e-07
3.223035428e-07
3.241119865e-07
3.257916553e-07
3.298077518e-07
3.332252478e-07
3.388991746e-07
3.453559538e-07
3.545611303e-07
3.652885302e-07
3.786940769e-07
3.972058581e-07
4.234006196e-07
4.605458572e-07
5.154653993e-07
6.042493615e-07
7.614104958e-07
1.093800547e-06
0.009169500268
0.01381390707
0.01264039378
0.009710634208
0.004713779812
0.0008501349299
0.0001830671233
2.989961013e-05
4.040331018e-06
8.74649306e-07
5.650703851e-07
5.159318844e-07
4.710683585e-07
4.449774354e-07
4.352931148e-07
4.273602868e-07
4.228881995e-07
4.204828763e-07
4.188064141e-07
4.169294299e-07
4.137492642e-07
4.117339927e-07
4.082806908e-07
4.018848856e-07
3.941861142e-07
3.832307837e-07
3.663765021e-07
3.43277402e-07
3.308711436e-07
3.245776072e-07
3.219422328e-07
3.211495944e-07
3.225097127e-07
3.243371684e-07
3.275525312e-07
3.311078571e-07
3.367579968e-07
3.423566429e-07
3.502847983e-07
3.595619164e-07
3.737791745e-07
3.921450983e-07
4.165510694e-07
4.514522595e-07
5.040514966e-07
5.8948163e-07
7.432417803e-07
1.076062337e-06
0.007581501681
0.01155830808
0.01147278531
0.01050686823
0.007909982649
0.003631501495
0.0006751277433
8.575034622e-05
2.341373162e-05
6.475269108e-06
6.27899875e-08
4.868780343e-07
4.661214243e-07
4.53608487e-07
4.467011812e-07
4.397032857e-07
4.337506479e-07
4.280015912e-07
4.243691119e-07
4.217487937e-07
4.21220195e-07
4.184460845e-07
4.15106465e-07
4.111980876e-07
4.030092138e-07
3.91935711e-07
3.741501892e-07
3.452886358e-07
3.312838492e-07
3.242918511e-07
3.210864486e-07
3.200975047e-07
3.210916582e-07
3.221537083e-07
3.255682916e-07
3.285072869e-07
3.331712795e-07
3.382309417e-07
3.460669618e-07
3.557496434e-07
3.678604044e-07
3.831137685e-07
4.056454288e-07
4.385661626e-07
4.87918982e-07
5.689633651e-07
7.174924188e-07
1.04962472e-06
0.00601833228
0.009565420007
0.01015223152
0.01014253297
0.009358966701
0.007003560172
0.003093406021
0.0008253053605
0.0001767064364
3.731846736e-05
9.071370933e-06
2.16311414e-06
8.180172752e-07
5.196440479e-07
4.662708202e-07
4.522562614e-07
4.445727504e-07
4.397037039e-07
4.358939736e-07
4.330636897e-07
4.2900173e-07
4.285992305e-07
4.256820141e-07
4.202533025e-07
4.136986163e-07
4.032706542e-07
3.845011017e-07
3.508737765e-07
3.332922659e-07
3.242789075e-07
3.201718069e-07
3.186482742e-07
3.188151384e-07
3.200998007e-07
3.226160574e-07
3.250569493e-07
3.295902323e-07
3.34087433e-07
3.408653752e-07
3.478160368e-07
3.586960226e-07
3.738246511e-07
3.948016347e-07
4.241304595e-07
4.689479952e-07
5.435590734e-07
6.839412993e-07
1.013063461e-06
0.004672470537
0.007901854962
0.008801195671
0.00942426136
0.009384605503
0.008602250701
0.006197684583
0.002203600719
0.0005791607904
0.000111660546
2.739490667e-05
5.423105913e-06
1.187222373e-06
6.582014604e-07
4.980235832e-07
4.743084067e-07
4.569739172e-07
4.475742297e-07
4.425659207e-07
4.388026888e-07
4.376650925e-07
4.348657171e-07
4.335331489e-07
4.303575517e-07
4.234170254e-07
4.1353702e-07
3.934432139e-07
3.54411946e-07
3.343800807e-07
3.243396346e-07
3.193672564e-07
3.175588809e-07
3.174167146e-07
3.178837751e-07
3.202426857e-07
3.223111251e-07
3.25933779e-07
3.2954774e-07
3.35342057e-07
3.424362562e-07
3.524345876e-07
3.64601048e-07
3.823142661e-07
4.085070091e-07
4.489562435e-07
5.17150138e-07
6.48694637e-07
9.716024776e-07
0.003617571929
0.00667929829
0.007753762815
0.008594522897
0.009133485396
0.009037198638
0.00809030235
0.005223160748
0.001701216013
0.0006179344154
7.879646355e-05
2.068829239e-05
6.466359801e-06
1.088452845e-06
6.524853556e-07
4.900820986e-07
4.69977813e-07
4.610167695e-07
4.530833784e-07
4.486150008e-07
4.443122859e-07
4.43819545e-07
4.41557941e-07
4.37746545e-07
4.323523823e-07
4.233569382e-07
4.019424318e-07
3.600148424e-07
3.367594525e-07
3.247687914e-07
3.1894421e-07
3.165696399e-07
3.157658448e-07
3.1626825e-07
3.18055718e-07
3.196046969e-07
3.229526156e-07
3.261291065e-07
3.313921539e-07
3.366867819e-07
3.449917373e-07
3.564272901e-07
3.730247329e-07
3.964926421e-07
4.328885032e-07
4.948952369e-07
6.167024402e-07
9.295593163e-07
0.002788650374
0.005669067649
0.006871166054
0.00785916253
0.008633002057
0.009019886866
0.00880608444
0.007436561721
0.003708682671
0.001205705657
0.0004364147188
8.15099414e-05
1.775700094e-05
4.873512764e-06
1.087924662e-06
6.2481587e-07
4.925070708e-07
4.697826667e-07
4.60506036e-07
4.538545387e-07
4.511526516e-07
4.483483273e-07
4.478899279e-07
4.45266416e-07
4.395488771e-07
4.314028334e-07
4.08507179e-07
3.633585139e-07
3.378935825e-07
3.25003564e-07
3.185780896e-07
3.157804649e-07
3.148995305e-07
3.147860137e-07
3.163777745e-07
3.176824435e-07
3.204548016e-07
3.230181909e-07
3.274499585e-07
3.326158995e-07
3.405054012e-07
3.501480724e-07
3.643152872e-07
3.852960622e-07
4.182881341e-07
4.74944202e-07
5.882007662e-07
8.927237061e-07
0.002154376743
0.004816585363
0.006119220987
0.007232607349
0.008202267773
0.008932076995
0.009183544511
0.008688113918
0.006671241531
0.002577531282
0.000743679699
0.000187931538
4.875434539e-05
8.821800993e-06
2.347125336e-06
8.296085919e-07
5.61816308e-07
4.838801117e-07
4.687831858e-07
4.614539501e-07
4.562232804e-07
4.550488855e-07
4.532246998e-07
4.50777008e-07
4.461238294e-07
4.387528749e-07
4.143786419e-07
3.676593631e-07
3.398772524e-07
3.25541752e-07
3.183736759e-07
3.151842405e-07
3.138088549e-07
3.136990381e-07
3.149217885e-07
3.158556596e-07
3.183978711e-07
3.206474063e-07
3.247604706e-07
3.288193916e-07
3.354353877e-07
3.444113421e-07
3.57810268e-07
3.769767792e-07
4.070818692e-07
4.590870089e-07
5.639457343e-07
8.429458412e-07
0.001690217496
0.00408081566
0.005453719534
0.006646082934
0.007733230447
0.008662707343
0.009281095897
0.009254192544
0.008264933234
0.00470263392
0.001585418731
0.0005400776389
0.0001007829781
2.875686148e-05
4.307623846e-06
1.377655947e-06
6.314736806e-07
5.159928986e-07
4.741067166e-07
4.658615048e-07
4.613955912e-07
4.58371515e-07
4.580113186e-07
4.559841458e-07
4.511933948e-07
4.437962332e-07
4.189843519e-07
3.703096154e-07
3.409270939e-07
3.258244593e-07
3.182220213e-07
3.14695493e-07
3.132540738e-07
3.127236067e-07
3.137959953e-07
3.145588938e-07
3.167252815e-07
3.185632234e-07
3.220926513e-07
3.259999233e-07
3.323681712e-07
3.402080803e-07
3.519401582e-07
3.693545399e-07
3.970547925e-07
4.451250522e-07
5.426320858e-07
8.121723223e-07
4.558069008e-07
4.480798152e-07
4.230386108e-07
3.735433971e-07
3.424647088e-07
3.262998954e-07
3.181474817e-07
3.143441483e-07
3.12554565e-07
3.120142776e-07
3.128418656e-07
3.133544226e-07
3.15353775e-07
3.169777898e-07
3.202972925e-07
3.234960368e-07
3.289844092e-07
3.363389105e-07
3.475582375e-07
3.637789041e-07
3.895217777e-07
4.343242734e-07
5.251970685e-07
7.636101185e-07
4.261760483e-07
3.755952036e-07
3.433746912e-07
3.265972485e-07
3.181008641e-07
3.140520185e-07
3.122094084e-07
3.113805085e-07
3.121031146e-07
3.12495636e-07
3.142468801e-07
3.15594713e-07
3.185226699e-07
3.216030816e-07
3.269330737e-07
3.335479632e-07
3.436471212e-07
3.586818935e-07
3.827931624e-07
4.248684593e-07
5.102737748e-07
7.413232142e-07
3.445362956e-07
3.269857516e-07
3.180913568e-07
3.138415919e-07
3.117633974e-07
3.109240133e-07
3.114767037e-07
3.117052156e-07
3.133401846e-07
3.145458356e-07
3.173318285e-07
3.199481378e-07
3.24684343e-07
3.309689334e-07
3.407311518e-07
3.549820273e-07
3.777904664e-07
4.176558314e-07
4.983835656e-07
7.097089116e-07
3.272442732e-07
3.180966443e-07
3.136657927e-07
3.115459968e-07
3.105116801e-07
3.109916604e-07
3.111387907e-07
3.126063647e-07
3.136272773e-07
3.16153554e-07
3.186872816e-07
3.233200749e-07
3.291162053e-07
3.381293524e-07
3.515879448e-07
3.733058434e-07
4.113328969e-07
4.882848121e-07
6.927294506e-07
3.181089224e-07
3.135376828e-07
3.112582951e-07
3.102147432e-07
3.105793744e-07
3.106201494e-07
3.120047099e-07
3.129337078e-07
3.153634393e-07
3.175890697e-07
3.218239528e-07
3.274001336e-07
3.361924425e-07
3.491348085e-07
3.699895625e-07
4.065440284e-07
4.803554314e-07
6.779227161e-07
3.181232948e-07
3.134301761e-07
3.111195731e-07
3.099436467e-07
3.102600005e-07
3.102458895e-07
3.115158621e-07
3.123218349e-07
3.145791269e-07
3.167497123e-07
3.209163687e-07
3.261675394e-07
3.344591446e-07
3.468737531e-07
3.670023772e-07
4.02329518e-07
4.736068423e-07
6.651831805e-07
3.133511384e-07
3.109323381e-07
3.097488422e-07
3.099872039e-07
3.099040254e-07
3.111155379e-07
3.118624439e-07
3.140537426e-07
3.160180721e-07
3.199188475e-07
3.250243217e-07
3.331707227e-07
3.452439535e-07
3.648002204e-07
3.991492995e-07
4.683276304e-07
6.54332014e-07
3.132843112e-07
3.108429342e-07
3.095694227e-07
3.097755918e-07
3.096556749e-07
3.107892268e-07
3.11454133e-07
3.13530006e-07
3.154590496e-07
3.19314169e-07
3.242024632e-07
3.320139403e-07
3.437354677e-07
3.628081379e-07
3.963394711e-07
4.638236451e-07
6.454646756e-07
3.132347528e-07
3.107201469e-07
3.094408668e-07
3.095941564e-07
3.094291781e-07
3.105224737e-07
3.111499456e-07
3.131796179e-07
3.149696463e-07
3.18647729e-07
3.234395384e-07
3.311550979e-07
3.426499754e-07
3.613421479e-07
3.942232218e-07
4.60309502e-07
6.383240611e-07
3.106580762e-07
3.093133927e-07
3.094433674e-07
3.092512072e-07
3.102878746e-07
3.108555549e-07
3.128006258e-07
3.145669521e-07
3.182107045e-07
3.228441867e-07
3.303159372e-07
3.415553044e-07
3.598963398e-07
3.921839083e-07
4.570411834e-07
6.314511963e-07
3.105569919e-07
3.092070579e-07
3.092918181e-07
3.090608646e-07
3.100619829e-07
3.10597648e-07
3.124998263e-07
3.141431618e-07
3.176332077e-07
3.221819777e-07
3.295694955e-07
3.40610344e-07
3.586183187e-07
3.90336952e-07
4.539704753e-07
6.246958391e-07
3.105005147e-07
3.09089961e-07
3.091523526e-07
3.088937704e-07
3.098403613e-07
3.103166358e-07
3.121356379e-07
3.13757079e-07
3.172108406e-07
3.21603261e-07
3.287507363e-07
3.395398082e-07
3.572019949e-07
3.883367322e-07
4.507621992e-07
6.180546078e-07
3.089907881e-07
3.090092746e-07
3.08712839e-07
3.096236651e-07
3.100682788e-07
3.118424766e-07
3.133402754e-07
3.166430646e-07
3.209513293e-07
3.280148869e-07
3.386067309e-07
3.559383863e-07
3.865090107e-07
4.477210591e-07
6.115245582e-07
3.088799978e-07
3.088765994e-07
3.085519293e-07
3.0940922e-07
3.097959901e-07
3.114859304e-07
3.129638467e-07
3.162282055e-07
3.203801663e-07
3.272046532e-07
3.375458932e-07
3.545336877e-07
3.84524358e-07
4.445379758e-07
6.051020845e-07
3.087858215e-07
3.087393287e-07
3.083775075e-07
3.091988447e-07
3.094806675e-07
3.111977764e-07
3.125513896e-07
3.156670745e-07
3.197358174e-07
3.264770114e-07
3.366224362e-07
3.532823816e-07
3.827141832e-07
4.415260099e-07
5.987847143e-07
3.086115586e-07
3.082204761e-07
3.089895519e-07
3.091949271e-07
3.108462201e-07
3.121819403e-07
3.152577869e-07
3.191702401e-07
3.256731725e-07
3.35569314e-07
3.518875838e-07
3.807439576e-07
4.383685743e-07
5.925690682e-07
3.084783354e-07
3.080505883e-07
3.087835857e-07
3.089324699e-07
3.105622245e-07
3.117728035e-07
3.147015506e-07
3.185318284e-07
3.249523268e-07
3.34654221e-07
3.506475563e-07
3.789509293e-07
4.353872099e-07
5.864528146e-07
3.078961879e-07
3.085776095e-07
3.087909469e-07
3.102152336e-07
3.114082304e-07
3.142964646e-07
3.179705652e-07
3.24153515e-07
3.33607598e-07
3.492616632e-07
3.769946782e-07
4.322564059e-07
5.804325538e-07
3.077294607e-07
3.083751365e-07
3.084284293e-07
3.099330781e-07
3.110016733e-07
3.137440622e-07
3.173370515e-07
3.234385899e-07
3.327000987e-07
3.48032291e-07
3.752186304e-07
4.293067501e-07
5.745063109e-07
3.075770077e-07
3.081718638e-07
3.080749498e-07
3.095889345e-07
3.106409781e-07
3.133424198e-07
3.167792756e-07
3.22643933e-07
3.316592403e-07
3.466547456e-07
3.73276278e-07
4.262037173e-07
5.686709237e-07
3.079711846e-07
3.080089563e-07
3.093119432e-07
3.102365043e-07
3.127930009e-07
3.161500392e-07
3.219344785e-07
3.307589961e-07
3.454358843e-07
3.715176359e-07
4.232877541e-07
5.629247049e-07
3.077699149e-07
3.077174291e-07
3.089690662e-07
3.098790116e-07
3.123939772e-07
3.155952243e-07
3.211434639e-07
3.297235322e-07
3.440665202e-07
3.695895626e-07
4.202142508e-07
5.572644275e-07
3.073996585e-07
3.086934782e-07
3.094816424e-07
3.118527726e-07
3.149762516e-07
3.204464294e-07
3.288394904e-07
3.428704958e-07
3.67866568e-07
4.173631363e-07
5.518100904e-07
3.083598076e-07
3.09133593e-07
3.114639793e-07
3.144361757e-07
3.196763083e-07
3.278327937e-07
3.415417419e-07
3.660015928e-07
4.144059278e-07
5.464508547e-07
3.080899136e-07
3.087425467e-07
3.109320599e-07
3.13828745e-07
3.189943356e-07
3.269696707e-07
3.403774339e-07
3.643322711e-07
4.116646874e-07
5.411852078e-07
3.084035919e-07
3.105439232e-07
3.132924769e-07
3.182298982e-07
3.259724365e-07
3.39065024e-07
3.624987277e-07
4.087804684e-07
5.36009797e-07
3.126903286e-07
3.175558601e-07
3.251210011e-07
3.37919711e-07
3.608642279e-07
4.061164113e-07
5.309227122e-07
3.167963252e-07
3.241320298e-07
3.366218146e-07
3.590592126e-07
4.032997276e-07
5.25921275e-07
3.354949602e-07
3.574585043e-07
4.007100867e-07
5.210044197e-07
3.55967414e-07
3.652871219e-07
3.792540465e-07
3.949657814e-07
4.187408634e-07
4.474332844e-07
4.91841686e-07
5.519416715e-07
6.512546746e-07
8.14844918e-07
1.143514941e-06
3.258183139e-07
3.255084955e-07
3.270034518e-07
3.289338024e-07
3.323315861e-07
3.359463391e-07
3.414669884e-07
3.472757834e-07
3.559298285e-07
3.652661805e-07
3.79186237e-07
3.949241482e-07
4.18639935e-07
4.473970844e-07
4.916902703e-07
5.518571453e-07
6.510790294e-07
8.146280817e-07
1.143361818e-06
3.528859845e-07
3.457008333e-07
3.367574256e-07
3.303477935e-07
3.27164862e-07
3.258234625e-07
3.255068552e-07
3.269809319e-07
3.289153782e-07
3.322979119e-07
3.359345402e-07
3.414412902e-07
3.472560618e-07
3.558641828e-07
3.6522589e-07
3.791103339e-07
3.949024053e-07
4.185600559e-07
4.473126466e-07
4.915606344e-07
5.51736466e-07
6.508571439e-07
8.144591629e-07
1.143157237e-06
3.694519485e-07
3.645709628e-07
3.593809532e-07
3.529301939e-07
3.457754306e-07
3.368250341e-07
3.303819056e-07
3.271794483e-07
3.258264332e-07
3.255037332e-07
3.269673068e-07
3.289057773e-07
3.322733293e-07
3.359075648e-07
3.413886193e-07
3.472232894e-07
3.558211682e-07
3.652056423e-07
3.790489843e-07
3.948443812e-07
4.184429118e-07
4.472706098e-07
4.914008708e-07
5.516160068e-07
6.506600031e-07
8.142047613e-07
1.142964835e-06
3.799599317e-07
3.770134615e-07
3.733738748e-07
3.695117281e-07
3.646012229e-07
3.594417782e-07
3.530216206e-07
3.457991003e-07
3.36876367e-07
3.30406515e-07
3.271900923e-07
3.258285695e-07
3.255007034e-07
3.269449612e-07
3.28883276e-07
3.322379226e-07
3.3589677e-07
3.413653205e-07
3.472058862e-07
3.55761943e-07
3.651540524e-07
3.789649024e-07
3.94820027e-07
4.183662122e-07
4.471550487e-07
4.912489889e-07
5.514761565e-07
6.503950161e-07
8.139966083e-07
1.142713501e-06
3.851430056e-07
3.82805246e-07
3.799705515e-07
3.770440117e-07
3.733964983e-07
3.695418576e-07
3.646589623e-07
3.595233584e-07
3.530597534e-07
3.458677984e-07
3.369402379e-07
3.304337982e-07
3.272009069e-07
3.25827829e-07
3.254936662e-07
3.26927764e-07
3.288746116e-07
3.322167633e-07
3.358662389e-07
3.413098279e-07
3.471646769e-07
3.557107369e-07
3.651343379e-07
3.789103854e-07
3.94744506e-07
4.182278321e-07
4.47107631e-07
4.910844434e-07
5.513196084e-07
6.501741663e-07
8.137045649e-07
1.14247135e-06
3.918111981e-07
3.896798593e-07
3.874733087e-07
3.85153511e-07
3.828299136e-07
3.799990879e-07
3.770731151e-07
3.734231209e-07
3.696091818e-07
3.647018159e-07
3.595813023e-07
3.53159726e-07
3.458895306e-07
3.369917184e-07
3.3045593e-07
3.272083386e-07
3.258266487e-07
3.254893295e-07
3.269058275e-07
3.288479002e-07
3.321772822e-07
3.358528443e-07
3.412873493e-07
3.471471247e-07
3.556576596e-07
3.650719353e-07
3.788138606e-07
3.94715449e-07
4.18155848e-07
4.469673735e-07
4.909051818e-07
5.511580376e-07
6.498701704e-07
8.134521279e-07
1.142171927e-06
3.997674055e-07
3.96557613e-07
3.941696104e-07
3.918118285e-07
3.896854793e-07
3.874867643e-07
3.851795532e-07
3.828409557e-07
3.800135653e-07
3.771071822e-07
3.734601861e-07
3.696423347e-07
3.64773246e-07
3.596829954e-07
3.531980744e-07
3.459582671e-07
3.370822538e-07
3.304852292e-07
3.272185111e-07
3.258242263e-07
3.254785769e-07
3.268838101e-07
3.28838383e-07
3.321586504e-07
3.358224067e-07
3.412271405e-07
3.470978577e-07
3.555959236e-07
3.650502307e-07
3.78765782e-07
3.946345472e-07
4.179934674e-07
4.469030725e-07
4.907362721e-07
5.509671308e-07
6.496232327e-07
8.131227313e-07
1.141876904e-06
4.396601445e-07
4.206719456e-07
4.102649876e-07
4.040234292e-07
3.99764284e-07
3.965612134e-07
3.941733132e-07
3.918161725e-07
3.897038309e-07
3.874933284e-07
3.851943174e-07
3.828737245e-07
3.800564144e-07
3.771466147e-07
3.734990979e-07
3.697271824e-07
3.64840057e-07
3.597455107e-07
3.533106277e-07
3.459967631e-07
3.371510895e-07
3.305130373e-07
3.272270231e-07
3.258217766e-07
3.254730882e-07
3.268619512e-07
3.288073392e-07
3.321138436e-07
3.357983188e-07
3.412043334e-07
3.470787295e-07
3.555483573e-07
3.649774929e-07
3.786559788e-07
3.945753574e-07
4.179220955e-07
4.467531535e-07
4.905282553e-07
5.507812669e-07
6.492833342e-07
8.128232955e-07
1.141536417e-06
0.01078503808
0.0011746254
5.988726169e-05
1.640301521e-06
6.481784743e-07
4.879119346e-07
4.396400692e-07
4.20668921e-07
4.10263521e-07
4.0402279e-07
3.997609292e-07
3.96559515e-07
3.941720027e-07
3.918160839e-07
3.897123771e-07
3.875125866e-07
3.852342982e-07
3.828931168e-07
3.800787499e-07
3.771845749e-07
3.735606011e-07
3.697716004e-07
3.649275406e-07
3.598800967e-07
3.533512904e-07
3.460727172e-07
3.372872057e-07
3.305510891e-07
3.272396293e-07
3.25818085e-07
3.254593378e-07
3.268337306e-07
3.28796426e-07
3.320954633e-07
3.357707219e-07
3.411407316e-07
3.470202548e-07
3.554737151e-07
3.649523998e-07
3.786084554e-07
3.945003076e-07
4.177413848e-07
4.466537313e-07
4.903511269e-07
5.505579592e-07
6.490080333e-07
8.124587665e-07
1.141194043e-06
0.01094118032
0.001186550899
6.044145844e-05
1.645333319e-06
6.46893146e-07
4.877002066e-07
4.396160684e-07
4.206657867e-07
4.102595538e-07
4.040206534e-07
3.99758342e-07
3.965679082e-07
3.941768147e-07
3.918257109e-07
3.89740434e-07
3.875251981e-07
3.852553438e-07
3.829346899e-07
3.801448532e-07
3.772450931e-07
3.736203332e-07
3.69881044e-07
3.650327734e-07
3.599507454e-07
3.534789805e-07
3.461489029e-07
3.373835798e-07
3.305885001e-07
3.272514508e-07
3.258143877e-07
3.254524415e-07
3.268116082e-07
3.287598112e-07
3.320444509e-07
3.357341929e-07
3.41110973e-07
3.469989915e-07
3.554312205e-07
3.648764402e-07
3.78486582e-07
3.94408735e-07
4.176608091e-07
4.465019908e-07
4.901165894e-07
5.503450928e-07
6.486334415e-07
8.12109171e-07
1.14080955e-06
0.01113442511
0.001199363172
6.142714622e-05
1.65294326e-06
6.455537448e-07
4.874591549e-07
4.395897109e-07
4.206613948e-07
4.102626144e-07
4.040233939e-07
3.997579721e-07
3.965665784e-07
3.941763194e-07
3.918259696e-07
3.897526653e-07
3.875514779e-07
3.853173536e-07
3.829703017e-07
3.801777862e-07
3.772888189e-07
3.737151674e-07
3.699515999e-07
3.651360998e-07
3.601292029e-07
3.53523886e-07
3.462394958e-07
3.375857867e-07
3.306387197e-07
3.272665666e-07
3.258080145e-07
3.254347566e-07
3.267742923e-07
3.287467153e-07
3.320238158e-07
3.357080392e-07
3.410465182e-07
3.469294565e-07
3.55341979e-07
3.648300969e-07
3.784323189e-07
3.94338045e-07
4.174675168e-07
4.463660426e-07
4.89925399e-07
5.500899034e-07
6.48327063e-07
8.117099067e-07
1.140421704e-06
0.01137600676
0.001218780918
6.243972732e-05
1.663012538e-06
6.441634104e-07
4.871966347e-07
4.395685676e-07
4.206662146e-07
4.102585708e-07
4.040204522e-07
3.997586358e-07
3.965873837e-07
3.941923726e-07
3.918439626e-07
3.897968902e-07
3.875763409e-07
3.853480999e-07
3.83020812e-07
3.802803378e-07
3.773898911e-07
3.738114913e-07
3.70092277e-07
3.653024935e-07
3.602113389e-07
3.536783119e-07
3.463886472e-07
3.377232475e-07
3.306878539e-07
3.272801671e-07
3.258022206e-07
3.254251366e-07
3.26751227e-07
3.287050777e-07
3.319637127e-07
3.356570146e-07
3.410035938e-07
3.469049193e-07
3.553008426e-07
3.647570791e-07
3.78301807e-07
3.942132315e-07
4.173688983e-07
4.462103943e-07
4.896659452e-07
5.498481409e-07
6.479189448e-07
8.113091542e-07
1.139988942e-06
0.01168124591
0.001239328555
6.317946838e-05
1.677208306e-06
6.427507132e-07
4.869274651e-07
4.395566185e-07
4.206580405e-07
4.102737125e-07
4.040351158e-07
3.997539103e-07
3.965855625e-07
3.941922324e-07
3.918449934e-07
3.898141196e-07
3.876110538e-07
3.854472117e-07
3.830900305e-07
3.803276028e-07
3.774472941e-07
3.73945276e-07
3.702126826e-07
3.654216768e-07
3.604432496e-07
3.537324835e-07
3.465052297e-07
3.380142469e-07
3.307503168e-07
3.272956734e-07
3.257909208e-07
3.254006751e-07
3.267006175e-07
3.286825181e-07
3.319388329e-07
3.356298869e-07
3.409389617e-07
3.468211023e-07
3.551951204e-07
3.646857809e-07
3.782318695e-07
3.941427422e-07
4.171664395e-07
4.460370867e-07
4.894547692e-07
5.495599858e-07
6.475779771e-07
8.108727545e-07
1.139551531e-06
0.0120686411
0.001272202063
6.530733706e-05
1.68956992e-06
6.413625428e-07
4.866807929e-07
4.39580911e-07
4.207038609e-07
4.102780442e-07
4.040304574e-07
3.997738711e-07
3.966278138e-07
3.942191464e-07
3.918850375e-07
3.898867154e-07
3.876638888e-07
3.854902508e-07
3.831448572e-07
3.80475041e-07
3.776193814e-07
3.741085481e-07
3.703930666e-07
3.656818025e-07
3.605356997e-07
3.539104453e-07
3.467931628e-07
3.381647319e-07
3.308108811e-07
3.273095323e-07
3.257816527e-07
3.253841879e-07
3.266736115e-07
3.286390571e-07
3.318642069e-07
3.355607564e-07
3.4087616e-07
3.467910276e-07
3.551511057e-07
3.646130419e-07
3.780943122e-07
3.939837227e-07
4.170409296e-07
4.458726277e-07
4.891697558e-07
5.492861224e-07
6.471346966e-07
8.104163779e-07
1.139056369e-06
0.01256376277
0.001307159226
6.640606236e-05
1.718290256e-06
6.401522532e-07
4.86452573e-07
4.395280883e-07
4.206923792e-07
4.103232605e-07
4.040790357e-07
3.997704486e-07
3.966230563e-07
3.942307068e-07
3.918885648e-07
3.899113609e-07
3.877076531e-07
3.856409436e-07
3.832798963e-07
3.805814441e-07
3.777057602e-07
3.742837891e-07
3.705997122e-07
3.658149392e-07
3.608298642e-07
3.54073656e-07
3.469525321e-07
3.384724068e-07
3.308939421e-07
3.273288518e-07
3.257657988e-07
3.25351921e-07
3.26602321e-07
3.285957564e-07
3.318322922e-07
3.355290455e-07
3.4081097e-07
3.46688697e-07
3.550246038e-07
3.645116373e-07
3.779985738e-07
3.939066568e-07
4.168300009e-07
4.456602849e-07
4.889319767e-07
5.48961729e-07
6.467537858e-07
8.099362495e-07
1.138561873e-06
0.01319740603
0.001383931446
6.988490788e-05
1.72715728e-06
6.392160735e-07
4.864327842e-07
4.397851231e-07
4.2086026e-07
4.103618781e-07
4.040619075e-07
3.998223265e-07
3.967065777e-07
3.942579666e-07
3.919835303e-07
3.900374996e-07
3.878243134e-07
3.857216894e-07
3.833435481e-07
3.807529416e-07
3.780077667e-07
3.745638358e-07
3.708299969e-07
3.662048446e-07
3.609591207e-07
3.542576215e-07
3.474339952e-07
3.386185051e-07
3.30972184e-07
3.273387316e-07
3.257446402e-07
3.253213381e-07
3.265650971e-07
3.285541835e-07
3.317414027e-07
3.35435315e-07
3.407178088e-07
3.466471142e-07
3.549720879e-07
3.644346547e-07
3.778539574e-07
3.937116959e-07
4.166680142e-07
4.454798683e-07
4.886186703e-07
5.486515592e-07
6.462721732e-07
8.094196869e-07
1.137991172e-06
0.01400846275
0.001478971471
7.241232514e-05
1.789620914e-06
6.389877174e-07
4.863431173e-07
4.396651349e-07
4.208342813e-07
4.104584915e-07
4.041964796e-07
3.998135414e-07
3.96698538e-07
3.943124103e-07
3.919943951e-07
3.900740047e-07
3.878781028e-07
3.859187508e-07
3.835843556e-07
3.810278992e-07
3.781274616e-07
3.747712293e-07
3.711751272e-07
3.663609092e-07
3.612620959e-07
3.546811449e-07
3.476292217e-07
3.38894462e-07
3.310636703e-07
3.273562604e-07
3.257229524e-07
3.252831423e-07
3.264678256e-07
3.284786083e-07
3.316833384e-07
3.353926646e-07
3.406516012e-07
3.465301726e-07
3.548163584e-07
3.642959443e-07
3.777198599e-07
3.936181799e-07
4.164469423e-07
4.452256243e-07
4.883468854e-07
5.482860194e-07
6.458450376e-07
8.088878351e-07
1.137435753e-06
0.01493026354
0.001634039331
7.706032968e-05
1.792094972e-06
6.38822135e-07
4.870832648e-07
4.405364765e-07
4.213264475e-07
4.106093485e-07
4.041443465e-07
3.999714104e-07
3.968701279e-07
3.943621717e-07
3.921992429e-07
3.902955796e-07
3.881216841e-07
3.861406016e-07
3.837194835e-07
3.811945803e-07
3.785681051e-07
3.75264487e-07
3.714745612e-07
3.668954986e-07
3.616286289e-07
3.549287643e-07
3.482707778e-07
3.390761256e-07
3.311545701e-07
3.273578118e-07
3.256794429e-07
3.252239001e-07
3.264056946e-07
3.28435651e-07
3.315801248e-07
3.352647832e-07
3.405161242e-07
3.464495891e-07
3.547487762e-07
3.642082568e-07
3.775670764e-07
3.933855041e-07
4.1623757e-07
4.450197041e-07
4.880002843e-07
5.479336827e-07
6.453196719e-07
8.083057509e-07
1.136778032e-06
0.01597783031
0.001796945341
8.379188656e-05
1.921233717e-06
6.425072891e-07
4.879256039e-07
4.405151463e-07
4.212236892e-07
4.107664429e-07
4.045253283e-07
3.999745494e-07
3.968617793e-07
3.944909044e-07
3.922315835e-07
3.90358273e-07
3.882149398e-07
3.863383627e-07
3.839883672e-07
3.817666765e-07
3.788763481e-07
3.755058633e-07
3.719908135e-07
3.671390178e-07
3.619088271e-07
3.55687694e-07
3.48511237e-07
3.392442533e-07
3.312376658e-07
3.273589072e-07
3.256453175e-07
3.25175724e-07
3.262889801e-07
3.28316948e-07
3.314689238e-07
3.352083474e-07
3.404434894e-07
3.46326328e-07
3.545549985e-07
3.640243386e-07
3.773799446e-07
3.93261708e-07
4.160028555e-07
4.447202973e-07
4.87686229e-07
5.475205935e-07
6.448385473e-07
8.07712471e-07
1.136169065e-06
0.01712405274
0.002062541275
9.475003153e-05
1.947899091e-06
6.44930455e-07
4.898194131e-07
4.422168898e-07
4.225919457e-07
4.113641354e-07
4.045179453e-07
4.002768485e-07
3.972299523e-07
3.946195601e-07
3.926287652e-07
3.907349211e-07
3.886224324e-07
3.867686511e-07
3.844465793e-07
3.81982724e-07
3.79301612e-07
3.763103061e-07
3.72420817e-07
3.677630545e-07
3.627419898e-07
3.561143427e-07
3.490597531e-07
3.395686808e-07
3.313241011e-07
3.27341648e-07
3.255697032e-07
3.250728402e-07
3.261726217e-07
3.282609374e-07
3.313602321e-07
3.350488122e-07
3.40257125e-07
3.461869668e-07
3.544653733e-07
3.639175902e-07
3.772179621e-07
3.929937621e-07
4.157367608e-07
4.444785164e-07
4.873012903e-07
5.471206966e-07
6.442645485e-07
8.070651841e-07
1.135437413e-06
0.01878959532
0.002338075565
0.000113732837
2.219423117e-06
6.546167185e-07
4.931787335e-07
4.433893327e-07
4.225979662e-07
4.115252492e-07
4.051431241e-07
4.00481061e-07
3.972632694e-07
3.949375712e-07
3.927094808e-07
3.908632426e-07
3.888543767e-07
3.870617889e-07
3.847145333e-07
3.827292282e-07
3.800872169e-07
3.766331365e-07
3.730518769e-07
3.684158034e-07
3.63134937e-07
3.569624586e-07
3.494814132e-07
3.396518723e-07
3.313876124e-07
3.2732211e-07
3.25515343e-07
3.250083741e-07
3.260485106e-07
3.280959147e-07
3.311755559e-07
3.349532494e-07
3.401647816e-07
3.460640673e-07
3.542431002e-07
3.63686218e-07
3.769678706e-07
3.928243039e-07
4.154850138e-07
4.441349467e-07
4.869396656e-07
5.466568566e-07
6.437258842e-07
8.064105537e-07
1.134825026e-06
0.02056495597
0.002810365185
0.000137783309
2.473774703e-06
6.715414143e-07
4.995053686e-07
4.465132678e-07
4.250832355e-07
4.13106511e-07
4.055980523e-07
4.010028735e-07
3.978824751e-07
3.951387979e-07
3.932952435e-07
3.915220156e-07
3.894609525e-07
3.877189492e-07
3.855395323e-07
3.833334553e-07
3.804616716e-07
3.775628165e-07
3.738555084e-07
3.691586779e-07
3.644818307e-07
3.577173715e-07
3.498416182e-07
3.401641039e-07
3.31468088e-07
3.272813817e-07
3.253992194e-07
3.248584551e-07
3.258584396e-07
3.280225454e-07
3.310636496e-07
3.347910421e-07
3.399303503e-07
3.458589249e-07
3.540983803e-07
3.635487337e-07
3.76795713e-07
3.925324178e-07
4.151616729e-07
4.438499279e-07
4.865147929e-07
5.462078941e-07
6.431028677e-07
8.057123604e-07
1.134070686e-06
0.02203731001
0.003209583863
0.0001842693603
3.126364188e-06
6.847428951e-07
5.063182722e-07
4.503871483e-07
4.269742168e-07
4.139680107e-07
4.066721249e-07
4.016142924e-07
3.982567128e-07
3.958990153e-07
3.937444134e-07
3.917528322e-07
3.899096915e-07
3.881806611e-07
3.85971566e-07
3.841118162e-07
3.816851688e-07
3.783807049e-07
3.746711022e-07
3.703735101e-07
3.649379038e-07
3.583079376e-07
3.504432958e-07
3.402889345e-07
3.315147555e-07
3.272377209e-07
3.253241056e-07
3.247743675e-07
3.257406674e-07
3.278409907e-07
3.307995267e-07
3.34616153e-07
3.398073111e-07
3.457282244e-07
3.538565074e-07
3.63251828e-07
3.76466239e-07
3.922889496e-07
4.148654004e-07
4.434332157e-07
4.860639569e-07
5.456392755e-07
6.424405953e-07
8.049222952e-07
1.133449711e-06
0.02317312784
0.004049945341
0.0002359634755
4.6489197e-06
7.259357659e-07
5.250660646e-07
4.590364288e-07
4.304866811e-07
4.164876364e-07
4.077997062e-07
4.026695665e-07
3.991077786e-07
3.962563072e-07
3.943953687e-07
3.927986997e-07
3.907641638e-07
3.891736167e-07
3.871874511e-07
3.85211267e-07
3.821878766e-07
3.793364145e-07
3.759168843e-07
3.712656233e-07
3.665438786e-07
3.59515805e-07
3.50980654e-07
3.409864132e-07
3.316117852e-07
3.271804635e-07
3.251680659e-07
3.245779123e-07
3.25476575e-07
3.276744837e-07
3.306616158e-07
3.344623459e-07
3.395135202e-07
3.454280092e-07
3.53606354e-07
3.630715783e-07
3.762404815e-07
3.919137275e-07
4.143894888e-07
4.430062593e-07
4.854517166e-07
5.449808981e-07
6.415417877e-07
8.039640832e-07
1.1328174e-06
0.0233109751
0.004330030353
0.0003646671936
7.216924252e-06
7.723849622e-07
5.389581009e-07
4.652766443e-07
4.376220062e-07
4.202863786e-07
4.106963962e-07
4.042001891e-07
4.001530464e-07
3.975345712e-07
3.954205383e-07
3.932263611e-07
3.915654813e-07
3.899150102e-07
3.878411503e-07
3.860027139e-07
3.838088658e-07
3.80787247e-07
3.770494461e-07
3.729611619e-07
3.672435676e-07
3.600522686e-07
3.517745259e-07
3.411888701e-07
3.316795777e-07
3.271223039e-07
3.250752307e-07
3.244706628e-07
3.253353847e-07
3.274994903e-07
3.303258368e-07
3.341690998e-07
3.392948486e-07
3.452511341e-07
3.533107206e-07
3.626057265e-07
3.757178215e-07
3.914823671e-07
4.13930573e-07
4.423573534e-07
4.847104656e-07
5.440510402e-07
6.40453028e-07
8.027701135e-07
1.132085819e-06
0.02233924638
0.004461305587
0.0004240639841
1.334608631e-05
8.210981839e-07
5.874492403e-07
4.896262609e-07
4.442924103e-07
4.247784954e-07
4.123556002e-07
4.056353532e-07
4.015528001e-07
3.985032937e-07
3.962942754e-07
3.947730942e-07
3.927744215e-07
3.91275174e-07
3.894380223e-07
3.876978688e-07
3.846194971e-07
3.818740426e-07
3.787159482e-07
3.740886258e-07
3.688792607e-07
3.618514111e-07
3.52738259e-07
3.421719034e-07
3.318543123e-07
3.270714467e-07
3.248840444e-07
3.242207736e-07
3.249907123e-07
3.271983944e-07
3.30098674e-07
3.339931798e-07
3.389439631e-07
3.447829345e-07
3.528546667e-07
3.623516205e-07
3.753875775e-07
3.909556554e-07
4.131604554e-07
4.416211766e-07
4.836996644e-07
5.429413755e-07
6.389846514e-07
8.012774697e-07
1.131114809e-06
0.02036297546
0.005102355488
0.0006678678637
2.193450679e-05
1.134665383e-06
6.392361928e-07
5.086562255e-07
4.608191731e-07
4.31676498e-07
4.185463255e-07
4.100325773e-07
4.039203308e-07
4.001637305e-07
3.979429646e-07
3.956381765e-07
3.940043874e-07
3.923988108e-07
3.904518794e-07
3.886259942e-07
3.865540107e-07
3.839822922e-07
3.802734007e-07
3.761829743e-07
3.703988635e-07
3.626134332e-07
3.538287114e-07
3.425198834e-07
3.319941693e-07
3.270483623e-07
3.247790448e-07
3.240884119e-07
3.248106757e-07
3.270080033e-07
3.297181178e-07
3.33522855e-07
3.385058831e-07
3.445392691e-07
3.524985349e-07
3.616728089e-07
3.744958702e-07
3.901508835e-07
4.123824966e-07
4.405659827e-07
4.82442911e-07
5.413689572e-07
6.3715819e-07
7.993731725e-07
1.129676959e-06
0.01756767349
0.006427704576
0.0009378959723
5.557338627e-05
1.361259568e-06
6.585073667e-07
5.55440514e-07
4.769742903e-07
4.461815245e-07
4.240696039e-07
4.116959561e-07
4.058855072e-07
4.023492445e-07
3.996086851e-07
3.977344829e-07
3.957279633e-07
3.942562855e-07
3.925257016e-07
3.910181079e-07
3.880993808e-07
3.854085647e-07
3.824270377e-07
3.778664795e-07
3.72182326e-07
3.651390536e-07
3.554139834e-07
3.439812016e-07
3.323910338e-07
3.27030676e-07
3.245568495e-07
3.237690527e-07
3.243396487e-07
3.265332124e-07
3.292739826e-07
3.332790795e-07
3.381087463e-07
3.437976747e-07
3.516721037e-07
3.610825705e-07
3.740007576e-07
3.89407101e-07
4.111427973e-07
4.392550796e-07
4.807177438e-07
5.39453723e-07
6.34740125e-07
7.96831734e-07
1.127577054e-06
0.01454270256
0.01042608785
0.001446476439
9.815113454e-05
7.439724049e-06
1.062797564e-06
6.330093753e-07
5.079640446e-07
4.546795825e-07
4.325093213e-07
4.204750353e-07
4.109365067e-07
4.050489552e-07
4.019053791e-07
3.99424723e-07
3.976593904e-07
3.959873896e-07
3.94158367e-07
3.923043809e-07
3.904014961e-07
3.882385563e-07
3.846187561e-07
3.805129039e-07
3.747084902e-07
3.664187063e-07
3.570863972e-07
3.447318914e-07
3.326490751e-07
3.270529929e-07
3.244378815e-07
3.23600262e-07
3.240903972e-07
3.262637629e-07
3.288597093e-07
3.32624397e-07
3.372633004e-07
3.433863574e-07
3.51175259e-07
3.602261836e-07
3.724793464e-07
3.878744803e-07
4.0969871e-07
4.374668973e-07
4.785663738e-07
5.367787168e-07
6.316023426e-07
7.934350708e-07
1.124500642e-06
0.01229700536
0.01423656523
0.002931939234
0.000321807229
2.093932006e-05
8.06708965e-07
7.01291241e-07
5.613404646e-07
4.894705262e-07
4.493518259e-07
4.255422714e-07
4.148302523e-07
4.086674935e-07
4.049674768e-07
4.024956115e-07
4.001222611e-07
3.985414759e-07
3.968100272e-07
3.956217363e-07
3.928549421e-07
3.902889379e-07
3.875360676e-07
3.831151283e-07
3.770728062e-07
3.698884288e-07
3.596381573e-07
3.469274517e-07
3.334905283e-07
3.271485771e-07
3.241763832e-07
3.231780687e-07
3.234135802e-07
3.255429768e-07
3.280695208e-07
3.320243098e-07
3.367724161e-07
3.424234082e-07
3.496311144e-07
3.588355427e-07
3.716103747e-07
3.867788455e-07
4.077624414e-07
4.351592224e-07
4.755775293e-07
5.334040685e-07
6.274548977e-07
7.886764526e-07
1.120163254e-06
0.01131140483
0.01813209226
0.005843503433
0.0007108024579
9.358484125e-05
9.538796888e-06
1.000040177e-06
6.51528453e-07
5.304852559e-07
4.682980131e-07
4.426088731e-07
4.240733473e-07
4.143268968e-07
4.089274864e-07
4.05412575e-07
4.032262029e-07
4.013284239e-07
3.995677949e-07
3.975414378e-07
3.958869765e-07
3.941489325e-07
3.906949143e-07
3.866910232e-07
3.809631635e-07
3.724515512e-07
3.623807889e-07
3.486006841e-07
3.339928302e-07
3.272282732e-07
3.240360036e-07
3.229442608e-07
3.230169962e-07
3.251172576e-07
3.275154312e-07
3.312434008e-07
3.352473847e-07
3.411957584e-07
3.489142085e-07
3.578924139e-07
3.694687943e-07
3.839746374e-07
4.049419333e-07
4.319591763e-07
4.718346576e-07
5.2879316e-07
6.217752264e-07
7.821429175e-07
1.114043061e-06
0.01101967475
0.01837197707
0.01061543343
0.002232285769
0.0003140870469
3.633969045e-05
4.141168011e-06
6.068864837e-07
6.252336418e-07
4.911884909e-07
4.492999023e-07
4.327874201e-07
4.205428799e-07
4.13951217e-07
4.105125607e-07
4.070939719e-07
4.050039954e-07
4.03015466e-07
4.02155886e-07
3.995186681e-07
3.971422324e-07
3.948167824e-07
3.906959136e-07
3.845391933e-07
3.773398703e-07
3.664691836e-07
3.520222611e-07
3.355272884e-07
3.275882249e-07
3.237684476e-07
3.223124323e-07
3.220740533e-07
3.240703838e-07
3.262682941e-07
3.298563541e-07
3.345538797e-07
3.402370727e-07
3.465275813e-07
3.550428025e-07
3.670360308e-07
3.818902365e-07
4.019271885e-07
4.280638116e-07
4.666719138e-07
5.226210748e-07
6.141467215e-07
7.729490105e-07
1.105460721e-06
0.01043948734
0.01670025803
0.01303074869
0.006254904196
0.001090159263
0.000105784885
1.634757812e-05
3.050503086e-06
8.446860757e-07
6.279342029e-07
5.191952689e-07
4.561490311e-07
4.324655914e-07
4.223836799e-07
4.155619766e-07
4.123009051e-07
4.096356256e-07
4.076240434e-07
4.051921289e-07
4.038587421e-07
4.025772709e-07
3.994207976e-07
3.958088176e-07
3.904159223e-07
3.818540387e-07
3.711336376e-07
3.554841651e-07
3.363548506e-07
3.277208171e-07
3.235462247e-07
3.218799306e-07
3.214739467e-07
3.232707372e-07
3.252495958e-07
3.289772791e-07
3.325435138e-07
3.374886258e-07
3.447356584e-07
3.536006716e-07
3.644132807e-07
3.775668621e-07
3.9671582e-07
4.220910478e-07
4.598145934e-07
5.14285867e-07
6.034693587e-07
7.601452709e-07
1.09321526e-06
0.00922876162
0.01415744129
0.01281734413
0.009439567024
0.004020631698
0.0006866835547
0.0001098142932
1.209069426e-05
2.213387158e-06
5.547764416e-07
5.381279908e-07
4.899929093e-07
4.571534823e-07
4.315495154e-07
4.250630502e-07
4.188894336e-07
4.155835432e-07
4.128366209e-07
4.120660199e-07
4.091818308e-07
4.070406569e-07
4.05514306e-07
4.019621318e-07
3.96089022e-07
3.892620082e-07
3.778889996e-07
3.606635517e-07
3.390079972e-07
3.284710624e-07
3.232061148e-07
3.20897218e-07
3.202231559e-07
3.216864222e-07
3.235279936e-07
3.26535162e-07
3.303587887e-07
3.361192743e-07
3.419576198e-07
3.488328616e-07
3.591737184e-07
3.728130047e-07
3.913497599e-07
4.154765208e-07
4.509273096e-07
5.027842093e-07
5.888395628e-07
7.420411858e-07
1.075524401e-06
0.007674778922
0.01178553543
0.01162055104
0.01046045958
0.00745821695
0.002880363952
0.0004970172592
7.510173111e-05
1.657642693e-05
3.548948631e-06
1.101202788e-06
6.566413997e-07
4.880297808e-07
4.517973631e-07
4.368130105e-07
4.297731591e-07
4.237019714e-07
4.201691463e-07
4.167404063e-07
4.160865195e-07
4.149838051e-07
4.122248229e-07
4.095559335e-07
4.049828021e-07
3.967890568e-07
3.858744173e-07
3.667393415e-07
3.40621269e-07
3.287151113e-07
3.227780829e-07
3.200883403e-07
3.192875497e-07
3.203470209e-07
3.216283479e-07
3.248840626e-07
3.281356435e-07
3.317956476e-07
3.372837644e-07
3.455220284e-07
3.552563024e-07
3.666190891e-07
3.82760756e-07
4.046536078e-07
4.378800074e-07
4.869201041e-07
5.683797851e-07
7.164419732e-07
1.049147994e-06
0.00614826118
0.00979046961
0.01034405912
0.01020614214
0.009182075586
0.006388305389
0.00222166291
0.0004798319485
0.0001188681656
2.421812667e-05
5.070885921e-06
1.138306336e-06
5.89267288e-07
4.80926533e-07
4.523833596e-07
4.399383855e-07
4.347573289e-07
4.298785035e-07
4.274652289e-07
4.231212232e-07
4.213999664e-07
4.207791184e-07
4.180858853e-07
4.132480441e-07
4.074423168e-07
3.963662174e-07
3.747460005e-07
3.448729011e-07
3.301180127e-07
3.225383256e-07
3.190423602e-07
3.177118594e-07
3.181341245e-07
3.194106751e-07
3.217731427e-07
3.241329871e-07
3.289659897e-07
3.341775983e-07
3.397675015e-07
3.472145677e-07
3.579510114e-07
3.733193073e-07
3.937346854e-07
4.238012983e-07
4.679659322e-07
5.430724046e-07
6.829895327e-07
1.012626533e-06
0.004825579082
0.008122245788
0.008987097365
0.009546275685
0.009372927909
0.008343729628
0.005379368602
0.001820030967
0.0004680829561
0.0001022875927
2.31427363e-05
2.787080368e-06
1.003387412e-06
6.021971971e-07
4.753843417e-07
4.543941916e-07
4.442007227e-07
4.37446998e-07
4.33142238e-07
4.315179659e-07
4.295831438e-07
4.274172198e-07
4.262341501e-07
4.225898141e-07
4.158346432e-07
4.060428771e-07
3.823164389e-07
3.476325733e-07
3.308943023e-07
3.224636184e-07
3.182269561e-07
3.167389377e-07
3.167704971e-07
3.173722843e-07
3.195645749e-07
3.220209071e-07
3.25091686e-07
3.287274065e-07
3.345939727e-07
3.421783022e-07
3.514326401e-07
3.642478874e-07
3.815349511e-07
4.080552059e-07
4.480987739e-07
5.167512781e-07
6.478728626e-07
9.712505656e-07
0.003789171236
0.006909468404
0.007944581102
0.008729811446
0.009163679123
0.008879397881
0.00758283371
0.004027845099
0.001374522963
0.0003791514157
7.929210224e-05
2.048395164e-05
2.718969769e-06
9.343268322e-07
5.903781687e-07
4.852306214e-07
4.571024331e-07
4.481546107e-07
4.428376009e-07
4.375415962e-07
4.356208917e-07
4.348283229e-07
4.329442286e-07
4.294994331e-07
4.246267132e-07
4.151675811e-07
3.892832317e-07
3.520286543e-07
3.32590744e-07
3.225997938e-07
3.176915657e-07
3.156533333e-07
3.151300717e-07
3.156724724e-07
3.173591167e-07
3.188683887e-07
3.222652523e-07
3.261165847e-07
3.305738024e-07
3.361907069e-07
3.442726566e-07
3.561067432e-07
3.721162778e-07
3.962398286e-07
4.320981429e-07
4.945607173e-07
6.159547518e-07
9.292237661e-07
0.002973811529
0.005945903169
0.007121099381
0.008071519007
0.008783700914
0.009012596193
0.008544933263
0.006742423395
0.002818204491
0.0008574362008
0.0002349600544
4.012302694e-05
1.092998974e-05
2.628942367e-06
7.485699209e-07
5.463656998e-07
4.695978568e-07
4.559110922e-07
4.48194202e-07
4.443656178e-07
4.414178312e-07
4.39659854e-07
4.390955916e-07
4.362733299e-07
4.308824499e-07
4.22817687e-07
3.951761919e-07
3.547601108e-07
3.33526748e-07
3.227121273e-07
3.172531002e-07
3.149330761e-07
3.142722669e-07
3.14299942e-07
3.157419228e-07
3.173691388e-07
3.197919537e-07
3.224141267e-07
3.266987359e-07
3.324017368e-07
3.396668445e-07
3.498565997e-07
3.636181574e-07
3.849900559e-07
4.175504645e-07
4.746626053e-07
5.875306624e-07
8.924329454e-07
4.372655128e-07
4.293780405e-07
4.004315287e-07
3.582393494e-07
3.349688878e-07
3.230188969e-07
3.169670508e-07
3.142437601e-07
3.131905842e-07
3.131521264e-07
3.142929157e-07
3.152523328e-07
3.177495319e-07
3.205627063e-07
3.240439252e-07
3.284245043e-07
3.347520729e-07
3.44171424e-07
3.570167266e-07
3.767814961e-07
4.063980992e-07
4.588466916e-07
5.633243649e-07
8.427331174e-07
4.046033825e-07
3.604651708e-07
3.358500025e-07
3.23215276e-07
3.16765411e-07
3.137906122e-07
3.126361238e-07
3.122507946e-07
3.131964628e-07
3.142280511e-07
3.161281067e-07
3.180998044e-07
3.213804001e-07
3.258016866e-07
3.316204989e-07
3.399707749e-07
3.51289867e-07
3.691303675e-07
3.96398734e-07
4.449160578e-07
5.420623249e-07
8.119630633e-07
3.370025287e-07
3.235329663e-07
3.166392878e-07
3.133823388e-07
3.119374821e-07
3.115009428e-07
3.122494786e-07
3.128379008e-07
3.147476502e-07
3.168506278e-07
3.196269425e-07
3.231717426e-07
3.283307355e-07
3.361420913e-07
3.468406027e-07
3.636223155e-07
3.889032575e-07
4.341417512e-07
5.246574219e-07
7.63422287e-07
3.237594102e-07
3.1656107e-07
3.131155299e-07
3.115939873e-07
3.109162259e-07
3.115280794e-07
3.121529363e-07
3.136797885e-07
3.152222113e-07
3.178460159e-07
3.214125778e-07
3.262401617e-07
3.333487917e-07
3.430257905e-07
3.585069079e-07
3.821909814e-07
4.247050268e-07
5.097677073e-07
7.411576168e-07
3.165175725e-07
3.128711624e-07
3.111499966e-07
3.104319947e-07
3.109062474e-07
3.112449562e-07
3.127648976e-07
3.143932871e-07
3.166865083e-07
3.196712829e-07
3.240518051e-07
3.307978079e-07
3.400635398e-07
3.548505388e-07
3.772135941e-07
4.175094439e-07
4.978969323e-07
7.095166485e-07
3.127137969e-07
3.109359001e-07
3.10053766e-07
3.104328015e-07
3.107864427e-07
3.120564259e-07
3.133141194e-07
3.1550266e-07
3.185011144e-07
3.226619861e-07
3.289425314e-07
3.375265036e-07
3.514439302e-07
3.727392298e-07
4.111985473e-07
4.878202495e-07
6.925423123e-07
3.125630213e-07
3.106499446e-07
3.097383133e-07
3.100227724e-07
3.101938501e-07
3.114516974e-07
3.127650975e-07
3.147331733e-07
3.173441528e-07
3.212057481e-07
3.272451941e-07
3.355580403e-07
3.490195147e-07
3.69439871e-07
4.064207357e-07
4.79903543e-07
6.777404897e-07
3.105127999e-07
3.09490292e-07
3.097114781e-07
3.098867463e-07
3.109764184e-07
3.12047328e-07
3.139456933e-07
3.165661141e-07
3.202810454e-07
3.260106895e-07
3.338683195e-07
3.467497858e-07
3.664593595e-07
4.022140217e-07
4.731698521e-07
6.650049791e-07
3.103254672e-07
3.092823002e-07
3.094394432e-07
3.09499354e-07
3.105772409e-07
3.116828668e-07
3.134333483e-07
3.157950057e-07
3.193102241e-07
3.24879853e-07
3.325585012e-07
3.451391615e-07
3.642685006e-07
3.99041026e-07
4.678990208e-07
6.54157033e-07
3.091181104e-07
3.092337665e-07
3.092907331e-07
3.10257399e-07
3.112041842e-07
3.129085373e-07
3.152769113e-07
3.186938485e-07
3.240566881e-07
3.314310288e-07
3.43624664e-07
3.622808127e-07
3.962362749e-07
4.634050042e-07
6.452955229e-07
3.089800712e-07
3.090524355e-07
3.090382837e-07
3.099933531e-07
3.109615589e-07
3.125665803e-07
3.147618198e-07
3.180454915e-07
3.233019376e-07
3.305577375e-07
3.42552049e-07
3.608223978e-07
3.941248285e-07
4.598968519e-07
6.381596319e-07
3.088633672e-07
3.089062124e-07
3.088835521e-07
3.097618496e-07
3.106164337e-07
3.121879294e-07
3.143878302e-07
3.175996161e-07
3.227057388e-07
3.297400953e-07
3.414531383e-07
3.593801462e-07
3.920897608e-07
4.566371834e-07
6.312960253e-07
3.087487516e-07
3.087541455e-07
3.086764664e-07
3.095387359e-07
3.104094417e-07
3.11894139e-07
3.139429891e-07
3.170379966e-07
3.220504988e-07
3.289809144e-07
3.405196564e-07
3.581091176e-07
3.902477364e-07
4.53573572e-07
6.245493914e-07
3.086187847e-07
3.085254702e-07
3.09318416e-07
3.100796298e-07
3.115305706e-07
3.135824864e-07
3.166060456e-07
3.214706389e-07
3.281828962e-07
3.394445899e-07
3.566961135e-07
3.882517198e-07
4.503745877e-07
6.179164051e-07
3.08474609e-07
3.083335448e-07
3.091045408e-07
3.09879302e-07
3.112441348e-07
3.131464701e-07
3.160538801e-07
3.208249512e-07
3.274337824e-07
3.385224699e-07
3.554389072e-07
3.864283197e-07
4.473401473e-07
6.113941752e-07
3.083460018e-07
3.081821656e-07
3.088901979e-07
3.095574822e-07
3.108883564e-07
3.127927818e-07
3.156285238e-07
3.202523058e-07
3.266437305e-07
3.374565665e-07
3.540370348e-07
3.844473672e-07
4.441661483e-07
6.049791082e-07
3.080019008e-07
3.086827492e-07
3.093618359e-07
3.106069486e-07
3.123628109e-07
3.150830304e-07
3.196136594e-07
3.259024553e-07
3.365437433e-07
3.527917161e-07
3.826410716e-07
4.411606164e-07
5.986687593e-07
3.078493756e-07
3.084723601e-07
3.090455556e-07
3.102567118e-07
3.120141314e-07
3.146625736e-07
3.190463726e-07
3.251184473e-07
3.354851442e-07
3.513994002e-07
3.80674172e-07
4.380121302e-07
5.924597986e-07
3.076779326e-07
3.082694906e-07
3.088533474e-07
3.099788274e-07
3.115884254e-07
3.141219542e-07
3.184132601e-07
3.243837157e-07
3.345804988e-07
3.501650752e-07
3.788847185e-07
4.350370772e-07
5.863499025e-07
3.080617995e-07
3.085408698e-07
3.096326595e-07
3.112436261e-07
3.137053651e-07
3.178501238e-07
3.236045286e-07
3.335280673e-07
3.487814369e-07
3.769315305e-07
4.319151977e-07
5.803357214e-07
3.078622982e-07
3.083514014e-07
3.093573112e-07
3.108210335e-07
3.131684054e-07
3.172216358e-07
3.228755448e-07
3.326309194e-07
3.475575703e-07
3.751588399e-07
4.289718217e-07
5.744152544e-07
3.080417072e-07
3.090142727e-07
3.104794265e-07
3.12755079e-07
3.166618546e-07
3.221003938e-07
3.315839603e-07
3.461821249e-07
3.732193375e-07
4.258777029e-07
5.685853926e-07
3.078542699e-07
3.087407867e-07
3.100592042e-07
3.122209778e-07
3.160374941e-07
3.213767509e-07
3.306940277e-07
3.449686203e-07
3.714638674e-07
4.229679867e-07
5.628444403e-07
3.084003283e-07
3.097203888e-07
3.118105698e-07
3.154805807e-07
3.206051768e-07
3.296521995e-07
3.436012663e-07
3.695384867e-07
4.199034522e-07
5.571892109e-07
3.081305961e-07
3.093062563e-07
3.112841988e-07
3.148663279e-07
3.198939417e-07
3.28778312e-07
3.424103514e-07
3.678183571e-07
4.170583057e-07
5.517389093e-07
3.089770621e-07
3.10885256e-07
3.143241062e-07
3.191427278e-07
3.277650036e-07
3.410833217e-07
3.659556328e-07
4.141093848e-07
5.46383561e-07
3.103672463e-07
3.137212584e-07
3.184465223e-07
3.269119145e-07
3.399238711e-07
3.642888805e-07
4.113735199e-07
5.411216336e-07
3.09971573e-07
3.131829252e-07
3.177009612e-07
3.259078326e-07
3.386131123e-07
3.62457449e-07
4.084973322e-07
5.359498116e-07
3.170125267e-07
3.250664664e-07
3.374725245e-07
3.60825354e-07
4.058383015e-07
5.308662363e-07
3.240705452e-07
3.361764026e-07
3.590225373e-07
4.030297146e-07
5.258681975e-07
3.574240867e-07
4.004447689e-07
5.209546011e-07
3.552915666e-07
3.641360182e-07
3.784650091e-07
3.938871727e-07
4.177009854e-07
4.46491957e-07
4.904491476e-07
5.511410207e-07
6.495594377e-07
8.14114323e-07
1.142222555e-06
3.245342515e-07
3.243748793e-07
3.261964745e-07
3.279322792e-07
3.316208672e-07
3.349133093e-07
3.407760298e-07
3.461609955e-07
3.552263675e-07
3.64111105e-07
3.7840659e-07
3.938374665e-07
4.176188264e-07
4.463816504e-07
4.903662601e-07
5.510459182e-07
6.493383663e-07
8.13963712e-07
1.142050754e-06
3.416534357e-07
3.333753352e-07
3.281565618e-07
3.255560077e-07
3.245407592e-07
3.243744132e-07
3.261804616e-07
3.27918953e-07
3.31583836e-07
3.34903379e-07
3.407478841e-07
3.461467166e-07
3.5519177e-07
3.640650284e-07
3.783580066e-07
3.937712436e-07
4.175619051e-07
4.463260122e-07
4.90253915e-07
5.508453329e-07
6.49238354e-07
8.136898602e-07
1.141877022e-06
3.64681346e-07
3.599715259e-07
3.550710002e-07
3.487700336e-07
3.417282189e-07
3.334345526e-07
3.281899942e-07
3.255710487e-07
3.245448588e-07
3.243732877e-07
3.261621283e-07
3.279118558e-07
3.315581654e-07
3.348798056e-07
3.40690055e-07
3.461156473e-07
3.551209102e-07
3.64035819e-07
3.782952434e-07
3.937179869e-07
4.174790821e-07
4.461997285e-07
4.901257194e-07
5.507477874e-07
6.48962761e-07
8.134847966e-07
1.141679371e-06
3.719303396e-07
3.684636248e-07
3.647096339e-07
3.600115874e-07
3.551661746e-07
3.48842694e-07
3.417747473e-07
3.334765241e-07
3.282174162e-07
3.255850214e-07
3.245496576e-07
3.243720932e-07
3.26146987e-07
3.27893577e-07
3.31520061e-07
3.348705019e-07
3.406645406e-07
3.461019643e-07
3.550877482e-07
3.639924799e-07
3.78239143e-07
3.936466624e-07
4.174007359e-07
4.461280588e-07
4.900172827e-07
5.505048023e-07
6.48846855e-07
8.131938934e-07
1.141446385e-06
3.797193085e-07
3.774247434e-07
3.74807117e-07
3.719603822e-07
3.684805854e-07
3.647550752e-07
3.600941658e-07
3.552109819e-07
3.488859031e-07
3.41845403e-07
3.335272955e-07
3.282456877e-07
3.255972371e-07
3.245509249e-07
3.243678849e-07
3.261265667e-07
3.27886814e-07
3.314973164e-07
3.348416139e-07
3.40604821e-07
3.460646174e-07
3.550114876e-07
3.639561047e-07
3.781702965e-07
3.935861388e-07
4.173161035e-07
4.459940974e-07
4.898440231e-07
5.50401719e-07
6.485368364e-07
8.129245188e-07
1.141210933e-06
3.839574334e-07
3.818096235e-07
3.797324064e-07
3.77451284e-07
3.748233332e-07
3.71983595e-07
3.685303537e-07
3.647964623e-07
3.601369985e-07
3.553092946e-07
3.489689327e-07
3.419014251e-07
3.335654665e-07
3.282712009e-07
3.256087513e-07
3.245533612e-07
3.243657162e-07
3.261119088e-07
3.278631755e-07
3.314555136e-07
3.348318139e-07
3.405804764e-07
3.460500828e-07
3.549787542e-07
3.639135501e-07
3.781073405e-07
3.935097194e-07
4.172188524e-07
4.458970956e-07
4.897389991e-07
5.501186914e-07
6.483695361e-07
8.126166966e-07
1.140920196e-06
3.901613626e-07
3.880103193e-07
3.85792188e-07
3.839662752e-07
3.818226318e-07
3.797428426e-07
3.774658763e-07
3.748579116e-07
3.720240159e-07
3.685533635e-07
3.648511556e-07
3.602441895e-07
3.553679676e-07
3.490093735e-07
3.419824344e-07
3.336281493e-07
3.283023096e-07
3.256210897e-07
3.2455285e-07
3.243583087e-07
3.260875369e-07
3.278549203e-07
3.314357807e-07
3.34801165e-07
3.405169262e-07
3.460052363e-07
3.548967263e-07
3.638680483e-07
3.780309851e-07
3.934389851e-07
4.171274208e-07
4.457603096e-07
4.895228393e-07
5.500050867e-07
6.480462853e-07
8.122853416e-07
1.140640402e-06
3.967266438e-07
3.92979572e-07
3.90166874e-07
3.880082989e-07
3.857921972e-07
3.839694233e-07
3.818289123e-07
3.79763508e-07
3.77502704e-07
3.748818041e-07
3.720512836e-07
3.686203309e-07
3.649169784e-07
3.602974609e-07
3.554734116e-07
3.491131448e-07
3.420680134e-07
3.336726872e-07
3.283330484e-07
3.256337244e-07
3.245541683e-07
3.243553207e-07
3.26073242e-07
3.278265579e-07
3.313888283e-07
3.347810188e-07
3.40492706e-07
3.459887857e-07
3.548633358e-07
3.638244954e-07
3.779608985e-07
3.93356607e-07
4.170143048e-07
4.456323584e-07
4.89418629e-07
5.496825725e-07
6.47821486e-07
8.119553621e-07
1.140301821e-06
4.667291074e-07
4.269433326e-07
4.109387171e-07
4.020727161e-07
3.96725442e-07
3.929762823e-07
3.901670405e-07
3.880060401e-07
3.858006802e-07
3.839818047e-07
3.818493382e-07
3.797829849e-07
3.775217516e-07
3.749269116e-07
3.721110797e-07
3.686557082e-07
3.649833349e-07
3.604414147e-07
3.555566377e-07
3.491567341e-07
3.421600728e-07
3.337642281e-07
3.283725825e-07
3.25649636e-07
3.245532479e-07
3.243454986e-07
3.260434478e-07
3.278144962e-07
3.313700526e-07
3.347528914e-07
3.40424822e-07
3.459350305e-07
3.547742604e-07
3.637680195e-07
3.778754323e-07
3.932736935e-07
4.169105752e-07
4.454951162e-07
4.891616798e-07
5.495587506e-07
6.47490409e-07
8.115683966e-07
1.13997941e-06
0.01110896676
0.001074353165
4.552684047e-05
1.296273261e-06
5.967219757e-07
4.665382964e-07
4.269243276e-07
4.109387234e-07
4.020738296e-07
3.967209324e-07
3.929735389e-07
3.901764633e-07
3.879986444e-07
3.858034092e-07
3.839861781e-07
3.818588525e-07
3.798147468e-07
3.775759726e-07
3.749658746e-07
3.721451105e-07
3.687465389e-07
3.650901584e-07
3.605118439e-07
3.556645214e-07
3.492863297e-07
3.422867174e-07
3.338324278e-07
3.284135293e-07
3.256648059e-07
3.245531639e-07
3.243411914e-07
3.260289311e-07
3.277842022e-07
3.31317076e-07
3.347193304e-07
3.403979136e-07
3.459158644e-07
3.547393395e-07
3.637218447e-07
3.777974147e-07
3.931834966e-07
4.167842805e-07
4.453322512e-07
4.890551893e-07
5.492028198e-07
6.472028039e-07
8.112085277e-07
1.139593526e-06
0.01131189258
0.001086927963
4.633422767e-05
1.300222056e-06
5.954464331e-07
4.663259828e-07
4.269081921e-07
4.10935961e-07
4.020730512e-07
3.967239052e-07
3.929689281e-07
3.901757045e-07
3.879953949e-07
3.858242331e-07
3.840068853e-07
3.818916567e-07
3.79850759e-07
3.776029176e-07
3.750238424e-07
3.722364508e-07
3.688119223e-07
3.651706238e-07
3.607081976e-07
3.557878057e-07
3.493455645e-07
3.423897527e-07
3.339717923e-07
3.284641138e-07
3.256834934e-07
3.245513037e-07
3.243281251e-07
3.25991772e-07
3.277609428e-07
3.312967522e-07
3.346935947e-07
3.403280125e-07
3.458505676e-07
3.54640937e-07
3.636518495e-07
3.777006769e-07
3.930866978e-07
4.166626203e-07
4.451949451e-07
4.887592139e-07
5.490510636e-07
6.468652826e-07
8.107722365e-07
1.13922742e-06
0.01156476994
0.001104443332
4.705069589e-05
1.308147021e-06
5.941387149e-07
4.661007451e-07
4.269024219e-07
4.109444249e-07
4.020724031e-07
3.967212501e-07
3.929689903e-07
3.901928976e-07
3.879931473e-07
3.85830063e-07
3.840138769e-07
3.819069762e-07
3.798974503e-07
3.77685101e-07
3.750928875e-07
3.722844472e-07
3.689308403e-07
3.653457056e-07
3.607976654e-07
3.558874462e-07
3.495032249e-07
3.425788035e-07
3.340863643e-07
3.285176972e-07
3.257022541e-07
3.245498766e-07
3.243207633e-07
3.259741618e-07
3.277309201e-07
3.312359932e-07
3.346441317e-07
3.402891983e-07
3.458276303e-07
3.54603142e-07
3.636012551e-07
3.7761353e-07
3.929857433e-07
4.165251538e-07
4.449941109e-07
4.886461201e-07
5.486784127e-07
6.465150069e-07
8.103758746e-07
1.138792489e-06
0.0118825048
0.001124500679
4.812619861e-05
1.310482306e-06
5.928348639e-07
4.658743041e-07
4.269069708e-07
4.109598491e-07
4.020885281e-07
3.967261913e-07
3.929600906e-07
3.901917406e-07
3.879904572e-07
3.858692043e-07
3.8405118e-07
3.819638363e-07
3.799648588e-07
3.777222593e-07
3.751648064e-07
3.724300135e-07
3.690607546e-07
3.6544547e-07
3.610406066e-07
3.560744013e-07
3.496141675e-07
3.42709642e-07
3.342813549e-07
3.285822851e-07
3.257247683e-07
3.245472189e-07
3.243052606e-07
3.259253418e-07
3.27692123e-07
3.312120522e-07
3.346183189e-07
3.402193859e-07
3.457474468e-07
3.544919585e-07
3.635139031e-07
3.775020117e-07
3.928728793e-07
4.163793659e-07
4.448550874e-07
4.883152963e-07
5.484761934e-07
6.461665347e-07
8.098934484e-07
1.138375871e-06
0.01228713168
0.001153701583
4.969029806e-05
1.328174243e-06
5.916182155e-07
4.656723632e-07
4.268983285e-07
4.109520333e-07
4.020865527e-07
3.967396435e-07
3.929781057e-07
3.902257029e-07
3.879995444e-07
3.858773962e-07
3.840629981e-07
3.81989507e-07
3.800285087e-07
3.778526356e-07
3.752956048e-07
3.725000961e-07
3.692068469e-07
3.657281213e-07
3.611993891e-07
3.561634042e-07
3.49801788e-07
3.429929407e-07
3.344585173e-07
3.286556019e-07
3.257479127e-07
3.245429033e-07
3.242907247e-07
3.259016331e-07
3.276629421e-07
3.311442254e-07
3.345491063e-07
3.401619083e-07
3.45718419e-07
3.544486411e-07
3.634562437e-07
3.774036949e-07
3.927565339e-07
4.162311602e-07
4.446130201e-07
4.881834614e-07
5.480950268e-07
6.457557242e-07
8.094507658e-07
1.137879491e-06
0.01280766766
0.001199284219
5.086180321e-05
1.328706946e-06
5.90561297e-07
4.655642919e-07
4.270395471e-07
4.11060625e-07
4.021501557e-07
3.967477945e-07
3.929603856e-07
3.902222022e-07
3.879984296e-07
3.859504078e-07
3.841349745e-07
3.820958983e-07
3.801573557e-07
3.779021586e-07
3.753770431e-07
3.727170575e-07
3.694705173e-07
3.658577543e-07
3.614407287e-07
3.564431158e-07
3.500431228e-07
3.431858636e-07
3.347025591e-07
3.287408897e-07
3.257734745e-07
3.245376911e-07
3.24273301e-07
3.258386358e-07
3.276023884e-07
3.31102884e-07
3.345179075e-07
3.400920544e-07
3.456177002e-07
3.54319524e-07
3.633457283e-07
3.772716426e-07
3.926241667e-07
4.160537965e-07
4.444673739e-07
4.878223713e-07
5.478349575e-07
6.453875057e-07
8.089204616e-07
1.137403624e-06
0.01347449574
0.001273969463
5.447845082e-05
1.359468614e-06
5.897354621e-07
4.65361626e-07
4.26976313e-07
4.110245028e-07
4.0214528e-07
3.967962743e-07
3.930278451e-07
3.902922388e-07
3.880402906e-07
3.859626909e-07
3.841577182e-07
3.821399027e-07
3.802302682e-07
3.78075143e-07
3.756269713e-07
3.728829231e-07
3.696382382e-07
3.662815913e-07
3.617367283e-07
3.565560407e-07
3.502716596e-07
3.435702234e-07
3.349716848e-07
3.288335697e-07
3.257979206e-07
3.245246887e-07
3.24243207e-07
3.257962838e-07
3.275710998e-07
3.310305494e-07
3.34423283e-07
3.4000564e-07
3.455789704e-07
3.542663781e-07
3.632770226e-07
3.771591753e-07
3.924860009e-07
4.158935428e-07
4.441806383e-07
4.876608108e-07
5.474431441e-07
6.449177751e-07
8.084230503e-07
1.136834885e-06
0.01432533405
0.001356666526
5.456909704e-05
1.368813715e-06
5.898157306e-07
4.658673822e-07
4.274769681e-07
4.113389135e-07
4.02317055e-07
3.968286322e-07
3.929962395e-07
3.902817591e-07
3.880405683e-07
3.860856179e-07
3.843091661e-07
3.823352663e-07
3.804647394e-07
3.78232301e-07
3.757475217e-07
3.73143955e-07
3.701188008e-07
3.664464913e-07
3.619108653e-07
3.569435302e-07
3.507573309e-07
3.438912216e-07
3.352496928e-07
3.289348893e-07
3.258247054e-07
3.245134293e-07
3.242201898e-07
3.257191258e-07
3.27483081e-07
3.309563092e-07
3.343811209e-07
3.399361628e-07
3.454526102e-07
3.541113037e-07
3.631352492e-07
3.769979184e-07
3.92329035e-07
4.156755087e-07
4.440207917e-07
4.872706321e-07
5.471183352e-07
6.445195959e-07
8.07840294e-07
1.136293629e-06
0.01529446421
0.001496154357
6.047521608e-05
1.413335129e-06
5.885798025e-07
4.655094951e-07
4.273346027e-07
4.112573769e-07
4.023040438e-07
3.969280323e-07
3.931820815e-07
3.904340999e-07
3.881619241e-07
3.861569084e-07
3.843507888e-07
3.824116914e-07
3.805677298e-07
3.784145103e-07
3.761554157e-07
3.73567398e-07
3.703235569e-07
3.668831442e-07
3.624573956e-07
3.572820524e-07
3.510819397e-07
3.443107898e-07
3.356212596e-07
3.290398569e-07
3.258430238e-07
3.244844549e-07
3.241653038e-07
3.256381688e-07
3.274427215e-07
3.308806217e-07
3.342551355e-07
3.398063024e-07
3.453918203e-07
3.540425933e-07
3.630497858e-07
3.76867391e-07
3.921608237e-07
4.154998514e-07
4.436853028e-07
4.870671059e-07
5.467104039e-07
6.439901929e-07
8.072792091e-07
1.135642404e-06
0.01642531804
0.001641991722
6.293372953e-05
1.44721262e-06
5.939351233e-07
4.67954656e-07
4.287347816e-07
4.120828056e-07
4.027753727e-07
3.971154526e-07
3.931279648e-07
3.904245002e-07
3.881771277e-07
3.863266708e-07
3.846514035e-07
3.827530947e-07
3.809639173e-07
3.788031441e-07
3.764444241e-07
3.738192647e-07
3.709762253e-07
3.673514325e-07
3.626742457e-07
3.57717392e-07
3.518009259e-07
3.448265585e-07
3.35911921e-07
3.29147226e-07
3.258629723e-07
3.244604533e-07
3.241297865e-07
3.255464876e-07
3.273196696e-07
3.307531339e-07
3.341890962e-07
3.397361704e-07
3.452483537e-07
3.53849824e-07
3.628676456e-07
3.766659743e-07
3.919731159e-07
4.152311646e-07
4.435013186e-07
4.866476443e-07
5.463141405e-07
6.435505894e-07
8.066375887e-07
1.135042336e-06
0.01758834242
0.001890849928
7.5373912e-05
1.528690016e-06
5.9330756e-07
4.677165065e-07
4.286261014e-07
4.121010279e-07
4.027948334e-07
3.972149943e-07
3.935543105e-07
3.907551302e-07
3.884773748e-07
3.865938555e-07
3.847229724e-07
3.828884289e-07
3.811236602e-07
3.790066642e-07
3.769052306e-07
3.746004917e-07
3.713894304e-07
3.676933005e-07
3.635936559e-07
3.585431795e-07
3.523840578e-07
3.451958299e-07
3.362989348e-07
3.2925052e-07
3.258611224e-07
3.244007036e-07
3.240372849e-07
3.254044085e-07
3.272693556e-07
3.306749128e-07
3.340464496e-07
3.395540243e-07
3.451293042e-07
3.537610396e-07
3.627595481e-07
3.765142667e-07
3.917675484e-07
4.150360786e-07
4.431161106e-07
4.86389921e-07
5.458843129e-07
6.429617993e-07
8.060107782e-07
1.134324417e-06
0.01935832153
0.002149001553
8.58342491e-05
1.647908886e-06
6.073728035e-07
4.734703093e-07
4.314717772e-07
4.134064656e-07
4.036575914e-07
3.978541672e-07
3.93566909e-07
3.907775837e-07
3.885439214e-07
3.867581247e-07
3.851634697e-07
3.834796539e-07
3.817360533e-07
3.797082778e-07
3.776572147e-07
3.749370464e-07
3.719821875e-07
3.686295799e-07
3.639201544e-07
3.589969652e-07
3.530800903e-07
3.458259623e-07
3.366466005e-07
3.29335162e-07
3.258544076e-07
3.243565862e-07
3.239830453e-07
3.253078363e-07
3.27130419e-07
3.30480311e-07
3.339156009e-07
3.394661521e-07
3.449846823e-07
3.535311221e-07
3.625324362e-07
3.76264565e-07
3.915455567e-07
4.147111202e-07
4.428982433e-07
4.859437102e-07
5.454148651e-07
6.424731924e-07
8.053131948e-07
1.133713898e-06
0.02124673523
0.002640945545
0.0001136775523
1.886406043e-06
6.148270009e-07
4.76395206e-07
4.333165267e-07
4.151371375e-07
4.046278199e-07
3.981687324e-07
3.94245827e-07
3.914555307e-07
3.891285914e-07
3.873479001e-07
3.855082434e-07
3.837012254e-07
3.82016674e-07
3.800596812e-07
3.780675972e-07
3.757721943e-07
3.729175055e-07
3.690547647e-07
3.650554647e-07
3.603909791e-07
3.540487197e-07
3.462728928e-07
3.369092e-07
3.294166965e-07
3.258249284e-07
3.242571068e-07
3.238470389e-07
3.25102883e-07
3.270205494e-07
3.303770116e-07
3.337831658e-07
3.39240602e-07
3.447968225e-07
3.534081008e-07
3.623962806e-07
3.760918577e-07
3.91301461e-07
4.144938359e-07
4.424711494e-07
4.856231591e-07
5.449598146e-07
6.418299752e-07
8.046326938e-07
1.132982873e-06
0.02279755959
0.00306003655
0.0001459585595
2.271298701e-06
6.440664699e-07
4.869403132e-07
4.374465562e-07
4.162155998e-07
4.05110574e-07
3.990345786e-07
3.946344493e-07
3.915897104e-07
3.893222276e-07
3.875943694e-07
3.859860741e-07
3.845951672e-07
3.828818941e-07
3.810473744e-07
3.792502373e-07
3.76630694e-07
3.735395244e-07
3.703552491e-07
3.660221233e-07
3.608940335e-07
3.545247149e-07
3.468148037e-07
3.373392561e-07
3.294801109e-07
3.257932619e-07
3.241901254e-07
3.237707826e-07
3.249915295e-07
3.268948753e-07
3.301369783e-07
3.335761115e-07
3.391228455e-07
3.446492886e-07
3.53136505e-07
3.621088626e-07
3.757763227e-07
3.910284339e-07
4.1408487e-07
4.421895163e-07
4.851119324e-07
5.4436958e-07
6.412328617e-07
8.038104871e-07
1.132367347e-06
0.02406120692
0.003922003498
0.0002059360129
3.991204541e-06
6.729723454e-07
5.001251613e-07
4.446169258e-07
4.218108012e-07
4.092412135e-07
4.010717623e-07
3.959975533e-07
3.927844042e-07
3.903683715e-07
3.885883206e-07
3.868534017e-07
3.850048854e-07
3.83433716e-07
3.816883787e-07
3.79776111e-07
3.773835057e-07
3.74881736e-07
3.711735082e-07
3.671012102e-07
3.625514414e-07
3.558470125e-07
3.476201587e-07
3.375143168e-07
3.295633847e-07
3.257478127e-07
3.24057109e-07
3.235962689e-07
3.247248462e-07
3.266970904e-07
3.299653906e-07
3.334472468e-07
3.388356495e-07
3.443633058e-07
3.529483063e-07
3.619289377e-07
3.755425689e-07
3.906851591e-07
4.13782242e-07
4.416065717e-07
4.846051467e-07
5.437382679e-07
6.403146462e-07
8.028788647e-07
1.131749036e-06
0.0240935138
0.004341604033
0.0003051965945
6.286462803e-06
7.209171345e-07
5.187068883e-07
4.538556788e-07
4.251759298e-07
4.096051783e-07
4.015616694e-07
3.96499701e-07
3.932111146e-07
3.907884136e-07
3.890165417e-07
3.873534441e-07
3.860487793e-07
3.845836492e-07
3.829220212e-07
3.813187072e-07
3.788453174e-07
3.758505266e-07
3.726307173e-07
3.687619848e-07
3.6326263e-07
3.563558375e-07
3.4806222e-07
3.379712225e-07
3.296382629e-07
3.256952607e-07
3.239479944e-07
3.234697349e-07
3.24590792e-07
3.265716408e-07
3.296950498e-07
3.331410113e-07
3.386387136e-07
3.441843415e-07
3.526007745e-07
3.614806108e-07
3.750499698e-07
3.902689232e-07
4.131260639e-07
4.411268485e-07
4.838274202e-07
5.427513678e-07
6.393280356e-07
8.01650986e-07
1.131049143e-06
0.02301339108
0.00453268879
0.0004021477875
9.494581769e-06
7.75972166e-07
5.564673206e-07
4.694362158e-07
4.34074274e-07
4.185422193e-07
4.065680933e-07
3.996523305e-07
3.953568762e-07
3.925288145e-07
3.905546039e-07
3.888241864e-07
3.870850106e-07
3.85495885e-07
3.839229061e-07
3.820236986e-07
3.796784469e-07
3.77429528e-07
3.740577679e-07
3.699042107e-07
3.649003689e-07
3.581206357e-07
3.493332473e-07
3.38311307e-07
3.297611878e-07
3.25643583e-07
3.238005893e-07
3.232759193e-07
3.242756733e-07
3.262623487e-07
3.293867336e-07
3.329772903e-07
3.382899186e-07
3.437285045e-07
3.52224514e-07
3.612280323e-07
3.747035535e-07
3.897167234e-07
4.126319051e-07
4.402261782e-07
4.828967368e-07
5.417215162e-07
6.378270472e-07
8.001808524e-07
1.130107303e-06
0.02087434756
0.004841957102
0.000614559496
1.971660115e-05
1.073348245e-06
6.034415474e-07
4.944848487e-07
4.486415614e-07
4.196047624e-07
4.080554831e-07
4.007872919e-07
3.962345478e-07
3.933004042e-07
3.91282321e-07
3.8957412e-07
3.882383963e-07
3.869740602e-07
3.85451166e-07
3.840025997e-07
3.817332934e-07
3.78946948e-07
3.757163434e-07
3.720046578e-07
3.663726597e-07
3.588287521e-07
3.498620746e-07
3.38833822e-07
3.298927969e-07
3.255869388e-07
3.236434735e-07
3.230822484e-07
3.240540196e-07
3.260919171e-07
3.290945655e-07
3.325185167e-07
3.378779715e-07
3.43483765e-07
3.518021813e-07
3.604863135e-07
3.738790251e-07
3.890341309e-07
4.115413922e-07
4.393344235e-07
4.816686431e-07
5.400237254e-07
6.361303199e-07
7.982459766e-07
1.128712735e-06
0.01783764338
0.0060762884
0.0008743763391
4.818447881e-05
1.006355172e-06
6.864434671e-07
5.290184049e-07
4.611691064e-07
4.382766754e-07
4.181369193e-07
4.064424657e-07
4.002233148e-07
3.962043604e-07
3.936997476e-07
3.917865648e-07
3.899931972e-07
3.883524072e-07
3.868818085e-07
3.850152665e-07
3.828326464e-07
3.808090761e-07
3.777480592e-07
3.735897969e-07
3.680872365e-07
3.609951817e-07
3.518263433e-07
3.396467155e-07
3.301616242e-07
3.255629061e-07
3.234812877e-07
3.228566533e-07
3.236876182e-07
3.256666399e-07
3.285625118e-07
3.32295151e-07
3.3747723e-07
3.427614358e-07
3.510488086e-07
3.600939909e-07
3.733622229e-07
3.881108157e-07
4.106843764e-07
4.37936412e-07
4.799370274e-07
5.382672559e-07
6.336880109e-07
7.957140004e-07
1.126656071e-06
0.01452702242
0.00936322478
0.001419131754
0.0001220601782
9.54550456e-06
8.434027964e-07
5.779211712e-07
4.945631055e-07
4.429138303e-07
4.212167672e-07
4.099236614e-07
4.018618382e-07
3.975618366e-07
3.94922362e-07
3.929571602e-07
3.915080547e-07
3.903570085e-07
3.889366149e-07
3.87606861e-07
3.856198273e-07
3.830368993e-07
3.798688304e-07
3.761991184e-07
3.704398759e-07
3.62611213e-07
3.526841e-07
3.404060994e-07
3.304203221e-07
3.255498151e-07
3.232847175e-07
3.225824439e-07
3.233128537e-07
3.253319151e-07
3.282321612e-07
3.316354781e-07
3.366637315e-07
3.423440605e-07
3.505491425e-07
3.59048481e-07
3.718990789e-07
3.869142598e-07
4.08870345e-07
4.361891681e-07
4.779342667e-07
5.353992006e-07
6.306677461e-07
7.923104549e-07
1.123626475e-06
0.01190062162
0.01290849756
0.002531227433
0.0002658424755
1.847739295e-05
2.178466572e-06
7.55687179e-07
5.445910061e-07
4.763519601e-07
4.404188354e-07
4.191867597e-07
4.093341213e-07
4.025590565e-07
3.987309354e-07
3.963949226e-07
3.941986881e-07
3.924077062e-07
3.909640437e-07
3.891749723e-07
3.871404623e-07
3.854086118e-07
3.826679483e-07
3.785709405e-07
3.727611241e-07
3.653348655e-07
3.555335446e-07
3.420697944e-07
3.310077784e-07
3.25572982e-07
3.230813007e-07
3.222866051e-07
3.228264581e-07
3.247878173e-07
3.273547789e-07
3.311358242e-07
3.361699211e-07
3.414142803e-07
3.490757454e-07
3.579364045e-07
3.710501444e-07
3.853842834e-07
4.072840846e-07
4.340309406e-07
4.748122357e-07
5.322415443e-07
6.265671151e-07
7.875458773e-07
1.119340339e-06
0.01080186771
0.01803158254
0.005228972256
0.0006512479078
9.014714459e-05
2.743291386e-06
6.287208972e-07
5.492921391e-07
5.025848427e-07
4.546825038e-07
4.301568337e-07
4.133595206e-07
4.055697765e-07
4.013628575e-07
3.983179834e-07
3.966016741e-07
3.953067724e-07
3.938557621e-07
3.926850202e-07
3.909900512e-07
3.88606286e-07
3.856119695e-07
3.820724568e-07
3.762917061e-07
3.682589565e-07
3.574249521e-07
3.434989261e-07
3.314689933e-07
3.256330826e-07
3.228524877e-07
3.21904058e-07
3.222365242e-07
3.241191015e-07
3.268976399e-07
3.303476801e-07
3.346570328e-07
3.402216095e-07
3.483478815e-07
3.567385437e-07
3.687105406e-07
3.831791686e-07
4.043127689e-07
4.306073782e-07
4.713096957e-07
5.274564259e-07
6.209193827e-07
7.810243686e-07
1.113277814e-06
0.01064045013
0.01860915614
0.009801277743
0.001818226949
0.0002172653067
3.050160123e-05
3.920118099e-06
9.833140681e-07
5.693337697e-07
4.893935148e-07
4.474099125e-07
4.276292196e-07
4.138071599e-07
4.06756435e-07
4.038141787e-07
4.005687006e-07
3.983891505e-07
3.968725402e-07
3.950588919e-07
3.931601873e-07
3.918533316e-07
3.895337826e-07
3.856491863e-07
3.797995275e-07
3.721525884e-07
3.61636419e-07
3.463451348e-07
3.326234044e-07
3.257938766e-07
3.225675847e-07
3.214883848e-07
3.214906071e-07
3.234261126e-07
3.25631254e-07
3.290347366e-07
3.339704202e-07
3.392982743e-07
3.460960587e-07
3.542006203e-07
3.667889056e-07
3.805910209e-07
4.012526575e-07
4.27148277e-07
4.65995495e-07
5.214671905e-07
6.134656061e-07
7.718636913e-07
1.104745042e-06
0.01036732148
0.01731408877
0.01296856092
0.005482275564
0.0008723157215
9.322155255e-05
1.564859019e-05
2.498324071e-06
7.514671948e-07
5.659335367e-07
4.762501383e-07
4.392396649e-07
4.232542442e-07
4.140922208e-07
4.07840305e-07
4.050932965e-07
4.029686551e-07
4.011213006e-07
4.000486152e-07
3.986203227e-07
3.963946588e-07
3.93778234e-07
3.906548098e-07
3.851150622e-07
3.77028068e-07
3.653401648e-07
3.488510065e-07
3.332633618e-07
3.258454514e-07
3.223136999e-07
3.209326666e-07
3.206321842e-07
3.222568435e-07
3.246203644e-07
3.281661281e-07
3.318079645e-07
3.366858632e-07
3.441686351e-07
3.52536209e-07
3.63446871e-07
3.766586205e-07
3.964492429e-07
4.208092205e-07
4.592970984e-07
5.131000489e-07
6.027139784e-07
7.5901931e-07
1.09256938e-06
0.009259408853
0.01448803303
0.0129254922
0.009064394822
0.003250186921
0.0005405115469
3.722438478e-05
1.057333637e-05
2.431409504e-06
8.027244674e-07
5.566788088e-07
4.68175732e-07
4.357690639e-07
4.215959921e-07
4.166152198e-07
4.112296088e-07
4.080364885e-07
4.059777954e-07
4.03769663e-07
4.018754224e-07
4.011796913e-07
3.99461297e-07
3.960697913e-07
3.906062138e-07
3.831018142e-07
3.719757774e-07
3.532324425e-07
3.352745119e-07
3.263319859e-07
3.219356476e-07
3.200581246e-07
3.195524532e-07
3.21196038e-07
3.230514501e-07
3.257196624e-07
3.300147361e-07
3.353249934e-07
3.414882986e-07
3.481498567e-07
3.591948214e-07
3.720144435e-07
3.905317945e-07
4.145965942e-07
4.504394457e-07
5.016952538e-07
5.88333207e-07
7.411204668e-07
1.074970926e-06
0.00774719547
0.01200216991
0.01175360303
0.01038382197
0.006919343692
0.002204960205
0.0005986628533
3.627166343e-05
1.144516227e-05
2.755517771e-06
5.535365713e-07
5.537160783e-07
4.773805835e-07
4.462064781e-07
4.267038837e-07
4.204341429e-07
4.158305609e-07
4.127730334e-07
4.114460816e-07
4.100184797e-07
4.076676215e-07
4.057327005e-07
4.035175025e-07
3.987076414e-07
3.909779267e-07
3.787616582e-07
3.576659397e-07
3.365155366e-07
3.264274432e-07
3.213764033e-07
3.191367813e-07
3.184681608e-07
3.194248572e-07
3.209214505e-07
3.242377026e-07
3.274873924e-07
3.310326964e-07
3.368751292e-07
3.44551427e-07
3.542658219e-07
3.653165639e-07
3.826555909e-07
4.036892675e-07
4.373948446e-07
4.859324643e-07
5.678187754e-07
7.153495997e-07
1.048532087e-06
0.006253895595
0.009993535
0.01051454269
0.01023832785
0.008986996855
0.005697353353
0.001592093727
0.0005198458526
6.663252485e-05
1.522472237e-05
4.452917293e-06
1.288893871e-06
5.390800299e-07
4.591622964e-07
4.411047935e-07
4.305261187e-07
4.249762888e-07
4.205972776e-07
4.170617667e-07
4.147673081e-07
4.145478738e-07
4.133560213e-07
4.109040667e-07
4.065549522e-07
3.999895001e-07
3.889929515e-07
3.645150291e-07
3.398156137e-07
3.273569789e-07
3.2105465e-07
3.18100144e-07
3.169626426e-07
3.177022333e-07
3.191025987e-07
3.21081571e-07
3.238242255e-07
3.283703278e-07
3.337228287e-07
3.389257554e-07
3.471851116e-07
3.577410159e-07
3.728224332e-07
3.928191326e-07
4.234691284e-07
4.670611163e-07
5.42673005e-07
6.822703324e-07
1.012466643e-06
0.00496011924
0.008335052379
0.009174080886
0.009670503327
0.009353103186
0.007995738128
0.004440369817
0.001188324211
0.0003526731383
5.042035578e-05
1.19978042e-05
3.355480078e-06
1.228087162e-06
6.224940234e-07
4.840780421e-07
4.512248072e-07
4.345952776e-07
4.292811679e-07
4.261633085e-07
4.23775258e-07
4.210632586e-07
4.200288605e-07
4.187800536e-07
4.151274149e-07
4.085928192e-07
3.975315617e-07
3.703598608e-07
3.419582337e-07
3.279437205e-07
3.207796236e-07
3.171866408e-07
3.159528638e-07
3.160545738e-07
3.167373918e-07
3.189931152e-07
3.215485301e-07
3.244032898e-07
3.283240684e-07
3.338746603e-07
3.416680971e-07
3.502345373e-07
3.639518826e-07
3.807790436e-07
4.077356633e-07
4.472843442e-07
5.164166545e-07
6.470590456e-07
9.703823711e-07
4.246692207e-07
4.215659069e-07
4.161539415e-07
4.065275107e-07
3.76362226e-07
3.453450494e-07
3.291246858e-07
3.207624563e-07
3.166344265e-07
3.148604941e-07
3.146670981e-07
3.153611995e-07
3.167878817e-07
3.185675816e-07
3.217339311e-07
3.257434511e-07
3.29834226e-07
3.360336377e-07
3.439926881e-07
3.558491755e-07
3.713388784e-07
3.960027746e-07
4.313520177e-07
4.942822439e-07
6.152979716e-07
9.300211163e-07
4.131340207e-07
3.812228092e-07
3.474036362e-07
3.298327048e-07
3.207673038e-07
3.160787708e-07
3.141725004e-07
3.136303022e-07
3.137620763e-07
3.152249829e-07
3.169969199e-07
3.191891794e-07
3.22052309e-07
3.260582798e-07
3.320883732e-07
3.387073775e-07
3.495704893e-07
3.629475341e-07
3.847735712e-07
4.168550245e-07
4.744362039e-07
5.86867242e-07
8.875493542e-07
3.500448939e-07
3.308080385e-07
3.208743064e-07
3.157933734e-07
3.13437472e-07
3.127036163e-07
3.128301218e-07
3.137832507e-07
3.149724457e-07
3.172519476e-07
3.202360028e-07
3.233864009e-07
3.28261281e-07
3.344049798e-07
3.439928873e-07
3.563356669e-07
3.76610093e-07
4.057486269e-07
4.58654883e-07
5.628107312e-07
8.519500126e-07
3.314536298e-07
3.209743653e-07
3.154920224e-07
3.130008145e-07
3.120389712e-07
3.117792061e-07
3.127156327e-07
3.139144535e-07
3.155838264e-07
3.177763527e-07
3.207834982e-07
3.255740569e-07
3.308204489e-07
3.397313927e-07
3.506732482e-07
3.689744108e-07
3.957802419e-07
4.447530803e-07
5.413850576e-07
7.960682338e-07
3.211220851e-07
3.153476658e-07
3.125521085e-07
3.114363779e-07
3.111715174e-07
3.117754842e-07
3.125749791e-07
3.142711486e-07
3.165531964e-07
3.190182342e-07
3.230229683e-07
3.279386179e-07
3.359953952e-07
3.462193702e-07
3.634934841e-07
3.883148961e-07
4.339987151e-07
5.240832209e-07
7.733625332e-07
3.151853777e-07
3.122867466e-07
3.11017321e-07
3.1048989e-07
3.110719967e-07
3.118768338e-07
3.131741492e-07
3.149264197e-07
3.172778459e-07
3.212311585e-07
3.255443597e-07
3.331507233e-07
3.4244497e-07
3.583882983e-07
3.816222702e-07
4.245793313e-07
5.09149067e-07
7.294450835e-07
3.120073352e-07
3.106320132e-07
3.10097941e-07
3.104563344e-07
3.109946199e-07
3.123024225e-07
3.141154954e-07
3.161079925e-07
3.195365982e-07
3.236294116e-07
3.306669373e-07
3.39480086e-07
3.547491023e-07
3.766647335e-07
4.173973266e-07
4.973089375e-07
7.104443138e-07
3.103647453e-07
3.096560245e-07
3.09995281e-07
3.105352746e-07
3.115771099e-07
3.130375033e-07
3.149531475e-07
3.183471913e-07
3.220350956e-07
3.287748682e-07
3.369692582e-07
3.513491204e-07
3.722031882e-07
4.11097515e-07
4.872407188e-07
6.904975606e-07
3.101169267e-07
3.094018341e-07
3.095900751e-07
3.099524653e-07
3.109999549e-07
3.125009272e-07
3.141753653e-07
3.172198828e-07
3.207627539e-07
3.271236305e-07
3.349989174e-07
3.489358855e-07
3.689169616e-07
4.06328788e-07
4.793403757e-07
6.756258246e-07
3.091118411e-07
3.092875691e-07
3.096498225e-07
3.105178543e-07
3.117841839e-07
3.13407704e-07
3.164289982e-07
3.197002549e-07
3.258641894e-07
3.333264968e-07
3.466705003e-07
3.659449515e-07
4.021295014e-07
4.72615987e-07
6.628694834e-07
3.089448673e-07
3.090192845e-07
3.092628993e-07
3.101354213e-07
3.114283662e-07
3.128903565e-07
3.156776887e-07
3.188533923e-07
3.247643063e-07
3.320152365e-07
3.450672797e-07
3.637628068e-07
3.989625352e-07
4.673583493e-07
6.520226644e-07
3.088197058e-07
3.090640198e-07
3.09812774e-07
3.109506042e-07
3.12377704e-07
3.151502295e-07
3.181442018e-07
3.239244949e-07
3.308992695e-07
3.435556465e-07
3.617807501e-07
3.961627196e-07
4.628718459e-07
6.431755144e-07
3.086411418e-07
3.088051127e-07
3.095594796e-07
3.1071396e-07
3.120335905e-07
3.146488154e-07
3.175796145e-07
3.231903511e-07
3.300249133e-07
3.424879924e-07
3.60328157e-07
3.940553375e-07
4.593733609e-07
6.360569147e-07
3.08499475e-07
3.086633482e-07
3.093267092e-07
3.103695375e-07
3.116624109e-07
3.142673965e-07
3.170660143e-07
3.225821109e-07
3.292158002e-07
3.413913878e-07
3.58890362e-07
3.920244693e-07
4.561207322e-07
6.292190315e-07
3.083495919e-07
3.084440138e-07
3.091118955e-07
3.101675289e-07
3.113671782e-07
3.138347061e-07
3.165777156e-07
3.219446111e-07
3.284557033e-07
3.404623769e-07
3.576247786e-07
3.901867248e-07
4.530675201e-07
6.225000903e-07
3.08311605e-07
3.088901449e-07
3.098378019e-07
3.110096729e-07
3.134663544e-07
3.160788519e-07
3.213525672e-07
3.276657959e-07
3.393892816e-07
3.562160323e-07
3.88194926e-07
4.498763483e-07
6.15895625e-07
3.08100942e-07
3.086833599e-07
3.096420199e-07
3.107210918e-07
3.13042097e-07
3.155990855e-07
3.207238709e-07
3.269153084e-07
3.384710957e-07
3.549637668e-07
3.863752891e-07
4.468521582e-07
6.094021702e-07
3.079742329e-07
3.08467177e-07
3.09319736e-07
3.103714154e-07
3.126804221e-07
3.151065075e-07
3.201387092e-07
3.26132974e-07
3.374066567e-07
3.535657205e-07
3.84398109e-07
4.436858739e-07
6.03015831e-07
3.082660226e-07
3.09128377e-07
3.100864393e-07
3.122618037e-07
3.146328011e-07
3.195166466e-07
3.253900069e-07
3.36497397e-07
3.523250208e-07
3.825952344e-07
4.406906322e-07
5.967339917e-07
3.080534466e-07
3.08811165e-07
3.097431301e-07
3.119051225e-07
3.141448099e-07
3.189366707e-07
3.246134386e-07
3.35439893e-07
3.509362342e-07
3.806317671e-07
4.37549802e-07
5.905532618e-07
3.078563836e-07
3.086230843e-07
3.094606693e-07
3.11490548e-07
3.136755106e-07
3.18319916e-07
3.238767524e-07
3.34538564e-07
3.497063101e-07
3.788454844e-07
4.345851368e-07
5.844713052e-07
3.083094498e-07
3.091215068e-07
3.111374233e-07
3.131911923e-07
3.177440995e-07
3.231047987e-07
3.334869765e-07
3.483260074e-07
3.768954991e-07
4.314709734e-07
5.784847615e-07
3.081239019e-07
3.08842043e-07
3.107260184e-07
3.127252453e-07
3.171317369e-07
3.223736195e-07
3.325930018e-07
3.471063949e-07
3.751258093e-07
4.285381644e-07
5.725916278e-07
3.078128774e-07
3.085051531e-07
3.103755694e-07
3.122440871e-07
3.165594892e-07
3.216055483e-07
3.315467126e-07
3.457341377e-07
3.731893206e-07
4.25451813e-07
5.66788795e-07
3.082281225e-07
3.099661254e-07
3.117809049e-07
3.15950852e-07
3.20879478e-07
3.306598817e-07
3.445247712e-07
3.714367116e-07
4.225528333e-07
5.610746011e-07
3.078953552e-07
3.096183576e-07
3.113025864e-07
3.153818969e-07
3.201148915e-07
3.296186069e-07
3.431604968e-07
3.695142061e-07
4.194961588e-07
5.554458458e-07
3.092136902e-07
3.108464808e-07
3.147825691e-07
3.19400998e-07
3.287477158e-07
3.419735121e-07
3.677966906e-07
4.166616384e-07
5.500204632e-07
3.103808268e-07
3.142290057e-07
3.186565002e-07
3.277347394e-07
3.406492338e-07
3.659364202e-07
4.137198954e-07
5.446894948e-07
3.099325586e-07
3.136402476e-07
3.179574384e-07
3.268845669e-07
3.394934855e-07
3.642720202e-07
4.109940721e-07
5.394514539e-07
3.130909546e-07
3.172185815e-07
3.258807334e-07
3.381853575e-07
3.624428951e-07
4.081246633e-07
5.343030132e-07
3.165271355e-07
3.250422685e-07
3.370483401e-07
3.608130145e-07
4.054753704e-07
5.292424338e-07
3.357548969e-07
3.590125601e-07
4.026734484e-07
5.242669199e-07
3.57416206e-07
4.00097959e-07
5.193754184e-07
3.54265108e-07
3.635151352e-07
3.772785641e-07
3.932884386e-07
4.163785971e-07
4.459165312e-07
4.889444835e-07
5.505503184e-07
6.479246852e-07
8.134741097e-07
1.141035733e-06
3.234949906e-07
3.234354912e-07
3.25455184e-07
3.270728517e-07
3.30843872e-07
3.341219468e-07
3.399073246e-07
3.454363968e-07
3.542206892e-07
3.634628637e-07
3.772505978e-07
3.932429676e-07
4.16307161e-07
4.457983297e-07
4.888879642e-07
5.50410776e-07
6.477178545e-07
8.133083416e-07
1.140870312e-06
3.386121591e-07
3.309886554e-07
3.264836728e-07
3.242931073e-07
3.235005409e-07
3.234340298e-07
3.254398608e-07
3.270486453e-07
3.308254649e-07
3.341043704e-07
3.398875842e-07
3.454134084e-07
3.541961911e-07
3.634176976e-07
3.771929982e-07
3.931529974e-07
4.16262435e-07
4.457325497e-07
4.887471931e-07
5.502343436e-07
6.476220527e-07
8.130289442e-07
1.140700403e-06
3.56543113e-07
3.516502519e-07
3.455231769e-07
3.386911104e-07
3.310401159e-07
3.265138989e-07
3.243069838e-07
3.235037641e-07
3.234322672e-07
3.254218958e-07
3.270379199e-07
3.308053929e-07
3.340668651e-07
3.398462479e-07
3.453650558e-07
3.541441032e-07
3.633594598e-07
3.771590934e-07
3.931097245e-07
4.161897794e-07
4.455898137e-07
4.886851784e-07
5.501046774e-07
6.473593146e-07
8.128113469e-07
1.140508175e-06
3.681990003e-07
3.648579441e-07
3.611901901e-07
3.565964159e-07
3.5169879e-07
3.45596416e-07
3.387264751e-07
3.310799663e-07
3.265373112e-07
3.243181842e-07
3.235072828e-07
3.234305292e-07
3.254063965e-07
3.270132467e-07
3.307812444e-07
3.340509662e-07
3.398279334e-07
3.453437962e-07
3.541199868e-07
3.633186552e-07
3.771015125e-07
3.930086611e-07
4.161153078e-07
4.455220813e-07
4.88517358e-07
5.498716619e-07
6.472446082e-07
8.125146197e-07
1.140279379e-06
3.733971807e-07
3.70932137e-07
3.682173863e-07
3.64894697e-07
3.612283881e-07
3.566300163e-07
3.517834529e-07
3.45622476e-07
3.388024223e-07
3.311219168e-07
3.265630899e-07
3.243300686e-07
3.235079898e-07
3.234251953e-07
3.253849077e-07
3.270045611e-07
3.307636078e-07
3.340102893e-07
3.397825646e-07
3.452913265e-07
3.540607012e-07
3.632538945e-07
3.770507576e-07
3.929643133e-07
4.160487726e-07
4.453555969e-07
4.884328333e-07
5.49752166e-07
6.46945846e-07
8.122355781e-07
1.140048469e-06
3.775616363e-07
3.755784657e-07
3.734179837e-07
3.709515202e-07
3.682614486e-07
3.649179325e-07
3.612697369e-07
3.567000583e-07
3.51829293e-07
3.457060453e-07
3.388401917e-07
3.311602136e-07
3.265854457e-07
3.24338983e-07
3.2350805e-07
3.234221435e-07
3.253696373e-07
3.26977578e-07
3.307327396e-07
3.339933297e-07
3.39764787e-07
3.452699893e-07
3.540361076e-07
3.6321343e-07
3.76997182e-07
3.928576186e-07
4.159434905e-07
4.452841932e-07
4.882632229e-07
5.494656461e-07
6.467815497e-07
8.119221935e-07
1.139762117e-06
3.831625081e-07
3.811988468e-07
3.794762901e-07
3.775709706e-07
3.755992159e-07
3.734300099e-07
3.709906147e-07
3.682827226e-07
3.649633339e-07
3.613200041e-07
3.567434995e-07
3.519281146e-07
3.457394419e-07
3.389281285e-07
3.312077121e-07
3.266131801e-07
3.243503296e-07
3.235065445e-07
3.234125116e-07
3.253435016e-07
3.26968623e-07
3.307172328e-07
3.339521897e-07
3.397145606e-07
3.452114096e-07
3.53969626e-07
3.631419604e-07
3.769301229e-07
3.927981886e-07
4.158816518e-07
4.450932721e-07
4.881239857e-07
5.493439642e-07
6.464680357e-07
8.115828501e-07
1.139486312e-06
3.875786061e-07
3.851154416e-07
3.831606749e-07
3.812080887e-07
3.794994779e-07
3.775749693e-07
3.756230629e-07
3.734625727e-07
3.710134138e-07
3.68341105e-07
3.649951874e-07
3.613699388e-07
3.568425331e-07
3.519763558e-07
3.458443379e-07
3.389777082e-07
3.312582458e-07
3.266408016e-07
3.243597829e-07
3.235053261e-07
3.234081189e-07
3.253284533e-07
3.26939486e-07
3.306790198e-07
3.339258453e-07
3.396965445e-07
3.451885892e-07
3.539436699e-07
3.630989091e-07
3.768772382e-07
3.926920137e-07
4.157467021e-07
4.450169216e-07
4.879686003e-07
5.490181727e-07
6.462460994e-07
8.112480966e-07
1.139151879e-06
4.030488019e-07
3.95517073e-07
3.909314929e-07
3.875794794e-07
3.851246192e-07
3.831618611e-07
3.812171128e-07
3.795139997e-07
3.775919557e-07
3.756556333e-07
3.734818578e-07
3.710729624e-07
3.683686577e-07
3.650553108e-07
3.614434389e-07
3.56898149e-07
3.520978534e-07
3.458900406e-07
3.390889169e-07
3.313224619e-07
3.266754951e-07
3.243724924e-07
3.235023984e-07
3.233954316e-07
3.252964533e-07
3.269272816e-07
3.306634893e-07
3.338870705e-07
3.396405752e-07
3.451220193e-07
3.538691031e-07
3.630198333e-07
3.767951426e-07
3.926116595e-07
4.15686703e-07
4.448069348e-07
4.877725892e-07
5.488786263e-07
6.459237743e-07
8.108539021e-07
1.138832747e-06
5.563904449e-07
4.49444433e-07
4.165776923e-07
4.030648278e-07
3.95529516e-07
3.909435411e-07
3.875835832e-07
3.851508905e-07
3.831624393e-07
3.812285091e-07
3.79547516e-07
3.775997235e-07
3.756862232e-07
3.735339821e-07
3.711049057e-07
3.684470273e-07
3.651068088e-07
3.615051751e-07
3.570376025e-07
3.521530818e-07
3.460283016e-07
3.391635079e-07
3.313934687e-07
3.267110844e-07
3.243843031e-07
3.234999157e-07
3.233881405e-07
3.252810728e-07
3.268980872e-07
3.306174365e-07
3.338489216e-07
3.39621517e-07
3.450965859e-07
3.538411388e-07
3.629719037e-07
3.767390962e-07
3.925074121e-07
4.155241073e-07
4.447111276e-07
4.876292902e-07
5.485259773e-07
6.456405837e-07
8.104905374e-07
1.138451364e-06
0.01135391919
0.0009593208299
3.371334968e-05
1.069485028e-06
5.555591794e-07
4.493129136e-07
4.165850318e-07
4.030983542e-07
3.955581942e-07
3.909580898e-07
3.875851737e-07
3.851598458e-07
3.831688258e-07
3.812466198e-07
3.795637529e-07
3.77631246e-07
3.757391277e-07
3.735619891e-07
3.711934119e-07
3.684834917e-07
3.651869355e-07
3.616193901e-07
3.571088341e-07
3.523065302e-07
3.460924426e-07
3.393120632e-07
3.314813223e-07
3.26754663e-07
3.244000053e-07
3.234958529e-07
3.233738276e-07
3.252418751e-07
3.268761362e-07
3.30599376e-07
3.338121779e-07
3.395577638e-07
3.450193658e-07
3.537566668e-07
3.628830318e-07
3.766427547e-07
3.924014227e-07
4.154603752e-07
4.444978855e-07
4.873790407e-07
5.483548271e-07
6.453100186e-07
8.100472381e-07
1.138087799e-06
0.01161536409
0.0009776929081
3.457780943e-05
1.07081695e-06
5.546831162e-07
4.491828142e-07
4.166249041e-07
4.03121762e-07
3.955701432e-07
3.909710714e-07
3.875906533e-07
3.851947876e-07
3.831671828e-07
3.812621433e-07
3.796103017e-07
3.776451124e-07
3.757786505e-07
3.736434557e-07
3.712402375e-07
3.685942218e-07
3.652794927e-07
3.616985409e-07
3.573016045e-07
3.52377773e-07
3.462855315e-07
3.394320377e-07
3.315787763e-07
3.26802212e-07
3.244146628e-07
3.234907239e-07
3.233615993e-07
3.252232266e-07
3.268477004e-07
3.305433364e-07
3.337585086e-07
3.395364542e-07
3.44989701e-07
3.537256253e-07
3.628280399e-07
3.765793573e-07
3.922987029e-07
4.152740303e-07
4.443591323e-07
4.872402341e-07
5.479848397e-07
6.449662292e-07
8.096487393e-07
1.137657857e-06
0.01194493959
0.0009953359865
3.538070912e-05
1.078403009e-06
5.538152865e-07
4.490490156e-07
4.166286962e-07
4.031721781e-07
3.956157324e-07
3.909889411e-07
3.875877089e-07
3.852033129e-07
3.831839506e-07
3.813015549e-07
3.79627534e-07
3.776953566e-07
3.758674897e-07
3.736852316e-07
3.713743431e-07
3.686425579e-07
3.653838755e-07
3.618773483e-07
3.573960691e-07
3.525822859e-07
3.463779932e-07
3.396289779e-07
3.316973054e-07
3.268612911e-07
3.244334841e-07
3.234855107e-07
3.233456796e-07
3.251757574e-07
3.268108223e-07
3.305211551e-07
3.337235442e-07
3.394667447e-07
3.448971954e-07
3.536286002e-07
3.627254106e-07
3.764683834e-07
3.921626443e-07
4.151979473e-07
4.441519716e-07
4.869423828e-07
5.477706733e-07
6.446233703e-07
8.091592195e-07
1.137242532e-06
0.01236717784
0.001033455242
3.687323944e-05
1.078002131e-06
5.52993864e-07
4.489722533e-07
4.167362083e-07
4.03209504e-07
3.956191452e-07
3.910017226e-07
3.876160649e-07
3.852561416e-07
3.831812867e-07
3.813243377e-07
3.796965901e-07
3.777383629e-07
3.759218474e-07
3.738125275e-07
3.714418216e-07
3.688049121e-07
3.65557557e-07
3.619863016e-07
3.576595284e-07
3.526794639e-07
3.466501783e-07
3.398252231e-07
3.318329326e-07
3.269258605e-07
3.24450299e-07
3.234756902e-07
3.233246626e-07
3.251486248e-07
3.267822004e-07
3.304519548e-07
3.336490218e-07
3.394305317e-07
3.448608644e-07
3.535919993e-07
3.626604534e-07
3.763925529e-07
3.920585795e-07
4.14992254e-07
4.439634627e-07
4.86796404e-07
5.473874853e-07
6.442195461e-07
8.087153311e-07
1.136751886e-06
0.01290728109
0.00107136033
3.853759695e-05
1.094845004e-06
5.523488366e-07
4.488753998e-07
4.167344802e-07
4.032850983e-07
3.95697971e-07
3.910409077e-07
3.876160596e-07
3.852630217e-07
3.832208815e-07
3.814017954e-07
3.797168045e-07
3.778056279e-07
3.760672409e-07
3.738741112e-07
3.716448807e-07
3.6887817e-07
3.656902526e-07
3.622543818e-07
3.577861205e-07
3.52982453e-07
3.468196842e-07
3.400770089e-07
3.319954697e-07
3.270010068e-07
3.244717197e-07
3.234682899e-07
3.233070141e-07
3.250911145e-07
3.267234131e-07
3.304196758e-07
3.336130711e-07
3.393595093e-07
3.447467409e-07
3.53478053e-07
3.62537697e-07
3.762647788e-07
3.918875361e-07
4.148916334e-07
4.437600538e-07
4.864564757e-07
5.471205592e-07
6.438566916e-07
8.081784823e-07
1.136276128e-06
0.01360490508
0.001138661113
3.867220081e-05
1.092067264e-06
5.519077911e-07
4.490473644e-07
4.170293327e-07
4.033802687e-07
3.956960099e-07
3.910379489e-07
3.876693273e-07
3.853520764e-07
3.832340546e-07
3.814363466e-07
3.798336917e-07
3.779159198e-07
3.761534095e-07
3.740769078e-07
3.717432261e-07
3.690982879e-07
3.66011007e-07
3.624162359e-07
3.581529286e-07
3.531234144e-07
3.471722782e-07
3.403972588e-07
3.321719242e-07
3.270813612e-07
3.244892085e-07
3.234506545e-07
3.232718935e-07
3.25043741e-07
3.266926112e-07
3.303401443e-07
3.33512163e-07
3.392948753e-07
3.446999966e-07
3.534325183e-07
3.624588829e-07
3.761703085e-07
3.917765412e-07
4.146700922e-07
4.435162169e-07
4.862905698e-07
5.467245618e-07
6.433939465e-07
8.076805518e-07
1.135715057e-06
0.01448534158
0.001210646486
4.207165925e-05
1.124023234e-06
5.522988275e-07
4.492273379e-07
4.171215425e-07
4.035252619e-07
3.958792929e-07
3.911587838e-07
3.877201013e-07
3.853529984e-07
3.832957283e-07
3.815833104e-07
3.798591251e-07
3.780078565e-07
3.763803953e-07
3.741661625e-07
3.72027057e-07
3.693057419e-07
3.661836901e-07
3.627892531e-07
3.583410613e-07
3.53625893e-07
3.475303416e-07
3.406930512e-07
3.323909478e-07
3.271709468e-07
3.245109581e-07
3.234380729e-07
3.23249783e-07
3.249751324e-07
3.266053063e-07
3.302741905e-07
3.334666297e-07
3.392246398e-07
3.445612035e-07
3.532941134e-07
3.623065537e-07
3.760212362e-07
3.915647122e-07
4.145321533e-07
4.433103183e-07
4.859123131e-07
5.463959782e-07
6.430011239e-07
8.07092277e-07
1.135171359e-06
0.01549374179
0.00133497459
4.211741955e-05
1.11381903e-06
5.525091706e-07
4.497571782e-07
4.176324619e-07
4.037687609e-07
3.958928056e-07
3.911227947e-07
3.878064364e-07
3.855224384e-07
3.833659249e-07
3.816405278e-07
3.80051605e-07
3.78250205e-07
3.765242831e-07
3.745021833e-07
3.722526934e-07
3.695696976e-07
3.667163392e-07
3.630524636e-07
3.589073337e-07
3.538263349e-07
3.479068935e-07
3.411412305e-07
3.326122924e-07
3.272633522e-07
3.245230578e-07
3.234048104e-07
3.231914462e-07
3.24889184e-07
3.265643276e-07
3.301886053e-07
3.333326927e-07
3.391174468e-07
3.444869311e-07
3.532343958e-07
3.622091046e-07
3.759006707e-07
3.914383591e-07
4.142960548e-07
4.430058564e-07
4.857119582e-07
5.459835076e-07
6.424785065e-07
8.065305188e-07
1.134530165e-06
0.01670565556
0.001465909819
4.96798308e-05
1.187364736e-06
5.547024034e-07
4.508295143e-07
4.182165966e-07
4.041010444e-07
3.962597273e-07
3.914756701e-07
3.879756352e-07
3.85519484e-07
3.834761689e-07
3.818893346e-07
3.801162447e-07
3.783900159e-07
3.768698859e-07
3.746349831e-07
3.725910008e-07
3.700296511e-07
3.669524353e-07
3.635660264e-07
3.591853145e-07
3.544952654e-07
3.485773807e-07
3.415242372e-07
3.328664918e-07
3.27356053e-07
3.245361034e-07
3.233800765e-07
3.231569109e-07
3.248099467e-07
3.264386204e-07
3.300672988e-07
3.332750292e-07
3.390463088e-07
3.443296227e-07
3.530618734e-07
3.620159098e-07
3.757238161e-07
3.911805419e-07
4.141065517e-07
4.42788171e-07
4.852981809e-07
5.455852921e-07
6.420445158e-07
8.058854713e-07
1.133925352e-06
0.01788870387
0.001697038023
5.161027908e-05
1.183514905e-06
5.589819199e-07
4.525135271e-07
4.191208523e-07
4.047103498e-07
3.964713292e-07
3.914672502e-07
3.880884062e-07
3.858683775e-07
3.836715158e-07
3.820005059e-07
3.804336549e-07
3.788427684e-07
3.770931232e-07
3.750999672e-07
3.731252312e-07
3.70343341e-07
3.677499386e-07
3.640106195e-07
3.601151605e-07
3.550435355e-07
3.489803125e-07
3.419274862e-07
3.331485328e-07
3.274482804e-07
3.245335372e-07
3.233243423e-07
3.230695186e-07
3.246617326e-07
3.263866145e-07
3.299819478e-07
3.331172196e-07
3.388831635e-07
3.442021386e-07
3.529832851e-07
3.618960029e-07
3.755708023e-07
3.910291273e-07
4.138578617e-07
4.424216888e-07
4.850491299e-07
5.451520202e-07
6.414628975e-07
8.052578471e-07
1.133221635e-06
0.01977121957
0.001934881136
7.028115442e-05
1.321194216e-06
5.654573002e-07
4.555898263e-07
4.207994495e-07
4.054422266e-07
3.970941085e-07
3.921105607e-07
3.885468334e-07
3.858807081e-07
3.838582423e-07
3.824276739e-07
3.806805137e-07
3.790470962e-07
3.77552964e-07
3.755279358e-07
3.734732603e-07
3.711049962e-07
3.680933601e-07
3.647636283e-07
3.604983378e-07
3.556457916e-07
3.498029395e-07
3.424850457e-07
3.334595987e-07
3.275298022e-07
3.245192714e-07
3.232647911e-07
3.230000662e-07
3.245753809e-07
3.262492905e-07
3.297896008e-07
3.330111654e-07
3.387978404e-07
3.440396794e-07
3.52776194e-07
3.616548358e-07
3.753609425e-07
3.907266434e-07
4.136055306e-07
4.42182345e-07
4.84605489e-07
5.446816132e-07
6.409802504e-07
8.045593981e-07
1.132602639e-06
0.02177104545
0.002411043829
7.800171172e-05
1.46304634e-06
5.794047381e-07
4.607576491e-07
4.233392947e-07
4.073347102e-07
3.980691908e-07
3.924150229e-07
3.887053107e-07
3.865420565e-07
3.843355231e-07
3.826491192e-07
3.81102531e-07
3.797839379e-07
3.780424959e-07
3.760388552e-07
3.743694842e-07
3.715886367e-07
3.692189112e-07
3.654723519e-07
3.618329522e-07
3.567138685e-07
3.504652177e-07
3.428561071e-07
3.336654951e-07
3.276024159e-07
3.245021283e-07
3.231958686e-07
3.22895873e-07
3.243664596e-07
3.261266657e-07
3.296873655e-07
3.328606198e-07
3.385842488e-07
3.438494601e-07
3.526647976e-07
3.615108202e-07
3.751747309e-07
3.905427559e-07
4.13348203e-07
4.417624664e-07
4.842974473e-07
5.44224957e-07
6.403453682e-07
8.038775378e-07
1.13189163e-06
0.02340678201
0.002880702736
0.000127039683
1.748351803e-06
5.977986943e-07
4.677501908e-07
4.266534541e-07
4.082069714e-07
3.988009071e-07
3.933894283e-07
3.897721648e-07
3.866370231e-07
3.846095152e-07
3.833034706e-07
3.816971054e-07
3.800698789e-07
3.785190359e-07
3.768565299e-07
3.748730721e-07
3.726264008e-07
3.697285284e-07
3.665323632e-07
3.623378311e-07
3.5722329e-07
3.511788511e-07
3.434695524e-07
3.340689323e-07
3.276798011e-07
3.24461185e-07
3.230801579e-07
3.227671098e-07
3.242584068e-07
3.260098043e-07
3.294437041e-07
3.326823012e-07
3.384665828e-07
3.436846291e-07
3.524089536e-07
3.612125229e-07
3.749173254e-07
3.901759362e-07
4.130083954e-07
4.414712517e-07
4.837924632e-07
5.436388809e-07
6.397601745e-07
8.030646648e-07
1.131270918e-06
0.02481460434
0.003706587668
0.0001546208918
2.739595483e-06
6.339753652e-07
4.827576637e-07
4.337929349e-07
4.141647508e-07
4.021325132e-07
3.94775936e-07
3.9009641e-07
3.876512493e-07
3.855895958e-07
3.838305641e-07
3.821938016e-07
3.811226809e-07
3.794555284e-07
3.775754196e-07
3.760406268e-07
3.733554653e-07
3.712511363e-07
3.67529283e-07
3.638250381e-07
3.587477495e-07
3.522574734e-07
3.44058929e-07
3.341613315e-07
3.277243647e-07
3.244174058e-07
3.230026017e-07
3.226633812e-07
3.240241443e-07
3.257986574e-07
3.292967115e-07
3.325391517e-07
3.381720571e-07
3.434041846e-07
3.522574872e-07
3.610217475e-07
3.746525752e-07
3.899253489e-07
4.126797787e-07
4.408891796e-07
4.833111305e-07
5.430128563e-07
6.388655478e-07
8.021371695e-07
1.130667335e-06
0.02477231957
0.004355567258
0.0002766074073
5.24264031e-06
6.825641749e-07
4.98395934e-07
4.424381947e-07
4.15068744e-07
4.028865026e-07
3.958706913e-07
3.921473455e-07
3.883963272e-07
3.860116949e-07
3.846133896e-07
3.832277708e-07
3.815637235e-07
3.800431245e-07
3.786742952e-07
3.767627369e-07
3.747401339e-07
3.719374139e-07
3.688093267e-07
3.648513847e-07
3.59350758e-07
3.529113522e-07
3.446161895e-07
3.346270206e-07
3.278057477e-07
3.243548418e-07
3.228418808e-07
3.224668701e-07
3.238326025e-07
3.256792807e-07
3.290180584e-07
3.322548463e-07
3.380066483e-07
3.432232386e-07
3.5190754e-07
3.605690062e-07
3.742619572e-07
3.893860556e-07
4.120949705e-07
4.404112804e-07
4.825471856e-07
5.42034892e-07
6.379005853e-07
8.00927438e-07
1.129980283e-06
0.02360734634
0.004522163728
0.0003421140376
4.947255965e-06
6.993346157e-07
5.321959128e-07
4.554254436e-07
4.280187057e-07
4.104980173e-07
4.000568739e-07
3.933428238e-07
3.897819655e-07
3.876324079e-07
3.857539906e-07
3.839635507e-07
3.830043882e-07
3.814222419e-07
3.796452332e-07
3.782852602e-07
3.757396824e-07
3.738128747e-07
3.702620504e-07
3.663792514e-07
3.612538572e-07
3.543934303e-07
3.45622458e-07
3.348009063e-07
3.278712658e-07
3.242974616e-07
3.2274769e-07
3.223533482e-07
3.235985078e-07
3.253680951e-07
3.287415296e-07
3.320929054e-07
3.37629981e-07
3.427793258e-07
3.515897862e-07
3.603019082e-07
3.738425585e-07
3.889423238e-07
4.116060863e-07
4.394918798e-07
4.816555712e-07
5.410105738e-07
6.364337197e-07
7.994563084e-07
1.129066008e-06
0.02129985915
0.004778992557
0.0005868187042
2.695395889e-05
1.120835939e-06
5.933179709e-07
4.810801132e-07
4.341065275e-07
4.125309213e-07
4.01792948e-07
3.961968669e-07
3.914282325e-07
3.884068138e-07
3.86667738e-07
3.85476373e-07
3.836806685e-07
3.822134321e-07
3.811513151e-07
3.793108409e-07
3.77493742e-07
3.748295019e-07
3.717522556e-07
3.679728375e-07
3.620541262e-07
3.552473078e-07
3.462712369e-07
3.35346338e-07
3.280000012e-07
3.242299245e-07
3.225432144e-07
3.220872283e-07
3.232782402e-07
3.25213262e-07
3.284434174e-07
3.316505476e-07
3.372573757e-07
3.425381065e-07
3.511481931e-07
3.59557214e-07
3.731898981e-07
3.881287774e-07
4.105658808e-07
4.386147493e-07
4.804514971e-07
5.393215377e-07
6.347620508e-07
7.975462389e-07
1.127693213e-06
0.0180449739
0.005666276772
0.0008193967519
5.847604237e-05
2.191237111e-06
6.815048081e-07
5.198045959e-07
4.556122409e-07
4.275341418e-07
4.101642725e-07
3.996054107e-07
3.940188338e-07
3.90953824e-07
3.886735128e-07
3.866369821e-07
3.856091549e-07
3.841973535e-07
3.82439522e-07
3.812220834e-07
3.788479879e-07
3.770779305e-07
3.737825398e-07
3.697240501e-07
3.644315182e-07
3.572594929e-07
3.478392763e-07
3.358595643e-07
3.281681307e-07
3.241812351e-07
3.224281604e-07
3.219407556e-07
3.230363882e-07
3.247763837e-07
3.279465273e-07
3.314289505e-07
3.368209697e-07
3.41812042e-07
3.504643562e-07
3.591650228e-07
3.72531957e-07
3.872980631e-07
4.097754394e-07
4.371770672e-07
4.787733346e-07
5.375686457e-07
6.323725406e-07
7.950100379e-07
1.125673856e-06
0.0144748915
0.008326184233
0.001369124418
0.000145358101
1.106528775e-05
1.118420579e-06
5.674084349e-07
4.769866111e-07
4.363578237e-07
4.160185066e-07
4.048805216e-07
3.969714499e-07
3.925278379e-07
3.90087434e-07
3.888348166e-07
3.868285785e-07
3.852979205e-07
3.844608814e-07
3.827142881e-07
3.811439116e-07
3.786803025e-07
3.756456197e-07
3.71988746e-07
3.658227423e-07
3.586305677e-07
3.488782658e-07
3.366387288e-07
3.284006201e-07
3.241412078e-07
3.221886066e-07
3.216042117e-07
3.22519573e-07
3.245017733e-07
3.276172473e-07
3.307657597e-07
3.360526617e-07
3.414739901e-07
3.499433658e-07
3.579978686e-07
3.713502754e-07
3.860261804e-07
4.079649731e-07
4.354485803e-07
4.768147246e-07
5.347135648e-07
6.293772116e-07
7.916417398e-07
1.122670114e-06
0.01150962143
0.01161684651
0.002176499322
0.0002485316817
2.045573187e-05
2.413605826e-06
7.89222041e-07
5.248589479e-07
4.596021642e-07
4.279666246e-07
4.11221901e-07
4.021357611e-07
3.965890686e-07
3.932934475e-07
3.906538385e-07
3.894611767e-07
3.881403331e-07
3.862901732e-07
3.852470374e-07
3.830243229e-07
3.814880959e-07
3.784592643e-07
3.743232626e-07
3.688748079e-07
3.61449845e-07
3.512858666e-07
3.377519242e-07
3.28806456e-07
3.241300816e-07
3.220001984e-07
3.21357545e-07
3.222208736e-07
3.239747338e-07
3.267548337e-07
3.303056722e-07
3.355573346e-07
3.404857649e-07
3.48554242e-07
3.571536673e-07
3.703021304e-07
3.844786281e-07
4.065161287e-07
4.332525375e-07
4.737647132e-07
5.315469605e-07
6.253608117e-07
7.868733582e-07
1.118426597e-06
0.0102290103
0.01761712606
0.004701909673
0.000572612827
8.205081617e-05
3.431320036e-06
7.613414861e-07
6.112013973e-07
4.937270869e-07
4.493194206e-07
4.233569341e-07
4.075967096e-07
4.001613178e-07
3.959456762e-07
3.9413808e-07
3.915901333e-07
3.897607286e-07
3.891083571e-07
3.873892643e-07
3.861183948e-07
3.838685533e-07
3.810087759e-07
3.77550865e-07
3.713425608e-07
3.63773758e-07
3.531384495e-07
3.391211466e-07
3.292402895e-07
3.241360674e-07
3.217402916e-07
3.209548775e-07
3.214588163e-07
3.232957574e-07
3.263032573e-07
3.295052131e-07
3.340996803e-07
3.394608926e-07
3.477831452e-07
3.555999486e-07
3.681835257e-07
3.823657513e-07
4.035273972e-07
4.298318433e-07
4.703218509e-07
5.267938503e-07
6.197399049e-07
7.803915726e-07
1.112399425e-06
0.01026727309
0.01897308841
0.009057902534
0.001549340345
0.0001744353602
2.482246377e-05
3.396118218e-06
7.575607412e-07
5.651085964e-07
4.823752063e-07
4.38004959e-07
4.197812143e-07
4.071996027e-07
4.011660655e-07
3.971013647e-07
3.954662945e-07
3.939088806e-07
3.917569397e-07
3.909286272e-07
3.888230619e-07
3.876543241e-07
3.849648856e-07
3.809281097e-07
3.755286873e-07
3.678932882e-07
3.569296029e-07
3.411447862e-07
3.300143517e-07
3.241985756e-07
3.214413407e-07
3.205202586e-07
3.209292971e-07
3.227145492e-07
3.250128341e-07
3.282654696e-07
3.334091188e-07
3.383990424e-07
3.455139932e-07
3.535400617e-07
3.662758685e-07
3.796156831e-07
4.006003632e-07
4.263620142e-07
4.651223107e-07
5.20773255e-07
6.124038638e-07
7.712422259e-07
1.103915467e-06
0.0102584568
0.01782418239
0.012812715
0.004663744818
0.0008041102855
8.57861261e-05
6.399672802e-06
1.796986786e-06
6.061776083e-07
5.551981145e-07
4.658926874e-07
4.295818892e-07
4.151671151e-07
4.067406475e-07
4.03152161e-07
3.99212386e-07
3.967066214e-07
3.959817434e-07
3.940696326e-07
3.931136786e-07
3.910750916e-07
3.886414535e-07
3.856217009e-07
3.79577055e-07
3.718452364e-07
3.603027136e-07
3.433129657e-07
3.306729096e-07
3.241913088e-07
3.211043529e-07
3.200135187e-07
3.19924247e-07
3.214252042e-07
3.240915296e-07
3.274039029e-07
3.311905461e-07
3.359942202e-07
3.437628843e-07
3.514710203e-07
3.628159057e-07
3.758883645e-07
3.958457048e-07
4.200394216e-07
4.58468302e-07
5.124637614e-07
6.017032541e-07
7.584296168e-07
1.091792597e-06
0.009271844972
0.01481700359
0.01300084287
0.008564741957
0.002453254554
0.0003615682971
6.174659424e-05
8.371775781e-06
1.664787096e-06
6.16215869e-07
5.060744411e-07
4.679286069e-07
4.310557723e-07
4.15925195e-07
4.086304691e-07
4.05611435e-07
4.02841367e-07
3.999915747e-07
3.993294768e-07
3.971705544e-07
3.965645863e-07
3.94336591e-07
3.906936388e-07
3.857581711e-07
3.78174142e-07
3.664568122e-07
3.4661841e-07
3.319561586e-07
3.243629256e-07
3.206940929e-07
3.192392582e-07
3.189236419e-07
3.206076173e-07
3.225196394e-07
3.249803941e-07
3.296259951e-07
3.345970131e-07
3.407535453e-07
3.47471203e-07
3.589700771e-07
3.711378969e-07
3.89992092e-07
4.138074143e-07
4.497807511e-07
5.010343337e-07
5.874559204e-07
7.405785561e-07
1.074258927e-06
0.007823255306
0.01224601429
0.01191655777
0.0102910967
0.006313861516
0.001618725985
0.0002629493849
6.19671435e-05
1.17087392e-05
2.463751029e-06
8.81968706e-07
4.754695034e-07
4.557930118e-07
4.350276469e-07
4.202246185e-07
4.127633459e-07
4.088959031e-07
4.069811882e-07
4.042080814e-07
4.034816477e-07
4.01437167e-07
3.998921938e-07
3.976639164e-07
3.921754279e-07
3.847918714e-07
3.725948606e-07
3.501808958e-07
3.331080168e-07
3.244172977e-07
3.201292264e-07
3.182971445e-07
3.177398209e-07
3.186530973e-07
3.203907654e-07
3.236186314e-07
3.26951005e-07
3.303455683e-07
3.366339914e-07
3.438626884e-07
3.535883101e-07
3.645059436e-07
3.822065946e-07
4.030152517e-07
4.367692891e-07
4.853409349e-07
5.670434652e-07
7.148367893e-07
1.047884312e-06
0.006366719075
0.01020601775
0.01068616019
0.01027707503
0.008701917183
0.004883361972
0.001351081929
0.0002274088029
5.593342738e-05
1.116172006e-05
2.613767931e-06
9.879661549e-07
4.92195368e-07
4.449124914e-07
4.344079479e-07
4.239806649e-07
4.173949183e-07
4.132327182e-07
4.118288552e-07
4.091723009e-07
4.090543043e-07
4.072970731e-07
4.046339245e-07
4.007524729e-07
3.939115464e-07
3.822325957e-07
3.555638511e-07
3.353335857e-07
3.248953974e-07
3.196919729e-07
3.172294059e-07
3.162900429e-07
3.172149175e-07
3.186984113e-07
3.204296862e-07
3.234876814e-07
3.277800085e-07
3.330998358e-07
3.381171809e-07
3.470016576e-07
3.570958951e-07
3.724860693e-07
3.920945589e-07
4.230001821e-07
4.665022597e-07
5.420204034e-07
6.818432308e-07
1.011927698e-06
4.076236288e-07
4.014142469e-07
3.901342744e-07
3.60383477e-07
3.371819939e-07
3.253701395e-07
3.193215676e-07
3.163025834e-07
3.152420404e-07
3.154166574e-07
3.162475207e-07
3.184625584e-07
3.211406889e-07
3.237294848e-07
3.28038248e-07
3.334146716e-07
3.4122742e-07
3.495204297e-07
3.635898139e-07
3.801839892e-07
4.07316075e-07
4.467831108e-07
5.158627581e-07
6.466718993e-07
9.698537941e-07
3.654728798e-07
3.395920846e-07
3.260900338e-07
3.191518951e-07
3.15677971e-07
3.14160824e-07
3.141963393e-07
3.150036361e-07
3.162382162e-07
3.18252358e-07
3.212144194e-07
3.253154231e-07
3.29138695e-07
3.35811172e-07
3.434261369e-07
3.556122034e-07
3.707348453e-07
3.956582627e-07
4.308939855e-07
4.937974453e-07
6.149677728e-07
9.296277412e-07
3.41398721e-07
3.26651681e-07
3.190479841e-07
3.150820012e-07
3.13475373e-07
3.130484097e-07
3.133269227e-07
3.147426049e-07
3.166602485e-07
3.185897899e-07
3.217688533e-07
3.256312716e-07
3.317716865e-07
3.380947984e-07
3.492913691e-07
3.624183008e-07
3.844618956e-07
4.164354115e-07
4.740090091e-07
5.865769185e-07
8.870756387e-07
3.190398924e-07
3.147500189e-07
3.127245021e-07
3.122276365e-07
3.124903941e-07
3.132904821e-07
3.146848633e-07
3.167633422e-07
3.19898118e-07
3.227910471e-07
3.280534599e-07
3.338818975e-07
3.438035779e-07
3.558089182e-07
3.76338096e-07
4.053612199e-07
4.582675264e-07
5.625503318e-07
8.515136972e-07
3.144199807e-07
3.122898136e-07
3.114873655e-07
3.113836813e-07
3.122633295e-07
3.136182965e-07
3.15039371e-07
3.175118499e-07
3.203648889e-07
3.253193945e-07
3.302699493e-07
3.395100872e-07
3.501921117e-07
3.68722727e-07
3.954185066e-07
4.443995875e-07
5.411495282e-07
7.956809408e-07
3.118302824e-07
3.10952907e-07
3.108382459e-07
3.113163736e-07
3.123091776e-07
3.138007472e-07
3.162630796e-07
3.184915025e-07
3.228336919e-07
3.274443706e-07
3.358344722e-07
3.457413893e-07
3.63265109e-07
3.879751827e-07
4.336691113e-07
5.238697949e-07
7.729970899e-07
3.115750602e-07
3.104841733e-07
3.101185252e-07
3.106374124e-07
3.116060197e-07
3.126668153e-07
3.146795491e-07
3.168641852e-07
3.210115416e-07
3.250326792e-07
3.329678041e-07
3.419961634e-07
3.581726544e-07
3.812996129e-07
4.242706413e-07
5.089530485e-07
7.291027082e-07
3.101475192e-07
3.097665825e-07
3.100162198e-07
3.107433474e-07
3.118441498e-07
3.138540978e-07
3.156252971e-07
3.193599053e-07
3.231553033e-07
3.305240265e-07
3.390334098e-07
3.545480199e-07
3.76356775e-07
4.171035435e-07
4.971276653e-07
7.101141635e-07
3.092994868e-07
3.095703715e-07
3.102798956e-07
3.110945525e-07
3.128037863e-07
3.145432272e-07
3.181491286e-07
3.215495322e-07
3.286167756e-07
3.365418612e-07
3.511561886e-07
3.719065446e-07
4.108171103e-07
4.870716473e-07
6.902440302e-07
3.090723482e-07
3.091606477e-07
3.097098089e-07
3.105498888e-07
3.122577721e-07
3.137194359e-07
3.170505792e-07
3.203031699e-07
3.269918387e-07
3.345729305e-07
3.487523021e-07
3.686300587e-07
4.060579326e-07
4.791813165e-07
6.753782394e-07
3.088692833e-07
3.094025966e-07
3.100519379e-07
3.115590794e-07
3.12999927e-07
3.16245593e-07
3.19233057e-07
3.257216456e-07
3.329136033e-07
3.464921506e-07
3.656656077e-07
4.018674529e-07
4.724651913e-07
6.626268054e-07
3.085975607e-07
3.090245034e-07
3.096906694e-07
3.111966004e-07
3.124498437e-07
3.155134291e-07
3.18404078e-07
3.246390272e-07
3.316034346e-07
3.448949339e-07
3.634899539e-07
3.987066982e-07
4.672141385e-07
6.517839485e-07
3.08405943e-07
3.08819897e-07
3.093587954e-07
3.107303746e-07
3.119705952e-07
3.149779255e-07
3.176895698e-07
3.237915435e-07
3.304964855e-07
3.433865803e-07
3.615129695e-07
3.959126712e-07
4.627330836e-07
6.429433274e-07
3.085680798e-07
3.091182089e-07
3.104888721e-07
3.116021772e-07
3.144891276e-07
3.171368528e-07
3.23068952e-07
3.296230085e-07
3.423227717e-07
3.600647784e-07
3.938093974e-07
4.59238912e-07
6.358302681e-07
3.084213204e-07
3.08878987e-07
3.101523089e-07
3.112574999e-07
3.141033309e-07
3.166189461e-07
3.224550907e-07
3.288206876e-07
3.412286449e-07
3.586311006e-07
3.91783269e-07
4.559912026e-07
6.290020544e-07
3.0820802e-07
3.086743463e-07
3.099457528e-07
3.109389418e-07
3.136806939e-07
3.161404261e-07
3.218279755e-07
3.280613155e-07
3.403031126e-07
3.573697699e-07
3.899497348e-07
4.529430883e-07
6.222924802e-07
3.080697961e-07
3.084461959e-07
3.096231014e-07
3.106102568e-07
3.133082817e-07
3.156367493e-07
3.212301665e-07
3.272776885e-07
3.39232232e-07
3.55965004e-07
3.879626409e-07
4.497571888e-07
6.156971123e-07
3.082488682e-07
3.094225625e-07
3.102956635e-07
3.12892305e-07
3.151659824e-07
3.206115892e-07
3.265273109e-07
3.383171425e-07
3.547165325e-07
3.861466842e-07
4.467375248e-07
6.09212513e-07
3.08026577e-07
3.091070217e-07
3.099779883e-07
3.125262776e-07
3.146685271e-07
3.200203488e-07
3.257507596e-07
3.372545615e-07
3.533220401e-07
3.841737603e-07
4.435760185e-07
6.028348359e-07
3.078347002e-07
3.089107475e-07
3.096640637e-07
3.121143919e-07
3.142034118e-07
3.19407942e-07
3.250075068e-07
3.363481838e-07
3.520848072e-07
3.823742337e-07
4.405849382e-07
5.965614386e-07
3.086001661e-07
3.093553711e-07
3.117518957e-07
3.137109545e-07
3.188216456e-07
3.242364954e-07
3.352922717e-07
3.506992548e-07
3.804146906e-07
4.374484376e-07
5.90388974e-07
3.084067083e-07
3.090440379e-07
3.113436049e-07
3.132501195e-07
3.182136461e-07
3.234993583e-07
3.343936341e-07
3.494725659e-07
3.786315071e-07
4.344876001e-07
5.843151205e-07
3.08099624e-07
3.087372132e-07
3.109821378e-07
3.127617398e-07
3.176314513e-07
3.227329707e-07
3.333433836e-07
3.480953084e-07
3.766852292e-07
4.313774617e-07
5.783365412e-07
3.084361262e-07
3.105781265e-07
3.123045535e-07
3.170265314e-07
3.220013399e-07
3.324518879e-07
3.468788073e-07
3.749184602e-07
4.284482334e-07
5.724512209e-07
3.081206421e-07
3.102167288e-07
3.118194149e-07
3.164478875e-07
3.212389316e-07
3.314066661e-07
3.455095001e-07
3.72985493e-07
4.253656156e-07
5.666560716e-07
3.098161186e-07
3.113654785e-07
3.15845678e-07
3.205124475e-07
3.305220898e-07
3.443031935e-07
3.712356457e-07
4.224699824e-07
5.609494383e-07
3.094553403e-07
3.108826844e-07
3.152702273e-07
3.19753576e-07
3.294816427e-07
3.429418476e-07
3.693165167e-07
4.194168188e-07
5.553281277e-07
3.104379669e-07
3.146755866e-07
3.190392143e-07
3.286127534e-07
3.417578202e-07
3.676015102e-07
4.165852605e-07
5.499093502e-07
3.099669198e-07
3.141155021e-07
3.183001888e-07
3.276003162e-07
3.404362595e-07
3.6574423e-07
4.136464609e-07
5.445847773e-07
3.13528887e-07
3.176004642e-07
3.267519872e-07
3.392833269e-07
3.640820971e-07
4.109232481e-07
5.393529308e-07
3.16866927e-07
3.257485938e-07
3.379778613e-07
3.622558366e-07
4.080565929e-07
5.342104925e-07
3.249119332e-07
3.368435729e-07
3.606280919e-07
4.054097238e-07
5.291557897e-07
3.355528509e-07
3.588305654e-07
4.026105877e-07
5.241859786e-07
4.000373504e-07
5.193000101e-07
3.53145052e-07
3.630694504e-07
3.760665487e-07
3.928803007e-07
4.15044408e-07
4.454736394e-07
4.874778671e-07
5.500900338e-07
6.463178717e-07
8.129506587e-07
1.139924911e-06
3.223185601e-07
3.226435341e-07
3.245030922e-07
3.265106063e-07
3.299138332e-07
3.336065226e-07
3.389081583e-07
3.449554927e-07
3.531196063e-07
3.630326346e-07
3.760400021e-07
3.928149534e-07
4.149753751e-07
4.453706797e-07
4.874216402e-07
5.498905924e-07
6.461962828e-07
8.127212612e-07
1.13977555e-06
3.354030514e-07
3.286290406e-07
3.247562072e-07
3.229389872e-07
3.223330706e-07
3.226372007e-07
3.244974386e-07
3.264817202e-07
3.29893651e-07
3.335864192e-07
3.388912118e-07
3.449280515e-07
3.530909038e-07
3.629596338e-07
3.759875664e-07
3.927357803e-07
4.149406202e-07
4.452810611e-07
4.872937699e-07
5.497758021e-07
6.460231074e-07
8.12488964e-07
1.139597674e-06
3.534404724e-07
3.483100145e-07
3.425157996e-07
3.354927663e-07
3.286861428e-07
3.247900759e-07
3.229571725e-07
3.223423395e-07
3.226252968e-07
3.244910749e-07
3.264676663e-07
3.298795397e-07
3.335436364e-07
3.388553828e-07
3.448715347e-07
3.530527973e-07
3.629229354e-07
3.759615119e-07
3.92675518e-07
4.148517564e-07
4.451527334e-07
4.872312967e-07
5.495637774e-07
6.458525689e-07
8.12225927e-07
1.139412365e-06
3.612353406e-07
3.576481216e-07
3.535046591e-07
3.48332973e-07
3.425986839e-07
3.355413795e-07
3.287349928e-07
3.248217718e-07
3.229768388e-07
3.223548138e-07
3.226200123e-07
3.244862942e-07
3.264393411e-07
3.298539444e-07
3.33525724e-07
3.388393629e-07
3.448465757e-07
3.530285518e-07
3.628526928e-07
3.758963754e-07
3.925811754e-07
4.14813793e-07
4.450669359e-07
4.870667485e-07
5.494140887e-07
6.456539905e-07
8.119562564e-07
1.13918435e-06
3.696058751e-07
3.671478496e-07
3.644340328e-07
3.612763037e-07
3.576812503e-07
3.535432923e-07
3.483961893e-07
3.426330783e-07
3.356404879e-07
3.287839534e-07
3.248516983e-07
3.229931876e-07
3.223632386e-07
3.226071172e-07
3.244765641e-07
3.264218233e-07
3.298424919e-07
3.334836719e-07
3.387981365e-07
3.447870807e-07
3.529795288e-07
3.628056589e-07
3.758706975e-07
3.925264368e-07
4.147122774e-07
4.449085961e-07
4.869981311e-07
5.49194291e-07
6.454403711e-07
8.116529244e-07
1.138953173e-06
3.737931655e-07
3.71811563e-07
3.696122649e-07
3.671681777e-07
3.644688294e-07
3.613137571e-07
3.577177089e-07
3.536054407e-07
3.484273109e-07
3.427131722e-07
3.356983711e-07
3.288316356e-07
3.248820267e-07
3.230111703e-07
3.223747765e-07
3.226014449e-07
3.244724661e-07
3.263945118e-07
3.298122655e-07
3.334592607e-07
3.387824237e-07
3.447627706e-07
3.529569943e-07
3.627415267e-07
3.757957238e-07
3.924148593e-07
4.146546173e-07
4.448264109e-07
4.867993381e-07
5.490053874e-07
6.452110857e-07
8.113475875e-07
1.138673738e-06
3.775231958e-07
3.75797595e-07
3.737890233e-07
3.718267648e-07
3.696273591e-07
3.67193937e-07
3.644885312e-07
3.613674392e-07
3.577702174e-07
3.536416755e-07
3.48515584e-07
3.427458719e-07
3.358173198e-07
3.288861218e-07
3.249144677e-07
3.230283448e-07
3.223838497e-07
3.225862089e-07
3.244599599e-07
3.263712335e-07
3.298011662e-07
3.334199295e-07
3.387357864e-07
3.446984319e-07
3.528985802e-07
3.626818274e-07
3.757632451e-07
3.923616943e-07
4.145534957e-07
4.446380054e-07
4.867209148e-07
5.487787453e-07
6.449607452e-07
8.110011228e-07
1.138393191e-06
3.813481196e-07
3.794554916e-07
3.775090509e-07
3.757980585e-07
3.737946099e-07
3.718414689e-07
3.696328556e-07
3.672145657e-07
3.645009332e-07
3.614232202e-07
3.578276182e-07
3.537129648e-07
3.485587703e-07
3.428426164e-07
3.358883405e-07
3.289446612e-07
3.249500644e-07
3.230479375e-07
3.223958139e-07
3.225782426e-07
3.244561864e-07
3.263439037e-07
3.297665928e-07
3.333863634e-07
3.387195256e-07
3.446733033e-07
3.528755169e-07
3.626222549e-07
3.756854553e-07
3.922347844e-07
4.144630767e-07
4.445557336e-07
4.864990893e-07
5.485490781e-07
6.446956217e-07
8.106603545e-07
1.138069074e-06
3.867295067e-07
3.837281656e-07
3.813174799e-07
3.794288298e-07
3.774948229e-07
3.758003389e-07
3.737909989e-07
3.71857757e-07
3.696532111e-07
3.672472307e-07
3.645135136e-07
3.614996772e-07
3.579024184e-07
3.537536977e-07
3.486766881e-07
3.428873176e-07
3.360338558e-07
3.290137493e-07
3.249903396e-07
3.230694219e-07
3.224074024e-07
3.22560888e-07
3.244411497e-07
3.263128029e-07
3.297547242e-07
3.333493139e-07
3.386666717e-07
3.446023442e-07
3.528081038e-07
3.625489934e-07
3.756354492e-07
3.92175701e-07
4.143679726e-07
4.443396885e-07
4.863918157e-07
5.483124456e-07
6.444136929e-07
8.102712818e-07
1.137742534e-06
4.098232392e-07
3.976982827e-07
3.908199709e-07
3.866477478e-07
3.836727448e-07
3.812787686e-07
3.794009478e-07
3.774739533e-07
3.757976804e-07
3.737913849e-07
3.71878259e-07
3.696613444e-07
3.67274912e-07
3.645688805e-07
3.615780966e-07
3.579855118e-07
3.538481568e-07
3.487348066e-07
3.430195366e-07
3.361234092e-07
3.290911284e-07
3.250356324e-07
3.230933541e-07
3.224208622e-07
3.225485725e-07
3.244366719e-07
3.262846145e-07
3.29714895e-07
3.333042024e-07
3.38649214e-07
3.445752872e-07
3.527829749e-07
3.624904198e-07
3.755581572e-07
3.92037609e-07
4.142429228e-07
4.442523106e-07
4.861610303e-07
5.480447939e-07
6.441082267e-07
8.098929683e-07
1.137373479e-06
9.181988349e-07
5.272786288e-07
4.378025724e-07
4.097950956e-07
3.976405391e-07
3.907613e-07
3.865907427e-07
3.836186264e-07
3.812416278e-07
3.793555284e-07
3.774558133e-07
3.757944248e-07
3.737912663e-07
3.719000673e-07
3.696928367e-07
3.673324978e-07
3.646107177e-07
3.6168046e-07
3.580836198e-07
3.539033473e-07
3.488940106e-07
3.430861214e-07
3.36305807e-07
3.291834779e-07
3.250877322e-07
3.231205368e-07
3.224357182e-07
3.225275171e-07
3.244180908e-07
3.26242717e-07
3.297016723e-07
3.332687154e-07
3.385891566e-07
3.44494998e-07
3.527050008e-07
3.62402701e-07
3.754881692e-07
3.919649631e-07
4.141527995e-07
4.440078568e-07
4.860122216e-07
5.477915174e-07
6.437976251e-07
8.094627702e-07
1.137001341e-06
0.01159060998
0.0008418807166
2.40537707e-05
9.216763218e-07
5.269910147e-07
4.377356195e-07
4.097634782e-07
3.975714301e-07
3.906756543e-07
3.865106558e-07
3.835546448e-07
3.811984441e-07
3.793267412e-07
3.774495586e-07
3.757923994e-07
3.737970373e-07
3.719354367e-07
3.697062554e-07
3.673773083e-07
3.64737729e-07
3.617923166e-07
3.58195034e-07
3.540435767e-07
3.489746632e-07
3.432821138e-07
3.364263737e-07
3.292893269e-07
3.251476808e-07
3.231504019e-07
3.224512265e-07
3.225079163e-07
3.244121307e-07
3.262129731e-07
3.296546222e-07
3.332081174e-07
3.385679079e-07
3.44464454e-07
3.526765393e-07
3.623415127e-07
3.754097114e-07
3.918185105e-07
4.139914602e-07
4.439151445e-07
4.85777571e-07
5.47490545e-07
6.434495146e-07
8.090445258e-07
1.136584274e-06
0.01193129849
0.0008615655949
2.459536969e-05
9.252748792e-07
5.267095105e-07
4.376673986e-07
4.097278363e-07
3.975083622e-07
3.906164279e-07
3.864295634e-07
3.834777548e-07
3.811632573e-07
3.792830129e-07
3.774452454e-07
3.757880175e-07
3.737978136e-07
3.719647361e-07
3.697644238e-07
3.674910394e-07
3.648164907e-07
3.619269156e-07
3.583236822e-07
3.541260516e-07
3.491987434e-07
3.433819142e-07
3.366587921e-07
3.294147552e-07
3.252159595e-07
3.231841628e-07
3.22469795e-07
3.224811665e-07
3.243875133e-07
3.26155249e-07
3.296390877e-07
3.331730735e-07
3.38504878e-07
3.443700283e-07
3.525849788e-07
3.622368793e-07
3.753170609e-07
3.917245128e-07
4.13904501e-07
4.436460152e-07
4.855836337e-07
5.472124565e-07
6.431096769e-07
8.085723245e-07
1.136159791e-06
0.01236619714
0.0008936850303
2.530650902e-05
9.302935644e-07
5.267710375e-07
4.376819054e-07
4.096998041e-07
3.974576534e-07
3.905536491e-07
3.864202421e-07
3.834529503e-07
3.81151123e-07
3.792383145e-07
3.774647373e-07
3.757934704e-07
3.738289819e-07
3.720284958e-07
3.697919911e-07
3.67567629e-07
3.650053107e-07
3.620885165e-07
3.584647066e-07
3.54352788e-07
3.493146646e-07
3.436838003e-07
3.368352888e-07
3.295590544e-07
3.252943075e-07
3.23223271e-07
3.224872446e-07
3.224487727e-07
3.243792098e-07
3.261223315e-07
3.295854413e-07
3.330917265e-07
3.384649393e-07
3.443336053e-07
3.525507238e-07
3.621688919e-07
3.752341388e-07
3.915709979e-07
4.137048587e-07
4.435300794e-07
4.853419318e-07
5.468804391e-07
6.427158488e-07
8.081071931e-07
1.135682014e-06
0.01291986405
0.0009281930938
2.619087904e-05
9.346985895e-07
5.267411629e-07
4.376900482e-07
4.096933791e-07
3.974362239e-07
3.905623053e-07
3.864167791e-07
3.834209824e-07
3.811340297e-07
3.792369553e-07
3.77465976e-07
3.757870516e-07
3.73840796e-07
3.72062203e-07
3.698955067e-07
3.677946035e-07
3.651534906e-07
3.622589448e-07
3.58661087e-07
3.544830519e-07
3.496461334e-07
3.438286509e-07
3.371228599e-07
3.297247295e-07
3.253875236e-07
3.232641286e-07
3.224883326e-07
3.224258529e-07
3.243493144e-07
3.260403573e-07
3.295581649e-07
3.330513028e-07
3.384038584e-07
3.442189769e-07
3.52441168e-07
3.62042657e-07
3.751149864e-07
3.914466078e-07
4.136153529e-07
4.432445527e-07
4.851011282e-07
5.465690894e-07
6.42342975e-07
8.075893285e-07
1.135197202e-06
0.01363807663
0.000985159192
2.716736367e-05
9.42625933e-07
5.27100533e-07
4.377680286e-07
4.096787212e-07
3.973664073e-07
3.904987547e-07
3.863706511e-07
3.834432926e-07
3.811469398e-07
3.792203893e-07
3.775163554e-07
3.758271716e-07
3.739305989e-07
3.721901544e-07
3.700190068e-07
3.679152721e-07
3.653753504e-07
3.624954025e-07
3.588409841e-07
3.548615219e-07
3.498165344e-07
3.442988339e-07
3.37395975e-07
3.299257723e-07
3.254945783e-07
3.23302087e-07
3.22479718e-07
3.223901866e-07
3.243241826e-07
3.259981918e-07
3.295047546e-07
3.329446556e-07
3.383356291e-07
3.441725549e-07
3.523968589e-07
3.619625524e-07
3.750227727e-07
3.912858431e-07
4.133757983e-07
4.430900564e-07
4.848456396e-07
5.462063541e-07
6.419009179e-07
8.0707126e-07
1.134649133e-06
0.01454216295
0.001053376856
2.817790977e-05
9.490747903e-07
5.270474743e-07
4.379045496e-07
4.098320269e-07
3.975199706e-07
3.906227484e-07
3.864472549e-07
3.834060273e-07
3.811335132e-07
3.792779998e-07
3.775558355e-07
3.758236997e-07
3.73970144e-07
3.722553048e-07
3.701741328e-07
3.682833434e-07
3.656371146e-07
3.62717256e-07
3.591980669e-07
3.550670633e-07
3.50333402e-07
3.444913722e-07
3.377142995e-07
3.301436742e-07
3.25600588e-07
3.233336908e-07
3.224714729e-07
3.223726698e-07
3.24286757e-07
3.25884361e-07
3.294489675e-07
3.328854031e-07
3.382775743e-07
3.44029923e-07
3.522623144e-07
3.618075538e-07
3.748717797e-07
3.91119726e-07
4.132745437e-07
4.427894675e-07
4.84556405e-07
5.458529792e-07
6.414885894e-07
8.06501696e-07
1.134095758e-06
0.01558498952
0.001157174921
3.030854297e-05
9.639056856e-07
5.289669364e-07
4.38381056e-07
4.098967904e-07
3.974860002e-07
3.905666217e-07
3.864033487e-07
3.835196151e-07
3.812047222e-07
3.792674937e-07
3.77618777e-07
3.759508341e-07
3.741822727e-07
3.725266701e-07
3.705157618e-07
3.684931902e-07
3.658523932e-07
3.631061114e-07
3.594585855e-07
3.556734097e-07
3.505614105e-07
3.45072939e-07
3.382025785e-07
3.30384597e-07
3.257069613e-07
3.233567705e-07
3.224491251e-07
3.223280782e-07
3.242190355e-07
3.258251044e-07
3.294011657e-07
3.327534399e-07
3.381690137e-07
3.439641752e-07
3.522030823e-07
3.617086146e-07
3.747633527e-07
3.909500582e-07
4.129933098e-07
4.425855064e-07
4.842775497e-07
5.454566716e-07
6.409937532e-07
8.059222969e-07
1.13346782e-06
0.01687145869
0.001284298247
3.303710075e-05
9.794495159e-07
5.293438597e-07
4.390794283e-07
4.105376373e-07
3.979292392e-07
3.909262242e-07
3.8665441e-07
3.83497226e-07
3.812119876e-07
3.79462056e-07
3.77767872e-07
3.759709223e-07
3.742823316e-07
3.726544946e-07
3.707138897e-07
3.688916462e-07
3.663216833e-07
3.63462474e-07
3.600738794e-07
3.55987541e-07
3.513837735e-07
3.455695425e-07
3.384741318e-07
3.306103026e-07
3.257999437e-07
3.233745922e-07
3.224326409e-07
3.223025556e-07
3.241666442e-07
3.256890499e-07
3.293021813e-07
3.326511286e-07
3.381126407e-07
3.437993111e-07
3.520328888e-07
3.615163738e-07
3.745750226e-07
3.907294901e-07
4.128682766e-07
4.422673045e-07
4.839381818e-07
5.450527396e-07
6.405343803e-07
8.052951046e-07
1.132852901e-06
0.01807276239
0.001482901512
3.835044676e-05
1.014587374e-06
5.350917939e-07
4.407638865e-07
4.110678184e-07
3.981914764e-07
3.910063095e-07
3.86693311e-07
3.836909517e-07
3.814733533e-07
3.794582947e-07
3.778295249e-07
3.761970211e-07
3.747400685e-07
3.73135945e-07
3.713037311e-07
3.693561806e-07
3.666299706e-07
3.64071275e-07
3.604667543e-07
3.569395734e-07
3.516522377e-07
3.460333689e-07
3.391454848e-07
3.308437137e-07
3.258960337e-07
3.233885699e-07
3.223993444e-07
3.222418394e-07
3.240305207e-07
3.255865369e-07
3.2924893e-07
3.325035131e-07
3.379605921e-07
3.436776161e-07
3.519546423e-07
3.613929433e-07
3.74442237e-07
3.905495684e-07
4.12547454e-07
4.420046073e-07
4.836265846e-07
5.446204238e-07
6.399847055e-07
8.046536074e-07
1.13216445e-06
0.02006202507
0.001719074495
4.644450167e-05
1.060289276e-06
5.386267819e-07
4.431242955e-07
4.126499229e-07
3.99089984e-07
3.916467621e-07
3.871293744e-07
3.839126048e-07
3.815224275e-07
3.798089786e-07
3.782087493e-07
3.764756285e-07
3.749259542e-07
3.733533659e-07
3.716013998e-07
3.697112304e-07
3.673306244e-07
3.646434239e-07
3.614588361e-07
3.573190906e-07
3.525333107e-07
3.470120875e-07
3.3937214e-07
3.310711801e-07
3.259745591e-07
3.233788344e-07
3.223451433e-07
3.22175237e-07
3.239496242e-07
3.254584831e-07
3.291003595e-07
3.323360163e-07
3.378898715e-07
3.43504717e-07
3.517502443e-07
3.611587325e-07
3.742156715e-07
3.902673256e-07
4.123853361e-07
4.416680995e-07
4.832393748e-07
5.441613515e-07
6.394743246e-07
8.039717849e-07
1.13153332e-06
0.02218478527
0.002141386838
6.074243088e-05
1.184015197e-06
5.535748487e-07
4.480350619e-07
4.148875869e-07
4.005763566e-07
3.924690272e-07
3.876450942e-07
3.842415937e-07
3.820697879e-07
3.798784151e-07
3.783565738e-07
3.767203258e-07
3.755921316e-07
3.741028874e-07
3.724043685e-07
3.705414907e-07
3.679433304e-07
3.655729772e-07
3.619777562e-07
3.586444465e-07
3.533711474e-07
3.473761017e-07
3.400324892e-07
3.312713864e-07
3.260366416e-07
3.233654276e-07
3.222931632e-07
3.220980407e-07
3.237531777e-07
3.253007093e-07
3.290239547e-07
3.321864019e-07
3.377044028e-07
3.433168925e-07
3.516412008e-07
3.61007971e-07
3.740524684e-07
3.900770199e-07
4.120356975e-07
4.413449268e-07
4.828885156e-07
5.436934533e-07
6.388728073e-07
8.032796854e-07
1.130840991e-06
0.02391066126
0.002663917322
8.99709141e-05
1.360072335e-06
5.659915519e-07
4.546690642e-07
4.180583041e-07
4.016674348e-07
3.93263234e-07
3.882479565e-07
3.84862914e-07
3.822282729e-07
3.804998674e-07
3.790612749e-07
3.774166069e-07
3.761202301e-07
3.744203208e-07
3.728890818e-07
3.709762222e-07
3.688520415e-07
3.663179124e-07
3.633882975e-07
3.590939389e-07
3.540038831e-07
3.485588873e-07
3.403639082e-07
3.315009079e-07
3.261053044e-07
3.23329146e-07
3.221826806e-07
3.219625324e-07
3.236229035e-07
3.251977484e-07
3.2882613e-07
3.319487401e-07
3.376078592e-07
3.431346995e-07
3.513940989e-07
3.607256616e-07
3.737810947e-07
3.897192473e-07
4.118119849e-07
4.409655583e-07
4.824280357e-07
5.431377779e-07
6.382635251e-07
8.024904081e-07
1.130213878e-06
0.02549361518
0.003426864406
0.000122860037
2.130817443e-06
6.069276989e-07
4.665718235e-07
4.244411138e-07
4.068623154e-07
3.962005973e-07
3.89855947e-07
3.85626084e-07
3.832505173e-07
3.808773557e-07
3.793473036e-07
3.777787049e-07
3.767925375e-07
3.754786144e-07
3.739407099e-07
3.721779473e-07
3.698319684e-07
3.676588123e-07
3.640116399e-07
3.604128406e-07
3.555070859e-07
3.490678305e-07
3.409557964e-07
3.317041949e-07
3.261475286e-07
3.232865227e-07
3.221090604e-07
3.218725603e-07
3.234083552e-07
3.249827661e-07
3.286966421e-07
3.317957908e-07
3.373599791e-07
3.428533366e-07
3.512489493e-07
3.605194449e-07
3.735446383e-07
3.894736457e-07
4.113469118e-07
4.4048941e-07
4.819246716e-07
5.424892883e-07
6.374219791e-07
8.015603975e-07
1.129619781e-06
0.02537845037
0.004279336938
0.0002649027263
3.37726663e-06
6.326624556e-07
4.857603952e-07
4.323391595e-07
4.080778904e-07
3.969496469e-07
3.906499307e-07
3.869172104e-07
3.836400173e-07
3.818079862e-07
3.804239847e-07
3.788943684e-07
3.777848706e-07
3.759512181e-07
3.746531302e-07
3.727870684e-07
3.709579687e-07
3.685049395e-07
3.656268171e-07
3.615908455e-07
3.561427033e-07
3.501538426e-07
3.415250513e-07
3.319651931e-07
3.26209708e-07
3.232183911e-07
3.219458316e-07
3.216661302e-07
3.231854183e-07
3.24876202e-07
3.284570089e-07
3.314623318e-07
3.372259745e-07
3.426389897e-07
3.508770451e-07
3.601093133e-07
3.731478329e-07
3.889041289e-07
4.109702828e-07
4.3992092e-07
4.81197798e-07
5.415735905e-07
6.364308731e-07
8.003801351e-07
1.128945403e-06
0.02411476923
0.004479866676
0.00027425231
7.481318062e-06
7.537831756e-07
5.086408221e-07
4.464158272e-07
4.196347997e-07
4.038033085e-07
3.944174452e-07
3.883129349e-07
3.855082484e-07
3.827623475e-07
3.809442903e-07
3.794598992e-07
3.785061279e-07
3.773750119e-07
3.759854616e-07
3.743762303e-07
3.722729233e-07
3.702443057e-07
3.666933655e-07
3.628116364e-07
3.579037039e-07
3.51118032e-07
3.422459389e-07
3.322473945e-07
3.262612073e-07
3.231573508e-07
3.218492657e-07
3.215532278e-07
3.22974873e-07
3.245843367e-07
3.281766421e-07
3.312866202e-07
3.368982613e-07
3.42182573e-07
3.50673023e-07
3.597964457e-07
3.727444654e-07
3.885470805e-07
4.1026709e-07
4.3909635e-07
4.803181026e-07
5.404937677e-07
6.35033654e-07
7.989111078e-07
1.128049778e-06
0.02164825665
0.004924439274
0.0005889852687
1.506654486e-05
1.056381403e-06
5.856431629e-07
4.632241483e-07
4.264399257e-07
4.069023903e-07
3.964943301e-07
3.914291943e-07
3.862615149e-07
3.838148442e-07
3.824885968e-07
3.81094368e-07
3.79993851e-07
3.780781697e-07
3.769797913e-07
3.751991715e-07
3.736620741e-07
3.71302335e-07
3.684145901e-07
3.645840287e-07
3.58921575e-07
3.522700304e-07
3.430937344e-07
3.326134803e-07
3.263538997e-07
3.230702754e-07
3.216381869e-07
3.212849665e-07
3.226288805e-07
3.244458558e-07
3.279061039e-07
3.308152128e-07
3.365884192e-07
3.419102871e-07
3.501438944e-07
3.591376791e-07
3.72133676e-07
3.875694895e-07
4.095144757e-07
4.381662607e-07
4.791194931e-07
5.389081959e-07
6.333390513e-07
7.970242709e-07
1.126700116e-06
0.01819144061
0.005241362867
0.0007794730517
7.170906067e-05
3.143939477e-06
6.678086237e-07
5.156297673e-07
4.427964501e-07
4.174608544e-07
4.030274212e-07
3.930235864e-07
3.896518867e-07
3.861377546e-07
3.837051549e-07
3.819273701e-07
3.809053922e-07
3.799516261e-07
3.786754109e-07
3.772763194e-07
3.753711122e-07
3.734766086e-07
3.700751035e-07
3.660374977e-07
3.609327274e-07
3.537788221e-07
3.441918839e-07
3.331139792e-07
3.26469012e-07
3.230060376e-07
3.215123595e-07
3.211303301e-07
3.224151837e-07
3.240635895e-07
3.273867968e-07
3.30594116e-07
3.361981356e-07
3.411568298e-07
3.49675542e-07
3.586274416e-07
3.714021197e-07
3.870178055e-07
4.084776462e-07
4.367490037e-07
4.775141534e-07
5.370596937e-07
6.310185799e-07
7.945071329e-07
1.124702709e-06
0.01439366389
0.007460547934
0.001312881005
0.0001314069046
1.036740316e-05
1.268707033e-06
5.59682693e-07
4.712478949e-07
4.322545849e-07
4.107222581e-07
4.004400325e-07
3.913335239e-07
3.873791016e-07
3.855877653e-07
3.843292218e-07
3.8306253e-07
3.811040949e-07
3.800920526e-07
3.783972654e-07
3.771450435e-07
3.749163908e-07
3.720848423e-07
3.684131032e-07
3.6259687e-07
3.553702181e-07
3.455255409e-07
3.337033252e-07
3.266542191e-07
3.229392567e-07
3.212708015e-07
3.208036106e-07
3.218962097e-07
3.237466973e-07
3.270617011e-07
3.299801502e-07
3.354956229e-07
3.407764932e-07
3.489997649e-07
3.575535571e-07
3.704487518e-07
3.854021602e-07
4.069393442e-07
4.35084794e-07
4.75517171e-07
5.343444033e-07
6.280395371e-07
7.911498553e-07
1.121729234e-06
0.01116831472
0.01030427807
0.001919588833
0.0002408834639
2.088923797e-05
2.44929602e-06
8.368619717e-07
5.061345475e-07
4.449466459e-07
4.189504995e-07
4.037254489e-07
3.969962164e-07
3.916578333e-07
3.881692026e-07
3.85618172e-07
3.84481759e-07
3.836018197e-07
3.823237262e-07
3.811706097e-07
3.794175374e-07
3.777368021e-07
3.745299824e-07
3.704496308e-07
3.651744917e-07
3.576615091e-07
3.472744512e-07
3.346250227e-07
3.269254562e-07
3.22863701e-07
3.210464912e-07
3.205387293e-07
3.216116833e-07
3.233041445e-07
3.261782372e-07
3.294543316e-07
3.350084723e-07
3.396086836e-07
3.479386329e-07
3.566322064e-07
3.69104079e-07
3.842696236e-07
4.053646617e-07
4.327662864e-07
4.72595064e-07
5.310676753e-07
6.240523974e-07
7.864197533e-07
1.117513106e-06
0.009619098391
0.0166863523
0.003952805937
0.0004891436452
7.34858918e-05
5.817209561e-06
1.117036135e-06
6.356738843e-07
4.871839945e-07
4.404426935e-07
4.187433478e-07
4.01751973e-07
3.943169006e-07
3.908437083e-07
3.893557809e-07
3.875149199e-07
3.853777044e-07
3.844254872e-07
3.828131957e-07
3.818255763e-07
3.797947858e-07
3.771472444e-07
3.736931668e-07
3.678042149e-07
3.601255555e-07
3.494998288e-07
3.356946606e-07
3.272707542e-07
3.228178142e-07
3.207915387e-07
3.201501676e-07
3.208797071e-07
3.225677357e-07
3.257365409e-07
3.287715769e-07
3.336649305e-07
3.388677293e-07
3.470422961e-07
3.549273489e-07
3.675233793e-07
3.81796593e-07
4.024427057e-07
4.295622714e-07
4.691135904e-07
5.264519956e-07
6.185393596e-07
7.799534371e-07
1.111518241e-06
0.009846751475
0.0192302023
0.008061133517
0.001260916167
9.260749673e-05
1.596742262e-05
2.869656921e-06
9.176752465e-07
5.44920304e-07
4.770975248e-07
4.276271927e-07
4.120595167e-07
4.01359254e-07
3.956068905e-07
3.915097164e-07
3.901402488e-07
3.890090318e-07
3.87506822e-07
3.865732284e-07
3.849155538e-07
3.835960622e-07
3.80682629e-07
3.767164611e-07
3.71449639e-07
3.6367721e-07
3.524263338e-07
3.372330818e-07
3.277849099e-07
3.227711054e-07
3.20433255e-07
3.196881655e-07
3.203429223e-07
3.220754033e-07
3.244963315e-07
3.275193657e-07
3.329011786e-07
3.373907329e-07
3.449598071e-07
3.53141909e-07
3.651468867e-07
3.79293668e-07
3.996856168e-07
4.258793892e-07
4.640266801e-07
5.203658021e-07
6.111581715e-07
7.708208481e-07
1.103079948e-06
0.01007660423
0.01828523557
0.01245564506
0.003785688406
0.0007763614009
2.616376916e-05
4.098986477e-06
1.09639161e-06
6.70315716e-07
5.612980108e-07
4.590069655e-07
4.258996212e-07
4.093453033e-07
4.006319863e-07
3.978031443e-07
3.943896282e-07
3.91801287e-07
3.907512418e-07
3.890559039e-07
3.883679205e-07
3.865977816e-07
3.843624719e-07
3.813192288e-07
3.75551153e-07
3.676534709e-07
3.561688179e-07
3.389412166e-07
3.283373974e-07
3.227328531e-07
3.200947314e-07
3.191839679e-07
3.194025814e-07
3.20746989e-07
3.235053849e-07
3.267262965e-07
3.309008992e-07
3.354652528e-07
3.433713893e-07
3.50533113e-07
3.623094041e-07
3.755115196e-07
3.947416379e-07
4.197923573e-07
4.57419537e-07
5.121446194e-07
6.006705825e-07
7.581058324e-07
1.091000235e-06
0.009270261992
0.01519810791
0.01306680479
0.007940585133
0.001845601084
0.0004561685593
8.58864961e-06
4.925792329e-06
1.37514647e-06
4.740794145e-07
4.950494103e-07
4.380287732e-07
4.208141388e-07
4.097806283e-07
4.020690399e-07
3.997635434e-07
3.975184391e-07
3.953065963e-07
3.944596496e-07
3.927246368e-07
3.919639548e-07
3.894960699e-07
3.85916304e-07
3.810591563e-07
3.733098058e-07
3.611242551e-07
3.414777577e-07
3.291874433e-07
3.226816263e-07
3.195722223e-07
3.184380426e-07
3.183282785e-07
3.199756286e-07
3.220631245e-07
3.243226324e-07
3.290540869e-07
3.335717855e-07
3.400393136e-07
3.47129812e-07
3.581994342e-07
3.705717424e-07
3.892731561e-07
4.134536664e-07
4.487734611e-07
5.007373223e-07
5.863442655e-07
7.401624622e-07
1.073495666e-06
4.026511007e-07
4.008022429e-07
3.984617323e-07
3.979768701e-07
3.963877832e-07
3.949629764e-07
3.926496216e-07
3.873863663e-07
3.797812386e-07
3.675529006e-07
3.443996563e-07
3.301474431e-07
3.226508496e-07
3.190010486e-07
3.175746574e-07
3.171696191e-07
3.180578214e-07
3.198501212e-07
3.230637296e-07
3.265713528e-07
3.299529999e-07
3.367160491e-07
3.429501675e-07
3.53069939e-07
3.642839847e-07
3.813151873e-07
4.027295242e-07
4.359121337e-07
4.850818285e-07
5.661668653e-07
7.146953726e-07
1.047316682e-06
3.951560393e-07
3.88105129e-07
3.757185525e-07
3.486949914e-07
3.317299795e-07
3.22823598e-07
3.184830724e-07
3.164303601e-07
3.156579842e-07
3.166283252e-07
3.183136146e-07
3.199105859e-07
3.230710538e-07
3.26989394e-07
3.322533296e-07
3.375733809e-07
3.466653072e-07
3.564672138e-07
3.718481771e-07
3.918897672e-07
4.221639341e-07
4.663245847e-07
5.411684357e-07
6.815168625e-07
1.011076188e-06
3.837242672e-07
3.527771026e-07
3.333152343e-07
3.231934971e-07
3.180281357e-07
3.155240212e-07
3.146398156e-07
3.149000943e-07
3.158060098e-07
3.179762156e-07
3.20751834e-07
3.232183227e-07
3.281272016e-07
3.328226273e-07
3.407935414e-07
3.492259895e-07
3.629926902e-07
3.799438427e-07
4.066075044e-07
4.466363392e-07
5.151125667e-07
6.46557131e-07
9.697791639e-07
3.351169911e-07
3.23626796e-07
3.177792618e-07
3.14829281e-07
3.135188763e-07
3.136645095e-07
3.146532172e-07
3.157865378e-07
3.178961367e-07
3.206376273e-07
3.247067469e-07
3.285318861e-07
3.355817312e-07
3.429096696e-07
3.550750852e-07
3.705788954e-07
3.949744171e-07
4.307965874e-07
4.931145862e-07
6.148282423e-07
9.280521847e-07
3.240744794e-07
3.17596092e-07
3.14241032e-07
3.128539582e-07
3.125586337e-07
3.129427795e-07
3.143067263e-07
3.163125289e-07
3.18082604e-07
3.217617014e-07
3.25155911e-07
3.314444699e-07
3.377755993e-07
3.488215711e-07
3.622361412e-07
3.838495926e-07
4.16362157e-07
4.733768654e-07
5.865343197e-07
8.912684807e-07
3.138580933e-07
3.1209146e-07
3.117227347e-07
3.121625481e-07
3.12876962e-07
3.143621648e-07
3.162638552e-07
3.194432938e-07
3.222225569e-07
3.278536484e-07
3.334386006e-07
3.433416395e-07
3.556844232e-07
3.757432073e-07
4.053166066e-07
4.576780376e-07
5.62431754e-07
8.414292828e-07
3.116690923e-07
3.110110455e-07
3.110348743e-07
3.118607404e-07
3.133030718e-07
3.145585341e-07
3.174492544e-07
3.199287417e-07
3.250550639e-07
3.299571777e-07
3.39099546e-07
3.500521343e-07
3.681707834e-07
3.953900175e-07
4.438447317e-07
5.412496183e-07
8.108838303e-07
3.111931492e-07
3.104708433e-07
3.105272198e-07
3.109282974e-07
3.120102875e-07
3.133366408e-07
3.159073323e-07
3.179698326e-07
3.226473909e-07
3.270518751e-07
3.3541855e-07
3.456406918e-07
3.627238398e-07
3.879644275e-07
4.331430865e-07
5.239196081e-07
7.624614555e-07
3.100190229e-07
3.097964667e-07
3.102581252e-07
3.113134254e-07
3.12208923e-07
3.14584593e-07
3.164392863e-07
3.207847044e-07
3.247311579e-07
3.325871463e-07
3.418862477e-07
3.576582814e-07
3.812994598e-07
4.237675828e-07
5.090830369e-07
7.401831443e-07
3.094715162e-07
3.096480623e-07
3.104619151e-07
3.113998545e-07
3.135633314e-07
3.151393099e-07
3.1918327e-07
3.227982183e-07
3.301359035e-07
3.389503741e-07
3.540399601e-07
3.763680169e-07
4.166181791e-07
4.972618732e-07
7.087744863e-07
3.089992173e-07
3.092107795e-07
3.100036856e-07
3.106536289e-07
3.126879225e-07
3.141208428e-07
3.179467848e-07
3.212562021e-07
3.282525202e-07
3.364530399e-07
3.506654572e-07
3.7192476e-07
4.103467234e-07
4.872213216e-07
6.918258817e-07
3.088107371e-07
3.094419752e-07
3.101168187e-07
3.120104123e-07
3.132574678e-07
3.168819398e-07
3.19969977e-07
3.266214199e-07
3.345023281e-07
3.482653763e-07
3.686557549e-07
4.055987051e-07
4.793377086e-07
6.770458991e-07
3.085273747e-07
3.091394862e-07
3.096240716e-07
3.114283203e-07
3.125792521e-07
3.160597997e-07
3.189441093e-07
3.253675283e-07
3.328390741e-07
3.460166835e-07
3.656959346e-07
4.014179551e-07
4.726284307e-07
6.643268529e-07
3.087679774e-07
3.092699912e-07
3.109760625e-07
3.120048481e-07
3.153500302e-07
3.180867388e-07
3.242805707e-07
3.31541043e-07
3.444219137e-07
3.635252216e-07
3.982643869e-07
4.673794442e-07
6.534913608e-07
3.085674942e-07
3.08937905e-07
3.105893406e-07
3.115542074e-07
3.148011174e-07
3.174029406e-07
3.234442741e-07
3.304312634e-07
3.429212825e-07
3.615512751e-07
3.954766864e-07
4.629014835e-07
6.446494285e-07
3.083203354e-07
3.087061045e-07
3.102849746e-07
3.111717415e-07
3.14326743e-07
3.168304791e-07
3.227186244e-07
3.295658057e-07
3.418591464e-07
3.601063669e-07
3.933781466e-07
4.594078009e-07
6.375298529e-07
3.081769285e-07
3.084684174e-07
3.10006362e-07
3.108477524e-07
3.13929034e-07
3.163360009e-07
3.221130872e-07
3.287614748e-07
3.40770916e-07
3.586752099e-07
3.91357123e-07
4.561626581e-07
6.306948097e-07
3.082692219e-07
3.097460793e-07
3.105197077e-07
3.135188072e-07
3.15839814e-07
3.214828632e-07
3.280092091e-07
3.398469531e-07
3.57417113e-07
3.895284094e-07
4.531157982e-07
6.23975672e-07
3.080403789e-07
3.094797762e-07
3.102060452e-07
3.131327594e-07
3.15359626e-07
3.208930421e-07
3.272234401e-07
3.387816198e-07
3.560147622e-07
3.875464339e-07
4.499323416e-07
6.173692724e-07
3.078476437e-07
3.092260082e-07
3.099016702e-07
3.127291769e-07
3.148703776e-07
3.202705365e-07
3.264798305e-07
3.378675594e-07
3.54769146e-07
3.857348591e-07
4.469129379e-07
6.108728417e-07
3.089641339e-07
3.094977965e-07
3.123477918e-07
3.143964263e-07
3.196871864e-07
3.25700885e-07
3.36810047e-07
3.533767398e-07
3.837666775e-07
4.437529836e-07
6.044829231e-07
3.087165847e-07
3.091519378e-07
3.119485353e-07
3.139120843e-07
3.190703644e-07
3.249641588e-07
3.359042976e-07
3.521421334e-07
3.819712563e-07
4.407613839e-07
5.981970241e-07
3.084577606e-07
3.087884586e-07
3.115705673e-07
3.134430608e-07
3.184918307e-07
3.241905063e-07
3.348531345e-07
3.507584229e-07
3.80016174e-07
4.376256244e-07
5.920119375e-07
3.082142808e-07
3.084853322e-07
3.111741281e-07
3.129626874e-07
3.178792918e-07
3.234596557e-07
3.33954873e-07
3.495341727e-07
3.782368914e-07
4.346635569e-07
5.859253941e-07
3.081833988e-07
3.107992727e-07
3.12497637e-07
3.173044936e-07
3.22690368e-07
3.329092238e-07
3.48158552e-07
3.762949053e-07
4.315535292e-07
5.799341092e-07
3.078827247e-07
3.104049303e-07
3.120207343e-07
3.166954657e-07
3.219648071e-07
3.320179919e-07
3.469443129e-07
3.745319097e-07
4.286224782e-07
5.740360544e-07
3.1003269e-07
3.115589293e-07
3.161236175e-07
3.211992891e-07
3.309773357e-07
3.455764284e-07
3.726031095e-07
4.255393924e-07
5.682281769e-07
3.09640155e-07
3.110855139e-07
3.155174854e-07
3.204787388e-07
3.300929855e-07
3.443722032e-07
3.708569379e-07
4.226413926e-07
5.625088147e-07
3.106274217e-07
3.149473759e-07
3.197166682e-07
3.290571168e-07
3.430120802e-07
3.68941896e-07
4.1958729e-07
5.568747907e-07
3.101633226e-07
3.143487039e-07
3.190081344e-07
3.281883867e-07
3.418299064e-07
3.672303768e-07
4.167527856e-07
5.51443184e-07
3.137924454e-07
3.182659188e-07
3.271803603e-07
3.405092616e-07
3.653768678e-07
4.13812625e-07
5.461059111e-07
3.132028652e-07
3.175720058e-07
3.263320861e-07
3.393579921e-07
3.63718004e-07
4.110863648e-07
5.408614794e-07
3.168353336e-07
3.253330684e-07
3.380533062e-07
3.618953988e-07
4.082183714e-07
5.357065865e-07
3.244963231e-07
3.369205905e-07
3.602707757e-07
4.055684235e-07
5.306395887e-07
3.356306674e-07
3.584769323e-07
4.027681419e-07
5.256576159e-07
4.001917972e-07
5.207596002e-07
3.523205342e-07
3.62431131e-07
3.751825002e-07
3.92258219e-07
4.140415635e-07
4.448279356e-07
4.863562344e-07
5.493927726e-07
6.450867728e-07
8.12242153e-07
1.138987313e-06
3.215987794e-07
3.220630351e-07
3.238136207e-07
3.259126777e-07
3.291901796e-07
3.329857329e-07
3.381328521e-07
3.443272972e-07
3.522988022e-07
3.623934609e-07
3.751583762e-07
3.921699211e-07
4.139821672e-07
4.447313602e-07
4.863048629e-07
5.492178511e-07
6.449121913e-07
8.120771729e-07
1.138809291e-06
3.336013672e-07
3.271716655e-07
3.237340056e-07
3.221282869e-07
3.216058685e-07
3.220541428e-07
3.238075514e-07
3.258866753e-07
3.291674001e-07
3.329643781e-07
3.381170845e-07
3.442990934e-07
3.522705019e-07
3.623196345e-07
3.751132789e-07
3.921020122e-07
4.139503214e-07
4.446284876e-07
4.861816077e-07
5.490527308e-07
6.448185497e-07
8.117593584e-07
1.138668256e-06
3.513865139e-07
3.462844769e-07
3.405496817e-07
3.336555598e-07
3.272186395e-07
3.237611082e-07
3.221413485e-07
3.21610151e-07
3.220375026e-07
3.237963438e-07
3.258695367e-07
3.291547289e-07
3.329223785e-07
3.380831004e-07
3.442410823e-07
3.522349286e-07
3.622818519e-07
3.750886864e-07
3.920177894e-07
4.138711389e-07
4.445037918e-07
4.861238472e-07
5.488867562e-07
6.445843334e-07
8.115543197e-07
1.138460646e-06
3.59080852e-07
3.555717941e-07
3.514416062e-07
3.463332995e-07
3.405933293e-07
3.33709348e-07
3.272591137e-07
3.237835296e-07
3.221516173e-07
3.216139524e-07
3.220270723e-07
3.237908285e-07
3.258451121e-07
3.291265704e-07
3.328969115e-07
3.380684623e-07
3.442154852e-07
3.522122214e-07
3.622124209e-07
3.75028464e-07
3.919365993e-07
4.1383605e-07
4.444068795e-07
4.859699056e-07
5.486717054e-07
6.444664526e-07
8.112104965e-07
1.138262689e-06
3.648926188e-07
3.621495743e-07
3.591260859e-07
3.556217129e-07
3.514599758e-07
3.463653293e-07
3.406549909e-07
3.33769782e-07
3.272982264e-07
3.238058976e-07
3.22161605e-07
3.216168356e-07
3.220102875e-07
3.237762554e-07
3.258232934e-07
3.29115212e-07
3.328596614e-07
3.380292922e-07
3.4415477e-07
3.521654967e-07
3.621639993e-07
3.750034818e-07
3.918591729e-07
4.137403248e-07
4.442518691e-07
4.858912729e-07
5.485132777e-07
6.441876738e-07
8.109559598e-07
1.138015107e-06
3.692797103e-07
3.671641334e-07
3.649200435e-07
3.621827384e-07
3.591531099e-07
3.556627118e-07
3.515180552e-07
3.464284904e-07
3.406983909e-07
3.338295355e-07
3.273359662e-07
3.238259025e-07
3.221693973e-07
3.216187784e-07
3.219970058e-07
3.237705167e-07
3.257996999e-07
3.29082296e-07
3.32827594e-07
3.380148721e-07
3.441299723e-07
3.521446985e-07
3.621012327e-07
3.749293524e-07
3.917606903e-07
4.13691696e-07
4.44157663e-07
4.857262948e-07
5.482504116e-07
6.440330719e-07
8.105899387e-07
1.13775938e-06
3.727622297e-07
3.709989234e-07
3.692987803e-07
3.671852088e-07
3.649320784e-07
3.622072968e-07
3.59210199e-07
3.557325292e-07
3.515383193e-07
3.464639466e-07
3.407645139e-07
3.339055374e-07
3.273771525e-07
3.238481764e-07
3.221787375e-07
3.216211745e-07
3.21979003e-07
3.237522282e-07
3.257710851e-07
3.29070427e-07
3.327940205e-07
3.379701374e-07
3.440647682e-07
3.520887521e-07
3.620392089e-07
3.749013705e-07
3.916886072e-07
4.135899974e-07
4.439766044e-07
4.85605431e-07
5.480897887e-07
6.437236016e-07
8.102818655e-07
1.137467754e-06
3.759443932e-07
3.741975596e-07
3.727688713e-07
3.710081227e-07
3.693087193e-07
3.672036515e-07
3.649686395e-07
3.62259549e-07
3.592506267e-07
3.557801907e-07
3.516030564e-07
3.465517836e-07
3.408253599e-07
3.339733386e-07
3.274226094e-07
3.238710401e-07
3.221867722e-07
3.216222486e-07
3.219616369e-07
3.237457487e-07
3.257474079e-07
3.290329361e-07
3.327534289e-07
3.379550196e-07
3.440392788e-07
3.520669907e-07
3.619820043e-07
3.748175276e-07
3.915719091e-07
4.135145138e-07
4.438761863e-07
4.854398137e-07
5.477897875e-07
6.435221899e-07
8.098942905e-07
1.137161332e-06
3.795735151e-07
3.776211684e-07
3.759429507e-07
3.742012075e-07
3.727901644e-07
3.710302467e-07
3.693386366e-07
3.672342642e-07
3.649860632e-07
3.62291709e-07
3.593236296e-07
3.558783597e-07
3.516330102e-07
3.465950252e-07
3.409055189e-07
3.340694035e-07
3.274744665e-07
3.238981204e-07
3.221975469e-07
3.216250743e-07
3.21942114e-07
3.237236242e-07
3.257097924e-07
3.290201954e-07
3.327229118e-07
3.379037309e-07
3.439677227e-07
3.520018835e-07
3.61904586e-07
3.747781298e-07
3.915008882e-07
4.134123857e-07
4.436750956e-07
4.852770141e-07
5.476129457e-07
6.431915567e-07
8.095326092e-07
1.136828081e-06
3.913679244e-07
3.856673858e-07
3.821908162e-07
3.79575594e-07
3.776257383e-07
3.759395415e-07
3.742162326e-07
3.728099074e-07
3.710401056e-07
3.693564397e-07
3.67254115e-07
3.650364843e-07
3.623729233e-07
3.593920445e-07
3.559292811e-07
3.517049832e-07
3.467185337e-07
3.410031819e-07
3.341478194e-07
3.275337873e-07
3.239280147e-07
3.2220725e-07
3.216259931e-07
3.219187566e-07
3.237159029e-07
3.256852822e-07
3.289770469e-07
3.326711375e-07
3.378872071e-07
3.439404181e-07
3.519779114e-07
3.618500514e-07
3.74691461e-07
3.913673923e-07
4.133078134e-07
4.435605161e-07
4.851072346e-07
5.472865081e-07
6.429362979e-07
8.091210282e-07
1.136472015e-06
4.258003628e-07
4.016144702e-07
3.913531719e-07
3.856587283e-07
3.821863567e-07
3.795945253e-07
3.776425472e-07
3.759339482e-07
3.742235398e-07
3.72830515e-07
3.710739034e-07
3.694088098e-07
3.672977778e-07
3.650729342e-07
3.624181366e-07
3.594810795e-07
3.560599791e-07
3.51765542e-07
3.46780122e-07
3.411010454e-07
3.342718513e-07
3.276009674e-07
3.239631075e-07
3.222204381e-07
3.216290276e-07
3.218962515e-07
3.23689536e-07
3.256349621e-07
3.289628638e-07
3.326432581e-07
3.378316339e-07
3.438592124e-07
3.519018974e-07
3.617568836e-07
3.746314528e-07
3.912912716e-07
4.132036668e-07
4.43343028e-07
4.849065474e-07
5.470803873e-07
6.425896223e-07
8.087079126e-07
1.136096706e-06
0.0007056537453
1.600536187e-05
8.249650298e-07
5.030044911e-07
4.256768079e-07
4.015899828e-07
3.913627398e-07
3.85676355e-07
3.822036143e-07
3.7959609e-07
3.776415418e-07
3.759300352e-07
3.742517656e-07
3.728536838e-07
3.710896439e-07
3.694328575e-07
3.673228604e-07
3.651427869e-07
3.625388335e-07
3.596043092e-07
3.561147672e-07
3.518462391e-07
3.469622846e-07
3.412572602e-07
3.343688461e-07
3.27683939e-07
3.2400299e-07
3.222332309e-07
3.216295647e-07
3.218635518e-07
3.236778412e-07
3.256084738e-07
3.289171076e-07
3.325768446e-07
3.378040927e-07
3.438287956e-07
3.518744442e-07
3.617004077e-07
3.745453415e-07
3.911419013e-07
4.130689399e-07
4.432088742e-07
4.847255284e-07
5.467358094e-07
6.422777137e-07
8.082682971e-07
1.13568885e-06
0.01174368982
0.0007254167986
1.635434707e-05
8.228683205e-07
5.024327413e-07
4.255598923e-07
4.015712022e-07
3.913438234e-07
3.856638202e-07
3.822013325e-07
3.796272671e-07
3.776600237e-07
3.7593339e-07
3.742640828e-07
3.72867492e-07
3.711505695e-07
3.695063135e-07
3.673998059e-07
3.652235007e-07
3.626226247e-07
3.597000484e-07
3.562829653e-07
3.519766058e-07
3.470490529e-07
3.413662009e-07
3.345373308e-07
3.277783808e-07
3.240482198e-07
3.222500163e-07
3.216326519e-07
3.218354763e-07
3.236491095e-07
3.255416337e-07
3.288907297e-07
3.325480274e-07
3.377496401e-07
3.437337696e-07
3.517847569e-07
3.61591073e-07
3.744590691e-07
3.910541639e-07
4.129599383e-07
4.429752096e-07
4.844909421e-07
5.464897273e-07
6.41914263e-07
8.078043552e-07
1.135263148e-06
0.01218299598
0.0007497282383
1.680706247e-05
8.232820705e-07
5.018940827e-07
4.254708811e-07
4.015998327e-07
3.914039437e-07
3.857245785e-07
3.822496753e-07
3.796273757e-07
3.776575112e-07
3.759304748e-07
3.743063532e-07
3.729174111e-07
3.711752694e-07
3.695399154e-07
3.674433132e-07
3.653216747e-07
3.627690609e-07
3.599113805e-07
3.563420753e-07
3.520680288e-07
3.472952076e-07
3.41612868e-07
3.346822884e-07
3.278961615e-07
3.241040265e-07
3.222682741e-07
3.216337171e-07
3.217898682e-07
3.236250789e-07
3.255086702e-07
3.288475602e-07
3.324642539e-07
3.377006106e-07
3.436977749e-07
3.517512911e-07
3.61525558e-07
3.743732939e-07
3.908887832e-07
4.127931497e-07
4.428160987e-07
4.842900016e-07
5.461298213e-07
6.415443188e-07
8.073273834e-07
1.134792809e-06
0.01274432949
0.000780417539
1.722527223e-05
8.221307205e-07
5.014933862e-07
4.253967082e-07
4.015645633e-07
3.913745046e-07
3.857039182e-07
3.822456642e-07
3.796678161e-07
3.776922954e-07
3.75958067e-07
3.743471582e-07
3.729414113e-07
3.712619316e-07
3.696598308e-07
3.67576944e-07
3.654681803e-07
3.629585097e-07
3.600082116e-07
3.565374214e-07
3.523330528e-07
3.474835094e-07
3.417325435e-07
3.349081889e-07
3.280197557e-07
3.241657223e-07
3.222915616e-07
3.216380601e-07
3.21750618e-07
3.235964701e-07
3.25423114e-07
3.288001399e-07
3.324278751e-07
3.376498186e-07
3.43583013e-07
3.516436246e-07
3.613989574e-07
3.742538446e-07
3.907819307e-07
4.126749154e-07
4.425637469e-07
4.840230532e-07
5.458363819e-07
6.411581727e-07
8.068117916e-07
1.134307569e-06
0.01346842763
0.0008406575608
1.81473922e-05
8.265140858e-07
5.013129978e-07
4.255296217e-07
4.017876442e-07
3.915564574e-07
3.858465219e-07
3.823436302e-07
3.797026961e-07
3.776853284e-07
3.759619062e-07
3.744121314e-07
3.730498451e-07
3.713381678e-07
3.697126666e-07
3.676670647e-07
3.656463036e-07
3.631099833e-07
3.603172399e-07
3.566828023e-07
3.524791201e-07
3.477494993e-07
3.421022965e-07
3.351433518e-07
3.281865437e-07
3.242481914e-07
3.223172195e-07
3.2163668e-07
3.216859677e-07
3.235528206e-07
3.253727025e-07
3.287612937e-07
3.323265994e-07
3.375696505e-07
3.435372149e-07
3.515999582e-07
3.613143051e-07
3.741667911e-07
3.90599868e-07
4.124722018e-07
4.423730409e-07
4.8379472e-07
5.45458781e-07
6.407309838e-07
8.062882882e-07
1.133766458e-06
0.01438819804
0.0008759065595
1.854861545e-05
8.25381755e-07
5.009104338e-07
4.254092457e-07
4.017247392e-07
3.915030896e-07
3.858140735e-07
3.823375689e-07
3.797305804e-07
3.777752911e-07
3.760483874e-07
3.745199583e-07
3.730868507e-07
3.714394351e-07
3.699348633e-07
3.678931415e-07
3.658608715e-07
3.63450663e-07
3.604231904e-07
3.568795886e-07
3.529447224e-07
3.481413695e-07
3.422569856e-07
3.354198691e-07
3.283532938e-07
3.243176936e-07
3.223345239e-07
3.216319657e-07
3.216223328e-07
3.235222422e-07
3.252682317e-07
3.286845237e-07
3.322639151e-07
3.37522134e-07
3.434060403e-07
3.514658088e-07
3.611685341e-07
3.740074193e-07
3.904624927e-07
4.123380857e-07
4.420987753e-07
4.834926573e-07
5.451130338e-07
6.403121177e-07
8.057179393e-07
1.133211985e-06
0.01544987512
0.0009982714771
2.068444849e-05
8.38185045e-07
5.027250348e-07
4.263788926e-07
4.023728212e-07
3.919759467e-07
3.861322936e-07
3.825363835e-07
3.798454733e-07
3.777747689e-07
3.76070917e-07
3.746020813e-07
3.732669866e-07
3.716529244e-07
3.700157156e-07
3.68040149e-07
3.661995478e-07
3.636016508e-07
3.608259514e-07
3.573049881e-07
3.53235215e-07
3.48349867e-07
3.42711215e-07
3.358420128e-07
3.285550503e-07
3.244183096e-07
3.223652303e-07
3.216058969e-07
3.215384831e-07
3.234519904e-07
3.251813381e-07
3.286465002e-07
3.321488725e-07
3.374037443e-07
3.433198261e-07
3.514072883e-07
3.610538948e-07
3.739125546e-07
3.902631557e-07
4.12094755e-07
4.418666434e-07
4.832305468e-07
5.447097947e-07
6.39827306e-07
8.051363937e-07
1.132591507e-06
0.01679833484
0.001071192356
2.162148266e-05
8.429387891e-07
5.026155558e-07
4.265765873e-07
4.025362593e-07
3.919681054e-07
3.860972703e-07
3.825403315e-07
3.798718503e-07
3.779004599e-07
3.763015616e-07
3.748366751e-07
3.733984246e-07
3.717619665e-07
3.703324864e-07
3.68478385e-07
3.664864598e-07
3.64110242e-07
3.610903821e-07
3.575495073e-07
3.537662065e-07
3.490385157e-07
3.431357538e-07
3.361029962e-07
3.287727325e-07
3.245088178e-07
3.223660236e-07
3.215568182e-07
3.2147364e-07
3.234100577e-07
3.250614877e-07
3.28536933e-07
3.320356425e-07
3.373479358e-07
3.431814812e-07
3.512383928e-07
3.608834851e-07
3.737103453e-07
3.900805345e-07
4.119351523e-07
4.415690149e-07
4.828873185e-07
5.443088099e-07
6.39364548e-07
8.04508227e-07
1.131974616e-06
0.01800772532
0.001299744746
2.65907156e-05
8.692670957e-07
5.084177028e-07
4.2881283e-07
4.036973712e-07
3.928322254e-07
3.867603426e-07
3.829761826e-07
3.801166098e-07
3.780866106e-07
3.763541135e-07
3.749370593e-07
3.736129737e-07
3.721795826e-07
3.706277191e-07
3.686955497e-07
3.669801472e-07
3.643017849e-07
3.615249997e-07
3.583471316e-07
3.544880075e-07
3.492542195e-07
3.435238849e-07
3.367331924e-07
3.289841305e-07
3.245820473e-07
3.223547311e-07
3.214997859e-07
3.213928765e-07
3.23290987e-07
3.249177435e-07
3.284890128e-07
3.319103774e-07
3.371899001e-07
3.430373495e-07
3.511603637e-07
3.607342785e-07
3.735955386e-07
3.898648236e-07
4.116512607e-07
4.412847727e-07
4.825878723e-07
5.438718249e-07
6.388243238e-07
8.038660534e-07
1.131295947e-06
0.02010584859
0.001446624106
3.083444653e-05
9.00865766e-07
5.111851949e-07
4.304883956e-07
4.047594344e-07
3.932822097e-07
3.868338586e-07
3.830140829e-07
3.802472335e-07
3.782634673e-07
3.768009411e-07
3.753590735e-07
3.739948192e-07
3.723619227e-07
3.709734456e-07
3.693984475e-07
3.673813728e-07
3.650798773e-07
3.623012881e-07
3.58828753e-07
3.548702367e-07
3.500404427e-07
3.444355921e-07
3.369969954e-07
3.291871399e-07
3.246417469e-07
3.223256018e-07
3.214175121e-07
3.213054743e-07
3.232253303e-07
3.24798061e-07
3.283434736e-07
3.317266162e-07
3.371201758e-07
3.428958753e-07
3.509562691e-07
3.605295823e-07
3.733547378e-07
3.896271434e-07
4.114548876e-07
4.409666791e-07
4.821997069e-07
5.43416438e-07
6.383110704e-07
8.031846669e-07
1.130660687e-06
0.02231968143
0.001919280806
4.42694729e-05
9.512190391e-07
5.251760933e-07
4.357704714e-07
4.072890256e-07
3.948455886e-07
3.88114804e-07
3.839374284e-07
3.807906115e-07
3.787415115e-07
3.769158896e-07
3.755356693e-07
3.742167937e-07
3.729271324e-07
3.716440921e-07
3.696969646e-07
3.680498186e-07
3.653934387e-07
3.62751365e-07
3.596464108e-07
3.560782739e-07
3.507365172e-07
3.447932893e-07
3.375832694e-07
3.293560696e-07
3.246771995e-07
3.22291556e-07
3.213606561e-07
3.212300138e-07
3.230591504e-07
3.2459261e-07
3.282788274e-07
3.315993814e-07
3.369306103e-07
3.426861218e-07
3.508480174e-07
3.603527553e-07
3.73211029e-07
3.893972283e-07
4.111399949e-07
4.406256575e-07
4.818623118e-07
5.429418538e-07
6.377210958e-07
8.024919371e-07
1.129981245e-06
0.02426932898
0.00229767114
6.15665794e-05
1.185670378e-06
5.369787451e-07
4.410454931e-07
4.099616227e-07
3.963881144e-07
3.886517145e-07
3.841517441e-07
3.811189329e-07
3.790668149e-07
3.776049526e-07
3.761894666e-07
3.74930579e-07
3.73448394e-07
3.720180517e-07
3.706626616e-07
3.686493299e-07
3.663856644e-07
3.640339587e-07
3.607693601e-07
3.564952022e-07
3.513543998e-07
3.459148904e-07
3.379561001e-07
3.29530704e-07
3.247046511e-07
3.222312616e-07
3.212411319e-07
3.210923272e-07
3.229308208e-07
3.244882284e-07
3.281163083e-07
3.313417386e-07
3.36834378e-07
3.425383474e-07
3.506022085e-07
3.601009878e-07
3.729184982e-07
3.890915349e-07
4.108844864e-07
4.402696101e-07
4.814019092e-07
5.423981324e-07
6.371128187e-07
8.017115665e-07
1.129353825e-06
0.02594069398
0.003177144133
9.802209044e-05
1.555449166e-06
5.694498435e-07
4.531370374e-07
4.164499066e-07
3.997113781e-07
3.911375082e-07
3.85964654e-07
3.821780263e-07
3.799309798e-07
3.778688786e-07
3.766075726e-07
3.752666135e-07
3.740607634e-07
3.730254712e-07
3.710824254e-07
3.694934021e-07
3.67153553e-07
3.646834752e-07
3.613955207e-07
3.57777425e-07
3.527065414e-07
3.464968231e-07
3.383956008e-07
3.296743811e-07
3.247172416e-07
3.221787384e-07
3.21169792e-07
3.210100756e-07
3.227504314e-07
3.242360776e-07
3.279723684e-07
3.311972958e-07
3.366259484e-07
3.422384235e-07
3.504577568e-07
3.598707183e-07
3.727260397e-07
3.888010072e-07
4.10472977e-07
4.397773392e-07
4.809246677e-07
5.417430285e-07
6.362971383e-07
8.007878063e-07
1.128768213e-06
0.0258076503
0.004020872468
0.0001607180712
2.550120181e-06
6.105816099e-07
4.6865405e-07
4.223319494e-07
4.034585631e-07
3.927692343e-07
3.866789242e-07
3.831052281e-07
3.805330736e-07
3.790041895e-07
3.774968024e-07
3.763286138e-07
3.750189685e-07
3.735185844e-07
3.722811062e-07
3.704544106e-07
3.682968218e-07
3.661244256e-07
3.630329409e-07
3.58798285e-07
3.53369703e-07
3.474773741e-07
3.389508313e-07
3.298726042e-07
3.247389384e-07
3.220932738e-07
3.210101343e-07
3.208131158e-07
3.225165755e-07
3.241248902e-07
3.277988638e-07
3.308498579e-07
3.36425633e-07
3.420485443e-07
3.500927724e-07
3.595003199e-07
3.72266924e-07
3.883081763e-07
4.100381255e-07
4.392419442e-07
4.801951877e-07
5.408530335e-07
6.353101685e-07
7.996227397e-07
1.128107439e-06
0.02446741575
0.004423880068
0.0003026382179
5.11984269e-06
7.068388781e-07
4.984576402e-07
4.37973885e-07
4.109351087e-07
3.976652842e-07
3.899864638e-07
3.848026035e-07
3.820378631e-07
3.795245336e-07
3.781985511e-07
3.768482038e-07
3.756905464e-07
3.748621916e-07
3.730128538e-07
3.714809372e-07
3.694449479e-07
3.672197322e-07
3.637877089e-07
3.599995586e-07
3.549789211e-07
3.484746338e-07
3.394936296e-07
3.300628276e-07
3.247531632e-07
3.220292772e-07
3.209176333e-07
3.207087904e-07
3.223360895e-07
3.238326263e-07
3.275073232e-07
3.306631603e-07
3.361944094e-07
3.415901322e-07
3.498888738e-07
3.591482713e-07
3.719865634e-07
3.87880225e-07
4.094091035e-07
4.384030788e-07
4.793582869e-07
5.397564613e-07
6.339493297e-07
7.981614269e-07
1.12722929e-06
0.02187290461
0.005008865056
0.0006167862488
1.627471358e-05
1.107654458e-06
5.099871624e-07
4.511060031e-07
4.193342711e-07
4.017915246e-07
3.924244276e-07
3.870596621e-07
3.830976456e-07
3.81308456e-07
3.79563351e-07
3.783688577e-07
3.771567043e-07
3.755433139e-07
3.743998089e-07
3.728292137e-07
3.708758252e-07
3.687811569e-07
3.658359589e-07
3.616699873e-07
3.560388133e-07
3.495043638e-07
3.402597205e-07
3.303573152e-07
3.248182998e-07
3.219404724e-07
3.20723642e-07
3.204598752e-07
3.219818966e-07
3.236619298e-07
3.273031151e-07
3.302364231e-07
3.358018611e-07
3.413281587e-07
3.493724726e-07
3.58571929e-07
3.712294583e-07
3.870208799e-07
4.086007636e-07
4.375112198e-07
4.781459286e-07
5.382092606e-07
6.322618909e-07
7.962905756e-07
1.125902177e-06
0.0182650712
0.004888486976
0.0006835183836
7.001952902e-05
4.043406334e-06
7.784915352e-07
4.88979214e-07
4.358095995e-07
4.121138274e-07
3.980375265e-07
3.897777577e-07
3.859314006e-07
3.823118349e-07
3.806395171e-07
3.791567579e-07
3.779919298e-07
3.772780763e-07
3.756089596e-07
3.741646763e-07
3.723446036e-07
3.703553361e-07
3.668222384e-07
3.629971924e-07
3.578607565e-07
3.509677647e-07
3.411581095e-07
3.307328806e-07
3.248765974e-07
3.218471524e-07
3.205735893e-07
3.202930657e-07
3.217781764e-07
3.233428907e-07
3.267857569e-07
3.298767974e-07
3.355141626e-07
3.405899686e-07
3.489117096e-07
3.57958364e-07
3.707237169e-07
3.863548718e-07
4.076258088e-07
4.360882559e-07
4.766033958e-07
5.3633941e-07
6.299841151e-07
7.937903334e-07
1.12392571e-06
0.01438068263
0.00700577079
0.001344561295
0.0001603257193
1.254035536e-05
1.230790948e-06
5.557915825e-07
4.544663849e-07
4.204996115e-07
4.045424431e-07
3.948361651e-07
3.878338766e-07
3.850393125e-07
3.827180316e-07
3.813873191e-07
3.801100043e-07
3.783652631e-07
3.773114956e-07
3.759474551e-07
3.742267279e-07
3.722186422e-07
3.694174948e-07
3.653631696e-07
3.595618438e-07
3.524128065e-07
3.423570935e-07
3.312167868e-07
3.250084144e-07
3.217717243e-07
3.20362935e-07
3.199965256e-07
3.212667347e-07
3.229560588e-07
3.264945507e-07
3.294042482e-07
3.347937871e-07
3.402079226e-07
3.482100324e-07
3.570769617e-07
3.695672202e-07
3.848533133e-07
4.060775988e-07
4.344684332e-07
4.745791485e-07
5.336681756e-07
6.270279963e-07
7.904476579e-07
1.120979978e-06
0.01091789127
0.009025891643
0.001667162963
0.0002212067181
2.005695237e-05
2.776413176e-06
7.960718707e-07
5.087987903e-07
4.44871442e-07
4.151509209e-07
3.99869382e-07
3.928283135e-07
3.871585388e-07
3.846145496e-07
3.82609646e-07
3.813259801e-07
3.807167331e-07
3.791185076e-07
3.777830688e-07
3.761474821e-07
3.744147189e-07
3.709094153e-07
3.671222401e-07
3.618684941e-07
3.545670907e-07
3.438581831e-07
3.319171158e-07
3.25187719e-07
3.216563578e-07
3.201012034e-07
3.197067305e-07
3.209859094e-07
3.226178387e-07
3.256924158e-07
3.28678928e-07
3.343590454e-07
3.391186276e-07
3.472551265e-07
3.559540829e-07
3.684488864e-07
3.836603588e-07
4.045281188e-07
4.321442696e-07
4.717367875e-07
5.303878924e-07
6.230825096e-07
7.857486312e-07
1.116786446e-06
0.009047561806
0.0155379098
0.003406031191
0.0004698123933
7.124474968e-05
5.905216339e-06
9.478541357e-07
5.474049242e-07
4.679080125e-07
4.309083159e-07
4.109291427e-07
3.976733376e-07
3.91697567e-07
3.877754047e-07
3.860660787e-07
3.844393994e-07
3.823363354e-07
3.813969676e-07
3.801894061e-07
3.787166022e-07
3.768662933e-07
3.74278549e-07
3.704296055e-07
3.645258427e-07
3.568428804e-07
3.458490689e-07
3.328134309e-07
3.254403681e-07
3.215869911e-07
3.198691424e-07
3.193551625e-07
3.203068143e-07
3.218458732e-07
3.251502925e-07
3.281660264e-07
3.331210645e-07
3.38258979e-07
3.461866655e-07
3.545405427e-07
3.667182264e-07
3.812061865e-07
4.01653998e-07
4.290113194e-07
4.682246172e-07
5.258093455e-07
6.17617273e-07
7.792968185e-07
1.110825625e-06
0.009421270279
0.01938847936
0.007062445918
0.001022396244
9.879922252e-05
1.65714532e-05
2.636804939e-06
8.356787449e-07
5.174135958e-07
4.547612638e-07
4.221661839e-07
4.065616888e-07
3.961104557e-07
3.914740259e-07
3.880865659e-07
3.864866764e-07
3.858420975e-07
3.8405205e-07
3.828018694e-07
3.813447931e-07
3.799431294e-07
3.76646876e-07
3.730060878e-07
3.677702505e-07
3.601401899e-07
3.484329561e-07
3.339647734e-07
3.257985521e-07
3.214610117e-07
3.194674618e-07
3.188646215e-07
3.197258078e-07
3.214020661e-07
3.241557464e-07
3.267905201e-07
3.322991742e-07
3.36790692e-07
3.44459946e-07
3.525335585e-07
3.644327918e-07
3.78787467e-07
3.989339074e-07
4.252829049e-07
4.632239528e-07
5.197637138e-07
6.102775613e-07
7.702088853e-07
1.102416631e-06
0.009860956335
0.01871301909
0.01198594682
0.003089356497
0.0005746803174
2.702800917e-05
6.436032179e-06
1.490610526e-06
6.656210882e-07
4.900178798e-07
4.430855452e-07
4.174672702e-07
4.050787464e-07
3.967647779e-07
3.937495991e-07
3.909418602e-07
3.882005355e-07
3.873906147e-07
3.861919092e-07
3.849464054e-07
3.83364851e-07
3.812241551e-07
3.776966089e-07
3.71876847e-07
3.638605896e-07
3.517843009e-07
3.35400053e-07
3.262165293e-07
3.213704812e-07
3.191352244e-07
3.183837903e-07
3.188805793e-07
3.201490872e-07
3.228742008e-07
3.260435066e-07
3.304850176e-07
3.349794688e-07
3.425437326e-07
3.501072731e-07
3.616395635e-07
3.749640642e-07
3.939808171e-07
4.193212757e-07
4.566265809e-07
5.115645157e-07
5.998548812e-07
7.575172744e-07
1.090381676e-06
3.887484959e-07
3.87786117e-07
3.848566213e-07
3.816673202e-07
3.767992488e-07
3.691118934e-07
3.562423404e-07
3.372741678e-07
3.267158996e-07
3.211571036e-07
3.185571809e-07
3.176197536e-07
3.177739067e-07
3.192991794e-07
3.217459259e-07
3.238833917e-07
3.286034438e-07
3.327973756e-07
3.396630767e-07
3.466787459e-07
3.574747119e-07
3.701093368e-07
3.886743241e-07
4.129282599e-07
4.48032131e-07
5.002461359e-07
5.855856043e-07
7.396411467e-07
1.072919006e-06
3.830839783e-07
3.752198237e-07
3.621209301e-07
3.395799724e-07
3.274607988e-07
3.210438763e-07
3.17964144e-07
3.168517956e-07
3.166453681e-07
3.175973966e-07
3.19370887e-07
3.222656214e-07
3.26060616e-07
3.296109967e-07
3.361083306e-07
3.424163059e-07
3.52493521e-07
3.639187928e-07
3.805994433e-07
4.023018485e-07
4.352791334e-07
4.846169762e-07
5.654834628e-07
7.142133075e-07
1.046795764e-06
3.695354224e-07
3.428238404e-07
3.28470355e-07
3.210067081e-07
3.173663121e-07
3.157190982e-07
3.151207392e-07
3.160231708e-07
3.179207945e-07
3.19506499e-07
3.228722845e-07
3.262506028e-07
3.318770218e-07
3.37226371e-07
3.461161138e-07
3.560324508e-07
3.713253649e-07
3.915373118e-07
4.21541152e-07
4.659476264e-07
5.405660484e-07
6.811310125e-07
1.010634134e-06
3.296881731e-07
3.212270947e-07
3.168811613e-07
3.148119071e-07
3.140963895e-07
3.144800931e-07
3.154439168e-07
3.173704559e-07
3.20275537e-07
3.22856934e-07
3.277318332e-07
3.323279435e-07
3.402851419e-07
3.48946713e-07
3.624356491e-07
3.79593625e-07
4.060845699e-07
4.463103032e-07
5.145807788e-07
6.462093678e-07
9.69271976e-07
3.213723472e-07
3.165167925e-07
3.140908722e-07
3.129852241e-07
3.131515528e-07
3.142829696e-07
3.15367069e-07
3.177314004e-07
3.20040414e-07
3.24359006e-07
3.282147714e-07
3.351471386e-07
3.425621922e-07
3.546047299e-07
3.703129283e-07
3.944694171e-07
4.305185284e-07
4.926326646e-07
6.145578059e-07
9.282844339e-07
3.162827278e-07
3.13487791e-07
3.123089203e-07
3.121484222e-07
3.126177857e-07
3.138027728e-07
3.159225357e-07
3.176984518e-07
3.214417398e-07
3.247314165e-07
3.309952494e-07
3.375309706e-07
3.483564189e-07
3.619576514e-07
3.834005881e-07
4.161193243e-07
4.729425897e-07
5.86229643e-07
8.87319464e-07
3.130696816e-07
3.115627248e-07
3.112504817e-07
3.118248542e-07
3.124687961e-07
3.141956736e-07
3.15752237e-07
3.191424503e-07
3.219225107e-07
3.274677876e-07
3.331556267e-07
3.429173315e-07
3.554639576e-07
3.753095925e-07
4.051012757e-07
4.572736868e-07
5.623005864e-07
8.513223308e-07
3.111231887e-07
3.106011615e-07
3.10729109e-07
3.114088107e-07
3.129783265e-07
3.141641008e-07
3.171614116e-07
3.195620424e-07
3.246466744e-07
3.297387438e-07
3.386833508e-07
3.498212766e-07
3.677708583e-07
3.951970039e-07
4.434714832e-07
5.40990351e-07
7.971489909e-07
3.100184718e-07
3.102104326e-07
3.105315183e-07
3.118367439e-07
3.128818204e-07
3.156413516e-07
3.176730747e-07
3.222844108e-07
3.268137142e-07
3.35025023e-07
3.454486431e-07
3.623345054e-07
3.877882448e-07
4.327883612e-07
5.23775967e-07
7.741348534e-07
3.094970433e-07
3.09833227e-07
3.110323776e-07
3.118070887e-07
3.143203718e-07
3.161145141e-07
3.204049814e-07
3.245323673e-07
3.321984803e-07
3.416870715e-07
3.572901284e-07
3.81137465e-07
4.234325483e-07
5.08904625e-07
7.30821857e-07
3.091626299e-07
3.09256001e-07
3.102813124e-07
3.109770678e-07
3.13316922e-07
3.148429431e-07
3.188343226e-07
3.225895137e-07
3.297617177e-07
3.387772415e-07
3.536786125e-07
3.762166933e-07
4.162956973e-07
4.971142266e-07
7.116906926e-07
3.087988504e-07
3.097498242e-07
3.10287016e-07
3.124416683e-07
3.138190421e-07
3.175879666e-07
3.210705805e-07
3.278807064e-07
3.362751517e-07
3.503177918e-07
3.717826307e-07
4.100369127e-07
4.870802798e-07
6.918557526e-07
3.084206869e-07
3.092545047e-07
3.096565932e-07
3.117732466e-07
3.129655077e-07
3.165440163e-07
3.197791052e-07
3.262598085e-07
3.343418814e-07
3.479220287e-07
3.685204976e-07
4.052971852e-07
4.792077692e-07
6.769626193e-07
3.089021227e-07
3.092596164e-07
3.111902882e-07
3.122884829e-07
3.157161744e-07
3.18766352e-07
3.25007201e-07
3.326753864e-07
3.456823362e-07
3.655666986e-07
4.011248798e-07
4.725028891e-07
6.641872568e-07
3.085752696e-07
3.08901323e-07
3.10744983e-07
3.11719216e-07
3.150199821e-07
3.179060031e-07
3.239276846e-07
3.313889929e-07
3.440903242e-07
3.634004698e-07
3.979768273e-07
4.672614247e-07
6.533235506e-07
3.083433415e-07
3.084066676e-07
3.103494937e-07
3.112727759e-07
3.144671268e-07
3.17229792e-07
3.230922356e-07
3.302769886e-07
3.425956172e-07
3.614304711e-07
3.951947417e-07
4.627862454e-07
6.444706792e-07
3.080228137e-07
3.100512612e-07
3.108924386e-07
3.140009445e-07
3.166556849e-07
3.223719192e-07
3.294193178e-07
3.415352179e-07
3.599885401e-07
3.930998992e-07
4.592974759e-07
6.37347133e-07
3.079967742e-07
3.097728308e-07
3.105738747e-07
3.135997938e-07
3.161664328e-07
3.217670749e-07
3.286134781e-07
3.40451418e-07
3.585605746e-07
3.910834279e-07
4.560550441e-07
6.305159587e-07
3.078069462e-07
3.095090554e-07
3.102474783e-07
3.131959643e-07
3.156692465e-07
3.211416169e-07
3.278680362e-07
3.395290991e-07
3.573054726e-07
3.892586043e-07
4.530138299e-07
6.238025869e-07
3.075295449e-07
3.092473128e-07
3.099432663e-07
3.128058712e-07
3.151938209e-07
3.205521564e-07
3.270804792e-07
3.384679626e-07
3.559062037e-07
3.872811441e-07
4.498333075e-07
6.172028829e-07
3.089862457e-07
3.095950627e-07
3.124076817e-07
3.14703738e-07
3.199340686e-07
3.263431769e-07
3.375552148e-07
3.54663196e-07
3.85473016e-07
4.468190645e-07
6.107135717e-07
3.087293259e-07
3.0924976e-07
3.120225264e-07
3.142340903e-07
3.193506691e-07
3.255620068e-07
3.365016563e-07
3.53273501e-07
3.835089673e-07
4.43661571e-07
6.043309398e-07
3.084900978e-07
3.088660646e-07
3.116278631e-07
3.137492596e-07
3.187380503e-07
3.248312033e-07
3.355970738e-07
3.520412058e-07
3.817167171e-07
4.406748247e-07
5.980523324e-07
3.085375186e-07
3.112462544e-07
3.132838622e-07
3.181591932e-07
3.240550215e-07
3.345497629e-07
3.506598955e-07
3.797654918e-07
4.375410752e-07
5.918744828e-07
3.08235114e-07
3.108544061e-07
3.128032898e-07
3.175508555e-07
3.233298784e-07
3.336525778e-07
3.494377142e-07
3.779891894e-07
4.345835722e-07
5.857951073e-07
3.079337301e-07
3.104757736e-07
3.123411019e-07
3.169754694e-07
3.225579366e-07
3.326107164e-07
3.480642723e-07
3.760508982e-07
4.314752078e-07
5.798108989e-07
3.100864549e-07
3.118640259e-07
3.16370745e-07
3.2183804e-07
3.317204434e-07
3.468519443e-07
3.742907687e-07
4.285484976e-07
5.739198265e-07
3.097101987e-07
3.114044141e-07
3.157981814e-07
3.210698788e-07
3.30683475e-07
3.454860974e-07
3.723655411e-07
4.254667195e-07
5.681188243e-07
3.109299216e-07
3.151966886e-07
3.20355037e-07
3.297999117e-07
3.442836989e-07
3.70622149e-07
4.225728429e-07
5.624062575e-07
3.104732673e-07
3.146265333e-07
3.195903814e-07
3.287676084e-07
3.429255512e-07
3.687106001e-07
4.195197411e-07
5.567789232e-07
3.140337443e-07
3.188875137e-07
3.2789944e-07
3.417451149e-07
3.67001712e-07
4.166890327e-07
5.513534085e-07
3.13478361e-07
3.181427514e-07
3.268947275e-07
3.40426291e-07
3.651514248e-07
4.137493983e-07
5.460220177e-07
3.174543957e-07
3.260468043e-07
3.392766819e-07
3.634950261e-07
4.110266918e-07
5.407832975e-07
3.250510107e-07
3.379737809e-07
3.616755507e-07
4.081589949e-07
5.356339209e-07
3.24214469e-07
3.368426817e-07
3.600533087e-07
4.055124898e-07
5.305723286e-07
3.582626477e-07
4.027124533e-07
5.255955814e-07
4.001394654e-07
5.207026493e-07
3.51330277e-07
3.620486203e-07
3.741056144e-07
3.91865391e-07
4.128635819e-07
4.444036808e-07
4.850844523e-07
5.489590067e-07
6.437122026e-07
8.116754591e-07
1.138134277e-06
3.20482258e-07
3.213347391e-07
3.229022661e-07
3.253822334e-07
3.283167412e-07
3.325569091e-07
3.372140183e-07
3.439150882e-07
3.513146789e-07
3.620084378e-07
3.7407816e-07
3.917668203e-07
4.128098523e-07
4.443178726e-07
4.85037554e-07
5.487683523e-07
6.435520122e-07
8.115508984e-07
1.137924601e-06
3.312278229e-07
3.252854242e-07
3.222537863e-07
3.208980643e-07
3.205020432e-07
3.213268186e-07
3.229024431e-07
3.253599667e-07
3.282981192e-07
3.325112447e-07
3.372009699e-07
3.438859529e-07
3.512872302e-07
3.619292711e-07
3.740354738e-07
3.917046123e-07
4.127791661e-07
4.442028152e-07
4.84927231e-07
5.486115858e-07
6.43451723e-07
8.112128173e-07
1.137798161e-06
3.485787285e-07
3.435957902e-07
3.38076004e-07
3.312953823e-07
3.253480648e-07
3.222889984e-07
3.209193707e-07
3.205202475e-07
3.21323327e-07
3.229014763e-07
3.253332433e-07
3.282897638e-07
3.324875982e-07
3.371698299e-07
3.438265231e-07
3.512587231e-07
3.618902429e-07
3.740111991e-07
3.916127694e-07
4.127052623e-07
4.440934632e-07
4.848723353e-07
5.48423572e-07
6.432274426e-07
8.110545663e-07
1.137560051e-06
3.563420163e-07
3.527334864e-07
3.48644608e-07
3.43651019e-07
3.381177656e-07
3.31367602e-07
3.254041687e-07
3.223260782e-07
3.209445508e-07
3.205383601e-07
3.213152153e-07
3.229018293e-07
3.253134171e-07
3.282694103e-07
3.324401653e-07
3.371579126e-07
3.438001129e-07
3.512356974e-07
3.618130657e-07
3.739530533e-07
3.915366229e-07
4.126716958e-07
4.439824596e-07
4.847258761e-07
5.482218176e-07
6.431153504e-07
8.106771319e-07
1.137378647e-06
3.621495056e-07
3.592955659e-07
3.563707872e-07
3.527585274e-07
3.486731744e-07
3.437108054e-07
3.382173984e-07
3.314382755e-07
3.254587923e-07
3.223579782e-07
3.209652823e-07
3.205541917e-07
3.213126153e-07
3.228993052e-07
3.252856048e-07
3.282587261e-07
3.324190232e-07
3.371229657e-07
3.437378815e-07
3.511940754e-07
3.617646973e-07
3.739287575e-07
3.914522064e-07
4.125777766e-07
4.438448758e-07
4.846541702e-07
5.4803823e-07
6.428377809e-07
8.104691535e-07
1.137103904e-06
3.66289731e-07
3.642145465e-07
3.62167687e-07
3.593035233e-07
3.563848876e-07
3.527858035e-07
3.487458954e-07
3.437832498e-07
3.382636638e-07
3.315130139e-07
3.255099317e-07
3.223951364e-07
3.209915803e-07
3.205726245e-07
3.213031915e-07
3.22897707e-07
3.252662641e-07
3.282394683e-07
3.323679416e-07
3.371096401e-07
3.437124164e-07
3.51173117e-07
3.61693224e-07
3.738574696e-07
3.913591894e-07
4.125395431e-07
4.437372538e-07
4.844859189e-07
5.477911284e-07
6.427013419e-07
8.100635616e-07
1.136865291e-06
3.695073533e-07
3.678515064e-07
3.662858242e-07
3.642070544e-07
3.621697233e-07
3.59310771e-07
3.564307315e-07
3.528235741e-07
3.487783015e-07
3.438480752e-07
3.383770914e-07
3.316015236e-07
3.25572034e-07
3.224319114e-07
3.210125787e-07
3.205876478e-07
3.21300259e-07
3.228950776e-07
3.252363621e-07
3.282217631e-07
3.323476062e-07
3.37075881e-07
3.436448499e-07
3.511199824e-07
3.616324846e-07
3.738305422e-07
3.912814012e-07
4.124325329e-07
4.435699305e-07
4.843800607e-07
5.476082873e-07
6.423819207e-07
8.098015185e-07
1.136550059e-06
3.708555422e-07
3.695074879e-07
3.678471425e-07
3.662758385e-07
3.642043896e-07
3.621767099e-07
3.593361935e-07
3.564554104e-07
3.528572695e-07
3.488719078e-07
3.439515033e-07
3.384377875e-07
3.316876522e-07
3.256298584e-07
3.224735547e-07
3.210423931e-07
3.20608667e-07
3.21289073e-07
3.228897378e-07
3.252148601e-07
3.282048017e-07
3.322918288e-07
3.370504693e-07
3.436190825e-07
3.51098469e-07
3.615665796e-07
3.737496051e-07
3.91170286e-07
4.123724607e-07
4.434611495e-07
4.842017528e-07
5.473203606e-07
6.422115758e-07
8.093709842e-07
1.136260052e-06
3.739721866e-07
3.723325247e-07
3.708680232e-07
3.695039655e-07
3.678671826e-07
3.662869486e-07
3.642347798e-07
3.622063029e-07
3.593633414e-07
3.565252769e-07
3.52924048e-07
3.489168581e-07
3.440219899e-07
3.38570148e-07
3.318034772e-07
3.257096073e-07
3.225212879e-07
3.210666088e-07
3.206240085e-07
3.212853291e-07
3.228873609e-07
3.251831266e-07
3.281789542e-07
3.322706774e-07
3.370219288e-07
3.43544528e-07
3.510345622e-07
3.614914368e-07
3.737128965e-07
3.910948919e-07
4.122605916e-07
4.432668823e-07
4.840587246e-07
5.471311895e-07
6.418580199e-07
8.090540818e-07
1.135906517e-06
3.814048882e-07
3.782836705e-07
3.757647261e-07
3.740024827e-07
3.723643377e-07
3.709187364e-07
3.695382708e-07
3.678900041e-07
3.66301088e-07
3.642392983e-07
3.622066018e-07
3.593997124e-07
3.565758818e-07
3.529656916e-07
3.490371945e-07
3.44172171e-07
3.386601567e-07
3.319076977e-07
3.257803266e-07
3.2256789e-07
3.211012185e-07
3.206497714e-07
3.212713144e-07
3.228777921e-07
3.251564313e-07
3.281639118e-07
3.322087122e-07
3.369825573e-07
3.435172891e-07
3.510104507e-07
3.614294424e-07
3.736273388e-07
3.90966335e-07
4.121737937e-07
4.431514716e-07
4.838730278e-07
5.46806192e-07
6.416468094e-07
8.08598173e-07
1.135565969e-06
3.951840141e-07
3.863954313e-07
3.814276664e-07
3.783164579e-07
3.758162407e-07
3.74071178e-07
3.724170293e-07
3.709656056e-07
3.695699726e-07
3.679567211e-07
3.663564621e-07
3.642361536e-07
3.622094554e-07
3.594278866e-07
3.56677385e-07
3.530749589e-07
3.491258075e-07
3.442511526e-07
3.388125573e-07
3.320623384e-07
3.258823337e-07
3.226341064e-07
3.211316768e-07
3.206646479e-07
3.212648755e-07
3.228750854e-07
3.25122726e-07
3.281284873e-07
3.321847579e-07
3.369588834e-07
3.43438441e-07
3.509339264e-07
3.61338519e-07
3.735728652e-07
3.908877821e-07
4.120585645e-07
4.429334745e-07
4.836898556e-07
5.466039236e-07
6.412641071e-07
8.082279363e-07
1.135173788e-06
4.823611443e-07
4.158690103e-07
3.951679783e-07
3.863955973e-07
3.814253005e-07
3.783251417e-07
3.758389551e-07
3.741130616e-07
3.724611614e-07
3.710464871e-07
3.69658238e-07
3.68011571e-07
3.663830961e-07
3.642627207e-07
3.622583696e-07
3.595115965e-07
3.567692254e-07
3.531359722e-07
3.492723438e-07
3.444641322e-07
3.389578946e-07
3.321909075e-07
3.259822085e-07
3.226811957e-07
3.211678311e-07
3.207031875e-07
3.212484827e-07
3.228586585e-07
3.250861271e-07
3.281142665e-07
3.321187249e-07
3.369034191e-07
3.433970213e-07
3.509065128e-07
3.612775598e-07
3.734850739e-07
3.907430858e-07
4.119405968e-07
4.428045671e-07
4.834976819e-07
5.462452958e-07
6.410075107e-07
8.077445994e-07
1.134779804e-06
0.01154600583
0.0006093032695
1.110518513e-05
7.357199591e-07
4.818265963e-07
4.157529448e-07
3.9515531e-07
3.864132532e-07
3.814716523e-07
3.78384058e-07
3.759208543e-07
3.742103128e-07
3.725412583e-07
3.711247442e-07
3.697006013e-07
3.680912885e-07
3.66474181e-07
3.643449155e-07
3.622995296e-07
3.595660996e-07
3.56887721e-07
3.533186324e-07
3.494465443e-07
3.445659689e-07
3.391261238e-07
3.324138352e-07
3.260905005e-07
3.227704855e-07
3.212295074e-07
3.207005274e-07
3.212137371e-07
3.228561365e-07
3.250496812e-07
3.280680095e-07
3.320803642e-07
3.368807095e-07
3.433175704e-07
3.50814685e-07
3.611684484e-07
3.734079603e-07
3.906543322e-07
4.118217431e-07
4.425657527e-07
4.832711699e-07
5.460224526e-07
6.405965676e-07
8.073202999e-07
1.134340228e-06
0.01198907698
0.0006274641946
1.137459066e-05
7.345249868e-07
4.813027874e-07
4.156686922e-07
3.951922742e-07
3.864447642e-07
3.814701555e-07
3.783941201e-07
3.759478074e-07
3.742541645e-07
3.725847042e-07
3.712198867e-07
3.698212404e-07
3.681797586e-07
3.66507683e-07
3.643973567e-07
3.62402184e-07
3.597408885e-07
3.570524916e-07
3.534109625e-07
3.49611038e-07
3.4486262e-07
3.393732999e-07
3.325410368e-07
3.262596638e-07
3.228765207e-07
3.212348501e-07
3.206734109e-07
3.211284551e-07
3.228389175e-07
3.249954532e-07
3.280501406e-07
3.320122051e-07
3.368086791e-07
3.432551449e-07
3.507818765e-07
3.611047903e-07
3.73316977e-07
3.904941038e-07
4.116679191e-07
4.424144052e-07
4.83070767e-07
5.456315278e-07
6.402899589e-07
8.068028377e-07
1.133882339e-06
0.01255785122
0.0006590080323
1.166663453e-05
7.337207944e-07
4.808682257e-07
4.155752222e-07
3.95154004e-07
3.864627823e-07
3.815590044e-07
3.784959574e-07
3.760652378e-07
3.743824537e-07
3.726968766e-07
3.713444246e-07
3.698648767e-07
3.68248207e-07
3.666341821e-07
3.645492797e-07
3.625147342e-07
3.598292149e-07
3.571767956e-07
3.536839124e-07
3.499361375e-07
3.450119546e-07
3.395326872e-07
3.328910314e-07
3.264487145e-07
3.229279662e-07
3.211890235e-07
3.206096301e-07
3.210722331e-07
3.228169178e-07
3.249514315e-07
3.27990718e-07
3.319512764e-07
3.367800315e-07
3.431733361e-07
3.50670229e-07
3.609730858e-07
3.732111293e-07
3.903861921e-07
4.115425441e-07
4.421569553e-07
4.827976809e-07
5.453801946e-07
6.398486134e-07
8.063223422e-07
1.133386272e-06
0.01328957176
0.0007026935123
1.22024469e-05
7.346751663e-07
4.806880157e-07
4.157116888e-07
3.953872246e-07
3.866130135e-07
3.816058405e-07
3.785047737e-07
3.760954071e-07
3.744211975e-07
3.727376778e-07
3.714346257e-07
3.699910143e-07
3.684016437e-07
3.666945172e-07
3.646176404e-07
3.626317038e-07
3.601027973e-07
3.574829286e-07
3.539064609e-07
3.501111441e-07
3.453470529e-07
3.399671248e-07
3.331515173e-07
3.266093558e-07
3.229578559e-07
3.211804155e-07
3.205922345e-07
3.210175723e-07
3.227921989e-07
3.248743261e-07
3.279668939e-07
3.318783511e-07
3.366883701e-07
3.430816566e-07
3.506285389e-07
3.609018127e-07
3.731144699e-07
3.902102908e-07
4.113481431e-07
4.419729846e-07
4.825848837e-07
5.449564578e-07
6.394882751e-07
8.057638466e-07
1.132855639e-06
0.01422253721
0.0007474099724
1.267391828e-05
7.328551348e-07
4.808685233e-07
4.157148353e-07
3.953359267e-07
3.866064999e-07
3.817123048e-07
3.786805508e-07
3.762774589e-07
3.745905272e-07
3.729032277e-07
3.71624657e-07
3.700719326e-07
3.684648788e-07
3.668302383e-07
3.648732292e-07
3.628857165e-07
3.603114199e-07
3.576471089e-07
3.542190104e-07
3.506610457e-07
3.457170771e-07
3.401794445e-07
3.335717551e-07
3.267271017e-07
3.229788188e-07
3.211891569e-07
3.206057567e-07
3.210005789e-07
3.227889179e-07
3.248180799e-07
3.278854567e-07
3.31782805e-07
3.36648216e-07
3.429945167e-07
3.504903081e-07
3.607408494e-07
3.729718399e-07
3.900713716e-07
4.112100501e-07
4.416973745e-07
4.822610751e-07
5.446680139e-07
6.390113558e-07
8.05222346e-07
1.132292862e-06
0.01529904684
0.0008553628802
1.402652914e-05
7.440124825e-07
4.808563822e-07
4.16228859e-07
3.959183738e-07
3.870273178e-07
3.819324158e-07
3.787433915e-07
3.763061495e-07
3.74631728e-07
3.729535614e-07
3.716952778e-07
3.701772142e-07
3.68705547e-07
3.670192205e-07
3.649726996e-07
3.630408703e-07
3.606448694e-07
3.58106262e-07
3.547572879e-07
3.508612005e-07
3.459927735e-07
3.408014427e-07
3.338392129e-07
3.268412781e-07
3.230323387e-07
3.212311759e-07
3.206444393e-07
3.209831202e-07
3.227551496e-07
3.246934121e-07
3.278538889e-07
3.317032428e-07
3.36536201e-07
3.428608817e-07
3.504349616e-07
3.606552617e-07
3.728651136e-07
3.898792093e-07
4.109707623e-07
4.414690485e-07
4.820290436e-07
5.442083453e-07
6.385918496e-07
8.046133671e-07
1.131681239e-06
0.01670341903
0.0009046664172
1.526127373e-05
7.438332306e-07
4.830959758e-07
4.169783369e-07
3.961403267e-07
3.870691985e-07
3.820015912e-07
3.789236395e-07
3.766252821e-07
3.748818629e-07
3.732071218e-07
3.719676424e-07
3.703782191e-07
3.688303165e-07
3.671262445e-07
3.653391183e-07
3.635553043e-07
3.611120898e-07
3.584991234e-07
3.550453955e-07
3.514761132e-07
3.467716248e-07
3.411591976e-07
3.340946449e-07
3.269712814e-07
3.231060086e-07
3.212772325e-07
3.206703312e-07
3.20938677e-07
3.227290777e-07
3.246152926e-07
3.27750928e-07
3.315561977e-07
3.364641802e-07
3.427655002e-07
3.5026269e-07
3.604576881e-07
3.726774397e-07
3.896953743e-07
4.108104621e-07
4.411751469e-07
4.816507335e-07
5.438739687e-07
6.380737721e-07
8.040068977e-07
1.13105864e-06
0.0179232718
0.001156646085
1.985801525e-05
7.731663975e-07
4.846238088e-07
4.182521467e-07
3.971837257e-07
3.878650513e-07
3.825957993e-07
3.792948413e-07
3.766518493e-07
3.749449337e-07
3.732850653e-07
3.720530412e-07
3.704735562e-07
3.691191041e-07
3.67537354e-07
3.656881344e-07
3.637864627e-07
3.614969411e-07
3.589925321e-07
3.559827129e-07
3.521351536e-07
3.470676662e-07
3.416651594e-07
3.343911655e-07
3.271410022e-07
3.232197166e-07
3.213480444e-07
3.207111163e-07
3.208895113e-07
3.226399545e-07
3.244309335e-07
3.276967607e-07
3.314617869e-07
3.363426353e-07
3.425794136e-07
3.501889965e-07
3.603503519e-07
3.725550795e-07
3.894878859e-07
4.105268109e-07
4.40891878e-07
4.81392312e-07
5.433773313e-07
6.375923673e-07
8.033462673e-07
1.130388028e-06
0.02010853538
0.00119931742
2.224849778e-05
7.800971873e-07
4.918819363e-07
4.20700247e-07
3.981288338e-07
3.882900296e-07
3.827630512e-07
3.79418613e-07
3.77157604e-07
3.75373214e-07
3.736768308e-07
3.724546585e-07
3.708665272e-07
3.694660312e-07
3.677074213e-07
3.660910341e-07
3.645957811e-07
3.622494525e-07
3.598728288e-07
3.563524189e-07
3.525615061e-07
3.479690356e-07
3.422667635e-07
3.346276286e-07
3.273613964e-07
3.233392582e-07
3.213894708e-07
3.207082166e-07
3.20764584e-07
3.225613817e-07
3.243362557e-07
3.275954818e-07
3.312610419e-07
3.362194416e-07
3.424707634e-07
3.4998475e-07
3.601135878e-07
3.723202507e-07
3.892492545e-07
4.103332857e-07
4.405818113e-07
4.809613318e-07
5.429902485e-07
6.370316509e-07
8.026791178e-07
1.129748656e-06
0.0223974775
0.001742691351
3.915766328e-05
8.879034655e-07
4.975516284e-07
4.243791159e-07
4.006637448e-07
3.898667252e-07
3.838931383e-07
3.802845942e-07
3.773544994e-07
3.754988557e-07
3.738503197e-07
3.726005988e-07
3.710395865e-07
3.697830339e-07
3.682925991e-07
3.668977144e-07
3.64943182e-07
3.628278697e-07
3.603360408e-07
3.572964926e-07
3.537997538e-07
3.486290115e-07
3.426176317e-07
3.350602077e-07
3.275700316e-07
3.234368845e-07
3.214116755e-07
3.206909546e-07
3.206673989e-07
3.224513254e-07
3.24104006e-07
3.274769514e-07
3.311302832e-07
3.361039475e-07
3.422378243e-07
3.498817364e-07
3.599785667e-07
3.72177578e-07
3.890294794e-07
4.100161652e-07
4.402399762e-07
4.80670336e-07
5.424601727e-07
6.364905111e-07
8.019767421e-07
1.129077436e-06
0.02461116051
0.001946967611
4.816238386e-05
9.684007435e-07
5.175713565e-07
4.304533538e-07
4.027853248e-07
3.909375619e-07
3.845028848e-07
3.805508292e-07
3.78011876e-07
3.762430688e-07
3.743910056e-07
3.731982244e-07
3.71675689e-07
3.704062176e-07
3.68825359e-07
3.673199461e-07
3.658650948e-07
3.638146467e-07
3.615918286e-07
3.583190581e-07
3.54248319e-07
3.492634541e-07
3.433663513e-07
3.355187449e-07
3.278107598e-07
3.235307946e-07
3.2140236e-07
3.20602325e-07
3.20493299e-07
3.222899655e-07
3.239866399e-07
3.273922008e-07
3.309031895e-07
3.359223313e-07
3.421013578e-07
3.496402573e-07
3.596959333e-07
3.718902625e-07
3.887241745e-07
4.097676017e-07
4.398975222e-07
4.801658279e-07
5.419877715e-07
6.358469992e-07
8.012102967e-07
1.128451518e-06
0.02636135164
0.002946347363
0.0001052095383
1.465552708e-06
5.335077421e-07
4.405961071e-07
4.090377142e-07
3.946852516e-07
3.867264571e-07
3.82210979e-07
3.787945522e-07
3.765030461e-07
3.748354125e-07
3.735645302e-07
3.719989828e-07
3.708932874e-07
3.694809869e-07
3.68465834e-07
3.666658941e-07
3.647145764e-07
3.622576807e-07
3.590711104e-07
3.55594921e-07
3.503791579e-07
3.439862817e-07
3.360396515e-07
3.280003356e-07
3.235856253e-07
3.21369949e-07
3.205099824e-07
3.203903091e-07
3.221806033e-07
3.237505114e-07
3.271973988e-07
3.306973227e-07
3.357996033e-07
3.4179819e-07
3.495036536e-07
3.595150136e-07
3.716999874e-07
3.884458233e-07
4.093586956e-07
4.394041809e-07
4.797547866e-07
5.412763494e-07
6.350881289e-07
8.002903253e-07
1.127869587e-06
0.02619705288
0.003742743774
0.0001528416056
2.261860032e-06
5.917011694e-07
4.536814594e-07
4.142725448e-07
3.970955221e-07
3.883461537e-07
3.829881019e-07
3.796581691e-07
3.777586543e-07
3.756222141e-07
3.743450376e-07
3.728993153e-07
3.71785148e-07
3.704114259e-07
3.690370327e-07
3.676181459e-07
3.658143637e-07
3.636377845e-07
3.606112038e-07
3.564308757e-07
3.510100198e-07
3.447920112e-07
3.366208776e-07
3.282510473e-07
3.236527862e-07
3.213033901e-07
3.203516457e-07
3.20202231e-07
3.21931432e-07
3.235558702e-07
3.270810434e-07
3.304461206e-07
3.355322119e-07
3.416134967e-07
3.491565193e-07
3.590901013e-07
3.712638544e-07
3.879578798e-07
4.089353612e-07
4.388948998e-07
4.789629593e-07
5.404812214e-07
6.340698907e-07
7.99135153e-07
1.127226176e-06
0.02474988087
0.004404073849
0.0003139014579
6.196557546e-06
6.831392159e-07
4.793414978e-07
4.293006619e-07
4.051752331e-07
3.927161912e-07
3.858287577e-07
3.81535444e-07
3.782712783e-07
3.764041466e-07
3.750593246e-07
3.73510038e-07
3.724949547e-07
3.711896332e-07
3.704116594e-07
3.688276024e-07
3.670577733e-07
3.646955521e-07
3.614309814e-07
3.577155223e-07
3.524232661e-07
3.458180748e-07
3.373257596e-07
3.28457837e-07
3.236484223e-07
3.211913178e-07
3.202068786e-07
3.200566961e-07
3.217892572e-07
3.233329929e-07
3.2677763e-07
3.301166325e-07
3.353666192e-07
3.411574813e-07
3.489475075e-07
3.588304083e-07
3.709743305e-07
3.875318326e-07
4.083189984e-07
4.380364143e-07
4.782343505e-07
5.393102677e-07
6.327673746e-07
7.976911076e-07
1.126354839e-06
0.02201956271
0.005033145015
0.0006613123379
2.850228798e-05
1.333482848e-06
5.597597426e-07
4.365598451e-07
4.115265808e-07
3.968860631e-07
3.884969913e-07
3.829619693e-07
3.803888921e-07
3.77677647e-07
3.761852938e-07
3.747734225e-07
3.737126336e-07
3.725414344e-07
3.712767442e-07
3.699107139e-07
3.683128587e-07
3.66182082e-07
3.632948987e-07
3.591292539e-07
3.534070661e-07
3.468109403e-07
3.38019872e-07
3.287212608e-07
3.236921305e-07
3.211114223e-07
3.20058527e-07
3.198518005e-07
3.214357227e-07
3.23019214e-07
3.266104175e-07
3.298367466e-07
3.34952096e-07
3.409012219e-07
3.484891151e-07
3.581476279e-07
3.702596882e-07
3.866981971e-07
4.075157378e-07
4.372075672e-07
4.769183531e-07
5.378786656e-07
6.310624468e-07
7.958136708e-07
1.125061697e-06
0.01827973
0.004745618681
0.0006666565062
5.285950838e-05
4.263370195e-06
7.560850616e-07
4.940676457e-07
4.281451607e-07
4.052898205e-07
3.927626919e-07
3.865280255e-07
3.81457981e-07
3.790119802e-07
3.773778781e-07
3.757106807e-07
3.747200161e-07
3.734971661e-07
3.72900813e-07
3.715279083e-07
3.69938879e-07
3.67699559e-07
3.644450391e-07
3.605391022e-07
3.551081767e-07
3.482538631e-07
3.390338606e-07
3.290332529e-07
3.237084098e-07
3.209675098e-07
3.198341298e-07
3.196254488e-07
3.21249113e-07
3.228065508e-07
3.261705468e-07
3.292932029e-07
3.346995495e-07
3.401637023e-07
3.479787511e-07
3.576817433e-07
3.6975089e-07
3.859972534e-07
4.065860833e-07
4.357079597e-07
4.755511225e-07
5.359286388e-07
6.288217161e-07
7.933609871e-07
1.123087697e-06
0.01437256052
0.006634479884
0.001393542961
0.0001673229181
1.147658832e-05
1.425758043e-06
5.658323362e-07
4.445535169e-07
4.156082685e-07
4.001558378e-07
3.898111536e-07
3.851328393e-07
3.811517463e-07
3.79068779e-07
3.775536431e-07
3.764022458e-07
3.753932359e-07
3.741494242e-07
3.728886045e-07
3.714876426e-07
3.694582374e-07
3.667039084e-07
3.62581211e-07
3.566811118e-07
3.496836184e-07
3.400016613e-07
3.294413499e-07
3.237841703e-07
3.20886103e-07
3.196822751e-07
3.193977368e-07
3.207938201e-07
3.222919133e-07
3.258057471e-07
3.289662415e-07
3.340292859e-07
3.397884105e-07
3.47421052e-07
3.566667743e-07
3.685782828e-07
3.845778723e-07
4.050059387e-07
4.342434423e-07
4.733707104e-07
5.333610641e-07
6.258951897e-07
7.899885384e-07
1.120189485e-06
0.01071505781
0.008053028802
0.00151884809
0.0002381626085
2.961666217e-05
2.452227171e-06
7.271102755e-07
5.007576912e-07
4.329358263e-07
4.087079524e-07
3.962158116e-07
3.875889868e-07
3.83411654e-07
3.810357717e-07
3.789991546e-07
3.77926257e-07
3.7667298e-07
3.762345212e-07
3.750537525e-07
3.736422513e-07
3.715750729e-07
3.683989144e-07
3.644358998e-07
3.589059507e-07
3.517160465e-07
3.415813596e-07
3.299633023e-07
3.238824065e-07
3.2072978e-07
3.193575347e-07
3.190400424e-07
3.204159919e-07
3.220185269e-07
3.252739666e-07
3.280812011e-07
3.335716917e-07
3.387093961e-07
3.463375028e-07
3.556424706e-07
3.675934743e-07
3.832950698e-07
4.035851327e-07
4.317297719e-07
4.707560259e-07
5.300528037e-07
6.219346138e-07
7.853770127e-07
1.115994057e-06
0.008559939616
0.01443379482
0.002983013605
0.0004216851822
4.819391875e-05
7.39553393e-06
1.29361787e-06
5.635849805e-07
4.611562822e-07
4.214766087e-07
4.039227414e-07
3.941916958e-07
3.873217398e-07
3.838341418e-07
3.818313261e-07
3.803297127e-07
3.79296934e-07
3.780014043e-07
3.768874754e-07
3.757052315e-07
3.738719879e-07
3.713403862e-07
3.673415153e-07
3.613497151e-07
3.539392539e-07
3.431018182e-07
3.307289692e-07
3.240642575e-07
3.206266231e-07
3.191481708e-07
3.187383298e-07
3.198581621e-07
3.212516738e-07
3.244215876e-07
3.276005415e-07
3.325322667e-07
3.378326548e-07
3.454975146e-07
3.542132224e-07
3.657104777e-07
3.809856527e-07
4.005781949e-07
4.288793606e-07
4.671093242e-07
5.254801456e-07
6.165808526e-07
7.788794097e-07
1.110086614e-06
3.809355786e-07
3.798664402e-07
3.78632783e-07
3.76828481e-07
3.738392344e-07
3.700058881e-07
3.645039801e-07
3.569538557e-07
3.457447316e-07
3.315723864e-07
3.24275974e-07
3.204682303e-07
3.187032669e-07
3.181947418e-07
3.19158151e-07
3.207229682e-07
3.23821033e-07
3.263140821e-07
3.31565195e-07
3.363788854e-07
3.436120798e-07
3.520988738e-07
3.637231165e-07
3.784240382e-07
3.981339859e-07
4.248906544e-07
4.622441339e-07
5.195523102e-07
6.091797016e-07
7.698986724e-07
1.10168729e-06
3.779149269e-07
3.742055073e-07
3.682776511e-07
3.605550549e-07
3.482911592e-07
3.328019094e-07
3.246235926e-07
3.20285933e-07
3.18345702e-07
3.177286085e-07
3.184142174e-07
3.197012449e-07
3.222471269e-07
3.253010984e-07
3.299849221e-07
3.345463758e-07
3.419047158e-07
3.499524851e-07
3.6069276e-07
3.747899499e-07
3.929356487e-07
4.191950671e-07
4.557233826e-07
5.112185489e-07
5.989164001e-07
7.571807459e-07
1.089702036e-06
3.730374464e-07
3.652983168e-07
3.527724581e-07
3.341995986e-07
3.248485138e-07
3.200604118e-07
3.177433999e-07
3.169242594e-07
3.172624752e-07
3.185383082e-07
3.213500944e-07
3.235511269e-07
3.280805722e-07
3.323734472e-07
3.3901599e-07
3.461044421e-07
3.568404341e-07
3.697621914e-07
3.880075876e-07
4.127025817e-07
4.470218038e-07
5.001281896e-07
5.846307279e-07
7.393991382e-07
1.072282548e-06
3.573571911e-07
3.361696985e-07
3.255266453e-07
3.197800636e-07
3.1708924e-07
3.16170177e-07
3.161361532e-07
3.172468461e-07
3.189666568e-07
3.214789281e-07
3.255639097e-07
3.291722595e-07
3.354570826e-07
3.423893134e-07
3.517488411e-07
3.638309372e-07
3.796964194e-07
4.020772936e-07
4.345990083e-07
4.843763634e-07
5.646539388e-07
7.139826781e-07
1.046197244e-06
3.387668394e-07
3.260894207e-07
3.196542885e-07
3.164309489e-07
3.150849508e-07
3.146405841e-07
3.153439403e-07
3.174351916e-07
3.191845268e-07
3.225771263e-07
3.258387711e-07
3.314839461e-07
3.367017669e-07
3.455223366e-07
3.556875149e-07
3.70695434e-07
3.915346304e-07
4.206588232e-07
4.65856283e-07
5.398043312e-07
6.809881607e-07
1.010147205e-06
3.197017628e-07
3.159069377e-07
3.141542449e-07
3.135447463e-07
3.140914775e-07
3.151506229e-07
3.167711499e-07
3.198557812e-07
3.224418346e-07
3.271728039e-07
3.322254468e-07
3.396930079e-07
3.489038825e-07
3.617943521e-07
3.79387862e-07
4.054674297e-07
4.46221159e-07
5.139020206e-07
6.460940916e-07
9.687510338e-07
3.155075093e-07
3.134252938e-07
3.124961233e-07
3.12588726e-07
3.138534561e-07
3.150153019e-07
3.174765133e-07
3.19639893e-07
3.240165125e-07
3.278286146e-07
3.346224272e-07
3.423318198e-07
3.539954224e-07
3.703401012e-07
3.937641002e-07
4.304774712e-07
4.920071402e-07
6.144811936e-07
9.279288433e-07
3.128264554e-07
3.117666954e-07
3.117435936e-07
3.123416234e-07
3.133059343e-07
3.155666655e-07
3.173163694e-07
3.210153786e-07
3.245766928e-07
3.304870929e-07
3.374952486e-07
3.478143921e-07
3.618370649e-07
3.828297111e-07
4.161022904e-07
4.723668253e-07
5.861872592e-07
8.868285726e-07
3.110856393e-07
3.107433875e-07
3.114512937e-07
3.121149631e-07
3.139488767e-07
3.153817005e-07
3.18804843e-07
3.216056375e-07
3.27005316e-07
3.329904787e-07
3.42353178e-07
3.555019983e-07
3.746966527e-07
4.051039798e-07
4.567321223e-07
5.622681159e-07
8.508712974e-07
3.101982108e-07
3.104584708e-07
3.109651103e-07
3.126651454e-07
3.138187597e-07
3.168023769e-07
3.193831281e-07
3.241933778e-07
3.297007304e-07
3.381883026e-07
3.497599545e-07
3.672361005e-07
3.952194727e-07
4.429607719e-07
5.409772608e-07
7.967439349e-07
3.098793134e-07
3.101785971e-07
3.115967289e-07
3.125300979e-07
3.153112771e-07
3.174096312e-07
3.218625528e-07
3.266845569e-07
3.345032213e-07
3.454914179e-07
3.617757269e-07
3.878203042e-07
4.322994782e-07
5.237708123e-07
7.737540799e-07
3.092358984e-07
3.094230449e-07
3.107499985e-07
3.114944082e-07
3.139790175e-07
3.159290169e-07
3.199839047e-07
3.244902521e-07
3.317314161e-07
3.416626979e-07
3.567810589e-07
3.811830791e-07
4.229637247e-07
5.089132095e-07
7.304584309e-07
3.089094265e-07
3.100500476e-07
3.106602281e-07
3.129997927e-07
3.146202465e-07
3.184316323e-07
3.224844578e-07
3.292722273e-07
3.388214936e-07
3.531543652e-07
3.762674245e-07
4.158411443e-07
4.971272562e-07
7.113370614e-07
3.084188534e-07
3.094920787e-07
3.099031395e-07
3.121033531e-07
3.13640116e-07
3.171822103e-07
3.21027797e-07
3.27430315e-07
3.36274233e-07
3.498263406e-07
3.718423151e-07
4.095956381e-07
4.871031882e-07
6.916164797e-07
3.090331765e-07
3.094732734e-07
3.114678335e-07
3.127681792e-07
3.161472308e-07
3.196939912e-07
3.257916451e-07
3.343869559e-07
3.474203365e-07
3.685831684e-07
4.048653149e-07
4.792336223e-07
6.767277207e-07
3.086650966e-07
3.08971086e-07
3.108620671e-07
3.121172029e-07
3.153166083e-07
3.187261518e-07
3.245654172e-07
3.326904736e-07
3.452024137e-07
3.656353382e-07
4.007018344e-07
4.725352599e-07
6.639568411e-07
3.083102475e-07
3.104405348e-07
3.115355946e-07
3.146264376e-07
3.17837268e-07
3.234723712e-07
3.314353042e-07
3.436032434e-07
3.634710574e-07
3.975600232e-07
4.672957009e-07
6.53096539e-07
3.079356875e-07
3.100391187e-07
3.111002289e-07
3.140731033e-07
3.171923491e-07
3.226545136e-07
3.303034261e-07
3.421230103e-07
3.615050438e-07
3.947837365e-07
4.628247436e-07
6.442493127e-07
3.077737636e-07
3.097542784e-07
3.107132806e-07
3.136133256e-07
3.165983898e-07
3.219246146e-07
3.294668835e-07
3.410576536e-07
3.600644031e-07
3.92693041e-07
4.593368242e-07
6.371306868e-07
3.07659236e-07
3.094666412e-07
3.103981619e-07
3.132131506e-07
3.161316469e-07
3.213328884e-07
3.286466357e-07
3.399846795e-07
3.586395563e-07
3.906812481e-07
4.560978692e-07
6.303081018e-07
3.092200396e-07
3.100656841e-07
3.128160034e-07
3.15616254e-07
3.20699169e-07
3.279196567e-07
3.390582544e-07
3.573858369e-07
3.888607696e-07
4.530584047e-07
6.236031813e-07
3.089419288e-07
3.097631045e-07
3.124270209e-07
3.151623574e-07
3.201225412e-07
3.271175963e-07
3.380077946e-07
3.559894586e-07
3.8688806e-07
4.498813265e-07
6.170118429e-07
3.087029229e-07
3.094365211e-07
3.120352453e-07
3.146535426e-07
3.194959372e-07
3.263983347e-07
3.370906351e-07
3.54747393e-07
3.850839716e-07
4.468680788e-07
6.105308197e-07
3.084312262e-07
3.091406439e-07
3.116505571e-07
3.14205196e-07
3.189249493e-07
3.2560241e-07
3.360475048e-07
3.533602082e-07
3.831244114e-07
4.43713367e-07
6.041564379e-07
3.08821308e-07
3.112624781e-07
3.137013004e-07
3.183035641e-07
3.248895216e-07
3.351381825e-07
3.521286224e-07
3.813359998e-07
4.40727032e-07
5.978860079e-07
3.085203275e-07
3.108801203e-07
3.132572555e-07
3.177367556e-07
3.240984722e-07
3.341010502e-07
3.507496128e-07
3.793890306e-07
4.375954602e-07
5.917162999e-07
3.082275487e-07
3.104953295e-07
3.127570152e-07
3.171195539e-07
3.233912111e-07
3.331987909e-07
3.495280542e-07
3.776163752e-07
4.346378375e-07
5.856450261e-07
3.101149956e-07
3.123163038e-07
3.16556142e-07
3.22604247e-07
3.321669362e-07
3.481568222e-07
3.756821545e-07
4.315311989e-07
5.796689046e-07
3.097319975e-07
3.118188151e-07
3.159426305e-07
3.219021293e-07
3.312713426e-07
3.46945104e-07
3.739255152e-07
4.286039342e-07
5.73785877e-07
3.093535857e-07
3.11380788e-07
3.153821908e-07
3.211186705e-07
3.302443455e-07
3.455813878e-07
3.720041956e-07
4.255234645e-07
5.679929022e-07
3.108855812e-07
3.147721381e-07
3.204214228e-07
3.293553306e-07
3.443795759e-07
3.702641709e-07
4.226286251e-07
5.622883296e-07
3.104499898e-07
3.142144338e-07
3.196411526e-07
3.283331011e-07
3.430234521e-07
3.683564315e-07
4.195764884e-07
5.566689729e-07
3.13613668e-07
3.189555276e-07
3.274594517e-07
3.418435128e-07
3.666507635e-07
4.167443764e-07
5.512508885e-07
3.130704079e-07
3.181951736e-07
3.264647238e-07
3.405264723e-07
3.648040427e-07
4.138053642e-07
5.459267132e-07
3.175238331e-07
3.256112716e-07
3.393772529e-07
3.631507047e-07
4.11081106e-07
5.406949834e-07
3.246255947e-07
3.380759933e-07
3.613347198e-07
4.082139849e-07
5.355523993e-07
3.369452053e-07
3.597154566e-07
4.055658191e-07
5.304974306e-07
3.579283446e-07
4.027664529e-07
5.255271264e-07
4.001917036e-07
5.206404408e-07
3.506888716e-07
3.612783515e-07
3.734101186e-07
3.911109357e-07
4.120105863e-07
4.43682778e-07
4.841617849e-07
5.479947864e-07
6.429544439e-07
8.104017953e-07
1.137746334e-06
3.20103958e-07
3.208693539e-07
3.224428986e-07
3.247903716e-07
3.277522934e-07
3.318469524e-07
3.366319612e-07
3.431806133e-07
3.506733552e-07
3.612372385e-07
3.733876974e-07
3.909957246e-07
4.11981046e-07
4.43600985e-07
4.841046803e-07
5.478290516e-07
6.427891182e-07
8.102735754e-07
1.137540903e-06
3.296946755e-07
3.243734954e-07
3.216871288e-07
3.204633148e-07
3.20103345e-07
3.208493231e-07
3.224371883e-07
3.247671114e-07
3.277410672e-07
3.318259558e-07
3.366177674e-07
3.43148647e-07
3.506456898e-07
3.611578332e-07
3.733533666e-07
3.909285939e-07
4.119599806e-07
4.434740668e-07
4.839793827e-07
5.477191528e-07
6.426175524e-07
8.100170083e-07
1.137377437e-06
3.465625097e-07
3.41909459e-07
3.363805303e-07
3.297593376e-07
3.244086449e-07
3.217049501e-07
3.204702018e-07
3.201017988e-07
3.208325785e-07
3.224326941e-07
3.247401944e-07
3.277168476e-07
3.317832146e-07
3.365867748e-07
3.43083629e-07
3.506187913e-07
3.611171052e-07
3.733311853e-07
3.908211379e-07
4.119074458e-07
4.433631066e-07
4.839204835e-07
5.475361789e-07
6.424007224e-07
8.098525107e-07
1.137140643e-06
3.541316064e-07
3.506073227e-07
3.466304988e-07
3.419748679e-07
3.364155883e-07
3.298320279e-07
3.244422888e-07
3.217210796e-07
3.204721611e-07
3.201002835e-07
3.208158208e-07
3.224212826e-07
3.247129074e-07
3.277066649e-07
3.317641018e-07
3.365722801e-07
3.430550536e-07
3.505960064e-07
3.61040956e-07
3.732778594e-07
3.907463112e-07
4.118820609e-07
4.432351922e-07
4.837709313e-07
5.473796893e-07
6.422222112e-07
8.095503663e-07
1.136927117e-06
3.592551877e-07
3.568333892e-07
3.541766352e-07
3.506368231e-07
3.466641492e-07
3.420672718e-07
3.364961167e-07
3.298946995e-07
3.24472359e-07
3.217320777e-07
3.204729355e-07
3.200967553e-07
3.207995584e-07
3.22416298e-07
3.246861633e-07
3.276785771e-07
3.31718553e-07
3.365342996e-07
3.429888201e-07
3.505568331e-07
3.609922767e-07
3.732545554e-07
3.906479396e-07
4.118062702e-07
4.430942761e-07
4.837006838e-07
5.471864976e-07
6.41960193e-07
8.093397249e-07
1.136650029e-06
3.61337844e-07
3.592857961e-07
3.568691529e-07
3.542067791e-07
3.506884014e-07
3.467464029e-07
3.421456305e-07
3.365281111e-07
3.299684597e-07
3.245006469e-07
3.217448938e-07
3.204776092e-07
3.200949763e-07
3.207871968e-07
3.223987121e-07
3.246530251e-07
3.276685881e-07
3.316995987e-07
3.36518916e-07
3.429619129e-07
3.505368501e-07
3.609210936e-07
3.731861466e-07
3.905600259e-07
4.117748214e-07
4.42967653e-07
4.835335736e-07
5.469833042e-07
6.417654442e-07
8.089979428e-07
1.136384718e-06
3.647293905e-07
3.632413878e-07
3.61354095e-07
3.593144053e-07
3.569471095e-07
3.542653517e-07
3.507316266e-07
3.467884154e-07
3.422420436e-07
3.366202845e-07
3.300513761e-07
3.245308797e-07
3.217579879e-07
3.204798106e-07
3.20090524e-07
3.207683871e-07
3.223912578e-07
3.24626311e-07
3.276361735e-07
3.31649371e-07
3.364741084e-07
3.428927571e-07
3.504864701e-07
3.608605237e-07
3.731597747e-07
3.904706299e-07
4.116767956e-07
4.427967787e-07
4.834406858e-07
5.467798664e-07
6.414651468e-07
8.087367963e-07
1.136064464e-06
3.67568688e-07
3.663072334e-07
3.647691964e-07
3.63281162e-07
3.613998694e-07
3.593708052e-07
3.569971927e-07
3.542982585e-07
3.507922294e-07
3.469024597e-07
3.423455214e-07
3.366579426e-07
3.301406985e-07
3.245640887e-07
3.217750416e-07
3.204849481e-07
3.200890045e-07
3.207556774e-07
3.223662545e-07
3.245852835e-07
3.276254288e-07
3.316290826e-07
3.364571241e-07
3.428659655e-07
3.504663526e-07
3.607944018e-07
3.730794024e-07
3.903652943e-07
4.11632908e-07
4.426711223e-07
4.832611832e-07
5.465331266e-07
6.412462236e-07
8.083584018e-07
1.135752776e-06
3.703830063e-07
3.689213941e-07
3.675834919e-07
3.663257308e-07
3.647903949e-07
3.633034133e-07
3.614257305e-07
3.594141081e-07
3.570939369e-07
3.543782158e-07
3.508641559e-07
3.469618705e-07
3.424439124e-07
3.367686803e-07
3.302624328e-07
3.246047556e-07
3.2179396e-07
3.204885293e-07
3.200849154e-07
3.207308449e-07
3.223556271e-07
3.245591717e-07
3.275875791e-07
3.315723756e-07
3.364050605e-07
3.427920154e-07
3.504052987e-07
3.607189582e-07
3.730457922e-07
3.902828314e-07
4.115217121e-07
4.424709858e-07
4.831397116e-07
5.463164471e-07
6.409121656e-07
8.080457409e-07
1.135392089e-06
3.741367194e-07
3.719412549e-07
3.703990857e-07
3.689563734e-07
3.676240519e-07
3.663767167e-07
3.648460886e-07
3.633648816e-07
3.614972893e-07
3.595104445e-07
3.571674522e-07
3.544180562e-07
3.509369193e-07
3.471203039e-07
3.425841252e-07
3.368255898e-07
3.303754719e-07
3.246514712e-07
3.218171287e-07
3.204956852e-07
3.200841357e-07
3.207171484e-07
3.223246594e-07
3.245075276e-07
3.275752675e-07
3.315495029e-07
3.363859021e-07
3.427641657e-07
3.503826164e-07
3.60657114e-07
3.729589802e-07
3.901583616e-07
4.114486081e-07
4.42343265e-07
4.829498253e-07
5.460290049e-07
6.406631111e-07
8.076312911e-07
1.135034667e-06
3.809680799e-07
3.767928467e-07
3.741598891e-07
3.719699341e-07
3.704237245e-07
3.689723007e-07
3.676447907e-07
3.664028481e-07
3.648739397e-07
3.633990455e-07
3.615372037e-07
3.595719823e-07
3.572804761e-07
3.545296945e-07
3.510624719e-07
3.472135222e-07
3.426777712e-07
3.369616578e-07
3.305597714e-07
3.247107568e-07
3.218446313e-07
3.205028985e-07
3.200813008e-07
3.206830701e-07
3.223032959e-07
3.244819033e-07
3.27533313e-07
3.314832149e-07
3.363252941e-07
3.426827302e-07
3.503096197e-07
3.605647162e-07
3.729083735e-07
3.900766077e-07
4.113328669e-07
4.421172567e-07
4.827945904e-07
5.457961783e-07
6.402979138e-07
8.072683148e-07
1.134633952e-06
4.055157209e-07
3.883599278e-07
3.81013759e-07
3.768080401e-07
3.741638755e-07
3.719802131e-07
3.704459216e-07
3.69024845e-07
3.677045603e-07
3.664771624e-07
3.649513417e-07
3.634959179e-07
3.616495766e-07
3.597248073e-07
3.573931395e-07
3.545827136e-07
3.511526477e-07
3.474160187e-07
3.428686869e-07
3.370699099e-07
3.30706788e-07
3.247788227e-07
3.21878403e-07
3.205140099e-07
3.200809831e-07
3.206644825e-07
3.222702298e-07
3.24417737e-07
3.275115435e-07
3.314563043e-07
3.363029354e-07
3.426522278e-07
3.502830591e-07
3.605043983e-07
3.728195329e-07
3.89934362e-07
4.112253958e-07
4.419812815e-07
4.825956472e-07
5.454697044e-07
6.400147047e-07
8.068170142e-07
1.134226985e-06
7.428923615e-06
6.645020457e-07
4.602799606e-07
4.054603994e-07
3.883897725e-07
3.81030831e-07
3.768383517e-07
3.742045718e-07
3.72025385e-07
3.704903742e-07
3.690459873e-07
3.677344201e-07
3.665133195e-07
3.649898384e-07
3.635485814e-07
3.617108126e-07
3.59809542e-07
3.575115035e-07
3.547393885e-07
3.513693392e-07
3.475821851e-07
3.429585202e-07
3.37238472e-07
3.309404433e-07
3.248648514e-07
3.219201286e-07
3.205261806e-07
3.200783812e-07
3.206172383e-07
3.222317346e-07
3.243888905e-07
3.274710569e-07
3.313759433e-07
3.362316338e-07
3.425605076e-07
3.501947787e-07
3.603927403e-07
3.72746397e-07
3.898447189e-07
4.111059843e-07
4.417328785e-07
4.8240041e-07
5.45217163e-07
6.396176365e-07
8.064019043e-07
1.133777672e-06
0.01144548904
0.0005129408135
7.67437216e-06
6.620420384e-07
4.598667233e-07
4.054770045e-07
3.884797721e-07
3.811145405e-07
3.768772245e-07
3.742084199e-07
3.720379937e-07
3.705184628e-07
3.691190707e-07
3.678283078e-07
3.666220937e-07
3.651051507e-07
3.637039754e-07
3.618881242e-07
3.6003726e-07
3.576907456e-07
3.548350101e-07
3.514971651e-07
3.478071e-07
3.432174057e-07
3.374468644e-07
3.310836291e-07
3.249635951e-07
3.219679073e-07
3.205392737e-07
3.200762862e-07
3.205859682e-07
3.22198571e-07
3.243114143e-07
3.274283674e-07
3.313426037e-07
3.362041138e-07
3.425228062e-07
3.501619184e-07
3.603300886e-07
3.726554362e-07
3.896860315e-07
4.109599192e-07
4.415791089e-07
4.821927409e-07
5.448510343e-07
6.392954158e-07
8.059089542e-07
1.133310738e-06
0.01200377979
0.0005341309888
7.855355893e-06
6.599603632e-07
4.595533097e-07
4.055320094e-07
3.885608556e-07
3.811260207e-07
3.769038354e-07
3.742712968e-07
3.721162539e-07
3.706006813e-07
3.691610474e-07
3.678720307e-07
3.666721011e-07
3.651631536e-07
3.637855788e-07
3.619800332e-07
3.601500669e-07
3.577988768e-07
3.55035592e-07
3.518704915e-07
3.480970282e-07
3.433227291e-07
3.376382215e-07
3.313814808e-07
3.250855495e-07
3.220217357e-07
3.205521644e-07
3.200701979e-07
3.205202294e-07
3.221373336e-07
3.242715283e-07
3.273921684e-07
3.312464093e-07
3.36117616e-07
3.424166712e-07
3.500536359e-07
3.601954169e-07
3.725536311e-07
3.895780154e-07
4.108338944e-07
4.413123161e-07
4.819502135e-07
5.445743645e-07
6.388640159e-07
8.054386511e-07
1.132804208e-06
0.01272243149
0.0005695459656
8.252403069e-06
6.588234407e-07
4.593986363e-07
4.05549053e-07
3.886421407e-07
3.812616873e-07
3.77008448e-07
3.743104721e-07
3.721317576e-07
3.706354853e-07
3.692480725e-07
3.680288184e-07
3.668346312e-07
3.653491823e-07
3.640259135e-07
3.622561813e-07
3.604666773e-07
3.580819996e-07
3.553019254e-07
3.520418635e-07
3.482839185e-07
3.436311857e-07
3.380212472e-07
3.315385721e-07
3.252104641e-07
3.220730188e-07
3.205616774e-07
3.200607638e-07
3.204646112e-07
3.221053516e-07
3.241842968e-07
3.273207273e-07
3.311926081e-07
3.360824421e-07
3.423654524e-07
3.500105975e-07
3.60125226e-07
3.724579488e-07
3.894032725e-07
4.106466399e-07
4.411277636e-07
4.817328649e-07
5.441669114e-07
6.384975919e-07
8.048988637e-07
1.132267841e-06
0.01364471251
0.0006155899567
8.620597153e-06
6.568850626e-07
4.593996624e-07
4.059035743e-07
3.889350106e-07
3.813362346e-07
3.770361772e-07
3.743887284e-07
3.722810498e-07
3.707830197e-07
3.693567267e-07
3.680917929e-07
3.669064767e-07
3.654457513e-07
3.641693865e-07
3.623871305e-07
3.606215437e-07
3.582199799e-07
3.555217317e-07
3.525239015e-07
3.487527739e-07
3.439074752e-07
3.38243985e-07
3.318868905e-07
3.253494335e-07
3.221320712e-07
3.205728332e-07
3.200481458e-07
3.203796668e-07
3.220191247e-07
3.241161693e-07
3.272832803e-07
3.310851601e-07
3.359738155e-07
3.422384559e-07
3.498756561e-07
3.599617314e-07
3.723201563e-07
3.892647062e-07
4.105057458e-07
4.408464338e-07
4.814350731e-07
5.438591955e-07
6.380273236e-07
8.043673373e-07
1.131693376e-06
0.01470813651
0.0006971732556
9.695814239e-06
6.62725777e-07
4.601092179e-07
4.060056624e-07
3.889619294e-07
3.815138832e-07
3.772599695e-07
3.745292914e-07
3.723033e-07
3.708345515e-07
3.694427623e-07
3.683194251e-07
3.671707782e-07
3.657577827e-07
3.645224822e-07
3.627867647e-07
3.610529855e-07
3.586718079e-07
3.560775228e-07
3.529281712e-07
3.489309793e-07
3.442070137e-07
3.388093231e-07
3.320643984e-07
3.254959548e-07
3.22187695e-07
3.205705587e-07
3.200198922e-07
3.202416197e-07
3.219902619e-07
3.240225359e-07
3.271764386e-07
3.309892959e-07
3.359279225e-07
3.421666518e-07
3.498169744e-07
3.598772145e-07
3.722146927e-07
3.890723418e-07
4.102770009e-07
4.406153741e-07
4.812038958e-07
5.434077866e-07
6.376093669e-07
8.03773113e-07
1.131080235e-06
0.01612076586
0.0007541300884
1.045237747e-05
6.620783532e-07
4.617296254e-07
4.072384045e-07
3.898409847e-07
3.819020977e-07
3.773891846e-07
3.746288523e-07
3.725927925e-07
3.710887585e-07
3.69682777e-07
3.684905809e-07
3.672763263e-07
3.659169583e-07
3.64745807e-07
3.629878877e-07
3.612997056e-07
3.588899231e-07
3.563744774e-07
3.533422816e-07
3.494957594e-07
3.448475236e-07
3.391259827e-07
3.324196893e-07
3.256449064e-07
3.222363012e-07
3.205545779e-07
3.199662856e-07
3.201162555e-07
3.219100773e-07
3.239044218e-07
3.271266641e-07
3.308770159e-07
3.357967894e-07
3.420101479e-07
3.49647611e-07
3.596785959e-07
3.720333372e-07
3.88891323e-07
4.101081685e-07
4.403229939e-07
4.808452154e-07
5.430602867e-07
6.370961325e-07
8.031761053e-07
1.130444579e-06
0.01735117623
0.0009364335133
1.376685206e-05
6.842232228e-07
4.641781972e-07
4.078139644e-07
3.898784798e-07
3.820527223e-07
3.77712729e-07
3.749574114e-07
3.72639697e-07
3.711752794e-07
3.697908507e-07
3.687395722e-07
3.677075329e-07
3.664104028e-07
3.652427571e-07
3.635418157e-07
3.618840566e-07
3.596306535e-07
3.572337184e-07
3.540680784e-07
3.499506764e-07
3.451912576e-07
3.397173016e-07
3.326370006e-07
3.257880165e-07
3.222719798e-07
3.205261251e-07
3.199121773e-07
3.199964884e-07
3.218792441e-07
3.23792662e-07
3.269803135e-07
3.307245244e-07
3.357212187e-07
3.419078404e-07
3.495684465e-07
3.595728355e-07
3.719124071e-07
3.886792061e-07
4.098428335e-07
4.400322801e-07
4.805935928e-07
5.4256545e-07
6.366219635e-07
8.025271748e-07
1.129776953e-06
0.01959391152
0.001051081877
1.539905133e-05
6.93227257e-07
4.697951641e-07
4.107254038e-07
3.918467814e-07
3.832323948e-07
3.782742392e-07
3.752111724e-07
3.731039381e-07
3.716255735e-07
3.702243655e-07
3.69162781e-07
3.678892419e-07
3.666550341e-07
3.655720436e-07
3.638651566e-07
3.623211262e-07
3.599668913e-07
3.576214254e-07
3.544157375e-07
3.504888977e-07
3.461216251e-07
3.401799954e-07
3.330230662e-07
3.258951999e-07
3.222709452e-07
3.204716612e-07
3.198308656e-07
3.198674652e-07
3.217850671e-07
3.236072104e-07
3.26920407e-07
3.306111993e-07
3.355796858e-07
3.417210553e-07
3.493653394e-07
3.59337569e-07
3.716843281e-07
3.884495867e-07
4.096327022e-07
4.397319307e-07
4.801762236e-07
5.42170554e-07
6.360656719e-07
8.018689097e-07
1.129122237e-06
0.02198477685
0.00153404138
2.789861867e-05
7.667530074e-07
4.771473105e-07
4.134000288e-07
3.926465087e-07
3.835504724e-07
3.786808068e-07
3.757369656e-07
3.733340652e-07
3.717846007e-07
3.704062443e-07
3.693952403e-07
3.683799662e-07
3.673910091e-07
3.662318486e-07
3.646343581e-07
3.63100291e-07
3.609745879e-07
3.58750487e-07
3.554401709e-07
3.515065638e-07
3.466875101e-07
3.406950424e-07
3.332147168e-07
3.259650749e-07
3.222571581e-07
3.204174728e-07
3.197581995e-07
3.197424197e-07
3.217355552e-07
3.234776847e-07
3.267467031e-07
3.304007373e-07
3.354558073e-07
3.415794758e-07
3.492569808e-07
3.592055935e-07
3.715446107e-07
3.882181046e-07
4.093426391e-07
4.3937936e-07
4.798963815e-07
5.416382401e-07
6.35535905e-07
8.01175701e-07
1.128459782e-06
0.02442334806
0.00158689283
3.118922167e-05
8.389327689e-07
4.92767575e-07
4.194648324e-07
3.963982784e-07
3.859775518e-07
3.800499412e-07
3.76407898e-07
3.740097685e-07
3.725436771e-07
3.71084752e-07
3.701098869e-07
3.689614875e-07
3.677668723e-07
3.667068464e-07
3.651472492e-07
3.637483077e-07
3.615395355e-07
3.592397713e-07
3.559223729e-07
3.520506298e-07
3.475653593e-07
3.412216558e-07
3.336702153e-07
3.260271952e-07
3.222250013e-07
3.203271087e-07
3.196304152e-07
3.196133174e-07
3.216102129e-07
3.232234224e-07
3.266748111e-07
3.302781439e-07
3.353141488e-07
3.413675196e-07
3.490170773e-07
3.589294996e-07
3.712657009e-07
3.879317657e-07
4.090723016e-07
4.390542785e-07
4.794049982e-07
5.411644693e-07
6.349019177e-07
8.004235898e-07
1.127818492e-06
0.02637706338
0.002652389152
7.811857315e-05
1.135183485e-06
5.081477253e-07
4.28177121e-07
3.996298948e-07
3.874019107e-07
3.811036932e-07
3.774877143e-07
3.747422114e-07
3.728308354e-07
3.713980619e-07
3.704505227e-07
3.694014248e-07
3.686079864e-07
3.67562511e-07
3.661264304e-07
3.64741912e-07
3.62700842e-07
3.605824624e-07
3.571921729e-07
3.535055326e-07
3.484175236e-07
3.418508649e-07
3.338365975e-07
3.260713017e-07
3.221749268e-07
3.202146623e-07
3.195044078e-07
3.194805191e-07
3.21491467e-07
3.230837527e-07
3.264718795e-07
3.300039349e-07
3.351224212e-07
3.411599451e-07
3.488742053e-07
3.587539773e-07
3.710777203e-07
3.876340113e-07
4.087037651e-07
4.385532994e-07
4.790119805e-07
5.40454145e-07
6.341670522e-07
7.995180801e-07
1.12724166e-06
0.02627590001
0.003390637089
0.0001069370504
1.685714463e-06
5.699679373e-07
4.410504996e-07
4.075717935e-07
3.921255329e-07
3.837088291e-07
3.7859106e-07
3.756116497e-07
3.740525421e-07
3.724375795e-07
3.71458159e-07
3.703890073e-07
3.693115564e-07
3.682511203e-07
3.668662448e-07
3.655929882e-07
3.635748004e-07
3.612751993e-07
3.579878732e-07
3.541444175e-07
3.49206239e-07
3.424263057e-07
3.344236482e-07
3.26133441e-07
3.221186197e-07
3.201157541e-07
3.194004775e-07
3.193461525e-07
3.213324287e-07
3.227635036e-07
3.26378014e-07
3.298450364e-07
3.349571386e-07
3.408943933e-07
3.485427895e-07
3.583398008e-07
3.706484099e-07
3.871838067e-07
4.082519741e-07
4.380691125e-07
4.782385453e-07
5.39662728e-07
6.331670207e-07
7.983835078e-07
1.126598453e-06
4.156417823e-07
3.962419633e-07
3.863709671e-07
3.8107246e-07
3.774781e-07
3.745746062e-07
3.729512628e-07
3.719617042e-07
3.709249494e-07
3.702399879e-07
3.693040848e-07
3.680514306e-07
3.668108224e-07
3.648757156e-07
3.627984728e-07
3.594536091e-07
3.558498642e-07
3.503684867e-07
3.433945879e-07
3.346974424e-07
3.261771019e-07
3.22062163e-07
3.200226878e-07
3.193121885e-07
3.192254953e-07
3.211039106e-07
3.226110029e-07
3.261521729e-07
3.294480867e-07
3.346515797e-07
3.405512718e-07
3.483006991e-07
3.580916811e-07
3.703715587e-07
3.867230933e-07
4.076877553e-07
4.372097699e-07
4.775302506e-07
5.384905195e-07
6.319007982e-07
7.969528722e-07
1.125732715e-06
3.766026871e-07
3.74547002e-07
3.733913191e-07
3.723001348e-07
3.712842487e-07
3.702564361e-07
3.690377898e-07
3.678904294e-07
3.66037172e-07
3.63808595e-07
3.606046487e-07
3.566967167e-07
3.513079362e-07
3.441414439e-07
3.352994358e-07
3.263194295e-07
3.220625271e-07
3.199637542e-07
3.191850488e-07
3.190809314e-07
3.208881749e-07
3.222176236e-07
3.259013349e-07
3.292395469e-07
3.344308257e-07
3.401976139e-07
3.478532985e-07
3.574430452e-07
3.69651172e-07
3.859494909e-07
4.068598967e-07
4.364025853e-07
4.762395371e-07
5.370667649e-07
6.302231769e-07
7.950946122e-07
1.12444675e-06
3.730671021e-07
3.724726172e-07
3.716013601e-07
3.705047677e-07
3.693933788e-07
3.675874024e-07
3.655929897e-07
3.623260572e-07
3.586854292e-07
3.528799906e-07
3.45528586e-07
3.357682874e-07
3.264836624e-07
3.220635627e-07
3.198411834e-07
3.189527974e-07
3.188049225e-07
3.205029403e-07
3.220377513e-07
3.256720042e-07
3.28677439e-07
3.33936307e-07
3.396173532e-07
3.473569904e-07
3.569748977e-07
3.691643952e-07
3.852049706e-07
4.059753891e-07
4.349273744e-07
4.748881267e-07
5.351177267e-07
6.280314715e-07
7.926541916e-07
1.12248258e-06
3.718072578e-07
3.707988231e-07
3.691172839e-07
3.670000206e-07
3.639235317e-07
3.599741162e-07
3.542311205e-07
3.466335059e-07
3.366005047e-07
3.268422363e-07
3.221260897e-07
3.197341157e-07
3.187765104e-07
3.186266047e-07
3.202612824e-07
3.216021077e-07
3.251386903e-07
3.283043607e-07
3.335797486e-07
3.390911145e-07
3.467451841e-07
3.56017276e-07
3.679727214e-07
3.838587551e-07
4.044104499e-07
4.334630292e-07
4.727404584e-07
5.325687004e-07
6.25144204e-07
7.892938179e-07
1.119599049e-06
3.710977349e-07
3.692547879e-07
3.661168917e-07
3.624710889e-07
3.564247045e-07
3.486521473e-07
3.376608759e-07
3.271851805e-07
3.221408577e-07
3.195670026e-07
3.185139223e-07
3.182452254e-07
3.196616405e-07
3.211924207e-07
3.24806298e-07
3.275940276e-07
3.327966571e-07
3.381354638e-07
3.457787634e-07
3.550014142e-07
3.670125554e-07
3.825641724e-07
4.029849342e-07
4.310089915e-07
4.701427236e-07
5.292703403e-07
6.212388683e-07
7.846940698e-07
1.115420613e-06
3.712362845e-07
3.683695754e-07
3.644467579e-07
3.585048935e-07
3.504629682e-07
3.390611937e-07
3.278333688e-07
3.222815731e-07
3.194234402e-07
3.182164249e-07
3.17925241e-07
3.19332506e-07
3.207294832e-07
3.239132665e-07
3.268149697e-07
3.320958991e-07
3.372344672e-07
3.448173886e-07
3.536006947e-07
3.651167196e-07
3.802960535e-07
4.000671691e-07
4.28148879e-07
4.66523122e-07
5.247372376e-07
6.159337246e-07
7.782025763e-07
1.109539918e-06
3.678270634e-07
3.617015519e-07
3.535278071e-07
3.410374686e-07
3.284427681e-07
3.223652622e-07
3.192357065e-07
3.178381257e-07
3.174459377e-07
3.185027859e-07
3.198858203e-07
3.232609946e-07
3.259070174e-07
3.308944171e-07
3.357388916e-07
3.431060596e-07
3.515526073e-07
3.63137758e-07
3.778212374e-07
3.975582166e-07
4.242152169e-07
4.617017827e-07
5.18835314e-07
6.085810447e-07
7.692394236e-07
1.101169541e-06
3.649825548e-07
3.565880654e-07
3.431218207e-07
3.294339386e-07
3.226441872e-07
3.190282163e-07
3.173753815e-07
3.168846534e-07
3.178608511e-07
3.192750314e-07
3.219922016e-07
3.245117254e-07
3.295019678e-07
3.340866635e-07
3.413010756e-07
3.493460469e-07
3.601536029e-07
3.741538312e-07
3.924697646e-07
4.185673486e-07
4.551997899e-07
5.105546619e-07
5.983707373e-07
7.565390251e-07
1.089222759e-06
3.613928279e-07
3.463499399e-07
3.304412781e-07
3.226869977e-07
3.187067001e-07
3.168348178e-07
3.162264065e-07
3.167722067e-07
3.178440653e-07
3.206442414e-07
3.23105097e-07
3.275994265e-07
3.317124629e-07
3.385044005e-07
3.456867801e-07
3.562707224e-07
3.692981261e-07
3.875075439e-07
4.120895641e-07
4.46557345e-07
4.995157287e-07
5.841285675e-07
7.387964207e-07
1.071846555e-06
3.319345077e-07
3.231628659e-07
3.184211436e-07
3.161626159e-07
3.153217906e-07
3.155837815e-07
3.168009445e-07
3.189018561e-07
3.208664102e-07
3.250361382e-07
3.288047209e-07
3.350511417e-07
3.41780896e-07
3.512927967e-07
3.633134325e-07
3.792382759e-07
4.01579598e-07
4.341814014e-07
4.8382284e-07
5.642135608e-07
7.134295002e-07
1.045807183e-06
3.23443512e-07
3.181013228e-07
3.153857116e-07
3.14428613e-07
3.142663169e-07
3.148300112e-07
3.167382507e-07
3.186231897e-07
3.222644786e-07
3.253357635e-07
3.3089775e-07
3.363650767e-07
3.450660532e-07
3.553045275e-07
3.702906806e-07
3.91059849e-07
4.202774735e-07
4.653678393e-07
5.394186863e-07
6.805022381e-07
1.009804552e-06
3.17999341e-07
3.149107726e-07
3.134718676e-07
3.130019835e-07
3.13639897e-07
3.15020112e-07
3.163679085e-07
3.194278342e-07
3.219965552e-07
3.268551966e-07
3.317854143e-07
3.392838301e-07
3.485124138e-07
3.613979344e-07
3.790001655e-07
4.05138059e-07
4.457926249e-07
5.135701222e-07
6.456647541e-07
9.685292809e-07
3.127686015e-07
3.121049927e-07
3.121445114e-07
3.133312688e-07
3.144815723e-07
3.171407461e-07
3.192694598e-07
3.235693314e-07
3.274830623e-07
3.342448248e-07
3.420051711e-07
3.536508213e-07
3.699684671e-07
3.934558719e-07
4.300903097e-07
4.917139981e-07
6.140880718e-07
9.270821105e-07
3.112604962e-07
3.113362829e-07
3.12156394e-07
3.129365738e-07
3.152193818e-07
3.169299835e-07
3.206753416e-07
3.242245526e-07
3.301308368e-07
3.371697283e-07
3.474756547e-07
3.615157281e-07
3.825571561e-07
4.157532113e-07
4.721072053e-07
5.859002135e-07
8.90280003e-07
3.106853479e-07
3.103237481e-07
3.110244448e-07
3.116353196e-07
3.136212224e-07
3.150514695e-07
3.184294325e-07
3.212887399e-07
3.266648348e-07
3.327032684e-07
3.420472785e-07
3.551879541e-07
3.744368156e-07
4.047793196e-07
4.564971523e-07
5.618703278e-07
8.402603482e-07
3.09816901e-07
3.102438807e-07
3.106025036e-07
3.123581601e-07
3.134864938e-07
3.164691585e-07
3.190719535e-07
3.238674317e-07
3.294173977e-07
3.378860768e-07
3.494788972e-07
3.670000365e-07
3.949191003e-07
4.427467789e-07
5.407503089e-07
8.099311221e-07
3.095069955e-07
3.097430852e-07
3.112913812e-07
3.122293671e-07
3.149570512e-07
3.171196047e-07
3.215463478e-07
3.264251732e-07
3.342208559e-07
3.452134115e-07
3.615471855e-07
3.875348498e-07
4.321010915e-07
5.234727245e-07
7.61611884e-07
3.090680418e-07
3.104605041e-07
3.111949294e-07
3.136682085e-07
3.156369675e-07
3.196767118e-07
3.242338826e-07
3.31451566e-07
3.414071928e-07
3.5656814e-07
3.809134198e-07
4.227795039e-07
5.086772388e-07
7.393084753e-07
3.085042123e-07
3.097635716e-07
3.103514593e-07
3.126505986e-07
3.143477331e-07
3.181351385e-07
3.222425139e-07
3.290050065e-07
3.385669772e-07
3.529459985e-07
3.760072207e-07
4.156661507e-07
4.968898526e-07
7.081407341e-07
3.092093414e-07
3.096654135e-07
3.118080898e-07
3.133597184e-07
3.168897612e-07
3.20786925e-07
3.271654482e-07
3.360348797e-07
3.496283626e-07
3.71592458e-07
4.094302298e-07
4.868773246e-07
6.912133281e-07
3.087592336e-07
3.092016557e-07
3.111257253e-07
3.125054637e-07
3.158655811e-07
3.19461441e-07
3.255354649e-07
3.34147434e-07
3.472253395e-07
3.683393813e-07
4.047057465e-07
4.79015876e-07
6.764502853e-07
3.085517806e-07
3.105668272e-07
3.118484312e-07
3.150360833e-07
3.184935859e-07
3.243115509e-07
3.324609055e-07
3.450145065e-07
3.653983115e-07
4.005486565e-07
4.72325169e-07
6.637455457e-07
3.079625214e-07
3.10112885e-07
3.1127854e-07
3.143534885e-07
3.17609784e-07
3.232245891e-07
3.312050451e-07
3.434174685e-07
3.632379336e-07
3.974107424e-07
4.670909603e-07
6.529200897e-07
3.07865577e-07
3.097406521e-07
3.108423137e-07
3.138008307e-07
3.169648929e-07
3.224085737e-07
3.300796732e-07
3.419421123e-07
3.612762945e-07
3.946386916e-07
4.626249535e-07
6.440940587e-07
3.076878668e-07
3.094386314e-07
3.104605658e-07
3.133446272e-07
3.163745324e-07
3.21682677e-07
3.292424274e-07
3.408782794e-07
3.598381706e-07
3.925506284e-07
4.591406632e-07
6.369877972e-07
3.09166827e-07
3.101470839e-07
3.129455912e-07
3.159082949e-07
3.210921956e-07
3.284271058e-07
3.398090451e-07
3.584167406e-07
3.905423533e-07
4.559060991e-07
6.301766119e-07
3.089077284e-07
3.09816968e-07
3.125507877e-07
3.153962472e-07
3.2046165e-07
3.276996445e-07
3.388840751e-07
3.571655811e-07
3.887248106e-07
4.528711716e-07
6.234805365e-07
3.086461456e-07
3.095151903e-07
3.12163472e-07
3.149427848e-07
3.198858706e-07
3.269024251e-07
3.378370759e-07
3.557725561e-07
3.867556296e-07
4.496988286e-07
6.168966015e-07
3.083929494e-07
3.091907875e-07
3.11774327e-07
3.144368947e-07
3.19261908e-07
3.261824133e-07
3.369209854e-07
3.545327684e-07
3.84954112e-07
4.466898278e-07
6.104221233e-07
3.088950748e-07
3.113908559e-07
3.139886095e-07
3.186915721e-07
3.253911494e-07
3.358809722e-07
3.531486836e-07
3.829977633e-07
4.435396117e-07
6.040537616e-07
3.085754024e-07
3.110057043e-07
3.134872269e-07
3.180725469e-07
3.246772405e-07
3.349724922e-07
3.519191787e-07
3.812116884e-07
4.405573811e-07
5.977889666e-07
3.082837853e-07
3.106245317e-07
3.130429562e-07
3.175063969e-07
3.238906862e-07
3.339382813e-07
3.505430577e-07
3.792677005e-07
4.374300874e-07
5.916246253e-07
3.102420596e-07
3.125450191e-07
3.168913299e-07
3.231821448e-07
3.330367449e-07
3.493234015e-07
3.774972214e-07
4.344764324e-07
5.855585065e-07
3.098625199e-07
3.121040268e-07
3.163286244e-07
3.223995764e-07
3.320077091e-07
3.479548877e-07
3.755658558e-07
4.313739452e-07
5.795873699e-07
3.094815923e-07
3.116088103e-07
3.157169713e-07
3.216959913e-07
3.311127633e-07
3.467449268e-07
3.738113036e-07
4.284505586e-07
5.737091625e-07
3.111705989e-07
3.151572638e-07
3.209169154e-07
3.300884931e-07
3.453837949e-07
3.718927483e-07
4.253741063e-07
5.679208668e-07
3.106776387e-07
3.145487758e-07
3.202180958e-07
3.292000402e-07
3.441836413e-07
3.701547401e-07
4.224830509e-07
5.622208436e-07
3.139918504e-07
3.19442249e-07
3.281804273e-07
3.428300283e-07
3.682496955e-07
4.1943484e-07
5.566059144e-07
3.133924147e-07
3.187549897e-07
3.273072251e-07
3.416516665e-07
3.665459226e-07
4.166063441e-07
5.511918643e-07
3.179989686e-07
3.263149041e-07
3.403370058e-07
3.647016872e-07
4.136709426e-07
5.458715822e-07
3.173259091e-07
3.254617955e-07
3.391893082e-07
3.630500894e-07
4.109500459e-07
5.406436119e-07
3.244784279e-07
3.378903959e-07
3.612364699e-07
4.080863599e-07
5.355046592e-07
3.367610939e-07
3.596188241e-07
4.054413901e-07
5.304532327e-07
3.578340623e-07
4.026454328e-07
5.254863561e-07
4.000737312e-07
5.206029875e-07
3.498642382e-07
3.609682034e-07
3.725362514e-07
3.907207249e-07
4.111830766e-07
4.431409099e-07
4.833295255e-07
5.473763287e-07
6.420093574e-07
8.09831647e-07
1.136990683e-06
3.19125213e-07
3.201493173e-07
3.216389085e-07
3.242638844e-07
3.270564163e-07
3.314482085e-07
3.358940391e-07
3.428368207e-07
3.49844102e-07
3.609193696e-07
3.725013201e-07
3.906211595e-07
4.111552438e-07
4.430606928e-07
4.832348225e-07
5.472388511e-07
6.418611793e-07
8.096344791e-07
1.136822113e-06
3.291211214e-07
3.233686278e-07
3.206523666e-07
3.194999415e-07
3.191479287e-07
3.201378553e-07
3.216486785e-07
3.242507587e-07
3.270500548e-07
3.314131316e-07
3.358769569e-07
3.427954329e-07
3.498291353e-07
3.60847157e-07
3.724672819e-07
3.905724185e-07
4.110975527e-07
4.429389737e-07
4.83152734e-07
5.471035781e-07
6.416689812e-07
8.094285214e-07
1.136634892e-06
3.410657405e-07
3.355903577e-07
3.291736169e-07
3.234406918e-07
3.207120571e-07
3.195296534e-07
3.191592043e-07
3.201157682e-07
3.216583294e-07
3.242249335e-07
3.270373494e-07
3.313743618e-07
3.358670306e-07
3.427311384e-07
3.498004332e-07
3.60793832e-07
3.724373515e-07
3.904643383e-07
4.110469823e-07
4.428506979e-07
4.830496039e-07
5.469292658e-07
6.414921006e-07
8.0919317e-07
1.136431575e-06
3.52611727e-07
3.493970224e-07
3.455611357e-07
3.411717029e-07
3.356738411e-07
3.292452142e-07
3.235146697e-07
3.207701255e-07
3.195490579e-07
3.191592162e-07
3.200870079e-07
3.216726106e-07
3.242131108e-07
3.270316138e-07
3.313431361e-07
3.358416093e-07
3.426866297e-07
3.49787104e-07
3.607239395e-07
3.723879058e-07
3.904169241e-07
4.109913316e-07
4.427151473e-07
4.829391643e-07
5.467723283e-07
6.412711081e-07
8.089444745e-07
1.136197038e-06
3.554171302e-07
3.526816909e-07
3.49442236e-07
3.456280302e-07
3.412508591e-07
3.35767297e-07
3.292993413e-07
3.235911699e-07
3.208230321e-07
3.195644847e-07
3.191486715e-07
3.200559518e-07
3.216910314e-07
3.24186853e-07
3.270143538e-07
3.313029366e-07
3.358318745e-07
3.426280219e-07
3.497506616e-07
3.606625567e-07
3.723612805e-07
3.902987363e-07
4.109145709e-07
4.426119992e-07
4.828266892e-07
5.465658905e-07
6.410625659e-07
8.086680115e-07
1.135948224e-06
3.600908457e-07
3.578852402e-07
3.554482765e-07
3.527221631e-07
3.495315154e-07
3.457547714e-07
3.413650142e-07
3.358529192e-07
3.293888504e-07
3.236682735e-07
3.208725263e-07
3.195716792e-07
3.191275305e-07
3.200237446e-07
3.217056782e-07
3.241703718e-07
3.270086428e-07
3.312747856e-07
3.357985421e-07
3.425781124e-07
3.497368701e-07
3.60595819e-07
3.722971947e-07
3.902507302e-07
4.108597543e-07
4.424681679e-07
4.826864953e-07
5.463852621e-07
6.408139578e-07
8.083764405e-07
1.135665923e-06
3.635449903e-07
3.619734654e-07
3.600992675e-07
3.579033044e-07
3.555071838e-07
3.528194787e-07
3.49597699e-07
3.458371469e-07
3.41446519e-07
3.35953901e-07
3.29464696e-07
3.237546756e-07
3.209170259e-07
3.195683024e-07
3.19095854e-07
3.199905154e-07
3.217171625e-07
3.24142609e-07
3.269869884e-07
3.312294667e-07
3.357870722e-07
3.425245539e-07
3.496917398e-07
3.605234257e-07
3.722715077e-07
3.901297525e-07
4.107574905e-07
4.423443048e-07
4.825621753e-07
5.461511919e-07
6.405721462e-07
8.080580821e-07
1.135368495e-06
3.651208187e-07
3.635658737e-07
3.620054128e-07
3.601243074e-07
3.579477506e-07
3.555552734e-07
3.528737086e-07
3.497039539e-07
3.459975383e-07
3.415859979e-07
3.360551541e-07
3.295948668e-07
3.238379382e-07
3.209540876e-07
3.195594254e-07
3.19053587e-07
3.199565437e-07
3.217199408e-07
3.241215768e-07
3.269816297e-07
3.312029775e-07
3.357475691e-07
3.424670653e-07
3.496763981e-07
3.604603098e-07
3.721936931e-07
3.900621312e-07
4.106984542e-07
4.421955961e-07
4.823931536e-07
5.459446113e-07
6.402958623e-07
8.077237295e-07
1.135043732e-06
3.651452807e-07
3.635767432e-07
3.620216564e-07
3.601369368e-07
3.579757149e-07
3.556372418e-07
3.530128033e-07
3.498108347e-07
3.461062262e-07
3.416717053e-07
3.361731993e-07
3.297003539e-07
3.239332167e-07
3.2099339e-07
3.195332996e-07
3.189987283e-07
3.199206139e-07
3.217177293e-07
3.240938562e-07
3.269573988e-07
3.311499027e-07
3.357309501e-07
3.424175919e-07
3.496210469e-07
3.603739043e-07
3.721654622e-07
3.899454707e-07
4.105755192e-07
4.420466475e-07
4.822531198e-07
5.456856907e-07
6.40019218e-07
8.073632938e-07
1.134700699e-06
3.651669244e-07
3.636050375e-07
3.620677327e-07
3.601754381e-07
3.580510628e-07
3.557211269e-07
3.53088964e-07
3.49938461e-07
3.463053302e-07
3.418484156e-07
3.363047824e-07
3.298889264e-07
3.240299091e-07
3.210103111e-07
3.194763804e-07
3.189271679e-07
3.198816808e-07
3.216999954e-07
3.24069179e-07
3.269508376e-07
3.311234856e-07
3.356886536e-07
3.423503623e-07
3.496034082e-07
3.603144384e-07
3.720732032e-07
3.898549621e-07
4.105053314e-07
4.41893655e-07
4.820571621e-07
5.454508004e-07
6.397140958e-07
8.069862453e-07
1.134334051e-06
3.651986171e-07
3.636259523e-07
3.620903973e-07
3.60196964e-07
3.580993268e-07
3.55835338e-07
3.532901505e-07
3.501126667e-07
3.464584147e-07
3.419384813e-07
3.364534382e-07
3.300367314e-07
3.241295417e-07
3.209905588e-07
3.193753284e-07
3.188530883e-07
3.198582809e-07
3.216887461e-07
3.240442536e-07
3.269202778e-07
3.31060122e-07
3.356601918e-07
3.423032072e-07
3.495355518e-07
3.602103658e-07
3.720419068e-07
3.897413544e-07
4.103658832e-07
4.417172612e-07
4.81897063e-07
5.451687224e-07
6.3940198e-07
8.065845151e-07
1.133946604e-06
3.652244806e-07
3.636645229e-07
3.621584546e-07
3.602651086e-07
3.582314837e-07
3.559883931e-07
3.53394815e-07
3.502638199e-07
3.466889555e-07
3.421644715e-07
3.366428355e-07
3.303284661e-07
3.241918939e-07
3.209037012e-07
3.192701969e-07
3.187926203e-07
3.198441235e-07
3.21659221e-07
3.240151943e-07
3.269102697e-07
3.310310118e-07
3.35617192e-07
3.422239111e-07
3.495144653e-07
3.60154706e-07
3.719353444e-07
3.896251358e-07
4.10277712e-07
4.415581484e-07
4.81675886e-07
5.449034044e-07
6.390661807e-07
8.061645471e-07
1.133533509e-06
3.652681169e-07
3.637060186e-07
3.621910053e-07
3.603057411e-07
3.583142062e-07
3.561375057e-07
3.536812213e-07
3.505384651e-07
3.469189628e-07
3.422711255e-07
3.368556105e-07
3.304945507e-07
3.241732673e-07
3.207929073e-07
3.191888835e-07
3.18755727e-07
3.198504245e-07
3.216552185e-07
3.239877994e-07
3.268673131e-07
3.309539363e-07
3.355724612e-07
3.4217629e-07
3.494389489e-07
3.600279521e-07
3.718932664e-07
3.895112815e-07
4.101241508e-07
4.413524653e-07
4.814903849e-07
5.445973152e-07
6.387164684e-07
8.057183641e-07
1.133093331e-06
3.65300318e-07
3.637588622e-07
3.623007806e-07
3.604365777e-07
3.585451028e-07
3.564167749e-07
3.538386287e-07
3.507201913e-07
3.471534073e-07
3.425756177e-07
3.371350853e-07
3.307922797e-07
3.240856325e-07
3.205459443e-07
3.191659564e-07
3.187510459e-07
3.198663149e-07
3.216356278e-07
3.239086138e-07
3.268532815e-07
3.309186191e-07
3.355293401e-07
3.420828187e-07
3.493959599e-07
3.599732661e-07
3.71778096e-07
3.893667422e-07
4.100107647e-07
4.411829324e-07
4.812440219e-07
5.442987215e-07
6.383459626e-07
8.052519151e-07
1.132623572e-06
3.638472156e-07
3.623523256e-07
3.605189341e-07
3.586958738e-07
3.565902006e-07
3.541821578e-07
3.51114848e-07
3.475173372e-07
3.427198242e-07
3.374184089e-07
3.307916255e-07
3.239051836e-07
3.205335784e-07
3.191673593e-07
3.187899867e-07
3.199006238e-07
3.216285915e-07
3.238670295e-07
3.268092754e-07
3.30822875e-07
3.354617559e-07
3.420269331e-07
3.493187377e-07
3.598214607e-07
3.717090614e-07
3.892462514e-07
4.098434823e-07
4.409458908e-07
4.810273274e-07
5.439658758e-07
6.379559871e-07
8.047572198e-07
1.132122501e-06
3.639165108e-07
3.625472752e-07
3.607755132e-07
3.590640647e-07
3.570467622e-07
3.545106093e-07
3.513853311e-07
3.477128178e-07
3.431024617e-07
3.377376513e-07
3.307014619e-07
3.23846161e-07
3.205727475e-07
3.19291642e-07
3.188879779e-07
3.199493914e-07
3.215997976e-07
3.237642234e-07
3.26774105e-07
3.307714276e-07
3.354183532e-07
3.419182552e-07
3.492445807e-07
3.597595393e-07
3.715887578e-07
3.890716932e-07
4.096969772e-07
4.407596635e-07
4.80753925e-07
5.436307209e-07
6.375457313e-07
8.04239917e-07
1.131586277e-06
3.641109822e-07
3.626456879e-07
3.609420085e-07
3.593639888e-07
3.572693647e-07
3.54856973e-07
3.518231423e-07
3.482650129e-07
3.433966918e-07
3.37889145e-07
3.305272248e-07
3.238941978e-07
3.207363746e-07
3.194195209e-07
3.189884649e-07
3.200080949e-07
3.215617507e-07
3.237295538e-07
3.267353672e-07
3.306541379e-07
3.353209941e-07
3.418414041e-07
3.491638151e-07
3.595786782e-07
3.71482945e-07
3.889346965e-07
4.095139703e-07
4.404879135e-07
4.804991921e-07
5.432657745e-07
6.371107105e-07
8.036896661e-07
1.131013083e-06
3.642183665e-07
3.629249216e-07
3.614182761e-07
3.598686898e-07
3.579121479e-07
3.554119673e-07
3.523308446e-07
3.484591935e-07
3.436923912e-07
3.380777162e-07
3.304739565e-07
3.240893839e-07
3.209593962e-07
3.195522966e-07
3.191170294e-07
3.200888813e-07
3.215196755e-07
3.236290201e-07
3.266600257e-07
3.305671725e-07
3.352749277e-07
3.417173912e-07
3.490486755e-07
3.595017192e-07
3.713557511e-07
3.887279876e-07
4.093254983e-07
4.402767224e-07
4.801947708e-07
5.428894783e-07
6.366538447e-07
8.031147407e-07
1.130404199e-06
3.645777867e-07
3.632864873e-07
3.617549521e-07
3.603581618e-07
3.581830805e-07
3.557987529e-07
3.526941758e-07
3.490765669e-07
3.441300266e-07
3.381368409e-07
3.30548052e-07
3.243905887e-07
3.211757758e-07
3.197011675e-07
3.192570752e-07
3.200832733e-07
3.214082255e-07
3.235863322e-07
3.266096023e-07
3.304323248e-07
3.351448688e-07
3.416013781e-07
3.489601781e-07
3.592853913e-07
3.712022241e-07
3.885620682e-07
4.091238537e-07
4.399670304e-07
4.798955499e-07
5.424864874e-07
6.361693879e-07
8.025046572e-07
1.129765475e-06
3.64854214e-07
3.636243803e-07
3.624045081e-07
3.609388668e-07
3.589669304e-07
3.565602211e-07
3.535039868e-07
3.494281421e-07
3.442482346e-07
3.382364471e-07
3.309175826e-07
3.247259424e-07
3.214005671e-07
3.198560166e-07
3.193791552e-07
3.200457421e-07
3.213373874e-07
3.23477066e-07
3.264719908e-07
3.30291287e-07
3.350860086e-07
3.414641167e-07
3.487976153e-07
3.591876202e-07
3.710668472e-07
3.883244869e-07
4.08886764e-07
4.397226788e-07
4.795571593e-07
5.420660797e-07
6.356619893e-07
8.018719155e-07
1.129106696e-06
3.653267096e-07
3.642729125e-07
3.629985049e-07
3.616266861e-07
3.594274141e-07
3.571039358e-07
3.537918629e-07
3.498105154e-07
3.447061402e-07
3.386187867e-07
3.315074337e-07
3.250700331e-07
3.216123532e-07
3.199826614e-07
3.19457063e-07
3.199204372e-07
3.211633133e-07
3.233793308e-07
3.263928991e-07
3.301539111e-07
3.349238114e-07
3.412930716e-07
3.486961419e-07
3.589385993e-07
3.708589937e-07
3.881175812e-07
4.086650547e-07
4.393759191e-07
4.792107718e-07
5.416214827e-07
6.351274013e-07
8.012062082e-07
1.128443462e-06
3.647843106e-07
3.637579693e-07
3.622529558e-07
3.602684132e-07
3.579327148e-07
3.546960696e-07
3.504646613e-07
3.450580411e-07
3.390341162e-07
3.320940871e-07
3.254006742e-07
3.217939629e-07
3.200656464e-07
3.194840536e-07
3.197878789e-07
3.210856517e-07
3.232821369e-07
3.262083801e-07
3.299565786e-07
3.348462384e-07
3.411484624e-07
3.484933449e-07
3.588084865e-07
3.707142053e-07
3.878585343e-07
4.083813948e-07
4.390936503e-07
4.788398035e-07
5.411581373e-07
6.345713812e-07
8.00526336e-07
1.127796565e-06
3.655745968e-07
3.64522457e-07
3.630729909e-07
3.6100512e-07
3.586696097e-07
3.550648436e-07
3.507783871e-07
3.456282718e-07
3.398044293e-07
3.329171549e-07
3.256997966e-07
3.219267997e-07
3.200973184e-07
3.194655761e-07
3.195671724e-07
3.209032094e-07
3.231124522e-07
3.2606076e-07
3.298282498e-07
3.346507096e-07
3.409165022e-07
3.483687313e-07
3.585223008e-07
3.704504033e-07
3.875948925e-07
4.08128884e-07
4.386979949e-07
4.784288664e-07
5.406446791e-07
6.339565705e-07
7.997771546e-07
1.127143493e-06
3.654994757e-07
3.638375066e-07
3.619308722e-07
3.59491429e-07
3.559643624e-07
3.518563599e-07
3.465097897e-07
3.406588505e-07
3.333972675e-07
3.259538707e-07
3.220164246e-07
3.20090126e-07
3.193991709e-07
3.193379139e-07
3.2082621e-07
3.230008355e-07
3.258607338e-07
3.2958184e-07
3.345448767e-07
3.407525904e-07
3.481028268e-07
3.583506221e-07
3.702681047e-07
3.872737945e-07
4.077427605e-07
4.3830271e-07
4.779339318e-07
5.400132635e-07
6.332033395e-07
7.988895637e-07
1.126578059e-06
3.647438639e-07
3.628534828e-07
3.603964317e-07
3.567354103e-07
3.523463857e-07
3.47275716e-07
3.415399567e-07
3.342517365e-07
3.261765886e-07
3.220869895e-07
3.200538612e-07
3.192556937e-07
3.191268364e-07
3.206711763e-07
3.22728107e-07
3.256167349e-07
3.294382352e-07
3.343053631e-07
3.404043898e-07
3.479346782e-07
3.579224929e-07
3.698567914e-07
3.868401303e-07
4.073587289e-07
4.376966605e-07
4.772724666e-07
5.391840198e-07
6.322218718e-07
7.977690152e-07
1.125944008e-06
3.657295709e-07
3.639433698e-07
3.613875307e-07
3.577359294e-07
3.53819741e-07
3.486203688e-07
3.427425643e-07
3.346322702e-07
3.264283089e-07
3.221607981e-07
3.199725026e-07
3.190633884e-07
3.189122326e-07
3.205343365e-07
3.225705232e-07
3.254172227e-07
3.291321365e-07
3.340680298e-07
3.401864125e-07
3.475201461e-07
3.576823583e-07
3.695904073e-07
3.863679618e-07
4.067240161e-07
4.370011141e-07
4.764395868e-07
5.380992655e-07
6.309408647e-07
7.963588177e-07
1.125087398e-06
3.650579976e-07
3.625116534e-07
3.589631937e-07
3.546233851e-07
3.4963258e-07
3.436278328e-07
3.355881155e-07
3.266792019e-07
3.221576732e-07
3.198290309e-07
3.188747025e-07
3.187168851e-07
3.203625212e-07
3.221757322e-07
3.250443067e-07
3.288977821e-07
3.337684596e-07
3.396516517e-07
3.472779079e-07
3.57048646e-07
3.688607315e-07
3.855817712e-07
4.060539715e-07
4.36001889e-07
4.752829603e-07
5.366524005e-07
6.292672138e-07
7.945257563e-07
1.123813839e-06
3.63823443e-07
3.602243581e-07
3.564144326e-07
3.513540083e-07
3.452034091e-07
3.361639727e-07
3.269069299e-07
3.221682551e-07
3.197063656e-07
3.186762097e-07
3.184862765e-07
3.200907689e-07
3.219148942e-07
3.248322083e-07
3.285193592e-07
3.3330091e-07
3.393334498e-07
3.465684235e-07
3.565173823e-07
3.684495009e-07
3.848884727e-07
4.050056044e-07
4.34739073e-07
4.738251437e-07
5.347726332e-07
6.270746863e-07
7.921147007e-07
1.121860154e-06
3.619363625e-07
3.577603747e-07
3.527618092e-07
3.462807411e-07
3.373060672e-07
3.272472286e-07
3.221580291e-07
3.195176942e-07
3.184374055e-07
3.182381346e-07
3.198385526e-07
3.214274354e-07
3.242749421e-07
3.28048937e-07
3.328757755e-07
3.384783688e-07
3.462003741e-07
3.556991651e-07
3.672329353e-07
3.834205751e-07
4.037159192e-07
4.330479346e-07
4.717923386e-07
5.322359445e-07
6.241754033e-07
7.887929844e-07
1.118989177e-06
3.599917483e-07
3.549697953e-07
3.4841257e-07
3.383367627e-07
3.275352352e-07
3.221590686e-07
3.193841076e-07
3.182122717e-07
3.179517907e-07
3.193763893e-07
3.20916821e-07
3.239706583e-07
3.27564853e-07
3.320291903e-07
3.379988866e-07
3.450511047e-07
3.544684015e-07
3.663039916e-07
3.823310311e-07
4.020401864e-07
4.307840228e-07
4.691759273e-07
5.289634131e-07
6.202884884e-07
7.842408672e-07
1.11481763e-06
3.570196544e-07
3.500011093e-07
3.398598061e-07
3.280916154e-07
3.22231134e-07
3.191744656e-07
3.178696045e-07
3.175645176e-07
3.189149847e-07
3.203571924e-07
3.232130142e-07
3.266102744e-07
3.313643706e-07
3.365704351e-07
3.441915932e-07
3.533658944e-07
3.645694164e-07
3.797716683e-07
3.994469303e-07
4.277711668e-07
4.656099826e-07
5.244667726e-07
6.149811576e-07
7.777925605e-07
1.108951854e-06
3.530583044e-07
3.416299316e-07
3.286039822e-07
3.222428287e-07
3.189753282e-07
3.175554218e-07
3.171660223e-07
3.182514071e-07
3.195148858e-07
3.225093647e-07
3.25921613e-07
3.299310194e-07
3.358056606e-07
3.426422492e-07
3.510778599e-07
3.62296726e-07
3.776258372e-07
3.967314502e-07
4.239107451e-07
4.608772887e-07
5.185636297e-07
6.076668822e-07
7.688963572e-07
1.100588568e-06
3.556341769e-07
3.436085794e-07
3.294164238e-07
3.224362119e-07
3.187563865e-07
3.170731542e-07
3.165574453e-07
3.174094523e-07
3.187230841e-07
3.215355344e-07
3.242145901e-07
3.288404556e-07
3.336799133e-07
3.40401643e-07
3.489725715e-07
3.598505101e-07
3.736901921e-07
3.918617066e-07
4.182657508e-07
4.543907108e-07
5.10304047e-07
5.974959722e-07
7.562304784e-07
1.088665026e-06
3.463758629e-07
3.302687182e-07
3.224646458e-07
3.184412736e-07
3.165437789e-07
3.159152546e-07
3.16485939e-07
3.175311349e-07
3.200085026e-07
3.230806833e-07
3.266191301e-07
3.317404488e-07
3.38152768e-07
3.456039973e-07
3.553987357e-07
3.68987552e-07
3.868437532e-07
4.117510846e-07
4.458694185e-07
4.992808278e-07
5.833225328e-07
7.385659708e-07
1.07131475e-06
3.227901665e-07
3.181079192e-07
3.158362424e-07
3.149959074e-07
3.151088205e-07
3.161014474e-07
3.186487085e-07
3.204279386e-07
3.244713e-07
3.287545624e-07
3.340875502e-07
3.411591237e-07
3.509638239e-07
3.630679742e-07
3.78715155e-07
4.013575222e-07
4.335365793e-07
4.835960055e-07
5.634924017e-07
7.132171559e-07
1.045303603e-06
3.177266494e-07
3.150607162e-07
3.140459917e-07
3.138772438e-07
3.147009621e-07
3.162179879e-07
3.185240976e-07
3.215453095e-07
3.251996545e-07
3.30375708e-07
3.366431719e-07
3.444782883e-07
3.549555587e-07
3.697123615e-07
3.907495314e-07
4.197119928e-07
4.651860362e-07
5.387824426e-07
6.803661673e-07
1.009394613e-06
3.14523022e-07
3.131415137e-07
3.126018486e-07
3.129802049e-07
3.147830832e-07
3.15954896e-07
3.18833784e-07
3.2207807e-07
3.261454936e-07
3.313155161e-07
3.387582493e-07
3.483248582e-07
3.609782599e-07
3.788555042e-07
4.046474715e-07
4.456289439e-07
5.130152646e-07
6.455475922e-07
9.680089607e-07
3.123636503e-07
3.117356538e-07
3.12020438e-07
3.129247538e-07
3.142729695e-07
3.166332397e-07
3.191722902e-07
3.229411119e-07
3.276877817e-07
3.337915907e-07
3.417632068e-07
3.531696557e-07
3.697270378e-07
3.929790971e-07
4.299603038e-07
4.91208352e-07
6.140183262e-07
9.273656678e-07
3.109159302e-07
3.107841178e-07
3.118923579e-07
3.125970481e-07
3.146751937e-07
3.169815388e-07
3.200631392e-07
3.239390619e-07
3.295982059e-07
3.370068667e-07
3.470995364e-07
3.614031417e-07
3.82145904e-07
4.156412963e-07
4.716501411e-07
5.857891936e-07
8.861653648e-07
3.101975705e-07
3.106662701e-07
3.113989944e-07
3.131809597e-07
3.149889687e-07
3.178155858e-07
3.214308486e-07
3.262424863e-07
3.325227548e-07
3.416268969e-07
3.549991516e-07
3.740197781e-07
4.04686953e-07
4.5606897e-07
5.619105432e-07
8.50261612e-07
3.099751066e-07
3.103094388e-07
3.118573448e-07
3.135169047e-07
3.158887539e-07
3.18897629e-07
3.233658849e-07
3.292761595e-07
3.375349154e-07
3.493829002e-07
3.666315886e-07
3.948404907e-07
4.423480596e-07
5.406593967e-07
7.962023126e-07
3.091878332e-07
3.095140159e-07
3.108669298e-07
3.121860166e-07
3.143792991e-07
3.172164538e-07
3.211321141e-07
3.262779184e-07
3.338387496e-07
3.450615369e-07
3.611697335e-07
3.87467935e-07
4.317198663e-07
5.234810048e-07
7.732118841e-07
3.088038273e-07
3.099932197e-07
3.112097452e-07
3.131021757e-07
3.155299227e-07
3.192059968e-07
3.241082168e-07
3.311158747e-07
3.413202285e-07
3.562245157e-07
3.808560244e-07
4.22416179e-07
5.086498353e-07
7.30032705e-07
3.093440372e-07
3.103312018e-07
3.121015229e-07
3.144138729e-07
3.177242974e-07
3.221142821e-07
3.286476883e-07
3.384404075e-07
3.525945633e-07
3.759571567e-07
4.153145464e-07
4.968827197e-07
7.109207006e-07
3.08768794e-07
3.096859641e-07
3.112545627e-07
3.132930583e-07
3.164420245e-07
3.206716302e-07
3.268395652e-07
3.359530734e-07
3.4929989e-07
3.715488297e-07
4.090898583e-07
4.868769497e-07
6.913275077e-07
3.091071047e-07
3.105923289e-07
3.125523243e-07
3.154576773e-07
3.193447444e-07
3.251945658e-07
3.340380728e-07
3.46890994e-07
3.683004948e-07
4.043730132e-07
4.79019839e-07
6.764437598e-07
3.086838462e-07
3.100303587e-07
3.118061653e-07
3.146039874e-07
3.183850298e-07
3.239920166e-07
3.323821352e-07
3.446956008e-07
3.653637447e-07
4.002232557e-07
4.7233351e-07
6.636781768e-07
3.083021704e-07
3.095914713e-07
3.113137039e-07
3.139485206e-07
3.175003343e-07
3.228947606e-07
3.311073144e-07
3.430944126e-07
3.632065146e-07
3.97090352e-07
4.671022109e-07
6.528216802e-07
3.092178572e-07
3.108161717e-07
3.133793963e-07
3.168607406e-07
3.220932566e-07
3.300027033e-07
3.416294032e-07
3.612477403e-07
3.943231119e-07
4.626390097e-07
6.439822882e-07
3.089262106e-07
3.104881989e-07
3.129420129e-07
3.162698106e-07
3.213603655e-07
3.291525021e-07
3.405627227e-07
3.59811716e-07
3.922383664e-07
4.591563479e-07
6.368703237e-07
3.08656851e-07
3.101289613e-07
3.125307793e-07
3.158074837e-07
3.207805689e-07
3.283525139e-07
3.395011917e-07
3.583926135e-07
3.902339797e-07
4.559242239e-07
6.300609294e-07
3.08406486e-07
3.098465453e-07
3.121524124e-07
3.152949556e-07
3.201438308e-07
3.276136812e-07
3.385738847e-07
3.571436275e-07
3.884199512e-07
4.528916985e-07
6.233687554e-07
3.081467447e-07
3.094988076e-07
3.117531252e-07
3.14845199e-07
3.195783607e-07
3.268314924e-07
3.375343424e-07
3.557528483e-07
3.864546902e-07
4.497218427e-07
6.167898206e-07
3.092216182e-07
3.113799961e-07
3.143385466e-07
3.189478273e-07
3.260997645e-07
3.366156201e-07
3.545149521e-07
3.846563799e-07
4.467146692e-07
6.103208967e-07
3.088786864e-07
3.109855392e-07
3.138938039e-07
3.183875675e-07
3.253233724e-07
3.355827737e-07
3.531328454e-07
3.827036816e-07
4.435664189e-07
6.039583755e-07
3.08605213e-07
3.106161459e-07
3.133914067e-07
3.177616986e-07
3.245974712e-07
3.346714663e-07
3.519050626e-07
3.809206155e-07
4.405855895e-07
5.976995277e-07
3.102253017e-07
3.129505672e-07
3.172055217e-07
3.23825713e-07
3.336442099e-07
3.505307282e-07
3.78980064e-07
4.374597777e-07
5.915411819e-07
3.098587403e-07
3.124513915e-07
3.165834035e-07
3.231049321e-07
3.327397168e-07
3.493126841e-07
3.77212433e-07
4.345071303e-07
5.854810685e-07
3.094707834e-07
3.120137788e-07
3.160306585e-07
3.223371425e-07
3.317174883e-07
3.479458291e-07
3.752843592e-07
4.314057584e-07
5.795159357e-07
3.115171575e-07
3.154117593e-07
3.216210974e-07
3.308195116e-07
3.46737415e-07
3.735325394e-07
4.284830583e-07
5.736437063e-07
3.11082355e-07
3.148620418e-07
3.208568308e-07
3.298019374e-07
3.453778388e-07
3.716171564e-07
4.254073719e-07
5.678613666e-07
3.105878678e-07
3.142460812e-07
3.201453595e-07
3.289104136e-07
3.441791835e-07
3.698817857e-07
4.225167012e-07
5.621672737e-07
3.136991952e-07
3.193844035e-07
3.27897409e-07
3.428270417e-07
3.679798341e-07
4.194689665e-07
5.565582488e-07
3.130920928e-07
3.18684453e-07
3.27021138e-07
3.416501118e-07
3.662785818e-07
4.166405441e-07
5.511497759e-07
3.179431324e-07
3.260351941e-07
3.403367787e-07
3.644372668e-07
4.137053735e-07
5.458348946e-07
3.251790193e-07
3.391904363e-07
3.62788063e-07
4.10984448e-07
5.406121547e-07
3.242019464e-07
3.378927579e-07
3.609772879e-07
4.081209144e-07
5.354782692e-07
3.367647551e-07
3.593619522e-07
4.054758351e-07
5.30431783e-07
3.575800597e-07
4.026800651e-07
5.254696976e-07
4.001081822e-07
5.205909741e-07
3.49275734e-07
3.602989186e-07
3.719737245e-07
3.898056594e-07
4.108543822e-07
4.417857054e-07
4.833074206e-07
5.456041294e-07
6.420915401e-07
8.078923187e-07
1.137072694e-06
3.19135988e-07
3.201433537e-07
3.214740961e-07
3.23964481e-07
3.265958021e-07
3.309197008e-07
3.353111047e-07
3.422403275e-07
3.49243588e-07
3.602341924e-07
3.71909744e-07
3.897564528e-07
4.107843223e-07
4.417298395e-07
4.832222756e-07
5.454714196e-07
6.419452707e-07
8.076961879e-07
1.136902757e-06
3.253735399e-07
3.219667292e-07
3.201276215e-07
3.193236693e-07
3.191300526e-07
3.201196701e-07
3.214663851e-07
3.239425051e-07
3.265708306e-07
3.308743077e-07
3.353024992e-07
3.422074604e-07
3.492263324e-07
3.601870318e-07
3.718720257e-07
3.897239245e-07
4.106695051e-07
4.416962792e-07
4.830399226e-07
5.454045971e-07
6.416914819e-07
8.075501976e-07
1.136690681e-06
3.367939049e-07
3.311870909e-07
3.254160973e-07
3.219893788e-07
3.201381831e-07
3.19323828e-07
3.191252003e-07
3.20106028e-07
3.214505056e-07
3.238985853e-07
3.265562947e-07
3.30852739e-07
3.352818856e-07
3.421383943e-07
3.491901739e-07
3.601192175e-07
3.718135931e-07
3.896517475e-07
4.105984831e-07
4.416123339e-07
4.829466318e-07
5.452328259e-07
6.415170551e-07
8.073202368e-07
1.136482802e-06
3.452574264e-07
3.413822108e-07
3.368273911e-07
3.312454864e-07
3.254584756e-07
3.220154137e-07
3.201480799e-07
3.193183927e-07
3.191146235e-07
3.200771353e-07
3.214351048e-07
3.238760372e-07
3.265326415e-07
3.308058072e-07
3.352670499e-07
3.421078603e-07
3.491734792e-07
3.600671542e-07
3.71773773e-07
3.896143718e-07
4.104832549e-07
4.4157007e-07
4.827417571e-07
5.451423322e-07
6.412409469e-07
8.0712318e-07
1.136227148e-06
3.514146315e-07
3.486061596e-07
3.452848554e-07
3.414363364e-07
3.369082829e-07
3.312910153e-07
3.254979941e-07
3.220360513e-07
3.201529395e-07
3.193154825e-07
3.191069132e-07
3.200623237e-07
3.214153973e-07
3.238245632e-07
3.265099928e-07
3.307867495e-07
3.352457557e-07
3.420353223e-07
3.49130924e-07
3.59995459e-07
3.717182081e-07
3.895223017e-07
4.104091034e-07
4.41456181e-07
4.826343868e-07
5.449430609e-07
6.410333319e-07
8.068556857e-07
1.135971501e-06
3.538975509e-07
3.514276555e-07
3.486353471e-07
3.453527509e-07
3.415088572e-07
3.369417289e-07
3.31356486e-07
3.255397601e-07
3.220592685e-07
3.201609463e-07
3.193117761e-07
3.190936286e-07
3.200265148e-07
3.213884176e-07
3.238008496e-07
3.264905138e-07
3.307379692e-07
3.352169983e-07
3.420063247e-07
3.491134443e-07
3.599404625e-07
3.716720068e-07
3.894796262e-07
4.102895818e-07
4.414043282e-07
4.824108474e-07
5.448223612e-07
6.407352431e-07
8.066083083e-07
1.135671715e-06
3.539175549e-07
3.514652695e-07
3.486879194e-07
3.453922966e-07
3.415662206e-07
3.37034184e-07
3.314180009e-07
3.255846437e-07
3.220817905e-07
3.201670054e-07
3.193058721e-07
3.190806232e-07
3.200084649e-07
3.213663805e-07
3.237441796e-07
3.264587783e-07
3.307142361e-07
3.351976983e-07
3.419300914e-07
3.490629079e-07
3.598631632e-07
3.716170215e-07
3.893707653e-07
4.102099423e-07
4.412600355e-07
4.8228623e-07
5.446010489e-07
6.404924992e-07
8.063021199e-07
1.135365915e-06
3.539493467e-07
3.514881142e-07
3.487246891e-07
3.454802807e-07
3.416635913e-07
3.370727936e-07
3.31499836e-07
3.256363912e-07
3.221111212e-07
3.201778944e-07
3.193005202e-07
3.190654015e-07
3.199653955e-07
3.21325896e-07
3.237135947e-07
3.264419608e-07
3.306653115e-07
3.35155468e-07
3.419009898e-07
3.490435869e-07
3.598065697e-07
3.7156157e-07
3.893190553e-07
4.10082538e-07
4.411981601e-07
4.820467647e-07
5.444490077e-07
6.401713572e-07
8.060053909e-07
1.135026657e-06
3.539735627e-07
3.515370873e-07
3.48809537e-07
3.455428568e-07
3.417276508e-07
3.371826671e-07
3.315867811e-07
3.256975934e-07
3.221433767e-07
3.201862303e-07
3.192904753e-07
3.190460112e-07
3.199387587e-07
3.213005997e-07
3.236553147e-07
3.264015218e-07
3.306323773e-07
3.351370794e-07
3.418252616e-07
3.489827923e-07
3.597208507e-07
3.715040896e-07
3.891954885e-07
4.09996051e-07
4.410242429e-07
4.819010558e-07
5.442064859e-07
6.398915364e-07
8.056599331e-07
1.134673975e-06
3.540269485e-07
3.515860354e-07
3.488629059e-07
3.4565371e-07
3.418630065e-07
3.372310704e-07
3.316925918e-07
3.257696044e-07
3.221844427e-07
3.201999697e-07
3.192831086e-07
3.190289364e-07
3.198882596e-07
3.2124619e-07
3.236148958e-07
3.263848366e-07
3.305838988e-07
3.350826184e-07
3.417844031e-07
3.489612894e-07
3.59663488e-07
3.714376919e-07
3.891334803e-07
4.098570122e-07
4.40948764e-07
4.816478328e-07
5.440217133e-07
6.39545646e-07
8.053150573e-07
1.134295618e-06
3.540642652e-07
3.516520132e-07
3.48996398e-07
3.457569668e-07
3.419340566e-07
3.373628066e-07
3.318232474e-07
3.258599138e-07
3.222307994e-07
3.202100171e-07
3.192677052e-07
3.190014426e-07
3.198483307e-07
3.212164235e-07
3.235565532e-07
3.263355479e-07
3.30537743e-07
3.350615004e-07
3.417130446e-07
3.488883353e-07
3.595656954e-07
3.713741503e-07
3.889950802e-07
4.097620442e-07
4.407486823e-07
4.81477556e-07
5.437578926e-07
6.392281239e-07
8.049308477e-07
1.133897736e-06
3.541574893e-07
3.517502353e-07
3.490836816e-07
3.458840569e-07
3.421202588e-07
3.374445999e-07
3.319681397e-07
3.259599239e-07
3.222841803e-07
3.202254574e-07
3.192580107e-07
3.189821027e-07
3.197896765e-07
3.211478718e-07
3.235031365e-07
3.263159518e-07
3.304891935e-07
3.349946053e-07
3.416569446e-07
3.488635558e-07
3.595075908e-07
3.712956147e-07
3.889211266e-07
4.096077708e-07
4.406536036e-07
4.812110026e-07
5.43539141e-07
6.388552322e-07
8.045385161e-07
1.133475052e-06
3.54229907e-07
3.518376186e-07
3.492757004e-07
3.460562431e-07
3.422078693e-07
3.376016296e-07
3.32168118e-07
3.260868216e-07
3.223423266e-07
3.202332475e-07
3.192358324e-07
3.189442203e-07
3.197309226e-07
3.211112652e-07
3.234457829e-07
3.262551377e-07
3.304245811e-07
3.349693515e-07
3.415890794e-07
3.487751241e-07
3.593930108e-07
3.712211717e-07
3.887658715e-07
4.095012e-07
4.404288173e-07
4.810124802e-07
5.432516429e-07
6.384979658e-07
8.041118245e-07
1.133023597e-06
3.543733469e-07
3.520216589e-07
3.494342152e-07
3.461859393e-07
3.424669125e-07
3.377625175e-07
3.323782456e-07
3.262096088e-07
3.223986115e-07
3.202453938e-07
3.192226213e-07
3.189213794e-07
3.196641444e-07
3.210300233e-07
3.233741088e-07
3.262308096e-07
3.303753538e-07
3.348865806e-07
3.415118751e-07
3.487449494e-07
3.593330611e-07
3.711288986e-07
3.886775916e-07
4.093274775e-07
4.403104818e-07
4.807306631e-07
5.429968644e-07
6.380939142e-07
8.036694662e-07
1.132546621e-06
3.545290658e-07
3.521490471e-07
3.496637515e-07
3.464643652e-07
3.425772637e-07
3.379533793e-07
3.326529122e-07
3.263711018e-07
3.224689694e-07
3.202497798e-07
3.191821853e-07
3.188683087e-07
3.195776066e-07
3.209827705e-07
3.233182378e-07
3.261597338e-07
3.302835667e-07
3.348552933e-07
3.414467564e-07
3.486360797e-07
3.59195355e-07
3.710370303e-07
3.885010483e-07
4.092052764e-07
4.400595248e-07
4.804996339e-07
5.426820056e-07
6.376945061e-07
8.031960679e-07
1.132033663e-06
3.524359192e-07
3.499673527e-07
3.465934198e-07
3.428981813e-07
3.382697078e-07
3.329547392e-07
3.265113186e-07
3.225276291e-07
3.202374925e-07
3.191883792e-07
3.18835674e-07
3.195003093e-07
3.208961876e-07
3.23220965e-07
3.261143013e-07
3.302316964e-07
3.347548439e-07
3.41338882e-07
3.485970347e-07
3.59130971e-07
3.709284097e-07
3.883956157e-07
4.090067674e-07
4.399129395e-07
4.801987666e-07
5.423884673e-07
6.372541684e-07
8.026997947e-07
1.131492258e-06
3.526858587e-07
3.501816673e-07
3.47022813e-07
3.43177579e-07
3.385273911e-07
3.332518057e-07
3.266846733e-07
3.22598086e-07
3.202468285e-07
3.191360021e-07
3.187634509e-07
3.193762264e-07
3.208315334e-07
3.231609054e-07
3.260405765e-07
3.301043629e-07
3.347072229e-07
3.412752666e-07
3.484692558e-07
3.589617053e-07
3.708106001e-07
3.881901839e-07
4.088631668e-07
4.396323536e-07
4.799295932e-07
5.420403569e-07
6.368078284e-07
8.021722643e-07
1.130906036e-06
3.530009779e-07
3.507008869e-07
3.471739791e-07
3.435013595e-07
3.389991521e-07
3.336550395e-07
3.268248443e-07
3.226548414e-07
3.202329211e-07
3.191027122e-07
3.187120352e-07
3.192866645e-07
3.207522809e-07
3.230373202e-07
3.259574817e-07
3.300414414e-07
3.345989843e-07
3.411269346e-07
3.483992364e-07
3.588865352e-07
3.706816262e-07
3.880643619e-07
4.086337639e-07
4.3945086e-07
4.796041692e-07
5.417039373e-07
6.363245637e-07
8.016159734e-07
1.130294917e-06
3.535097473e-07
3.509136626e-07
3.47676776e-07
3.441202356e-07
3.394287418e-07
3.338241801e-07
3.270291917e-07
3.226895363e-07
3.202251105e-07
3.190148823e-07
3.186165353e-07
3.191287021e-07
3.206575313e-07
3.229577507e-07
3.258853539e-07
3.298711095e-07
3.345075321e-07
3.410547342e-07
3.482635003e-07
3.586803195e-07
3.705294455e-07
3.878209e-07
4.084619545e-07
4.391368334e-07
4.792915949e-07
5.413165493e-07
6.358270352e-07
8.010302755e-07
1.129641894e-06
3.538071818e-07
3.515756949e-07
3.481866299e-07
3.445476681e-07
3.398272204e-07
3.343860578e-07
3.271157935e-07
3.22697485e-07
3.201555094e-07
3.189431954e-07
3.185273504e-07
3.190194342e-07
3.205978621e-07
3.228212132e-07
3.257462722e-07
3.297926983e-07
3.344064589e-07
3.408623913e-07
3.481385518e-07
3.585842715e-07
3.703754228e-07
3.876724415e-07
4.081981706e-07
4.389142485e-07
4.789374296e-07
5.409344111e-07
6.352970442e-07
8.004140617e-07
1.128983914e-06
3.54571923e-07
3.520542678e-07
3.48740783e-07
3.453138785e-07
3.405754402e-07
3.344700705e-07
3.271796318e-07
3.226631483e-07
3.201018608e-07
3.188278768e-07
3.184051403e-07
3.188465399e-07
3.204746236e-07
3.22686179e-07
3.256733818e-07
3.296018212e-07
3.34255937e-07
3.407715938e-07
3.480047807e-07
3.583450981e-07
3.701863125e-07
3.873861472e-07
4.07993006e-07
4.385661922e-07
4.785800671e-07
5.405041037e-07
6.347476311e-07
7.997744374e-07
1.12830391e-06
3.550468949e-07
3.52794149e-07
3.496360295e-07
3.461202648e-07
3.408239723e-07
3.349843052e-07
3.272019888e-07
3.226112641e-07
3.199938003e-07
3.187038118e-07
3.182696702e-07
3.187086084e-07
3.204180584e-07
3.225519901e-07
3.254905852e-07
3.29469945e-07
3.341632066e-07
3.405551666e-07
3.478199739e-07
3.582174856e-07
3.700043555e-07
3.872156396e-07
4.076987965e-07
4.383008924e-07
4.78197698e-07
5.400773663e-07
6.341732711e-07
7.991097788e-07
1.127662466e-06
3.5370058e-07
3.504779121e-07
3.467431526e-07
3.417072668e-07
3.350287319e-07
3.272152065e-07
3.225238152e-07
3.198666545e-07
3.185629859e-07
3.181273837e-07
3.185539568e-07
3.20276014e-07
3.223431473e-07
3.254035203e-07
3.292892287e-07
3.339660424e-07
3.404140845e-07
3.476845453e-07
3.579430609e-07
3.697796597e-07
3.868799974e-07
4.074501458e-07
4.379063292e-07
4.777809286e-07
5.395801728e-07
6.335444871e-07
7.983947131e-07
1.126991548e-06
3.545939255e-07
3.514182898e-07
3.478325978e-07
3.419811015e-07
3.355379835e-07
3.272130316e-07
3.224370533e-07
3.197231158e-07
3.184083166e-07
3.179689829e-07
3.183951192e-07
3.201785828e-07
3.222061233e-07
3.251828084e-07
3.290852331e-07
3.338519543e-07
3.401740484e-07
3.474255746e-07
3.577733306e-07
3.695370351e-07
3.866527591e-07
4.07070422e-07
4.37532903e-07
4.772794127e-07
5.389962571e-07
6.32778004e-07
7.975300453e-07
1.126425869e-06
3.525863059e-07
3.484804465e-07
3.430059437e-07
3.357342819e-07
3.272454e-07
3.223252573e-07
3.195764642e-07
3.182520773e-07
3.178126421e-07
3.182494571e-07
3.200174842e-07
3.219153984e-07
3.250776066e-07
3.288973401e-07
3.335749056e-07
3.399330025e-07
3.472524119e-07
3.573643272e-07
3.692085345e-07
3.861275537e-07
4.066746655e-07
4.369265943e-07
4.766164918e-07
5.381904369e-07
6.317730143e-07
7.964667117e-07
1.125779741e-06
3.535807803e-07
3.497991259e-07
3.434605951e-07
3.36320608e-07
3.273236208e-07
3.222712348e-07
3.194606382e-07
3.180994721e-07
3.176485738e-07
3.180696156e-07
3.198260897e-07
3.217558914e-07
3.248015693e-07
3.285703139e-07
3.334223586e-07
3.396380551e-07
3.46840749e-07
3.571232788e-07
3.6881433e-07
3.857945401e-07
4.060734261e-07
4.362664526e-07
4.757793409e-07
5.371685462e-07
6.304793879e-07
7.950878422e-07
1.124919079e-06
3.506672929e-07
3.446914011e-07
3.368526949e-07
3.275318621e-07
3.222580789e-07
3.193386902e-07
3.179410613e-07
3.174796555e-07
3.178908129e-07
3.196341031e-07
3.213694113e-07
3.246282093e-07
3.283557601e-07
3.330002687e-07
3.392009226e-07
3.465920776e-07
3.564918215e-07
3.682866189e-07
3.848931196e-07
4.053524777e-07
4.35252826e-07
4.746258824e-07
5.357490251e-07
6.287585308e-07
7.933398521e-07
1.123628268e-06
3.522834624e-07
3.456099468e-07
3.377238333e-07
3.278315856e-07
3.223183452e-07
3.192810938e-07
3.178059659e-07
3.173078753e-07
3.176489132e-07
3.193081178e-07
3.211787213e-07
3.243125444e-07
3.278203842e-07
3.327541555e-07
3.388349576e-07
3.458894603e-07
3.560265079e-07
3.675880928e-07
3.843458279e-07
4.043864789e-07
4.340610006e-07
4.731781586e-07
5.339378364e-07
6.265733177e-07
7.90972745e-07
1.121663487e-06
3.472342559e-07
3.387499216e-07
3.283680118e-07
3.224834395e-07
3.192181365e-07
3.176233701e-07
3.170976976e-07
3.173622595e-07
3.19078537e-07
3.206695448e-07
3.238969821e-07
3.275247862e-07
3.321911857e-07
3.380120554e-07
3.455124079e-07
3.550988603e-07
3.667379292e-07
3.828541885e-07
4.029921775e-07
4.323205024e-07
4.711415667e-07
5.314326019e-07
6.235955021e-07
7.877596003e-07
1.118773945e-06
3.488207911e-07
3.402035202e-07
3.290556833e-07
3.227077433e-07
3.191671003e-07
3.174715366e-07
3.168778934e-07
3.170625655e-07
3.185656341e-07
3.203517118e-07
3.235404131e-07
3.267081279e-07
3.315417741e-07
3.375225857e-07
3.444153821e-07
3.541207217e-07
3.654150512e-07
3.817301418e-07
4.014192066e-07
4.301983029e-07
4.685808095e-07
5.28216127e-07
6.197704656e-07
7.832756342e-07
1.114575111e-06
3.420389723e-07
3.301171005e-07
3.23046837e-07
3.191348819e-07
3.172657254e-07
3.166273449e-07
3.16742707e-07
3.182501493e-07
3.197460959e-07
3.227206651e-07
3.261316313e-07
3.308755878e-07
3.360823291e-07
3.435181711e-07
3.526576445e-07
3.640372115e-07
3.794080264e-07
3.987705173e-07
4.271000867e-07
4.649534074e-07
5.237588066e-07
6.143556434e-07
7.769149043e-07
1.108703966e-06
3.313074872e-07
3.233419183e-07
3.191689214e-07
3.171395025e-07
3.163718925e-07
3.162507089e-07
3.174082536e-07
3.190348052e-07
3.22175621e-07
3.250604692e-07
3.294735698e-07
3.352651579e-07
3.41936505e-07
3.509008212e-07
3.615971523e-07
3.769673989e-07
3.960186386e-07
4.234168887e-07
4.60367899e-07
5.179057527e-07
6.071788815e-07
7.681517881e-07
1.100302089e-06
3.327951989e-07
3.240659478e-07
3.192959344e-07
3.169303257e-07
3.159108583e-07
3.156565841e-07
3.169522637e-07
3.183624342e-07
3.208694545e-07
3.237402995e-07
3.285617754e-07
3.331241234e-07
3.399611888e-07
3.482748573e-07
3.591082322e-07
3.734393601e-07
3.913541619e-07
4.177692414e-07
4.537162314e-07
5.096881672e-07
5.968935537e-07
7.554626226e-07
1.088386811e-06
3.246048357e-07
3.194359988e-07
3.167265001e-07
3.154450405e-07
3.150813196e-07
3.15686181e-07
3.169431971e-07
3.197112997e-07
3.224228613e-07
3.261540477e-07
3.311485176e-07
3.373973187e-07
3.453785093e-07
3.550243906e-07
3.684861474e-07
3.86030804e-07
4.112499174e-07
4.454199094e-07
4.987614237e-07
5.828937788e-07
7.380771617e-07
1.071057199e-06
3.197153128e-07
3.164256287e-07
3.148454403e-07
3.140878435e-07
3.148565307e-07
3.160657006e-07
3.179298458e-07
3.199246077e-07
3.24314537e-07
3.281227468e-07
3.339408572e-07
3.407050374e-07
3.50076314e-07
3.626905869e-07
3.78342035e-07
4.011824714e-07
4.329290334e-07
4.830973189e-07
5.629998582e-07
7.125217438e-07
1.044913807e-06
3.162616009e-07
3.142582322e-07
3.135341633e-07
3.134191805e-07
3.1393426e-07
3.158478751e-07
3.181553819e-07
3.210833254e-07
3.246641984e-07
3.297529228e-07
3.361363376e-07
3.442174297e-07
3.547936494e-07
3.690612912e-07
3.902100342e-07
4.192164048e-07
4.648434631e-07
5.383893247e-07
6.80066353e-07
1.009435977e-06
3.139559839e-07
3.124266241e-07
3.123307196e-07
3.130419776e-07
3.142600544e-07
3.154975609e-07
3.186735529e-07
3.214582853e-07
3.259980902e-07
3.310546041e-07
3.381287312e-07
3.47915452e-07
3.605165144e-07
3.787865748e-07
4.042195617e-07
4.452837418e-07
5.126595034e-07
6.45102606e-07
9.673318736e-07
3.120620673e-07
3.118005156e-07
3.114763571e-07
3.124875451e-07
3.140688077e-07
3.162017813e-07
3.186509567e-07
3.225286791e-07
3.271863315e-07
3.334624798e-07
3.416458425e-07
3.526814143e-07
3.693437524e-07
3.925026838e-07
4.297074409e-07
4.908827658e-07
6.137064468e-07
9.277849187e-07
3.106727855e-07
3.10928474e-07
3.115287429e-07
3.122030696e-07
3.144741241e-07
3.164161339e-07
3.199009581e-07
3.236889877e-07
3.291111031e-07
3.366778858e-07
3.466432062e-07
3.613318337e-07
3.817849013e-07
4.153916955e-07
4.713557708e-07
5.855019637e-07
8.847556561e-07
3.09858141e-07
3.103498566e-07
3.112264859e-07
3.128480273e-07
3.145091613e-07
3.174958292e-07
3.2098337e-07
3.259057797e-07
3.324046525e-07
3.41199434e-07
3.54715793e-07
3.735905927e-07
4.044844514e-07
4.557976959e-07
5.61619657e-07
8.493536575e-07
3.097671244e-07
3.100210459e-07
3.11679877e-07
3.129750473e-07
3.157249672e-07
3.186379061e-07
3.229459472e-07
3.290098287e-07
3.371045914e-07
3.493059325e-07
3.66298783e-07
3.946428195e-07
4.420925538e-07
5.403231699e-07
7.937568082e-07
3.094348965e-07
3.105800281e-07
3.117260165e-07
3.141128342e-07
3.168183242e-07
3.207988789e-07
3.261549931e-07
3.334386906e-07
3.448403534e-07
3.607808753e-07
3.872960167e-07
4.314784159e-07
5.231449983e-07
7.711763807e-07
3.086262411e-07
3.098344076e-07
3.107060997e-07
3.12937343e-07
3.152634975e-07
3.188218137e-07
3.238849918e-07
3.307083113e-07
3.412377305e-07
3.559058332e-07
3.806876716e-07
4.221850355e-07
5.082983058e-07
7.273823806e-07
3.091171942e-07
3.099068559e-07
3.118683655e-07
3.1405488e-07
3.173931721e-07
3.219876079e-07
3.282624134e-07
3.382591494e-07
3.522351687e-07
3.758041347e-07
4.150931112e-07
4.965382964e-07
7.0844504e-07
3.086552631e-07
3.092132372e-07
3.110935657e-07
3.130243455e-07
3.160774264e-07
3.204777611e-07
3.264482639e-07
3.358657135e-07
3.489892506e-07
3.713980242e-07
4.088756646e-07
4.865307616e-07
6.890039611e-07
3.087127361e-07
3.103866631e-07
3.122224925e-07
3.151276633e-07
3.192157766e-07
3.248182103e-07
3.338831417e-07
3.465520638e-07
3.68159345e-07
4.041655701e-07
4.78684217e-07
6.741643682e-07
3.082544224e-07
3.098726098e-07
3.11537658e-07
3.142513931e-07
3.182111714e-07
3.236116529e-07
3.322908835e-07
3.443898829e-07
3.652239016e-07
4.000208899e-07
4.71999997e-07
6.614370217e-07
3.094029012e-07
3.110046374e-07
3.136190241e-07
3.173700133e-07
3.225242046e-07
3.309700109e-07
3.427693925e-07
3.630729625e-07
3.968926576e-07
4.667779918e-07
6.506126335e-07
3.090634037e-07
3.105484829e-07
3.13034687e-07
3.167003351e-07
3.217201712e-07
3.299085176e-07
3.413268046e-07
3.611149459e-07
3.941289229e-07
4.6231748e-07
6.418026526e-07
3.087490463e-07
3.101933484e-07
3.126129538e-07
3.161384905e-07
3.209937194e-07
3.290270326e-07
3.402470598e-07
3.59683079e-07
3.920473802e-07
4.588414662e-07
6.347157399e-07
3.085032105e-07
3.098641638e-07
3.121907035e-07
3.156542617e-07
3.204123366e-07
3.282587048e-07
3.392020496e-07
3.582647078e-07
3.900459961e-07
4.556120975e-07
6.279344951e-07
3.09558162e-07
3.118259886e-07
3.151668672e-07
3.197811454e-07
3.274923471e-07
3.382634423e-07
3.570196673e-07
3.882354214e-07
4.525867378e-07
6.212706263e-07
3.092394683e-07
3.114155827e-07
3.146954725e-07
3.192141199e-07
3.267413086e-07
3.372400848e-07
3.556295276e-07
3.862732728e-07
4.494200291e-07
6.147199784e-07
3.089387425e-07
3.110557126e-07
3.142134129e-07
3.185886656e-07
3.259816258e-07
3.363098031e-07
3.543953016e-07
3.844781908e-07
4.464198873e-07
6.082792409e-07
3.086244032e-07
3.106497583e-07
3.137470173e-07
3.180267925e-07
3.252362986e-07
3.352928953e-07
3.530135381e-07
3.825284104e-07
4.432746273e-07
6.019447612e-07
3.102933322e-07
3.132688987e-07
3.174055713e-07
3.244820623e-07
3.343698547e-07
3.517892623e-07
3.807484382e-07
4.403008292e-07
5.957137803e-07
3.098906898e-07
3.128064526e-07
3.168477768e-07
3.237414246e-07
3.33358358e-07
3.504150379e-07
3.788106521e-07
4.371778708e-07
5.895831133e-07
3.095369492e-07
3.123313494e-07
3.162298973e-07
3.229919486e-07
3.32442014e-07
3.492004018e-07
3.770460087e-07
4.342322746e-07
5.835505134e-07
3.091369895e-07
3.118721781e-07
3.156755988e-07
3.222554316e-07
3.314354189e-07
3.478334752e-07
3.751206042e-07
4.311337021e-07
5.776127138e-07
3.113994625e-07
3.150605552e-07
3.215103319e-07
3.305255284e-07
3.466284198e-07
3.733717032e-07
4.282181285e-07
5.717676584e-07
3.109431162e-07
3.145094212e-07
3.207775455e-07
3.295234908e-07
3.452686039e-07
3.714589117e-07
4.251451806e-07
5.660123109e-07
3.138969492e-07
3.200366461e-07
3.286200334e-07
3.44073282e-07
3.697264064e-07
4.222617115e-07
5.603450672e-07
3.133488602e-07
3.193074187e-07
3.276224893e-07
3.42720742e-07
3.678269991e-07
4.192166765e-07
5.547627148e-07
3.185779421e-07
3.267344125e-07
3.415470992e-07
3.661285383e-07
4.163954476e-07
5.49380024e-07
3.178679985e-07
3.257635385e-07
3.402332125e-07
3.642896296e-07
4.13462739e-07
5.440903824e-07
3.24895673e-07
3.390901353e-07
3.626430852e-07
4.107487949e-07
5.388923972e-07
3.239335961e-07
3.37791757e-07
3.608346182e-07
4.078874583e-07
5.337827544e-07
3.366670301e-07
3.592218451e-07
4.052492308e-07
5.287600868e-07
3.574422535e-07
4.024555054e-07
5.238213373e-07
3.998903575e-07
5.189655227e-07
3.491135332e-07
3.595024252e-07
3.717601362e-07
3.890975734e-07
4.104353679e-07
4.413314501e-07
4.825165182e-07
5.452733847e-07
6.411385685e-07
8.076717713e-07
1.136233537e-06
3.194008693e-07
3.209823862e-07
3.233966954e-07
3.265403077e-07
3.301726855e-07
3.35197181e-07
3.414712775e-07
3.490838828e-07
3.594276685e-07
3.717362947e-07
3.890322542e-07
4.103742465e-07
4.412170749e-07
4.82449487e-07
5.451874844e-07
6.408997799e-07
8.075379096e-07
1.136051204e-06
3.238021362e-07
3.20006314e-07
3.182810603e-07
3.179873717e-07
3.193853481e-07
3.209355921e-07
3.2345378e-07
3.265141327e-07
3.301482478e-07
3.351931801e-07
3.414120545e-07
3.490706089e-07
3.593890713e-07
3.716911929e-07
3.889604357e-07
4.103145805e-07
4.411581915e-07
4.823247158e-07
5.450074348e-07
6.407909067e-07
8.072842866e-07
1.135873366e-06
3.432963222e-07
3.377874127e-07
3.307160356e-07
3.237471884e-07
3.199597373e-07
3.182488537e-07
3.179677469e-07
3.193710267e-07
3.208963896e-07
3.235082775e-07
3.264883339e-07
3.301096091e-07
3.351845508e-07
3.413641727e-07
3.490372752e-07
3.59308912e-07
3.71657339e-07
3.888916922e-07
4.102567158e-07
4.410212757e-07
4.82218407e-07
5.449172445e-07
6.405145627e-07
8.070936775e-07
1.135665364e-06
3.514630447e-07
3.478470511e-07
3.433554308e-07
3.378037966e-07
3.306553578e-07
3.236949274e-07
3.199043261e-07
3.182158041e-07
3.179456732e-07
3.193572379e-07
3.208705513e-07
3.235464762e-07
3.264434353e-07
3.300943444e-07
3.351774823e-07
3.413026505e-07
3.4902528e-07
3.592713592e-07
3.716138367e-07
3.888143828e-07
4.101751921e-07
4.409559576e-07
4.821037556e-07
5.446892041e-07
6.403697711e-07
8.068211802e-07
1.135430152e-06
3.51535542e-07
3.479469057e-07
3.434181737e-07
3.377998361e-07
3.30570622e-07
3.236372546e-07
3.198534207e-07
3.181860475e-07
3.179221619e-07
3.193480986e-07
3.208508e-07
3.235753775e-07
3.264109984e-07
3.300688582e-07
3.351565553e-07
3.412559039e-07
3.489867671e-07
3.591845301e-07
3.7156887e-07
3.887354465e-07
4.101187283e-07
4.408055216e-07
4.819526543e-07
5.445887114e-07
6.400734693e-07
8.065694891e-07
1.135183797e-06
3.516137835e-07
3.480427454e-07
3.434671061e-07
3.377879287e-07
3.305114181e-07
3.235835013e-07
3.197904551e-07
3.181488045e-07
3.179033693e-07
3.193415109e-07
3.208388479e-07
3.235905022e-07
3.263587421e-07
3.300579656e-07
3.351454673e-07
3.41192377e-07
3.489747437e-07
3.591464275e-07
3.715243961e-07
3.886560573e-07
4.100169224e-07
4.407165066e-07
4.818469773e-07
5.443214486e-07
6.398846809e-07
8.062762105e-07
1.134893797e-06
3.517103096e-07
3.481451193e-07
3.435263828e-07
3.377668254e-07
3.304257272e-07
3.235089028e-07
3.197248536e-07
3.181180985e-07
3.178928895e-07
3.193428625e-07
3.20829006e-07
3.235898632e-07
3.26322755e-07
3.300422202e-07
3.351107693e-07
3.411456989e-07
3.489317073e-07
3.59051048e-07
3.714693439e-07
3.885627159e-07
4.099557273e-07
4.405645156e-07
4.81652082e-07
5.441982591e-07
6.395753655e-07
8.059647691e-07
1.134603733e-06
3.518182583e-07
3.482521004e-07
3.435640875e-07
3.377331666e-07
3.303577909e-07
3.234510449e-07
3.196436667e-07
3.180741161e-07
3.178868269e-07
3.193474643e-07
3.208214021e-07
3.235794929e-07
3.262683682e-07
3.300313736e-07
3.350939879e-07
3.410803038e-07
3.489146354e-07
3.590110872e-07
3.714209601e-07
3.884816667e-07
4.098381742e-07
4.404447192e-07
4.815496619e-07
5.439048387e-07
6.393378947e-07
8.056465877e-07
1.134266732e-06
3.519472471e-07
3.483566582e-07
3.436088125e-07
3.37685511e-07
3.302778324e-07
3.233424601e-07
3.195393374e-07
3.180625275e-07
3.178942573e-07
3.193554698e-07
3.208135421e-07
3.235412266e-07
3.26231542e-07
3.300228929e-07
3.350441912e-07
3.410318346e-07
3.488708693e-07
3.589048614e-07
3.713565128e-07
3.883719071e-07
4.097650867e-07
4.402945999e-07
4.813152727e-07
5.43749688e-07
6.390170967e-07
8.052786674e-07
1.133933253e-06
3.520897424e-07
3.484679381e-07
3.436230687e-07
3.37595072e-07
3.301858065e-07
3.232527501e-07
3.194552337e-07
3.180725938e-07
3.179098463e-07
3.193699088e-07
3.208006271e-07
3.235176261e-07
3.2618151e-07
3.300076571e-07
3.350164406e-07
3.409655884e-07
3.488389786e-07
3.588624996e-07
3.713018589e-07
3.882871554e-07
4.096361784e-07
4.401398451e-07
4.812083802e-07
5.434379321e-07
6.387290665e-07
8.049309021e-07
1.133553087e-06
3.522477922e-07
3.485694114e-07
3.436103582e-07
3.375234875e-07
3.300996652e-07
3.230991242e-07
3.193319248e-07
3.181057616e-07
3.17937102e-07
3.193847682e-07
3.207865424e-07
3.234619152e-07
3.261427577e-07
3.30001574e-07
3.349501429e-07
3.40912288e-07
3.487971212e-07
3.587431004e-07
3.712274058e-07
3.88160064e-07
4.095445276e-07
4.399918302e-07
4.809401305e-07
5.432438744e-07
6.383959716e-07
8.045118473e-07
1.133175451e-06
3.524217051e-07
3.4865518e-07
3.435792863e-07
3.37378195e-07
3.299024408e-07
3.229408294e-07
3.193526505e-07
3.18185663e-07
3.179844744e-07
3.194127011e-07
3.207599758e-07
3.234360549e-07
3.26098348e-07
3.299763329e-07
3.349079449e-07
3.408469132e-07
3.487475099e-07
3.58697081e-07
3.711644528e-07
3.880680123e-07
4.094071124e-07
4.397999891e-07
4.80820159e-07
5.429184847e-07
6.380573441e-07
8.041290929e-07
1.132749469e-06
3.525864772e-07
3.487302709e-07
3.435205238e-07
3.372571391e-07
3.297723522e-07
3.229270478e-07
3.194697684e-07
3.183085626e-07
3.180811362e-07
3.194280628e-07
3.207372923e-07
3.233778024e-07
3.260513925e-07
3.299663384e-07
3.348246307e-07
3.407851105e-07
3.487051732e-07
3.585607501e-07
3.71077604e-07
3.879218141e-07
4.092903581e-07
4.396511286e-07
4.805224383e-07
5.426792435e-07
6.377070434e-07
8.036598661e-07
1.132316876e-06
3.527684846e-07
3.487579025e-07
3.434241647e-07
3.370505505e-07
3.295085805e-07
3.230326296e-07
3.198020055e-07
3.185377856e-07
3.181890747e-07
3.194573898e-07
3.206985712e-07
3.233523814e-07
3.26008687e-07
3.299224857e-07
3.347636985e-07
3.407214361e-07
3.486332131e-07
3.585086932e-07
3.710038986e-07
3.878175628e-07
4.091454534e-07
4.394204514e-07
4.803799059e-07
5.423411995e-07
6.373176957e-07
8.032341589e-07
1.131837922e-06
3.52919634e-07
3.487208086e-07
3.432404863e-07
3.368416972e-07
3.295188697e-07
3.233546009e-07
3.201766114e-07
3.187845406e-07
3.183836506e-07
3.194682614e-07
3.2067387e-07
3.233034866e-07
3.259104431e-07
3.29905745e-07
3.34662659e-07
3.406464316e-07
3.485864559e-07
3.583504225e-07
3.709003498e-07
3.876492105e-07
4.089964183e-07
4.39265436e-07
4.800555946e-07
5.420519478e-07
6.369435563e-07
8.027151443e-07
1.131340836e-06
3.530271846e-07
3.486477719e-07
3.430720422e-07
3.367091343e-07
3.297162616e-07
3.238777722e-07
3.20586527e-07
3.19064668e-07
3.186077125e-07
3.194892331e-07
3.206396406e-07
3.232768241e-07
3.258162268e-07
3.298463317e-07
3.345737032e-07
3.40584293e-07
3.484846838e-07
3.58288425e-07
3.70812739e-07
3.875258356e-07
4.088437372e-07
4.389937639e-07
4.798805427e-07
5.416989208e-07
6.365031987e-07
8.022377526e-07
1.130800384e-06
3.53172145e-07
3.485072463e-07
3.428533941e-07
3.367744372e-07
3.303766813e-07
3.244193889e-07
3.209410182e-07
3.192976658e-07
3.187877956e-07
3.194853454e-07
3.206350077e-07
3.232174429e-07
3.256797923e-07
3.29822805e-07
3.344520678e-07
3.404902147e-07
3.484272112e-07
3.58101817e-07
3.706849746e-07
3.873315354e-07
4.086535285e-07
4.388243421e-07
4.795299177e-07
5.413547189e-07
6.360953426e-07
8.016651323e-07
1.130225277e-06
3.531616752e-07
3.4833926e-07
3.428314482e-07
3.370998292e-07
3.309960553e-07
3.250012757e-07
3.21330692e-07
3.195621709e-07
3.189805469e-07
3.194451682e-07
3.206337405e-07
3.231523535e-07
3.255877288e-07
3.297401506e-07
3.34320183e-07
3.404292693e-07
3.482851539e-07
3.580247655e-07
3.705807962e-07
3.871791686e-07
4.084913312e-07
4.385093024e-07
4.793120348e-07
5.409810947e-07
6.356025985e-07
8.011264234e-07
1.129620253e-06
3.53058496e-07
3.481874945e-07
3.429486431e-07
3.375978202e-07
3.323535034e-07
3.255589031e-07
3.216440911e-07
3.197396391e-07
3.190938412e-07
3.193886223e-07
3.206294592e-07
3.230626371e-07
3.254381085e-07
3.296990396e-07
3.341779731e-07
3.403105913e-07
3.482071982e-07
3.578044484e-07
3.704175249e-07
3.869559586e-07
4.082517639e-07
4.383153133e-07
4.789347056e-07
5.405787338e-07
6.351518493e-07
8.00499433e-07
1.128972745e-06
3.529527599e-07
3.482122595e-07
3.434848396e-07
3.389128399e-07
3.329348486e-07
3.260707263e-07
3.219666021e-07
3.199598848e-07
3.192536908e-07
3.192384353e-07
3.206029011e-07
3.229211878e-07
3.253654104e-07
3.295653071e-07
3.339888273e-07
3.402488245e-07
3.480156451e-07
3.57708366e-07
3.702970616e-07
3.867658129e-07
4.080774416e-07
4.379576578e-07
4.786658495e-07
5.401787387e-07
6.346078747e-07
7.998966067e-07
1.128327037e-06
3.52910249e-07
3.486173591e-07
3.444327831e-07
3.395839455e-07
3.341901643e-07
3.265871787e-07
3.222885112e-07
3.201127882e-07
3.192460944e-07
3.19108774e-07
3.205951924e-07
3.227810964e-07
3.251842505e-07
3.294970193e-07
3.338414319e-07
3.401056858e-07
3.479062295e-07
3.574607784e-07
3.700876131e-07
3.865132926e-07
4.077866811e-07
4.377295526e-07
4.782638104e-07
5.397191104e-07
6.341086117e-07
7.992217031e-07
1.127645698e-06
3.531453733e-07
3.491439014e-07
3.453545778e-07
3.412691345e-07
3.345800393e-07
3.271399881e-07
3.226050446e-07
3.202274374e-07
3.192143672e-07
3.190032394e-07
3.205422394e-07
3.225378308e-07
3.251066205e-07
3.293225119e-07
3.335976889e-07
3.400329218e-07
3.476675736e-07
3.573381438e-07
3.699527364e-07
3.862863043e-07
4.075985267e-07
4.373377641e-07
4.779421886e-07
5.392900068e-07
6.335204577e-07
7.985647063e-07
1.127024911e-06
3.50127392e-07
3.471502717e-07
3.418056407e-07
3.357010505e-07
3.276056526e-07
3.228250426e-07
3.202659211e-07
3.191512278e-07
3.189068812e-07
3.204934239e-07
3.22356918e-07
3.249149998e-07
3.291821284e-07
3.334547766e-07
3.398694023e-07
3.475190839e-07
3.570789872e-07
3.696918308e-07
3.859986904e-07
4.072521052e-07
4.370595738e-07
4.775019231e-07
5.387560224e-07
6.329464164e-07
7.978243878e-07
1.126348249e-06
3.516256893e-07
3.4796524e-07
3.432747499e-07
3.361192196e-07
3.280942884e-07
3.230325674e-07
3.20314432e-07
3.191175596e-07
3.188376203e-07
3.203561474e-07
3.220299338e-07
3.248385355e-07
3.289977584e-07
3.331713522e-07
3.397643152e-07
3.471984407e-07
3.568968209e-07
3.695129892e-07
3.856982415e-07
4.070096568e-07
4.365568455e-07
4.770475518e-07
5.381872693e-07
6.321711097e-07
7.96964742e-07
1.125802277e-06
3.528487466e-07
3.496726456e-07
3.437937891e-07
3.37182696e-07
3.284891427e-07
3.232042495e-07
3.203329681e-07
3.190533362e-07
3.187328017e-07
3.202135343e-07
3.218365813e-07
3.246268584e-07
3.287203572e-07
3.329951814e-07
3.395269757e-07
3.469985132e-07
3.565947554e-07
3.691143911e-07
3.852740871e-07
4.064510427e-07
4.360926805e-07
4.763821515e-07
5.373228745e-07
6.312425676e-07
7.958766474e-07
1.125171958e-06
3.503790435e-07
3.453203394e-07
3.377949794e-07
3.289525017e-07
3.234064609e-07
3.203814564e-07
3.190193295e-07
3.186681529e-07
3.199940912e-07
3.214469565e-07
3.245341833e-07
3.285013873e-07
3.326674243e-07
3.393614806e-07
3.46504686e-07
3.562452162e-07
3.688159617e-07
3.847805473e-07
4.060929762e-07
4.352896019e-07
4.755600388e-07
5.363424671e-07
6.299414362e-07
7.944872196e-07
1.124339362e-06
3.521616413e-07
3.45963619e-07
3.388416448e-07
3.294093888e-07
3.236070357e-07
3.204092428e-07
3.189325388e-07
3.18505624e-07
3.196862039e-07
3.212579343e-07
3.242364284e-07
3.280340175e-07
3.324091746e-07
3.389400197e-07
3.461831233e-07
3.558847494e-07
3.681608454e-07
3.841088359e-07
4.051176461e-07
4.344089994e-07
4.744556467e-07
5.348340165e-07
6.283096906e-07
7.92721404e-07
1.123066995e-06
3.529992767e-07
3.476368315e-07
3.398323763e-07
3.299617674e-07
3.238699208e-07
3.204749525e-07
3.188789402e-07
3.184063349e-07
3.194231753e-07
3.207941924e-07
3.240893016e-07
3.277424712e-07
3.320005798e-07
3.386647045e-07
3.455007633e-07
3.552038141e-07
3.675717559e-07
3.832527654e-07
4.04465002e-07
4.331273097e-07
4.729474921e-07
5.330947443e-07
6.261382724e-07
7.903103007e-07
1.121149863e-06
3.488022956e-07
3.410909039e-07
3.306003392e-07
3.241474256e-07
3.205205983e-07
3.187568988e-07
3.181762852e-07
3.189143689e-07
3.20590936e-07
3.236946571e-07
3.269821484e-07
3.315913553e-07
3.378565411e-07
3.448079784e-07
3.546980333e-07
3.66528206e-07
3.821757034e-07
4.028115266e-07
4.31411865e-07
4.71044146e-07
5.305050181e-07
6.232204182e-07
7.871104986e-07
1.118273222e-06
3.507995723e-07
3.426467849e-07
3.313761981e-07
3.245667311e-07
3.20633834e-07
3.186555728e-07
3.179836432e-07
3.186138791e-07
3.200356652e-07
3.231891884e-07
3.265805111e-07
3.309906186e-07
3.373943441e-07
3.439999671e-07
3.534939364e-07
3.653193996e-07
3.806281628e-07
4.014667022e-07
4.293577612e-07
4.683516029e-07
5.273426055e-07
6.194693922e-07
7.825381952e-07
1.114141363e-06
3.444376613e-07
3.32441221e-07
3.250460739e-07
3.206578692e-07
3.184904003e-07
3.177180655e-07
3.17854498e-07
3.196696936e-07
3.226845403e-07
3.254183193e-07
3.303000784e-07
3.359201584e-07
3.425466271e-07
3.524561836e-07
3.636459334e-07
3.788871654e-07
3.987419053e-07
4.261011508e-07
4.648865503e-07
5.229048885e-07
6.140285388e-07
7.762376309e-07
1.108280899e-06
3.47064578e-07
3.337852043e-07
3.255396352e-07
3.208377954e-07
3.184867194e-07
3.17313541e-07
3.174862201e-07
3.190599705e-07
3.215564729e-07
3.248479256e-07
3.292364934e-07
3.350716241e-07
3.41611242e-07
3.505946687e-07
3.613910381e-07
3.760269706e-07
3.958617649e-07
4.226428809e-07
4.60252818e-07
5.169831149e-07
6.069976763e-07
7.673764603e-07
1.099951062e-06
3.353218084e-07
3.26108014e-07
3.211667607e-07
3.184893355e-07
3.168513674e-07
3.164284505e-07
3.18168378e-07
3.208563696e-07
3.231102602e-07
3.280170039e-07
3.329353426e-07
3.389056894e-07
3.48133531e-07
3.584169376e-07
3.7304852e-07
3.915040602e-07
4.168543938e-07
4.535948053e-07
5.089547278e-07
5.966274981e-07
7.547729629e-07
1.088056219e-06
3.270599547e-07
3.22372936e-07
3.186621411e-07
3.165343603e-07
3.157788211e-07
3.175702303e-07
3.188988008e-07
3.221442757e-07
3.261658621e-07
3.307401203e-07
3.371961033e-07
3.453545507e-07
3.548117451e-07
3.679959354e-07
3.855928562e-07
4.103878177e-07
4.455039196e-07
4.978477512e-07
5.827724688e-07
7.373426077e-07
1.070781804e-06
3.233683132e-07
3.193086919e-07
3.164980982e-07
3.152198115e-07
3.156878682e-07
3.179556478e-07
3.198881752e-07
3.236385046e-07
3.278691146e-07
3.331158667e-07
3.405465775e-07
3.491043092e-07
3.622372662e-07
3.784414376e-07
4.007047744e-07
4.327935998e-07
4.824215e-07
5.628562286e-07
7.11880027e-07
1.044682963e-06
3.206850068e-07
3.170683702e-07
3.150829986e-07
3.146843829e-07
3.152844257e-07
3.175807558e-07
3.210996339e-07
3.242117701e-07
3.295987788e-07
3.360798128e-07
3.440075733e-07
3.54891497e-07
3.686931114e-07
3.89245005e-07
4.192851154e-07
4.640741919e-07
5.383226851e-07
6.794346171e-07
1.009223217e-06
3.181630439e-07
3.153903708e-07
3.141963919e-07
3.139826319e-07
3.15853681e-07
3.183512643e-07
3.211772118e-07
3.253794294e-07
3.309619361e-07
3.37363849e-07
3.47493992e-07
3.602472322e-07
3.785118291e-07
4.042657075e-07
4.446595498e-07
5.126232381e-07
6.445555452e-07
9.671922526e-07
3.160605686e-07
3.141056378e-07
3.132519477e-07
3.139647645e-07
3.162066121e-07
3.183247327e-07
3.223241803e-07
3.270916523e-07
3.331375086e-07
3.41778726e-07
3.524495036e-07
3.686190805e-07
3.925227463e-07
4.290395923e-07
4.908773614e-07
6.131821268e-07
9.276147014e-07
3.143034304e-07
3.128074016e-07
3.128778796e-07
3.136349805e-07
3.161573501e-07
3.194496074e-07
3.235949008e-07
3.285023665e-07
3.363913363e-07
3.463086322e-07
3.610567471e-07
3.818862364e-07
4.148272356e-07
4.713782305e-07
5.850299174e-07
8.846795256e-07
3.125984555e-07
3.120752442e-07
3.124270258e-07
3.145657066e-07
3.172956e-07
3.20886553e-07
3.255255106e-07
3.325036365e-07
3.410002423e-07
3.541369524e-07
3.736229666e-07
4.038826136e-07
4.55830626e-07
5.61167196e-07
8.492946692e-07
3.125590723e-07
3.115001949e-07
3.115662303e-07
3.128515517e-07
3.154012427e-07
3.185631464e-07
3.224082263e-07
3.288184107e-07
3.367892931e-07
3.490163612e-07
3.664164623e-07
3.941169786e-07
4.421459849e-07
5.399097023e-07
7.937159226e-07
3.110966317e-07
3.108909642e-07
3.108943824e-07
3.139700715e-07
3.167385582e-07
3.204006599e-07
3.262221225e-07
3.332464805e-07
3.443452532e-07
3.608362625e-07
3.867399998e-07
4.315348079e-07
5.227424425e-07
7.71135652e-07
3.103632915e-07
3.101498386e-07
3.127292273e-07
3.152091965e-07
3.183331802e-07
3.237508634e-07
3.304254721e-07
3.409333816e-07
3.560290179e-07
3.801855149e-07
4.222553587e-07
5.079221502e-07
7.273559533e-07
3.099496625e-07
3.095635852e-07
3.117536532e-07
3.139987667e-07
3.169955346e-07
3.220262126e-07
3.280722455e-07
3.378143141e-07
3.523111095e-07
3.752795344e-07
4.151638169e-07
4.961688242e-07
7.084208148e-07
3.091012902e-07
3.1096091e-07
3.129889122e-07
3.156265545e-07
3.203805419e-07
3.261939957e-07
3.355485975e-07
3.491146269e-07
3.709106464e-07
4.089556344e-07
4.861789231e-07
6.889288251e-07
3.08736061e-07
3.103535554e-07
3.121887976e-07
3.147343498e-07
3.192350599e-07
3.246293981e-07
3.334698085e-07
3.466437786e-07
3.676560075e-07
4.042451953e-07
4.783364191e-07
6.740911546e-07
3.084445306e-07
3.098170577e-07
3.115189787e-07
3.138269605e-07
3.181391635e-07
3.233787197e-07
3.319636408e-07
3.445163264e-07
3.647459374e-07
4.001066583e-07
4.71664257e-07
6.613652245e-07
3.090857451e-07
3.109876237e-07
3.132306859e-07
3.173766752e-07
3.223356023e-07
3.305770968e-07
3.428724901e-07
3.625839231e-07
3.969779693e-07
4.664449012e-07
6.505420414e-07
3.08805957e-07
3.105429111e-07
3.126287286e-07
3.166458218e-07
3.21501439e-07
3.295737851e-07
3.414538179e-07
3.606430954e-07
3.942183173e-07
4.61992607e-07
6.417344723e-07
3.085703284e-07
3.101866084e-07
3.122295131e-07
3.161369983e-07
3.208047802e-07
3.286476966e-07
3.403580691e-07
3.592036595e-07
3.921363649e-07
4.585187047e-07
6.346493646e-07
3.098669168e-07
3.117968597e-07
3.156083563e-07
3.20201474e-07
3.27922107e-07
3.393308324e-07
3.577981364e-07
3.901382735e-07
4.552963827e-07
6.278725389e-07
3.095580079e-07
3.114500283e-07
3.151670556e-07
3.19596431e-07
3.271165399e-07
3.383781584e-07
3.565467525e-07
3.883278296e-07
4.522743048e-07
6.21212703e-07
3.092492144e-07
3.110315247e-07
3.146517881e-07
3.190077771e-07
3.264076873e-07
3.373723616e-07
3.551693656e-07
3.863689707e-07
4.491152356e-07
6.146657662e-07
3.089460552e-07
3.106868198e-07
3.142151265e-07
3.184082506e-07
3.256082742e-07
3.364275977e-07
3.539285483e-07
3.845736948e-07
4.461184042e-07
6.082284338e-07
3.102759716e-07
3.137047616e-07
3.178247588e-07
3.249051255e-07
3.35428183e-07
3.525594099e-07
3.826269249e-07
4.429809084e-07
6.018970994e-07
3.099302926e-07
3.132714616e-07
3.172293637e-07
3.24110587e-07
3.344903633e-07
3.51328366e-07
3.808465377e-07
4.400105474e-07
5.95668981e-07
3.095279648e-07
3.127651773e-07
3.166500316e-07
3.234122314e-07
3.334963904e-07
3.499666775e-07
3.789115389e-07
4.368954837e-07
5.89540942e-07
3.091787044e-07
3.123343177e-07
3.160578909e-07
3.226218482e-07
3.32565054e-07
3.487451168e-07
3.77146314e-07
4.339534365e-07
5.835107328e-07
3.118316644e-07
3.154821573e-07
3.219278347e-07
3.315760797e-07
3.473906633e-07
3.752235478e-07
4.308629491e-07
5.77575126e-07
3.114026983e-07
3.148927265e-07
3.211412241e-07
3.306510387e-07
3.461785462e-07
3.734739589e-07
4.279510571e-07
5.717320424e-07
3.109031693e-07
3.143202547e-07
3.204512826e-07
3.296667339e-07
3.448311468e-07
3.71563685e-07
4.248863692e-07
5.659784898e-07
3.137332191e-07
3.196682861e-07
3.287479852e-07
3.436286423e-07
3.69830413e-07
4.22006686e-07
5.603128499e-07
3.131638975e-07
3.18982367e-07
3.277682708e-07
3.422884818e-07
3.679334306e-07
4.189701015e-07
5.547319494e-07
3.18210638e-07
3.268649149e-07
3.411076348e-07
3.662341486e-07
4.16152709e-07
5.49350569e-07
3.1754374e-07
3.259115719e-07
3.398058517e-07
3.643975397e-07
4.132282777e-07
5.440621862e-07
3.250283887e-07
3.386555381e-07
3.627501432e-07
4.105178435e-07
5.388653803e-07
3.373692395e-07
3.609438997e-07
4.076646001e-07
5.337568738e-07
3.362371826e-07
3.593302187e-07
4.050295947e-07
5.287352895e-07
3.575528293e-07
4.022438962e-07
5.237975901e-07
3.996816994e-07
5.189427596e-07
3.484944145e-07
3.590934187e-07
3.712349501e-07
3.885426905e-07
4.100145195e-07
4.404823199e-07
4.823960808e-07
5.440763887e-07
6.409638108e-07
8.066612619e-07
1.135849918e-06
3.190611633e-07
3.208791462e-07
3.234251521e-07
3.263030169e-07
3.303932582e-07
3.345985284e-07
3.413390858e-07
3.48436366e-07
3.590452106e-07
3.711930079e-07
3.884873296e-07
4.099048456e-07
4.404524822e-07
4.821944015e-07
5.440193349e-07
6.40735382e-07
8.06409177e-07
1.135738613e-06
3.180539939e-07
3.171011834e-07
3.16848056e-07
3.178480567e-07
3.18980138e-07
3.2085928e-07
3.233568235e-07
3.262848242e-07
3.303183421e-07
3.345842469e-07
3.412821156e-07
3.484115965e-07
3.590180636e-07
3.711388259e-07
3.884355133e-07
4.098470924e-07
4.403851364e-07
4.820967364e-07
5.438724041e-07
6.405892561e-07
8.062621695e-07
1.13550344e-06
3.258179148e-07
3.223972747e-07
3.198220536e-07
3.180337594e-07
3.170916441e-07
3.16864826e-07
3.178179661e-07
3.189474234e-07
3.208321792e-07
3.233147394e-07
3.262504288e-07
3.302809272e-07
3.345538716e-07
3.412518313e-07
3.483552303e-07
3.589635106e-07
3.710905604e-07
3.883777362e-07
4.09736564e-07
4.403426563e-07
4.818771353e-07
5.438099096e-07
6.40351035e-07
8.05941273e-07
1.135365249e-06
3.302009793e-07
3.25824547e-07
3.223684211e-07
3.198033515e-07
3.180173725e-07
3.17088413e-07
3.168772099e-07
3.178135569e-07
3.188791254e-07
3.20811643e-07
3.232512167e-07
3.262265258e-07
3.302019663e-07
3.345404594e-07
3.411846868e-07
3.483345199e-07
3.589375733e-07
3.710360559e-07
3.883075647e-07
4.096827116e-07
4.402328985e-07
4.817784809e-07
5.436350737e-07
6.401268178e-07
8.057893087e-07
1.135074669e-06
3.301725298e-07
3.257519937e-07
3.223311224e-07
3.197870363e-07
3.1800547e-07
3.170894949e-07
3.168888555e-07
3.178112468e-07
3.188525779e-07
3.207922479e-07
3.232100073e-07
3.261827242e-07
3.301661869e-07
3.345053176e-07
3.411548942e-07
3.482842283e-07
3.588737244e-07
3.709764998e-07
3.882476515e-07
4.095645251e-07
4.401796952e-07
4.815492056e-07
5.435341694e-07
6.398933147e-07
8.054083909e-07
1.134891837e-06
3.301142104e-07
3.257783765e-07
3.223134533e-07
3.197755098e-07
3.179999787e-07
3.170954135e-07
3.169053783e-07
3.177977951e-07
3.187971698e-07
3.20771718e-07
3.231449928e-07
3.261532716e-07
3.300827433e-07
3.344914485e-07
3.410791279e-07
3.482537718e-07
3.588468568e-07
3.70921937e-07
3.88161774e-07
4.095113506e-07
4.400316373e-07
4.814375146e-07
5.433497781e-07
6.395961403e-07
8.05238454e-07
1.134551697e-06
3.301133076e-07
3.257087142e-07
3.222945238e-07
3.197686423e-07
3.179993875e-07
3.171058022e-07
3.169218908e-07
3.177788435e-07
3.187751255e-07
3.207584985e-07
3.231045325e-07
3.260985028e-07
3.300445332e-07
3.344502255e-07
3.410481217e-07
3.482138516e-07
3.587735122e-07
3.708477657e-07
3.880995306e-07
4.093798374e-07
4.399667348e-07
4.812073744e-07
5.4319291e-07
6.393648794e-07
8.048073075e-07
1.134316475e-06
3.30110579e-07
3.256984514e-07
3.222977084e-07
3.197697164e-07
3.180062648e-07
3.171203783e-07
3.169372987e-07
3.177333283e-07
3.187583914e-07
3.207353193e-07
3.230347575e-07
3.260620394e-07
3.299517645e-07
3.34435825e-07
3.409681728e-07
3.481715576e-07
3.58740596e-07
3.707934593e-07
3.879993662e-07
4.093242845e-07
4.397843253e-07
4.810726204e-07
5.430050174e-07
6.39004093e-07
8.046079071e-07
1.1339358e-06
3.300868396e-07
3.257247573e-07
3.223065666e-07
3.197800699e-07
3.180205831e-07
3.171389737e-07
3.169552404e-07
3.176943304e-07
3.187460097e-07
3.207246476e-07
3.229945037e-07
3.259944246e-07
3.299105362e-07
3.343889053e-07
3.409288968e-07
3.481392833e-07
3.586611325e-07
3.707030251e-07
3.8793382e-07
4.091742756e-07
4.397096659e-07
4.808463214e-07
5.42790126e-07
6.387680033e-07
8.041340199e-07
1.133647553e-06
3.301070725e-07
3.257304083e-07
3.223362602e-07
3.198022701e-07
3.180431686e-07
3.171612947e-07
3.169710153e-07
3.176075106e-07
3.187382347e-07
3.20714713e-07
3.229113119e-07
3.259487876e-07
3.298089541e-07
3.343737336e-07
3.408486345e-07
3.480847689e-07
3.586126038e-07
3.706484941e-07
3.878191568e-07
4.091138611e-07
4.395039375e-07
4.806789571e-07
5.425970613e-07
6.383522351e-07
8.038965842e-07
1.13323076e-06
3.300781026e-07
3.257904587e-07
3.223768808e-07
3.198385562e-07
3.180745109e-07
3.171862502e-07
3.169843459e-07
3.175466639e-07
3.187378822e-07
3.20683716e-07
3.228737486e-07
3.258716825e-07
3.297644831e-07
3.343199551e-07
3.407965491e-07
3.480547735e-07
3.585304864e-07
3.705414394e-07
3.877487211e-07
4.089405282e-07
4.394027991e-07
4.804574007e-07
5.423261405e-07
6.381043644e-07
8.033868325e-07
1.132889032e-06
3.301871286e-07
3.258702075e-07
3.224583714e-07
3.198910183e-07
3.18115692e-07
3.172133161e-07
3.16989498e-07
3.174715724e-07
3.187428065e-07
3.206579396e-07
3.22780608e-07
3.258200697e-07
3.296534532e-07
3.343029717e-07
3.407162735e-07
3.479884517e-07
3.5846202e-07
3.704848396e-07
3.876172685e-07
4.088741484e-07
4.391864233e-07
4.802521663e-07
5.421245369e-07
6.376403741e-07
8.031042872e-07
1.132433013e-06
3.301761166e-07
3.259884517e-07
3.225361167e-07
3.199608397e-07
3.18166761e-07
3.172412671e-07
3.169872908e-07
3.174136873e-07
3.187475021e-07
3.205905048e-07
3.227272271e-07
3.257378492e-07
3.296037692e-07
3.342395875e-07
3.406468445e-07
3.479546964e-07
3.583772559e-07
3.703595169e-07
3.875396338e-07
4.086721218e-07
4.390523274e-07
4.800318267e-07
5.417993021e-07
6.373719635e-07
8.025590745e-07
1.132027389e-06
3.303139736e-07
3.261323193e-07
3.225910601e-07
3.200487209e-07
3.182294018e-07
3.172720937e-07
3.169795374e-07
3.173644361e-07
3.18757328e-07
3.205403574e-07
3.226116221e-07
3.256897961e-07
3.294780533e-07
3.342191709e-07
3.405648826e-07
3.47877089e-07
3.582832989e-07
3.702979401e-07
3.873868156e-07
4.08597901e-07
4.388297242e-07
4.797841614e-07
5.415841821e-07
6.368634479e-07
8.022235431e-07
1.131525027e-06
3.303917142e-07
3.261555479e-07
3.226904836e-07
3.201361048e-07
3.182884013e-07
3.172900548e-07
3.169664125e-07
3.173288618e-07
3.187534519e-07
3.20415653e-07
3.225451038e-07
3.256140712e-07
3.294177714e-07
3.341419985e-07
3.404715368e-07
3.478322735e-07
3.581939951e-07
3.701510215e-07
3.872989001e-07
4.083623107e-07
4.386554448e-07
4.795599543e-07
5.412058593e-07
6.365663922e-07
8.016419387e-07
1.131046814e-06
3.303761941e-07
3.262981348e-07
3.230840445e-07
3.20246501e-07
3.183112331e-07
3.173223395e-07
3.169673384e-07
3.172820106e-07
3.187523505e-07
3.203330622e-07
3.224242646e-07
3.25564259e-07
3.292605545e-07
3.34116759e-07
3.403845535e-07
3.477441766e-07
3.580665288e-07
3.700803885e-07
3.871183308e-07
4.082760509e-07
4.384282696e-07
4.792654877e-07
5.409708608e-07
6.360145216e-07
8.012452579e-07
1.130489073e-06
3.304963324e-07
3.27161825e-07
3.234321803e-07
3.204099346e-07
3.184100629e-07
3.173285192e-07
3.169842229e-07
3.172108208e-07
3.187289324e-07
3.201313344e-07
3.223513991e-07
3.254572721e-07
3.29194411e-07
3.340323639e-07
3.402577697e-07
3.476776156e-07
3.579683469e-07
3.699069883e-07
3.870154526e-07
4.080023246e-07
4.382037916e-07
4.790303147e-07
5.405381653e-07
6.356790759e-07
8.006214744e-07
1.129924875e-06
3.313739444e-07
3.27599526e-07
3.23529144e-07
3.204341893e-07
3.185659878e-07
3.173956916e-07
3.169681355e-07
3.171506346e-07
3.187043796e-07
3.200119158e-07
3.222421855e-07
3.253869136e-07
3.290303899e-07
3.339777194e-07
3.40157104e-07
3.475807396e-07
3.577976122e-07
3.698218574e-07
3.867991999e-07
4.078962344e-07
4.379722865e-07
4.786848225e-07
5.402754351e-07
6.350828138e-07
8.001548781e-07
1.129309456e-06
3.319250879e-07
3.281355532e-07
3.235707047e-07
3.204685034e-07
3.185981612e-07
3.175109615e-07
3.169871312e-07
3.171124359e-07
3.186463819e-07
3.197270019e-07
3.221647529e-07
3.252307454e-07
3.289649674e-07
3.338902125e-07
3.399932715e-07
3.474785215e-07
3.576841268e-07
3.696177777e-07
3.866753364e-07
4.075889173e-07
4.376870418e-07
4.784309615e-07
5.397872988e-07
6.347009067e-07
7.994869238e-07
1.128665194e-06
3.32502521e-07
3.284389664e-07
3.236752886e-07
3.205734159e-07
3.186571969e-07
3.175431535e-07
3.170755202e-07
3.171967952e-07
3.181393986e-07
3.19568347e-07
3.220862577e-07
3.25136136e-07
3.287835035e-07
3.337749165e-07
3.398647595e-07
3.47375447e-07
3.574641478e-07
3.695126274e-07
3.864187445e-07
4.074410523e-07
4.37450695e-07
4.780335098e-07
5.394897071e-07
6.340614385e-07
7.989476763e-07
1.128016345e-06
3.288158348e-07
3.239280575e-07
3.207901623e-07
3.188038137e-07
3.17632532e-07
3.171782579e-07
3.171711843e-07
3.177783849e-07
3.194523845e-07
3.220094832e-07
3.249074307e-07
3.287130504e-07
3.336733522e-07
3.396764222e-07
3.472269242e-07
3.573288812e-07
3.692793143e-07
3.862657889e-07
4.07115354e-07
4.37101339e-07
4.777541871e-07
5.389485811e-07
6.33628073e-07
7.982412431e-07
1.127329774e-06
3.293893859e-07
3.243786411e-07
3.211540133e-07
3.190599033e-07
3.177801912e-07
3.171999843e-07
3.171151807e-07
3.175178453e-07
3.194181833e-07
3.218590498e-07
3.247890383e-07
3.28539569e-07
3.334981654e-07
3.39509772e-07
3.471183883e-07
3.570674454e-07
3.691511233e-07
3.859747655e-07
4.069118317e-07
4.368592601e-07
4.773116485e-07
5.386126321e-07
6.329533413e-07
7.976391818e-07
1.126715055e-06
3.302595495e-07
3.250811824e-07
3.217149823e-07
3.194725112e-07
3.180475885e-07
3.173527808e-07
3.171649153e-07
3.175265975e-07
3.190787008e-07
3.217151981e-07
3.245247948e-07
3.284229905e-07
3.333877589e-07
3.393166487e-07
3.469231169e-07
3.569041355e-07
3.688888227e-07
3.857813306e-07
4.065727183e-07
4.364395594e-07
4.769909583e-07
5.379888201e-07
6.324479508e-07
7.968793076e-07
1.126026521e-06
3.315029861e-07
3.260947269e-07
3.225307312e-07
3.200972723e-07
3.185020217e-07
3.176610731e-07
3.173207762e-07
3.175689812e-07
3.18718174e-07
3.215838024e-07
3.243848366e-07
3.28274222e-07
3.33143886e-07
3.390873132e-07
3.467889821e-07
3.565668555e-07
3.687183387e-07
3.853940628e-07
4.062659879e-07
4.361368093e-07
4.76369237e-07
5.375555071e-07
6.315654574e-07
7.960805352e-07
1.125485492e-06
3.331748525e-07
3.274674893e-07
3.236482788e-07
3.209772354e-07
3.191833191e-07
3.181302205e-07
3.175680935e-07
3.175918352e-07
3.184572328e-07
3.215217337e-07
3.24074538e-07
3.280756409e-07
3.329787047e-07
3.38869702e-07
3.464908158e-07
3.563492573e-07
3.683250133e-07
3.851139479e-07
4.058093342e-07
4.354447401e-07
4.759437486e-07
5.365111487e-07
6.307711529e-07
7.949825915e-07
1.124851255e-06
3.292502929e-07
3.251169822e-07
3.22159156e-07
3.201121541e-07
3.187804175e-07
3.179325766e-07
3.176773103e-07
3.183363954e-07
3.213373179e-07
3.238303413e-07
3.27923371e-07
3.326433885e-07
3.385046126e-07
3.462952966e-07
3.55820031e-07
3.680840595e-07
3.845045483e-07
4.052141404e-07
4.349905396e-07
4.748071287e-07
5.358087172e-07
6.29319005e-07
7.936526546e-07
1.124028476e-06
3.315195675e-07
3.270093237e-07
3.237170648e-07
3.213364661e-07
3.196618402e-07
3.184808626e-07
3.179489433e-07
3.185610392e-07
3.205913483e-07
3.234739777e-07
3.276154595e-07
3.323173245e-07
3.382495299e-07
3.457921965e-07
3.55500281e-07
3.673929485e-07
3.839315867e-07
4.045694158e-07
4.337270774e-07
4.741039191e-07
5.340189894e-07
6.278325238e-07
7.919067597e-07
1.12274047e-06
3.343632668e-07
3.294164185e-07
3.257254374e-07
3.229324268e-07
3.208480342e-07
3.192647411e-07
3.183575214e-07
3.186537592e-07
3.200424197e-07
3.233664405e-07
3.273908489e-07
3.318777534e-07
3.376645372e-07
3.454754592e-07
3.546309009e-07
3.670219174e-07
3.830488968e-07
4.033879683e-07
4.329955346e-07
4.721401999e-07
5.325928481e-07
6.255410019e-07
7.895255753e-07
1.120847302e-06
3.32510912e-07
3.28349781e-07
3.25059391e-07
3.2247863e-07
3.203827784e-07
3.189521853e-07
3.18752854e-07
3.196253522e-07
3.230933899e-07
3.266861586e-07
3.312439778e-07
3.373201433e-07
3.445800579e-07
3.541344289e-07
3.658050333e-07
3.817916514e-07
4.024535974e-07
4.306978974e-07
4.7070455e-07
5.29736713e-07
6.227278466e-07
7.863924529e-07
1.117940176e-06
3.365873323e-07
3.317776551e-07
3.279427937e-07
3.247439218e-07
3.219969328e-07
3.198989405e-07
3.191408601e-07
3.197901668e-07
3.220977541e-07
3.264169182e-07
3.307807265e-07
3.363211054e-07
3.440303483e-07
3.52615322e-07
3.650568738e-07
3.806341233e-07
4.001929681e-07
4.293852576e-07
4.675462953e-07
5.268343314e-07
6.189551195e-07
7.818051606e-07
1.113845391e-06
3.364436159e-07
3.31889266e-07
3.279557549e-07
3.243794103e-07
3.214142958e-07
3.198841934e-07
3.199308886e-07
3.214804702e-07
3.256773998e-07
3.294811157e-07
3.357664707e-07
3.42392213e-07
3.518872946e-07
3.633725491e-07
3.779360881e-07
3.986170526e-07
4.255381527e-07
4.644419153e-07
5.222613284e-07
6.135413594e-07
7.755922245e-07
1.107962166e-06
3.427433894e-07
3.374526007e-07
3.325833695e-07
3.279876587e-07
3.238737355e-07
3.212591543e-07
3.204265128e-07
3.213605607e-07
3.238880083e-07
3.289606667e-07
3.340609533e-07
3.415081507e-07
3.49630691e-07
3.609822683e-07
3.762581203e-07
3.947507948e-07
4.225599745e-07
4.594885746e-07
5.165063401e-07
6.065655345e-07
7.667121906e-07
1.099667463e-06
3.453377596e-07
3.39453641e-07
3.335404073e-07
3.279220311e-07
3.237671544e-07
3.215910582e-07
3.214624976e-07
3.231354559e-07
3.265399837e-07
3.3311615e-07
3.384573337e-07
3.474952661e-07
3.589087635e-07
3.715677738e-07
3.914051794e-07
4.164697132e-07
4.530989776e-07
5.084736626e-07
5.96190673e-07
7.541753446e-07
1.087774371e-06
3.569678206e-07
3.496645661e-07
3.422654357e-07
3.3456943e-07
3.282975213e-07
3.240675421e-07
3.222505986e-07
3.226211536e-07
3.248330172e-07
3.304595882e-07
3.371230386e-07
3.449681182e-07
3.538608409e-07
3.68113695e-07
3.851555438e-07
4.100974817e-07
4.447911167e-07
4.974927492e-07
5.823626225e-07
7.366900163e-07
1.070551207e-06
3.648590261e-07
3.555506403e-07
3.454772931e-07
3.361523696e-07
3.290648572e-07
3.245762136e-07
3.228618048e-07
3.236443049e-07
3.266950537e-07
3.324866803e-07
3.395314643e-07
3.501574027e-07
3.609847583e-07
3.782184041e-07
4.002125981e-07
4.325316508e-07
4.821004214e-07
5.624180882e-07
7.112949042e-07
1.044507384e-06
3.723741107e-07
3.597898062e-07
3.472029428e-07
3.36516998e-07
3.288622783e-07
3.243477079e-07
3.22965712e-07
3.242227006e-07
3.270881669e-07
3.368858157e-07
3.430863242e-07
3.544568343e-07
3.68796156e-07
3.890245234e-07
4.187464011e-07
4.637259637e-07
5.379109422e-07
6.788556767e-07
1.009034469e-06
3.748456131e-07
3.589308904e-07
3.450496702e-07
3.341011263e-07
3.267758905e-07
3.231170266e-07
3.226354864e-07
3.245298023e-07
3.296098925e-07
3.378972761e-07
3.469068387e-07
3.602381551e-07
3.778738813e-07
4.041245696e-07
4.444275516e-07
5.122518876e-07
6.440396378e-07
9.672648034e-07
3.709039786e-07
3.537929052e-07
3.39877151e-07
3.298182749e-07
3.238973282e-07
3.21688786e-07
3.223563217e-07
3.256750547e-07
3.329889691e-07
3.413355394e-07
3.525993974e-07
3.683836136e-07
3.922248217e-07
4.28714927e-07
4.905177401e-07
6.126598273e-07
9.265542494e-07
3.624644687e-07
3.457278685e-07
3.331500371e-07
3.2510192e-07
3.212293473e-07
3.206975565e-07
3.230438645e-07
3.272229457e-07
3.360277789e-07
3.464382884e-07
3.604845491e-07
3.818012501e-07
4.14619423e-07
4.710786957e-07
5.846475874e-07
8.898422889e-07
3.515034326e-07
3.364968573e-07
3.265381202e-07
3.211220842e-07
3.194637816e-07
3.209241211e-07
3.242471405e-07
3.323490696e-07
3.41191531e-07
3.538904592e-07
3.734455545e-07
4.035971654e-07
4.55528652e-07
5.606161881e-07
8.369128708e-07
3.398078866e-07
3.28058844e-07
3.212554083e-07
3.185658159e-07
3.192374524e-07
3.2186642e-07
3.287076532e-07
3.369869177e-07
3.485270739e-07
3.663679403e-07
3.939245768e-07
4.418957746e-07
5.395581273e-07
8.079206652e-07
3.428847124e-07
3.295600431e-07
3.215372878e-07
3.17922051e-07
3.179023587e-07
3.199772057e-07
3.252270888e-07
3.334767021e-07
3.440956687e-07
3.607253665e-07
3.864905272e-07
4.312783356e-07
5.22298854e-07
7.587219274e-07
3.309664169e-07
3.218903329e-07
3.174664118e-07
3.168469917e-07
3.184560986e-07
3.228220877e-07
3.306909711e-07
3.405144227e-07
3.560028081e-07
3.800045236e-07
4.220387737e-07
5.075513584e-07
7.367260935e-07
3.322502909e-07
3.222659502e-07
3.171454577e-07
3.160113274e-07
3.172223348e-07
3.211835832e-07
3.283674689e-07
3.375652094e-07
3.522405854e-07
3.750583741e-07
4.149402629e-07
4.957852304e-07
7.053635386e-07
3.226368363e-07
3.169192749e-07
3.153477105e-07
3.162208823e-07
3.198536675e-07
3.264210639e-07
3.351832994e-07
3.491017034e-07
3.707379875e-07
4.087607351e-07
4.858125405e-07
6.885616802e-07
3.229861365e-07
3.16763419e-07
3.148189246e-07
3.154071138e-07
3.187725366e-07
3.249219933e-07
3.332227744e-07
3.465992815e-07
3.674556759e-07
4.040447333e-07
4.779702827e-07
6.738870991e-07
3.166551233e-07
3.143977163e-07
3.147456849e-07
3.178921544e-07
3.227083761e-07
3.31637754e-07
3.445113768e-07
3.645792393e-07
3.999260312e-07
4.713102079e-07
6.612467415e-07
3.165795129e-07
3.140608056e-07
3.142093124e-07
3.171744381e-07
3.218187394e-07
3.303326992e-07
3.428453356e-07
3.623983501e-07
3.967932806e-07
4.660907286e-07
6.504688769e-07
3.165266379e-07
3.137905193e-07
3.13773666e-07
3.165890926e-07
3.204723718e-07
3.292729865e-07
3.414537974e-07
3.604805446e-07
3.940471728e-07
4.616467843e-07
6.416868275e-07
3.135736262e-07
3.134194627e-07
3.161114336e-07
3.198684297e-07
3.283988202e-07
3.403426499e-07
3.590282901e-07
3.919623567e-07
4.581729248e-07
6.346156565e-07
3.133667711e-07
3.130786087e-07
3.156502124e-07
3.192840046e-07
3.276295472e-07
3.393356692e-07
3.576399205e-07
3.899745908e-07
4.549576214e-07
6.278493678e-07
3.131639559e-07
3.127417524e-07
3.151925207e-07
3.187030352e-07
3.268681382e-07
3.383693716e-07
3.563775012e-07
3.881621313e-07
4.519367481e-07
6.211965901e-07
3.129649621e-07
3.124084749e-07
3.147379521e-07
3.18125251e-07
3.261142724e-07
3.373837978e-07
3.550171291e-07
3.862136694e-07
4.487851552e-07
6.146547559e-07
3.127697479e-07
3.12078445e-07
3.142861873e-07
3.175504243e-07
3.253574999e-07
3.364248062e-07
3.5376495e-07
3.844161258e-07
4.457893919e-07
6.082213735e-07
3.117515347e-07
3.138370025e-07
3.169783348e-07
3.246074715e-07
3.354457902e-07
3.524127447e-07
3.824796698e-07
4.426594117e-07
6.018932885e-07
3.114276247e-07
3.133902188e-07
3.164088228e-07
3.238543054e-07
3.34493112e-07
3.511700964e-07
3.806968504e-07
4.396901018e-07
5.95667925e-07
3.111066479e-07
3.129457121e-07
3.158417408e-07
3.231073577e-07
3.335198257e-07
3.498253388e-07
3.787721165e-07
4.365826174e-07
5.895422968e-07
3.125033734e-07
3.152769844e-07
3.223572716e-07
3.325729498e-07
3.48591992e-07
3.770043138e-07
4.336416255e-07
5.835142223e-07
3.120631534e-07
3.14714468e-07
3.21613149e-07
3.316050627e-07
3.472545456e-07
3.750917946e-07
4.305588621e-07
5.775805296e-07
3.116249873e-07
3.141541241e-07
3.208658788e-07
3.306637519e-07
3.460305204e-07
3.733395e-07
4.276480857e-07
5.717391444e-07
3.135959073e-07
3.201246428e-07
3.297010465e-07
3.447002504e-07
3.714394454e-07
4.24591271e-07
5.659871089e-07
3.130397816e-07
3.193792755e-07
3.287652482e-07
3.434857515e-07
3.697033372e-07
4.217127723e-07
5.603228075e-07
3.124857229e-07
3.186459455e-07
3.278077342e-07
3.421628731e-07
3.678165502e-07
4.18684241e-07
5.547430879e-07
3.178828118e-07
3.268867628e-07
3.409700896e-07
3.66114346e-07
4.158681152e-07
5.49362805e-07
3.172183862e-07
3.259514899e-07
3.396853917e-07
3.642876948e-07
4.129516816e-07
5.440754378e-07
3.250457059e-07
3.385231204e-07
3.6263723e-07
4.102423923e-07
5.388795593e-07
3.372539902e-07
3.608408641e-07
4.073970992e-07
5.337719104e-07
3.361097784e-07
3.592239355e-07
4.047630986e-07
5.287511238e-07
3.574564303e-07
4.019853822e-07
5.238141635e-07
3.994240478e-07
5.18960004e-07
3.485484489e-07
3.584371606e-07
3.71035417e-07
3.877353158e-07
4.098300312e-07
4.396847316e-07
4.819284449e-07
5.434909791e-07
6.402623332e-07
8.060855488e-07
1.135389091e-06
3.226802175e-07
3.23572532e-07
3.254811216e-07
3.284976215e-07
3.308772054e-07
3.354723369e-07
3.406907719e-07
3.485487248e-07
3.583884924e-07
3.709632487e-07
3.876778672e-07
4.097293309e-07
4.395977272e-07
4.818569623e-07
5.434070029e-07
6.400677266e-07
8.058933544e-07
1.13522677e-06
3.360253355e-07
3.280813244e-07
3.241792819e-07
3.228912134e-07
3.225191321e-07
3.234381515e-07
3.253998948e-07
3.284300563e-07
3.30708576e-07
3.354230317e-07
3.406135779e-07
3.485458759e-07
3.582900354e-07
3.709165655e-07
3.876483329e-07
4.096798145e-07
4.395470155e-07
4.817199811e-07
5.432186405e-07
6.399226891e-07
8.056697602e-07
1.135044244e-06
3.575773558e-07
3.515285799e-07
3.454979321e-07
3.358881733e-07
3.279227163e-07
3.240410077e-07
3.227753008e-07
3.224124277e-07
3.233418693e-07
3.253203803e-07
3.2832852e-07
3.306241015e-07
3.353193732e-07
3.405504875e-07
3.485416296e-07
3.582382356e-07
3.708657361e-07
3.875794778e-07
4.095658713e-07
4.394313788e-07
4.81609229e-07
5.4312703e-07
6.397073094e-07
8.054325993e-07
1.134847875e-06
3.574937067e-07
3.512843497e-07
3.452259989e-07
3.357514355e-07
3.277631266e-07
3.239036556e-07
3.226344395e-07
3.222722043e-07
3.232320444e-07
3.252636093e-07
3.282375965e-07
3.304498516e-07
3.352811879e-07
3.404978397e-07
3.485201457e-07
3.581243019e-07
3.708147683e-07
3.875368135e-07
4.095153056e-07
4.393753692e-07
4.81480516e-07
5.429022406e-07
6.395165728e-07
8.051771011e-07
1.134616479e-06
3.574280189e-07
3.51061526e-07
3.450475197e-07
3.35593633e-07
3.276456781e-07
3.238022243e-07
3.225366546e-07
3.221851455e-07
3.231655192e-07
3.252075323e-07
3.280821443e-07
3.303722882e-07
3.351950323e-07
3.404273218e-07
3.485115381e-07
3.5807318e-07
3.707792939e-07
3.874628251e-07
4.093864338e-07
4.39234265e-07
4.813273643e-07
5.427896097e-07
6.392851916e-07
8.048942759e-07
1.134373448e-06
3.575066285e-07
3.508946053e-07
3.4486056e-07
3.354201153e-07
3.27515281e-07
3.237197196e-07
3.224373053e-07
3.220646507e-07
3.230702105e-07
3.251419129e-07
3.279539119e-07
3.302033458e-07
3.351552913e-07
3.403851552e-07
3.484707391e-07
3.579516479e-07
3.707200881e-07
3.873965117e-07
4.09333792e-07
4.391721182e-07
4.812065919e-07
5.425388998e-07
6.390473202e-07
8.046019634e-07
1.13409586e-06
3.573536826e-07
3.507724273e-07
3.447071479e-07
3.352240859e-07
3.274535856e-07
3.237086401e-07
3.223679854e-07
3.22003643e-07
3.230239939e-07
3.250814057e-07
3.277421336e-07
3.301375604e-07
3.35085552e-07
3.403073408e-07
3.484551852e-07
3.579005795e-07
3.706936291e-07
3.873226494e-07
4.091889471e-07
4.390058271e-07
4.810100916e-07
5.423957896e-07
6.388009795e-07
8.042769278e-07
1.133801615e-06
3.574235051e-07
3.507161419e-07
3.445783095e-07
3.350434307e-07
3.273936552e-07
3.237465672e-07
3.223428672e-07
3.219302525e-07
3.229370027e-07
3.249808294e-07
3.27578642e-07
3.299975634e-07
3.35031508e-07
3.402696739e-07
3.483958672e-07
3.577746021e-07
3.706255812e-07
3.872290168e-07
4.09133299e-07
4.389366017e-07
4.808953859e-07
5.421282253e-07
6.385169417e-07
8.039422773e-07
1.133484542e-06
3.573249668e-07
3.506891271e-07
3.443904655e-07
3.348457803e-07
3.274554025e-07
3.238890408e-07
3.223870678e-07
3.219303999e-07
3.228987549e-07
3.249052467e-07
3.273183101e-07
3.299528378e-07
3.349732778e-07
3.401826214e-07
3.483746967e-07
3.577238908e-07
3.706028297e-07
3.871546375e-07
4.089767516e-07
4.387428117e-07
4.8065578e-07
5.419455958e-07
6.382523138e-07
8.03578921e-07
1.133140065e-06
3.570444936e-07
3.507246428e-07
3.442237527e-07
3.347404386e-07
3.276476855e-07
3.240904506e-07
3.224759617e-07
3.219557982e-07
3.228098416e-07
3.247545683e-07
3.271151432e-07
3.298552433e-07
3.349058942e-07
3.401450683e-07
3.48298834e-07
3.575929622e-07
3.70525899e-07
3.870298199e-07
4.089076974e-07
4.38666581e-07
4.805448673e-07
5.416676838e-07
6.379254637e-07
8.031972566e-07
1.132786693e-06
3.572442243e-07
3.507192355e-07
3.440607204e-07
3.347682422e-07
3.278863293e-07
3.242839998e-07
3.225686581e-07
3.220158983e-07
3.227568068e-07
3.246533548e-07
3.268238206e-07
3.298331754e-07
3.348586661e-07
3.400506293e-07
3.48272967e-07
3.575418875e-07
3.705017058e-07
3.869520063e-07
4.087535077e-07
4.384462407e-07
4.802630554e-07
5.414383554e-07
6.376379898e-07
8.02800715e-07
1.132392679e-06
3.574425827e-07
3.506704744e-07
3.439254437e-07
3.349774281e-07
3.282133404e-07
3.244394711e-07
3.22642494e-07
3.220489485e-07
3.226521701e-07
3.244351826e-07
3.266275746e-07
3.297701665e-07
3.347620021e-07
3.400123725e-07
3.481810365e-07
3.574028583e-07
3.704127636e-07
3.867962268e-07
4.086545001e-07
4.383531099e-07
4.801521233e-07
5.411542652e-07
6.372728782e-07
8.023670652e-07
1.131998587e-06
3.572300097e-07
3.506667098e-07
3.439371498e-07
3.351907415e-07
3.284073043e-07
3.246068601e-07
3.227079561e-07
3.220765961e-07
3.225906618e-07
3.243076905e-07
3.263582745e-07
3.297515019e-07
3.34705312e-07
3.399056395e-07
3.481490104e-07
3.573494677e-07
3.703837078e-07
3.867111742e-07
4.085086232e-07
4.381166081e-07
4.798286181e-07
5.408713843e-07
6.369540007e-07
8.019367204e-07
1.131545212e-06
3.571335952e-07
3.491732701e-07
3.440315452e-07
3.365806927e-07
3.298489395e-07
3.247093651e-07
3.227626997e-07
3.220708329e-07
3.224465122e-07
3.240217487e-07
3.261780215e-07
3.297168445e-07
3.345671295e-07
3.398631663e-07
3.48036809e-07
3.5719799e-07
3.702796502e-07
3.865256166e-07
4.083751731e-07
4.379850447e-07
4.797107625e-07
5.405828035e-07
6.365544916e-07
8.014448369e-07
1.131102615e-06
3.570573222e-07
3.507116555e-07
3.456263634e-07
3.387433426e-07
3.314039958e-07
3.258058039e-07
3.227876281e-07
3.220537777e-07
3.222754993e-07
3.238915517e-07
3.259593416e-07
3.296866777e-07
3.344896073e-07
3.397412999e-07
3.479959206e-07
3.571392182e-07
3.702381484e-07
3.864289582e-07
4.082307347e-07
4.37742085e-07
4.793443189e-07
5.402413772e-07
6.361941207e-07
8.009795318e-07
1.13058218e-06
3.591878457e-07
3.540627363e-07
3.490904243e-07
3.423269413e-07
3.341775099e-07
3.275250576e-07
3.234272175e-07
3.22017289e-07
3.220486666e-07
3.235849633e-07
3.257994689e-07
3.296654427e-07
3.342944866e-07
3.396946519e-07
3.478660227e-07
3.569692345e-07
3.70114395e-07
3.862118007e-07
4.080578783e-07
4.375639154e-07
4.792147399e-07
5.399478127e-07
6.357629644e-07
8.004228345e-07
1.130080479e-06
3.640411818e-07
3.598354601e-07
3.548574987e-07
3.477760219e-07
3.385373932e-07
3.305287987e-07
3.249631703e-07
3.218767113e-07
3.217424524e-07
3.234580147e-07
3.256649782e-07
3.295911045e-07
3.341873408e-07
3.395568216e-07
3.477947182e-07
3.569010976e-07
3.700546747e-07
3.860963977e-07
4.079068966e-07
4.373170609e-07
4.788053184e-07
5.39541678e-07
6.353473632e-07
7.999162205e-07
1.129480277e-06
3.722259697e-07
3.686298691e-07
3.634057e-07
3.55564703e-07
3.448780286e-07
3.351569771e-07
3.277671835e-07
3.229063821e-07
3.215557878e-07
3.231488562e-07
3.255277119e-07
3.295204365e-07
3.33925346e-07
3.395070509e-07
3.476551921e-07
3.56706464e-07
3.699031565e-07
3.858424529e-07
4.076907954e-07
4.370830046e-07
4.786449811e-07
5.392398757e-07
6.348865273e-07
7.992885328e-07
1.12891612e-06
3.842374954e-07
3.809223849e-07
3.751354373e-07
3.660920097e-07
3.535307012e-07
3.416997396e-07
3.320742844e-07
3.249506558e-07
3.212073538e-07
3.230545228e-07
3.254383958e-07
3.293506465e-07
3.337935574e-07
3.393559499e-07
3.475284035e-07
3.566245261e-07
3.698182058e-07
3.857000085e-07
4.07527087e-07
4.368316199e-07
4.781989437e-07
5.387661061e-07
6.344030017e-07
7.987375546e-07
1.128243585e-06
4.002781573e-07
3.969162533e-07
3.902235711e-07
3.795499119e-07
3.646730905e-07
3.50354685e-07
3.381484132e-07
3.285288636e-07
3.227061391e-07
3.22739923e-07
3.252103728e-07
3.292613724e-07
3.334801703e-07
3.393025752e-07
3.473817129e-07
3.564025638e-07
3.696308632e-07
3.854063392e-07
4.072680686e-07
4.365327688e-07
4.779907154e-07
5.384507964e-07
6.339168681e-07
7.980397181e-07
1.127639064e-06
4.164004122e-07
4.084796518e-07
3.957888368e-07
3.781778406e-07
3.610633406e-07
3.459739179e-07
3.335323325e-07
3.250412896e-07
3.220176807e-07
3.252057957e-07
3.290467584e-07
3.333259628e-07
3.391448241e-07
3.471854797e-07
3.563045483e-07
3.695142796e-07
3.852319978e-07
4.070874251e-07
4.362746649e-07
4.775193901e-07
5.37912535e-07
6.333564991e-07
7.974470758e-07
1.126933104e-06
4.387118831e-07
4.293007322e-07
4.142854789e-07
3.93604321e-07
3.734858175e-07
3.552850769e-07
3.397779736e-07
3.283688666e-07
3.226176127e-07
3.251133501e-07
3.288739177e-07
3.329901375e-07
3.390814065e-07
3.470307581e-07
3.560702725e-07
3.692891825e-07
3.849063302e-07
4.067936919e-07
4.359103675e-07
4.772542863e-07
5.375780867e-07
6.328548307e-07
7.966946904e-07
1.126354652e-06
4.630268857e-07
4.519586235e-07
4.344218344e-07
4.104414993e-07
3.871927009e-07
3.657849616e-07
3.47115836e-07
3.327625654e-07
3.245856007e-07
3.246791939e-07
3.28546568e-07
3.328384254e-07
3.389172542e-07
3.467660241e-07
3.55939823e-07
3.691335284e-07
3.846977352e-07
4.065870085e-07
4.356349801e-07
4.767383008e-07
5.369611031e-07
6.321913475e-07
7.960496922e-07
1.12565982e-06
4.887540657e-07
4.759916825e-07
4.558720403e-07
4.284862004e-07
4.0209646e-07
3.774723819e-07
3.555966202e-07
3.381604053e-07
3.270979936e-07
3.23846681e-07
3.284449492e-07
3.325093214e-07
3.388257709e-07
3.465809618e-07
3.556563522e-07
3.688192108e-07
3.842760606e-07
4.061873051e-07
4.351178044e-07
4.763841245e-07
5.365301707e-07
6.315694113e-07
7.950612043e-07
1.125152251e-06
5.152898457e-07
5.008176335e-07
4.779722916e-07
4.474194034e-07
4.179739658e-07
3.902015342e-07
3.651433816e-07
3.44540934e-07
3.304405025e-07
3.243069452e-07
3.282648819e-07
3.323186475e-07
3.38621013e-07
3.461798728e-07
3.554966115e-07
3.686001442e-07
3.840051314e-07
4.059145876e-07
4.347430232e-07
4.756218181e-07
5.354723919e-07
6.30439741e-07
7.941767389e-07
1.124520962e-06
5.263244059e-07
5.00748048e-07
4.672653059e-07
4.348951651e-07
4.040780583e-07
3.758927514e-07
3.52115824e-07
3.349762189e-07
3.26259201e-07
3.277931597e-07
3.31826661e-07
3.3840537e-07
3.459206197e-07
3.550486817e-07
3.680401194e-07
3.83309779e-07
4.051961725e-07
4.337922983e-07
4.748724196e-07
5.348547192e-07
6.295096044e-07
7.925525953e-07
1.123718139e-06
5.528601961e-07
5.246082454e-07
4.884004414e-07
4.53248393e-07
4.194867828e-07
3.882269842e-07
3.612520387e-07
3.409180209e-07
3.291047948e-07
3.263648583e-07
3.317609759e-07
3.381799546e-07
3.452623475e-07
3.548287488e-07
3.676914853e-07
3.829135357e-07
4.047687401e-07
4.332029806e-07
4.737890997e-07
5.328831758e-07
6.273041307e-07
7.91066271e-07
1.122522465e-06
5.807033832e-07
5.501485283e-07
5.113685117e-07
4.735678849e-07
4.369783935e-07
4.027050741e-07
3.724681534e-07
3.487222763e-07
3.334599324e-07
3.274333862e-07
3.314755009e-07
3.375384631e-07
3.449060094e-07
3.541305535e-07
3.66653858e-07
3.817425626e-07
4.034335614e-07
4.314349007e-07
4.720804704e-07
5.318136067e-07
6.261076959e-07
7.88449535e-07
1.12047823e-06
6.072004727e-07
5.781766294e-07
5.371118415e-07
4.96961608e-07
4.576546641e-07
4.203344804e-07
3.866650691e-07
3.591970239e-07
3.401154362e-07
3.306066901e-07
3.300652211e-07
3.372596652e-07
3.438119443e-07
3.536274e-07
3.660835429e-07
3.811244297e-07
4.027023697e-07
4.304912163e-07
4.707556228e-07
5.28788535e-07
6.216902709e-07
7.852613144e-07
1.118030669e-06
6.058858357e-07
5.671686824e-07
5.245749751e-07
4.82540831e-07
4.421503561e-07
4.048507684e-07
3.732722862e-07
3.498492035e-07
3.361129162e-07
3.316131187e-07
3.356979192e-07
3.433879947e-07
3.527457182e-07
3.641076318e-07
3.791148932e-07
4.001749445e-07
4.27262673e-07
4.670679241e-07
5.256606025e-07
6.20044004e-07
7.813995838e-07
1.113080833e-06
6.466576732e-07
5.994462923e-07
5.578359981e-07
5.131742731e-07
4.69568149e-07
4.283217094e-07
3.921988102e-07
3.6387096e-07
3.453362114e-07
3.368364872e-07
3.367884819e-07
3.405241854e-07
3.510998863e-07
3.632397973e-07
3.781031755e-07
3.988825043e-07
4.257283545e-07
4.652451793e-07
5.223157122e-07
6.108442437e-07
7.73061471e-07
1.10891982e-06
6.435426753e-07
5.954085533e-07
5.512115802e-07
5.042499631e-07
4.58749758e-07
4.175771366e-07
3.836554622e-07
3.594829075e-07
3.458752832e-07
3.414605688e-07
3.432616213e-07
3.508812557e-07
3.600506594e-07
3.709795678e-07
3.937003571e-07
4.185147532e-07
4.568642222e-07
5.130126024e-07
6.089906533e-07
7.698656232e-07
1.097571355e-06
6.829119464e-07
6.456779738e-07
5.952118216e-07
5.484338948e-07
4.983080675e-07
4.51445528e-07
4.110522286e-07
3.801134875e-07
3.600886355e-07
3.501871874e-07
3.482056407e-07
3.524818622e-07
3.603521513e-07
3.729099188e-07
3.940248569e-07
4.203843782e-07
4.590645924e-07
5.139524178e-07
5.932036867e-07
7.287398127e-07
1.090456445e-06
6.926408149e-07
6.539448147e-07
5.991643786e-07
5.49849984e-07
4.964693256e-07
4.484781077e-07
4.092765692e-07
3.810830128e-07
3.639039731e-07
3.562018665e-07
3.561226648e-07
3.618111378e-07
3.737720562e-07
3.931903777e-07
4.191082076e-07
4.556888797e-07
5.059244939e-07
5.760880412e-07
6.977409399e-07
1.078217642e-06
7.103161565e-07
6.691125015e-07
6.070124616e-07
5.556541332e-07
4.989216401e-07
4.497179369e-07
4.111307285e-07
3.842318611e-07
3.683690534e-07
3.620504665e-07
3.637267256e-07
3.730272936e-07
3.896964101e-07
4.132249682e-07
4.459479041e-07
4.905725937e-07
5.539936276e-07
6.655214304e-07
1.055738011e-06
7.277664467e-07
6.791307478e-07
6.10333175e-07
5.541070997e-07
4.952152458e-07
4.459663315e-07
4.085606541e-07
3.833833e-07
3.695650499e-07
3.658168609e-07
3.710681665e-07
3.841873464e-07
4.043609361e-07
4.328567763e-07
4.72348602e-07
5.305660017e-07
6.304277644e-07
1.020416107e-06
7.281816758e-07
6.719305875e-07
5.987395319e-07
5.359339791e-07
4.779739397e-07
4.31607546e-07
3.980735696e-07
3.772247705e-07
3.68037546e-07
3.691248532e-07
3.787839454e-07
3.957545312e-07
4.205856223e-07
4.557286021e-07
5.088614239e-07
5.992016706e-07
9.794529219e-07
7.828552427e-07
7.094308019e-07
6.435183806e-07
5.715491066e-07
5.065903788e-07
4.526911383e-07
4.118889658e-07
3.847051477e-07
3.704287319e-07
3.675650002e-07
3.740266147e-07
3.881193463e-07
4.098116664e-07
4.41185157e-07
4.893778243e-07
5.719445492e-07
9.372205245e-07
7.514748324e-07
6.729374421e-07
6.015731576e-07
5.317397121e-07
4.715966456e-07
4.245845235e-07
3.918165786e-07
3.729451535e-07
3.664688523e-07
3.700543107e-07
3.816253741e-07
4.006553163e-07
4.288081469e-07
4.725950513e-07
5.484317069e-07
8.969231713e-07
7.122239536e-07
6.232860194e-07
5.535251637e-07
4.882596117e-07
4.360132976e-07
3.984180395e-07
3.754894437e-07
3.65793455e-07
3.668391329e-07
3.762311144e-07
3.930202653e-07
4.184593561e-07
4.58445196e-07
5.284042611e-07
8.618021336e-07
6.544044292e-07
5.721822891e-07
5.027663791e-07
4.461445447e-07
4.044288393e-07
3.779719791e-07
3.654531232e-07
3.642835699e-07
3.71809587e-07
3.867235765e-07
4.09899616e-07
4.46665869e-07
5.113164347e-07
8.131481308e-07
6.714831355e-07
5.879011385e-07
5.152626162e-07
4.55014565e-07
4.098123359e-07
3.803206102e-07
3.653570243e-07
3.622734238e-07
3.682120757e-07
3.81563278e-07
4.028650067e-07
4.36936981e-07
4.970602507e-07
7.85472186e-07
6.000411767e-07
5.259212962e-07
4.626967464e-07
4.145659969e-07
3.824863756e-07
3.654242807e-07
3.607007903e-07
3.65296307e-07
3.773489448e-07
3.971056898e-07
4.289485015e-07
4.851802544e-07
7.402768724e-07
5.349305381e-07
4.692785815e-07
4.187073904e-07
3.844422945e-07
3.655921859e-07
3.594725062e-07
3.629369296e-07
3.739130581e-07
3.92399858e-07
4.224064423e-07
4.754298233e-07
7.210951472e-07
5.425062857e-07
4.748600854e-07
4.222714342e-07
3.861737326e-07
3.658128265e-07
3.585131869e-07
3.610282925e-07
3.71113639e-07
3.885584103e-07
4.170596667e-07
4.674283067e-07
6.908278783e-07
5.488224531e-07
4.796029714e-07
4.253045428e-07
3.876800432e-07
3.660521742e-07
3.577613244e-07
3.594835424e-07
3.688329364e-07
3.854235945e-07
4.126930267e-07
4.608965425e-07
6.761723068e-07
4.835492408e-07
4.278877512e-07
3.889860904e-07
3.662896279e-07
3.571691642e-07
3.582316065e-07
3.669741175e-07
3.82865178e-07
4.091277682e-07
4.555666939e-07
6.635654996e-07
4.867917072e-07
4.300402031e-07
3.900948471e-07
3.665168687e-07
3.567038904e-07
3.572164229e-07
3.654574948e-07
3.80776346e-07
4.062166062e-07
4.512166608e-07
6.528251953e-07
4.894208623e-07
4.31806359e-07
3.910170108e-07
3.667182583e-07
3.563351795e-07
3.563943686e-07
3.64224275e-07
3.79075661e-07
4.038479625e-07
4.476844856e-07
6.440521671e-07
4.332336709e-07
3.917665657e-07
3.668845014e-07
3.560371655e-07
3.557254471e-07
3.632195229e-07
3.77690403e-07
4.019210243e-07
4.448175731e-07
6.369663242e-07
4.346150237e-07
3.924993832e-07
3.670540368e-07
3.55755499e-07
3.550821761e-07
3.622496182e-07
3.763522027e-07
4.000608182e-07
4.420551147e-07
6.301709922e-07
4.35994519e-07
3.932377545e-07
3.672321035e-07
3.554819993e-07
3.544465133e-07
3.612871401e-07
3.750232673e-07
3.982147809e-07
4.393188399e-07
6.234714888e-07
4.373783593e-07
3.939862012e-07
3.674208545e-07
3.552176332e-07
3.538183877e-07
3.603318741e-07
3.737032639e-07
3.963825317e-07
4.36608277e-07
6.168660614e-07
3.947472275e-07
3.676216557e-07
3.549629688e-07
3.531978935e-07
3.593836727e-07
3.723919432e-07
3.945637618e-07
4.339229783e-07
6.103527282e-07
3.955221098e-07
3.67835213e-07
3.547182816e-07
3.525850283e-07
3.584423827e-07
3.710890723e-07
3.927581771e-07
4.312625035e-07
6.039296183e-07
3.963122053e-07
3.680622629e-07
3.544838953e-07
3.519798566e-07
3.575079215e-07
3.697944862e-07
3.909655391e-07
4.286264325e-07
5.975946498e-07
3.971187045e-07
3.6830343e-07
3.542600828e-07
3.513824418e-07
3.565802383e-07
3.685080709e-07
3.891856903e-07
4.260144981e-07
5.913466229e-07
3.68559336e-07
3.540471592e-07
3.507928986e-07
3.556593198e-07
3.672297487e-07
3.874184944e-07
4.234264155e-07
5.851840022e-07
3.688305785e-07
3.53845445e-07
3.502113532e-07
3.547451747e-07
3.659594517e-07
3.856638127e-07
4.208618902e-07
5.791053058e-07
3.691178058e-07
3.536553079e-07
3.496379621e-07
3.538378326e-07
3.646971264e-07
3.839215112e-07
4.183206047e-07
5.731087589e-07
3.534770538e-07
3.490728814e-07
3.529373524e-07
3.634427664e-07
3.821915296e-07
4.158023825e-07
5.671934145e-07
3.533110426e-07
3.485163091e-07
3.520438091e-07
3.621963704e-07
3.804738011e-07
4.133070085e-07
5.613579722e-07
3.479685061e-07
3.511573137e-07
3.609579486e-07
3.787682512e-07
4.108342518e-07
5.556011795e-07
3.47439142e-07
3.50295362e-07
3.59752709e-07
3.771100761e-07
4.084356447e-07
5.500497048e-07
3.494403524e-07
3.585565593e-07
3.754665531e-07
4.060644161e-07
5.44602258e-07
3.485922428e-07
3.573694221e-07
3.738375124e-07
4.037201359e-07
5.392560757e-07
3.561912217e-07
3.722227713e-07
4.014023574e-07
5.340084926e-07
3.706222778e-07
3.991106797e-07
5.288565984e-07
3.690357131e-07
3.968446412e-07
5.237982358e-07
5.188310133e-07
)
;

boundaryField
{
    duvar
    {
        type            kqRWallFunction;
        value           nonuniform List<scalar> 
646
(
0.0002623690811
0.0001729979027
0.004117742195
0.004136106923
0.004152801161
0.004171068407
0.004193153177
0.004219542697
0.004252289446
0.00429240521
0.004342605301
0.004404659095
0.004483495578
0.004582636033
0.004712366218
0.004880023919
0.005097386228
0.005372348278
0.005727666013
0.006163947228
0.006698229548
0.007318432035
0.008045143196
0.008828954443
0.009682559938
0.01044699255
0.01107703957
0.01148515503
0.01175127963
0.01168017858
0.01141522322
0.0109114318
0.0101913491
0.009328182233
0.008336471665
0.007310692502
0.006290002646
0.005377750335
0.004597417782
0.003886342644
0.00321648811
0.002591619587
0.002043598641
0.001570346868
0.001193438933
0.0009335391394
0.0007735221425
0.0006881652475
0.0006399235549
0.000597377093
0.0005590096935
0.0005330040189
0.0005258266413
0.0005430667114
0.0005718414937
0.0005953214717
0.0005928786853
0.0005668351292
0.0005395595116
0.0005299904598
0.0005425494367
0.000571845293
0.0006068750086
0.0006436962903
0.0006791678054
0.000712645653
0.000727595465
0.0007420817986
0.0007525059741
0.000558260241
0.0004607729871
0.0004273731533
0.0004369874525
0.0002888397695
0.006121303143
0.006145455203
0.006171832624
0.006203890117
0.006242660151
0.006291875093
0.006354068308
0.006434283287
0.006535948004
0.006666591963
0.006830974797
0.007040634228
0.007301508161
0.007637550302
0.008048697475
0.008559730748
0.009166508478
0.009896715453
0.01071583806
0.01163956876
0.01256667893
0.01348904801
0.01424588468
0.01464660309
0.01463148295
0.01445870924
0.01406919012
0.01347625513
0.01250987969
0.01150378626
0.01027814764
0.008938098168
0.00751244989
0.006107504968
0.004832066438
0.003811936593
0.002971333559
0.002281312562
0.001732555935
0.00130453558
0.001007978338
0.0008253921168
0.0007261138971
0.0006746014977
0.0006427046699
0.0006222300537
0.0006084065918
0.0006028580826
0.0006119382931
0.0006432822026
0.0006921397474
0.0007399995466
0.0007548122131
0.0007333147129
0.0006854111724
0.0006659170013
0.0006613183019
0.0006704861427
0.0006939451829
0.0007210053385
0.0007487731949
0.0007756518759
0.000802595113
0.0008246195027
0.0008352384843
0.0008410949107
0.0006788875379
0.000593713231
0.00057309972
0.0006524747921
0.007229610493
0.007248583858
0.007289612668
0.007314980376
0.007374183209
0.00741259943
0.007499379422
0.007563997903
0.007673992962
0.00779874619
0.007976952946
0.008207538111
0.008503493838
0.008880644826
0.009358393912
0.009942354428
0.0106518748
0.01147989564
0.01243323351
0.01344433742
0.01447107823
0.01538132219
0.01599107485
0.01608215475
0.01580174998
0.01524614205
0.01461593762
0.01386364188
0.01275321091
0.01170602683
0.01044126465
0.008990814283
0.007424919369
0.005883533049
0.004554915184
0.003508501683
0.002653252758
0.00197971921
0.001459469037
0.001106561413
0.0009043807147
0.0008061275394
0.0007510744839
0.0007130506842
0.0006919205492
0.0006802161847
0.0006799540753
0.0006912440843
0.0007166971068
0.0007568342014
0.0008073056344
0.0008501779987
0.0008632924251
0.0008491967835
0.0008143647531
0.0007894390911
0.0007826488132
0.0007875219774
0.0008090872167
0.0008369220478
0.0008698006487
0.0009067878743
0.0009488195446
0.000993252699
0.001034271779
0.001057347511
0.0007644704378
0.0006892095411
0.0006819111892
0.0009359775229
0.007975143476
0.008013726235
0.008059588948
0.00811105911
0.008182276631
0.008253485766
0.008376366115
0.008478117635
0.008704955327
0.008868092971
0.009233895794
0.009488122389
0.009988356462
0.0104389884
0.01110325102
0.01190983
0.01285973112
0.01393405706
0.01504111829
0.01618335872
0.01712171147
0.0176561602
0.01757022837
0.01698856124
0.01600620458
0.01502829149
0.01407667651
0.01292267777
0.01190854145
0.01065010668
0.009152886438
0.007515403953
0.005895806649
0.004502181072
0.003388760906
0.002511671705
0.001846943783
0.001370910162
0.001083120606
0.0009202465088
0.0008448212033
0.0007966510074
0.0007641443487
0.0007448277037
0.0007394486508
0.0007463098061
0.0007600936872
0.0007845448126
0.000823974202
0.0008714234966
0.0009086789579
0.0009275933753
0.0009222129245
0.0008943915169
0.0008639682516
0.0008499471793
0.0008481926903
0.0008650574399
0.0008970675036
0.0009423283044
0.001002815113
0.001080005762
0.001173478379
0.001279245307
0.001356412828
0.0008238970559
0.0007435081332
0.0007387303451
0.001075943288
0.008748107737
0.008810543876
0.008886227596
0.008980591687
0.009098593219
0.009247634939
0.009436778703
0.009677134756
0.009982865028
0.01036419892
0.01080631322
0.01134515395
0.01204424614
0.01288516033
0.01400162983
0.01518608834
0.01642843514
0.01761332393
0.01855319266
0.01896075189
0.01874621311
0.01780514581
0.0164364544
0.01506152946
0.01393172599
0.01276107422
0.0118204755
0.0106081607
0.009107432999
0.007444463836
0.005794644131
0.004389343662
0.003276707012
0.002429073235
0.001790289294
0.001351176645
0.001092060534
0.0009515279763
0.0008762694279
0.0008246840378
0.0007911361371
0.0007686313315
0.0007598815289
0.0007623764721
0.0007717184863
0.0007901372755
0.0008211911362
0.0008612420047
0.0009033445203
0.0009320782562
0.0009389517738
0.0009220676945
0.0008894586236
0.000852716828
0.0008262701944
0.0008186499765
0.0008334446938
0.0008712533684
0.0009337523878
0.001023098017
0.001140897599
0.00128404379
0.001415268765
0.0008002644463
0.0007270259461
0.0007340669094
0.00940308792
0.009485980154
0.009588680331
0.009716228186
0.009876723431
0.01008014116
0.01033878488
0.01066793654
0.01108526029
0.01161068881
0.01226445646
0.01298397432
0.01373886318
0.01497318164
0.01629206485
0.01769137682
0.01893194066
0.01989772701
0.02020201111
0.01980090801
0.01850330404
0.01674325555
0.01489579604
0.01358776381
0.01250134025
0.01169776785
0.01057515065
0.009113968432
0.007463852102
0.005837645514
0.004448626889
0.003348255371
0.002504360544
0.001870361249
0.001434604291
0.001166086181
0.0010237165
0.0009445505113
0.0008824749517
0.0008430493283
0.0008149723569
0.0007967408959
0.0007898171883
0.0007932882574
0.0008056207607
0.0008270156066
0.0008594027234
0.0008978972627
0.0009329803947
0.0009528609901
0.0009531391239
0.0009301353983
0.0008916641736
0.0008471496261
0.0008115891773
0.0007961608339
0.0008076247407
0.0008537471595
0.0009337158427
0.00105033852
0.001200794102
0.001351119349
0.000757109385
0.0006925962309
0.0007029614006
0.009994704041
0.01010551539
0.01024236254
0.01041359232
0.0106300211
0.01090458084
0.01125482242
0.0116980663
0.01225989535
0.01296409249
0.01378325813
0.01462077159
0.0158199803
0.01725577202
0.01879983407
0.02010687951
0.02113046425
0.02134781893
0.02074143553
0.0191626932
0.01706429934
0.0147768948
0.01320595442
0.0121728918
0.01152251032
0.01052155927
0.009126892879
0.007502854455
0.005902138801
0.004527860593
0.003453006785
0.002617905813
0.001990032274
0.001543229065
0.001261547663
0.001094446984
0.001006739411
0.0009384334293
0.0008874980908
0.01050688828
0.01065365405
0.01083639116
0.01106622872
0.01135714397
0.01172704371
0.01219696161
0.01279477632
0.01355227631
0.01442854271
0.01537402289
0.01654618797
0.01808495792
0.01975306745
0.02112918471
0.0222149402
0.02239480267
0.02159700777
0.01979941477
0.01732982964
0.01464121763
0.01274635978
0.0117662961
0.01130893122
0.0104756158
0.009169500268
0.007581501681
0.00601833228
0.004672470537
0.003617571929
0.002788650374
0.002154376743
0.001690217496
0.01078503808
0.01094118032
0.01113442511
0.01137600676
0.01168124591
0.0120686411
0.01256376277
0.01319740603
0.01400846275
0.01493026354
0.01597783031
0.01712405274
0.01878959532
0.02056495597
0.02203731001
0.02317312784
0.0233109751
0.02233924638
0.02036297546
0.01756767349
0.01454270256
0.01229700536
0.01131140483
0.01101967475
0.01043948734
0.00922876162
0.007674778922
0.00614826118
0.004825579082
0.003789171236
0.002973811529
0.01110896676
0.01131189258
0.01156476994
0.0118825048
0.01228713168
0.01280766766
0.01347449574
0.01432533405
0.01529446421
0.01642531804
0.01758834242
0.01935832153
0.02124673523
0.02279755959
0.02406120692
0.0240935138
0.02301339108
0.02087434756
0.01783764338
0.01452702242
0.01190062162
0.01080186771
0.01064045013
0.01036732148
0.009259408853
0.00774719547
0.006253895595
0.00496011924
0.01135391919
0.01161536409
0.01194493959
0.01236717784
0.01290728109
0.01360490508
0.01448534158
0.01549374179
0.01670565556
0.01788870387
0.01977121957
0.02177104545
0.02340678201
0.02481460434
0.02477231957
0.02360734634
0.02129985915
0.0180449739
0.0144748915
0.01150962143
0.0102290103
0.01026727309
0.0102584568
0.009271844972
0.007823255306
0.006366719075
0.01159060998
0.01193129849
0.01236619714
0.01291986405
0.01363807663
0.01454216295
0.01558498952
0.01687145869
0.01807276239
0.02006202507
0.02218478527
0.02391066126
0.02549361518
0.02537845037
0.02411476923
0.02164825665
0.01819144061
0.01439366389
0.01116831472
0.009619098391
0.009846751475
0.01007660423
0.009270261992
0.01174368982
0.01218299598
0.01274432949
0.01346842763
0.01438819804
0.01544987512
0.01679833484
0.01800772532
0.02010584859
0.02231968143
0.02426932898
0.02594069398
0.0258076503
0.02446741575
0.02187290461
0.0182650712
0.01438068263
0.01091789127
0.009047561806
0.009421270279
0.009860956335
0.01154600583
0.01198907698
0.01255785122
0.01328957176
0.01422253721
0.01529904684
0.01670341903
0.0179232718
0.02010853538
0.0223974775
0.02461116051
0.02636135164
0.02619705288
0.02474988087
0.02201956271
0.01827973
0.01437256052
0.01071505781
0.008559939616
0.01144548904
0.01200377979
0.01272243149
0.01364471251
0.01470813651
0.01612076586
0.01735117623
0.01959391152
0.02198477685
0.02442334806
0.02637706338
0.02627590001
)
;
    }
    disalan
    {
        type            freestream;
        freestreamValue uniform 1.5e-06;
        value           nonuniform List<scalar> 
1425
(
1.5e-06
1.5e-06
1.5e-06
1.5e-06
1.5e-06
1.5e-06
1.5e-06
1.5e-06
1.5e-06
1.5e-06
1.5e-06
1.5e-06
1.5e-06
1.5e-06
1.5e-06
1.5e-06
1.5e-06
1.5e-06
1.5e-06
1.5e-06
1.5e-06
1.5e-06
1.5e-06
1.5e-06
1.5e-06
1.5e-06
1.5e-06
1.5e-06
1.5e-06
1.5e-06
1.5e-06
1.5e-06
1.5e-06
1.5e-06
1.5e-06
1.5e-06
1.5e-06
1.5e-06
1.5e-06
1.5e-06
1.5e-06
1.5e-06
1.5e-06
1.5e-06
1.5e-06
1.5e-06
1.5e-06
1.5e-06
1.5e-06
6.456634429e-07
6.384773303e-07
6.315225346e-07
6.246918071e-07
6.179799795e-07
6.113830778e-07
6.048970408e-07
5.985187381e-07
5.922444339e-07
5.860715077e-07
5.799963677e-07
5.740169971e-07
5.681300078e-07
5.623336231e-07
5.566245116e-07
5.511338484e-07
5.457398691e-07
5.404409872e-07
5.352337563e-07
5.301151093e-07
5.250833447e-07
5.201373952e-07
5.15274034e-07
1.5e-06
1.5e-06
1.5e-06
1.5e-06
1.5e-06
1.5e-06
1.5e-06
1.5e-06
1.5e-06
1.5e-06
1.5e-06
1.5e-06
1.5e-06
1.5e-06
1.5e-06
1.5e-06
1.5e-06
1.5e-06
1.5e-06
1.5e-06
1.5e-06
1.5e-06
1.5e-06
1.5e-06
1.5e-06
1.5e-06
1.5e-06
1.5e-06
1.5e-06
1.5e-06
1.5e-06
1.5e-06
1.5e-06
1.5e-06
1.5e-06
1.5e-06
1.5e-06
1.5e-06
1.5e-06
1.5e-06
1.5e-06
1.5e-06
1.5e-06
1.5e-06
1.5e-06
1.5e-06
1.5e-06
1.5e-06
1.5e-06
6.452097405e-07
6.380358069e-07
6.311000664e-07
6.242877862e-07
6.175939263e-07
6.110144843e-07
6.045455151e-07
5.981839446e-07
5.9192608e-07
5.85769362e-07
5.797101791e-07
5.737465644e-07
5.678751463e-07
5.620941634e-07
5.564002933e-07
5.509224749e-07
5.455409287e-07
5.402540917e-07
5.350585302e-07
5.29951468e-07
5.249309508e-07
5.199959212e-07
5.151431637e-07
1.5e-06
1.5e-06
1.5e-06
1.5e-06
1.5e-06
1.5e-06
1.5e-06
1.5e-06
1.5e-06
1.5e-06
1.5e-06
1.5e-06
1.5e-06
1.5e-06
1.5e-06
1.5e-06
1.5e-06
1.5e-06
1.5e-06
1.5e-06
1.5e-06
1.5e-06
1.5e-06
1.5e-06
1.5e-06
1.5e-06
1.5e-06
1.5e-06
1.5e-06
1.5e-06
1.5e-06
1.5e-06
1.5e-06
1.5e-06
1.5e-06
1.5e-06
1.5e-06
1.5e-06
1.5e-06
1.5e-06
1.5e-06
1.5e-06
1.5e-06
1.5e-06
1.5e-06
1.5e-06
1.5e-06
1.5e-06
1.5e-06
6.466446811e-07
6.394626641e-07
6.325252708e-07
6.257106746e-07
6.190141098e-07
6.124316923e-07
6.059595706e-07
5.995947738e-07
5.933336288e-07
5.871736508e-07
5.811111889e-07
5.75144331e-07
5.692696782e-07
5.634855156e-07
5.577884713e-07
5.52305736e-07
5.469191392e-07
5.416271822e-07
5.364263853e-07
5.313142474e-07
5.262885584e-07
5.213483184e-07
5.164902611e-07
1.5e-06
1.5e-06
1.5e-06
1.5e-06
1.5e-06
1.5e-06
1.5e-06
1.5e-06
1.5e-06
1.5e-06
1.5e-06
1.5e-06
1.5e-06
1.5e-06
1.5e-06
1.5e-06
1.5e-06
1.5e-06
1.5e-06
1.5e-06
1.5e-06
1.5e-06
1.5e-06
1.5e-06
1.5e-06
1.5e-06
1.5e-06
1.5e-06
1.5e-06
1.5e-06
1.5e-06
1.5e-06
1.5e-06
1.5e-06
1.5e-06
1.5e-06
1.5e-06
1.5e-06
1.5e-06
1.5e-06
1.5e-06
1.5e-06
1.5e-06
1.5e-06
1.5e-06
1.5e-06
1.5e-06
1.5e-06
1.5e-06
6.462964758e-07
6.391322458e-07
6.322147221e-07
6.254172311e-07
6.187361066e-07
6.121680788e-07
6.057095852e-07
5.993578833e-07
5.931094213e-07
5.869617892e-07
5.809113928e-07
5.749563259e-07
5.690932323e-07
5.633204109e-07
5.576345078e-07
5.521608014e-07
5.467829255e-07
5.414993927e-07
5.363067419e-07
5.312026567e-07
5.261847738e-07
5.212520921e-07
5.16401364e-07
1.5e-06
1.5e-06
1.5e-06
1.5e-06
1.5e-06
1.5e-06
1.5e-06
1.5e-06
1.5e-06
1.5e-06
1.5e-06
1.5e-06
1.5e-06
1.5e-06
1.5e-06
1.5e-06
1.5e-06
1.5e-06
1.5e-06
1.5e-06
1.5e-06
1.5e-06
1.5e-06
1.5e-06
1.5e-06
1.5e-06
1.5e-06
1.5e-06
1.5e-06
1.5e-06
1.5e-06
1.5e-06
1.5e-06
1.5e-06
1.5e-06
1.5e-06
1.5e-06
1.5e-06
1.5e-06
1.5e-06
1.5e-06
1.5e-06
1.5e-06
1.5e-06
1.5e-06
1.5e-06
1.5e-06
1.5e-06
1.5e-06
6.440812701e-07
6.36936771e-07
6.300491819e-07
6.232835436e-07
6.166350481e-07
6.100998753e-07
6.036741015e-07
5.973548798e-07
5.911386026e-07
5.850228354e-07
5.790040049e-07
5.730801746e-07
5.672480207e-07
5.61505849e-07
5.558503231e-07
5.504044536e-07
5.450537977e-07
5.397968847e-07
5.346302799e-07
5.295518444e-07
5.245590818e-07
5.196509954e-07
5.148243634e-07
1.5e-06
1.5e-06
1.5e-06
1.5e-06
1.5e-06
1.5e-06
1.5e-06
1.5e-06
1.5e-06
1.5e-06
1.5e-06
1.5e-06
1.5e-06
1.5e-06
1.5e-06
1.5e-06
1.5e-06
1.5e-06
1.5e-06
1.5e-06
1.5e-06
1.5e-06
1.5e-06
1.5e-06
1.5e-06
1.5e-06
1.5e-06
1.5e-06
1.5e-06
1.5e-06
1.5e-06
1.5e-06
1.5e-06
1.5e-06
1.5e-06
1.5e-06
1.5e-06
1.5e-06
1.5e-06
1.5e-06
1.5e-06
1.5e-06
1.5e-06
1.5e-06
1.5e-06
1.5e-06
1.5e-06
1.5e-06
1.5e-06
6.438655059e-07
6.367271898e-07
6.298511429e-07
6.230963838e-07
6.164581803e-07
6.099328035e-07
6.035163161e-07
5.972059467e-07
5.90998125e-07
5.848904452e-07
5.788793742e-07
5.729629688e-07
5.671379435e-07
5.614026207e-07
5.557536832e-07
5.503127431e-07
5.449668232e-07
5.397144615e-07
5.345522358e-07
5.294781279e-07
5.244895443e-07
5.195854871e-07
1.5e-06
1.5e-06
1.5e-06
1.5e-06
1.5e-06
1.5e-06
1.5e-06
1.5e-06
1.5e-06
1.5e-06
1.5e-06
1.5e-06
1.5e-06
1.5e-06
1.5e-06
1.5e-06
1.5e-06
1.5e-06
1.5e-06
1.5e-06
1.5e-06
1.5e-06
1.5e-06
1.5e-06
1.5e-06
1.5e-06
1.5e-06
1.5e-06
1.5e-06
1.5e-06
1.5e-06
1.5e-06
1.5e-06
1.5e-06
1.5e-06
1.5e-06
1.5e-06
1.5e-06
1.5e-06
1.5e-06
1.5e-06
1.5e-06
1.5e-06
1.5e-06
1.5e-06
1.5e-06
1.5e-06
1.5e-06
1.5e-06
6.436808905e-07
6.365479525e-07
6.296823221e-07
6.229373322e-07
6.163083229e-07
6.09791649e-07
6.033833626e-07
5.970807624e-07
5.908803157e-07
5.847796425e-07
5.787752505e-07
5.728651894e-07
5.670462133e-07
5.613166578e-07
5.556732277e-07
5.502363093e-07
5.448942467e-07
5.396455815e-07
5.34486907e-07
5.294163026e-07
5.244310985e-07
5.195302918e-07
1.5e-06
1.5e-06
1.5e-06
1.5e-06
1.5e-06
1.5e-06
1.5e-06
1.5e-06
1.5e-06
1.5e-06
1.5e-06
1.5e-06
1.5e-06
1.5e-06
1.5e-06
1.5e-06
1.5e-06
1.5e-06
1.5e-06
1.5e-06
1.5e-06
1.5e-06
1.5e-06
1.5e-06
1.5e-06
1.5e-06
1.5e-06
1.5e-06
1.5e-06
1.5e-06
1.5e-06
1.5e-06
1.5e-06
1.5e-06
1.5e-06
1.5e-06
1.5e-06
1.5e-06
1.5e-06
1.5e-06
1.5e-06
1.5e-06
1.5e-06
1.5e-06
1.5e-06
1.5e-06
1.5e-06
1.5e-06
1.5e-06
6.454646756e-07
6.383240611e-07
6.314511963e-07
6.246958391e-07
6.180546078e-07
6.115245582e-07
6.051020845e-07
5.987847143e-07
5.925690682e-07
5.864528146e-07
5.804325538e-07
5.745063109e-07
5.686709237e-07
5.629247049e-07
5.572644275e-07
5.518100904e-07
5.464508547e-07
5.411852078e-07
5.36009797e-07
5.309227122e-07
5.25921275e-07
5.210044197e-07
1.5e-06
1.5e-06
1.5e-06
1.5e-06
1.5e-06
1.5e-06
1.5e-06
1.5e-06
1.5e-06
1.5e-06
1.5e-06
1.5e-06
1.5e-06
1.5e-06
1.5e-06
1.5e-06
1.5e-06
1.5e-06
1.5e-06
1.5e-06
1.5e-06
1.5e-06
1.5e-06
1.5e-06
1.5e-06
1.5e-06
1.5e-06
1.5e-06
1.5e-06
1.5e-06
1.5e-06
1.5e-06
1.5e-06
1.5e-06
1.5e-06
1.5e-06
1.5e-06
1.5e-06
1.5e-06
1.5e-06
1.5e-06
1.5e-06
1.5e-06
1.5e-06
1.5e-06
1.5e-06
1.5e-06
1.5e-06
1.5e-06
6.452955229e-07
6.381596319e-07
6.312960253e-07
6.245493914e-07
6.179164051e-07
6.113941752e-07
6.049791082e-07
5.986687593e-07
5.924597986e-07
5.863499025e-07
5.803357214e-07
5.744152544e-07
5.685853926e-07
5.628444403e-07
5.571892109e-07
5.517389093e-07
5.46383561e-07
5.411216336e-07
5.359498116e-07
5.308662363e-07
5.258681975e-07
5.209546011e-07
1.5e-06
1.5e-06
1.5e-06
1.5e-06
1.5e-06
1.5e-06
1.5e-06
1.5e-06
1.5e-06
1.5e-06
1.5e-06
1.5e-06
1.5e-06
1.5e-06
1.5e-06
1.5e-06
1.5e-06
1.5e-06
1.5e-06
1.5e-06
1.5e-06
1.5e-06
1.5e-06
1.5e-06
1.5e-06
1.5e-06
1.5e-06
1.5e-06
1.5e-06
1.5e-06
1.5e-06
1.5e-06
1.5e-06
1.5e-06
1.5e-06
1.5e-06
1.5e-06
1.5e-06
1.5e-06
1.5e-06
1.5e-06
1.5e-06
1.5e-06
1.5e-06
1.5e-06
1.5e-06
1.5e-06
1.5e-06
1.5e-06
6.431755144e-07
6.360569147e-07
6.292190315e-07
6.225000903e-07
6.15895625e-07
6.094021702e-07
6.03015831e-07
5.967339917e-07
5.905532618e-07
5.844713052e-07
5.784847615e-07
5.725916278e-07
5.66788795e-07
5.610746011e-07
5.554458458e-07
5.500204632e-07
5.446894948e-07
5.394514539e-07
5.343030132e-07
5.292424338e-07
5.242669199e-07
5.193754184e-07
1.5e-06
1.5e-06
1.5e-06
1.5e-06
1.5e-06
1.5e-06
1.5e-06
1.5e-06
1.5e-06
1.5e-06
1.5e-06
1.5e-06
1.5e-06
1.5e-06
1.5e-06
1.5e-06
1.5e-06
1.5e-06
1.5e-06
1.5e-06
1.5e-06
1.5e-06
1.5e-06
1.5e-06
1.5e-06
1.5e-06
1.5e-06
1.5e-06
1.5e-06
1.5e-06
1.5e-06
1.5e-06
1.5e-06
1.5e-06
1.5e-06
1.5e-06
1.5e-06
1.5e-06
1.5e-06
1.5e-06
1.5e-06
1.5e-06
1.5e-06
1.5e-06
1.5e-06
1.5e-06
1.5e-06
1.5e-06
1.5e-06
6.429433274e-07
6.358302681e-07
6.290020544e-07
6.222924802e-07
6.156971123e-07
6.09212513e-07
6.028348359e-07
5.965614386e-07
5.90388974e-07
5.843151205e-07
5.783365412e-07
5.724512209e-07
5.666560716e-07
5.609494383e-07
5.553281277e-07
5.499093502e-07
5.445847773e-07
5.393529308e-07
5.342104925e-07
5.291557897e-07
5.241859786e-07
5.193000101e-07
1.5e-06
1.5e-06
1.5e-06
1.5e-06
1.5e-06
1.5e-06
1.5e-06
1.5e-06
1.5e-06
1.5e-06
1.5e-06
1.5e-06
1.5e-06
1.5e-06
1.5e-06
1.5e-06
1.5e-06
1.5e-06
1.5e-06
1.5e-06
1.5e-06
1.5e-06
1.5e-06
1.5e-06
1.5e-06
1.5e-06
1.5e-06
1.5e-06
1.5e-06
1.5e-06
1.5e-06
1.5e-06
1.5e-06
1.5e-06
1.5e-06
1.5e-06
1.5e-06
1.5e-06
1.5e-06
1.5e-06
1.5e-06
1.5e-06
1.5e-06
1.5e-06
1.5e-06
1.5e-06
1.5e-06
1.5e-06
1.5e-06
6.446494285e-07
6.375298529e-07
6.306948097e-07
6.23975672e-07
6.173692724e-07
6.108728417e-07
6.044829231e-07
5.981970241e-07
5.920119375e-07
5.859253941e-07
5.799341092e-07
5.740360544e-07
5.682281769e-07
5.625088147e-07
5.568747907e-07
5.51443184e-07
5.461059111e-07
5.408614794e-07
5.357065865e-07
5.306395887e-07
5.256576159e-07
5.207596002e-07
1.5e-06
1.5e-06
1.5e-06
1.5e-06
1.5e-06
1.5e-06
1.5e-06
1.5e-06
1.5e-06
1.5e-06
1.5e-06
1.5e-06
1.5e-06
1.5e-06
1.5e-06
1.5e-06
1.5e-06
1.5e-06
1.5e-06
1.5e-06
1.5e-06
1.5e-06
1.5e-06
1.5e-06
1.5e-06
1.5e-06
1.5e-06
1.5e-06
1.5e-06
1.5e-06
1.5e-06
1.5e-06
1.5e-06
1.5e-06
1.5e-06
1.5e-06
1.5e-06
1.5e-06
1.5e-06
1.5e-06
1.5e-06
1.5e-06
1.5e-06
1.5e-06
1.5e-06
1.5e-06
1.5e-06
1.5e-06
1.5e-06
6.444706792e-07
6.37347133e-07
6.305159587e-07
6.238025869e-07
6.172028829e-07
6.107135717e-07
6.043309398e-07
5.980523324e-07
5.918744828e-07
5.857951073e-07
5.798108989e-07
5.739198265e-07
5.681188243e-07
5.624062575e-07
5.567789232e-07
5.513534085e-07
5.460220177e-07
5.407832975e-07
5.356339209e-07
5.305723286e-07
5.255955814e-07
5.207026493e-07
1.5e-06
1.5e-06
1.5e-06
1.5e-06
1.5e-06
1.5e-06
1.5e-06
1.5e-06
1.5e-06
1.5e-06
1.5e-06
1.5e-06
1.5e-06
1.5e-06
1.5e-06
1.5e-06
1.5e-06
1.5e-06
1.5e-06
1.5e-06
1.5e-06
1.5e-06
1.5e-06
1.5e-06
1.5e-06
1.5e-06
1.5e-06
1.5e-06
1.5e-06
1.5e-06
1.5e-06
1.5e-06
1.5e-06
1.5e-06
1.5e-06
1.5e-06
1.5e-06
1.5e-06
1.5e-06
1.5e-06
1.5e-06
1.5e-06
1.5e-06
1.5e-06
1.5e-06
1.5e-06
1.5e-06
1.5e-06
1.5e-06
6.442493127e-07
6.371306868e-07
6.303081018e-07
6.236031813e-07
6.170118429e-07
6.105308197e-07
6.041564379e-07
5.978860079e-07
5.917162999e-07
5.856450261e-07
5.796689046e-07
5.73785877e-07
5.679929022e-07
5.622883296e-07
5.566689729e-07
5.512508885e-07
5.459267132e-07
5.406949834e-07
5.355523993e-07
5.304974306e-07
5.255271264e-07
5.206404408e-07
1.5e-06
1.5e-06
1.5e-06
1.5e-06
1.5e-06
1.5e-06
1.5e-06
1.5e-06
1.5e-06
1.5e-06
1.5e-06
1.5e-06
1.5e-06
1.5e-06
1.5e-06
1.5e-06
1.5e-06
1.5e-06
1.5e-06
1.5e-06
1.5e-06
1.5e-06
1.5e-06
1.5e-06
1.5e-06
1.5e-06
1.5e-06
1.5e-06
1.5e-06
1.5e-06
1.5e-06
1.5e-06
1.5e-06
1.5e-06
1.5e-06
1.5e-06
1.5e-06
1.5e-06
1.5e-06
1.5e-06
1.5e-06
1.5e-06
1.5e-06
1.5e-06
1.5e-06
1.5e-06
1.5e-06
1.5e-06
1.5e-06
6.440940587e-07
6.369877972e-07
6.301766119e-07
6.234805365e-07
6.168966015e-07
6.104221233e-07
6.040537616e-07
5.977889666e-07
5.916246253e-07
5.855585065e-07
5.795873699e-07
5.737091625e-07
5.679208668e-07
5.622208436e-07
5.566059144e-07
5.511918643e-07
5.458715822e-07
5.406436119e-07
5.355046592e-07
5.304532327e-07
5.254863561e-07
5.206029875e-07
1.5e-06
1.5e-06
1.5e-06
1.5e-06
1.5e-06
1.5e-06
1.5e-06
1.5e-06
1.5e-06
1.5e-06
1.5e-06
1.5e-06
1.5e-06
1.5e-06
1.5e-06
1.5e-06
1.5e-06
1.5e-06
1.5e-06
1.5e-06
1.5e-06
1.5e-06
1.5e-06
1.5e-06
1.5e-06
1.5e-06
1.5e-06
1.5e-06
1.5e-06
1.5e-06
1.5e-06
1.5e-06
1.5e-06
1.5e-06
1.5e-06
1.5e-06
1.5e-06
1.5e-06
1.5e-06
1.5e-06
1.5e-06
1.5e-06
1.5e-06
1.5e-06
1.5e-06
1.5e-06
1.5e-06
1.5e-06
1.5e-06
6.439822882e-07
6.368703237e-07
6.300609294e-07
6.233687554e-07
6.167898206e-07
6.103208967e-07
6.039583755e-07
5.976995277e-07
5.915411819e-07
5.854810685e-07
5.795159357e-07
5.736437063e-07
5.678613666e-07
5.621672737e-07
5.565582488e-07
5.511497759e-07
5.458348946e-07
5.406121547e-07
5.354782692e-07
5.30431783e-07
5.254696976e-07
5.205909741e-07
1.5e-06
1.5e-06
1.5e-06
1.5e-06
1.5e-06
1.5e-06
1.5e-06
1.5e-06
1.5e-06
1.5e-06
1.5e-06
1.5e-06
1.5e-06
1.5e-06
1.5e-06
1.5e-06
1.5e-06
1.5e-06
1.5e-06
1.5e-06
1.5e-06
1.5e-06
1.5e-06
1.5e-06
1.5e-06
1.5e-06
1.5e-06
1.5e-06
1.5e-06
1.5e-06
1.5e-06
1.5e-06
1.5e-06
1.5e-06
1.5e-06
1.5e-06
1.5e-06
1.5e-06
1.5e-06
1.5e-06
1.5e-06
1.5e-06
1.5e-06
1.5e-06
1.5e-06
1.5e-06
1.5e-06
1.5e-06
1.5e-06
6.418026526e-07
6.347157399e-07
6.279344951e-07
6.212706263e-07
6.147199784e-07
6.082792409e-07
6.019447612e-07
5.957137803e-07
5.895831133e-07
5.835505134e-07
5.776127138e-07
5.717676584e-07
5.660123109e-07
5.603450672e-07
5.547627148e-07
5.49380024e-07
5.440903824e-07
5.388923972e-07
5.337827544e-07
5.287600868e-07
5.238213373e-07
5.189655227e-07
1.5e-06
1.5e-06
1.5e-06
1.5e-06
1.5e-06
1.5e-06
1.5e-06
1.5e-06
1.5e-06
1.5e-06
1.5e-06
1.5e-06
1.5e-06
1.5e-06
1.5e-06
1.5e-06
1.5e-06
1.5e-06
1.5e-06
1.5e-06
1.5e-06
1.5e-06
1.5e-06
1.5e-06
1.5e-06
1.5e-06
1.5e-06
1.5e-06
1.5e-06
1.5e-06
1.5e-06
1.5e-06
1.5e-06
1.5e-06
1.5e-06
1.5e-06
1.5e-06
1.5e-06
1.5e-06
1.5e-06
1.5e-06
1.5e-06
1.5e-06
1.5e-06
1.5e-06
1.5e-06
1.5e-06
1.5e-06
1.5e-06
6.417344723e-07
6.346493646e-07
6.278725389e-07
6.21212703e-07
6.146657662e-07
6.082284338e-07
6.018970994e-07
5.95668981e-07
5.89540942e-07
5.835107328e-07
5.77575126e-07
5.717320424e-07
5.659784898e-07
5.603128499e-07
5.547319494e-07
5.49350569e-07
5.440621862e-07
5.388653803e-07
5.337568738e-07
5.287352895e-07
5.237975901e-07
5.189427596e-07
1.5e-06
1.5e-06
1.5e-06
1.5e-06
1.5e-06
1.5e-06
1.5e-06
1.5e-06
1.5e-06
1.5e-06
1.5e-06
1.5e-06
1.5e-06
1.5e-06
1.5e-06
1.5e-06
1.5e-06
1.5e-06
1.5e-06
1.5e-06
1.5e-06
1.5e-06
1.5e-06
1.5e-06
1.5e-06
1.5e-06
1.5e-06
1.5e-06
1.5e-06
1.5e-06
1.5e-06
1.5e-06
1.5e-06
1.5e-06
1.5e-06
1.5e-06
1.5e-06
1.5e-06
1.5e-06
1.5e-06
1.5e-06
1.5e-06
1.5e-06
1.5e-06
1.5e-06
1.5e-06
1.5e-06
1.5e-06
1.5e-06
6.416868275e-07
6.346156565e-07
6.278493678e-07
6.211965901e-07
6.146547559e-07
6.082213735e-07
6.018932885e-07
5.95667925e-07
5.895422968e-07
5.835142223e-07
5.775805296e-07
5.717391444e-07
5.659871089e-07
5.603228075e-07
5.547430879e-07
5.49362805e-07
5.440754378e-07
5.388795593e-07
5.337719104e-07
5.287511238e-07
5.238141635e-07
5.18960004e-07
1.5e-06
1.5e-06
1.5e-06
1.5e-06
1.5e-06
1.5e-06
1.5e-06
1.5e-06
1.5e-06
1.5e-06
1.5e-06
1.5e-06
1.5e-06
1.5e-06
1.5e-06
1.5e-06
1.5e-06
1.5e-06
1.5e-06
1.5e-06
1.5e-06
1.5e-06
1.5e-06
1.5e-06
1.5e-06
1.5e-06
1.5e-06
1.5e-06
1.5e-06
1.5e-06
1.5e-06
1.5e-06
1.5e-06
1.5e-06
1.5e-06
1.5e-06
1.5e-06
1.5e-06
1.5e-06
1.5e-06
1.5e-06
1.5e-06
1.5e-06
1.5e-06
1.5e-06
1.5e-06
1.5e-06
1.5e-06
1.5e-06
6.440521671e-07
6.369663242e-07
6.301709922e-07
6.234714888e-07
6.168660614e-07
6.103527282e-07
6.039296183e-07
5.975946498e-07
5.913466229e-07
5.851840022e-07
5.791053058e-07
5.731087589e-07
5.671934145e-07
5.613579722e-07
5.556011795e-07
5.500497048e-07
5.44602258e-07
5.392560757e-07
5.340084926e-07
5.288565984e-07
5.237982358e-07
5.188310133e-07
)
;
    }
    cikis
    {
        type            zeroGradient;
    }
    kok
    {
        type            symmetryPlane;
    }
    uc
    {
        type            freestream;
        freestreamValue uniform 1.5e-06;
        value           nonuniform List<scalar> 
1178
(
3.485484489e-07
3.584371606e-07
3.71035417e-07
3.877353158e-07
4.098300312e-07
4.396847316e-07
4.819284449e-07
5.434909791e-07
6.402623332e-07
8.060855488e-07
1.135389091e-06
3.226802175e-07
3.23572532e-07
3.254811216e-07
3.284976215e-07
3.308772054e-07
3.354723369e-07
3.406907719e-07
3.485487248e-07
3.583884924e-07
3.709632487e-07
3.876778672e-07
4.097293309e-07
4.395977272e-07
4.818569623e-07
5.434070029e-07
6.400677266e-07
8.058933544e-07
1.13522677e-06
3.360253355e-07
3.280813244e-07
3.241792819e-07
3.228912134e-07
3.225191321e-07
3.234381515e-07
3.253998948e-07
3.284300563e-07
3.30708576e-07
3.354230317e-07
3.406135779e-07
3.485458759e-07
3.582900354e-07
3.709165655e-07
3.876483329e-07
4.096798145e-07
4.395470155e-07
4.817199811e-07
5.432186405e-07
6.399226891e-07
8.056697602e-07
1.135044244e-06
3.575773558e-07
3.515285799e-07
3.454979321e-07
3.358881733e-07
3.279227163e-07
3.240410077e-07
3.227753008e-07
3.224124277e-07
3.233418693e-07
3.253203803e-07
3.2832852e-07
3.306241015e-07
3.353193732e-07
3.405504875e-07
3.485416296e-07
3.582382356e-07
3.708657361e-07
3.875794778e-07
4.095658713e-07
4.394313788e-07
4.81609229e-07
5.4312703e-07
6.397073094e-07
8.054325993e-07
1.134847875e-06
3.574937067e-07
3.512843497e-07
3.452259989e-07
3.357514355e-07
3.277631266e-07
3.239036556e-07
3.226344395e-07
3.222722043e-07
3.232320444e-07
3.252636093e-07
3.282375965e-07
3.304498516e-07
3.352811879e-07
3.404978397e-07
3.485201457e-07
3.581243019e-07
3.708147683e-07
3.875368135e-07
4.095153056e-07
4.393753692e-07
4.81480516e-07
5.429022406e-07
6.395165728e-07
8.051771011e-07
1.134616479e-06
3.574280189e-07
3.51061526e-07
3.450475197e-07
3.35593633e-07
3.276456781e-07
3.238022243e-07
3.225366546e-07
3.221851455e-07
3.231655192e-07
3.252075323e-07
3.280821443e-07
3.303722882e-07
3.351950323e-07
3.404273218e-07
3.485115381e-07
3.5807318e-07
3.707792939e-07
3.874628251e-07
4.093864338e-07
4.39234265e-07
4.813273643e-07
5.427896097e-07
6.392851916e-07
8.048942759e-07
1.134373448e-06
3.575066285e-07
3.508946053e-07
3.4486056e-07
3.354201153e-07
3.27515281e-07
3.237197196e-07
3.224373053e-07
3.220646507e-07
3.230702105e-07
3.251419129e-07
3.279539119e-07
3.302033458e-07
3.351552913e-07
3.403851552e-07
3.484707391e-07
3.579516479e-07
3.707200881e-07
3.873965117e-07
4.09333792e-07
4.391721182e-07
4.812065919e-07
5.425388998e-07
6.390473202e-07
8.046019634e-07
1.13409586e-06
3.573536826e-07
3.507724273e-07
3.447071479e-07
3.352240859e-07
3.274535856e-07
3.237086401e-07
3.223679854e-07
3.22003643e-07
3.230239939e-07
3.250814057e-07
3.277421336e-07
3.301375604e-07
3.35085552e-07
3.403073408e-07
3.484551852e-07
3.579005795e-07
3.706936291e-07
3.873226494e-07
4.091889471e-07
4.390058271e-07
4.810100916e-07
5.423957896e-07
6.388009795e-07
8.042769278e-07
1.133801615e-06
3.574235051e-07
3.507161419e-07
3.445783095e-07
3.350434307e-07
3.273936552e-07
3.237465672e-07
3.223428672e-07
3.219302525e-07
3.229370027e-07
3.249808294e-07
3.27578642e-07
3.299975634e-07
3.35031508e-07
3.402696739e-07
3.483958672e-07
3.577746021e-07
3.706255812e-07
3.872290168e-07
4.09133299e-07
4.389366017e-07
4.808953859e-07
5.421282253e-07
6.385169417e-07
8.039422773e-07
1.133484542e-06
3.573249668e-07
3.506891271e-07
3.443904655e-07
3.348457803e-07
3.274554025e-07
3.238890408e-07
3.223870678e-07
3.219303999e-07
3.228987549e-07
3.249052467e-07
3.273183101e-07
3.299528378e-07
3.349732778e-07
3.401826214e-07
3.483746967e-07
3.577238908e-07
3.706028297e-07
3.871546375e-07
4.089767516e-07
4.387428117e-07
4.8065578e-07
5.419455958e-07
6.382523138e-07
8.03578921e-07
1.133140065e-06
3.570444936e-07
3.507246428e-07
3.442237527e-07
3.347404386e-07
3.276476855e-07
3.240904506e-07
3.224759617e-07
3.219557982e-07
3.228098416e-07
3.247545683e-07
3.271151432e-07
3.298552433e-07
3.349058942e-07
3.401450683e-07
3.48298834e-07
3.575929622e-07
3.70525899e-07
3.870298199e-07
4.089076974e-07
4.38666581e-07
4.805448673e-07
5.416676838e-07
6.379254637e-07
8.031972566e-07
1.132786693e-06
3.572442243e-07
3.507192355e-07
3.440607204e-07
3.347682422e-07
3.278863293e-07
3.242839998e-07
3.225686581e-07
3.220158983e-07
3.227568068e-07
3.246533548e-07
3.268238206e-07
3.298331754e-07
3.348586661e-07
3.400506293e-07
3.48272967e-07
3.575418875e-07
3.705017058e-07
3.869520063e-07
4.087535077e-07
4.384462407e-07
4.802630554e-07
5.414383554e-07
6.376379898e-07
8.02800715e-07
1.132392679e-06
3.574425827e-07
3.506704744e-07
3.439254437e-07
3.349774281e-07
3.282133404e-07
3.244394711e-07
3.22642494e-07
3.220489485e-07
3.226521701e-07
3.244351826e-07
3.266275746e-07
3.297701665e-07
3.347620021e-07
3.400123725e-07
3.481810365e-07
3.574028583e-07
3.704127636e-07
3.867962268e-07
4.086545001e-07
4.383531099e-07
4.801521233e-07
5.411542652e-07
6.372728782e-07
8.023670652e-07
1.131998587e-06
3.572300097e-07
3.506667098e-07
3.439371498e-07
3.351907415e-07
3.284073043e-07
3.246068601e-07
3.227079561e-07
3.220765961e-07
3.225906618e-07
3.243076905e-07
3.263582745e-07
3.297515019e-07
3.34705312e-07
3.399056395e-07
3.481490104e-07
3.573494677e-07
3.703837078e-07
3.867111742e-07
4.085086232e-07
4.381166081e-07
4.798286181e-07
5.408713843e-07
6.369540007e-07
8.019367204e-07
1.131545212e-06
3.571335952e-07
3.491732701e-07
1.5e-06
1.5e-06
1.5e-06
3.247093651e-07
3.227626997e-07
3.220708329e-07
3.224465122e-07
3.240217487e-07
3.261780215e-07
3.297168445e-07
3.345671295e-07
3.398631663e-07
3.48036809e-07
3.5719799e-07
3.702796502e-07
3.865256166e-07
4.083751731e-07
4.379850447e-07
4.797107625e-07
5.405828035e-07
6.365544916e-07
8.014448369e-07
1.131102615e-06
1.5e-06
1.5e-06
1.5e-06
1.5e-06
1.5e-06
1.5e-06
3.227876281e-07
3.220537777e-07
3.222754993e-07
3.238915517e-07
3.259593416e-07
3.296866777e-07
3.344896073e-07
3.397412999e-07
3.479959206e-07
3.571392182e-07
3.702381484e-07
3.864289582e-07
4.082307347e-07
4.37742085e-07
4.793443189e-07
5.402413772e-07
6.361941207e-07
8.009795318e-07
1.13058218e-06
1.5e-06
1.5e-06
1.5e-06
1.5e-06
1.5e-06
1.5e-06
1.5e-06
3.22017289e-07
3.220486666e-07
3.235849633e-07
3.257994689e-07
3.296654427e-07
3.342944866e-07
3.396946519e-07
3.478660227e-07
3.569692345e-07
3.70114395e-07
3.862118007e-07
4.080578783e-07
4.375639154e-07
4.792147399e-07
5.399478127e-07
6.357629644e-07
8.004228345e-07
1.130080479e-06
1.5e-06
1.5e-06
1.5e-06
1.5e-06
1.5e-06
1.5e-06
1.5e-06
3.218767113e-07
3.217424524e-07
3.234580147e-07
3.256649782e-07
3.295911045e-07
3.341873408e-07
3.395568216e-07
3.477947182e-07
3.569010976e-07
3.700546747e-07
3.860963977e-07
4.079068966e-07
4.373170609e-07
4.788053184e-07
5.39541678e-07
6.353473632e-07
7.999162205e-07
1.129480277e-06
1.5e-06
1.5e-06
1.5e-06
1.5e-06
1.5e-06
1.5e-06
1.5e-06
1.5e-06
3.215557878e-07
3.231488562e-07
3.255277119e-07
3.295204365e-07
3.33925346e-07
3.395070509e-07
3.476551921e-07
3.56706464e-07
3.699031565e-07
3.858424529e-07
4.076907954e-07
4.370830046e-07
4.786449811e-07
5.392398757e-07
6.348865273e-07
7.992885328e-07
1.12891612e-06
1.5e-06
1.5e-06
1.5e-06
1.5e-06
1.5e-06
1.5e-06
1.5e-06
1.5e-06
3.212073538e-07
3.230545228e-07
3.254383958e-07
3.293506465e-07
3.337935574e-07
3.393559499e-07
3.475284035e-07
3.566245261e-07
3.698182058e-07
3.857000085e-07
4.07527087e-07
4.368316199e-07
4.781989437e-07
5.387661061e-07
6.344030017e-07
7.987375546e-07
1.128243585e-06
1.5e-06
1.5e-06
1.5e-06
1.5e-06
1.5e-06
1.5e-06
1.5e-06
1.5e-06
1.5e-06
3.22739923e-07
3.252103728e-07
3.292613724e-07
3.334801703e-07
3.393025752e-07
3.473817129e-07
3.564025638e-07
3.696308632e-07
3.854063392e-07
4.072680686e-07
4.365327688e-07
4.779907154e-07
5.384507964e-07
6.339168681e-07
7.980397181e-07
1.127639064e-06
1.5e-06
1.5e-06
1.5e-06
1.5e-06
1.5e-06
1.5e-06
1.5e-06
1.5e-06
3.220176807e-07
3.252057957e-07
3.290467584e-07
3.333259628e-07
3.391448241e-07
3.471854797e-07
3.563045483e-07
3.695142796e-07
3.852319978e-07
4.070874251e-07
4.362746649e-07
4.775193901e-07
5.37912535e-07
6.333564991e-07
7.974470758e-07
1.126933104e-06
1.5e-06
1.5e-06
1.5e-06
1.5e-06
1.5e-06
1.5e-06
1.5e-06
1.5e-06
1.5e-06
3.251133501e-07
3.288739177e-07
3.329901375e-07
3.390814065e-07
3.470307581e-07
3.560702725e-07
3.692891825e-07
3.849063302e-07
4.067936919e-07
4.359103675e-07
4.772542863e-07
5.375780867e-07
6.328548307e-07
7.966946904e-07
1.126354652e-06
1.5e-06
1.5e-06
1.5e-06
1.5e-06
1.5e-06
1.5e-06
1.5e-06
1.5e-06
1.5e-06
3.246791939e-07
3.28546568e-07
3.328384254e-07
3.389172542e-07
3.467660241e-07
3.55939823e-07
3.691335284e-07
3.846977352e-07
4.065870085e-07
4.356349801e-07
4.767383008e-07
5.369611031e-07
6.321913475e-07
7.960496922e-07
1.12565982e-06
1.5e-06
1.5e-06
1.5e-06
1.5e-06
1.5e-06
1.5e-06
1.5e-06
1.5e-06
1.5e-06
3.23846681e-07
3.284449492e-07
3.325093214e-07
3.388257709e-07
3.465809618e-07
3.556563522e-07
3.688192108e-07
3.842760606e-07
4.061873051e-07
4.351178044e-07
4.763841245e-07
5.365301707e-07
6.315694113e-07
7.950612043e-07
1.125152251e-06
1.5e-06
1.5e-06
1.5e-06
1.5e-06
1.5e-06
1.5e-06
1.5e-06
1.5e-06
1.5e-06
1.5e-06
3.282648819e-07
3.323186475e-07
3.38621013e-07
3.461798728e-07
3.554966115e-07
3.686001442e-07
3.840051314e-07
4.059145876e-07
4.347430232e-07
4.756218181e-07
5.354723919e-07
6.30439741e-07
7.941767389e-07
1.124520962e-06
1.5e-06
1.5e-06
1.5e-06
1.5e-06
1.5e-06
1.5e-06
1.5e-06
1.5e-06
1.5e-06
3.277931597e-07
3.31826661e-07
3.3840537e-07
3.459206197e-07
3.550486817e-07
3.680401194e-07
3.83309779e-07
4.051961725e-07
4.337922983e-07
4.748724196e-07
5.348547192e-07
6.295096044e-07
7.925525953e-07
1.123718139e-06
1.5e-06
1.5e-06
1.5e-06
1.5e-06
1.5e-06
1.5e-06
1.5e-06
1.5e-06
1.5e-06
3.263648583e-07
3.317609759e-07
3.381799546e-07
3.452623475e-07
3.548287488e-07
3.676914853e-07
3.829135357e-07
4.047687401e-07
4.332029806e-07
4.737890997e-07
5.328831758e-07
6.273041307e-07
7.91066271e-07
1.122522465e-06
1.5e-06
1.5e-06
1.5e-06
1.5e-06
1.5e-06
1.5e-06
1.5e-06
1.5e-06
1.5e-06
1.5e-06
3.314755009e-07
3.375384631e-07
3.449060094e-07
3.541305535e-07
3.66653858e-07
3.817425626e-07
4.034335614e-07
4.314349007e-07
4.720804704e-07
5.318136067e-07
6.261076959e-07
7.88449535e-07
1.12047823e-06
1.5e-06
1.5e-06
1.5e-06
1.5e-06
1.5e-06
1.5e-06
1.5e-06
1.5e-06
1.5e-06
1.5e-06
1.5e-06
3.372596652e-07
3.438119443e-07
3.536274e-07
3.660835429e-07
3.811244297e-07
4.027023697e-07
4.304912163e-07
4.707556228e-07
5.28788535e-07
6.216902709e-07
7.852613144e-07
1.118030669e-06
1.5e-06
1.5e-06
1.5e-06
1.5e-06
1.5e-06
1.5e-06
1.5e-06
1.5e-06
1.5e-06
1.5e-06
3.356979192e-07
3.433879947e-07
3.527457182e-07
3.641076318e-07
3.791148932e-07
4.001749445e-07
4.27262673e-07
4.670679241e-07
5.256606025e-07
6.20044004e-07
7.813995838e-07
1.113080833e-06
1.5e-06
1.5e-06
1.5e-06
1.5e-06
1.5e-06
1.5e-06
1.5e-06
1.5e-06
1.5e-06
1.5e-06
1.5e-06
1.5e-06
3.510998863e-07
3.632397973e-07
3.781031755e-07
3.988825043e-07
4.257283545e-07
4.652451793e-07
5.223157122e-07
6.108442437e-07
7.73061471e-07
1.10891982e-06
1.5e-06
1.5e-06
1.5e-06
1.5e-06
1.5e-06
1.5e-06
1.5e-06
1.5e-06
1.5e-06
1.5e-06
1.5e-06
1.5e-06
1.5e-06
1.5e-06
3.937003571e-07
4.185147532e-07
4.568642222e-07
5.130126024e-07
6.089906533e-07
7.698656232e-07
1.097571355e-06
1.5e-06
1.5e-06
1.5e-06
1.5e-06
1.5e-06
1.5e-06
1.5e-06
1.5e-06
1.5e-06
1.5e-06
1.5e-06
1.5e-06
1.5e-06
1.5e-06
1.5e-06
1.5e-06
1.5e-06
1.5e-06
1.5e-06
1.5e-06
1.090456445e-06
1.5e-06
1.5e-06
1.5e-06
1.5e-06
1.5e-06
1.5e-06
1.5e-06
1.5e-06
1.5e-06
1.5e-06
1.5e-06
1.5e-06
1.5e-06
1.5e-06
1.5e-06
1.5e-06
1.5e-06
1.5e-06
1.5e-06
1.5e-06
1.5e-06
1.5e-06
1.5e-06
1.5e-06
1.5e-06
1.5e-06
1.5e-06
1.5e-06
1.5e-06
1.5e-06
1.5e-06
1.5e-06
1.5e-06
1.5e-06
1.5e-06
1.5e-06
1.5e-06
1.5e-06
1.5e-06
1.5e-06
1.5e-06
1.5e-06
1.5e-06
1.5e-06
1.5e-06
1.5e-06
1.5e-06
1.5e-06
1.5e-06
1.5e-06
1.5e-06
1.5e-06
1.5e-06
1.5e-06
1.5e-06
1.5e-06
1.5e-06
1.5e-06
1.5e-06
1.5e-06
1.5e-06
1.5e-06
1.5e-06
1.5e-06
1.5e-06
1.5e-06
1.5e-06
1.5e-06
1.5e-06
1.5e-06
1.5e-06
1.5e-06
1.5e-06
1.5e-06
1.5e-06
1.5e-06
1.5e-06
1.5e-06
1.5e-06
1.5e-06
1.5e-06
1.5e-06
1.5e-06
1.5e-06
1.5e-06
1.5e-06
1.5e-06
1.5e-06
1.5e-06
1.5e-06
1.5e-06
1.5e-06
1.5e-06
1.5e-06
1.5e-06
1.5e-06
1.5e-06
1.5e-06
1.5e-06
1.5e-06
1.5e-06
1.5e-06
1.5e-06
1.5e-06
1.5e-06
1.5e-06
1.5e-06
1.5e-06
1.5e-06
1.5e-06
1.5e-06
1.5e-06
1.5e-06
1.5e-06
1.5e-06
1.5e-06
1.5e-06
1.5e-06
1.5e-06
1.5e-06
1.5e-06
1.5e-06
1.5e-06
1.5e-06
1.5e-06
1.5e-06
1.5e-06
1.5e-06
1.5e-06
1.5e-06
1.5e-06
1.5e-06
1.5e-06
1.5e-06
1.5e-06
1.5e-06
1.5e-06
1.5e-06
1.5e-06
1.5e-06
1.5e-06
1.5e-06
1.5e-06
1.5e-06
1.5e-06
1.5e-06
1.5e-06
1.5e-06
1.5e-06
1.5e-06
1.5e-06
1.5e-06
1.5e-06
1.5e-06
1.5e-06
1.5e-06
1.5e-06
1.5e-06
1.5e-06
1.5e-06
1.5e-06
1.5e-06
1.5e-06
1.5e-06
1.5e-06
1.5e-06
1.5e-06
1.5e-06
1.5e-06
1.5e-06
1.5e-06
1.5e-06
1.5e-06
1.5e-06
1.5e-06
1.5e-06
1.5e-06
1.5e-06
1.5e-06
1.5e-06
1.5e-06
1.5e-06
1.5e-06
1.5e-06
1.5e-06
1.5e-06
1.5e-06
1.5e-06
1.5e-06
1.5e-06
1.5e-06
1.5e-06
1.5e-06
1.5e-06
1.5e-06
1.5e-06
1.5e-06
1.5e-06
1.5e-06
1.5e-06
1.5e-06
1.5e-06
1.5e-06
1.5e-06
1.5e-06
1.5e-06
1.5e-06
1.5e-06
1.5e-06
1.5e-06
1.5e-06
1.5e-06
1.5e-06
1.5e-06
1.5e-06
1.5e-06
1.5e-06
1.5e-06
1.5e-06
1.5e-06
1.5e-06
1.5e-06
1.5e-06
1.5e-06
1.5e-06
1.5e-06
1.5e-06
1.5e-06
1.5e-06
1.5e-06
1.5e-06
1.5e-06
1.5e-06
1.5e-06
1.5e-06
1.5e-06
1.5e-06
1.5e-06
1.5e-06
1.5e-06
1.5e-06
1.5e-06
1.5e-06
1.5e-06
1.5e-06
1.5e-06
1.5e-06
1.5e-06
1.5e-06
1.5e-06
1.5e-06
1.5e-06
1.5e-06
1.5e-06
1.5e-06
1.5e-06
1.5e-06
1.5e-06
1.5e-06
1.5e-06
1.5e-06
1.5e-06
1.5e-06
1.5e-06
1.5e-06
1.5e-06
1.5e-06
1.5e-06
1.5e-06
1.5e-06
1.5e-06
1.5e-06
1.5e-06
1.5e-06
1.5e-06
1.5e-06
1.5e-06
1.5e-06
1.5e-06
1.5e-06
1.5e-06
1.5e-06
1.5e-06
1.5e-06
1.5e-06
1.5e-06
1.5e-06
1.5e-06
1.5e-06
1.5e-06
1.5e-06
1.5e-06
1.5e-06
1.5e-06
1.5e-06
1.5e-06
1.5e-06
1.5e-06
1.5e-06
1.5e-06
1.5e-06
1.5e-06
1.5e-06
1.5e-06
1.5e-06
1.5e-06
1.5e-06
1.5e-06
1.5e-06
1.5e-06
1.5e-06
1.5e-06
1.5e-06
1.5e-06
1.5e-06
1.5e-06
1.5e-06
1.5e-06
1.5e-06
1.5e-06
1.5e-06
1.5e-06
1.5e-06
1.5e-06
1.5e-06
1.5e-06
1.5e-06
1.5e-06
1.5e-06
1.5e-06
1.5e-06
1.5e-06
1.5e-06
1.5e-06
1.5e-06
1.5e-06
1.5e-06
1.5e-06
1.5e-06
1.5e-06
1.5e-06
1.5e-06
1.5e-06
1.5e-06
1.5e-06
1.5e-06
1.5e-06
1.5e-06
1.5e-06
1.5e-06
1.5e-06
1.5e-06
1.5e-06
1.5e-06
1.5e-06
1.5e-06
1.5e-06
1.5e-06
1.5e-06
1.5e-06
1.5e-06
1.5e-06
1.5e-06
1.5e-06
1.5e-06
1.5e-06
1.5e-06
1.5e-06
1.5e-06
1.5e-06
1.5e-06
1.5e-06
1.5e-06
1.5e-06
1.5e-06
1.5e-06
1.5e-06
1.5e-06
1.5e-06
)
;
    }
    procBoundary2to0
    {
        type            processor;
        value           nonuniform List<scalar> 
1313
(
0.00102526289
0.002859932828
0.00532169922
0.001021846087
0.00532169922
0.006612029099
0.007165786217
0.007186244371
0.006606390107
0.005819948837
0.004876172909
0.003792620745
0.002681839663
0.001982990918
0.00153793499
0.001159579129
0.0009750515373
0.0007973173161
0.0006713431228
0.0005763996736
0.000521275656
0.0003436749186
0.0003245121333
0.0001349009352
0.0001349009352
0.0001122378073
3.594002727e-07
3.68225612e-07
3.780050317e-07
3.920231955e-07
4.086011444e-07
4.322837208e-07
4.623454762e-07
5.065595163e-07
5.68551443e-07
6.674376982e-07
8.319496592e-07
1.155426137e-06
3.354244649e-07
3.345804634e-07
3.354333281e-07
3.376727075e-07
3.400172917e-07
3.438252403e-07
3.475880021e-07
3.533641225e-07
3.533641225e-07
0.004096057569
0.001364085765
0.0002655605237
2.311444094e-05
1.454135779e-06
6.603280789e-07
5.380633572e-07
4.948330402e-07
4.649602308e-07
4.479474415e-07
3.840600728e-07
3.781099119e-07
3.711358106e-07
3.634764317e-07
3.546663114e-07
3.448372957e-07
3.381316112e-07
3.381316112e-07
0.006094777084
0.001891422795
0.0003103747482
2.436252842e-05
1.540487248e-06
7.754684857e-07
5.806236239e-07
5.126428797e-07
4.779476217e-07
4.375614025e-07
4.585951218e-07
4.375614025e-07
4.300758884e-07
4.247244678e-07
4.198385994e-07
4.156884875e-07
4.114913955e-07
4.076202096e-07
4.033981026e-07
3.992195473e-07
3.94510379e-07
3.896499397e-07
3.896499397e-07
3.942436481e-07
0.001021846087
0.002711128291
0.004599776808
0.005837424483
0.006190048198
0.006000101106
0.005341089853
0.004460468859
0.003338178722
0.002188811137
0.001550009283
0.001074867806
0.0007973927343
0.0006216586667
0.0005125262897
0.0004372530614
0.0003841181502
0.0003538218658
0.0003489167474
0.0005334300081
0.0002814092453
0.000328593528
0.0002814092453
0.0001695390592
0.0004279612203
3.572975132e-07
3.660816531e-07
3.757864596e-07
3.898028321e-07
4.061764824e-07
4.299607357e-07
4.597313705e-07
5.039740854e-07
5.658212111e-07
6.64428674e-07
8.293886301e-07
1.153077221e-06
3.373312121e-07
3.347686538e-07
3.340529581e-07
3.358548406e-07
3.380988537e-07
3.417397959e-07
3.455731225e-07
3.512417551e-07
3.512417551e-07
3.883346858e-07
3.814424321e-07
3.738945197e-07
3.6494501e-07
3.551179237e-07
3.441232576e-07
3.441232576e-07
0.006094777084
0.001891422795
0.0003103747482
2.436252842e-05
1.540487248e-06
7.754684857e-07
5.806236239e-07
5.126428797e-07
4.779476217e-07
4.585951218e-07
4.469640582e-07
4.390789739e-07
4.333809056e-07
4.287558205e-07
4.245450872e-07
4.206816414e-07
4.168373596e-07
4.1297235e-07
4.088629245e-07
4.044188773e-07
3.996409057e-07
3.942436481e-07
3.942436481e-07
5.654096185e-07
5.078744604e-07
4.77953748e-07
4.609191745e-07
4.506088291e-07
4.432913889e-07
4.380336116e-07
4.33542973e-07
0.001480761875
0.003221848894
0.002640941196
0.004886487206
0.00453309972
0.005557302836
0.005378440151
0.005591804602
0.005459715696
0.005195043667
0.005031382704
0.004506176337
0.004221819404
0.003536826484
0.00314689431
0.002381614989
0.00223891438
0.001614480921
0.001700661432
0.001200156911
0.001293135448
0.0009177901905
0.001024782579
0.0007718216237
0.000821745017
0.0006123184082
0.0007006498571
0.0005685324348
0.0005845337332
0.000539918915
0.0005027379359
0.000558106479
0.0004303941013
0.0006945916345
0.000328593528
0.0003028321387
0.000328593528
0.0004279612203
3.56160648e-07
3.634608106e-07
3.747301504e-07
3.869257522e-07
4.052668359e-07
4.267164016e-07
4.588277114e-07
5.004252904e-07
5.647803107e-07
6.606603735e-07
8.282136498e-07
1.150458248e-06
3.382732876e-07
3.345362984e-07
3.333544784e-07
3.339944602e-07
3.369205012e-07
3.395433256e-07
3.443658628e-07
3.488493754e-07
3.488493754e-07
3.545827467e-07
3.929044114e-07
3.861762043e-07
3.780399606e-07
3.692513029e-07
3.586808453e-07
3.472492308e-07
3.472492308e-07
0.007182214563
0.001837765769
0.0002655447493
1.770969231e-05
1.275649962e-06
7.252347002e-07
4.295726604e-07
4.25716966e-07
4.220130622e-07
4.181772037e-07
4.140354194e-07
4.096764693e-07
4.045994157e-07
3.993084986e-07
3.993084986e-07
3.908515689e-07
0.007942144685
0.001715598558
0.000210749215
1.080056169e-05
1.08973638e-06
5.654096185e-07
6.714032131e-07
5.654096185e-07
5.078744604e-07
4.77953748e-07
4.609191745e-07
4.506088291e-07
4.432913889e-07
4.380336116e-07
4.33542973e-07
4.33542973e-07
4.26536248e-07
4.227933602e-07
4.192130181e-07
4.154156191e-07
0.002640941196
0.00453309972
0.005378440151
0.005459715696
0.005031382704
0.004221819404
0.00314689431
0.00223891438
0.001700661432
0.001293135448
0.001024782579
0.000821745017
0.0007006498571
0.0005845337332
0.0005027379359
0.0004303941013
0.0003028321387
0.0004273812814
0.0005786565031
3.615729731e-07
3.731397661e-07
3.849604286e-07
4.035232887e-07
4.245968127e-07
4.570006912e-07
4.981099733e-07
5.626653551e-07
6.582666473e-07
8.259198174e-07
1.148785108e-06
3.373427858e-07
3.335161687e-07
3.322597568e-07
3.324297171e-07
3.355082084e-07
3.377947415e-07
3.428664132e-07
3.470352796e-07
3.545827467e-07
3.545827467e-07
3.842980531e-07
3.762067996e-07
3.678118165e-07
3.57442228e-07
3.464083741e-07
3.464083741e-07
4.113984734e-07
4.07123999e-07
4.022015417e-07
3.970310856e-07
3.908515689e-07
3.908515689e-07
0.007942144685
0.001715598558
0.000210749215
1.080056169e-05
1.08973638e-06
6.714032131e-07
5.42094173e-07
4.945227035e-07
4.695070452e-07
4.550312559e-07
4.461290946e-07
4.394951532e-07
4.345993529e-07
4.303382726e-07
4.26536248e-07
4.227933602e-07
4.192130181e-07
4.154156191e-07
4.154156191e-07
4.047735404e-07
0.008652485626
0.001499825143
0.0001506595194
6.224208053e-06
9.291750258e-07
6.152472065e-07
5.157823658e-07
4.763035958e-07
4.554559251e-07
4.432878861e-07
4.356655205e-07
4.299873667e-07
4.257830352e-07
0.008697095091
0.001505220524
0.005158195831
0.00533990974
0.00503263641
0.004333000879
0.003311352369
0.002342094809
0.001694915483
0.001194390347
0.0009132388637
0.0006977030163
0.0005701842667
0.0004854294639
0.0004427377399
0.0004020597121
0.0003948040537
0.0008076600362
0.0006682623863
0.0006177181118
3.600329206e-07
3.714624302e-07
3.83333168e-07
4.017700131e-07
4.228832807e-07
4.55055611e-07
4.962739296e-07
5.604964877e-07
6.563018451e-07
8.236274031e-07
1.147402406e-06
3.353899999e-07
3.320367315e-07
3.309109505e-07
3.311183072e-07
3.340479469e-07
3.363804911e-07
3.413203955e-07
3.455623295e-07
3.5298405e-07
3.5298405e-07
3.794136512e-07
3.71539005e-07
3.634524875e-07
3.532802498e-07
3.427535604e-07
3.427535604e-07
4.00896125e-07
3.962549239e-07
3.913845088e-07
3.855475284e-07
3.855475284e-07
3.737354408e-07
4.220825097e-07
4.186296226e-07
4.15378517e-07
4.119500406e-07
4.086097849e-07
4.047735404e-07
4.047735404e-07
3.941510953e-07
0.0001506595194
6.224208053e-06
9.291750258e-07
6.152472065e-07
5.157823658e-07
4.763035958e-07
4.554559251e-07
4.432878861e-07
4.356655205e-07
4.299873667e-07
4.257830352e-07
4.257830352e-07
4.134535228e-07
4.103726981e-07
4.074115383e-07
0.008697095091
0.001505220524
0.001505220524
0.0001162374797
4.002427359e-06
8.194427261e-07
5.699395818e-07
4.914572755e-07
4.59364147e-07
4.421432651e-07
4.319865342e-07
4.25414795e-07
0.009334543186
0.001399878412
0.003473434148
0.002397305289
0.001756928423
0.001223447271
0.000931724828
0.0007253801814
0.0006003550393
0.0005258945937
0.0004697665397
0.0004584547271
0.0005866431517
0.0006177181118
3.588305193e-07
3.697386289e-07
3.821239444e-07
3.99866429e-07
4.216492677e-07
4.529336859e-07
4.949714323e-07
5.581178593e-07
6.548666337e-07
8.211826775e-07
1.14633219e-06
3.33208633e-07
3.304343372e-07
3.295113936e-07
3.299224233e-07
3.326523157e-07
3.351557136e-07
3.398371809e-07
3.443362222e-07
3.513840272e-07
3.513840272e-07
3.665118972e-07
3.585789704e-07
3.488230039e-07
3.390996021e-07
3.390996021e-07
3.309920045e-07
3.898664484e-07
3.852987458e-07
3.797506744e-07
3.737354408e-07
3.737354408e-07
4.04278645e-07
4.012180649e-07
3.977135346e-07
3.941510953e-07
3.941510953e-07
4.204406791e-07
4.167993438e-07
4.134535228e-07
4.103726981e-07
4.074115383e-07
4.074115383e-07
3.976837377e-07
0.0001162374797
4.002427359e-06
8.194427261e-07
5.699395818e-07
4.914572755e-07
4.59364147e-07
4.421432651e-07
4.319865342e-07
4.25414795e-07
4.25414795e-07
4.121251041e-07
4.089085934e-07
0.009334543186
0.001399878412
0.001399878412
9.391544455e-05
2.832054679e-06
7.526802488e-07
5.385682986e-07
4.722351215e-07
4.453372421e-07
4.307205915e-07
0.009904984764
0.001335688537
3.577475983e-07
3.681613508e-07
3.810281676e-07
3.981088946e-07
4.205717014e-07
4.509494889e-07
4.938094759e-07
5.559142504e-07
6.536180974e-07
8.188520967e-07
1.145418817e-06
3.287769736e-07
3.280890842e-07
3.288725751e-07
3.313062442e-07
3.341234791e-07
3.384360551e-07
3.432540463e-07
3.499285805e-07
3.499285805e-07
3.614618337e-07
3.539559148e-07
3.442226753e-07
3.357549311e-07
3.309920045e-07
3.309920045e-07
3.840049565e-07
3.797468553e-07
3.742707379e-07
3.686485552e-07
3.686485552e-07
3.948116302e-07
3.91530645e-07
3.881929378e-07
3.881929378e-07
3.788308155e-07
4.058945281e-07
4.03219761e-07
4.00454736e-07
3.976837377e-07
3.976837377e-07
3.887826915e-07
4.220596679e-07
4.164420986e-07
4.121251041e-07
4.089085934e-07
4.089085934e-07
3.985851631e-07
3.961863738e-07
9.391544455e-05
2.832054679e-06
7.526802488e-07
5.385682986e-07
4.722351215e-07
4.453372421e-07
4.307205915e-07
4.307205915e-07
4.124945436e-07
4.076849806e-07
4.039702145e-07
0.009904984764
0.001335688537
0.001335688537
7.578328778e-05
2.155506044e-06
7.295322856e-07
5.17858966e-07
4.554007422e-07
4.3214692e-07
0.01038762545
3.568423467e-07
3.666296191e-07
3.801218905e-07
3.964462421e-07
4.19616659e-07
4.491233267e-07
4.92772574e-07
5.539094765e-07
6.52448018e-07
8.167480717e-07
1.14458719e-06
3.271869791e-07
3.267112986e-07
3.278846926e-07
3.300327277e-07
3.331759607e-07
3.371095411e-07
3.423294021e-07
3.485072791e-07
3.485072791e-07
3.571983736e-07
3.496418574e-07
3.403949568e-07
3.327837204e-07
3.289120215e-07
3.289120215e-07
3.74795274e-07
3.694789601e-07
3.641156176e-07
3.641156176e-07
3.85738681e-07
3.826985348e-07
3.788308155e-07
3.788308155e-07
3.938128006e-07
3.912533207e-07
3.887826915e-07
3.887826915e-07
4.012135646e-07
3.985851631e-07
3.961863738e-07
3.961863738e-07
3.874699894e-07
4.198112075e-07
4.124945436e-07
4.076849806e-07
4.039702145e-07
4.039702145e-07
3.941707721e-07
0.0012635319
7.578328778e-05
2.155506044e-06
7.295322856e-07
5.17858966e-07
4.554007422e-07
4.3214692e-07
4.3214692e-07
4.102667603e-07
4.040241839e-07
0.01038762545
0.01038762545
0.001166346346
5.926160933e-05
1.635419669e-06
6.493783064e-07
4.880813563e-07
3.560371215e-07
3.653158612e-07
3.793260071e-07
3.949846051e-07
4.188217297e-07
4.474864075e-07
4.919547424e-07
5.520437438e-07
6.514264473e-07
8.149771723e-07
1.143676771e-06
3.258126955e-07
3.255094979e-07
3.270162603e-07
3.289446819e-07
3.323600369e-07
3.359696356e-07
3.415188058e-07
3.472981952e-07
3.472981952e-07
3.527852172e-07
3.456579464e-07
3.366895781e-07
3.303141095e-07
3.271492086e-07
3.271492086e-07
3.694214755e-07
3.645159306e-07
3.593025964e-07
3.593025964e-07
3.487171555e-07
3.799364273e-07
3.769882944e-07
3.733487286e-07
3.733487286e-07
3.85125362e-07
3.827969844e-07
3.827969844e-07
3.747795169e-07
3.918089868e-07
3.896694687e-07
3.874699894e-07
3.874699894e-07
3.997703117e-07
3.965600344e-07
3.941707721e-07
3.941707721e-07
3.857890197e-07
4.396808297e-07
4.206753586e-07
4.102667603e-07
4.040241839e-07
4.040241839e-07
3.929832016e-07
0.01065746358
0.001166346346
5.926160933e-05
1.635419669e-06
6.493783064e-07
4.880813563e-07
4.880813563e-07
4.269644445e-07
4.109413061e-07
4.020743534e-07
0.01094485471
0.001063257211
4.496654168e-05
1.293112138e-06
5.978740291e-07
3.553266385e-07
3.641844745e-07
3.785040269e-07
3.939477272e-07
4.177405105e-07
4.465444006e-07
4.905572842e-07
5.51295728e-07
6.496451711e-07
8.143605607e-07
1.142341964e-06
3.245279619e-07
3.243752117e-07
3.262147096e-07
3.27940098e-07
3.316492702e-07
3.349324658e-07
3.408331029e-07
3.461876268e-07
3.461876268e-07
3.416014588e-07
3.333174647e-07
3.281208732e-07
3.255378161e-07
3.255378161e-07
3.646380586e-07
3.598954612e-07
3.550247078e-07
3.487171555e-07
3.487171555e-07
3.719078299e-07
3.684226739e-07
3.684226739e-07
3.611541666e-07
3.797123688e-07
3.774128249e-07
3.747795169e-07
3.747795169e-07
3.83953673e-07
3.818055811e-07
3.818055811e-07
3.755608721e-07
3.901607881e-07
3.880115188e-07
3.857890197e-07
3.857890197e-07
3.79467045e-07
3.967276996e-07
3.929832016e-07
3.929832016e-07
3.850974982e-07
4.668811443e-07
4.269644445e-07
4.109413061e-07
4.020743534e-07
4.020743534e-07
3.90921639e-07
0.01094485471
0.001063257211
4.496654168e-05
1.293112138e-06
5.978740291e-07
5.978740291e-07
4.495715187e-07
4.165729455e-07
0.01114387584
0.0009483293912
3.306078464e-05
1.065947031e-06
3.542891431e-07
3.635662676e-07
3.773287529e-07
3.933683106e-07
4.164104353e-07
4.459824417e-07
4.890491557e-07
5.506758839e-07
6.480056957e-07
8.137255792e-07
1.141152133e-06
3.234892387e-07
3.234365641e-07
3.2546957e-07
3.27086951e-07
3.308663557e-07
3.341573065e-07
3.399447935e-07
3.45483125e-07
3.45483125e-07
3.385662294e-07
3.309365495e-07
3.264539282e-07
3.242780555e-07
3.242780555e-07
3.565132992e-07
3.51564711e-07
3.454886445e-07
3.454886445e-07
3.68162792e-07
3.648361987e-07
3.611541666e-07
3.611541666e-07
3.73389236e-07
3.709056197e-07
3.709056197e-07
3.644155081e-07
3.775588085e-07
3.755608721e-07
3.755608721e-07
3.831621164e-07
3.811939686e-07
3.79467045e-07
3.79467045e-07
3.875750471e-07
3.850974982e-07
3.850974982e-07
3.79475031e-07
4.030307078e-07
3.955009685e-07
3.90921639e-07
3.90921639e-07
3.837678457e-07
5.57155205e-07
4.495715187e-07
4.165729455e-07
4.165729455e-07
3.977472917e-07
3.908873923e-07
0.01114387584
0.0009483293912
3.306078464e-05
1.065947031e-06
1.065947031e-06
5.275362181e-07
4.378782679e-07
0.01132122708
0.0008273903905
2.347145882e-05
3.531762186e-07
3.63140696e-07
3.761080142e-07
3.92947898e-07
4.150754252e-07
4.455648242e-07
4.875690725e-07
5.501790158e-07
6.464674417e-07
8.131379796e-07
1.140059768e-06
3.223077997e-07
3.226564511e-07
3.245074277e-07
3.265268305e-07
3.299314021e-07
3.336486354e-07
3.389392494e-07
3.450112558e-07
3.450112558e-07
3.353526131e-07
3.285687283e-07
3.247178664e-07
3.229153599e-07
3.229153599e-07
3.53393578e-07
3.482582988e-07
3.424695861e-07
3.424695861e-07
3.612045616e-07
3.576196064e-07
3.576196064e-07
3.695924768e-07
3.671286644e-07
3.644155081e-07
3.644155081e-07
3.737886123e-07
3.718006188e-07
3.718006188e-07
3.67149262e-07
3.775281599e-07
3.75803571e-07
3.75803571e-07
3.709823428e-07
3.813776991e-07
3.79475031e-07
3.79475031e-07
3.741909053e-07
3.86771386e-07
3.837678457e-07
3.837678457e-07
3.776068629e-07
4.098514728e-07
3.977472917e-07
3.908873923e-07
3.908873923e-07
3.821891123e-07
9.163383484e-07
5.275362181e-07
4.378782679e-07
4.378782679e-07
4.01650454e-07
0.01132122708
0.0008273903905
2.347145882e-05
2.347145882e-05
8.261285531e-07
5.035667645e-07
0.01139869463
3.523512812e-07
3.625049915e-07
3.752115585e-07
3.923190749e-07
4.140699911e-07
4.449351389e-07
4.864396935e-07
5.495150455e-07
6.451666538e-07
8.125218962e-07
1.13907912e-06
3.215922507e-07
3.220798944e-07
3.238211387e-07
3.259280058e-07
3.292045515e-07
3.330313872e-07
3.381617028e-07
3.443846154e-07
3.443846154e-07
3.335450789e-07
3.271211952e-07
3.237054595e-07
3.221131974e-07
3.221131974e-07
3.513606102e-07
3.462511904e-07
3.404768321e-07
3.404768321e-07
3.59059538e-07
3.555331605e-07
3.555331605e-07
3.648830057e-07
3.621319601e-07
3.621319601e-07
3.692696005e-07
3.67149262e-07
3.67149262e-07
3.727504093e-07
3.709823428e-07
3.709823428e-07
3.759451029e-07
3.741909053e-07
3.741909053e-07
3.795631504e-07
3.776068629e-07
3.776068629e-07
3.723115933e-07
3.913727549e-07
3.856646569e-07
3.821891123e-07
3.821891123e-07
3.757529973e-07
4.260109533e-07
4.01650454e-07
4.01650454e-07
3.863907904e-07
0.0006922452696
1.56484763e-05
8.261285531e-07
5.035667645e-07
5.035667645e-07
4.160125075e-07
0.01139869463
0.01139869463
0.0005865255173
1.086605532e-05
7.371856629e-07
3.513565353e-07
3.62125308e-07
3.741294098e-07
3.919183296e-07
4.128935925e-07
4.445207851e-07
4.851521923e-07
5.490775297e-07
6.438125654e-07
8.119534209e-07
1.138216202e-06
3.204608866e-07
3.213399839e-07
3.229025113e-07
3.254097179e-07
3.283269353e-07
3.325835026e-07
3.372412655e-07
3.439735616e-07
3.439735616e-07
3.311444285e-07
3.252121736e-07
3.222079136e-07
3.208756584e-07
3.208756584e-07
3.485468436e-07
3.43531685e-07
3.37978127e-07
3.37978127e-07
3.563315606e-07
3.52701428e-07
3.52701428e-07
3.621518597e-07
3.592846405e-07
3.592846405e-07
3.662883763e-07
3.642154143e-07
3.642154143e-07
3.69492786e-07
3.678564866e-07
3.678564866e-07
3.632267393e-07
3.708531374e-07
3.708531374e-07
3.6627316e-07
3.739382371e-07
3.723115933e-07
3.723115933e-07
3.814047581e-07
3.782802058e-07
3.757529973e-07
3.757529973e-07
3.952329101e-07
3.863907904e-07
3.863907904e-07
3.767706327e-07
4.828881688e-07
4.160125075e-07
4.160125075e-07
3.883067982e-07
0.0111969514
0.0005865255173
1.086605532e-05
7.371856629e-07
7.371856629e-07
4.607277774e-07
0.01101233425
0.000487875931
3.507166945e-07
3.613593773e-07
3.734223061e-07
3.9117683e-07
4.120324072e-07
4.438004344e-07
4.842577246e-07
5.48066991e-07
6.431243389e-07
8.106005088e-07
1.137868755e-06
3.20103549e-07
3.208867365e-07
3.224469918e-07
3.248171983e-07
3.277729393e-07
3.31889572e-07
3.366554144e-07
3.432460252e-07
3.432460252e-07
3.296055379e-07
3.243309901e-07
3.216680626e-07
3.204580435e-07
3.204580435e-07
3.465251369e-07
3.418100226e-07
3.362953306e-07
3.362953306e-07
3.540982721e-07
3.505587066e-07
3.505587066e-07
3.454518192e-07
3.592347044e-07
3.567710347e-07
3.567710347e-07
3.613085586e-07
3.613085586e-07
3.578593616e-07
3.647147586e-07
3.632267393e-07
3.632267393e-07
3.675406923e-07
3.6627316e-07
3.6627316e-07
3.703692881e-07
3.689104976e-07
3.689104976e-07
3.74133193e-07
3.7193379e-07
3.7193379e-07
3.809498166e-07
3.767706327e-07
3.767706327e-07
4.055844524e-07
3.883067982e-07
3.883067982e-07
7.29825997e-06
6.671231004e-07
4.607277774e-07
4.607277774e-07
0.01101233425
0.000487875931
0.000487875931
3.498836674e-07
3.610398318e-07
3.725548886e-07
3.907710929e-07
4.112348426e-07
4.432416917e-07
4.833878837e-07
5.474904806e-07
6.421683233e-07
8.099923318e-07
1.137137021e-06
3.190911983e-07
3.201544594e-07
3.216354957e-07
3.242920261e-07
3.270656183e-07
3.314890193e-07
3.359040101e-07
3.429066153e-07
3.429066153e-07
3.290364619e-07
3.232951471e-07
3.205960626e-07
3.194638914e-07
3.194638914e-07
3.409750767e-07
3.354881349e-07
3.354881349e-07
3.525764637e-07
3.493123385e-07
3.454518192e-07
3.454518192e-07
3.553715308e-07
3.553715308e-07
3.48570228e-07
3.600726254e-07
3.578593616e-07
3.578593616e-07
3.635380603e-07
3.61962155e-07
3.61962155e-07
3.651030486e-07
3.651030486e-07
3.492939513e-07
3.603377508e-07
3.720155828e-07
3.898319909e-07
4.109720113e-07
4.418102854e-07
4.83464893e-07
5.456571001e-07
6.423173665e-07
8.079845835e-07
1.137247671e-06
3.19138661e-07
3.201564622e-07
3.214808234e-07
3.240001749e-07
3.266091934e-07
3.309450899e-07
3.353258157e-07
3.423062127e-07
3.423062127e-07
3.253205192e-07
3.219369615e-07
3.201155511e-07
3.193233125e-07
3.193233125e-07
3.180065218e-07
3.367130048e-07
3.311431626e-07
3.311431626e-07
3.308030532e-07
3.45199637e-07
3.413202422e-07
3.413202422e-07
3.51385492e-07
3.48570228e-07
3.48570228e-07
3.538778807e-07
3.538778807e-07
3.491282094e-07
3.595430369e-07
3.718034558e-07
3.891582961e-07
4.10475373e-07
4.413860012e-07
4.826390036e-07
5.453964626e-07
6.41234799e-07
8.078985382e-07
1.136358834e-06
3.194090251e-07
3.210442388e-07
3.233248184e-07
3.265536417e-07
3.302265717e-07
3.352003072e-07
3.41520891e-07
3.41520891e-07
3.238708205e-07
3.200634474e-07
3.183227427e-07
3.180065218e-07
3.180065218e-07
3.4321921e-07
3.377601173e-07
3.308030532e-07
3.308030532e-07
3.513996333e-07
3.47755342e-07
3.47755342e-07
3.485235302e-07
3.591246429e-07
3.712889937e-07
3.885719427e-07
4.100803132e-07
4.405045343e-07
4.824910373e-07
5.441887199e-07
6.410544516e-07
8.068092107e-07
1.136029097e-06
3.191043087e-07
3.209122523e-07
3.234715834e-07
3.263285231e-07
3.304325806e-07
3.346274248e-07
3.413690175e-07
3.413690175e-07
3.180766772e-07
3.171200386e-07
3.168285241e-07
3.178701817e-07
3.178701817e-07
3.258198489e-07
3.224392151e-07
3.198421928e-07
3.198421928e-07
3.302660801e-07
3.302660801e-07
3.485448045e-07
3.585080179e-07
3.710811218e-07
3.87762737e-07
4.098780589e-07
4.397361972e-07
4.820581307e-07
5.436323546e-07
6.403654919e-07
8.062777094e-07
1.135526924e-06
3.22806282e-07
3.237127957e-07
3.25612518e-07
3.285835436e-07
3.309631382e-07
3.355812873e-07
3.407632976e-07
3.407632976e-07
3.36195623e-07
3.282722107e-07
3.243591257e-07
3.230652842e-07
3.230652842e-07
3.572701718e-07
3.517613915e-07
3.457106523e-07
3.457106523e-07
)
;
    }
    procBoundary2to1
    {
        type            processor;
        value           nonuniform List<scalar> 
98
(
0.0003415121385
0.0003845613735
0.0002890376174
0.0003845613735
0.0006050364411
0.0006050364411
0.001266757347
0.001041940276
0.001266757347
0.002707524482
0.004591809289
0.004591809289
0.005177891295
0.005299372485
0.004978310011
0.004179813474
0.004446874561
0.005131874966
0.005461321415
0.005386762537
0.004179813474
0.003111376061
0.002374318609
0.001882300972
0.00155668153
0.001249994445
0.001152522844
0.001106382906
0.001020023247
0.0008601318347
0.0006978334948
0.0004013516695
0.001541934921
0.00101419195
0.001102776048
0.001261654691
0.00147015896
0.001715258708
0.0019961712
0.002250616369
0.002744878097
0.003169846261
0.003356218369
0.004446874561
0.003658693703
3.662810798e-07
3.689377463e-07
3.676257351e-07
3.66298558e-07
3.725041843e-07
3.703813138e-07
3.689469026e-07
3.676547287e-07
3.788665049e-07
3.74999763e-07
3.725057206e-07
3.703979676e-07
4.004643909e-07
3.855883977e-07
3.788773046e-07
3.7500511e-07
3.725107839e-07
5.441109736e-06
6.156336291e-07
4.468764135e-07
4.004089891e-07
3.855952071e-07
3.788760422e-07
0.01119937829
0.0004264898741
5.618198915e-06
6.141151303e-07
4.465442352e-07
4.004117524e-07
0.01175866614
0.0004579764626
5.744931876e-06
6.128149421e-07
0.01247893309
3.559736445e-07
3.594284952e-07
3.579229713e-07
3.559830563e-07
3.662810798e-07
3.61020699e-07
3.594313513e-07
3.66298558e-07
3.610279552e-07
3.571711559e-07
3.546307851e-07
3.559736445e-07
3.594367334e-07
3.559830563e-07
3.545642781e-07
3.343461968e-07
3.546307851e-07
3.343461968e-07
3.654775473e-07
)
;
    }
    procBoundary2to3
    {
        type            processor;
        value           nonuniform List<scalar> 
4364
(
0.0005625182288
0.0004596728611
0.000462992692
3.96445527e-07
5.104940189e-07
3.335702517e-07
3.96445527e-07
3.543344719e-07
3.555780384e-07
3.335702517e-07
3.224203529e-07
3.225807241e-07
3.224203529e-07
3.148166193e-07
3.153365899e-07
3.148166193e-07
3.113910308e-07
3.113352152e-07
3.113910308e-07
3.086818448e-07
3.087190865e-07
3.086818448e-07
3.077131897e-07
3.070801706e-07
3.082443442e-07
3.07639915e-07
3.072968171e-07
3.07639915e-07
3.067359548e-07
3.069504568e-07
3.072091898e-07
3.065811278e-07
3.06456222e-07
3.065811278e-07
3.066133549e-07
3.06777574e-07
3.062744994e-07
3.066952579e-07
3.064057383e-07
3.066952579e-07
3.065236108e-07
3.070961552e-07
3.064542187e-07
3.064383399e-07
3.062596691e-07
3.064383399e-07
3.069221129e-07
3.077665162e-07
3.061240425e-07
3.069800689e-07
3.065362706e-07
3.094029734e-07
3.069800689e-07
3.075324004e-07
3.074902116e-07
3.131675519e-07
3.075324004e-07
3.091898381e-07
3.091787182e-07
3.199688828e-07
3.212032727e-07
3.091898381e-07
3.120146835e-07
3.129411297e-07
6.500678095e-07
6.348829527e-07
6.190062033e-07
5.910470291e-07
5.286990636e-07
5.262408457e-07
4.33425744e-07
4.409901423e-07
3.707482152e-07
3.756201637e-07
3.199688828e-07
3.364727823e-07
3.390776374e-07
0.0006884371616
0.0005654433277
0.0008491383524
0.0006949504057
0.001074076089
0.0009108778046
0.0013838256
0.001251898552
0.001796462255
0.00177981828
0.002318036486
0.002542791895
0.002930907061
0.003532718148
0.003583749204
0.004642332976
0.004194132424
0.005682857466
0.004661186135
0.006432383492
0.004895772325
0.006714017952
0.004898348115
0.006606064332
0.004880261689
0.006516330008
0.005058012359
0.00690597183
0.005279203068
0.007436036389
0.004263745866
0.005866522722
0.001580413263
0.001772954972
0.0003516569806
0.0004653228567
0.0001001957835
9.501710093e-05
2.27192643e-05
1.658671916e-05
4.718052956e-06
2.863886691e-06
1.330171089e-06
9.41641291e-07
6.500678095e-07
7.625988014e-07
6.83897193e-07
0.000462992692
0.0007416266169
3.555780384e-07
3.963940606e-07
5.10373174e-07
3.225807241e-07
3.555780384e-07
3.334858618e-07
3.351260695e-07
3.225807241e-07
3.153365899e-07
3.162626025e-07
3.097899746e-07
3.153365899e-07
3.113352152e-07
3.107729226e-07
3.075148092e-07
3.113352152e-07
3.087190865e-07
3.093733204e-07
3.076492871e-07
3.087190865e-07
3.077131897e-07
3.071155529e-07
3.067348819e-07
3.077131897e-07
3.070801706e-07
3.072975548e-07
3.074897661e-07
3.070801706e-07
3.065496063e-07
3.071360086e-07
3.067359548e-07
3.069504568e-07
3.062378473e-07
3.071644466e-07
3.069504568e-07
3.069726499e-07
3.070317075e-07
3.066133549e-07
3.06777574e-07
3.067331133e-07
3.083805417e-07
3.06777574e-07
3.067924184e-07
3.081905737e-07
3.065236108e-07
3.070961552e-07
3.066412085e-07
3.093968384e-07
3.070961552e-07
3.080281722e-07
3.091931425e-07
3.069221129e-07
3.077665162e-07
3.077879877e-07
3.130022033e-07
3.077665162e-07
3.094029734e-07
3.090321132e-07
3.203175052e-07
3.094029734e-07
3.131675519e-07
3.128798852e-07
3.676460933e-07
3.357541562e-07
3.131675519e-07
3.212032727e-07
3.202054378e-07
5.456269404e-07
5.262408457e-07
5.014832074e-07
4.409901423e-07
4.256737241e-07
3.756201637e-07
3.677417676e-07
3.212032727e-07
3.390776374e-07
3.356856471e-07
0.0005654433277
0.0008916188878
0.0006949504057
0.001092239205
0.0009108778046
0.001398129147
0.001251898552
0.001879041929
0.00177981828
0.002633484197
0.002542791895
0.003731105721
0.003532718148
0.005128539907
0.004642332976
0.006623801021
0.005682857466
0.007907403348
0.006432383492
0.008659246346
0.006714017952
0.008722137076
0.006606064332
0.008570724313
0.006516330008
0.009035555104
0.00690597183
0.01062256486
0.007436036389
0.01077365464
0.005866522722
0.007188620026
0.001772954972
0.001579595381
0.0004653228567
0.000365315396
9.501710093e-05
6.771279974e-05
1.658671916e-05
1.116095985e-05
2.863886691e-06
2.073496979e-06
9.41641291e-07
8.104016459e-07
6.83897193e-07
6.351194292e-07
6.339598771e-07
6.042692692e-07
6.211228973e-07
5.903792548e-07
6.012925821e-07
5.686841501e-07
5.262408457e-07
5.751917362e-07
5.466766733e-07
0.0007416266169
3.351260695e-07
3.547919855e-07
3.966626108e-07
5.117147314e-07
3.162626025e-07
3.167043263e-07
3.351260695e-07
3.21582771e-07
3.220697087e-07
3.076223469e-07
3.097899746e-07
3.099507418e-07
3.162626025e-07
3.107729226e-07
3.104777782e-07
3.066215554e-07
3.076969733e-07
3.097899746e-07
3.075148092e-07
3.072285214e-07
3.075570318e-07
3.06344156e-07
3.075148092e-07
3.076492871e-07
3.073554453e-07
3.071767406e-07
3.073480128e-07
3.076492871e-07
3.067348819e-07
3.061739552e-07
3.084282925e-07
3.070457878e-07
3.067348819e-07
3.074897661e-07
3.071584789e-07
3.083218344e-07
3.074897661e-07
3.068573052e-07
3.092079629e-07
3.081727667e-07
3.071360086e-07
3.071644466e-07
3.067222593e-07
3.091271797e-07
3.071644466e-07
3.080588665e-07
3.123091158e-07
3.090015751e-07
3.070317075e-07
3.083805417e-07
3.078956062e-07
3.122211277e-07
3.083805417e-07
3.089076548e-07
3.184139691e-07
3.121573432e-07
3.081905737e-07
3.093968384e-07
3.087552426e-07
3.310667906e-07
3.183841125e-07
3.093968384e-07
3.120351701e-07
3.567746374e-07
3.311166373e-07
3.183417258e-07
3.091931425e-07
3.130022033e-07
3.119500849e-07
4.061402913e-07
3.570355488e-07
3.311921388e-07
3.130022033e-07
3.203175052e-07
3.18286857e-07
5.246324169e-07
4.769934916e-07
4.066872889e-07
3.676460933e-07
3.57228027e-07
3.203175052e-07
3.357541562e-07
3.311934422e-07
5.722835015e-07
5.604012664e-07
5.455000397e-07
5.456269404e-07
5.253603992e-07
5.014832074e-07
4.777564361e-07
3.676460933e-07
4.256737241e-07
4.068628047e-07
0.0008916188878
0.001501935142
0.001092239205
0.00180231536
0.001398129147
0.00224024189
0.001879041929
0.002906781636
0.002633484197
0.003934020372
0.003731105721
0.005415101557
0.005128539907
0.007257438121
0.006623801021
0.009117284262
0.007907403348
0.01049659007
0.008659246346
0.01078092765
0.008722137076
0.01045339193
0.008570724313
0.01060839396
0.009035555104
0.01228039194
0.01062256486
0.0144019259
0.01077365464
0.01208054216
0.007188620026
0.003838146377
0.001579595381
0.0008670751158
0.000365315396
0.0001851719657
6.771279974e-05
3.004358833e-05
1.116095985e-05
5.142472908e-06
2.073496979e-06
1.250331716e-06
8.104016459e-07
6.79264562e-07
6.351194292e-07
5.899798652e-07
6.042692692e-07
5.774099987e-07
5.903792548e-07
5.625570058e-07
5.456269404e-07
5.686841501e-07
5.468454184e-07
3.167043263e-07
3.220697087e-07
3.349077695e-07
3.544581436e-07
3.965220682e-07
5.1163276e-07
3.084865066e-07
3.072743244e-07
3.075908308e-07
3.066526369e-07
3.077704114e-07
3.076223469e-07
3.074567596e-07
3.099507418e-07
3.099874174e-07
3.167043263e-07
3.104777782e-07
3.105949768e-07
3.118470032e-07
3.091379357e-07
3.083501932e-07
3.071573623e-07
3.074081439e-07
3.066215554e-07
3.063617058e-07
3.076223469e-07
3.076969733e-07
3.074272012e-07
3.169667288e-07
3.11785742e-07
3.090674821e-07
3.082505137e-07
3.069682464e-07
3.066215554e-07
3.075570318e-07
3.072004295e-07
3.169559494e-07
3.117468571e-07
3.089661063e-07
3.081126565e-07
3.075570318e-07
3.071767406e-07
3.068508896e-07
3.272109577e-07
3.169386159e-07
3.116837398e-07
3.088943238e-07
3.071767406e-07
3.084282925e-07
3.080117976e-07
3.481218874e-07
3.272528882e-07
3.169268924e-07
3.11643162e-07
3.084282925e-07
3.087897432e-07
3.482352003e-07
3.272947828e-07
3.169024165e-07
3.115762653e-07
3.083218344e-07
3.092079629e-07
3.087151188e-07
3.883986174e-07
3.483709652e-07
3.273378702e-07
3.168893183e-07
3.092079629e-07
3.115321732e-07
3.886213887e-07
3.484930796e-07
3.273813449e-07
3.168581384e-07
3.091271797e-07
3.123091158e-07
3.114576383e-07
4.505732049e-07
3.888978909e-07
3.486457191e-07
3.274264198e-07
3.123091158e-07
3.168402418e-07
4.509842464e-07
3.891577872e-07
3.487836247e-07
3.27472087e-07
3.122211277e-07
3.184139691e-07
3.167962382e-07
4.997921684e-07
4.513394335e-07
3.894991505e-07
3.489653209e-07
3.184139691e-07
3.310667906e-07
3.275192256e-07
5.172780264e-07
5.002304656e-07
4.518819231e-07
3.898126648e-07
3.310667906e-07
3.567746374e-07
3.491238211e-07
5.385340588e-07
5.30394279e-07
5.179847491e-07
5.007883411e-07
4.523097e-07
3.567746374e-07
4.061402913e-07
3.90236969e-07
8.586993984e-07
5.945564092e-07
5.478518304e-07
5.406291718e-07
5.321174275e-07
5.189181037e-07
5.246324169e-07
5.013363479e-07
4.061402913e-07
4.769934916e-07
4.529894196e-07
0.004924376675
0.005313334619
0.005898914725
0.006862527488
0.008373939564
0.0103341301
0.01190866051
0.01243055817
0.01194930068
0.01157728639
0.01309762164
0.01607984178
0.01750979421
0.01478193101
0.005933328815
0.001406561635
0.0003354706078
6.470566875e-05
1.300657108e-05
2.661426145e-06
8.682294372e-07
5.994213113e-07
5.518980927e-07
5.722835015e-07
5.441341293e-07
5.604012664e-07
5.336561336e-07
5.246324169e-07
5.455000397e-07
5.19885998e-07
0.001501935142
0.003102943689
0.00180231536
0.003578807366
0.00224024189
0.004225330117
0.002906781636
0.005158693577
0.003934020372
0.006521523776
0.005415101557
0.008339135525
0.007257438121
0.01033486532
0.009117284262
0.0117275751
0.01049659007
0.01187153772
0.01078092765
0.01143358015
0.01045339193
0.01159854155
0.01060839396
0.0136313106
0.01228039194
0.01640289887
0.0144019259
0.01555854928
0.01208054216
0.007441259233
0.003838146377
0.001879715356
0.0008670751158
0.0003955031926
0.0001851719657
7.417116471e-05
3.004358833e-05
1.412488099e-05
5.142472908e-06
2.804826765e-06
1.250331716e-06
8.907067275e-07
6.79264562e-07
6.119462229e-07
5.722835015e-07
5.899798652e-07
5.580125237e-07
5.072839953e-07
5.037508466e-07
5.09699844e-07
5.076042355e-07
5.040801154e-07
4.940777143e-07
4.749224023e-07
5.200923052e-07
5.099471175e-07
5.079148274e-07
5.043479835e-07
4.943381945e-07
4.752008364e-07
5.206378625e-07
5.102497603e-07
5.081772365e-07
5.046217255e-07
4.945921942e-07
4.755126258e-07
4.229369483e-07
6.094288476e-07
5.211408522e-07
5.104576233e-07
5.084379654e-07
5.048473391e-07
4.948163422e-07
4.757577783e-07
4.231936462e-07
3.705107312e-07
6.119943589e-07
5.216400633e-07
5.107119613e-07
5.086618136e-07
5.050844909e-07
4.950388999e-07
4.760403544e-07
4.235632295e-07
3.707761316e-07
3.393440659e-07
6.135940059e-07
5.220497491e-07
5.108953e-07
5.088891694e-07
5.052820924e-07
4.95239165e-07
4.762643502e-07
4.238017077e-07
3.709525787e-07
3.394355192e-07
6.15053781e-07
5.225115259e-07
5.111179087e-07
5.090856681e-07
5.054931192e-07
4.954392134e-07
4.765266907e-07
4.241538057e-07
3.712090508e-07
3.395620489e-07
3.233475023e-07
1.176061952e-06
6.163990521e-07
5.228615484e-07
5.112813799e-07
5.092869128e-07
5.056680671e-07
4.956190152e-07
4.767294322e-07
4.24374078e-07
3.713753188e-07
3.396498076e-07
3.233721127e-07
3.153723313e-07
1.182891647e-06
6.176615632e-07
5.233112454e-07
5.114803128e-07
5.094635771e-07
5.058591692e-07
4.957999339e-07
4.769694344e-07
4.246991643e-07
3.716148231e-07
3.397681474e-07
3.234106873e-07
3.153613479e-07
3.112051479e-07
1.189260969e-06
6.189064071e-07
5.234816752e-07
5.116288748e-07
5.09648666e-07
5.060225652e-07
4.959680685e-07
4.771560591e-07
4.249022447e-07
3.717704413e-07
3.39850497e-07
3.234291162e-07
3.153364386e-07
3.111643039e-07
3.089486946e-07
1.23033454e-06
6.249961195e-07
5.243907396e-07
5.1179916e-07
5.098033469e-07
5.061838843e-07
4.96125303e-07
4.773723663e-07
4.252011715e-07
3.719946591e-07
3.399620031e-07
3.234684216e-07
3.153255517e-07
3.110988897e-07
3.088779116e-07
3.083618709e-07
3.073288754e-07
1.273444293e-06
6.313906792e-07
5.252472975e-07
5.120718917e-07
5.1000155e-07
5.064160746e-07
4.96425076e-07
4.778233656e-07
4.257700084e-07
3.723999528e-07
3.401622136e-07
3.235371952e-07
3.15321935e-07
3.110678512e-07
3.087804744e-07
3.082336572e-07
3.072079796e-07
3.077075754e-07
3.066624104e-07
1.3226616e-06
6.382942747e-07
5.264132788e-07
5.122326955e-07
5.101446624e-07
5.065771788e-07
4.965793302e-07
4.780256249e-07
4.260562581e-07
3.726171062e-07
3.402710706e-07
3.235761198e-07
3.153102751e-07
3.110026076e-07
3.087105833e-07
3.081284226e-07
3.070290341e-07
3.075064306e-07
3.064320976e-07
3.078409721e-07
3.075884785e-07
3.103321573e-07
1.375743884e-06
6.461966325e-07
5.277947089e-07
5.125465646e-07
5.103434828e-07
5.067950792e-07
4.968720963e-07
4.784832046e-07
4.266452714e-07
3.730476955e-07
3.404832056e-07
3.236510516e-07
3.15310332e-07
3.109732137e-07
3.086131321e-07
3.084865066e-07
3.080007692e-07
3.072743244e-07
3.069088249e-07
3.075908308e-07
3.073202446e-07
3.066526369e-07
3.0619517e-07
3.077704114e-07
3.074911385e-07
3.074567596e-07
3.071844439e-07
3.099874174e-07
3.098825428e-07
3.105949768e-07
3.112310214e-07
3.163102929e-07
3.165439884e-07
3.217386958e-07
3.223957976e-07
3.345795474e-07
3.352456102e-07
3.542382676e-07
3.557120787e-07
3.962066229e-07
3.984497415e-07
5.100791874e-07
5.147626508e-07
1.379106555e-06
6.469863341e-07
5.280686266e-07
5.126701211e-07
5.104981483e-07
5.069661351e-07
4.97031844e-07
4.786591359e-07
4.268804555e-07
3.73211897e-07
3.405670741e-07
3.236790974e-07
3.152937278e-07
3.118470032e-07
3.109067466e-07
3.084865066e-07
3.091379357e-07
3.085430456e-07
1.383942084e-06
6.474808294e-07
5.283615323e-07
5.128595273e-07
5.106810531e-07
5.07113819e-07
4.971832393e-07
4.788429398e-07
4.270862528e-07
3.733910242e-07
3.406583663e-07
3.237034601e-07
3.118470032e-07
3.169667288e-07
3.152750275e-07
6.041736122e-06
1.38934985e-06
6.478690139e-07
5.28682621e-07
5.130068144e-07
5.108653561e-07
5.072833589e-07
4.973439122e-07
4.790201284e-07
4.273243776e-07
3.73556764e-07
3.407422724e-07
3.169667288e-07
3.237315976e-07
6.072966029e-06
1.395968609e-06
6.483845789e-07
5.290490559e-07
5.132365175e-07
5.110827436e-07
5.074543751e-07
4.975096055e-07
4.792104816e-07
4.275301647e-07
3.73736546e-07
3.408329835e-07
3.169559494e-07
3.272109577e-07
3.23755362e-07
6.113019181e-06
1.404023863e-06
6.4925623e-07
5.294570957e-07
5.134208081e-07
5.113123445e-07
5.076627275e-07
4.976929249e-07
4.793978116e-07
4.277748186e-07
3.739043692e-07
3.272109577e-07
3.481218874e-07
3.409164901e-07
6.158647866e-06
1.414265321e-06
6.505124672e-07
5.299268825e-07
5.137307146e-07
5.115983339e-07
5.078717371e-07
4.978836525e-07
4.796030575e-07
4.279868186e-07
3.481218874e-07
3.740891385e-07
3.86027355e-05
6.21080941e-06
1.425840407e-06
6.521353719e-07
5.304374667e-07
5.13989201e-07
5.119184013e-07
5.081370635e-07
4.981014437e-07
4.798090667e-07
4.282488847e-07
3.482352003e-07
3.883986174e-07
3.742647588e-07
3.85743413e-05
6.27515982e-06
1.438193823e-06
6.540030585e-07
5.310431638e-07
5.144589005e-07
5.123410486e-07
5.084188177e-07
4.983404175e-07
4.80045377e-07
3.883986174e-07
4.284779068e-07
0.0001866222462
3.84559611e-05
6.350483558e-06
1.451076798e-06
6.560083222e-07
5.317220703e-07
5.148664858e-07
5.128411647e-07
5.088009435e-07
4.986292903e-07
4.802912054e-07
3.886213887e-07
4.505732049e-07
4.287783084e-07
0.002980465271
0.0007951160147
0.0001864115517
3.833164914e-05
6.43281638e-06
1.464108069e-06
6.580364103e-07
5.325373308e-07
5.156549524e-07
5.135346597e-07
5.092207858e-07
4.989626396e-07
4.505732049e-07
4.805892944e-07
0.01324176473
0.01276856284
0.008804203627
0.002985712427
0.0007903443689
0.0001860511788
3.815011841e-05
6.516587477e-06
1.476323576e-06
6.602917813e-07
5.337406325e-07
5.163617661e-07
5.143913769e-07
5.098125561e-07
4.993844388e-07
4.509842464e-07
4.997921684e-07
4.809095796e-07
0.005478843448
0.007178696489
0.007504593943
0.006817455352
0.006240909698
0.00663480292
0.00775518595
0.00930732465
0.01103175441
0.01274029833
0.01367349129
0.01320997238
0.008927549556
0.003004597865
0.0007854463308
0.0001854523848
3.795490281e-05
6.581070049e-06
1.48679891e-06
6.627231134e-07
5.350594067e-07
5.177833947e-07
5.156175939e-07
5.104583233e-07
4.997921684e-07
5.172780264e-07
4.998848511e-07
0.005722862128
0.007257767716
0.009079231104
0.009491932579
0.008649866678
0.007712072931
0.008146556
0.009686376611
0.01175527782
0.01363293215
0.01459471158
0.01376143671
0.009094620766
0.003039671532
0.0007812271975
0.0001851698752
3.795732927e-05
6.637962846e-06
1.496443909e-06
6.661045042e-07
5.375265606e-07
5.190830929e-07
5.385340588e-07
5.170422634e-07
5.172780264e-07
5.30394279e-07
5.114712074e-07
0.005872068008
0.006937773118
0.008811078213
0.01062842696
0.0111260842
0.01027685547
0.009308867857
0.01011114773
0.01245502596
0.01503265227
0.01612205812
0.01453579263
0.009540312043
0.003138631451
0.0007836235976
0.0001856014326
3.806445076e-05
6.71298951e-06
1.507352143e-06
8.586993984e-07
6.702033456e-07
5.945564092e-07
5.397944384e-07
5.385340588e-07
5.478518304e-07
5.217316315e-07
0.004924376675
0.005313334619
0.005742286546
0.005898914725
0.006475918812
0.006862527488
0.007900797242
0.008373939564
0.009984872249
0.0103341301
0.0117021605
0.01190866051
0.01216601803
0.01243055817
0.01135735399
0.01194930068
0.0107208313
0.01157728639
0.01209558182
0.01309762164
0.01491344414
0.01607984178
0.01702566924
0.01750979421
0.01604144268
0.01478193101
0.01022640291
0.005933328815
0.003346346663
0.001406561635
0.000799919139
0.0003354706078
0.0001876424992
6.470566875e-05
3.840206669e-05
1.300657108e-05
6.824668216e-06
8.586993984e-07
2.661426145e-06
1.523007229e-06
7.233711089e-07
5.232811597e-07
4.907139845e-07
4.839092903e-07
4.822502796e-07
0.01037679527
0.01103553791
0.0104697193
0.007762696094
0.002987433322
0.0008951345594
0.0002389543577
5.036330296e-05
9.195278109e-06
2.408578731e-06
7.858494709e-07
5.480695605e-07
4.94427247e-07
4.864075048e-07
4.840787111e-07
4.826332395e-07
4.79474166e-07
4.705833958e-07
0.0008523205979
0.001860684776
0.002828263239
0.003781368408
0.004810042058
0.00596371493
0.007270395531
0.008714518883
0.01022645035
0.0112755301
0.01103160377
0.009126011983
0.003853836263
0.001170469508
0.0003330499278
6.875628314e-05
1.265780579e-05
2.851692155e-06
9.323627516e-07
5.611833859e-07
4.984041368e-07
4.8801238e-07
4.858440446e-07
4.843188967e-07
4.811206874e-07
4.719834579e-07
4.511505989e-07
0.0008278782538
0.001782930016
0.002698106644
0.003604863301
0.00458999419
0.005703760808
0.006984178959
0.008443461211
0.01002619534
0.0113217075
0.01138055527
0.009964191376
0.004867422873
0.001487227037
0.0004018425556
0.0001015852371
1.680778775e-05
3.941639009e-06
1.032732402e-06
5.914520582e-07
5.019917869e-07
4.89805398e-07
4.870854994e-07
4.856976409e-07
4.826052813e-07
4.731954789e-07
4.524885047e-07
3.983824658e-07
0.0008113216449
0.001716674907
0.002590607328
0.003463052172
0.004413709868
0.00549341666
0.006746619463
0.008204585476
0.009826491289
0.01130526795
0.01162905913
0.01046758347
0.005823434486
0.00175474443
0.0004985812984
0.000115877958
2.076935448e-05
4.467050158e-06
1.232097556e-06
6.070983482e-07
5.083206157e-07
4.910239717e-07
4.882865615e-07
4.868315193e-07
4.836250144e-07
4.741070742e-07
4.534401925e-07
3.992593105e-07
3.562381341e-07
0.0008035809647
0.001658357922
0.002501331689
0.003347841543
0.004272142122
0.005324852452
0.006554310506
0.008003603208
0.00964725675
0.01127372521
0.01183353839
0.01083373943
0.006638960363
0.002112269677
0.0005559358471
0.0001415290468
2.455565325e-05
5.605560102e-06
1.33137867e-06
6.38933734e-07
5.11190471e-07
4.923654219e-07
4.891294252e-07
4.877692029e-07
4.845777966e-07
4.74889644e-07
4.543302154e-07
4.002080245e-07
3.567747024e-07
0.0008048849315
0.001605671324
0.002425869347
0.003252751307
0.004156962358
0.005188959017
0.006399470968
0.007837699579
0.009491002017
0.01121183995
0.01195313109
0.01111039109
0.007318395141
0.002434068608
0.0006430756843
0.0001538289629
2.842197719e-05
6.100894288e-06
1.525200545e-06
6.538366867e-07
5.168175426e-07
4.93295731e-07
4.899567227e-07
4.885449002e-07
4.852415763e-07
4.755014585e-07
4.549786183e-07
4.008292945e-07
3.571360853e-07
3.328085513e-07
0.0008157671883
0.001558578171
0.002363333447
0.003175223066
0.004063384432
0.005078694141
0.006273970013
0.007701154136
0.009356101283
0.01113413245
0.01207700153
0.01134119595
0.007878182106
0.002718783353
0.0007111610433
0.000174486509
3.163034235e-05
7.121061976e-06
1.610569234e-06
6.828371771e-07
5.192910296e-07
4.943004692e-07
4.90551022e-07
4.892151869e-07
4.859080794e-07
4.7604793e-07
4.556138491e-07
4.015131447e-07
3.575282149e-07
3.329707391e-07
0.000837560409
0.001526245564
0.002317457695
0.003115574267
0.003988343867
0.004988167204
0.006170568675
0.007588183882
0.009241460716
0.01105874674
0.01214303436
0.01152762715
0.008340071803
0.002967489973
0.000789057708
0.00019261922
3.526636542e-05
7.528630772e-06
1.77639477e-06
6.950611731e-07
5.239665767e-07
4.950038913e-07
4.911499445e-07
4.897831595e-07
4.863876071e-07
4.764993101e-07
4.560963208e-07
4.019805757e-07
3.578064041e-07
3.330913883e-07
0.0008686249476
0.001516181329
0.002293422939
0.003074509878
0.003929258873
0.00491217991
0.00608184879
0.007491485811
0.009145557159
0.01098900058
0.01218026281
0.01167837474
0.008718746252
0.003184137491
0.0008595611934
0.0002109483263
3.798575735e-05
8.362194125e-06
1.837880855e-06
7.188027906e-07
5.258792555e-07
4.957547462e-07
4.915826432e-07
4.90284879e-07
4.868845716e-07
4.769081956e-07
4.565853367e-07
4.02515071e-07
3.581198773e-07
3.332225279e-07
3.205521681e-07
0.0009029446131
0.001526317277
0.002288523106
0.003048985887
0.003882756094
0.004847422466
0.006005460421
0.007409745324
0.009065886105
0.01092695256
0.01220680853
0.01179847668
0.009030582349
0.003371939856
0.0009211129682
0.0002226891412
4.139268009e-05
8.685120172e-06
1.966253865e-06
7.273399054e-07
5.295441132e-07
4.962797048e-07
4.920257213e-07
4.907145846e-07
4.872451947e-07
4.77254598e-07
4.569606533e-07
4.02883674e-07
3.583451498e-07
3.333218214e-07
3.205883646e-07
0.0009325876765
0.001547707858
0.002291972912
0.003032041242
0.003844561773
0.004791568656
0.005939265081
0.007340196236
0.00899997199
0.01087325068
0.01222584702
0.01189645714
0.009285676139
0.003534268341
0.000970185712
0.0002380260379
4.368560245e-05
8.988242365e-06
1.999308004e-06
7.452922661e-07
5.309019611e-07
4.968477168e-07
4.923467985e-07
5.072839953e-07
4.911016654e-07
5.037508466e-07
4.87631298e-07
4.775740755e-07
4.573541377e-07
4.033210985e-07
3.586092988e-07
3.33434789e-07
3.206055159e-07
0.000949239359
0.001561506884
0.002293286441
0.003016133115
0.003810929322
0.004743402245
0.005881514744
0.007279367224
0.008944258372
0.01082755377
0.01223945907
0.01197548169
0.009496039823
0.003673642563
0.001011165228
0.0002508049845
4.606499116e-05
9.403156489e-06
2.08883865e-06
7.50462616e-07
5.336944728e-07
4.972418098e-07
5.072839953e-07
5.09699844e-07
4.926826612e-07
5.037508466e-07
4.940777143e-07
4.778522501e-07
4.749224023e-07
4.576600014e-07
4.036263983e-07
3.587989701e-07
3.335189186e-07
3.206337305e-07
3.142397257e-07
0.0009480915034
0.001563827187
0.002283142317
0.002996590182
0.003780629889
0.004702678197
0.005830567746
0.007223579763
0.008893503713
0.01078807993
0.0122488022
0.01203923267
0.009668417935
0.003793009224
0.001046839568
0.0002613421871
4.827335721e-05
9.497583528e-06
2.099690241e-06
7.635965223e-07
5.346389778e-07
5.09699844e-07
5.200923052e-07
4.976838999e-07
4.749224023e-07
4.040047029e-07
3.590347212e-07
3.336223331e-07
3.206490856e-07
3.142135891e-07
0.0009263655892
0.001531347906
0.0022532734
0.00297295117
0.003755402966
0.004669416437
0.005784982226
0.007169881381
0.00884255725
0.01075137153
0.01225421944
0.01209045732
0.009807672098
0.003896613489
0.001077859061
0.0002702028259
5.036582506e-05
9.712899116e-06
2.160463878e-06
7.666347542e-07
5.200923052e-07
5.367865949e-07
4.752008364e-07
4.229369483e-07
4.042654837e-07
3.592009233e-07
3.336979788e-07
3.206709344e-07
3.141831355e-07
3.108397353e-07
0.0008875448574
0.001464932213
0.002211573526
0.002950560455
0.003737862054
0.00464338868
0.005743679321
0.007116563183
0.008789244472
0.01071253571
0.01225512026
0.01213126954
0.009921044784
0.003985723493
0.001104660611
0.0002776459068
5.294698596e-05
9.850529425e-06
2.161830748e-06
7.76474081e-07
5.206378625e-07
6.094288476e-07
5.374920974e-07
4.229369483e-07
3.705107312e-07
3.594200622e-07
3.337961255e-07
3.206865635e-07
3.141585428e-07
3.107630162e-07
0.0008408000224
0.001359013789
0.002163087823
0.002933523806
0.00373217231
0.004623775632
0.005706030269
0.00706325506
0.008732892331
0.01066814289
0.01224965806
0.01216381135
0.01001389764
0.004061806351
0.001127472766
0.0002816417009
5.546270659e-05
9.967345359e-06
2.205855252e-06
6.094288476e-07
7.786636528e-07
3.705107312e-07
3.393440659e-07
3.338690878e-07
3.207043279e-07
3.141299258e-07
3.107179773e-07
3.088574094e-07
0.0008005222078
0.001225381167
0.002116355515
0.002930248475
0.003735371836
0.004609315919
0.005671698747
0.007011255186
0.008675279326
0.010619253
0.01223542246
0.01218893866
0.01009003738
0.004126447611
0.001147022699
0.0002866064217
5.698503115e-05
1.006410439e-05
2.205877853e-06
6.119943589e-07
7.865210126e-07
3.393440659e-07
3.207241468e-07
3.141069424e-07
3.106436532e-07
3.087774151e-07
0.0007806878087
0.001084299038
0.002079900559
0.00293635784
0.003743700951
0.004599673991
0.005640481443
0.006961901191
0.008618321818
0.01056853409
0.01221244312
0.0122055242
0.01015199798
0.004181023773
0.001163525611
0.0002921488949
5.828634778e-05
1.014506228e-05
2.24097246e-06
6.135940059e-07
7.886669189e-07
3.394355192e-07
3.233475023e-07
3.207410786e-07
3.140802203e-07
3.106003346e-07
3.086736654e-07
3.08401107e-07
0.0007970018149
0.000982576957
0.002064013897
0.002953153672
0.003758349423
0.004594531145
0.005612210115
0.006916083568
0.008564080417
0.01051893385
0.01218484425
0.01221349166
0.01020202903
0.004227116498
0.001177833892
0.000296217636
5.999550085e-05
1.021289686e-05
2.247123943e-06
6.15053781e-07
1.176061952e-06
7.952612155e-07
3.233475023e-07
3.153723313e-07
3.140591356e-07
3.105287678e-07
3.085962522e-07
3.082821261e-07
0.0008607983726
0.0009241267413
0.002079897585
0.00298517256
0.003779597349
0.004593161761
0.005586756192
0.006874307423
0.008514034405
0.01047267368
0.01215598982
0.01221438441
0.01024185983
0.004266387011
0.001190726014
0.0003008266915
6.147815105e-05
1.026916972e-05
1.176061952e-06
2.271931531e-06
3.153723313e-07
3.112051479e-07
3.104874004e-07
3.084959197e-07
3.081602875e-07
3.073474907e-07
0.000968692426
0.0009564256337
0.002140900511
0.003032659838
0.003806053369
0.004593799573
0.005564136809
0.006836985463
0.00846922576
0.01043184772
0.01212933866
0.01221500259
0.01027613789
0.004303045564
0.001200080748
0.0003030975143
6.248097715e-05
1.031648305e-05
1.182891647e-06
2.283790726e-06
3.112051479e-07
3.089486946e-07
3.084203413e-07
3.080436296e-07
3.071915202e-07
3.077490038e-07
0.001118362199
0.001142287587
0.002257425469
0.003094166005
0.003835948831
0.004594978554
0.005539577244
0.006794104929
0.008415328437
0.01038340686
0.01209704398
0.01221959103
0.01032396385
0.004351449426
0.001196349945
0.0003038164325
6.309835715e-05
1.038135372e-05
1.189260969e-06
2.296436988e-06
3.089486946e-07
3.083618709e-07
3.079228026e-07
3.073288754e-07
3.070426958e-07
3.075566436e-07
3.067717421e-07
0.001277948708
0.001433381875
0.002366330523
0.003138732513
0.003854506429
0.004595273058
0.005484861431
0.006689720235
0.008260284435
0.01019313698
0.01202883578
0.01221601059
0.0105388071
0.004685915458
0.001293598925
0.0003226677973
6.813288786e-05
1.114859495e-05
1.23033454e-06
2.397510057e-06
3.073288754e-07
3.077075754e-07
3.073590651e-07
3.066624104e-07
3.065994137e-07
3.080513814e-07
0.0007845796636
0.001348103887
0.002399362109
0.003158858141
0.003865748131
0.00459893495
0.005464374791
0.006638883779
0.008187851497
0.01009126212
0.01196582918
0.0122138626
0.01065759837
0.00497877244
0.00138634444
0.0003457873275
7.227683078e-05
1.198830297e-05
1.273444293e-06
2.503943185e-06
3.066624104e-07
3.078409721e-07
3.077060246e-07
3.075884785e-07
3.077529079e-07
3.103321573e-07
3.102039676e-07
0.0008814541524
0.00137845359
0.002393674087
0.003162387638
0.00386944165
0.004601007648
0.005456487718
0.006610659968
0.008148502998
0.01003245073
0.01192408289
0.01221379066
0.0107440746
0.005252296389
0.001486343507
0.0003689477246
7.916976384e-05
1.290001378e-05
1.3226616e-06
2.630129974e-06
3.103321573e-07
3.112310214e-07
3.116611939e-07
3.165439884e-07
3.167262076e-07
3.223957976e-07
3.352456102e-07
3.557120787e-07
3.984497415e-07
5.147626508e-07
0.001453706289
0.002319794311
0.003121775515
0.003854582946
0.004594484325
0.005452193025
0.006601929869
0.008134755513
0.01000808786
0.01190515441
0.01222390639
0.01081735723
0.005489408485
0.001596825345
0.0004016431741
8.562737751e-05
1.386861421e-05
1.375743884e-06
2.772462909e-06
0.001253831518
0.002133720896
0.00300216304
0.003794057639
0.004571274363
0.005453266471
0.006608507558
0.008144783137
0.01002300283
0.01191916775
0.01225376251
0.0108391129
0.005498349879
0.001597862303
0.0004023312333
8.642895957e-05
1.387487313e-05
1.379106555e-06
2.782388174e-06
0.001456264746
0.002130270575
0.002964485501
0.003766950663
0.00455907724
0.005453225088
0.006621926129
0.008166590389
0.0100569283
0.01193411342
0.01227164138
0.01084943122
0.005499909066
0.001598349534
0.0004029203446
8.727596877e-05
1.394051029e-05
1.383942084e-06
6.041736122e-06
2.80030112e-06
0.00166973454
0.002214254524
0.002944522449
0.003741913621
0.004546269703
0.005454014337
0.006635458286
0.008186080497
0.01008779474
0.0119479307
0.01228777911
0.01085895485
0.00550134376
0.001598543358
0.0004035737687
8.819750715e-05
6.041736122e-06
1.403880876e-05
0.001869944298
0.00233484688
0.00295245987
0.003725359432
0.00453560476
0.005458710824
0.006655448822
0.008209989498
0.01012261025
0.01196219862
0.0123076704
0.01087136907
0.005503357708
0.001598369631
0.0004043364088
8.907172744e-05
6.072966029e-06
1.413741213e-05
0.002073282879
0.002486353947
0.003025309053
0.003725116565
0.004531904942
0.005472854115
0.006685261695
0.008245921251
0.01016676047
0.01197870996
0.01233320612
0.01088777213
0.005504626056
0.001597663436
0.0004048547909
8.990973829e-05
6.113019181e-06
1.421057997e-05
0.002300976309
0.002670306941
0.003154641365
0.003782289524
0.004557930559
0.005508577618
0.006733030146
0.008301276073
0.01022689635
0.01200082498
0.01236728551
0.01090980111
0.005504617403
0.001596403539
0.000404839716
9.060982403e-05
6.158647866e-06
3.86027355e-05
1.433150176e-05
0.002573219528
0.002888820835
0.003329605804
0.003911631976
0.004647262703
0.005587746274
0.006813967641
0.008387215663
0.01031172284
0.012033504
0.01241532266
0.01094104844
0.005504245991
0.00159486053
0.0004047224029
3.86027355e-05
9.116794451e-05
0.002963328035
0.00315590786
0.003541870156
0.004095566832
0.004815058002
0.005739587349
0.006953554131
0.008521351579
0.01043135204
0.01208357407
0.01248393386
0.01098757705
0.005502824522
0.001592555448
0.0004044673868
3.85743413e-05
0.0001866222462
9.144217839e-05
0.003550600613
0.003516721204
0.00378508228
0.004318718149
0.005050590863
0.005987020093
0.007189653468
0.008735302491
0.01060406302
0.01216247381
0.0125840337
0.011057872
0.005503194303
0.002980465271
0.00158802179
0.0001866222462
0.0007951160147
0.0004041797267
0.004412410458
0.004261635297
0.004174754801
0.004566851998
0.005318354676
0.006309377766
0.007533931175
0.00904475596
0.0108377994
0.01229762737
0.01324176473
0.01272956139
0.01276856284
0.0111675926
0.002980465271
0.008804203627
0.005506167521
0.005478843448
0.005147001957
0.007178696489
0.005533244748
0.007504593943
0.005111678845
0.006817455352
0.005023250579
0.006240909698
0.005602383582
0.00663480292
0.006638871146
0.00775518595
0.007957319255
0.00930732465
0.009486058705
0.01103175441
0.01119206491
0.01324176473
0.01274029833
0.01255564978
0.001378431515
0.00344713119
0.00484392499
0.006080811094
0.007241664555
0.008307809146
0.009212336103
0.009657803373
0.009322393943
0.007462719892
0.002877114074
0.0008561563396
0.0003188326445
6.169801753e-05
1.489937997e-05
3.038261914e-06
1.014979761e-06
5.586730889e-07
4.93028848e-07
4.719999656e-07
4.652600332e-07
4.630941111e-07
4.614976765e-07
4.598751256e-07
0.001181552296
0.002892486971
0.004311015611
0.005560870954
0.006767049887
0.007930472988
0.009011372335
0.009816380952
0.009852060105
0.008808884148
0.005058640516
0.001700845706
0.0005050535383
0.0001589815109
2.794992269e-05
5.846740996e-06
1.487107701e-06
6.941245207e-07
5.079141121e-07
4.771036914e-07
4.691644662e-07
4.655108126e-07
4.649221522e-07
4.633340783e-07
4.592917638e-07
4.511572726e-07
0.001076799753
0.002563792771
0.003902270978
0.005111475263
0.006321779325
0.007540603483
0.008728421504
0.009776878148
0.01020341238
0.00962808614
0.006999961513
0.002640329132
0.0009057395489
0.0002252900835
6.310819113e-05
1.068142953e-05
2.247133849e-06
7.866332625e-07
7.233711089e-07
5.440961699e-07
5.232811597e-07
4.824570757e-07
4.907139845e-07
4.720942533e-07
4.839092903e-07
4.687883256e-07
4.822502796e-07
4.67234984e-07
4.659896674e-07
4.62462219e-07
4.538311048e-07
4.289070036e-07
3.779481734e-07
0.001002392004
0.002327161947
0.003571075696
0.00472822765
0.005922414808
0.007170839104
0.008431695063
0.009657706973
0.01037679527
0.01045513077
0.01103553791
0.01028000493
0.0104697193
0.008687406946
0.007762696094
0.003855266627
0.002987433322
0.001129983004
0.0008951345594
0.0003809211324
0.0002389543577
8.426344343e-05
5.036330296e-05
1.67951613e-05
9.195278109e-06
3.270771452e-06
7.233711089e-07
2.408578731e-06
1.060656949e-06
4.822502796e-07
4.826332395e-07
4.682930879e-07
4.79474166e-07
4.648368559e-07
4.705833958e-07
4.557657235e-07
4.309929835e-07
3.794443223e-07
3.452556518e-07
0.0008523205979
0.0009439040809
0.001860684776
0.002148085157
0.002828263239
0.003291989273
0.003781368408
0.004397840899
0.004810042058
0.005556294505
0.00596371493
0.006802026995
0.007270395531
0.008118415707
0.01037679527
0.008714518883
0.00945987689
4.705833958e-07
4.511505989e-07
4.32805886e-07
3.811015402e-07
3.460982541e-07
3.275407444e-07
4.511505989e-07
3.983824658e-07
3.821609627e-07
3.466339554e-07
3.277443947e-07
3.983824658e-07
3.562381341e-07
3.472303068e-07
3.279616962e-07
3.181457915e-07
3.562381341e-07
3.281132151e-07
3.181602901e-07
3.567747024e-07
3.328085513e-07
3.282679621e-07
3.181946429e-07
3.328085513e-07
3.182087542e-07
3.131897765e-07
3.329707391e-07
3.182280544e-07
3.131481848e-07
3.330913883e-07
3.205521681e-07
3.182370412e-07
3.131068086e-07
3.205521681e-07
3.130679672e-07
3.104069936e-07
3.205883646e-07
3.130292278e-07
3.103542486e-07
3.206055159e-07
3.142397257e-07
3.129926764e-07
3.102660492e-07
3.142397257e-07
3.102160749e-07
3.086795067e-07
3.142135891e-07
3.108397353e-07
3.101317185e-07
3.085889413e-07
3.108397353e-07
3.084857624e-07
3.083541132e-07
3.107630162e-07
3.088574094e-07
3.083978873e-07
3.082237835e-07
3.088574094e-07
3.081022099e-07
3.087774151e-07
3.08401107e-07
3.079740193e-07
3.074124036e-07
3.08401107e-07
3.072617038e-07
3.082821261e-07
3.073474907e-07
3.070998562e-07
3.075731971e-07
3.073474907e-07
3.077490038e-07
3.073774453e-07
3.070845465e-07
3.077490038e-07
3.067717421e-07
3.069235026e-07
3.067717421e-07
3.080513814e-07
3.077590271e-07
3.080513814e-07
3.077529079e-07
3.080069229e-07
3.102039676e-07
3.100154992e-07
3.102039676e-07
3.116611939e-07
3.121573728e-07
3.167262076e-07
3.167262076e-07
3.223423083e-07
3.232918918e-07
3.347246534e-07
3.556847598e-07
3.981575136e-07
5.147105932e-07
0.002334452508
0.005117134795
0.006394570074
0.007468180959
0.008368104622
0.008948961775
0.00894324683
0.008087894233
0.005037866192
0.001887368626
0.0005166615095
0.0001552758851
2.716001898e-05
7.415600153e-06
2.05077646e-06
6.67895789e-07
5.217747398e-07
4.683708509e-07
4.561956253e-07
4.492793214e-07
4.463680521e-07
4.451294037e-07
4.437433845e-07
4.414578708e-07
0.001378431515
0.001855409479
0.00344713119
0.004425976266
0.00484392499
0.005776225267
0.006080811094
0.006946661935
0.007241664555
0.007992259239
0.008307809146
0.008842284335
0.009212336103
0.009274065697
0.009657803373
0.009001547127
0.009322393943
0.007463035077
0.007462719892
0.00334850617
0.002877114074
0.001168381081
0.0008561563396
0.0002784465021
0.0003188326445
9.179362489e-05
6.169801753e-05
1.812945632e-05
1.489937997e-05
3.351733014e-06
3.038261914e-06
1.164468759e-06
1.014979761e-06
5.655720715e-07
5.586730889e-07
4.907415839e-07
4.93028848e-07
4.617915426e-07
4.719999656e-07
4.5469477e-07
4.652600332e-07
4.505038386e-07
4.630941111e-07
4.486403349e-07
4.614976765e-07
4.482465976e-07
4.598751256e-07
4.460835478e-07
4.41707678e-07
4.337893565e-07
4.598751256e-07
4.592917638e-07
4.461532861e-07
4.511572726e-07
4.376514456e-07
4.083013402e-07
3.631173501e-07
4.511572726e-07
4.289070036e-07
4.111745389e-07
3.779481734e-07
3.648595952e-07
3.377633716e-07
3.779481734e-07
3.452556518e-07
3.386445194e-07
3.240359944e-07
3.452556518e-07
3.275407444e-07
3.242351014e-07
3.164949146e-07
3.275407444e-07
3.164836075e-07
3.277443947e-07
3.181457915e-07
3.164806913e-07
3.124658083e-07
3.181457915e-07
3.123695112e-07
3.181602901e-07
3.123080304e-07
3.102362384e-07
3.181946429e-07
3.131897765e-07
3.12245744e-07
3.101126541e-07
3.131897765e-07
3.100503101e-07
3.131481848e-07
3.099484108e-07
3.131068086e-07
3.104069936e-07
3.098917889e-07
3.086414836e-07
3.104069936e-07
3.085342382e-07
3.103542486e-07
3.084328239e-07
3.102660492e-07
3.086795067e-07
3.083306845e-07
3.082071552e-07
3.086795067e-07
3.080831332e-07
3.085889413e-07
3.083541132e-07
3.07947961e-07
3.083541132e-07
3.075244119e-07
3.082237835e-07
3.07359068e-07
3.081022099e-07
3.074124036e-07
3.072047303e-07
3.076565671e-07
3.074124036e-07
3.074596575e-07
3.072617038e-07
3.075731971e-07
3.072553961e-07
3.075466445e-07
3.075731971e-07
3.070845465e-07
3.073635931e-07
3.070845465e-07
3.077997504e-07
3.069235026e-07
3.077590271e-07
3.075331387e-07
3.085691088e-07
3.077590271e-07
3.080069229e-07
3.082426118e-07
3.100154992e-07
3.100154992e-07
3.121573728e-07
3.125852651e-07
3.121573728e-07
3.161299229e-07
3.16271925e-07
3.232918918e-07
3.232918918e-07
3.342122942e-07
3.350541597e-07
3.556827444e-07
3.979604849e-07
5.161689249e-07
0.003945883669
0.007136104024
0.008144360618
0.008883996795
0.009210300759
0.008766255737
0.00703330934
0.003103704297
0.0008344134413
0.0002467757147
5.343112807e-05
1.043237149e-05
2.848926646e-06
8.336512597e-07
5.239275915e-07
4.670327969e-07
4.480045154e-07
4.370588802e-07
4.31528877e-07
4.279728373e-07
4.272511931e-07
4.261442173e-07
0.002334452508
0.003142705054
0.005117134795
0.006209828378
0.006394570074
0.007365354576
0.007468180959
0.008287264781
0.008368104622
0.008940970077
0.008948961775
0.00899770429
0.00894324683
0.008226680446
0.008087894233
0.005568993809
0.005037866192
0.001938907072
0.001887368626
0.0005292416962
0.0005166615095
0.0001152750664
0.0001552758851
3.066196992e-05
2.716001898e-05
6.86140599e-06
7.415600153e-06
2.019530889e-06
2.05077646e-06
8.309102278e-07
6.67895789e-07
5.384540947e-07
5.217747398e-07
4.597823133e-07
4.683708509e-07
4.452111336e-07
4.561956253e-07
4.39081914e-07
4.492793214e-07
4.350148031e-07
4.463680521e-07
4.319104427e-07
4.451294037e-07
4.311556576e-07
4.437433845e-07
4.305001713e-07
4.414578708e-07
4.278210229e-07
4.224735476e-07
4.414578708e-07
4.41707678e-07
4.280391116e-07
4.337893565e-07
4.186308731e-07
3.857901491e-07
4.337893565e-07
4.083013402e-07
3.891773399e-07
3.631173501e-07
3.517319978e-07
3.631173501e-07
3.377633716e-07
3.322432449e-07
3.377633716e-07
3.240359944e-07
3.212512939e-07
3.240359944e-07
3.164949146e-07
3.151155032e-07
3.164949146e-07
3.118441794e-07
3.164836075e-07
3.124658083e-07
3.116679186e-07
3.124658083e-07
3.099442276e-07
3.123695112e-07
3.102362384e-07
3.097828838e-07
3.102362384e-07
3.087529296e-07
3.101126541e-07
3.086425861e-07
3.100503101e-07
3.085060264e-07
3.099484108e-07
3.086414836e-07
3.084142942e-07
3.086414836e-07
3.08217715e-07
3.085342382e-07
3.080751992e-07
3.084328239e-07
3.082071552e-07
3.079489423e-07
3.082071552e-07
3.077693378e-07
3.080831332e-07
3.07646655e-07
3.07947961e-07
3.075244119e-07
3.074457407e-07
3.075244119e-07
3.076465392e-07
3.07359068e-07
3.076565671e-07
3.074526837e-07
3.076565671e-07
3.074596575e-07
3.075466445e-07
3.076294123e-07
3.075466445e-07
3.073635931e-07
3.077997504e-07
3.076196302e-07
3.077997504e-07
3.085691088e-07
3.088744699e-07
3.085691088e-07
3.082426118e-07
3.094567957e-07
3.094699073e-07
3.125852651e-07
3.125852651e-07
3.16271925e-07
3.16271925e-07
3.232405485e-07
3.240465992e-07
3.350541597e-07
3.350541597e-07
3.556504251e-07
3.977030698e-07
5.161222649e-07
0.003945883669
0.005111353098
0.007136104024
0.008571510284
0.008144360618
0.009389439319
0.008883996795
0.009825969364
0.009210300759
0.009364339522
0.008766255737
0.007601889193
0.00703330934
0.003655212014
0.003103704297
0.001095471023
0.0008344134413
0.0001794676556
0.0002467757147
4.622564142e-05
5.343112807e-05
1.045145158e-05
1.043237149e-05
2.24106067e-06
2.848926646e-06
9.125756905e-07
8.336512597e-07
5.559302232e-07
5.239275915e-07
4.543302544e-07
4.670327969e-07
4.345034205e-07
4.480045154e-07
4.2713105e-07
4.370588802e-07
4.217112097e-07
4.31528877e-07
4.178935328e-07
4.279728373e-07
4.161943831e-07
4.272511931e-07
4.139217565e-07
4.261442173e-07
4.135254068e-07
4.118927344e-07
4.261442173e-07
4.305001713e-07
4.175809187e-07
4.278210229e-07
4.145816073e-07
4.224735476e-07
4.088811006e-07
3.98650519e-07
4.224735476e-07
4.186308731e-07
4.044526636e-07
3.857901491e-07
3.699187639e-07
3.857901491e-07
3.517319978e-07
3.43401518e-07
3.27333772e-07
3.517319978e-07
3.322432449e-07
3.278955638e-07
3.190829468e-07
3.322432449e-07
3.212512939e-07
3.191748014e-07
3.142624137e-07
3.212512939e-07
3.151155032e-07
3.140983029e-07
3.151155032e-07
3.118441794e-07
3.112983493e-07
3.118441794e-07
3.098501564e-07
3.116679186e-07
3.099442276e-07
3.096361589e-07
3.099442276e-07
3.087658038e-07
3.097828838e-07
3.087529296e-07
3.086164976e-07
3.087529296e-07
3.086425861e-07
3.082246712e-07
3.085060264e-07
3.080880189e-07
3.084142942e-07
3.08217715e-07
3.07935454e-07
3.08217715e-07
3.080751992e-07
3.078649033e-07
3.079489423e-07
3.077693378e-07
3.077315975e-07
3.077693378e-07
3.07646655e-07
3.076165293e-07
3.074457407e-07
3.076465392e-07
3.074288233e-07
3.076465392e-07
3.074526837e-07
3.079078239e-07
3.072447109e-07
3.076294123e-07
3.076032441e-07
3.076294123e-07
3.078402593e-07
3.073202894e-07
3.076196302e-07
3.075043344e-07
3.076196302e-07
3.088744699e-07
3.090606572e-07
3.088744699e-07
3.084758624e-07
3.094699073e-07
3.095337176e-07
3.094699073e-07
3.125062414e-07
3.129733167e-07
3.125062414e-07
3.157933622e-07
3.161745282e-07
3.240465992e-07
3.240465992e-07
3.346361152e-07
3.346361152e-07
3.55644802e-07
3.572362516e-07
3.973625768e-07
5.145647219e-07
0.007905538948
0.01252655296
0.01209365575
0.01011703039
0.005596179959
0.001377800947
0.0003770856198
2.865179337e-05
6.331838777e-06
1.555911698e-06
7.113722148e-07
5.23826043e-07
4.42568467e-07
4.206655449e-07
4.130231109e-07
4.062294993e-07
0.005111353098
0.00649843594
0.008571510284
0.0104600628
0.009389439319
0.01089814395
0.009825969364
0.01033540063
0.009364339522
0.008346504256
0.007601889193
0.004085001047
0.003655212014
0.0009333762401
0.001095471023
0.0002565394789
0.0001794676556
3.818557384e-05
4.622564142e-05
6.521522049e-06
1.045145158e-05
1.791366674e-06
2.24106067e-06
6.482747547e-07
9.125756905e-07
5.032839152e-07
5.559302232e-07
4.417472223e-07
4.543302544e-07
4.243843907e-07
4.345034205e-07
4.16926416e-07
4.2713105e-07
4.111454739e-07
4.217112097e-07
4.074482512e-07
4.178935328e-07
4.060220659e-07
4.161943831e-07
4.038045434e-07
4.139217565e-07
4.035664675e-07
4.135254068e-07
4.016645205e-07
4.118927344e-07
3.990091578e-07
4.118927344e-07
4.145816073e-07
4.018050898e-07
4.088811006e-07
3.953715737e-07
3.98650519e-07
3.98650519e-07
3.699187639e-07
3.569807514e-07
3.699187639e-07
3.43401518e-07
3.365797746e-07
3.27333772e-07
3.27333772e-07
3.190829468e-07
3.175105294e-07
3.190829468e-07
3.142624137e-07
3.135198649e-07
3.142624137e-07
3.140983029e-07
3.112983493e-07
3.109392955e-07
3.112983493e-07
3.098501564e-07
3.096794567e-07
3.098501564e-07
3.096361589e-07
3.087658038e-07
3.087922952e-07
3.087658038e-07
3.086164976e-07
3.08263079e-07
3.084129674e-07
3.082246712e-07
3.080767313e-07
3.082246712e-07
3.080880189e-07
3.07935454e-07
3.079673393e-07
3.078079161e-07
3.078649033e-07
3.078320803e-07
3.078649033e-07
3.077315975e-07
3.076247324e-07
3.07532454e-07
3.076165293e-07
3.074380093e-07
3.076165293e-07
3.074288233e-07
3.072133533e-07
3.079078239e-07
3.07956178e-07
3.079078239e-07
3.076032441e-07
3.078402593e-07
3.075835937e-07
3.078402593e-07
3.075043344e-07
3.090606572e-07
3.092707005e-07
3.090606572e-07
3.087086075e-07
3.095337176e-07
3.097183998e-07
3.095337176e-07
3.129733167e-07
3.129733167e-07
3.161745282e-07
3.161745282e-07
3.239167787e-07
3.239167787e-07
3.344366848e-07
3.572362516e-07
3.572362516e-07
3.973046049e-07
5.144946845e-07
0.007905538948
0.009244760035
0.01252655296
0.01558562052
0.01209365575
0.01308476671
0.01011703039
0.007284133237
0.005596179959
0.001439579951
0.001377800947
0.0003253644668
0.0003770856198
8.758225015e-06
2.865179337e-05
3.985326379e-06
6.331838777e-06
1.304091039e-06
1.555911698e-06
6.531755678e-07
7.113722148e-07
5.03761891e-07
5.23826043e-07
4.428199306e-07
4.42568467e-07
4.141858227e-07
4.206655449e-07
4.045782421e-07
4.130231109e-07
3.97872323e-07
4.062294993e-07
3.953035009e-07
3.939509652e-07
3.913618378e-07
3.900946868e-07
4.062294993e-07
4.111454739e-07
3.97875069e-07
4.074482512e-07
3.968898209e-07
4.060220659e-07
3.951888585e-07
4.038045434e-07
3.940018197e-07
4.035664675e-07
3.927561227e-07
4.016645205e-07
3.914172472e-07
3.990091578e-07
3.884320203e-07
3.990091578e-07
4.018050898e-07
3.901027216e-07
3.953715737e-07
3.830305267e-07
3.953715737e-07
3.905942768e-07
3.760808914e-07
3.569807514e-07
3.460049119e-07
3.569807514e-07
3.365797746e-07
3.309160365e-07
3.365797746e-07
3.244997618e-07
3.216772261e-07
3.175105294e-07
3.175105294e-07
3.135198649e-07
3.135198649e-07
3.133106178e-07
3.109392955e-07
3.10659427e-07
3.109392955e-07
3.096794567e-07
3.096038514e-07
3.096794567e-07
3.093930728e-07
3.087922952e-07
3.087014097e-07
3.087922952e-07
3.084833699e-07
3.08263079e-07
3.0812462e-07
3.08263079e-07
3.080767313e-07
3.07900798e-07
3.081257865e-07
3.077678687e-07
3.079673393e-07
3.079585732e-07
3.079673393e-07
3.078320803e-07
3.076303592e-07
3.076247324e-07
3.072389733e-07
3.076247324e-07
3.074380093e-07
3.072193769e-07
3.081359152e-07
3.070367231e-07
3.07956178e-07
3.079487803e-07
3.07956178e-07
3.077190778e-07
3.075835937e-07
3.076332612e-07
3.075835937e-07
3.073111413e-07
3.092707005e-07
3.093232605e-07
3.092707005e-07
3.088847146e-07
3.097183998e-07
3.100050429e-07
3.097183998e-07
3.092637291e-07
3.126498144e-07
3.128956658e-07
3.126498144e-07
3.1614887e-07
3.16715096e-07
3.1614887e-07
3.23505541e-07
3.23505541e-07
3.345160708e-07
3.355545932e-07
3.568855762e-07
3.568855762e-07
3.97457937e-07
5.159423687e-07
0.00906397541
0.01942784901
0.006213187884
0.0008787922073
0.000153387643
1.08792074e-05
1.469961929e-06
7.545876368e-07
5.136368103e-07
4.526298453e-07
4.175190118e-07
4.002590473e-07
3.916666716e-07
3.87190075e-07
3.842058932e-07
3.827681619e-07
3.812737636e-07
0.009244760035
0.009604791014
0.01558562052
0.01890968257
0.01308476671
0.01128478962
0.007284133237
0.002497218051
0.001439579951
0.0003604589714
0.0003253644668
5.757806312e-05
8.758225015e-06
8.976029804e-06
3.985326379e-06
1.384671325e-06
1.304091039e-06
6.46286379e-07
6.531755678e-07
4.613417048e-07
5.03761891e-07
4.34784727e-07
4.428199306e-07
4.127909876e-07
4.141858227e-07
3.993155952e-07
4.045782421e-07
3.923756143e-07
3.97872323e-07
3.888805865e-07
3.953035009e-07
3.864354201e-07
3.939509652e-07
3.850292516e-07
3.913618378e-07
3.834317087e-07
3.900946868e-07
3.824744608e-07
3.815382762e-07
3.800315389e-07
3.900946868e-07
3.940018197e-07
3.856685066e-07
3.927561227e-07
3.842299184e-07
3.914172472e-07
3.816025525e-07
3.884320203e-07
3.782097069e-07
3.884320203e-07
3.901027216e-07
3.78850658e-07
3.830305267e-07
3.711986732e-07
3.830305267e-07
3.760808914e-07
3.637922752e-07
3.460049119e-07
3.460049119e-07
3.309160365e-07
3.272688831e-07
3.309160365e-07
3.216772261e-07
3.197568313e-07
3.216772261e-07
3.161135149e-07
3.152432266e-07
3.161135149e-07
3.127261002e-07
3.124008521e-07
3.127261002e-07
3.10659427e-07
3.106122586e-07
3.10659427e-07
3.096038514e-07
3.095591524e-07
3.096038514e-07
3.092404509e-07
3.087014097e-07
3.088698277e-07
3.087014097e-07
3.084909582e-07
3.0812462e-07
3.080901255e-07
3.0812462e-07
3.078762987e-07
3.083656929e-07
3.076813798e-07
3.081257865e-07
3.081202486e-07
3.081257865e-07
3.079585732e-07
3.077740708e-07
3.073298595e-07
3.076159097e-07
3.072389733e-07
3.069725753e-07
3.072389733e-07
3.069993769e-07
3.068142875e-07
3.081359152e-07
3.081924023e-07
3.081359152e-07
3.079487803e-07
3.076985048e-07
3.076332612e-07
3.078095433e-07
3.076332612e-07
3.073328289e-07
3.093232605e-07
3.093232605e-07
3.089492038e-07
3.100050429e-07
3.100050429e-07
3.095614304e-07
3.128956658e-07
3.128956658e-07
3.16715096e-07
3.16715096e-07
3.160340976e-07
3.232269628e-07
3.237833533e-07
3.355545932e-07
3.355545932e-07
3.566736028e-07
3.566736028e-07
3.974056797e-07
5.158903246e-07
0.02481670548
0.004268451249
0.0003269561848
6.363636354e-06
6.588910507e-07
4.631248822e-07
0.0220701363
0.005016316048
0.0006103048436
2.640598209e-05
1.418384881e-06
5.385688608e-07
4.340123558e-07
4.061062803e-07
3.916653004e-07
3.832594406e-07
3.78591964e-07
0.01829822134
0.004706618692
0.0006968725382
5.799940225e-05
3.845305805e-06
7.513963603e-07
4.856102206e-07
4.157278141e-07
3.979905403e-07
3.88285528e-07
3.824039897e-07
3.775672482e-07
3.753878506e-07
3.741426622e-07
0.0143827165
0.006332784554
0.001318838717
0.0001324012866
1.241983971e-05
1.269753553e-06
5.34772354e-07
4.43090989e-07
4.083404413e-07
3.930040531e-07
3.846298601e-07
3.811546407e-07
3.779794886e-07
3.762833351e-07
3.749991209e-07
3.739002512e-07
3.728967782e-07
0.01052152534
0.007283970604
0.001549089025
0.0002515574666
2.442602042e-05
3.030884163e-06
7.852556814e-07
4.868771904e-07
4.25079676e-07
4.033791856e-07
3.915287745e-07
3.830087939e-07
3.794043244e-07
3.774661376e-07
3.762329354e-07
3.755954746e-07
3.747184548e-07
3.737370604e-07
3.727489735e-07
0.00906397541
0.008044515404
0.01942784901
0.01326402286
0.006213187884
0.002617464482
0.0008787922073
0.0003902300493
0.000153387643
5.853868164e-05
1.08792074e-05
5.87729614e-06
1.469961929e-06
1.159844819e-06
7.545876368e-07
5.850590766e-07
5.136368103e-07
4.485162593e-07
4.526298453e-07
4.151048495e-07
4.175190118e-07
3.978664828e-07
4.002590473e-07
3.899654221e-07
3.916666716e-07
3.83827438e-07
3.87190075e-07
3.809650686e-07
3.842058932e-07
3.789365753e-07
3.827681619e-07
3.776197071e-07
3.812737636e-07
3.765776728e-07
3.755306132e-07
3.74661959e-07
3.731890921e-07
3.812737636e-07
3.834317087e-07
3.781913867e-07
3.824744608e-07
3.773032844e-07
3.815382762e-07
3.758468464e-07
3.800315389e-07
3.742503104e-07
3.713432408e-07
3.800315389e-07
3.816025525e-07
3.745889723e-07
3.782097069e-07
3.708698024e-07
3.782097069e-07
3.78850658e-07
3.698254157e-07
3.711986732e-07
3.711986732e-07
3.637922752e-07
3.49663569e-07
3.637922752e-07
3.414892927e-07
3.338620988e-07
3.272688831e-07
3.272688831e-07
3.197568313e-07
3.197568313e-07
3.152432266e-07
3.143923146e-07
3.152432266e-07
3.124008521e-07
3.12156901e-07
3.124008521e-07
3.106122586e-07
3.106122586e-07
3.095591524e-07
3.095591524e-07
3.092170255e-07
3.088698277e-07
3.089981999e-07
3.088698277e-07
3.084612956e-07
3.080901255e-07
3.080662427e-07
3.080901255e-07
3.077748611e-07
3.083656929e-07
3.083864343e-07
3.083656929e-07
3.081202486e-07
3.079222465e-07
3.077441256e-07
3.073298595e-07
3.073250805e-07
3.073298595e-07
3.069725753e-07
3.067363499e-07
3.066078964e-07
3.081924023e-07
3.081364209e-07
3.081924023e-07
3.079287236e-07
3.076832874e-07
3.078095433e-07
3.079687645e-07
3.078095433e-07
3.074823994e-07
3.071271179e-07
3.0897267e-07
3.091040879e-07
3.0897267e-07
3.085963374e-07
3.099618386e-07
3.102419486e-07
3.099618386e-07
3.095377572e-07
3.12480269e-07
3.128499923e-07
3.12480269e-07
3.167688879e-07
3.167688879e-07
3.237833533e-07
3.237833533e-07
3.356587173e-07
3.356587173e-07
3.563422138e-07
3.563422138e-07
3.974585663e-07
5.15834194e-07
3.663315452e-07
3.689716154e-07
3.676691518e-07
3.663575071e-07
3.704020697e-07
3.689895875e-07
3.677107477e-07
3.664092561e-07
3.750008076e-07
3.725106833e-07
3.704374315e-07
3.690433499e-07
3.677293188e-07
3.664455199e-07
3.856108675e-07
3.789008594e-07
3.750285307e-07
3.725337346e-07
3.704490908e-07
3.69079818e-07
3.677870016e-07
3.665237911e-07
4.464055282e-07
4.003276869e-07
3.856421806e-07
3.788885801e-07
3.75017496e-07
3.725407071e-07
3.705309246e-07
3.691749922e-07
3.678123231e-07
3.66572747e-07
3.653656076e-07
0.0004864557884
6.168788884e-06
6.123744707e-07
4.463203618e-07
4.003776045e-07
3.856934192e-07
3.789956039e-07
3.751058232e-07
3.726093501e-07
3.705532383e-07
3.692188732e-07
3.678864407e-07
3.666990534e-07
3.65418754e-07
0.01340789163
0.0005314577385
6.421409276e-06
6.121769049e-07
4.465004893e-07
4.006359508e-07
3.858398459e-07
3.78990039e-07
3.750945949e-07
3.726349497e-07
3.706966507e-07
3.693707842e-07
3.679586466e-07
3.667636028e-07
3.655051692e-07
0.01447763649
0.000593629168
7.339617008e-06
6.162988014e-07
4.472206797e-07
4.008277244e-07
3.859641729e-07
3.792354271e-07
3.753308544e-07
3.72817839e-07
3.707740609e-07
3.694219273e-07
3.680397e-07
3.669578765e-07
3.656425059e-07
0.01592552905
0.0006526437249
7.887549896e-06
6.189762824e-07
4.485821621e-07
4.016240928e-07
3.864355433e-07
3.793480843e-07
3.753385837e-07
3.728668887e-07
3.709678603e-07
3.69674268e-07
3.682273017e-07
3.670774064e-07
3.657346667e-07
0.01715369262
0.0008009120488
1.02951558e-05
6.326489274e-07
4.513224818e-07
4.024919381e-07
3.868285094e-07
3.798327335e-07
3.758401004e-07
3.732812963e-07
3.712061645e-07
3.697308218e-07
3.683148965e-07
3.672996933e-07
3.660806385e-07
0.0194637282
0.0009241125381
1.155365077e-05
6.445382348e-07
4.562934181e-07
4.047336573e-07
3.880947318e-07
3.80376486e-07
3.760355344e-07
3.733846135e-07
3.714001215e-07
3.70114927e-07
3.686898056e-07
3.676335486e-07
3.66250089e-07
0.02193116823
0.001317393923
2.067036901e-05
7.08571891e-07
4.636850373e-07
4.074850561e-07
3.892807436e-07
3.813185448e-07
3.768940708e-07
3.741954428e-07
3.719508235e-07
3.703027786e-07
3.68859547e-07
3.678717512e-07
3.667991947e-07
3.659440295e-07
0.02461403044
0.001420169399
2.724228721e-05
7.715386604e-07
4.766172869e-07
4.128062638e-07
3.92334377e-07
3.828800799e-07
3.777175836e-07
3.744318383e-07
3.721970706e-07
3.708088459e-07
3.694268996e-07
3.684891739e-07
3.672322003e-07
3.664818862e-07
0.02668493378
0.002354472656
5.567635129e-05
9.892912958e-07
4.962472199e-07
4.208036148e-07
3.954968144e-07
3.848500955e-07
3.79017848e-07
3.758663189e-07
3.732482403e-07
3.713629601e-07
3.698430084e-07
3.688155657e-07
3.67942368e-07
3.673137501e-07
3.66335627e-07
0.02481670548
0.02655026944
0.004268451249
0.003181368445
0.0003269561848
0.000100566829
6.363636354e-06
1.410477743e-06
6.588910507e-07
5.216883863e-07
4.631248822e-07
4.339774579e-07
4.025726649e-07
3.885072923e-07
3.814144074e-07
3.766726082e-07
3.737254276e-07
3.720333513e-07
3.705545425e-07
3.697745702e-07
3.68612177e-07
3.678915376e-07
3.673295758e-07
3.662791877e-07
4.631248822e-07
4.340123558e-07
4.111383583e-07
4.061062803e-07
3.929402582e-07
3.916653004e-07
3.836129868e-07
3.832594406e-07
3.788268671e-07
3.78591964e-07
3.756485665e-07
3.730800636e-07
3.714471195e-07
3.702245871e-07
3.694575324e-07
3.69075693e-07
3.683132708e-07
3.672324997e-07
3.78591964e-07
3.775672482e-07
3.741192499e-07
3.753878506e-07
3.723024016e-07
3.741426622e-07
3.715437314e-07
3.704811855e-07
3.697786512e-07
3.691686354e-07
3.681960127e-07
3.668494453e-07
3.741426622e-07
3.749991209e-07
3.715270149e-07
3.739002512e-07
3.712435626e-07
3.728967782e-07
3.705116098e-07
3.695055206e-07
3.680906899e-07
3.66394771e-07
3.728967782e-07
3.737370604e-07
3.707123642e-07
3.727489735e-07
3.695000174e-07
3.678247048e-07
3.653113674e-07
3.727489735e-07
3.731890921e-07
3.695838369e-07
3.670998046e-07
3.636577167e-07
3.731890921e-07
3.742503104e-07
3.691426301e-07
3.713432408e-07
3.660211459e-07
3.620236467e-07
3.713432408e-07
3.708698024e-07
3.650111623e-07
3.60037851e-07
3.708698024e-07
3.698254157e-07
3.631295029e-07
3.698254157e-07
3.665829973e-07
3.602656785e-07
3.49663569e-07
3.49663569e-07
3.338620988e-07
3.315329546e-07
3.338620988e-07
3.243072942e-07
3.230225642e-07
3.243072942e-07
3.179651073e-07
3.176157674e-07
3.143923146e-07
3.143923146e-07
3.12156901e-07
3.12156901e-07
3.117098363e-07
3.101167223e-07
3.103274452e-07
3.101167223e-07
3.09146172e-07
3.093677138e-07
3.09146172e-07
3.089981999e-07
3.089981999e-07
3.085287797e-07
3.080662427e-07
3.082935679e-07
3.080662427e-07
3.077084655e-07
3.083864343e-07
3.083473603e-07
3.083864343e-07
3.080982527e-07
3.07845788e-07
3.080237912e-07
3.076575216e-07
3.073250805e-07
3.077693993e-07
3.073250805e-07
3.069643723e-07
3.067614503e-07
3.066105748e-07
3.081364209e-07
3.079020149e-07
3.081364209e-07
3.078852239e-07
3.076317646e-07
3.079687645e-07
3.082655845e-07
3.079687645e-07
3.07679274e-07
3.073683084e-07
3.091040879e-07
3.091065008e-07
3.091040879e-07
3.087232977e-07
3.102419486e-07
3.102419486e-07
3.09755863e-07
3.128499923e-07
3.128499923e-07
3.122610911e-07
3.165752352e-07
3.172573457e-07
3.165752352e-07
3.236365099e-07
3.236365099e-07
3.354769674e-07
3.354769674e-07
3.562494467e-07
3.562494467e-07
3.973438681e-07
5.157999595e-07
3.579402288e-07
3.560061517e-07
3.594392938e-07
3.579523335e-07
3.560191648e-07
3.663315452e-07
3.61033641e-07
3.594473718e-07
3.579761255e-07
3.560520114e-07
3.663575071e-07
3.610426305e-07
3.594604773e-07
3.580063274e-07
3.560742478e-07
3.664092561e-07
3.610653152e-07
3.594820439e-07
3.580330106e-07
3.561150025e-07
3.664455199e-07
3.610762798e-07
3.594988463e-07
3.580925939e-07
3.561709629e-07
3.665237911e-07
3.653656076e-07
3.611028014e-07
3.595629236e-07
3.581358487e-07
3.562274171e-07
3.653656076e-07
3.596028023e-07
3.58224541e-07
3.563589629e-07
3.65418754e-07
3.597371838e-07
3.5832804e-07
3.564663347e-07
3.547171674e-07
3.655051692e-07
3.598153689e-07
3.584588215e-07
3.566968032e-07
3.550278709e-07
3.656425059e-07
3.60065097e-07
3.586570203e-07
3.569515193e-07
3.552940723e-07
3.657346667e-07
3.602061536e-07
3.588917895e-07
3.573165606e-07
3.557261065e-07
3.660806385e-07
3.606332349e-07
3.592533346e-07
3.577380012e-07
3.561693274e-07
3.66250089e-07
3.659440295e-07
3.608971865e-07
3.596077717e-07
3.582810188e-07
3.566732502e-07
3.659440295e-07
3.602028187e-07
3.58900753e-07
3.573476431e-07
3.664818862e-07
3.66335627e-07
3.607872461e-07
3.596230054e-07
3.579879484e-07
3.560210396e-07
3.66335627e-07
3.662791877e-07
3.604323351e-07
3.589109645e-07
3.567987865e-07
3.662791877e-07
3.597130414e-07
3.57943769e-07
3.557419714e-07
3.672324997e-07
3.668494453e-07
3.609051674e-07
3.590136898e-07
3.568418325e-07
3.668494453e-07
3.66394771e-07
3.603081825e-07
3.581872595e-07
3.550807143e-07
3.66394771e-07
3.653113674e-07
3.595579957e-07
3.562904978e-07
3.653113674e-07
3.636577167e-07
3.582267183e-07
3.535822457e-07
3.636577167e-07
3.620236467e-07
3.557325719e-07
3.620236467e-07
3.60037851e-07
3.511561758e-07
3.60037851e-07
3.445662476e-07
3.631295029e-07
3.602656785e-07
3.476391388e-07
3.602656785e-07
3.493840905e-07
3.345399218e-07
3.315329546e-07
3.315329546e-07
3.230225642e-07
3.230225642e-07
3.176157674e-07
3.176157674e-07
3.141010722e-07
3.141010722e-07
3.118581682e-07
3.118581682e-07
3.103274452e-07
3.103274452e-07
3.093677138e-07
3.093677138e-07
3.090213403e-07
3.087531666e-07
3.090284886e-07
3.087531666e-07
3.082935679e-07
3.082935679e-07
3.078458762e-07
3.083473603e-07
3.083473603e-07
3.079735242e-07
3.077029921e-07
3.080237912e-07
3.078298579e-07
3.080237912e-07
3.077693993e-07
3.075689958e-07
3.073516994e-07
3.082335296e-07
3.071593871e-07
3.079020149e-07
3.079958006e-07
3.079020149e-07
3.076464794e-07
3.074059554e-07
3.082655845e-07
3.083272856e-07
3.082655845e-07
3.079948671e-07
3.076576745e-07
3.091065008e-07
3.091065008e-07
3.087209846e-07
3.083585338e-07
3.101556467e-07
3.104723422e-07
3.101556467e-07
3.096679024e-07
3.125596066e-07
3.127448847e-07
3.125596066e-07
3.172573457e-07
3.172573457e-07
3.16521515e-07
3.233569234e-07
3.233569234e-07
3.35481844e-07
3.35481844e-07
3.559976846e-07
3.559976846e-07
3.97378446e-07
5.157924444e-07
3.572186609e-07
3.547044873e-07
3.595403406e-07
3.572757559e-07
3.547867359e-07
3.560061517e-07
3.596047797e-07
3.573408609e-07
3.54885031e-07
3.560191648e-07
3.597300025e-07
3.574263246e-07
3.549986086e-07
3.560520114e-07
3.598042179e-07
3.575175789e-07
3.551348356e-07
3.560742478e-07
3.599070157e-07
3.576914985e-07
3.553003664e-07
3.561150025e-07
3.599738376e-07
3.57853176e-07
3.554931969e-07
3.561709629e-07
3.600610716e-07
3.583590534e-07
3.557032328e-07
3.562274171e-07
3.603940501e-07
3.587395494e-07
3.558918259e-07
3.563589629e-07
3.547171674e-07
3.608482698e-07
3.591917704e-07
3.560803643e-07
3.547171674e-07
3.595089828e-07
3.5622239e-07
3.550278709e-07
3.59741946e-07
3.563930784e-07
3.552940723e-07
3.597977728e-07
3.56622051e-07
3.557261065e-07
3.598534235e-07
3.568723318e-07
3.561693274e-07
3.598451514e-07
3.570526789e-07
3.566732502e-07
3.600442458e-07
3.572158438e-07
3.573476431e-07
3.560210396e-07
3.602281873e-07
3.573689346e-07
3.560210396e-07
3.577902952e-07
3.534820675e-07
3.567987865e-07
3.557419714e-07
3.580898573e-07
3.541928788e-07
3.557419714e-07
3.552796815e-07
3.568418325e-07
3.550807143e-07
3.564534068e-07
3.546373223e-07
3.550807143e-07
3.558136889e-07
3.562904978e-07
3.535822457e-07
3.577726151e-07
3.535822457e-07
3.552091159e-07
3.557325719e-07
3.511561758e-07
3.563942932e-07
3.511561758e-07
3.445662476e-07
3.528275376e-07
3.445662476e-07
3.476391388e-07
3.345399218e-07
3.502293025e-07
3.345399218e-07
3.259141835e-07
3.371080588e-07
3.259141835e-07
3.201428244e-07
3.306540564e-07
3.201428244e-07
3.164045588e-07
3.268096649e-07
3.164045588e-07
3.137775085e-07
3.225684717e-07
3.137775085e-07
3.118596924e-07
3.196095563e-07
3.118596924e-07
3.103337444e-07
3.170016393e-07
3.103337444e-07
3.093584777e-07
3.147120089e-07
3.093584777e-07
3.090284886e-07
3.090284886e-07
3.085007508e-07
3.082554704e-07
3.108350245e-07
3.082554704e-07
3.077436141e-07
3.081932279e-07
3.096067591e-07
3.081932279e-07
3.078979338e-07
3.078298579e-07
3.078298579e-07
3.076697217e-07
3.072690952e-07
3.069661957e-07
3.082335296e-07
3.083215604e-07
3.082335296e-07
3.079958006e-07
3.07729586e-07
3.074955748e-07
3.083272856e-07
3.08641147e-07
3.083272856e-07
3.080159106e-07
3.07721497e-07
3.07412192e-07
3.087855907e-07
3.087849397e-07
3.087855907e-07
3.083878474e-07
3.104723422e-07
3.104723422e-07
3.100185893e-07
3.127448847e-07
3.127448847e-07
3.122114658e-07
3.171525705e-07
3.171525705e-07
3.164484338e-07
3.230768788e-07
3.240838695e-07
3.230768788e-07
3.353833282e-07
3.353833282e-07
3.558623615e-07
3.558623615e-07
3.971624226e-07
5.141894399e-07
3.342482532e-07
3.547044873e-07
3.341682598e-07
3.547867359e-07
3.341054624e-07
3.54885031e-07
3.340658572e-07
3.549986086e-07
3.339573161e-07
3.551348356e-07
3.340120362e-07
3.553003664e-07
3.339711362e-07
3.554931969e-07
3.33904561e-07
3.557032328e-07
3.339184791e-07
3.558918259e-07
3.339507182e-07
3.560803643e-07
3.341398177e-07
3.5622239e-07
3.339777176e-07
3.563930784e-07
3.3499868e-07
3.56622051e-07
3.348295576e-07
3.568723318e-07
3.352267422e-07
3.570526789e-07
3.357750566e-07
3.572158438e-07
3.365282028e-07
3.331550479e-07
3.573689346e-07
3.534820675e-07
3.375327161e-07
3.340110194e-07
3.534820675e-07
3.351727373e-07
3.541928788e-07
3.367165456e-07
3.552796815e-07
3.546373223e-07
3.386973816e-07
3.546373223e-07
3.353321614e-07
3.558136889e-07
3.380623086e-07
3.577726151e-07
3.552091159e-07
3.414719805e-07
3.552091159e-07
3.380224275e-07
3.563942932e-07
3.528275376e-07
3.426776568e-07
3.528275376e-07
3.418476602e-07
3.556498784e-07
3.502293025e-07
3.490467966e-07
3.502293025e-07
3.371080588e-07
3.517461363e-07
3.371080588e-07
3.306540564e-07
3.306540564e-07
3.268096649e-07
3.268096649e-07
3.225684717e-07
3.225684717e-07
3.196095563e-07
3.196095563e-07
3.170016393e-07
3.170016393e-07
3.147120089e-07
3.147120089e-07
3.1525049e-07
3.12644488e-07
3.568161009e-07
3.12644488e-07
3.108350245e-07
3.108350245e-07
3.10671214e-07
3.096067591e-07
3.096067591e-07
3.093514024e-07
3.091450399e-07
3.082044907e-07
3.232988026e-07
3.082044907e-07
3.080082114e-07
3.078438037e-07
3.083215604e-07
3.1649055e-07
3.083215604e-07
3.080947846e-07
3.078646531e-07
3.076320752e-07
3.08641147e-07
3.08641147e-07
3.083424597e-07
3.080397466e-07
3.077462449e-07
3.087849397e-07
3.107885391e-07
3.087849397e-07
3.084322027e-07
3.08046567e-07
3.104760418e-07
3.111888683e-07
3.104760418e-07
3.099789769e-07
3.125849277e-07
3.125849277e-07
3.120308195e-07
3.167859029e-07
3.167859029e-07
3.240838695e-07
3.240838695e-07
3.232116252e-07
3.349656281e-07
3.349656281e-07
3.559719549e-07
3.559719549e-07
3.96961655e-07
5.141676331e-07
3.658743509e-07
3.342482532e-07
3.665873461e-07
3.341682598e-07
3.665752865e-07
3.341054624e-07
3.666372602e-07
3.340658572e-07
3.666962429e-07
3.339573161e-07
3.66727514e-07
3.340120362e-07
3.666049821e-07
3.339711362e-07
3.664127361e-07
3.33904561e-07
3.662120558e-07
3.339184791e-07
3.662391915e-07
3.339507182e-07
3.661503383e-07
3.341398177e-07
3.641884337e-07
3.339777176e-07
3.647032473e-07
3.3499868e-07
3.680602519e-07
3.348295576e-07
3.749423155e-07
3.352267422e-07
3.858925794e-07
3.357750566e-07
3.331550479e-07
4.011363049e-07
3.331550479e-07
4.200981628e-07
3.340110194e-07
4.429979648e-07
3.351727373e-07
4.680627701e-07
3.367165456e-07
4.945813214e-07
3.386973816e-07
3.353321614e-07
5.218970147e-07
3.353321614e-07
5.424660711e-07
3.380623086e-07
5.70438251e-07
3.414719805e-07
3.380224275e-07
5.979646287e-07
3.380224275e-07
3.426776568e-07
3.418476602e-07
6.462280088e-07
3.418476602e-07
3.490467966e-07
3.517461363e-07
6.812524721e-07
3.517461363e-07
3.644273076e-07
3.732888142e-07
7.455927536e-07
3.732888142e-07
3.831667262e-07
7.62950186e-07
3.831667262e-07
3.890993601e-07
7.834238025e-07
3.890993601e-07
3.88990848e-07
7.948577542e-07
3.88990848e-07
3.822154327e-07
3.822154327e-07
3.706091025e-07
3.706091025e-07
3.568161009e-07
3.568161009e-07
3.615767792e-07
3.456918173e-07
3.456918173e-07
3.481866025e-07
3.333933791e-07
6.125862943e-07
3.333933791e-07
3.344070181e-07
3.232988026e-07
3.232988026e-07
3.235724658e-07
3.238098178e-07
3.1649055e-07
3.1649055e-07
3.164592296e-07
3.164319008e-07
3.164084098e-07
3.163889816e-07
3.125783405e-07
4.387707645e-07
3.125783405e-07
3.123907872e-07
3.122071035e-07
3.107885391e-07
3.107885391e-07
3.104733011e-07
3.101609186e-07
3.111888683e-07
3.111888683e-07
3.107547614e-07
3.103226829e-07
3.119443042e-07
3.531577325e-07
3.119443042e-07
3.114054795e-07
3.161384275e-07
3.469167586e-07
3.161384275e-07
3.241123311e-07
3.241123311e-07
3.232072132e-07
3.348554755e-07
3.55022097e-07
3.348554755e-07
3.558721872e-07
3.558721872e-07
3.967119241e-07
3.946038677e-07
5.141855031e-07
3.658743509e-07
3.665873461e-07
3.665752865e-07
3.666372602e-07
3.666962429e-07
3.66727514e-07
3.666049821e-07
3.664127361e-07
3.662120558e-07
3.662391915e-07
3.661503383e-07
3.641884337e-07
3.647032473e-07
3.680602519e-07
3.749423155e-07
3.858925794e-07
4.011363049e-07
4.200981628e-07
4.200981628e-07
4.429979648e-07
4.680627701e-07
4.945813214e-07
5.218970147e-07
5.424660711e-07
5.424660711e-07
5.70438251e-07
5.979646287e-07
6.318877394e-07
6.462280088e-07
6.462280088e-07
6.780328059e-07
6.812524721e-07
6.812524721e-07
7.353270763e-07
7.455927536e-07
7.455927536e-07
7.62950186e-07
7.62950186e-07
7.834238025e-07
7.834238025e-07
7.948577542e-07
7.948577542e-07
8.523783571e-07
8.260475419e-07
8.260475419e-07
7.843410287e-07
7.843410287e-07
7.332037143e-07
7.332037143e-07
7.55560868e-07
6.959628915e-07
6.959628915e-07
6.125862943e-07
6.125862943e-07
6.202165142e-07
6.332306896e-07
5.540089761e-07
5.540089761e-07
5.582261427e-07
5.616314351e-07
4.915324797e-07
4.915324797e-07
4.935576726e-07
4.955643381e-07
4.975585168e-07
4.387707645e-07
4.387707645e-07
4.401741066e-07
4.415904695e-07
4.430217664e-07
3.979426699e-07
3.979426699e-07
3.987850754e-07
3.996469241e-07
3.694215429e-07
3.694215429e-07
3.697424073e-07
3.531577325e-07
3.531577325e-07
3.530172633e-07
3.469167586e-07
3.469167586e-07
3.464013297e-07
3.477510135e-07
3.477510135e-07
3.55022097e-07
3.55022097e-07
3.538617279e-07
3.674629404e-07
3.946038677e-07
3.946038677e-07
5.139524772e-07
)
;
    }
}


// ************************************************************************* //
