/*--------------------------------*- C++ -*----------------------------------*\
| =========                 |                                                 |
| \\      /  F ield         | OpenFOAM: The Open Source CFD Toolbox           |
|  \\    /   O peration     | Version:                                        |
|   \\  /    A nd           | Website:  www.openfoam.com                      |
|    \\/     M anipulation  |                                                 |
\*---------------------------------------------------------------------------*/
FoamFile
{
    version     2.0;
    format      ascii;
    class       volScalarField;
    location    "3000";
    object      omega;
}
// * * * * * * * * * * * * * * * * * * * * * * * * * * * * * * * * * * * * * //

dimensions      [0 0 -1 0 0 0 0];


internalField   nonuniform List<scalar> 
48000
(
35.32545668
33.84891372
31.43085024
44.25766801
43.80536574
42.98814097
51.98076663
51.44327709
60.51614544
59.66555515
69.69151998
68.15199602
80.8314087
78.01445895
96.8976446
91.58903887
123.5432545
114.1581704
166.9236225
153.9026825
209.4500403
210.8264548
219.7169093
246.6888648
182.6155079
252.259519
142.3358326
206.374461
114.6471082
166.6112291
96.19503433
139.2509191
97.40451529
128.8795167
123.2367226
139.3732573
211.0161741
185.2892942
515.1369643
345.5493912
2472.725252
941.5993346
21065.46878
2657.287059
21044.95536
0.522829327
0.5324668179
0.547805611
0.5639655257
0.5885322329
0.6170332959
0.6592951563
0.7141823219
0.7972923192
0.9213707088
1.131983679
1.531917021
0.4867173981
0.4870177965
0.4897976939
0.4918992091
0.4964772645
0.5001390453
0.5068359616
0.5127948623
0.5227522982
0.532443643
0.5477556168
0.5639234588
0.5884188399
0.6169324503
0.6592073175
0.7140244631
0.7971136705
0.9211377848
1.131743466
1.531711751
2342.717762
770.0897708
207.0262046
41.81417726
18.58217886
11.90119478
8.457634031
4.904348202
3.018940039
1.963037961
0.5121785537
0.5082855177
0.505487822
0.5005992895
0.4966871532
0.4910946488
0.4877801465
0.4866865901
0.4870029187
0.4897787352
0.491885557
0.4964550575
0.5001194652
0.5068065925
0.5127728799
0.5227113245
0.5323953768
0.5476556466
0.5638526784
0.5883423681
0.6168747815
0.6590446095
0.7139152559
0.7968985966
0.9209370334
1.131440657
1.531492677
2343.988623
771.3287943
207.2333659
41.7434533
18.48157947
11.81069648
8.381963881
4.869142117
3.00098362
1.953611461
1.355146713
1.005594072
0.8026617306
0.6896726529
0.6253135964
0.5805116316
0.5528825387
0.5354798815
0.5247522714
0.518267769
0.5144227775
0.5121601185
0.5082802052
0.5054700513
0.5005699782
0.496641728
0.4910401499
0.4877415448
0.4866522266
0.4869728528
0.4897420244
0.4918588444
0.4964103725
0.500079655
0.5067469232
0.5127263814
0.5226315581
0.5323692925
0.5476083701
0.5638147026
0.5882333897
0.616744987
0.6589365738
0.7137341169
0.7966864814
0.9206542888
1.13114479
1.531242886
2346.020386
772.5072655
207.4618331
41.68107599
18.40261361
11.72835268
8.315447705
4.83929523
2.98550195
1.945770452
1.351512169
1.004045395
0.8019324073
0.6892458278
0.6250840716
0.5804628479
0.5529146048
0.5355310821
0.5247885782
0.5182798586
0.5144184046
0.512144282
0.5082736217
0.5054536572
0.5005356545
0.4965958673
0.490984466
0.4877022046
0.4866180666
0.4869594415
0.4897261996
0.4918469647
0.4963905891
0.500062252
0.506721398
0.5127057964
0.5225960957
0.5323226282
0.5474961286
0.5637256032
0.5881303265
0.6166843669
0.6587590291
0.7135882928
0.7964378559
0.9204126638
1.130796304
1.530960857
2349.207069
773.9077671
207.7079428
41.61802066
18.31515608
11.64110191
8.243990641
4.807006795
2.968625849
1.937089033
1.347408743
1.002116181
0.8009181918
0.6887178176
0.6248687365
0.5804337301
0.552968483
0.5355896186
0.5248274309
0.5182934336
0.5144117852
0.5121270912
0.508267711
0.5054330118
0.5005035488
0.4965408241
0.4909325382
0.4876621459
0.4865832303
0.4869271685
0.4896888562
0.4918154512
0.4963419066
0.5000172975
0.5066590165
0.5126512313
0.5225122227
0.5322744503
0.5474515707
0.5636874081
0.5880289424
0.6165274239
0.6586247985
0.7133830159
0.7961955326
0.9200825614
1.130439918
1.530655244
2351.438533
775.630563
208.0723916
41.55071645
18.24376522
11.53416832
8.161036428
4.77021156
2.949050682
1.927422001
1.342967953
1.000162923
0.7999737999
0.6882231777
0.6246778544
0.5804336345
0.5530599121
0.5356712437
0.5248812662
0.5183153789
0.5144094686
0.5121096292
0.5082578497
0.5054124527
0.5004599857
0.4964913882
0.490897278
0.4876273309
0.4865506999
0.4869143784
0.4896741277
0.4918026173
0.4963226446
0.4999995681
0.506634885
0.5126296395
0.5224788139
0.5322356918
0.5473359084
0.5635791279
0.5878956273
0.6164609495
0.6584342654
0.7132036348
0.7959108163
0.9197966204
1.130045596
1.530303816
2354.903112
777.7332012
208.4244656
41.47270547
18.09956322
11.41501626
8.065371043
4.726878074
2.926596714
1.916183411
1.337868629
0.9978713724
0.7987988001
0.6876419844
0.6245006921
0.580448558
0.5531909489
0.5357723617
0.5249442225
0.5183393339
0.5144049954
0.5120881646
0.5082503338
0.5053827918
0.5004164566
0.4964448889
0.4908709035
0.4875953661
0.4865176964
0.4868805582
0.4896343941
0.4917642379
0.4962693953
0.499947812
0.5065682944
0.5125655884
0.5223896218
0.5321652051
0.5472745962
0.5635371315
0.587802637
0.6162781143
0.6582694367
0.7129707844
0.7956383121
0.9194210565
1.129623523
1.529937328
2358.648779
780.3806417
209.0030475
41.37667349
17.98153609
11.26557987
7.95430765
4.678214743
2.899861756
1.903474452
1.332183685
0.9953635118
0.7976020224
0.6870753877
0.6243507893
0.5804987388
0.5533620964
0.5358848941
0.5250103199
0.5183633091
0.5143991608
0.5120659866
0.5082384611
0.5053521735
0.5003603096
0.4964106799
0.4908438908
0.487560476
0.4864849931
0.4868665103
0.489618275
0.4917486669
0.4962490273
0.4999280421
0.5065436704
0.5125414163
0.5223561123
0.5321293371
0.5471647797
0.5634149964
0.5876358554
0.6161986932
0.6580661571
0.7127608929
0.7953166868
0.9190875283
1.129185111
1.529527845
2363.522207
783.481622
209.4967561
41.25970229
17.73325345
11.10484465
7.828956175
4.620304428
2.870094979
1.889073062
1.32595341
0.9927262776
0.7963067162
0.6865153591
0.6242947453
0.5806331818
0.5536148119
0.5360400131
0.52509776
0.5183922635
0.5143877418
0.51203866
0.5082265149
0.5053063316
0.5003066415
0.4963812422
0.4908102632
0.4875251391
0.4864501611
0.4868276753
0.4895729664
0.4917014953
0.4961898065
0.4998676505
0.5064708047
0.512466061
0.5222591178
0.5320376917
0.5470814026
0.5633565648
0.5875491226
0.6159993217
0.6578684163
0.7124970627
0.795012544
0.9186693875
1.128698153
1.529106214
2369.348893
787.3258787
210.3666452
41.09744007
17.57329737
10.91330416
7.69275316
4.558293179
2.834711668
1.873218932
1.319204949
0.9897866353
0.7950163578
0.6860523791
0.6243345374
0.5808417358
0.5539323262
0.5362120938
0.5251879557
0.5184175216
0.5143721929
0.5120113896
0.5082100715
0.5052592878
0.5002427837
0.496357944
0.4907767982
0.4874927626
0.4864159316
0.4868107489
0.4895539654
0.4916816648
0.496166993
0.4998442139
0.5064441583
0.512437833
0.522223795
0.531999887
0.5469765417
0.5632276158
0.5873494924
0.615888211
0.6576491447
0.7122585047
0.7946535606
0.9182846176
1.128215779
1.528640672
2376.567553
791.6399235
211.0140378
40.91713698
17.23943671
10.72544993
7.562308806
4.494946393
2.79841118
1.856140549
1.312181859
0.9871455731
0.7938778166
0.6857417049
0.624587251
0.5812256191
0.5543767065
0.5364533077
0.5253162967
0.51845086
0.5143472249
0.5119787721
0.5081858689
0.5051903144
0.5001851071
0.4963412364
0.4907440097
0.4874574574
0.4863785141
0.4867634824
0.4895001646
0.4916225696
0.4960992426
0.4997717917
0.506361888
0.5123477773
0.5221153175
0.5318863516
0.5468689559
0.5631420936
0.5872614356
0.6156794513
0.6574195926
0.7119597355
0.7943141422
0.9178248101
1.127663024
1.528158565
2385.589803
796.9991912
212.2632575
40.69359841
17.0633956
10.51342034
7.436197477
4.42175405
2.760494801
1.839888225
1.305334153
0.9842230681
0.7928633764
0.6857043835
0.6250768833
0.5817360062
0.5549033829
0.5367197837
0.525436626
0.5184606929
0.5143185296
0.5119469045
0.5081584948
0.5051242473
0.5001268264
0.4963312398
0.4907078831
0.4874257655
0.4863412527
0.4867416793
0.4894762746
0.4915963329
0.4960719999
0.4997422442
0.5063310335
0.5123131097
0.5220758218
0.5318417379
0.546764938
0.563008827
0.5870309635
0.6155298254
0.6571776883
0.7116917517
0.7939167355
0.9173842516
1.127133212
1.527632493
2396.752385
802.7069883
213.0705586
40.47018505
16.79598547
10.33633652
7.338941293
4.358797223
2.729493603
1.827350195
1.30068393
0.9823293901
0.792333074
0.6861225143
0.6259404297
0.5825343576
0.5556180482
0.5370778614
0.5255752352
0.5184502857
0.514283976
0.5119109337
0.5081148041
0.5050320539
0.5000811472
0.496327587
0.4906835486
0.4873805871
0.4862981233
0.4866801264
0.4894088393
0.491519917
0.4959909807
0.4996520417
0.5062344534
0.5122027255
0.5219504751
0.5317022416
0.5466300542
0.5628873416
0.5869320561
0.6153101239
0.6569169272
0.711353799
0.7935369363
0.9168821672
1.126513311
1.527081358
2411.082455
809.7219673
214.9263531
40.3206399
16.60871187
10.16279732
7.271904528
4.294286714
2.703179402
1.820570549
1.299953946
0.9827730534
0.7928567955
0.6870141988
0.6272544267
0.5835112625
0.5564327337
0.5374347804
0.5256610015
0.5184279348
0.5142451661
0.5118742922
0.508065615
0.5049568747
0.5000578089
0.4963266562
0.4906111964
0.4873520322
0.4862540444
0.4866501474
0.4893768088
0.4914839195
0.4959559234
0.4996124924
0.5061957858
0.5121574754
0.5219028901
0.5316460073
0.5465211002
0.5627483594
0.5866710497
0.6151151702
0.6566437234
0.711052758
0.7930990646
0.9163806755
1.125930268
1.526486658
2429.096396
818.0058938
216.2589416
40.15759844
16.42840774
10.03326903
7.232011142
4.255285198
2.695782296
1.825115242
1.306597742
0.9870421841
0.7953806648
0.6887591968
0.6291115304
0.5849083998
0.5574784924
0.5377893128
0.5256898565
0.5183910776
0.514203916
0.5118356919
0.5080039643
0.5048686732
0.5000496882
0.4963038191
0.4905925273
0.4872776
0.4861987821
0.4865640486
0.4892868573
0.491380873
0.4958530436
0.4994948755
0.5060766279
0.5120173149
0.5217523544
0.5314718481
0.5463527804
0.5625796325
0.5865491645
0.6148788721
0.6563500653
0.7106697313
0.792670997
0.9158320295
1.125237953
1.525849213
2451.609873
828.7757223
219.6894247
40.38621393
16.26851723
10.0011887
7.400097531
4.26714162
2.716814557
1.844313563
1.319772462
0.9953289246
0.8001477391
0.6920366826
0.6316641918
0.5864520775
0.5584054053
0.537984499
0.525671733
0.5183466242
0.5141460061
0.5117979425
0.5079341459
0.5048251714
0.5001026113
0.4962820093
0.4904742202
0.4872494763
0.4861400916
0.4865205549
0.4892414575
0.4913299272
0.4958049124
0.4994394656
0.5060244692
0.511954968
0.5216904029
0.5313969313
0.5462307513
0.5624304098
0.5862552449
0.6146299459
0.6560337936
0.7103277315
0.7921876875
0.9152615037
1.124590403
1.525173641
2478.544812
841.1094236
221.8408527
40.22641177
16.22591646
9.960538571
7.38350709
4.299467539
2.756892964
1.879218443
1.346621397
1.008791281
0.8078065047
0.6966372146
0.6342998737
0.5882427377
0.5593704721
0.5380558501
0.5256321329
0.5182839941
0.5141010816
0.5117604679
0.5078867095
0.5048346499
0.5001113047
0.4961871745
0.4904504854
0.4871359806
0.4860598599
0.4863933167
0.4891142556
0.4911852972
0.4956659724
0.4992790114
0.505869043
0.5117698791
0.5215016326
0.531174498
0.5460186977
0.562198812
0.5860938682
0.6143667668
0.6557020997
0.7098913061
0.7916999365
0.9146574873
1.123816548
1.524429762
2510.784016
858.0489341
227.7518296
41.2843152
16.3106924
10.17280545
7.703857199
4.416390579
2.848107404
1.938352445
1.379035199
1.026381678
0.8167905776
0.7015866349
0.6373611763
0.5901769006
0.5593502307
0.5380362928
0.5255744126
0.5182389004
0.5140897974
0.511790909
0.5078755657
0.5048563989
0.5001948267
0.4961135692
0.4902670256
0.4870912743
0.4859786912
0.4863270795
0.4890476636
0.4911120766
0.4955965119
0.4991995902
0.5057950762
0.5116814143
0.5214163354
0.5310702734
0.5458721834
0.5620316546
0.5857628375
0.6140530789
0.655327738
0.7094960959
0.7911632065
0.9140076188
1.123090726
1.523670636
2545.549515
878.5221604
232.0528731
41.16666966
16.8339902
10.74673115
8.147923559
4.600198594
2.957827502
2.003377726
1.418927921
1.043843191
0.8261163502
0.7071844537
0.640473783
0.5915298693
0.5590083489
0.537984585
0.5255090734
0.5181784933
0.5140472711
0.5117843459
0.507886004
0.505016939
0.5002018593
0.4959489126
0.4902095751
0.4869248829
0.4858503683
0.4861348893
0.4888628627
0.4909054871
0.4954003824
0.498975669
0.5055840124
0.5114312073
0.521171861
0.5307824618
0.5456034412
0.561718138
0.5855400098
0.6137484205
0.654949981
0.7089968437
0.7906022294
0.9133372091
1.122228737
1.522817257
2580.396782
904.4576048
242.3989369
43.57316959
17.24392358
11.08826684
8.467285775
4.790771595
3.087246579
2.081061655
1.446035277
1.058711954
0.8342936324
0.7116954596
0.6426334209
0.5918151899
0.5586331625
0.5378862558
0.5254617562
0.5182168067
0.5141918565
0.512006463
0.5080943141
0.5051562478
0.5001792411
0.4958364814
0.4899421663
0.4868405049
0.4857474809
0.4860311447
0.4887657817
0.4908000937
0.4952981898
0.498862564
0.5054769207
0.5113060217
0.5210512477
0.5306351043
0.545417364
0.561522429
0.585169217
0.613360284
0.6545011919
0.7085330443
0.7900017707
0.9125970658
1.121411997
1.521998035
2608.237415
933.3510416
250.0716242
43.36231457
17.87079977
11.68084941
8.869554676
5.038495689
3.206907852
2.125522652
1.465698068
1.068429152
0.8390180087
0.7150579174
0.6453651918
0.5918177574
0.5588235321
0.5380337771
0.5255561904
0.5182833522
0.514233512
0.5120846524
0.508177733
0.5053176711
0.5001378655
0.495628755
0.4898143323
0.4866253445
0.4855709332
0.4857303959
0.4885106152
0.490508922
0.4950257026
0.4985638819
0.5051890285
0.5109743653
0.5207359212
0.5302686613
0.5450817511
0.5611119538
0.5848597831
0.6129958186
0.6540667948
0.7079613322
0.7893515108
0.9118454933
1.120458209
1.52106456
2625.050548
965.2409297
267.016518
48.05899152
18.37348136
11.8291574
9.051140473
5.202243035
3.302787832
2.17816546
1.491183997
1.080263024
0.8475893079
0.7205767229
0.6470416195
0.5915183774
0.55848379
0.5377788154
0.5253457663
0.5182549799
0.514515398
0.5125703671
0.5086956469
0.5055740382
0.5000915676
0.4955072417
0.489478497
0.4864222607
0.4853594497
0.485589391
0.4883750533
0.4903584334
0.4948753851
0.4983875339
0.5050322834
0.5107954374
0.52055718
0.5300571205
0.5448256887
0.5608594632
0.5844225937
0.612496462
0.6534872022
0.7073654566
0.788612684
0.9109232793
1.119451041
1.520182665
2621.71922
1000.62803
281.3050275
48.04541312
18.88057722
12.47060206
9.568115645
5.512138514
3.44610731
2.222763654
1.504250007
1.090894688
0.852524681
0.7217526479
0.6478710544
0.5939339742
0.5608534537
0.5391200026
0.5262991939
0.5190300243
0.5151389085
0.5130188198
0.5087674481
0.5056110974
0.500083445
0.4953386652
0.489264936
0.4861512438
0.4851107819
0.4852286492
0.4880092012
0.4899458872
0.4944886023
0.4979945151
0.5046106705
0.5103311408
0.520104692
0.5295513606
0.5443576882
0.5602546518
0.5839243038
0.611963663
0.6528704761
0.706558664
0.787662158
0.9098549394
1.118150077
1.519316097
2600.235695
1045.780241
310.6744292
56.13651698
19.66996424
12.65450618
9.683244478
5.63423702
3.443548398
2.229994689
1.531845363
1.109409464
0.8650080618
0.7324089436
0.6557019232
0.5960135244
0.5608599107
0.5391161251
0.5263576567
0.5191813114
0.5154258466
0.5134599061
0.5094699358
0.5061726732
0.5002565535
0.4952636256
0.4888613665
0.4858240101
0.4847638495
0.4849501073
0.4878043546
0.4897386699
0.4942692506
0.4977130183
0.5043820818
0.5100787129
0.5198382005
0.5292290182
0.5439416975
0.5598890624
0.5833198631
0.6112160472
0.6519573697
0.7056044915
0.7865151761
0.9084111595
1.116665859
1.518349017
2552.820907
1071.119407
349.9589217
59.10882247
19.4050028
12.06862458
9.167936845
5.593536694
3.553473861
2.366875141
1.60423176
1.146908931
0.8826817329
0.7383938549
0.6565264311
0.5998718087
0.5652157955
0.5421734021
0.5283276549
0.5205856168
0.5165593155
0.5144146634
0.5097476843
0.5062866961
0.5002691899
0.4952157587
0.4886238604
0.4855134749
0.4845093609
0.484604465
0.4873682803
0.4891606267
0.4937213489
0.4971970585
0.503758786
0.5094236193
0.5191573705
0.5284904748
0.543266064
0.5589420992
0.5824700037
0.6103442694
0.6509903648
0.7043605467
0.7849785294
0.9067342163
1.11474474
1.517217771
2487.066877
1070.903285
398.853955
77.92062088
19.91141364
12.74025815
10.15636828
6.192741091
3.892617274
2.512765344
1.682315287
1.183131143
0.9036495295
0.7588673118
0.6767411955
0.6099208075
0.5693487541
0.5432590246
0.5290067531
0.5210862397
0.517012458
0.514926342
0.5107336776
0.5073357876
0.5009216191
0.4952750371
0.4882044437
0.4851254884
0.4840571528
0.4841450395
0.4869258671
0.4888579576
0.4934099521
0.4967557652
0.5034244014
0.5090378942
0.5187405016
0.5280084709
0.542565842
0.5583980071
0.5816143083
0.6092251105
0.6495369966
0.7027759552
0.7831523216
0.9044490503
1.11250077
1.515677949
2407.311381
1077.718627
460.3300842
96.20868076
22.84531891
13.57281211
10.48571201
6.650954152
4.08594699
2.650966678
1.734680926
1.218328909
0.9325652756
0.7713356462
0.6741052009
0.6109136936
0.5719234521
0.548132495
0.5321003013
0.5231256223
0.5187900129
0.5165897674
0.51158813
0.5076489354
0.5011089089
0.4952328281
0.4880653904
0.484795483
0.4837333042
0.4837250286
0.4864539334
0.4881806499
0.4925873784
0.4960509526
0.5025578896
0.5081175014
0.5177394393
0.5268744253
0.5415696507
0.5569730972
0.5801578589
0.6077219324
0.6479414025
0.7008205577
0.7806347607
0.9017768131
1.109513038
1.513573841
2328.226842
1066.968562
543.9328207
151.1696131
23.8924351
14.0744082
11.18695928
7.107880718
4.570097646
2.832606801
1.88027196
1.306565017
0.9640826727
0.7926237964
0.7083772795
0.6303223607
0.5830444051
0.5502418105
0.532619758
0.5238535757
0.5195777626
0.5174190721
0.5130119987
0.5093752358
0.5025874375
0.4960901211
0.4881406841
0.4844246777
0.4831869417
0.48308563
0.4857178508
0.4875364222
0.492148635
0.4954026147
0.5019331818
0.5074443349
0.5169801068
0.5261379297
0.5404035327
0.5559290971
0.5788546196
0.6060336321
0.6456397341
0.6981214285
0.7776603548
0.8981022798
1.105807301
1.510570356
2239.63255
1028.731602
580.3235898
228.8893583
34.95775427
15.12838336
11.62495466
7.624758105
4.777484264
3.110552013
1.976925385
1.324222966
1.001196988
0.8312074631
0.7083970224
0.6293308777
0.5834871421
0.5561978187
0.5380601202
0.5269012362
0.5223964859
0.5201440593
0.5147572051
0.5104232051
0.5031947875
0.4965182456
0.488347254
0.4842075067
0.4827170816
0.4825269101
0.4850725271
0.4868010593
0.4909439591
0.494328347
0.5007119288
0.5061210795
0.5155438133
0.5243609354
0.5388030782
0.5538490304
0.5764507565
0.6033825542
0.6428411866
0.694967806
0.7735132463
0.8936794933
1.100723539
1.506406831
2154.096074
970.2330849
555.4082025
323.7488709
47.39639622
13.52734208
11.24742247
7.455453744
5.328544543
3.243005402
2.12686524
1.49654893
1.074216429
0.8563994351
0.7573443972
0.6673000753
0.6068064663
0.5635961067
0.5387672292
0.5284002962
0.5237382917
0.5215364223
0.5169894457
0.513092003
0.5062364983
0.4989708897
0.4891311183
0.4840104725
0.4821088842
0.4817481927
0.4840144703
0.4856279129
0.4902044829
0.4933738343
0.4996234319
0.5049779747
0.514153061
0.5231286317
0.5369370748
0.5518653889
0.5742251565
0.6007206526
0.6392624707
0.6903618022
0.7685115569
0.8875076498
1.094037235
1.500602927
2067.347511
906.4779165
523.3732641
354.5505458
152.7016791
26.79811634
12.78766996
8.982269795
5.653627776
3.854939075
2.413172788
1.552290109
1.131905445
0.9237831399
0.7664775647
0.6654566825
0.6082267477
0.5720721736
0.5498872074
0.5332942888
0.5281773703
0.526011608
0.5203129912
0.5157990991
0.5076507858
0.5000630138
0.4895385498
0.483863176
0.4815877716
0.4809636484
0.4829686152
0.484737798
0.4886143776
0.4916919525
0.4978094406
0.5029674221
0.5120489678
0.5203892592
0.534195105
0.5487046971
0.5704030143
0.5961623465
0.6341450857
0.6850202487
0.7615532329
0.8797130735
1.084814074
1.492580515
1978.932442
846.6654258
489.0532173
339.9381462
233.4830701
73.62750435
17.12686078
8.013811814
6.376737973
4.036998274
2.702295934
1.874159919
1.276157262
0.9794364808
0.8527216539
0.738642719
0.6540269476
0.588200055
0.551770877
0.5353462501
0.5303499487
0.5283142342
0.5240249806
0.5198884527
0.5127961784
0.5050168959
0.4918675464
0.484145475
0.4809263755
0.4799665891
0.4815812363
0.482930991
0.4870870519
0.4901632385
0.4960027483
0.5010819825
0.5096026205
0.5181190054
0.5312318293
0.5451663186
0.5663272857
0.5915510897
0.6285580026
0.6772836549
0.7527567797
0.8687278641
1.072201912
1.481416167
1891.263636
787.440452
453.2986143
318.630806
237.6114737
159.8024164
50.27909144
17.34880213
7.221671609
5.427762049
3.376666822
2.110645893
1.47211282
1.112730729
0.8733915616
0.7403335449
0.6591202005
0.6113562631
0.5746936165
0.5470772187
0.5378573849
0.535420096
0.5295101712
0.5251006747
0.5166831795
0.5078992324
0.4930082394
0.4842562426
0.4803752238
0.4789575092
0.4799205885
0.481554156
0.4850125505
0.4876656956
0.4932590719
0.4979095274
0.5063399948
0.5139823176
0.5265467953
0.5399838689
0.5602234518
0.5841216399
0.6192806906
0.6675831846
0.7405109733
0.8542443903
1.054893039
1.465611584
1801.444412
732.5548797
418.3047374
293.3326155
226.124318
174.7868625
118.9947047
38.94374359
11.46711539
5.128991689
4.048458394
2.660609995
1.710313524
1.271755747
1.064660387
0.8804134808
0.7374420832
0.6357387994
0.5805270146
0.5510524433
0.5414600158
0.5390497375
0.5358760586
0.5317343616
0.524976622
0.5167304233
0.4989742392
0.4857258865
0.4796495067
0.4776537599
0.4780844342
0.4789803405
0.4823406916
0.4851030275
0.4902523068
0.4948041844
0.5022635319
0.5097511074
0.5215945604
0.534000162
0.5529371225
0.5755079215
0.6098780287
0.6545896454
0.7245642417
0.8339357098
1.03036602
1.442828792
1712.696804
680.3513808
385.693656
268.0973587
208.079683
168.533287
133.6026941
92.40122668
35.29082284
11.19946001
4.746964676
3.481820053
2.227211511
1.463448263
1.073468303
0.8993769125
0.7893954628
0.7035588415
0.6298285807
0.5815421914
0.5575240335
0.5499957803
0.5439444453
0.5403075882
0.532140593
0.5237334108
0.5039751528
0.4876415407
0.4796782187
0.4764756405
0.4757088527
0.4767583464
0.4794571552
0.4814611246
0.4861213956
0.4897761492
0.4969675094
0.5033990917
0.5139236296
0.5252042357
0.5426411805
0.5636341068
0.5938240906
0.6363983663
0.7019486318
0.8061178384
0.996470658
1.409324191
1624.691534
628.9324336
354.3274082
244.9834507
189.9708558
156.9581349
131.0377368
106.0890017
74.42013379
29.74603647
9.363427439
4.214814122
2.954563883
1.984449121
1.455136986
1.100206959
0.8666845868
0.7318690963
0.6494453959
0.5953426251
0.5666938829
0.5576939455
0.5534396526
0.5498598362
0.5444854615
0.537753728
0.5191041594
0.4950089635
0.481132713
0.475100371
0.4737161187
0.4735312106
0.4757038791
0.4776678256
0.4816231401
0.4851910346
0.4910770102
0.4967105491
0.5062392223
0.516109366
0.5316236274
0.5494323227
0.5783324229
0.6161600981
0.6758531539
0.771861996
0.9518141033
1.362167807
1542.694388
587.1520541
328.8576013
226.2143583
174.7821019
145.1616954
124.8019985
106.0408051
86.19805121
56.70370462
22.30159072
7.781309093
3.6397573
2.381247498
1.580858388
1.217670567
0.9986979838
0.8298864534
0.7130025081
0.6356942612
0.59100788
0.5704798319
0.5619639195
0.5583599382
0.5513447238
0.5454399242
0.5285677402
0.5000533889
0.4829518505
0.4750314561
0.4717608976
0.4713363914
0.4728972541
0.4740427492
0.4775255227
0.4799560947
0.4853121407
0.4900156398
0.4980651357
0.5064683896
0.5198550254
0.5364034549
0.5605903108
0.5944210468
0.6482492412
0.7361510396
0.9054726144
1.310502988
1468.434451
554.0585062
309.6685642
212.40949
163.5023959
135.6295564
117.8687113
103.5259105
88.65956625
69.19948597
38.40636113
14.09900782
5.473781421
2.991834224
2.027577428
1.380895829
1.058331557
0.8686042913
0.7396574368
0.6541396419
0.6031433856
0.581323407
0.5708709792
0.5667868403
0.5616224056
0.5564478129
0.5418232972
0.5095500327
0.4868484251
0.475306669
0.4707858979
0.4691996684
0.4701468017
0.4711422638
0.4739732937
0.4763098079
0.4807661611
0.4846672133
0.4918658489
0.4990985012
0.51116972
0.5247808968
0.5474343585
0.5776654056
0.6262149638
0.7062954579
0.8633762693
1.255720703
1397.021055
525.7840975
294.2763329
202.136072
155.4900652
128.7813449
112.2163158
100.1523966
88.33357762
74.25736111
51.25767458
23.15135324
8.385937333
3.739800828
2.249853642
1.602100639
1.202955471
0.958701905
0.7995909907
0.6926011195
0.6234870034
0.5911381271
0.577606293
0.5725686248
0.5661639851
0.5617682055
0.5495667298
0.5156487559
0.4892642154
0.475858919
0.4699067141
0.4677992398
0.4683218591
0.4687085286
0.4712167795
0.4727591368
0.4767774724
0.4800576443
0.486242029
0.4924444638
0.502860632
0.5156512879
0.5350989822
0.5621369394
0.6061438933
0.6793617412
0.8256935745
1.210222234
1326.20316
500.6783235
281.6911058
194.2380329
149.6996884
124.1120467
108.3073507
97.43276199
87.48823572
76.42146931
59.86999071
32.95223561
12.87405169
5.149192209
2.784478822
1.760547391
1.279883055
1.003608184
0.8284550699
0.711953024
0.6396258658
0.6020526227
0.5849941817
0.5793790455
0.5737841173
0.5694465789
0.5586882494
0.5238047671
0.4936712646
0.4770531356
0.4695770394
0.4665167394
0.4665543351
0.4667798025
0.468830164
0.4702768428
0.4737018655
0.4764066928
0.4819989365
0.4873751422
0.4969637414
0.5076649511
0.5259398739
0.5505508557
0.5907730737
0.6580603721
0.7939336366
1.147211062
1256.611683
476.8899376
270.8985312
188.4317836
145.9314528
121.0213492
105.5234703
95.36589448
86.72980112
77.39439416
64.91907445
42.46698565
18.77595257
7.10395064
3.332690492
2.0779863
1.44311541
1.096255989
0.8864489061
0.7465959359
0.656864003
0.610991275
0.5904067589
0.5833159737
0.5770069844
0.5733309038
0.563613057
0.5295042212
0.4961262173
0.4778163055
0.469303611
0.465898496
0.465402929
0.4651803704
0.4669806555
0.4679078515
0.4710281802
0.4733146023
0.4782240139
0.482907855
0.4913291407
0.5014980137
0.5176250083
0.5399828992
0.5769966022
0.6392122679
0.7657540617
1.107496625
1192.268604
454.0981064
260.9182867
183.5680099
143.3405667
119.4206548
104.0836583
93.85395001
86.1211271
78.27831132
68.42283304
50.46479035
25.59503103
10.09650666
4.292896904
2.333308152
1.549682172
1.148941182
0.9166129255
0.7699515946
0.6735456197
0.6210600353
0.596613854
0.5885249122
0.582337556
0.5784821238
0.5690976673
0.5360964326
0.4998344483
0.479158054
0.4693040124
0.4648746593
0.4642676382
0.4639446829
0.465419897
0.4662689061
0.4689860817
0.4708825154
0.4753937677
0.4795149834
0.4874046729
0.4961463252
0.5114688132
0.532217307
0.5666540107
0.6246765477
0.7428323813
1.043668695
1133.753889
433.5038738
252.2411021
179.7547379
141.7750744
118.8484345
103.8819771
93.66314741
86.01709945
78.66158073
70.63929062
56.72756395
32.86415749
13.71258374
5.469695783
2.795265079
1.759565837
1.251322076
0.9742474423
0.7993481084
0.6892605671
0.6293851113
0.6011092162
0.5913533495
0.5846002039
0.5812596121
0.5722375345
0.5402433222
0.5020632349
0.4799262918
0.4693411321
0.4643940863
0.4635355268
0.4629083279
0.4641817183
0.4647040712
0.4672173137
0.4688333885
0.4728870974
0.4765467684
0.4836415741
0.4920403486
0.5059263489
0.5251471567
0.5574038518
0.611895798
0.7230415543
1.016222392
1084.939822
411.5797885
243.7434855
176.3684098
140.7917998
119.0946348
104.6115257
94.3773932
86.60055217
79.52673416
72.39725515
61.58577042
40.07888748
18.3001843
7.162917302
3.230692169
1.903987527
1.312509521
1.005111128
0.8238754256
0.7046923169
0.6382968968
0.6063479916
0.5952657288
0.588302627
0.5846995102
0.5758008075
0.5448731652
0.5048685601
0.4810756117
0.469428144
0.4641196458
0.462822695
0.4621089012
0.4631677751
0.4636337204
0.4658608217
0.4672223823
0.471011053
0.4742934306
0.481041685
0.4884781633
0.5018319815
0.5199909624
0.5505273841
0.6021708597
0.7073884
0.9726127321
1050.107853
384.1165675
232.5716836
171.8761992
139.3900409
119.361576
105.7342607
95.76181472
87.74875066
80.58466215
73.66532791
65.03168963
46.47106379
23.0987108
9.216453372
3.96608649
2.173872337
1.427692786
1.059252011
0.8488744406
0.7186763096
0.6457008632
0.6101332037
0.5974481794
0.5899531944
0.5866868078
0.5779202979
0.5476841753
0.5066260154
0.4817680671
0.4695176919
0.4638428771
0.4623642238
0.4614316462
0.462351244
0.4625989907
0.4646900187
0.465865606
0.4693463749
0.4723218456
0.4785357007
0.4857510539
0.4981433684
0.515280026
0.5443568748
0.5936129861
0.6939576561
0.9509500647
1028.283266
351.5647819
216.8792174
164.6296972
136.7183986
118.9414779
106.7124927
97.23097279
89.34622607
81.93016588
74.94899301
67.57354686
51.89850476
28.15029455
11.53090897
4.612348521
2.352609203
1.495483907
1.094394968
0.8719233429
0.7318973991
0.6531424761
0.6143826908
0.6003501201
0.592512271
0.5889960258
0.5803066637
0.5508445178
0.5086728996
0.48264012
0.4696499831
0.4636822788
0.4619020776
0.4609096948
0.4616817865
0.4618976946
0.4637857293
0.4647980644
0.4681002861
0.4708251512
0.4768107507
0.4833799959
0.4954235734
0.5118588828
0.5397936912
0.5871457973
0.6834999998
0.9320948043
1016.704783
317.5934583
195.5968943
152.6448875
131.1012559
117.267302
106.8162598
98.33684868
90.67176179
83.2736443
76.14368972
69.25930706
56.13317491
32.81940342
14.04353585
5.629320475
2.679538536
1.620271399
1.14044886
0.89280728
0.7435544565
0.6592586043
0.6174446639
0.6020409652
0.5937164876
0.5904013154
0.58162534
0.5526637583
0.5099546841
0.4832007201
0.4697546995
0.4634495648
0.4616046704
0.4604634433
0.4611448351
0.4612105654
0.463008472
0.4639005555
0.4669889413
0.4695126342
0.4751403812
0.4815661296
0.4929654374
0.5087188794
0.5356804663
0.5814351455
0.6745138306
0.9158866409
1010.307136
288.7288983
174.2235021
137.6464179
121.84741
113.2622512
106.0136794
99.09116395
91.99125453
84.57859157
77.25625765
70.60134441
59.41312723
37.08377421
16.4270721
6.369183615
2.888402672
1.690374169
1.177466733
0.9125394484
0.7541794168
0.6650729869
0.62065923
0.6041164871
0.5954640343
0.5919537532
0.5830847589
0.5546388657
0.5113356177
0.4838427358
0.4698817333
0.463343598
0.4613030876
0.4601202754
0.4607057087
0.4607488368
0.4624040604
0.463193397
0.4661573857
0.4685163233
0.4739928081
0.4799852758
0.4911558621
0.5064445758
0.5326478191
0.5771352371
0.6675443047
0.9020852137
1004.61886
268.5125441
157.804768
124.4293866
111.7312409
106.6681013
102.9808518
98.80455038
92.70292316
85.74626091
78.30075684
71.59241089
61.83909665
40.71591785
18.85436969
7.430072777
3.232000603
1.801360267
1.214826469
0.9295230499
0.7633481968
0.6698043911
0.6229918825
0.6053615727
0.5963148019
0.5929311278
0.5840391866
0.5557361022
0.5122029872
0.484265636
0.4699777358
0.4632131017
0.4611130129
0.4598247623
0.4603457346
0.4602905295
0.4618871213
0.4625984033
0.4654132841
0.4676407902
0.4728777137
0.4787763337
0.4895148768
0.5043487185
0.5299030476
0.573324322
0.6615403517
0.890770616
999.4373995
256.0238391
146.6400914
114.4578218
103.023285
99.89307583
99.39205554
97.58594109
93.56320591
86.42247021
79.19301701
72.41981362
63.66883501
43.79255111
20.95770888
8.19576687
3.448961702
1.876324917
1.248646161
0.9454245071
0.7715172846
0.6741223445
0.6252814417
0.6067878914
0.5974889485
0.5939633862
0.5851282559
0.5570141238
0.5131307796
0.4847231995
0.4700784273
0.4631596401
0.4609164257
0.4595984889
0.4600383124
0.4599852755
0.4614827401
0.4621287212
0.4648572866
0.4669760169
0.4721123773
0.4777204827
0.4883083984
0.5028332779
0.5278830242
0.5704606053
0.6568952081
0.8816517618
995.9886018
248.8705845
139.3247604
107.3936738
96.2706955
94.08067355
95.77535309
95.94010369
93.12286269
87.46789772
79.89187824
73.02790298
64.99523697
46.29397815
22.99940268
9.132259479
3.761914081
1.96743493
1.278505859
0.9587221599
0.7784777675
0.6776539358
0.6270006363
0.6076758592
0.5980803125
0.5946404224
0.5858033682
0.5577551723
0.5137408238
0.485039227
0.4701578804
0.4630751414
0.460785748
0.4593904084
0.4598062505
0.4596594312
0.4611130634
0.4616645368
0.4643195512
0.4663436604
0.4713050114
0.476844712
0.487116443
0.5013094061
0.5258858991
0.5676860887
0.6525205722
0.8728156978
995.2582819
245.4658561
134.6144218
102.3675431
91.02758101
88.96763711
91.357575
93.94399582
92.56864039
88.05287481
80.62038986
73.56020516
65.99516727
48.33631181
24.64914012
9.805317511
3.966036223
2.036158492
1.306478234
0.9710420018
0.784593451
0.6808089707
0.6286174611
0.6086704226
0.5988982222
0.5953642038
0.5865613468
0.5586327189
0.5143857948
0.4853663694
0.4702258824
0.4630279372
0.460628448
0.4592078296
0.4594060536
0.4594071213
0.4607763992
0.4611752538
0.4638475122
0.465775057
0.4706469244
0.4759306012
0.4860693016
0.4999895975
0.5241214458
0.5651780684
0.6484404862
0.8641284474
998.085574
245.4690397
132.1367675
98.98672149
87.1001381
84.82841008
87.98896767
91.76054508
91.82976595
88.27942841
80.9813685
73.96152853
66.74292638
49.98410956
26.19245675
10.55650423
4.22342231
2.10855075
1.329622633
0.981048238
0.7897742789
0.6834246118
0.6299021951
0.6093248253
0.599328759
0.5958608828
0.587037147
0.5591651398
0.5148237051
0.4856007952
0.4702905377
0.4629515253
0.4605149918
0.4590240184
0.4592891606
0.4591092664
0.460436998
0.4607671799
0.4633400852
0.4651730496
0.4698725447
0.4750864889
0.4849127146
0.498504457
0.5221682915
0.5624566701
0.6441377492
0.855584614
1002.556945
246.1151034
129.9898246
96.08613839
83.82569964
81.24347155
84.21870476
89.38308993
90.93858337
88.0501178
81.4659724
74.28987494
67.30751619
51.30838471
27.39963746
11.09422533
4.397951138
2.165464225
1.351278136
0.9902812813
0.7942671434
0.6857527354
0.6310809309
0.6100536833
0.5999292537
0.5963994123
0.5876013201
0.5598204556
0.5153020973
0.4858471938
0.4703360995
0.4629074311
0.4603753761
0.4588594651
0.4590434398
0.4588747637
0.4601219037
0.460365513
0.4628891427
0.4646252942
0.469234652
0.4741943595
0.4838880326
0.4972085534
0.5204308681
0.5599812668
0.6401010905
0.8471800811
1006.194476
241.4642819
125.9367552
92.6233452
80.53850387
77.95181571
80.91182035
87.03613136
89.94489673
87.70175321
81.85173333
74.5644854
67.73817264
52.37838683
28.51758896
11.6656874
4.596704662
2.221286769
1.368756841
0.9975513544
0.7980582874
0.6876911302
0.6320661488
0.6105600422
0.6002572176
0.596777694
0.5879555857
0.5602193538
0.515627228
0.4860174901
0.4703928079
0.4628380346
0.460273332
0.458690959
0.4586700105
0.4585925896
0.4598014197
0.4600321341
0.462400065
0.4640412304
0.4684788723
0.4733682561
0.482750394
0.4957435568
0.5185000062
0.5572864675
0.6358342486
0.8389100548
1005.992504
234.534037
121.9254366
89.29241376
77.48197423
74.95369721
78.06645598
85.06942894
88.93827217
87.3359752
82.08637866
74.78798613
68.07125274
53.23070478
29.36904683
12.07307325
4.735882575
2.266001802
1.384977659
1.00430152
0.8013077107
0.6894277111
0.6329555422
0.6111180612
0.6007179676
0.5971953539
0.5883922016
0.5607236085
0.5159962174
0.4862050884
0.4704244385
0.4627967724
0.4601456923
0.4585394022
0.4583746305
0.4583703663
0.4595001486
0.4597261729
0.4619637669
0.4635082028
0.4678548322
0.472491482
0.4817421811
0.4944658427
0.5167841624
0.5548390166
0.6318387694
0.8307711303
1002.299393
230.1016761
120.4161991
87.8364731
75.5879723
72.6513438
75.74892809
83.2574207
87.96819579
87.00393126
82.22427463
74.96998158
68.3312249
53.92737914
30.16113809
12.49695587
4.885901605
2.308431065
1.398052501
1.009509515
0.8040559244
0.6908718809
0.6337201851
0.6115250267
0.6009790313
0.597495634
0.5886661539
0.5610316967
0.5162476383
0.4863354069
0.4704710197
0.4627321825
0.4600514488
0.4583818651
0.4581432728
0.4581021174
0.459191126
0.4594225351
0.4614876118
0.4629366017
0.4671119379
0.4716783813
0.4806181449
0.4930158868
0.5148708592
0.5521669566
0.6276063037
0.8227586432
998.3866628
236.9247628
124.6150605
88.82405092
75.05044161
71.32399143
73.9971892
81.30082124
87.0590645
86.68846999
82.30163231
75.11527572
68.53623944
54.47903333
30.74817057
12.79550756
4.992386724
2.342738729
1.41008608
1.014396042
0.806394147
0.6921622867
0.6343997833
0.6119604102
0.601345694
0.5978330669
0.5890187744
0.5614363171
0.5165459213
0.4864870271
0.470495597
0.4626930065
0.4599320031
0.4582383709
0.4579821727
0.457890837
0.4588982184
0.4590743557
0.4610620349
0.4624140823
0.4664976795
0.4708126495
0.4796225757
0.4917527416
0.5131732225
0.5497448057
0.6236515008
0.8148697568
997.0608511
259.447494
137.2910579
94.4554477
76.78220194
71.18829899
72.86868867
79.77628381
86.24820183
86.40111441
82.34032071
75.23439685
68.69929212
54.9390806
31.30450391
13.10254189
5.103463355
2.374389981
1.419914234
1.018157371
0.8083855284
0.6932453559
0.6349853188
0.6122890836
0.6015590978
0.5980805597
0.5892399649
0.5616851254
0.5167504623
0.4865931528
0.4705322187
0.4626321163
0.4598430673
0.4580878073
0.4577701638
0.457630909
0.4585979655
0.4587081947
0.4605951891
0.4618519464
0.4657634877
0.4700092997
0.4785086517
0.4903145347
0.5112744882
0.5470932294
0.6194530736
0.8070998507
998.9887925
296.0282098
157.4959675
103.2020829
80.23627534
72.08466748
72.34795261
78.61408309
85.54444039
86.14932145
82.35813809
75.32824585
68.82962671
55.29887266
31.70198017
13.31213494
5.181247683
2.399943103
1.428828449
1.021706161
0.810076871
0.6941831394
0.6354974418
0.6126265245
0.6018582932
0.5983633261
0.5895370327
0.5620270571
0.5170060726
0.4867242334
0.4705534257
0.4625947872
0.4597293043
0.4579502903
0.4576436935
0.4574243352
0.4583122987
0.4583658437
0.4601773284
0.4613379491
0.4651557524
0.4691518157
0.4775233065
0.4890636815
0.5095929954
0.5446949362
0.6155393096
0.7994468548
1003.367274
350.454502
185.0169975
115.2145296
85.35027963
73.97936482
72.45925294
77.76377498
84.9291044
85.9307958
82.35840358
75.40641329
68.93479348
55.60978214
32.09468508
13.53006609
5.261135878
2.422861603
1.436146067
1.024480686
0.8115313256
0.6949925826
0.6359291071
0.6128845813
0.6020331171
0.5985735768
0.5897223857
0.5622376565
0.5171789925
0.4868141775
0.4705819432
0.4625367835
0.4596443268
0.4578050099
0.4574440895
0.457168985
0.4580185517
0.4580058307
0.4597163034
0.460784596
0.4644265997
0.4683561337
0.4764172655
0.4876351934
0.5077071104
0.5420628802
0.6113759373
0.791906307
1008.551105
426.9981015
220.3271175
130.2490612
91.89575215
76.73772038
73.0509783
77.22209287
84.37774256
85.72630824
82.35372151
75.46585062
69.01933534
55.84336604
32.35636024
13.67155489
5.315280209
2.441273103
1.442683555
1.027102733
0.8127795398
0.6956672894
0.6363132286
0.6131434467
0.6022819574
0.5988177588
0.5899820999
0.5625440592
0.5174125525
0.4869357303
0.4706014246
0.462501288
0.4595347499
0.4576724254
0.4572914067
0.4569655667
0.4577377224
0.457668946
0.4593031799
0.4602770151
0.4638236306
0.4675051425
0.4754407214
0.4863953644
0.5060407927
0.5396882636
0.6075052971
0.7844764773
1013.962317
530.5028284
263.1264257
147.8163687
99.53443382
80.22928877
74.20507482
77.14350416
83.91848791
85.5102051
82.32905287
75.53408174
69.09386036
56.06329473
32.64071389
13.82705608
5.372065077
2.4574459
1.448085416
1.029183492
0.8138282334
0.696239774
0.6366152496
0.6133374944
0.60242343
0.5990006071
0.5901422769
0.5627274069
0.517563764
0.487015433
0.4706243165
0.462445931
0.4594528631
0.4575311757
0.4570707614
0.4567138975
0.4574481573
0.457313832
0.45884623
0.4597319966
0.4630977845
0.4667157892
0.4743411205
0.4849753379
0.5041667759
0.5370754277
0.6033784261
0.7771528879
1019.143688
674.9381608
313.312531
167.2008603
107.8478942
84.29087522
75.81540894
77.3222162
83.61858852
85.30361837
82.26543393
75.55004357
69.15104573
56.20334597
32.8011608
13.91876249
5.40828075
2.470499887
1.45269278
1.031333599
0.8149746807
0.6968553695
0.636894707
0.6135374025
0.6026333679
0.5992150363
0.5903744322
0.5630116631
0.517784157
0.4871318358
0.4706450462
0.4624127253
0.4593476303
0.4574035442
0.4569134791
0.4565157591
0.4571734273
0.4569847562
0.4584415003
0.4592339204
0.4625049374
0.4658795395
0.473383275
0.483759451
0.5025335017
0.5347508119
0.5995955501
0.7701043611
1024.005019
895.1569862
372.6557627
187.4793652
116.374322
88.72560664
77.75183466
77.85819776
83.52746148
85.18467012
82.20341525
75.5439739
69.16947669
56.38431039
33.05142513
14.04856286
5.449248874
2.481664744
1.457375731
1.032827338
0.8156945706
0.6972466645
0.6371863991
0.6136766516
0.602744317
0.5993740928
0.5905124466
0.5631747951
0.517918883
0.4872030054
0.4706649899
0.4623601067
0.4592695328
0.4572677344
0.4567008565
0.4562728186
0.4568931225
0.4566406389
0.4579983673
0.4587114443
0.4617980558
0.4651142167
0.4723155118
0.4823819814
0.5007185934
0.5322275081
0.5956287216
0.763174228
1026.177233
1234.0659
441.0567939
207.5859425
124.6622626
93.32417999
79.95728461
78.80398645
83.71114013
85.23448225
82.23073739
75.57544546
69.17570888
56.37786123
33.05078989
14.0701644
5.471427258
2.492863633
1.461274904
1.035264706
0.8169664331
0.6979618207
0.6374714873
0.6139074643
0.6029279513
0.5995650148
0.5907239303
0.5634672791
0.5181620079
0.4873312524
0.4706932491
0.46232719
0.4591670004
0.4571435374
0.4565509695
0.4560794169
0.4566237423
0.4563180028
0.4576020532
0.4580772236
0.4612168522
0.4642941282
0.4713795741
0.481196069
0.4991300183
0.5299766851
0.5919935342
0.7563611089
1028.275181
1757.682637
512.8614208
226.2694102
132.3144059
97.91711503
82.83156084
80.46172106
84.261844
85.54218847
82.42955227
75.72010483
69.16195218
56.14898266
32.51370885
13.69543381
5.339199775
2.454601178
1.451574385
1.0317311
0.8156418578
0.6974674467
0.6374064538
0.6139051477
0.6030132003
0.5997082309
0.5908419798
0.5635451077
0.5181971746
0.4873490033
0.4706906993
0.4622747741
0.4590899534
0.4570090539
0.456343952
0.455838835
0.4563456579
0.4559762217
0.4571623867
0.4576544471
0.4605150452
0.463535661
0.4703202605
0.4798319325
0.4973374373
0.5274950785
0.5881211164
0.7496603694
21108.27975
2325.904435
576.2469134
243.7889514
141.8229349
105.2375957
88.07754331
82.58224983
84.57441574
85.60675249
83.20491986
77.21228177
70.64151898
58.3893779
34.70691585
14.81256916
5.698934992
2.550201353
1.477498403
1.041591253
0.8198130162
0.6993143172
0.6380829637
0.6141841801
0.6031686944
0.5998668302
0.5910238468
0.5638405099
0.5184609552
0.487489134
0.4707386428
0.4622425816
0.4589898767
0.4568875097
0.4562007476
0.4556483396
0.4560792464
0.4556569331
0.4567713197
0.4569560304
0.4599368031
0.4627227539
0.4693957066
0.4786623627
0.4957748599
0.5252906812
0.5845871043
0.743068773
21082.75689
2447.052184
562.0096344
234.2660871
139.2271792
105.0223056
90.16651998
84.12644927
84.71772317
85.58179708
83.53507782
78.33630337
71.72380862
60.18531935
36.61021289
15.99174328
6.147034321
2.681051512
1.51748506
1.055366241
0.8256821603
0.7018875765
0.6391854869
0.614616061
0.6034213217
0.6001113075
0.5913624631
0.5644309006
0.5189326978
0.4877341311
0.4708227092
0.4622308674
0.4589292652
0.4567622121
0.4560046633
0.455412611
0.4558042096
0.4553200242
0.4563342488
0.4564779603
0.4592416561
0.4619691747
0.4683417739
0.4773074592
0.4939987999
0.5228427589
0.5807967815
0.7365838335
21072.86182
2446.512786
517.2136335
215.9251383
132.6128878
102.7545654
89.73006263
84.66838081
84.84180904
85.67198847
83.85920558
79.19203619
72.57879839
61.67298269
38.23928599
16.86162558
6.473718116
2.775335975
1.54334725
1.06458211
0.8295778674
0.7036299638
0.6398764761
0.6148946357
0.6035662447
0.6002575559
0.5915316272
0.5647091076
0.5191865238
0.4878706049
0.4708720489
0.4621953719
0.4588310009
0.4566425579
0.4558686887
0.4552238589
0.4555398921
0.4550031977
0.4559453388
0.4562624999
0.4586755936
0.4611626575
0.4674278659
0.4761534238
0.4924612335
0.5206832379
0.5773603395
0.7302048305
21073.74358
2156.023347
434.5896808
188.6339918
123.1116165
98.91657957
88.393249
84.46123551
84.99029878
86.0027912
84.36755015
80.22021037
73.64506313
63.44091239
40.64624119
18.55877456
7.163542173
2.985190592
1.605231394
1.085519852
0.8382645414
0.7074151595
0.6413970528
0.6154700918
0.603846007
0.6005006396
0.5918791289
0.5653509187
0.519722171
0.4881497675
0.470976608
0.4621933984
0.4587710857
0.4565173078
0.4556772463
0.454988367
0.4552652603
0.4546672022
0.455511721
0.4555371114
0.457976338
0.4604145346
0.4663808309
0.474810229
0.4907054463
0.5182736585
0.5736564151
0.7239273445
4314.871759
799.0261883
278.7206895
153.25715
110.3990709
93.21577111
85.82953971
83.31940245
85.04647043
86.58041721
84.85270638
80.56308565
73.7821481
63.46619416
40.61745848
18.53444933
7.155545515
2.98384947
1.605092298
1.085655366
0.8383998717
0.7074824435
0.6414584908
0.6155482154
0.6039590476
0.6006576377
0.5920205956
0.5655149155
0.5198475572
0.4882201077
0.4709906534
0.4621530842
0.458672028
0.4563970772
0.4555430021
0.4547986503
0.4550015845
0.454350233
0.4551247421
0.4548775524
0.4574093204
0.459611969
0.4654754718
0.4736696816
0.4891907567
0.5161564202
791.789539
294.1552445
147.7666116
106.5446053
89.74127997
83.31381362
81.20777827
81.44566559
84.44413759
86.58289665
84.91182959
80.55421527
73.74875202
63.40709523
40.56091258
18.49750287
7.141135236
2.980872503
1.604453669
1.085624256
0.8385118945
0.7075567237
0.6415161002
0.6156522804
0.6040775449
0.6007960853
0.5921516569
0.5656665861
0.5199728149
0.4882812281
0.4710023988
0.4621066694
0.4585940799
0.4562613846
0.455344605
0.4545583298
0.4547233517
0.4540106177
0.4546897848
0.4544178792
0.4567181094
0.4588706611
0.4644359116
0.4723405543
240.0668635
140.8529093
96.39989912
80.72560958
74.62787767
74.19162787
76.14930366
79.32105204
83.63855924
86.33792076
84.83016744
80.48157131
73.64912872
63.27234711
40.45938727
18.44697836
7.124563272
2.976379447
1.603398032
1.085442826
0.8385550177
0.707593714
0.6416126245
0.6157535436
0.6042157134
0.6009554613
0.5922966934
0.5658334882
0.5200998397
0.4883523521
0.4710164285
0.4620644076
0.4584922411
0.4561389728
0.4552057941
0.4543658653
0.4544596551
0.4536917414
0.4543014589
0.4540000295
0.4561537988
0.4580695225
0.4635382846
119.3511061
90.59786441
74.08851637
66.80269299
64.64614292
66.55104893
71.04296477
76.78101697
82.64367698
85.9313309
84.67413622
80.33713948
73.49853985
63.08742607
40.30538222
18.36074784
7.102890581
2.970998766
1.601861089
1.085064397
0.8385084986
0.7076576295
0.6416924399
0.6158877436
0.6043593214
0.601118078
0.5924411654
0.5659873722
0.5202252056
0.4884128532
0.4710269124
0.4620158667
0.4584121136
0.4560004136
0.4550004005
0.4541220871
0.4541763015
0.4533499696
0.4538647265
0.4534478131
0.4554620132
0.457333399
85.59964
73.30829781
65.05668434
60.42638972
58.89766418
61.07012148
66.45163117
74.014575
81.38086504
85.34972567
84.42013789
80.11464336
73.28105585
62.83062327
40.09524579
18.2412062
7.067012299
2.964018344
1.599998057
1.084430489
0.8383710161
0.7076784455
0.6418279318
0.6160227287
0.6045333511
0.6013171668
0.5926085006
0.5661622405
0.5203538295
0.4884844256
0.4710395161
0.4619708294
0.458306225
0.4558748523
0.4548554378
0.4539260585
0.4539113276
0.4530281987
0.4534744408
0.4529886272
0.4548976781
80.18452737
70.11011376
62.86755266
58.29953018
56.51693293
57.99432147
63.14668337
71.39285617
80.01046612
84.60267123
84.04713481
79.78858639
72.97133094
62.47221168
39.79867163
18.07345762
7.016083521
2.953989406
1.597650392
1.083687261
0.8381148301
0.7077272089
0.6419442376
0.6162074427
0.6047221033
0.6015194489
0.5927768391
0.5663252354
0.5204824425
0.488544993
0.471048329
0.4619183915
0.458221803
0.4557304989
0.4546410245
0.4536759111
0.4536218338
0.452681473
0.4530330603
0.4524319414
90.09633834
75.6549048
65.77368464
59.39838661
56.42864543
57.07264089
61.53807418
69.57255422
78.76873218
83.70404469
83.5147075
79.3392246
72.54205399
61.97927192
39.39864566
17.84847072
6.94573456
2.938190825
1.59358227
1.0826971
0.8377849608
0.7077210846
0.6421412587
0.616402045
0.6049619497
0.6017749065
0.5929781136
0.5665183687
0.5206171194
0.48861887
0.4710591991
0.4618683301
0.4581080698
0.455598128
0.4544891926
0.4534731937
0.4533495066
0.4523530949
0.4526372277
0.4519801766
111.3343709
89.76998655
74.03874904
64.02893732
58.92515968
58.08185979
61.18914853
68.58602874
77.71351508
82.64737832
82.76565731
78.71282512
71.95718407
61.31101702
38.83923758
17.53722038
6.851672754
2.917414523
1.588278335
1.0810717
0.8373606544
0.7076748027
0.6423070577
0.6166803812
0.6052347611
0.6020484696
0.593188504
0.5667046742
0.5207548869
0.4886808964
0.4710651967
0.4618083008
0.4580151398
0.4554421757
0.4542618457
0.4532109561
0.453048452
0.4519959233
0.4521856543
141.4201818
112.6451221
90.35159221
73.88159024
64.37141653
61.28987526
62.77083571
68.78055824
77.00317838
81.44989229
81.74427325
77.86843272
71.1565744
60.40906898
38.10356557
17.13244763
6.725231586
2.887912939
1.580220864
1.078483213
0.8366709962
0.7075814404
0.6426114591
0.6169801494
0.6056014381
0.6024144164
0.5934537623
0.5669400323
0.520903819
0.4887602458
0.4710726901
0.4617483438
0.4578860462
0.4552960035
0.4540991513
0.4529949197
0.4527624436
0.4516529034
0.4517776224
182.3534661
146.3751744
114.7403331
90.49960631
74.41686002
66.66197287
65.56580222
69.88951935
76.28682135
80.10101248
80.44544778
76.71088508
70.09008167
59.22017623
37.09315643
16.5863521
6.562024196
2.849524721
1.570577585
1.075298522
0.835561832
0.7074813603
0.6428639596
0.6174282238
0.606037604
0.6028203925
0.5937417233
0.5671754701
0.5210609095
0.4888256747
0.4710729208
0.4616734143
0.4577765357
0.4551176286
0.4538478498
0.4527090307
0.4524392407
0.4512750716
197.9344448
175.1407899
145.7114781
114.8683768
89.43406704
73.89978419
68.54548433
69.98485055
75.09573799
78.60222427
79.04212798
75.29099852
68.68557673
57.67447199
35.81946433
15.915706
6.351092807
2.795742876
1.55620337
1.070537191
0.8341838863
0.7073413374
0.6433732206
0.6179247805
0.6066469421
0.6033818895
0.5941203898
0.5674944572
0.5212376285
0.4889154187
0.4710673772
0.4615940917
0.4576179382
0.4549448228
0.4536634522
0.4524671016
0.4521263228
0.450904369
171.9663662
167.9864175
154.7778189
133.8450097
108.6601139
85.84746827
72.64699026
69.97885585
73.3447511
76.66706195
77.04498278
73.45274378
66.95784289
55.77180203
34.1645414
15.05536403
6.094720273
2.728778703
1.54001481
1.065073518
0.8321995944
0.7070407889
0.6437935368
0.618698858
0.6073942159
0.6040095256
0.5945378073
0.5678068023
0.5214307891
0.4889867083
0.4710520771
0.4614901779
0.4574768208
0.4547242653
0.4533655299
0.4521364103
0.4517618208
130.8772769
135.5478027
135.3223634
128.6700203
113.2455897
94.28045036
77.80645384
70.1581647
70.79694866
73.94554049
74.95678015
71.62481734
65.01502312
53.55077641
32.26647405
14.11776762
5.786807816
2.640159879
1.516408485
1.057099572
0.8298940543
0.7068969552
0.6447099806
0.6195697275
0.6084614563
0.6048836405
0.5950934852
0.5682336208
0.5216529848
0.4890920418
0.4710271369
0.4613732205
0.4572633139
0.4545023941
0.4531390961
0.4518468337
0.4513990644
101.4897871
105.4232285
107.9559725
107.6423461
103.1495773
92.04133018
78.51001645
68.96034434
66.64703879
69.00936384
71.02450261
69.60886273
63.10986444
51.19841427
30.09065105
12.99999328
5.443997448
2.548647331
1.493224222
1.049053394
0.8268227326
0.7064831746
0.645460112
0.6209649848
0.6097886969
0.6058230114
0.5956840481
0.5686245386
0.5218964976
0.4891652043
0.4709890331
0.4612137304
0.4570644288
0.4542065029
0.4527565495
0.4514369353
83.23947063
85.42827122
87.22104662
87.82668735
86.5354133
82.17024953
74.27947984
65.7737156
61.54349245
62.52205629
65.1872836
65.83339149
61.21133778
49.00799989
28.09444735
12.11819585
5.09141814
2.43636317
1.460630126
1.037785413
0.8237866318
0.7065014333
0.6472133907
0.6225424172
0.6116927242
0.6070914981
0.5964431433
0.5691514612
0.5221674183
0.4892789034
0.470919411
0.4610249125
0.4567543328
0.4539004158
0.452456783
0.4510669089
70.93422719
72.02238146
72.89744716
73.20844296
72.57686757
70.33239203
65.89124982
60.07618731
55.60904692
55.19406799
57.77222669
60.00268286
58.38193211
47.68814724
26.67032191
11.07693191
4.789513915
2.349940653
1.436301272
1.030118538
0.8203908243
0.7068483925
0.6486272469
0.6251113885
0.6136338177
0.6082888054
0.5971367643
0.5695117974
0.5224283764
0.4893135872
0.4707843678
0.4607613032
0.4564568407
0.4534816945
0.451937571
61.14697229
61.65111037
61.99448712
62.03101738
61.56613089
60.18301085
57.53131591
53.66804442
49.69189512
47.92512476
49.3626448
52.30765936
53.66084552
47.49896139
27.12142197
11.11331327
4.521049151
2.244682778
1.398549812
1.020051689
0.8192713108
0.7083642038
0.6523092485
0.6279891864
0.6158991377
0.6097850521
0.5979285688
0.5699459717
0.5225873575
0.4892444971
0.4705894599
0.4604349332
0.4559869828
0.4530426377
52.3467906
52.61603589
52.76747309
52.71603892
52.35585451
51.44988451
49.79869026
47.25617774
44.07569124
41.47268354
41.2557514
43.32335718
45.8213381
43.57680657
30.23373845
11.62418303
4.78754512
2.199561715
1.394453122
1.017936528
0.8184487047
0.710579666
0.6552458479
0.6307518074
0.6177221005
0.6108363653
0.5984224713
0.5699975464
0.5225957903
0.4891017701
0.4702367548
0.4599545029
0.4554986043
44.53255259
44.71115777
44.78042605
44.70213078
44.40392956
43.76676331
42.69130656
41.04422064
38.76667619
36.18661754
34.43796651
34.83522715
37.02223331
39.08568811
33.27338511
14.97559493
5.376107841
2.524518667
1.434522612
1.023747732
0.8250648075
0.7132206088
0.6584129177
0.6331269617
0.6197458445
0.612240721
0.5992367941
0.5706890565
0.5229251934
0.4890778159
0.469828366
36.31866462
37.09641309
37.67470329
37.99106209
37.99381143
37.71464045
37.00077471
35.84103518
34.18158898
32.03048999
29.70415229
28.18564859
28.56847247
30.41370597
30.85385889
23.89941953
9.345814349
3.288388557
1.479627894
1.082830481
0.8340551652
0.7214971544
0.6607888342
36.9438346
33.46320081
52.01280293
50.16906649
61.49857734
59.99631088
71.07220875
69.10750726
82.8050008
79.6313299
100.2945454
94.39527057
131.5658377
120.1257377
185.954556
167.4190976
247.7643859
238.5005482
268.8788918
294.8932484
228.8754895
313.4334349
182.1387496
293.1577572
150.1688958
245.9380773
126.2604367
207.8665604
123.5853995
195.6980392
150.8731357
201.9218443
254.4012417
257.5463123
638.2599206
411.9243302
2781.148493
1040.874777
21094.45159
2934.211671
21064.36775
0.5192365217
0.5302738315
0.5439957928
0.5617179498
0.5845317274
0.6145519704
0.6551545153
0.7113569383
0.7929135639
0.9181691291
1.127829328
1.529508001
0.4868426867
0.4857606431
0.486980629
0.4898338639
0.4932143608
0.4979422283
0.5034191298
0.5105818027
0.5191783682
0.5302407983
0.5439520833
0.561649867
0.5844384743
0.6144718257
0.6550256685
0.7112117185
0.7927472378
0.9179402435
1.127585336
1.529301651
0.5137769999
0.5098308283
0.5062876571
0.5011996386
0.496251951
0.4903034182
0.4868224625
0.4857493307
0.4869634761
0.4898189044
0.4931932312
0.4979213686
0.5033923682
0.5105562838
0.5191430074
0.530175174
0.543868886
0.5615933748
0.5843582745
0.6143766095
0.6549168881
0.7110653344
0.7925663809
0.9176948298
1.127312126
1.529074937
2534.08306
857.0591647
220.1488965
50.24260707
26.17179292
18.53546684
11.20818835
6.824436602
4.15473818
2.622237565
1.731514939
1.21863783
0.9317281798
0.7760665893
0.6859364792
0.6192190534
0.5781900745
0.5513638502
0.5350279637
0.5252454008
0.5195601957
0.5162793844
0.513788518
0.5098348218
0.5062924187
0.5012022043
0.4962416025
0.4902692296
0.4867934155
0.4857246286
0.4869289766
0.4897890014
0.4931507045
0.4978789326
0.5033376386
0.5105031596
0.5190769031
0.5301385608
0.5438285867
0.5615256241
0.5842542598
0.6142839892
0.6547704017
0.7108936106
0.7923600116
0.9174230187
1.127016479
1.528821718
2536.738202
858.2882075
220.7783042
50.29304282
26.17212862
18.54039688
11.20712704
6.828382947
4.155716649
2.623071421
1.732091893
1.219028096
0.9319701028
0.776195603
0.685968207
0.6192809734
0.5782044486
0.5513898001
0.5350444718
0.5252556215
0.5195659355
0.51628334
0.5137985142
0.5098433417
0.5063021286
0.5012060878
0.4962219062
0.4902358731
0.4867731961
0.4857100829
0.4869129267
0.4897756807
0.4931317869
0.497860521
0.5033139443
0.5104801329
0.5190457923
0.5300763767
0.5437342128
0.5614498695
0.584166145
0.6141741726
0.6546363399
0.7107260067
0.7921424997
0.917138454
1.126691662
1.52853542
2540.76037
859.6092344
221.3839359
50.36236621
26.17110269
18.54502296
11.20426238
6.828039751
4.155251977
2.622912427
1.732032193
1.219010726
0.931966891
0.7761970083
0.6859707044
0.6192930556
0.5782081801
0.5513940318
0.5350474709
0.5252590592
0.5195711483
0.51629106
0.5138089795
0.5098482337
0.5063159524
0.5012048627
0.4961966779
0.4901988074
0.486741833
0.4856799971
0.486875946
0.4897420556
0.4930855163
0.4978139415
0.5032555842
0.5104212972
0.5189715965
0.5300223745
0.543696265
0.5613823222
0.584053205
0.6140658038
0.6544726168
0.7105278554
0.7918973588
0.9168240975
1.126340852
1.528224131
2543.75374
861.1188086
222.2285837
50.45662084
26.1646714
18.55143681
11.20141847
6.830834635
4.155967648
2.62358004
1.732518539
1.219342197
0.9321824709
0.7763309308
0.6860583551
0.6193694632
0.578258866
0.5514405784
0.5350790501
0.5252789863
0.5195808402
0.5162944103
0.5138197627
0.50985609
0.5063278844
0.5012004576
0.4961766085
0.4901776667
0.4867290371
0.4856667925
0.4868607909
0.4897291336
0.4930666268
0.4977960455
0.5032324511
0.510398431
0.5189406964
0.5299687464
0.5435935266
0.5612862187
0.5839528636
0.613940129
0.6543131269
0.7103353623
0.7916437444
0.9164994606
1.125962274
1.527872074
2548.294999
862.883083
223.0578645
50.53645291
26.15008363
18.55379834
11.19691856
6.831093108
4.155796721
2.623536892
1.732521201
1.219397421
0.9322430371
0.7763851997
0.6861201861
0.6194144916
0.578297992
0.5514624745
0.5350945157
0.5252897888
0.5195892271
0.5163042942
0.513835059
0.5098587904
0.5063219399
0.5011939824
0.496152854
0.4901646036
0.4867070891
0.4856388854
0.4868219039
0.4896917197
0.4930147943
0.4977444548
0.5031682983
0.5103324171
0.5188575942
0.5298963098
0.5435460932
0.5612166669
0.5838314762
0.6138137217
0.6541309564
0.7101102762
0.7913603756
0.9161414497
1.125552277
1.527498403
2553.402611
865.1225013
224.3179579
50.72126045
26.12069534
18.55380875
11.19164808
6.832805374
4.155813174
2.623804912
1.732803874
1.219592339
0.932378516
0.7764703424
0.6862072381
0.6194675802
0.5783531917
0.5515097632
0.5351275101
0.5253104821
0.5195986954
0.5163107998
0.5138497554
0.5098647078
0.5063187505
0.5011849917
0.4961316783
0.4901366001
0.4866932958
0.4856238354
0.4868049259
0.4896772758
0.4929939296
0.4977254917
0.5031437572
0.5103080376
0.5188250732
0.5298486257
0.5434410482
0.5611011411
0.5837149827
0.6136703846
0.6539458003
0.7098903219
0.7910709419
0.9157760568
1.125121146
1.527091578
2560.17466
867.7786422
225.4650423
50.815243
26.07593047
18.5504176
11.18394894
6.833421243
4.155516796
2.623755471
1.732851971
1.219666938
0.9324491922
0.7765345748
0.6862925173
0.6195228793
0.5784156008
0.5515330395
0.5351434125
0.525318629
0.5196069488
0.5163274201
0.5138738249
0.5098699292
0.5063225311
0.5011738059
0.4961096429
0.4901203012
0.4866630444
0.4855901376
0.4867596336
0.4896336677
0.4929342494
0.497667408
0.5030714703
0.5102329316
0.5187310115
0.5297572746
0.5433743812
0.5610252507
0.583584567
0.6135243335
0.6537435388
0.7096376853
0.7907498057
0.9153740861
1.124652793
1.526661357
2568.570901
871.4066075
227.2459648
51.1418297
26.01333759
18.54200814
11.17436357
6.834597991
4.155284492
2.623790339
1.732977614
1.219731181
0.9325268113
0.7766104399
0.6864090421
0.6195821568
0.5784904137
0.5515946216
0.5351823142
0.5253434708
0.5196226603
0.5163421896
0.5138955115
0.5098793235
0.5063276467
0.5011581
0.4960913542
0.4900742959
0.4866472144
0.4855714745
0.4867392707
0.4896162724
0.4929097744
0.4976460545
0.5030438
0.5102056436
0.5186953054
0.529711858
0.5432693361
0.5608920138
0.5834484195
0.6133608047
0.6535317449
0.7093876954
0.7904236227
0.9149662043
1.124169348
1.526201114
2579.193793
875.922
228.6510085
51.26452542
25.94891834
18.52637981
11.16223154
6.835874763
4.1548787
2.623660323
1.732958255
1.21982052
0.9326005351
0.7767075944
0.6865252531
0.6196688594
0.5785971924
0.551618768
0.5351985358
0.5253492518
0.5196329251
0.5163686791
0.5139317349
0.5098888753
0.5063344822
0.5011337436
0.4960591855
0.4900552433
0.4865973643
0.4855289552
0.4866846813
0.489563737
0.4928389626
0.4975788663
0.5029597195
0.5101183362
0.5185867651
0.5296002221
0.5431780299
0.5608039722
0.5833066129
0.6131930979
0.6533067559
0.7091057059
0.7900636562
0.91451851
1.123641012
1.525708944
2592.615625
882.1206174
231.0401232
51.71809433
25.88142848
18.50085632
11.15418381
6.837126429
4.154286656
2.623356737
1.732884608
1.219878568
0.9325903031
0.7767751189
0.6866704133
0.619751753
0.5786777686
0.5516963004
0.5352391043
0.525378492
0.5196626102
0.5163985195
0.513962349
0.5099009783
0.5063447917
0.5011004609
0.4960388702
0.4899643871
0.4865848007
0.4855047582
0.4866590441
0.4895413519
0.492808586
0.4975531569
0.5029263878
0.5100860409
0.5185455227
0.5295529331
0.5430716157
0.5606534978
0.5831469867
0.6130056771
0.6530659737
0.7088223764
0.7896983783
0.9140650902
1.123102871
1.525191414
2609.186248
889.6878549
232.8034091
51.82669847
25.80745908
18.4634032
11.1525688
6.838838568
4.153449985
2.622887088
1.732778285
1.219999548
0.9326893666
0.7769042789
0.6868214342
0.6198672565
0.5788394793
0.5516959651
0.5352453825
0.5253765434
0.5196732542
0.5164364903
0.5140115167
0.5099141747
0.5063449828
0.5010593375
0.4959785965
0.4899366158
0.4865002726
0.4854480845
0.486590117
0.4894747454
0.4927211744
0.4974723623
0.5028246987
0.5099817017
0.5184170442
0.5294174681
0.5429492073
0.5605461007
0.5829894734
0.6128132971
0.6528145924
0.7085081954
0.7892975638
0.9135696029
1.122513088
1.524629968
2629.827396
899.8823466
236.1913246
52.44823737
25.72636571
18.4088344
11.15795826
6.838547939
4.15260201
2.622350668
1.732607739
1.220001772
0.9327602923
0.776965813
0.6869935715
0.6199944716
0.5788392714
0.5517425814
0.5352799122
0.5254227947
0.5197307283
0.5164938224
0.5140521378
0.5099196183
0.5063423303
0.5010157728
0.4959382754
0.4898086215
0.486496523
0.4854146612
0.4865560633
0.4894439175
0.4926813423
0.4974390214
0.5027815518
0.5099407915
0.5183661526
0.5293630762
0.5428381811
0.5603770161
0.5828012673
0.6125964905
0.6525404382
0.7081867839
0.7888891454
0.913066145
1.121915143
1.524045543
2654.663524
911.5031597
238.4853557
52.51184844
25.62885928
18.36030002
11.17494815
6.837120296
4.152012281
2.621810517
1.732395023
1.219990574
0.9329850663
0.7772918524
0.6872770926
0.6198139342
0.5785441806
0.5517710905
0.5352679887
0.5254105053
0.5197395503
0.5165421582
0.5141039922
0.5099170058
0.5063385481
0.5009581657
0.4958322072
0.4897937989
0.4863443931
0.485334451
0.4864640454
0.4893540146
0.4925682605
0.4973366559
0.5026525714
0.5098114916
0.5182089424
0.5291969049
0.542675154
0.5602401411
0.5826206577
0.6123739668
0.6522566172
0.7078350008
0.788442592
0.9125176231
1.121257884
1.523398585
2685.408231
927.1048081
243.2906308
53.32006118
25.57746376
18.40409555
11.20216056
6.834184365
4.151946091
2.62139451
1.73220396
1.220035631
0.9333155489
0.777455365
0.6868622274
0.6193302158
0.5788100655
0.5517916575
0.5353222431
0.5254966893
0.5198471711
0.516647184
0.5141480415
0.5099136151
0.5063312812
0.5009000682
0.495787284
0.4896719583
0.4863498329
0.4852854471
0.4864166466
0.489309219
0.4925137562
0.4972904446
0.5025932148
0.5097563137
0.5181417774
0.5291278256
0.5425538443
0.5600487522
0.5823963587
0.6121193558
0.6519414709
0.7074678662
0.7879838007
0.9119562471
1.120589697
1.522733085
2720.741805
945.9784022
246.8369528
53.30826484
25.60772644
18.50997998
11.23108276
6.832380432
4.152574467
2.621085791
1.732050888
1.220184933
0.9334674577
0.7769373025
0.6855838556
0.6193041314
0.5790421712
0.5518120182
0.5353094051
0.5254772327
0.5198509675
0.5166937468
0.514179356
0.5099089924
0.5063402932
0.5008139135
0.495640776
0.489615641
0.48615726
0.4851661328
0.4862874432
0.4891807006
0.4923610847
0.4971532576
0.5024228926
0.5095891422
0.5179420342
0.5289194719
0.5423362788
0.5598676834
0.582181111
0.6118578801
0.6516161228
0.7070699677
0.7874833308
0.9113459603
1.119855562
1.521983799
2761.105862
971.5283767
255.2919436
54.69721447
25.69927715
18.58040732
11.24509562
6.832887041
4.153893616
2.620851328
1.731843997
1.219653847
0.9318183406
0.7747829612
0.6848429125
0.619163806
0.5794784136
0.5518168388
0.5353735002
0.52561997
0.5200275208
0.5168705987
0.5142452194
0.509942125
0.5063227079
0.5007383151
0.4955798175
0.4894201007
0.4861450188
0.4850916026
0.486219425
0.4891134843
0.4922848816
0.4970859761
0.5023355847
0.509512041
0.517849325
0.5288258331
0.542196158
0.5596486109
0.5819110946
0.6115541985
0.6512492984
0.7066467546
0.7869644191
0.9107170323
1.119105983
1.521234448
2802.861634
1001.949048
261.2799049
54.53976862
25.83365866
18.65098319
11.27351053
6.834698134
4.154481972
2.620296795
1.730698119
1.217146979
0.9287273393
0.7733479927
0.6823456257
0.6214502724
0.5793350257
0.551965746
0.5354557824
0.5256339794
0.520030108
0.5169127697
0.5142360829
0.5099475632
0.5063664695
0.5006179754
0.4953915138
0.4893054043
0.4858869276
0.484909977
0.486034125
0.4889243237
0.4920747985
0.4968949824
0.5021107652
0.5092882798
0.5175883592
0.5285590669
0.5419070778
0.5594038678
0.5816453308
0.6112419943
0.6508709812
0.7061919343
0.7863996349
0.9100343339
1.118286986
1.52038047
2844.073053
1036.076845
274.6975321
56.37912334
26.39921407
18.57337595
11.26898744
6.835493715
4.154454688
2.619085189
1.726651756
1.210366323
0.9238945415
0.770714656
0.686466524
0.6216124678
0.5790909336
0.5518855414
0.5354466238
0.5257580248
0.5202669832
0.5172055305
0.5144083615
0.5101183312
0.5063689901
0.5005122792
0.4953102505
0.4888609794
0.485890498
0.4847998095
0.4859364366
0.4888240922
0.4919691379
0.4967951094
0.5019730688
0.5091814939
0.5174600926
0.5284310233
0.5417371322
0.5591520476
0.5813208856
0.6108774318
0.6504405329
0.7057006556
0.7858089875
0.9093269897
1.117446062
1.519570226
2875.649844
1068.057159
283.4474603
55.8470879
26.59914609
18.41827266
11.33234109
6.83587892
4.155127424
2.612191291
1.711987335
1.197149194
0.9170810267
0.7737181178
0.6881323527
0.621573662
0.5793921738
0.5522108985
0.535746407
0.5259795616
0.5203867517
0.5172817606
0.5144206669
0.5101472266
0.5063579887
0.5004774022
0.4951297086
0.4888507576
0.4855200597
0.4845416472
0.4856758619
0.4885537862
0.4916867524
0.4965292873
0.5016858772
0.5088895037
0.5171253013
0.5280961898
0.5413641609
0.5588247936
0.5809874749
0.6105026059
0.6499983628
0.7051783467
0.7851695807
0.9085614088
1.116541122
1.518645995
2893.420093
1098.876057
302.6679503
59.51567373
27.41195112
18.07042209
11.38251961
6.849135457
4.147461726
2.587274942
1.689075578
1.189926906
0.9284834225
0.7790556041
0.6910273818
0.6217468722
0.5793842396
0.5520410035
0.5355990825
0.5259342079
0.5205704463
0.5176968531
0.5148167489
0.5105016954
0.5065324751
0.5004728921
0.4950280598
0.4884397752
0.485450166
0.4844015831
0.4855385191
0.4884088024
0.4915408115
0.4963794216
0.5014823509
0.5087339027
0.5169388431
0.5279069057
0.5411417973
0.558522846
0.5805851048
0.6100440535
0.6494625387
0.7045685136
0.7844455969
0.90770308
1.115528814
1.517774536
2885.648265
1127.990327
317.1607093
58.72694176
27.13311704
17.76890112
11.66712792
6.855857158
4.114672563
2.551498964
1.671324568
1.197814777
0.9309344737
0.7789555981
0.6906672845
0.6215884162
0.5801851529
0.5530143132
0.5363515597
0.5265526473
0.5210594198
0.518086453
0.5148765909
0.5106065118
0.5065326233
0.5004900028
0.4949635819
0.4882350093
0.4851592486
0.4840772527
0.4851732177
0.4880277399
0.4911560696
0.495998051
0.5011049921
0.508321465
0.5164725017
0.5274399961
0.5406142769
0.5580357878
0.5800970127
0.6095098854
0.6488397566
0.703834313
0.7835495036
0.9066341462
1.114316661
1.516914206
2854.412622
1147.25662
344.8182945
66.75877293
28.12195939
17.52015196
11.94929686
6.824908997
4.072984476
2.534170527
1.691395751
1.219465095
0.9410978506
0.7872424577
0.696320076
0.6247984669
0.5819818008
0.5530220951
0.5362573262
0.5265019224
0.5212128664
0.5185471503
0.5155766143
0.5112851886
0.5069995341
0.5007762385
0.4947635712
0.4880661798
0.4847936631
0.4838870332
0.4849858206
0.4878280635
0.4909552964
0.4957768476
0.5008003075
0.5080970769
0.5162064752
0.5271655002
0.540294482
0.5576102966
0.5795117912
0.6088160577
0.6480174603
0.7028824837
0.7824175413
0.9053042976
1.112836959
1.515990302
2795.374708
1140.659713
374.5564715
63.30079101
27.38913736
17.18268992
11.83705089
6.747563091
4.016451705
2.527947604
1.719491747
1.236741985
0.9469195723
0.7887072677
0.6965155524
0.6252091405
0.5821668485
0.5550217802
0.5377845267
0.5276514627
0.5221871567
0.5194526648
0.5158023321
0.5115423794
0.5071266333
0.5008746702
0.4948898051
0.4877224088
0.4845494306
0.4834620843
0.4845159197
0.4872981584
0.4904234128
0.4952228936
0.5002981439
0.5074810893
0.5155182319
0.5264574796
0.5394946529
0.5568313967
0.5787216789
0.6079642448
0.6470306808
0.701714205
0.7809906129
0.9036113952
1.111032688
1.514886017
2706.655774
1137.885173
416.2914833
87.89514669
28.95733656
17.17120419
12.06525899
6.919488023
4.130268077
2.652515574
1.805776039
1.26488875
0.9639402616
0.8036108411
0.7076583657
0.6320771949
0.5885148114
0.5563732325
0.5380076312
0.527801529
0.5225013743
0.5200167675
0.5168136773
0.5127750839
0.5080666187
0.5016467915
0.4949102228
0.4876336945
0.4842222809
0.4832189969
0.4842023718
0.4870315323
0.4901429245
0.4949006712
0.4998383808
0.5071517177
0.5151345882
0.5260505967
0.5390090514
0.5562002953
0.5778463997
0.6068851067
0.6457232946
0.7001699438
0.7791509027
0.9014924524
1.108796366
1.513418063
2596.034833
1168.619298
472.6072543
88.22621473
27.51071035
17.38686021
12.59364361
7.283900746
4.458985951
2.821448857
1.844246308
1.3022132
0.987733227
0.8135436393
0.7129018025
0.6380911302
0.5887720105
0.5590001498
0.5408198876
0.529766866
0.5240167584
0.5215581769
0.5177198523
0.5132514786
0.508434231
0.5019324538
0.4951027922
0.4874473861
0.4839182719
0.482732547
0.4836188923
0.4863316187
0.4893886867
0.4940859294
0.4991494705
0.5061993539
0.5140908347
0.5249471875
0.5377903931
0.5549323947
0.576525258
0.6054706207
0.6441007189
0.6982541004
0.7768341631
0.8987809759
1.105958896
1.511359033
2489.2217
1175.337478
555.4350072
133.2203604
33.02756609
17.83870305
12.72037691
7.792725549
4.611874043
2.924127519
2.016413552
1.366282427
1.012752768
0.838717629
0.7335412252
0.6478196554
0.6001639435
0.5639102848
0.5417910043
0.5301686802
0.5246772189
0.5225754495
0.5190029506
0.5152886491
0.5101660709
0.5034428623
0.4958486781
0.4874773389
0.4836183409
0.48243675
0.4831138126
0.4858869613
0.4889437256
0.4936125326
0.4984249653
0.5057000195
0.5135172755
0.5243137653
0.5369630894
0.5539309277
0.5751755986
0.6037607979
0.6419777746
0.69569849
0.7737894238
0.8953292321
1.102280658
1.508440096
2384.84992
1152.258988
635.0978487
197.4398356
33.2676042
18.10404364
13.50995625
8.118899627
5.116873423
3.312985094
2.054058725
1.415327846
1.069168253
0.8633848098
0.7460685855
0.6638069159
0.604405667
0.5669001041
0.5466223632
0.5336696558
0.5271644932
0.5248194117
0.5209607641
0.5161634527
0.5109499973
0.5040899396
0.4962356911
0.4875115162
0.4832694303
0.4818370212
0.4823453937
0.4849980886
0.4879154878
0.4923635607
0.4974345815
0.5043521127
0.511825206
0.5225436205
0.5350676333
0.5518635289
0.5729260998
0.6013294378
0.639214077
0.6924715421
0.7699655828
0.8908601038
1.097373999
1.504333863
2283.725893
1091.788593
629.4588956
301.3076007
47.98425715
19.67687358
13.52034303
8.876159939
5.447613425
3.347890523
2.364139489
1.570668381
1.106896713
0.9063814268
0.7834148856
0.679665943
0.6207400115
0.5785967624
0.549507086
0.5345179042
0.5283370933
0.5266322421
0.5227367194
0.5193226067
0.5139912896
0.5066875631
0.4981982533
0.4880133857
0.4830316744
0.4814742165
0.4815840201
0.4842214471
0.4870540134
0.4916767666
0.4963334264
0.5032077419
0.51097088
0.5215270756
0.5336462631
0.5501639164
0.5707519223
0.5985696975
0.6357259326
0.6882102502
0.7648426103
0.8849472201
1.090762254
1.498617669
2171.971018
1014.17202
594.5584954
386.3238442
101.4028905
21.29661415
14.89758549
8.661152269
6.04465242
4.007229876
2.381588566
1.608337356
1.205263098
0.9488406733
0.8042907198
0.7064872124
0.6321725317
0.5835797037
0.5575062819
0.540822958
0.5323335803
0.5299480944
0.5262110518
0.5211915431
0.5154762991
0.5083753398
0.4992511946
0.4883685966
0.4828437457
0.4807430626
0.4804826318
0.4829965866
0.4857076125
0.4897146298
0.494669178
0.501432028
0.5085322252
0.5186723292
0.5305882222
0.546791669
0.5669318665
0.5943202734
0.6308952979
0.6826234911
0.7583024989
0.8771563823
1.081724376
1.490671839
2069.857386
924.1159326
549.1846067
381.9588894
224.4016775
47.43143012
13.19173388
10.60203617
6.352238355
3.90669856
2.903502283
1.872817075
1.257459045
1.016104728
0.8639737879
0.735194483
0.660575977
0.6049064244
0.5643209925
0.542390333
0.5342036732
0.5328026539
0.5288572637
0.5255990245
0.5204552228
0.5126220452
0.5030010245
0.4899964011
0.4827471689
0.4800833408
0.4794843123
0.4817936946
0.4841124513
0.488710553
0.4931416904
0.4993082857
0.5065991055
0.5167133652
0.5281427322
0.5438044851
0.5632371926
0.5897304424
0.625093727
0.6754536697
0.7494361041
0.8664144461
1.069260458
1.479603403
1961.008558
838.7456936
499.0194889
358.4666874
264.0148004
140.4879374
34.93712505
9.822870056
7.806710336
5.365779296
2.931262131
2.019679359
1.457188488
1.08448434
0.901249643
0.7817735262
0.6819326579
0.6166523129
0.5793921127
0.5541216339
0.540492545
0.5378333633
0.5345082088
0.5294534339
0.5234852695
0.5161960931
0.5060352195
0.4908461991
0.4826270778
0.4790579219
0.4781082477
0.4799143524
0.4823456551
0.4858716545
0.4901951556
0.496536187
0.5032546204
0.512417927
0.5232210223
0.5382543106
0.5568172475
0.5823385332
0.6165545449
0.6654611185
0.7375794031
0.8520503971
1.052151114
1.463906366
1848.403337
761.8800139
449.3001317
325.9799478
254.5341775
191.2993885
98.24227232
28.98402382
7.966345139
5.240703159
4.06146272
2.403636456
1.543978279
1.226722291
1.002984755
0.8330100146
0.7349822333
0.6525099481
0.5916515695
0.5570774628
0.5450375388
0.542257134
0.5385502378
0.5359190591
0.5311109862
0.5231495116
0.512556885
0.4948840255
0.4831726765
0.4782207688
0.4766949591
0.4781202167
0.4797048504
0.4838518056
0.4879224988
0.4932436185
0.4994827112
0.5084980822
0.5188147492
0.5329284977
0.5503123209
0.5744049091
0.6066214447
0.6530400435
0.7217707558
0.8319665327
1.02786423
1.44125245
1729.220995
690.8586769
402.4438857
289.889866
232.2883496
188.839956
144.6703999
76.17968367
20.95564656
7.775624633
4.267052989
3.08901133
2.023832583
1.342648735
1.072858565
0.9070341345
0.7625416969
0.6776761876
0.6224494479
0.5791314228
0.5555743316
0.5502319065
0.5473655052
0.5421388149
0.5367386231
0.5298576454
0.519356836
0.498154738
0.4836879923
0.4771766014
0.4749048298
0.4752414647
0.4771474941
0.4800524749
0.4832130795
0.488499537
0.4943832041
0.5021109548
0.5110577338
0.5237977298
0.5396022031
0.5617128902
0.5915450542
0.6348395214
0.6994520306
0.8043880509
0.9942334369
1.407893631
1607.720028
625.8001971
361.2107689
257.8072917
206.9499773
175.5906498
147.0835596
114.6630129
66.32228712
19.58867263
6.835139519
3.274287894
2.156228561
1.595213591
1.216389828
0.9803507137
0.8482559614
0.7232269203
0.6375914763
0.5890812756
0.5646909212
0.5571532918
0.5533358811
0.5516744125
0.5473129577
0.5399916119
0.5301112635
0.506803615
0.4866188504
0.4766336699
0.4731565804
0.4729450105
0.4735836792
0.4765537041
0.4797602134
0.4840360764
0.4886926564
0.4956400458
0.5038539129
0.5152951348
0.5292911674
0.5491353991
0.5758145939
0.6148973695
0.6736745876
0.7703989007
0.9498940695
1.360928472
1489.595835
572.3942583
328.4717234
232.8840786
186.1457509
159.8725097
140.8146521
120.4743371
93.59452695
53.05054923
17.24396457
6.659173781
3.108517036
1.909395347
1.375184161
1.082743814
0.883029952
0.769129497
0.6821878519
0.6174239267
0.581042423
0.5669414983
0.5622498902
0.5576520146
0.5538096888
0.5478768608
0.5390354589
0.5132975999
0.488903012
0.4767947506
0.4717211349
0.4702441944
0.470961746
0.4730006118
0.4750653908
0.4788342215
0.4831356081
0.4890294267
0.4957361246
0.5054381741
0.5175234822
0.5348834301
0.5584589438
0.5933662681
0.6463084114
0.7348998276
0.9037967662
1.309362857
1387.509072
528.5447396
302.7612866
214.2656997
170.71398
146.9041749
132.0886112
118.3161427
101.7987168
76.09299237
36.5392067
11.794147
4.874940005
2.450123433
1.568993149
1.198129468
0.9801802052
0.8098099149
0.7024304233
0.6311047859
0.5896313484
0.5744772525
0.5684654058
0.5660601236
0.5620378101
0.5558421117
0.5480060097
0.5225058501
0.4937315851
0.4776265124
0.4707576436
0.4687817586
0.4683866159
0.4702021144
0.4722650317
0.4754115526
0.4787225837
0.4837983632
0.4897913303
0.4984629261
0.5090852343
0.5245464749
0.5454975954
0.5767495934
0.6244896693
0.7052287276
0.8619230786
1.254771158
1297.200293
490.7493147
281.5519493
199.6443288
159.0628685
136.9852468
124.1071954
114.0807279
102.3165732
86.48319376
57.01269154
23.07642938
8.371213931
3.6025353
2.003598448
1.315658872
1.027978899
0.8670876647
0.7457175434
0.6600351017
0.6048474257
0.5820314681
0.574652353
0.5702729089
0.5671710186
0.5618098905
0.5544270711
0.5287526267
0.4963053759
0.4783925863
0.4703073416
0.4671346943
0.4666771727
0.4678618322
0.4691265507
0.4718230198
0.4748522631
0.4792629701
0.4842339848
0.4916614007
0.5009032365
0.5145581494
0.5332198665
0.5613477919
0.6045710353
0.6784230405
0.8244037918
1.209320566
1218.158027
457.1426043
263.2817432
187.5928133
149.8282649
128.7992573
116.4469106
109.165987
100.7430588
90.1597263
71.19430549
37.84311845
14.21161064
5.788520094
2.478506513
1.490189993
1.125522977
0.9035521425
0.7674422691
0.6742717683
0.6167626498
0.5899227068
0.5800982736
0.576612818
0.5729517495
0.5675402841
0.5606685287
0.5363505728
0.5009746161
0.4799543906
0.4700397319
0.4663403715
0.4650133745
0.4659832318
0.4672152061
0.4695088054
0.471866414
0.475683506
0.4801334824
0.4868569637
0.495096896
0.5074384103
0.5242895333
0.5498504428
0.5893349885
0.6572367979
0.7927774208
1.146238618
1151.591696
428.2663644
247.6966448
177.5801727
142.4196172
122.1435613
110.3762487
103.7249068
98.52644176
90.6571976
78.82548865
53.17811809
22.19034971
8.059910637
3.574998655
1.743926424
1.206691387
0.968671623
0.8104106687
0.7004436705
0.6293775722
0.5964850712
0.5847469973
0.5796957541
0.5768214778
0.5718655265
0.5652389434
0.541107974
0.5036279951
0.4808466552
0.4700429742
0.4653947469
0.4639462038
0.464446344
0.4651380632
0.4671076763
0.4692636854
0.472642806
0.4764076779
0.4822837134
0.4895782245
0.5006807653
0.5159563179
0.5393535727
0.5756562016
0.6384666299
0.7646988204
1.106652384
1096.974332
402.9222126
234.2439353
169.2024614
136.328388
116.9781199
105.5622384
99.26221487
95.55892391
89.99151288
82.16016536
64.82753854
33.94633536
12.37828053
4.594017383
2.191381956
1.343379537
1.012157097
0.833917778
0.718552124
0.6425732369
0.6038110272
0.5892209835
0.5842499529
0.5807678017
0.5758643583
0.5693393662
0.5464610049
0.5072290939
0.4823694779
0.4701073928
0.4649782749
0.4628958473
0.463226829
0.4638807832
0.4655769796
0.4672822748
0.4702570033
0.473665015
0.4790699569
0.4856937532
0.4959153025
0.5099792831
0.5316462625
0.5653998447
0.6240033566
0.7418657206
1.042924662
1057.63502
376.4428064
220.481444
161.2396507
130.9396501
113.1142418
102.1596684
95.61677863
92.05222851
88.78566035
83.10786528
72.32085189
45.90122726
18.97672847
6.898602857
2.76926158
1.523717809
1.091659855
0.8781266757
0.7405565939
0.6539853852
0.61002605
0.5929467916
0.5865352002
0.5835584646
0.5788981263
0.5720674943
0.5494999728
0.5093271658
0.4832329539
0.470213243
0.4644359633
0.4622346542
0.4622282062
0.4625165536
0.4639926862
0.4655592703
0.4682414656
0.4711910451
0.4760271887
0.4820152635
0.4914034051
0.5044083008
0.5246182117
0.5562129877
0.6112714849
0.7221417224
1.015493974
1032.882129
348.9353685
204.9901446
151.8047275
124.9557225
109.1787281
99.35072944
93.19773225
89.39394626
86.81748509
82.81485946
75.62440046
56.12141341
26.98494469
9.631689397
3.723125403
1.754685619
1.153120323
0.9032219476
0.7602476423
0.6660948331
0.6163230522
0.5965405866
0.5897607124
0.5862242841
0.5816700639
0.574814513
0.5529392461
0.511906323
0.4844020227
0.4703870431
0.4642164697
0.4615617798
0.4614488341
0.4616993453
0.4629792652
0.4642494967
0.4666613282
0.4693717021
0.4738945821
0.4794365989
0.4882391778
0.500440528
0.5194999656
0.5493926018
0.6015930645
0.7065468521
0.9720171185
1019.431456
323.2454602
187.5219975
140.0748961
117.2155323
104.1366077
96.03349056
90.85687504
87.51570612
84.83616662
82.14803342
77.05529016
63.64461577
34.87583912
13.45128764
4.752367118
2.076767511
1.260174207
0.9462255444
0.7791581674
0.6765644426
0.6218980689
0.5995394675
0.5914581317
0.5881905104
0.5837629189
0.5765970721
0.5549061441
0.5134632828
0.4851132671
0.4705205108
0.4638980991
0.4611471361
0.4607964524
0.460799832
0.4619334218
0.4631097658
0.4653254779
0.4677289579
0.4718715651
0.4769885275
0.4852338363
0.4967283363
0.5148153599
0.5432636399
0.5930666039
0.693160722
0.9503824667
1012.637769
302.4983174
171.1796576
127.9451988
108.4469018
98.03046384
91.93885033
88.15273984
85.60618015
83.36488095
81.08134301
77.29523275
67.93599229
42.54315735
17.6306934
6.131397649
2.404761632
1.348299273
0.9773967321
0.797287429
0.6865373609
0.6270278359
0.6023424697
0.5937384726
0.5899940239
0.5856677732
0.5784387608
0.5571657922
0.515286314
0.4859729834
0.4706881759
0.4637778663
0.4607132056
0.4602870598
0.4602727512
0.4612584845
0.4622416028
0.4642774076
0.4665215752
0.4704559797
0.4752764298
0.4831329531
0.4940948587
0.5114189074
0.5387373539
0.5866297787
0.6827420282
0.9315485188
1008.571343
287.5967004
158.2201138
117.4581278
100.1105435
91.65926029
87.31928282
85.03141005
83.54843866
81.9433959
80.02967671
77.12664654
70.08164227
48.84606881
21.94353713
7.736459725
2.870227496
1.474525698
1.017647012
0.8137972928
0.6954411973
0.6315745827
0.6046666588
0.5949821789
0.5913632024
0.5870997106
0.5795811019
0.5584785184
0.5164158286
0.4865206014
0.4708156261
0.4635857759
0.4604485261
0.4598567428
0.4596766005
0.4605657111
0.4614852977
0.4633894943
0.4654280752
0.4691083374
0.473644862
0.4811291335
0.4916197749
0.508295927
0.5346516132
0.5809396056
0.6737855173
0.9153573297
1006.082948
277.6333161
148.4459106
108.9111995
92.80675637
85.60942775
82.5772353
81.61768462
81.32674165
80.57748517
78.92011501
76.73456224
71.21060761
53.89652339
26.00357006
9.403561156
3.337014703
1.585564229
1.050910666
0.829203504
0.703332299
0.63557671
0.6067660293
0.5965844259
0.5925864751
0.5884023667
0.5808077272
0.5599760591
0.5176823968
0.4871415577
0.4709544404
0.4635183532
0.4601654104
0.4595227533
0.4593299487
0.460116988
0.4609078864
0.4626923526
0.4646248918
0.4681665603
0.47250567
0.4797313862
0.4898682871
0.5060377557
0.5316434146
0.5766597104
0.6668420152
0.901570067
1004.496136
271.4319655
141.2696806
102.1687811
86.74196639
80.31417751
78.17076878
78.26808451
78.98678599
78.99399639
78.13395602
76.25096036
71.72143569
57.46435127
29.71491104
11.12137715
3.881903865
1.718696058
1.087762507
0.8430923665
0.7104111082
0.6390619971
0.608496001
0.5974739212
0.5935310049
0.5893597386
0.5815561935
0.5608516687
0.518475781
0.4875459501
0.471061587
0.4634011923
0.4599945753
0.4592375813
0.4589332524
0.4596565673
0.4604044958
0.462100619
0.4638953132
0.4672670536
0.4714163903
0.478393293
0.4882157034
0.5039531206
0.5289169489
0.5728623386
0.660857983
0.8902724337
1004.056973
268.9799291
136.2923088
96.98159663
81.77207126
75.79417716
74.31981668
75.06429198
76.72125958
77.50445654
77.10157049
75.64331422
71.91970725
60.19812338
32.88340367
12.63274664
4.315087729
1.829854129
1.119846068
0.8557002155
0.716512432
0.6420863793
0.6100243192
0.598590265
0.5943607147
0.5901994822
0.5823787593
0.5618465055
0.5193445834
0.487983695
0.4711685643
0.463364078
0.4598093028
0.4590177051
0.4587037415
0.4593580711
0.4600194352
0.4616357425
0.4633597701
0.4666390626
0.4706567053
0.4774612825
0.4870481412
0.5024482761
0.5269131863
0.5700118724
0.6562304006
0.8811674696
1005.701941
270.4137193
133.4738612
93.29080313
77.91030525
72.03128742
70.92415917
72.17184574
74.60143701
76.19638313
76.28599404
75.17961235
71.92286565
62.02300848
35.62786086
14.11031648
4.79943871
1.948409898
1.15213077
0.8669040521
0.7219095204
0.6446841905
0.6112857984
0.5992205094
0.5950173792
0.5908293242
0.5828833971
0.5624495998
0.5199117998
0.4882834564
0.4712548892
0.4632873523
0.4596919772
0.4588166179
0.4584218193
0.4590300735
0.4596591045
0.4612104822
0.4628336901
0.4659888896
0.4698678072
0.4764905545
0.4858478385
0.5009328487
0.5249299734
0.5672482134
0.6518724589
0.87235348
1010.540871
274.5536661
132.4495497
90.88755896
75.04981657
69.03771277
68.02153463
69.56573239
72.59740294
74.93249431
75.15084738
74.58697908
71.87914123
63.21358755
38.00382992
15.35405254
5.186400448
2.05000434
1.180362389
0.8769018373
0.7265159738
0.6469289824
0.6124019532
0.6000175324
0.5956039918
0.5914111507
0.5834641749
0.5631404218
0.5205249854
0.4885950328
0.4713266917
0.4632541286
0.4595426386
0.4586391045
0.4582339579
0.4587833245
0.459336671
0.4608178504
0.4623780623
0.465451237
0.4692137325
0.475684438
0.4848340227
0.4996219212
0.5231797977
0.5647525878
0.6478103582
0.8636870992
1017.849773
278.5104583
131.4595531
88.6950751
72.540511
66.47649663
65.52353483
67.254852
70.72948577
73.73063511
74.39436467
74.03440836
71.78167803
64.05532053
39.95757786
16.52075984
5.602863767
2.152514592
1.206872605
0.8855021376
0.7305128681
0.6488404039
0.6133202291
0.6004735349
0.5960831705
0.5918605581
0.5838246116
0.5635706817
0.5209376353
0.4888165528
0.4713980219
0.4631844418
0.4594395529
0.4584604251
0.4579792204
0.4584837474
0.4590030259
0.4604191973
0.4618799322
0.4648305129
0.4684552929
0.474745745
0.4836677672
0.4981437591
0.5212391846
0.562041153
0.6435243709
0.855163178
1024.92806
279.1507942
128.7602452
85.76487048
69.8074775
63.95812345
63.21179894
65.19205538
69.03560747
72.60882237
73.91661007
73.58027549
71.62505328
64.60844622
41.59642489
17.46243524
5.92932061
2.240580141
1.22939143
0.8930749576
0.7338801747
0.6504763631
0.6141397391
0.6010542331
0.5965130153
0.5922864203
0.5842591999
0.5640819193
0.521399722
0.4890543416
0.471445515
0.4631517066
0.4593053972
0.4583001259
0.4578066985
0.4582543286
0.45869923
0.4600455196
0.461442841
0.4643112852
0.4678198911
0.4739589135
0.4826742764
0.4968549811
0.5195142515
0.559576384
0.6395041098
0.8467776083
1027.208901
273.1462062
123.6376124
82.17306379
67.00617634
61.51477419
61.04801109
63.34076309
67.53177968
71.59000946
73.44467471
73.20254219
71.46270811
64.95063284
42.95803406
18.32548689
6.254497475
2.322116949
1.249788995
0.8993792694
0.7367727296
0.6518601006
0.6148004327
0.6013849826
0.5968690616
0.5926184018
0.5845253029
0.5644006713
0.5217104846
0.4892240864
0.4715077567
0.4630868268
0.4592118636
0.4581358441
0.4575689989
0.4579724551
0.4583822277
0.4596626705
0.4609611127
0.4637073998
0.4670783518
0.4730373826
0.4815256325
0.4953954421
0.5175943081
0.5568898854
0.6352523588
0.8385257787
1024.254449
266.7381541
120.2981089
79.8666323
65.0113751
59.59423586
59.21409703
61.75270925
66.23609514
70.69128167
72.92671271
72.85999946
71.31462761
65.17688208
44.08154748
19.0080568
6.502234596
2.390795105
1.266909103
0.9049912035
0.7391952169
0.6530418646
0.6154033886
0.6018118724
0.5971906242
0.5929420887
0.5848608002
0.5647963369
0.5220731284
0.4894133297
0.4715413099
0.4630548745
0.4590881022
0.4579871984
0.4574068562
0.4577547226
0.4580910519
0.4593018341
0.4605367608
0.4632009544
0.4664560921
0.4722643943
0.480547144
0.4941236276
0.5158897336
0.554451826
0.6312721043
0.8304043712
1017.463386
261.984279
119.2652667
79.32434088
64.31135497
58.58845809
57.90167123
60.48900902
65.15839847
69.92137292
72.46992863
72.56580944
71.17874009
65.3320923
44.99603325
19.63417424
6.745095602
2.45238074
1.282136057
0.9095892644
0.7412998312
0.654049008
0.6158831866
0.6020553916
0.5974612281
0.5931969081
0.5850650731
0.5650419617
0.5223175433
0.489549552
0.4715918242
0.4629937279
0.4590011418
0.4578325167
0.4571806051
0.4574848463
0.4577854768
0.458929657
0.4600662476
0.4626086399
0.4657263015
0.471354978
0.4794112723
0.4926781293
0.5139862841
0.5517869785
0.627053752
0.8224087968
1014.731748
266.19954
124.1400254
82.26025218
65.41368548
58.52156084
57.20642191
59.56973779
64.28464591
69.27626013
72.07714482
72.32147696
71.05628993
65.44127616
45.74569431
20.11892742
6.927221459
2.504419774
1.295171399
0.9137694821
0.7430693591
0.6549235416
0.6163381822
0.6023770823
0.5977089795
0.5934528016
0.5853351961
0.5653621882
0.5226161497
0.4897089799
0.4716182871
0.46296294
0.4588847649
0.4576918178
0.4570255779
0.4572751183
0.4575029937
0.4585776475
0.4596508512
0.462111313
0.4651136077
0.4705923336
0.4784443908
0.4914200166
0.5122990914
0.5493733598
0.6231133685
0.8145363039
1014.139448
283.2329343
135.8398507
88.74838431
68.44747181
59.61272866
57.1952004
58.99795328
63.59216441
68.74312102
71.74796585
72.11694498
70.94835172
65.51971682
46.35603396
20.56847575
7.106996667
2.550780861
1.306469064
0.9171688668
0.7446296018
0.655677722
0.6167016238
0.6025640336
0.5979220507
0.5936560656
0.5854985329
0.5655609747
0.5228183678
0.4898227052
0.4716576597
0.4629050255
0.4588024702
0.4575437465
0.4568070913
0.4570135064
0.4572054538
0.458212746
0.4591881425
0.4615271103
0.4643921925
0.4696917368
0.4773181505
0.4899856122
0.5104095045
0.5467282644
0.6189284705
0.8067822651
1015.531622
310.258619
153.6770133
97.93975881
72.87997254
61.54131971
57.68943997
58.74835847
63.05566428
68.29226244
71.47701987
71.94770455
70.85477547
65.57675696
46.85821785
20.90596559
7.239213625
2.590009453
1.316406121
0.9202964239
0.7459532755
0.6563522032
0.6170601538
0.6028171648
0.5981210809
0.5938663997
0.5857251374
0.5658334355
0.5230789018
0.4899663709
0.4716809194
0.4628758233
0.4586912716
0.4574086953
0.4566570814
0.4568093857
0.4569291057
0.4578669296
0.458779296
0.4610365284
0.4637867573
0.4689371915
0.476360713
0.4887391476
0.5087378711
0.5443378547
0.6150284528
0.7991446817
1018.974999
352.4515127
178.5907439
109.8690949
78.5097342
64.18379192
58.70640938
58.82748057
62.66835554
67.88522311
71.23753304
71.8124621
70.77696188
65.61930743
47.26857374
21.22977136
7.37189971
2.624263253
1.324963462
0.922850956
0.7471251428
0.6569338323
0.6173492172
0.6029687799
0.5982967277
0.5940349213
0.5858611869
0.5660015275
0.5232514373
0.4900647486
0.4717109596
0.4628206567
0.4586125196
0.4572652664
0.4564439206
0.4565536031
0.45663741
0.4575070503
0.4583221353
0.4604581803
0.4630715305
0.4680432967
0.4752421175
0.4873140255
0.5068606349
0.541711728
0.6108781439
0.7916191326
1022.91696
414.7385833
210.7507408
124.1948654
85.02762686
67.37543526
60.12639381
59.11944787
62.43325517
67.51310729
70.98991838
71.69350054
70.71304239
65.650466
47.60852081
21.46041789
7.466658435
2.656717839
1.332521588
0.9252091453
0.7481286006
0.6574698855
0.6176422939
0.603177078
0.5984643399
0.5942143329
0.5860586208
0.5662462259
0.5234923085
0.4902015615
0.4717340748
0.4627930934
0.4585052124
0.4571343581
0.4562975332
0.4563535208
0.4563655276
0.4571656914
0.4579183212
0.4599727074
0.4624719053
0.4672954783
0.4742928575
0.486078105
0.5052037816
0.5393445488
0.6070208088
0.7842039131
1026.936504
505.2052021
250.5586642
140.4730542
92.06817623
70.90936507
61.81378401
59.67126252
62.45062645
67.20007278
70.73582525
71.55976825
70.64960511
65.67413974
47.88617065
21.69890989
7.565561099
2.680777528
1.339394527
0.9272100202
0.7490443323
0.6579210233
0.6178785456
0.6033054509
0.5986160425
0.5943592899
0.5861764808
0.5663920729
0.5236446692
0.4902904211
0.4717586631
0.4627405712
0.4584293274
0.4569942686
0.4560880502
0.4561019717
0.4560782628
0.4568093247
0.4574654195
0.4593985599
0.4617614399
0.4664069215
0.4731806529
0.4846611629
0.5033380609
0.5367372268
0.6029066519
0.7768945787
1030.809193
638.8164944
298.6016919
158.0920729
99.25134683
74.58699884
63.66704114
60.42635104
62.57816065
66.97389288
70.51768792
71.42336764
70.57274364
65.68067602
48.12075056
21.84934318
7.632179755
2.710286437
1.345173888
0.9289693746
0.7498065364
0.6583854688
0.6181226204
0.6034825685
0.5987623237
0.5945159979
0.5863526593
0.5666182238
0.52387329
0.4904237046
0.4717867694
0.4627152001
0.458326178
0.4568678811
0.4559458755
0.4559069104
0.4558127469
0.4564749373
0.4570703959
0.4589220724
0.4611731922
0.4656730751
0.472249095
0.4834485624
0.5017135969
0.5344192428
0.5991359448
0.7698573481
1034.670763
850.2321382
356.4980461
176.3046644
106.233465
78.2340793
65.58847138
61.31729143
62.88781313
66.85990173
70.37618574
71.33471015
70.51717387
65.67717263
48.30526307
22.05570053
7.713499902
2.727416639
1.35192643
0.9310021944
0.7507550912
0.6587065021
0.6183137273
0.6035918354
0.5988961114
0.5946419185
0.5864549067
0.5667472249
0.5240096301
0.4905043265
0.4718090243
0.4626652718
0.4582537659
0.4567329607
0.4557434433
0.4556636821
0.4555346112
0.4561292872
0.4566307642
0.4583639611
0.4604826495
0.4648094889
0.4711687146
0.4820735002
0.4999059077
0.5319001631
0.5951797806
0.7629381398
1037.81482
1188.926317
424.4081379
194.3304905
112.749779
81.71247325
67.49431108
62.28794516
63.37834289
66.89160912
70.36422457
71.33683015
70.51157583
65.67991477
48.47538733
22.08521144
7.743893302
2.746866484
1.356610925
0.9325330477
0.7514367788
0.6592806473
0.6185880708
0.6037746591
0.5990275554
0.5947803259
0.5866119909
0.566965031
0.5242451579
0.4906437517
0.4718431622
0.4626398055
0.4581530529
0.4566098908
0.4556047628
0.4554728941
0.4552739193
0.4558016745
0.4562441073
0.4578964735
0.4599063706
0.4640912219
0.4702580849
0.4808903619
0.4983254846
0.5296552316
0.5915553818
0.7561355883
1039.332202
1746.193459
496.8263304
211.2714333
118.6138839
84.91020747
69.47552799
63.5394501
64.18995969
67.04338773
70.44666927
71.42979775
70.57803823
65.70471194
48.44585086
21.75209907
7.595716749
2.717242417
1.349499078
0.9306299761
0.7509131227
0.6590408783
0.6185661259
0.6038147556
0.5991511434
0.5948972303
0.586704429
0.5670528935
0.5243145635
0.4906843194
0.4718433584
0.462589939
0.4580815265
0.4564762607
0.4554040458
0.4552317158
0.4549976703
0.455458613
0.4558072906
0.4573414891
0.4592200683
0.46323348
0.4691862337
0.4795285298
0.4965398195
0.5271775371
0.5876930462
0.7494450834
21123.65381
2407.317128
564.9574864
227.9324239
125.6082404
89.51441178
72.98220427
65.48850543
65.04318194
67.07322792
70.28090197
71.46074389
70.82660577
66.47074955
50.55518984
23.3019318
8.15940281
2.867744043
1.379270845
0.9381132505
0.7535652308
0.6602863526
0.6190308381
0.6040052976
0.5992671049
0.5950063071
0.5868369322
0.5672601042
0.5245559114
0.4908297406
0.4718914998
0.4625647275
0.4579829609
0.456355773
0.4552678205
0.4550434659
0.4547395504
0.4551346156
0.4554251303
0.4568781691
0.4586496318
0.4625229724
0.4682864091
0.4783614281
0.4949850813
0.5249787267
0.5841691977
0.7428637118
21103.29962
2565.557425
565.0917998
222.1027604
124.1599492
89.42193459
74.06473315
66.78584732
65.45424393
67.13413809
70.13245677
71.46504251
70.92400057
66.95634795
52.31097093
24.66919049
8.783418615
3.016520768
1.419941229
0.9501094988
0.7580384082
0.6620208668
0.6197149719
0.604298169
0.5994695676
0.5952235839
0.5871122831
0.5676912551
0.5249984162
0.4910872975
0.4719779027
0.4625562296
0.4579281798
0.4562300596
0.4550728035
0.454806745
0.4544671746
0.4547948848
0.4549920432
0.4563259936
0.4579668918
0.4616694941
0.4672206447
0.4770092263
0.4932164509
0.5225353373
0.5803896034
0.7363887083
21095.38259
2587.010911
529.1960094
207.8598725
119.6784941
88.04085067
73.76413896
67.20538542
65.71758916
67.23397132
70.14491892
71.49798286
71.0249088
67.37772396
53.86920143
25.88704023
9.257422794
3.179340586
1.454783971
0.957927852
0.7607499802
0.6632202565
0.6201818623
0.6044762518
0.5995797844
0.5953265866
0.5872355161
0.5678867238
0.5252304813
0.4912291979
0.4720285197
0.4625274285
0.4578312961
0.4561115718
0.4549384248
0.4546202785
0.454210754
0.4544737588
0.4546137358
0.4558660542
0.4574016018
0.4609660595
0.4663309269
0.4758574071
0.4916864722
0.520381146
0.5769627421
0.7300193457
21098.34665
2313.279946
452.7049567
185.1520787
112.7134148
85.5625821
72.90596044
67.03772572
65.80989214
67.36678597
70.24810803
71.59540448
71.24626732
67.89877851
55.46613838
27.65961056
10.16170573
3.448984313
1.524490958
0.9763216189
0.7671381448
0.6657540054
0.6211284185
0.6048304333
0.5997864432
0.595534119
0.5875151056
0.5683479663
0.5257210437
0.4915165794
0.472135835
0.462528251
0.4577771582
0.4559860626
0.4547436937
0.4543842347
0.4539389403
0.4541353256
0.4541821316
0.4553156717
0.4567217689
0.4601170984
0.4652723334
0.474516934
0.4899379399
0.5179759085
0.5732691018
0.7237512318
4473.939411
898.4652137
299.6015694
153.5467595
102.8715567
81.64071866
71.2599993
66.38118188
65.50577608
67.51982369
70.47937972
71.80637726
71.43760016
67.99323591
55.46856314
27.65015556
10.15933908
3.450407524
1.525127453
0.9765783464
0.7672713289
0.6658902042
0.6212412854
0.6049333977
0.5999080433
0.5956487863
0.5876181756
0.5684708345
0.5258521653
0.4916012844
0.4721513998
0.4624924378
0.4576795261
0.4558672155
0.4546090697
0.4541972765
0.4536817509
0.4538146348
0.4538054354
0.4548569742
0.4561595362
0.4594187563
0.4643908023
0.4733784937
0.4884307307
975.5809515
341.1175846
162.1119852
109.2013551
85.75403562
74.15500989
67.91097862
64.92675993
64.96424623
67.44731768
70.5619624
71.84304012
71.44453083
67.96765925
55.42169402
27.61422614
10.14955964
3.450518229
1.525350965
0.9767501852
0.7674029006
0.6660115445
0.6213486024
0.6050463447
0.600028371
0.5957499322
0.5877136256
0.568597219
0.5259862161
0.4916783732
0.4721680706
0.462452948
0.4576070572
0.4557328078
0.4544082782
0.4539573941
0.4534068341
0.4534746937
0.453372406
0.4543071501
0.455481641
0.4585743151
0.4633402807
293.168885
158.946352
105.0242785
83.16517726
72.0817201
66.81480002
64.14553908
63.25903112
64.34583217
67.23021572
70.518747
71.79721093
71.4082624
67.89934763
55.33876633
27.57336751
10.13280524
3.449399368
1.525323664
0.9768314843
0.7675221616
0.6661404833
0.6214707822
0.6051682153
0.600171071
0.5958626425
0.5878155499
0.5687193667
0.5261177154
0.4917636042
0.4721831132
0.4624133415
0.4575068149
0.4556118758
0.4542719414
0.453768402
0.4531472504
0.4531522613
0.4529955323
0.4538486651
0.4549214754
0.4578793474
140.9404352
100.5999983
79.64627346
68.36874967
62.3100399
60.29108099
60.2264343
61.26135183
63.5286449
66.94361627
70.39699077
71.71055987
71.33009318
67.79317555
55.2192218
27.51689537
10.11245002
3.446882069
1.525133927
0.9767653357
0.7676056714
0.6662487527
0.6215849344
0.6053001165
0.6003125029
0.5959793503
0.5879185782
0.5688482505
0.5262521069
0.491840051
0.4721986815
0.4623718726
0.4574324676
0.4554746555
0.4540679832
0.4535259204
0.4528699902
0.452810446
0.4525607847
0.4532982488
0.4542440559
100.4747418
81.47992636
69.19041498
60.98612919
56.33290805
55.28508057
56.4977794
59.01100966
62.50630581
66.57354333
70.20232225
71.57502562
71.20604652
67.63812839
55.05092621
27.41758238
10.08514431
3.442552565
1.524705316
0.9765563108
0.7676700928
0.6663763715
0.6217241883
0.6054486433
0.6004861672
0.5961178944
0.5880338528
0.5689752723
0.5263855085
0.4919259196
0.4722123414
0.4623296291
0.4573285203
0.4553507214
0.4539291502
0.4533340399
0.4526073697
0.4524859065
0.4521816634
0.4528397748
96.00401893
78.80356607
66.80183201
58.43718068
53.73387601
52.1980551
53.45374167
56.78566131
61.34934543
66.13161721
69.93889894
71.37329795
71.02420513
67.41600743
54.816652
27.27831162
10.03830363
3.43681003
1.523931314
0.9761609343
0.7676511877
0.6664880474
0.6218600109
0.6056179497
0.6006661345
0.5962602563
0.5881505788
0.5691110707
0.5265234665
0.4920029528
0.4722264787
0.4622847794
0.457250432
0.45520801
0.4537188744
0.4530859989
0.4523253711
0.452140008
0.4517420003
110.2941434
86.38817104
70.49654893
59.81150785
53.53602009
51.04352534
51.62137061
55.03057575
60.2419566
65.64063234
69.60402886
71.12700812
70.76972611
67.10577877
54.48743112
27.07840637
9.967803882
3.429043485
1.522701425
0.9756268372
0.7675633269
0.6666244114
0.6220486381
0.6058199777
0.6008999682
0.5964346068
0.5882852047
0.5692469897
0.5266623524
0.4920914708
0.4722381678
0.4622378112
0.4571392165
0.455077775
0.4535745916
0.452887954
0.4520561698
0.4518095965
134.5772861
103.9569006
80.81926571
65.16267746
55.8990382
51.67964727
51.1886466
54.12024494
59.39811361
65.13301257
69.19183807
70.72358376
70.41468396
66.68033156
54.04717322
26.81236154
9.870361751
3.418041051
1.521265346
0.9749589474
0.7673933692
0.6667386291
0.6222442409
0.6060656505
0.6011555204
0.5966243984
0.5884280249
0.5693981028
0.5268096281
0.4921708771
0.4722498994
0.4621864178
0.4570536363
0.4549242741
0.4533518054
0.4526285496
0.4517641713
0.4514540728
170.7249078
131.1871023
100.8258051
77.47830119
62.14500872
54.57187474
52.36626544
54.05390145
58.97144036
64.70825602
68.68591403
70.22701061
69.91845866
66.09065732
53.43489881
26.43761671
9.73803595
3.399843584
1.519245586
0.9738554503
0.7671968777
0.6669027787
0.6225322697
0.6063797979
0.6015072881
0.5968715066
0.5886023759
0.5695540469
0.5269614509
0.4922654006
0.4722578799
0.4621301847
0.4569280983
0.4547813318
0.4531963892
0.4524180499
0.4514815518
220.1244003
172.3343975
130.8899866
98.33138809
74.98381921
61.01902268
55.44923164
55.16479323
59.03990536
64.31304627
68.03199127
69.51767265
69.23108401
65.28907839
52.64212244
25.9594163
9.563875483
3.372622755
1.515862125
0.9721143296
0.7669149577
0.6670393366
0.6228458038
0.6067807987
0.601910686
0.5971514094
0.5887948418
0.5697354533
0.52712759
0.4923494905
0.4722647096
0.462065859
0.4568278019
0.4546069646
0.4529493869
0.4521363489
0.4511696618
237.2564706
209.5304266
171.222929
131.0460194
96.2987548
72.52803719
60.5930423
57.33056402
59.24948436
63.628589
67.14436174
68.59781521
68.30146006
64.20038653
51.56813527
25.29826121
9.338445482
3.336709707
1.511070814
0.96982667
0.7663281908
0.6672807668
0.623338044
0.6073148094
0.602491875
0.5975285355
0.5890396902
0.5699270328
0.5273025849
0.4924542072
0.4722627486
0.4619913708
0.456674588
0.4544393438
0.4527722658
0.4519016973
199.8963915
198.1156544
184.504905
158.499299
125.8909057
93.47839152
70.40141472
60.37729092
59.34139276
62.610649
66.08143353
67.49803902
67.0614003
62.8214218
50.26211409
24.52031272
9.063234838
3.285726984
1.50300411
0.966724202
0.7657472635
0.6675016399
0.6238884538
0.6080186467
0.6031546521
0.5979604962
0.589314599
0.5701587608
0.5274995247
0.4925438861
0.4722517686
0.461901638
0.4565460432
0.4542255041
0.4524795948
0.4515777682
143.0008491
153.5028478
158.1384804
152.624576
136.1892397
112.1529428
85.79635967
66.91047436
60.09662087
61.06188006
64.34531714
66.03544946
65.4527145
61.12010816
48.60040155
23.50983087
8.731700995
3.224001032
1.493400584
0.962963057
0.764742917
0.6679417113
0.6247892876
0.6089751845
0.6040911522
0.5985451823
0.5896671103
0.570398204
0.5277029559
0.4926585335
0.4722261633
0.4617913628
0.4563410678
0.4540121511
0.4522623628
106.5170923
113.479953
120.4349202
124.4394323
122.1659658
111.5045505
93.71651387
74.53933424
62.14107741
59.25436274
61.51734499
63.60696543
63.60642765
59.21133112
46.8347857
22.59685543
8.387265204
3.143159524
1.478259733
0.9582926313
0.7639907148
0.6684172495
0.625801356
0.6102528729
0.605117737
0.5991905355
0.5900477845
0.5706841228
0.5279245864
0.4927395236
0.4721946611
0.4616521183
0.4561605242
0.45372759
0.451888679
86.0594293
89.79434348
94.12330782
98.02994187
99.68876424
97.90707262
90.06408856
76.09684389
62.8715263
56.50111235
57.11261417
59.7757971
60.73385018
57.13376339
45.02663743
21.53380581
8.041012246
3.068621745
1.463533115
0.9536921707
0.7627666812
0.6694215826
0.6275058964
0.6119932472
0.606520156
0.6000316899
0.5905119663
0.5709385574
0.5281187233
0.4928341553
0.4721393054
0.461472764
0.4558641386
0.4534356276
72.97275176
75.07762034
77.51320903
79.91909671
81.53448376
81.3910564
78.80518095
71.91850721
61.70233372
53.58449766
51.73451342
53.9936054
56.20586556
54.62817582
43.84143305
21.47809986
7.860827664
2.985785856
1.442877583
0.9492830584
0.7628248869
0.6705487446
0.629417926
0.6143118535
0.6078842733
0.6008472658
0.5909346356
0.5711902906
0.5282702243
0.4928444809
0.472007456
0.4612386365
0.4555940484
62.80008976
64.12684099
65.5587746
66.93894661
67.94557994
68.06348456
66.97218956
63.60065222
57.49483992
50.31592228
46.21209491
46.95359358
49.69924815
50.7242455
43.30302819
22.16335547
7.884023281
2.939288689
1.433786972
0.9485754042
0.7640852942
0.6735359503
0.6327639512
0.6168631969
0.609631
0.6018067477
0.5913667753
0.5712693078
0.5282182108
0.4926921793
0.471817157
0.4609249788
53.40406676
54.65339086
55.81610508
56.78796971
57.41700206
57.48228923
56.87756867
55.02599776
51.4575597
46.35553167
41.51081069
39.97245609
41.76328947
44.35880949
42.26120014
24.84740921
9.035779145
3.287242539
1.423094104
0.9521302433
0.7662210779
0.6764994908
0.6355746904
0.6192112756
0.6109742379
0.6025016659
0.5915945076
0.5712186261
0.5281419501
0.4924889538
0.4714698163
39.81142738
42.51683454
45.04647081
47.10526171
48.46194285
48.99328364
48.74894576
47.69318747
45.46651574
42.04500954
37.76394474
34.32890405
34.04712762
36.04351842
37.51396425
30.4719271
11.257243
3.790566744
1.640049896
0.9579691793
0.7773006394
0.6800215678
0.6384233799
0.6211375982
0.6126463785
0.6033866753
0.5919264262
46.37015429
43.19802724
60.83981832
58.8496973
71.45308578
69.56921311
83.66035801
80.57730555
102.9759528
96.8225405
138.6492122
125.5777745
203.1753588
179.0526591
290.4759516
264.0285853
327.9377766
351.309168
309.2711766
396.7664005
248.5745908
409.6035648
203.9278845
384.4644231
173.0600067
341.9585233
157.9924619
314.3208077
180.2438457
310.3274741
281.5783179
355.3004088
668.5086872
526.8045541
2749.425404
1166.421595
16577.71083
0.5159226608
0.528437024
0.5404935018
0.5598536562
0.5807822635
0.6125935097
0.6511896621
0.7090814193
0.788905004
0.9153549668
1.124140265
1.527345771
0.4861097519
0.484587154
0.4845320139
0.4879776654
0.4902936071
0.4960266336
0.5002993473
0.5087030611
0.5158786833
0.5283918868
0.5404586934
0.5597784691
0.5806965322
0.6125119827
0.6511161628
0.708893257
0.7887480113
0.9151415378
1.123900629
1.52713268
0.5150050498
0.5110070772
0.5073294518
0.5021362693
0.4971029391
0.490369697
0.4860942396
0.4845685684
0.4845151197
0.4879555087
0.4902792776
0.4959996978
0.5002787033
0.5086707663
0.5158523598
0.5283208689
0.5403900194
0.5596912183
0.5806526053
0.6123978998
0.6509657226
0.7087742686
0.7885730559
0.9148775242
1.123623127
1.526911726
2616.027798
809.3758501
187.9824974
51.77976986
28.14847439
20.04071853
0.6834095081
0.6179902556
0.5777180755
0.5517242141
0.5358709368
0.5264006133
0.520894634
0.5177012603
0.5150191726
0.5110174541
0.5073381863
0.5021389833
0.497100908
0.4903632955
0.4860787618
0.484550814
0.4844934276
0.4879123073
0.4902503278
0.4959448912
0.5002362607
0.5086040238
0.515800055
0.5282633718
0.540357526
0.5596229733
0.5805479818
0.6122827453
0.6508848605
0.7085752315
0.7883620987
0.9146206003
1.123340658
1.52664887
2620.076347
810.6158499
188.3538229
51.81908185
28.15513822
20.04720538
11.33987095
6.836163055
4.140319662
2.604315337
1.716928668
1.209117514
0.9264105598
0.7730640076
0.6834733887
0.6180740644
0.5777474494
0.5517582586
0.5358941685
0.5264169855
0.5209047069
0.5177060121
0.5150241749
0.5110227119
0.5073478145
0.5021449543
0.4971003052
0.4903530709
0.4860493075
0.4845236341
0.484469632
0.4878900762
0.4902377791
0.4959206052
0.5002180352
0.5085749669
0.5157756283
0.5281997655
0.5402755397
0.5595174698
0.5805027579
0.6121741898
0.6507090363
0.7084155325
0.7881626015
0.9143219194
1.123002797
1.52637173
2623.565005
811.8959314
188.7675122
51.89151334
28.16903224
20.04999329
11.3394414
6.836452643
4.140396977
2.60450782
1.717063788
1.20921036
0.9264752354
0.7731375033
0.6835333628
0.618110331
0.5777597776
0.5517682897
0.5358991893
0.5264205732
0.5209086242
0.5177126112
0.5150399977
0.511035379
0.5073570292
0.5021480444
0.4970995375
0.4903338499
0.4860283278
0.4845041477
0.4844471264
0.487849695
0.4902039565
0.4958621362
0.500170943
0.5085041615
0.515714663
0.5281283525
0.5402443296
0.5594575084
0.5803843432
0.6120241752
0.650609129
0.7082077461
0.7879062985
0.9140161776
1.122674322
1.526048603
2628.045641
813.2851387
189.2385118
51.93317804
28.18141976
20.05818282
11.34335038
6.839825776
4.142191927
2.605653458
1.717846739
1.20967624
0.9267723445
0.7733013051
0.6836335157
0.6181967971
0.5778144236
0.5518152915
0.5359329324
0.5264442783
0.5209225639
0.5177189496
0.5150464144
0.5110392594
0.5073662131
0.5021521995
0.4971000768
0.4903195344
0.4860017813
0.4844762328
0.4844183712
0.4878249456
0.4901908167
0.4958388797
0.5001526082
0.508476262
0.515689448
0.52807222
0.5401483835
0.5593314555
0.5803199109
0.611918205
0.6504161587
0.7080051421
0.7876753309
0.9136860777
1.122274427
1.525708481
2631.560261
814.8786605
189.7910839
52.02767758
28.20598158
20.06156026
11.3433971
6.841332616
4.142921516
2.606198396
1.718199938
1.209897418
0.9269403577
0.7734330894
0.6837525294
0.6182581602
0.5778538148
0.5518393431
0.535947542
0.5264530823
0.5209275727
0.5177256227
0.5150655681
0.5110539368
0.5073777035
0.5021537442
0.4970992348
0.4902980416
0.4859841683
0.4844596487
0.4843957092
0.4877886695
0.4901497998
0.4957763832
0.5000985473
0.5084002201
0.5156177063
0.5279845638
0.5401143532
0.5592767747
0.5801997911
0.6117370851
0.6502875938
0.7077858304
0.7873810001
0.9133275681
1.121895191
1.525322049
2638.724103
816.6772962
190.430616
52.07037767
28.22673197
20.07218396
11.34624827
6.844475575
4.144635269
2.607353178
1.718972084
1.210369318
0.9272251386
0.7735951495
0.683875355
0.6183408692
0.5779248512
0.5518935882
0.5359876201
0.5264801964
0.5209432518
0.5177358698
0.5150755761
0.5110567121
0.5073867664
0.5021556084
0.4971009931
0.4902815206
0.4859552148
0.4844283978
0.484360913
0.4877592594
0.490134023
0.4957525847
0.5000782844
0.5083717034
0.5155899892
0.5279356814
0.5400128737
0.5591307789
0.5801011166
0.6116262978
0.6500824511
0.7075420842
0.787112625
0.9129673141
1.12143601
1.524928648
2643.82617
818.8919299
191.1705623
52.20362629
28.26720396
20.0754811
11.34713837
6.847008306
4.146067726
2.608274258
1.719512241
1.210685228
0.927440108
0.7737622568
0.6840380114
0.6184149779
0.5779848585
0.5519232025
0.536004037
0.5264870766
0.5209460798
0.517743464
0.5150996152
0.5110745992
0.5074018232
0.5021556427
0.4971009265
0.4902580354
0.4859333543
0.4844081972
0.4843349642
0.4877257565
0.4900829792
0.4956847375
0.5000151111
0.5082883803
0.515505516
0.527830523
0.5399563469
0.5590734699
0.5799847316
0.6114203888
0.6499188732
0.7073061744
0.7867860028
0.9125546972
1.121005058
1.524485549
2653.475441
821.4912431
192.0261492
52.24811485
28.29848063
20.08901672
11.3501787
6.85008578
4.147927888
2.609505729
1.720321338
1.211251774
0.9277611228
0.7739656541
0.6842052461
0.6185174974
0.5780881441
0.5519954468
0.5360558453
0.5265204765
0.5209678934
0.5177617991
0.5151161818
0.5110763563
0.5074102763
0.5021554979
0.4971038755
0.4902372303
0.4858974981
0.4843702209
0.4842921205
0.4876882462
0.4900628597
0.4956591864
0.4999912817
0.5082578003
0.5154737415
0.5277850931
0.5398587303
0.5589100141
0.5798482208
0.6112955411
0.6497026262
0.707024209
0.7864746452
0.9121627247
1.120488564
1.524038792
2661.946159
825.0020623
192.9705828
52.44610663
28.35886948
20.08917006
11.35298401
6.853582992
4.150155038
2.610799729
1.721040036
1.211735974
0.9280057
0.7741704074
0.6844072681
0.6186176349
0.5781791617
0.5520338559
0.5360731378
0.5265253405
0.5209710184
0.5177711128
0.5151454144
0.5110987204
0.5074313802
0.502153933
0.4971073282
0.4902099873
0.4858673756
0.4843448754
0.4842614416
0.4876574617
0.4899992412
0.4955834651
0.4999155113
0.5081640153
0.5153731119
0.5276619504
0.5397700994
0.558844652
0.5797336215
0.6110697223
0.6494997356
0.7067648757
0.7861182111
0.9116945982
1.120002213
1.523534621
2674.753828
829.1675385
194.1115003
52.49921025
28.39910496
20.10686458
11.35816201
6.856908313
4.15241648
2.612043406
1.721973616
1.212460818
0.9284369583
0.7744424666
0.6846251347
0.6187591261
0.5783205883
0.5521268931
0.5361376092
0.5265689336
0.5210046846
0.517803899
0.5151736003
0.5110995454
0.507438767
0.5021534644
0.4971096329
0.4901825954
0.4858274789
0.4842970242
0.4842090005
0.4876068182
0.4899694429
0.4955545704
0.4998856477
0.5081292692
0.5153349204
0.5276149098
0.5396772118
0.5586682338
0.5795559588
0.6109212554
0.6492698418
0.7064471161
0.7857586261
0.9112672568
1.11942831
1.523030428
2691.430505
835.4067139
195.3202261
52.81332745
28.48305684
20.10425636
11.36350695
6.861230239
4.155195336
2.613498729
1.722851113
1.212969042
0.9287611905
0.7746549469
0.684839068
0.6188858476
0.5784395436
0.5521659919
0.5361494146
0.5265697951
0.5210086473
0.5178166662
0.5152058538
0.5111290424
0.5074711359
0.5021499857
0.4971160825
0.490147998
0.4857840236
0.4842564397
0.4841696449
0.4875775776
0.4898951886
0.4954659395
0.499791695
0.5080202457
0.5152127293
0.5274717523
0.5395508771
0.5585786435
0.5794378837
0.6106784368
0.649024475
0.7061568259
0.785372539
0.9107429951
1.1188835
1.522459193
2712.435102
842.9811413
196.9661559
52.88388324
28.52772692
20.12007618
11.37201409
6.864792234
4.157685194
2.61482023
1.72379382
1.213737703
0.9294209805
0.7750852779
0.6851154653
0.6190789728
0.5786155308
0.5522773969
0.5362284593
0.5266316807
0.5210657454
0.5178740879
0.5152549797
0.5111274006
0.507476775
0.5021522182
0.4971169164
0.4901132455
0.4857343769
0.48419606
0.4841052522
0.4875072896
0.4898372895
0.4954316867
0.4997516881
0.5079777397
0.5151640196
0.5274171673
0.5394577772
0.5583938514
0.5792164517
0.6104959946
0.6487747878
0.7058037718
0.7849589095
0.910274388
1.118248626
1.52188628
2738.512914
855.0295457
198.6685598
53.39779984
28.6362084
20.1090538
11.37911593
6.86996751
4.161126421
2.616469691
1.724672784
1.214216967
0.9297743358
0.7753655338
0.685356113
0.619227674
0.5787382469
0.5523027698
0.5362297432
0.5266272099
0.5210695338
0.5178934374
0.5152825287
0.5111662106
0.5075335268
0.502154518
0.4971275878
0.4900667001
0.4856651652
0.4841330681
0.4840491141
0.4874722137
0.4897548156
0.4953228492
0.4996300259
0.5078457289
0.5150114332
0.5272477463
0.5392860489
0.5582665719
0.5790852266
0.6102356532
0.6484827212
0.7054729233
0.7845392737
0.9096904891
1.117637553
1.521232894
2770.225013
869.3598793
201.7964183
53.44749602
28.67743253
20.14598015
11.39617442
6.87577104
4.164096307
2.617598616
1.725440108
1.214940244
0.9304875996
0.7759906811
0.6857782555
0.6194722392
0.5789158678
0.5524253889
0.5363275793
0.526724925
0.5211695873
0.5179927968
0.5153683848
0.5111849913
0.5075397811
0.5021541294
0.4971279055
0.4900187602
0.4856063159
0.4840596032
0.4839693176
0.4873707086
0.489651467
0.4952799428
0.4995733922
0.5077898305
0.5149457977
0.5271794726
0.5391849128
0.5580732594
0.5788156852
0.6100068749
0.6482029622
0.7050817777
0.7840636251
0.9091712172
1.1169328
1.520575612
2807.935254
889.5191603
208.346954
54.24838165
28.85049147
20.14883097
11.41211386
6.883723917
4.168071287
2.619323613
1.726339236
1.215379765
0.930725211
0.7762523168
0.6860929823
0.6197244456
0.5790714025
0.552429907
0.5363089419
0.5267079707
0.5211690394
0.5180217545
0.5153854494
0.5112185092
0.5076333322
0.5021818481
0.4971461169
0.4899614203
0.4854963543
0.4839593792
0.4838798248
0.4873202382
0.4895618099
0.4951454396
0.4994067924
0.5076228907
0.5147493576
0.526972511
0.5389562291
0.5578906321
0.5786567221
0.6097248194
0.6478581481
0.7046983559
0.7836028214
0.9085213723
1.116245232
1.519826523
2849.795898
915.1801842
213.5318339
54.31510006
28.89904279
20.19381186
11.44071305
6.891704157
4.17136444
2.620349815
1.7268497
1.215856377
0.9312446077
0.7767888615
0.686555586
0.6199405374
0.5792348283
0.5526125356
0.5364798223
0.5268729771
0.521339512
0.518193267
0.5155297702
0.5113191314
0.5076742323
0.5021801782
0.4971489187
0.4898663031
0.4854169664
0.4838767014
0.483782886
0.4871705789
0.4893889865
0.4950730926
0.4993253853
0.5075459376
0.5146580201
0.5268816689
0.5388356721
0.5576870705
0.5783341892
0.6094351399
0.6475342299
0.7042635258
0.7830558056
0.9079406023
1.115461722
1.519080958
2894.14156
948.4752595
224.2424111
55.54353484
29.13483494
20.17381749
11.45676197
6.899523751
4.174479885
2.621728034
1.727650667
1.216282361
0.9315307956
0.7771196918
0.686928566
0.6203509214
0.5795608944
0.5526973676
0.5364737584
0.5268489363
0.521339241
0.518242555
0.5155512836
0.5113520843
0.5077863176
0.5022537792
0.4971143191
0.4897482408
0.485253077
0.4837115005
0.4836303901
0.4870830937
0.4892929797
0.4949282015
0.4990861243
0.5073289967
0.5143999944
0.526622629
0.5385370231
0.5574273159
0.5781268785
0.6091237617
0.6471298216
0.7038135189
0.782543262
0.9072165254
1.11468814
1.518235411
2935.538081
985.7169024
233.422733
55.6602919
29.12925137
20.13490216
11.48636456
6.906086746
4.177945673
2.623363117
1.728310163
1.21663271
0.9318983169
0.7775520308
0.6872854164
0.6203443204
0.5795007666
0.5528045534
0.5367049984
0.5271400225
0.5216392391
0.5185385208
0.5158037694
0.5116081678
0.5079498891
0.5022461395
0.497048507
0.4895692235
0.4851280137
0.4836047122
0.4835258716
0.4869008653
0.4890379579
0.494763117
0.4989744076
0.5072230041
0.5142736215
0.52649792
0.5383817274
0.5572105718
0.5777507827
0.6087590802
0.6467451408
0.7033273996
0.7819150446
0.9065618798
1.113818281
1.51742284
2968.967646
1033.407851
251.0555426
57.53500138
29.36425732
20.0222781
11.51398823
6.916058548
4.181341733
2.624724834
1.729412999
1.217608388
0.9329800923
0.7788005683
0.688398816
0.6212160694
0.5802817619
0.5532163604
0.5368781348
0.5271596634
0.5216529853
0.5186363389
0.5158653825
0.5116905603
0.5080319322
0.5023226135
0.4969452554
0.4893531915
0.4848844051
0.4833625552
0.4832815544
0.4866945504
0.488906245
0.4946331893
0.4986779696
0.5069391449
0.5139441587
0.5261783705
0.5380076919
0.5568557775
0.5774711477
0.6084084903
0.646277693
0.7027981372
0.7813396745
0.9057562209
1.112956566
1.516518075
2983.73139
1079.586012
265.7407822
57.40702921
29.22222011
19.8882485
11.53602439
6.92536923
4.190949912
2.632399913
1.733565364
1.219826607
0.9343738677
0.7796928059
0.6889933614
0.6214404213
0.580252351
0.5530956429
0.5369044078
0.5274202157
0.5220972413
0.519168821
0.5163247794
0.5121717975
0.5083717444
0.5023800197
0.4968119095
0.4891163319
0.484712901
0.4832125343
0.4831449386
0.4865148623
0.4886218007
0.4943435216
0.4984598786
0.50679005
0.5137631361
0.5259950374
0.5377930188
0.5566102002
0.5770321983
0.6079412535
0.6457937894
0.7022226308
0.7805806191
0.9049701308
1.111938751
1.515652216
2974.966483
1128.816581
294.3675929
60.7423468
29.62760169
19.7171394
11.67100451
6.97217792
4.212833802
2.640739779
1.739059594
1.224306152
0.9379628685
0.7832062705
0.6921850448
0.623249878
0.581627488
0.5543476785
0.5377407182
0.527911919
0.522338123
0.5193497429
0.5164757188
0.5123307295
0.5084268927
0.5024039062
0.4966951978
0.4888239954
0.484398971
0.4828791665
0.4827954932
0.4861662871
0.4883727856
0.4941756556
0.4981398548
0.5063913059
0.5133169139
0.5255536278
0.537282831
0.5560895321
0.5766030765
0.6074673174
0.645165914
0.7014775195
0.7797952121
0.9038780367
1.11079961
1.514798158
2936.543219
1145.499488
313.3027212
59.36759336
29.15327984
19.57863328
11.64313249
7.002216108
4.239347869
2.669493406
1.75749004
1.233742037
0.9436989748
0.7865331123
0.6935951697
0.6245543377
0.58280062
0.5543275059
0.5376243623
0.527940684
0.5227456334
0.5201099381
0.5172890658
0.5130816921
0.5089763805
0.5026689555
0.4965658646
0.4885465658
0.484177299
0.4826848014
0.4826158448
0.4859613442
0.4880987916
0.4937393092
0.4977400525
0.5061835377
0.5130645918
0.5252866506
0.5369814396
0.5557459282
0.5760103478
0.6067499495
0.644407204
0.7006094653
0.7786229452
0.9026591425
1.10933274
1.51391101
2864.932979
1159.706991
351.6627331
68.72819729
30.53300082
19.51947552
12.2508461
7.182307399
4.348977897
2.710200763
1.776797453
1.249597986
0.9535126131
0.793971472
0.700858019
0.6289646882
0.5849543885
0.5566035508
0.5393469134
0.5291676351
0.5235973555
0.5207609409
0.5175447301
0.513360759
0.5091055888
0.5027120241
0.4965460279
0.4882849586
0.483807282
0.4822752867
0.4821744053
0.4854519965
0.4876534496
0.4934598486
0.4974128526
0.5055856185
0.5124213448
0.5246358358
0.5362003219
0.5549150792
0.5752715248
0.6059971483
0.6434485273
0.6993929785
0.7773637715
0.9009349775
1.107620943
1.512833948
2757.642131
1183.461508
386.7309861
63.58556541
30.16930293
19.43054967
12.5998538
7.387752662
4.426875457
2.800142996
1.848299259
1.280092255
0.9702025828
0.805870278
0.7071831605
0.6322494372
0.5888145965
0.5577222828
0.5395779161
0.5293303173
0.5240547022
0.5216420285
0.5187110355
0.5145429305
0.5100146774
0.5033776648
0.4966236245
0.4880499781
0.4835651344
0.4819984556
0.4818915458
0.485186364
0.4873866406
0.4929249768
0.4967507566
0.5052852967
0.5120568826
0.5241759315
0.5357659542
0.5544016928
0.5744458188
0.604875074
0.6421827676
0.6980076899
0.7754611648
0.8989546444
1.105409229
1.511425208
2635.853088
1196.748425
454.8523209
94.79105425
31.06052192
19.73273458
13.33543788
7.744651378
4.781660393
2.953165597
1.88158281
1.317693539
0.996732374
0.8202015374
0.718681402
0.6427806325
0.5928803129
0.5612964624
0.5425232669
0.5313083609
0.5254049978
0.5227075314
0.5193347229
0.5150188767
0.5103359173
0.5035887526
0.4966498651
0.4879326176
0.4832048428
0.4815302952
0.4813790681
0.4845242984
0.486673613
0.4923117085
0.4963745698
0.5044964369
0.5110657607
0.5232247923
0.5345762369
0.553061732
0.5731377537
0.603587262
0.6406746177
0.6959769837
0.7733776798
0.8962094884
1.102687299
1.509411888
2511.462928
1224.394868
512.8072498
91.9556833
33.32915351
20.20795272
13.53154
8.352177002
4.867937275
3.041396783
2.060157715
1.389994794
1.025106438
0.8457976293
0.7360176143
0.6495879404
0.600296195
0.5649802702
0.5433837976
0.5317599083
0.5262433746
0.5241795779
0.5209645541
0.5168758752
0.5119208208
0.5049188874
0.497426881
0.4879713952
0.4829618317
0.4811502513
0.480942661
0.4840594853
0.4863095093
0.4917330441
0.4954250748
0.5037595958
0.5105016802
0.5224273018
0.5338144821
0.5522066346
0.5719425282
0.6018561446
0.6385070915
0.693691505
0.7702533465
0.8929153677
1.099063235
1.506561339
2399.392706
1207.535221
634.4415156
167.3585731
32.81438574
20.16333399
14.64909066
8.712880064
5.499469046
3.441209069
2.095650529
1.441105348
1.082379288
0.8718078819
0.7527022769
0.6678348471
0.6086832047
0.5701477204
0.5484462424
0.5351232018
0.528343586
0.5256249896
0.5221747689
0.5177006434
0.5126053094
0.5054796426
0.4977303913
0.487989715
0.4826428152
0.4806046933
0.4803165666
0.4832271663
0.4852874835
0.4905950716
0.4947445051
0.5028051854
0.5090734297
0.5209664776
0.532064585
0.5500833368
0.5696355001
0.5995004049
0.6360345611
0.6902708428
0.7667108575
0.888437328
1.094294044
1.502510946
2295.087741
1147.0265
661.0697
257.6115799
46.20167808
22.09723174
14.43098653
9.911869223
5.66955339
3.457873385
2.410529699
1.591173946
1.120674426
0.9146920309
0.7862914064
0.6820186927
0.6210014931
0.5784894913
0.5504691267
0.5359276573
0.5294406829
0.528034616
0.5246451164
0.5206215089
0.5153565388
0.507981582
0.4996185133
0.4885253654
0.4824339487
0.4801215899
0.4796800835
0.482381708
0.4846156989
0.4898917445
0.4935367026
0.5013353738
0.5079200965
0.5195905776
0.5305511836
0.5484731942
0.5677367817
0.5968835671
0.6323394703
0.6863842548
0.7615373225
0.8826863433
1.087780446
1.496863341
2179.823601
1059.600169
625.4936799
382.0178769
78.8206274
22.68313122
16.75720406
10.05095447
6.579929401
4.159351243
2.429031352
1.646151275
1.221197655
0.9595320385
0.8122370994
0.7098636738
0.6358962702
0.587029444
0.5593710011
0.5416408731
0.5330095467
0.5301128565
0.5266337374
0.5220717468
0.5166599458
0.5091447835
0.5004332246
0.4888233294
0.4822035826
0.4794412337
0.4788304763
0.4812682178
0.4832894588
0.487993757
0.4920962842
0.4999466234
0.5059689663
0.5172925828
0.5279272444
0.5452277389
0.5638662959
0.5924661342
0.6280352972
0.6805914897
0.7552747165
0.8749484359
1.078895626
1.488986409
2079.48092
956.8845607
576.2084178
399.3618572
202.626932
38.98451181
14.82584534
11.86033854
6.997834708
4.253593168
3.010723745
1.912396123
1.279171312
1.025057065
0.8663857111
0.7367673522
0.6586679579
0.6019632658
0.5635804125
0.5432176565
0.5346499069
0.5338372923
0.5305203109
0.5264786412
0.5212768648
0.5133926345
0.5042258125
0.4904029646
0.4821129028
0.4788016089
0.4779478598
0.4799212733
0.4819044725
0.48699086
0.4906267354
0.4975848425
0.5037259522
0.5148504082
0.5251268167
0.5420799083
0.5603678322
0.5884073886
0.6219134315
0.6737963162
0.7464641534
0.8643679021
1.066581802
1.477999059
1971.035567
861.348905
520.8071465
375.9184218
270.3831883
119.644834
31.66482886
10.6759223
8.480133982
5.393170857
2.914076675
2.077025816
1.484208676
1.106723754
0.9121779931
0.7826360631
0.6835689637
0.6191689333
0.5801310664
0.5539095759
0.5404435436
0.5368667934
0.5336660627
0.5293599645
0.5236557479
0.5160568211
0.5062959686
0.4912024516
0.4819825188
0.4779059057
0.4767212719
0.478245314
0.4802412682
0.4841958424
0.4878349375
0.4950888233
0.5008823524
0.511231214
0.5209530198
0.5370332096
0.5542951855
0.5804639928
0.6139907313
0.6637373278
0.7348493949
0.850132183
1.049655428
1.462395216
1851.806948
777.6013295
465.8611176
341.9881944
265.1807023
192.47787
81.79261484
28.84984024
10.15079925
6.208281295
4.316348092
2.41239428
1.562707899
1.224812015
0.9990575008
0.8285515071
0.7249583467
0.6438505655
0.5881811216
0.5567228703
0.5438768199
0.5428731033
0.5397355305
0.5359232263
0.53091407
0.5228964302
0.5129240149
0.4951868529
0.482610322
0.4771699729
0.4754354625
0.4763024397
0.4777828568
0.4822785219
0.4857674066
0.4917214081
0.4969729635
0.5068634835
0.516000524
0.5312500146
0.5473875001
0.5734235448
0.6039212867
0.6515822045
0.7192309406
0.830240926
1.025582477
1.439850794
1721.538539
699.5932796
414.0704765
302.8875285
244.4105421
196.3197853
144.2842071
68.32418798
18.51150583
7.348465768
4.417465977
3.201758
2.02865806
1.370245889
1.082004474
0.9010252785
0.7606330928
0.6756611416
0.6182010286
0.575983484
0.5529350693
0.5469392219
0.5447575582
0.5408900078
0.5356111297
0.5282722061
0.517970923
0.4977455969
0.4830469438
0.4761705155
0.4737593653
0.4737277413
0.4754508668
0.4785627858
0.4811648851
0.4871519678
0.4922915333
0.5010928325
0.509195352
0.5228830465
0.5379832129
0.5601522706
0.5892540815
0.6335022314
0.6971796505
0.8028605504
0.9921973322
1.406623518
1586.923685
628.5647652
368.7168686
267.4724803
217.5018989
185.0684796
153.2953325
114.5820905
62.77423445
20.13841702
7.171239571
3.535106748
2.357569139
1.635551954
1.230802917
0.9861543517
0.8373536272
0.7141135664
0.6323869915
0.5853578217
0.5630894245
0.5567298457
0.5529282719
0.5499263773
0.5456359872
0.5381743279
0.5284905378
0.5060114383
0.4856967405
0.475786718
0.4722413359
0.4713775587
0.4720208839
0.4751630772
0.4779831024
0.4827833255
0.4866655006
0.4943893098
0.501446296
0.5140144304
0.5264237097
0.548164554
0.5737573522
0.6137908535
0.6716702692
0.7691101476
0.9481407142
1.359835531
1461.701812
571.0077027
333.019038
240.0252216
194.6482686
168.690924
148.236725
125.5838896
96.35291219
48.92323994
15.29633987
6.251864075
2.963957629
1.924513187
1.390488606
1.083497221
0.8817040158
0.7627162201
0.6746402234
0.610327547
0.573259444
0.5619783195
0.5589227707
0.5553846787
0.5511987082
0.5447322212
0.5356653315
0.5117008239
0.487692713
0.475905899
0.4707227311
0.4690415987
0.4696234221
0.4717642505
0.4733838316
0.4776849189
0.4813531188
0.4881156573
0.4941216898
0.504593195
0.516250777
0.5339717278
0.5565931523
0.5923731662
0.6445380515
0.7337949454
0.9022654696
1.308225223
1354.662191
525.1889239
305.7623515
220.0536645
177.9994611
155.1923548
139.8355752
124.510019
106.654166
77.25731169
35.86872186
12.01995276
4.882258126
2.459719542
1.600226969
1.204132439
0.9738356621
0.8031806627
0.6950760519
0.6270030306
0.5878313442
0.571368955
0.5655245175
0.5627742161
0.5591118648
0.5526096984
0.5445832455
0.5196304274
0.4917664907
0.4765901268
0.4699454634
0.4675378371
0.4671187768
0.4690284693
0.470752834
0.4743686302
0.477026659
0.4828458363
0.4878149879
0.4975449138
0.506798983
0.5236705949
0.5438025217
0.5759240404
0.6229108424
0.7042824782
0.8606075776
1.2546789
1260.346241
485.4581133
283.3476403
204.5250555
165.5226894
144.2846833
131.716228
120.8217396
108.3087814
90.82455278
58.47730278
24.40894369
8.609465438
3.761176527
1.993591118
1.345360863
1.038194591
0.8636880006
0.7384954465
0.6505797781
0.5974492076
0.5767801518
0.5705627126
0.5668030039
0.5634161459
0.5576339491
0.5501015759
0.5249632498
0.4941776674
0.4771795982
0.4693498602
0.4660771289
0.465545369
0.4668099565
0.4676795647
0.4708423793
0.47328759
0.4784707815
0.4827644838
0.4909305127
0.4996891248
0.513911975
0.531661782
0.5605885324
0.6031326539
0.6775907972
0.8231550458
1.204213884
1180.915706
449.8150024
263.5868348
191.4511473
155.621562
135.1592641
123.5174434
116.2912064
107.156155
96.0525073
75.96357403
40.66847319
15.57750989
5.731941961
2.675607084
1.551484843
1.142116543
0.9061830102
0.7617575974
0.6696846173
0.6113723897
0.5845766374
0.5756134185
0.5723163129
0.5690399476
0.5632627704
0.5563069246
0.5312694799
0.4978740858
0.4783811529
0.4691158572
0.4652158091
0.4639132108
0.4649693711
0.4658720921
0.4686059831
0.4703615628
0.4748946898
0.4784207614
0.4861243564
0.4931922014
0.5067096072
0.5228196905
0.5491971022
0.5880194148
0.6565030755
0.791830439
1.158848619
1115.860109
418.2469682
245.9243258
179.9001994
146.9629561
127.821403
116.9404887
110.7542889
105.2037258
97.12537066
85.14964387
58.46575761
25.98533219
9.812170647
3.940638838
2.030647798
1.2566354
0.9780116444
0.8075475821
0.6928929059
0.6228176417
0.5906037341
0.5796646229
0.575205309
0.5722285529
0.5669320902
0.5600320719
0.5354899493
0.5001083334
0.4790835377
0.4689481528
0.4643586535
0.4629132729
0.4635186503
0.4638369921
0.4662459061
0.4678389512
0.4719465658
0.4750309948
0.4816496372
0.4883924202
0.5001544761
0.5145864499
0.5387405633
0.574427556
0.6378029722
0.7636455191
1.087534842
1069.654608
385.4456222
227.7559098
168.6396947
138.6977667
121.485447
111.4898297
105.981217
102.2503881
96.52844899
88.97795868
72.15489761
39.61940565
15.027322
5.976383159
2.489143069
1.419398606
1.029934369
0.8330915723
0.7134235721
0.635728448
0.5973740402
0.5837647054
0.5792069566
0.5760912561
0.5708467266
0.5636093712
0.5398105799
0.5029646634
0.4802023684
0.4689474399
0.463872938
0.4618758174
0.46231773
0.4626440763
0.4647676092
0.4658962821
0.4695688771
0.4721225088
0.4784449445
0.484037509
0.4953038171
0.5086578009
0.5311006732
0.5642504181
0.6234017855
0.7410141596
1.058189529
1042.495244
351.2256662
206.8948082
154.7285085
129.0617641
114.5629257
106.1265762
101.4497765
98.66343158
95.24456733
89.66837249
79.53929825
53.68985483
23.49295218
8.568702131
3.541882304
1.655407679
1.118198262
0.8789330745
0.7356329542
0.6476295747
0.6033642709
0.5870035336
0.5812791225
0.5783628112
0.5734642592
0.5658666079
0.5424509123
0.5047495209
0.4808920666
0.4689756574
0.4633717659
0.4612489119
0.4613730413
0.4613094392
0.4632066903
0.4642240234
0.4676123533
0.469873083
0.4754616606
0.4808437125
0.4909399184
0.5031561615
0.5240976115
0.555118897
0.610713136
0.7212895882
1.002150415
1029.326247
321.5680398
184.263982
137.7208823
116.5702371
105.5434164
99.56475339
96.47911256
94.94087518
93.11598614
89.2369785
82.55392989
64.43298241
33.11541587
12.25206386
4.413374862
2.000070969
1.198849135
0.9085952175
0.7553870018
0.6590716241
0.6093645791
0.5903881987
0.584136024
0.5809702046
0.5760354765
0.5681664348
0.5452208566
0.5068339326
0.4817769052
0.4690394418
0.4630943279
0.4605803773
0.4605977518
0.4605403374
0.4622244038
0.462939099
0.466037788
0.4679407431
0.4733366071
0.4779443019
0.4877102724
0.4992172041
0.5190230967
0.5483501394
0.601075654
0.7057699404
0.9777261882
1022.09716
298.7059339
164.931458
122.0699732
103.944399
95.51070563
91.82574468
90.73924466
90.68060121
90.21801841
88.28397703
83.59487196
71.74737753
42.24337404
16.86900713
5.950128774
2.335296165
1.322020988
0.9540267668
0.7748248307
0.6694790086
0.6145202658
0.5929469097
0.5856443531
0.582560917
0.5775311571
0.5695304349
0.546974479
0.508164518
0.4823560906
0.4691068718
0.4627963125
0.4601817392
0.4599798846
0.4596621905
0.4611917606
0.4618356163
0.4647382653
0.4664485617
0.4713522201
0.4758238881
0.4848068966
0.4955519144
0.5143542438
0.54225718
0.5925765423
0.6924221013
0.9499842914
1017.155345
280.1602437
150.3225914
109.5267331
92.93400168
85.9139328
83.76176353
84.33404648
86.06650803
87.07337552
86.52913212
83.47071675
75.19144105
50.63976618
22.01325255
7.650864238
2.874640633
1.443385018
0.9912989797
0.792987085
0.6790273923
0.619464087
0.5956152241
0.5876659703
0.5843354564
0.5790982264
0.5709779511
0.5487969904
0.5096422912
0.4830185362
0.4692101506
0.4626345111
0.4597485197
0.4594754472
0.4591595991
0.4605403892
0.4609866887
0.4636906244
0.4651649684
0.4699408802
0.4738934823
0.4826600228
0.4929366235
0.5109865755
0.537764859
0.5861666361
0.682037905
0.9311124596
1014.57264
273.0695894
141.7748435
100.9766265
84.63662359
78.02806504
76.52959583
77.91352481
81.15923034
83.8233599
84.3537645
82.90419974
76.92484833
57.25446655
26.85466425
9.748835833
3.437819075
1.603079885
1.040240994
0.8111069147
0.6877428053
0.6235879713
0.5975880404
0.5887664027
0.5854477085
0.5800093058
0.5718367968
0.5499319627
0.5105955247
0.4834632151
0.4692819487
0.4624541707
0.4594926677
0.4590676581
0.4585778357
0.459855451
0.4602560367
0.4628257475
0.4641761353
0.4686161957
0.4724833816
0.4807248939
0.4904929545
0.5078736699
0.5337028218
0.5804942519
0.673107921
0.9149061775
1013.284786
268.8651824
135.8939272
94.8368003
78.45795722
71.87231375
70.50469139
72.2083118
76.3461128
80.51345288
82.33842017
81.85339631
77.4754393
62.41373907
31.5662086
11.73492771
4.034786319
1.748431046
1.080083675
0.8276167481
0.6956784977
0.6274793072
0.5995863278
0.5901789489
0.5866589407
0.5810012005
0.5727720954
0.551127851
0.5116203723
0.4839405527
0.4693752801
0.4623576041
0.459209468
0.4587364743
0.4582465926
0.4594228478
0.4596922968
0.4621274996
0.4633229104
0.4676754684
0.4711960326
0.4792959061
0.4887533227
0.5056346026
0.5307171165
0.5762321278
0.6661878082
0.9011154038
1013.595147
266.0598284
131.5056583
90.19382106
73.76027603
67.10529011
65.65696715
67.40786708
71.94869867
77.25996751
80.37346201
80.55502066
77.53159659
65.81656616
35.71432464
13.70022173
4.692318111
1.91226758
1.124654157
0.8427164927
0.7025850616
0.6306320667
0.6010487696
0.5909575419
0.5874275328
0.5815753215
0.5733256002
0.5518746859
0.5122862915
0.4842658746
0.4694387818
0.4622461814
0.4590434412
0.4584659632
0.4578593894
0.4589673258
0.4592075249
0.461550095
0.462668054
0.4667879978
0.4702562434
0.4780037075
0.4871217351
0.5035565104
0.5280063992
0.5724465252
0.6602216943
0.889824553
1015.523567
264.7912992
128.3013214
86.6262067
70.11989715
63.38594078
61.8336222
63.57153419
68.0752066
74.20610215
78.44523303
79.42312461
77.38156265
68.00000493
39.38504553
15.46154925
5.244002976
2.055660472
1.163232381
0.8564763816
0.7087795227
0.633544514
0.6024786949
0.5919239106
0.5882247741
0.5822156091
0.5739370126
0.5526669694
0.5129884668
0.4846021193
0.4695146244
0.4621871801
0.4588570116
0.458247243
0.4576398862
0.4586792489
0.4588320097
0.4610837668
0.4620996531
0.4661595933
0.469396277
0.4770507533
0.4859620262
0.5020643948
0.5260175888
0.5696078345
0.655609921
0.8807275446
1019.445454
265.8013215
126.4416579
84.06334671
67.35853077
60.49544858
58.80923683
60.46302525
64.84040475
71.45387625
76.65697666
78.41046625
77.07647923
69.22753535
42.58755631
17.10605012
5.825341174
2.202366803
1.200894042
0.8685120152
0.7140347604
0.635889235
0.6035378399
0.592465438
0.5887250267
0.58259229
0.5743063292
0.5531766409
0.5134630761
0.4848422973
0.4695678496
0.4621130441
0.4587419279
0.4580558888
0.4573641952
0.4583541627
0.458485579
0.4606680357
0.4616304405
0.4655158373
0.4687164716
0.4761132696
0.4847771266
0.5005539759
0.5240464138
0.5668537236
0.6512671567
0.8719314798
1025.420391
267.9019208
125.1739295
82.06167703
65.14701347
58.1844386
56.3855231
57.94111754
62.17711858
69.0417036
75.02277688
77.49414749
76.64032836
69.83919818
45.33353548
18.50930704
6.309636185
2.33219061
1.234299397
0.8793858641
0.7186829635
0.638030165
0.6045694116
0.5931510898
0.5892696796
0.5830347984
0.5747316847
0.5537256124
0.5139592364
0.4850807913
0.4696358469
0.4620624108
0.4585908937
0.4578782158
0.4571835984
0.458115168
0.458169893
0.4602732937
0.4611453032
0.4649770172
0.4679738857
0.4752883845
0.4837696784
0.4992540308
0.5223095204
0.5643693221
0.6472215481
0.8632830698
1032.800151
268.7908827
123.0885185
79.78404538
62.936927
56.05532633
54.28408879
55.82277605
59.98177395
66.97137382
73.55597943
76.66168189
76.21298511
70.1666828
47.56558196
19.7831359
6.78602616
2.45487589
1.264001219
0.8885000644
0.7225762161
0.639764245
0.6053477809
0.5935478928
0.5896243892
0.5833023396
0.5749946178
0.554088315
0.514306659
0.48525862
0.4696687792
0.4619948749
0.4584890172
0.4577069256
0.4569328487
0.4578168127
0.4578478654
0.4598823557
0.4606252886
0.4643600424
0.4673201434
0.474380583
0.4826171455
0.4977796347
0.5203798366
0.5616667703
0.6429510035
0.8547768454
1039.03695
265.256209
119.598305
77.01099398
60.6026254
53.98085227
52.35840127
53.98379781
58.15429744
65.21826202
72.27047948
75.93091447
75.79960461
70.3468572
49.38140254
20.83649097
7.170086105
2.562099068
1.290601394
0.8966344532
0.7259600518
0.6413275512
0.6061091138
0.5940606647
0.590020961
0.583627255
0.5753102494
0.5544953312
0.5146830738
0.4854409934
0.4697202867
0.4619469725
0.4583525719
0.4575452646
0.456766039
0.4575935881
0.4575489684
0.4595055943
0.46007361
0.4638380562
0.4665959702
0.4735740179
0.4816285447
0.4965003525
0.5186666221
0.5592116806
0.638945833
0.8464084662
1041.022082
259.7086083
115.798258
74.34408273
58.54456295
52.16238955
50.67495885
52.41098313
56.64418056
63.75756219
71.16505491
75.2904169
75.42989656
70.43343171
50.84000343
21.77517294
7.533511547
2.656698918
1.312898389
0.9032743878
0.728797819
0.6426040507
0.6066812227
0.5943619111
0.5902855919
0.583825497
0.5755036775
0.5547646851
0.5149473793
0.4855782489
0.4697415526
0.4618839861
0.4582593235
0.4573867439
0.4565308662
0.4573115278
0.4572421018
0.4591294891
0.4595777053
0.4632361264
0.4659567439
0.4726816189
0.480492132
0.4950432102
0.516756213
0.556532647
0.6347081898
0.8381732855
1039.153822
256.5756512
113.9564506
73.06617293
57.41167943
50.98791543
49.42719228
51.16235676
55.4235315
62.5630377
70.22997438
74.72866244
75.11992749
70.47465616
52.0176426
22.53691475
7.823552018
2.739339249
1.333272614
0.9093406312
0.7312715643
0.6437563843
0.607249593
0.5947560164
0.5905873194
0.5840749095
0.575747189
0.5550806873
0.5152453163
0.4857241292
0.4697778197
0.4618383217
0.4581328455
0.4572359673
0.4563734481
0.4570988428
0.4569547499
0.4587648599
0.4591583982
0.4627255989
0.4652452347
0.4718882549
0.479517552
0.4937798887
0.515062277
0.5541031628
0.6307419682
0.8300679968
1034.307726
255.1238699
113.5392734
72.95179931
57.21415829
50.64043148
48.75213191
50.28320041
54.47216161
61.6029396
69.44972528
74.2467531
74.85850425
70.47921428
52.96415401
23.21246872
8.094717214
2.811893922
1.350545898
0.9143094804
0.7333955036
0.6447181756
0.6076734132
0.5949873898
0.5907927474
0.5842288891
0.5758966071
0.5552900744
0.5154557619
0.4858354722
0.4697933245
0.4617788653
0.4580456466
0.457086129
0.4561487856
0.4568276642
0.4566583097
0.4583986778
0.458774708
0.4621344197
0.4646169329
0.4710063589
0.4783928927
0.4923358533
0.5131674322
0.5514448309
0.6265368885
0.8220880364
1030.871615
258.2833727
117.3951017
76.05240877
58.98264941
51.26066362
48.71137512
49.7782812
53.76608652
60.834686
68.80805192
73.83817151
74.63911212
70.47379621
53.72848165
23.75221677
8.311934605
2.876242049
1.36655687
0.9190029112
0.7352602454
0.645599382
0.6081091199
0.5952948657
0.5910302612
0.5844291647
0.576093751
0.5555474991
0.5157041877
0.4859596851
0.4698213987
0.4617352854
0.4579261461
0.4569429041
0.4559978804
0.4566221624
0.4563787796
0.4580422367
0.4584130907
0.4616324776
0.463913915
0.47022334
0.4774292819
0.4910855711
0.5114901473
0.5490390336
0.6226098498
0.8142306975
1029.889542
268.4562198
126.0967104
81.68467955
62.06822582
52.70500324
49.19568367
49.63207956
53.27528471
60.19880225
68.28275685
73.49597755
74.45518726
70.46358539
54.34711624
24.23338087
8.514309353
2.932532725
1.380332253
0.9228334158
0.7368901057
0.6463477807
0.6084345862
0.5954745972
0.5911940623
0.5845538315
0.576215391
0.5557189212
0.5158792836
0.4860530215
0.4698340274
0.4616788586
0.4578433741
0.4567990672
0.4557803669
0.4563583819
0.4560894674
0.457682941
0.4580556917
0.4610492212
0.4632946441
0.4693482787
0.4763135499
0.48965198
0.5096085416
0.5463998095
0.6184377028
0.8064913547
1030.673423
286.4231969
140.0822138
89.7102806
66.32984643
54.83824794
50.11568851
49.78654074
52.97512606
59.65420581
67.82983948
73.21479101
74.30218805
70.44905511
54.84979043
24.61170961
8.674499501
2.982258174
1.392893667
0.9264431526
0.7383017499
0.6470428134
0.6087838975
0.5957202912
0.5913865103
0.5847211438
0.5763823339
0.5559406454
0.5160996227
0.4861668105
0.4698589557
0.4616373953
0.4577289285
0.4566612348
0.4556340888
0.4561578628
0.4558154577
0.4573321193
0.457652366
0.4605538339
0.4625978064
0.4685735902
0.4753589697
0.4884129003
0.5079462987
0.5440166637
0.6145504959
0.7988680443
1033.758855
316.2563557
160.3296782
100.1354395
71.57211863
57.50749844
51.39167141
50.18472989
52.97867052
59.2047826
67.39686299
72.97542777
74.17875143
70.4353362
55.25945722
24.95841948
8.824302619
3.024728813
1.403408548
0.9293756653
0.7395390886
0.6476292463
0.6090466842
0.5958648975
0.59152058
0.5848257001
0.576485412
0.5560860693
0.5162500472
0.486248087
0.4698708814
0.4615837522
0.4576495501
0.4565216344
0.4554214861
0.4558991862
0.4555313189
0.4569778431
0.4572076883
0.4599763926
0.4619859429
0.4677032023
0.4742503809
0.4869881139
0.5060766003
0.5413959185
0.6104125023
0.7913563876
1037.732793
362.9508097
187.5533557
112.7368428
77.52920579
60.55380222
52.91912327
50.78376289
53.09122564
58.85703197
66.98063883
72.73536102
74.07414668
70.41515133
55.59376814
25.22222785
8.939570049
3.061551461
1.413347659
0.9320920912
0.7405953535
0.6481830358
0.6093386933
0.5960691099
0.5916817888
0.5849703809
0.576633712
0.5562885758
0.5164570373
0.4863583805
0.4698920851
0.4615444462
0.4575388883
0.4563877771
0.4552785831
0.455702201
0.4552612929
0.4566313914
0.4568078993
0.4594864253
0.4612938644
0.4669356826
0.4733037202
0.4857592856
0.5044287757
0.539035605
0.6065676104
0.7839546994
1042.394352
434.2366807
222.4406165
127.1658465
83.89644065
63.81013348
54.61417549
51.53402289
53.35621183
58.623647
66.6164917
72.47815178
73.9596739
70.3915306
55.8691841
25.48115692
9.050967043
3.097470889
1.421180064
0.9343866624
0.741547737
0.6486377894
0.6095594121
0.5961914459
0.5917953504
0.5850609036
0.57672282
0.556415338
0.5165910609
0.4864325456
0.4699039648
0.4614934634
0.4574622439
0.4562512423
0.455069384
0.4554471058
0.4549810362
0.4562808321
0.4563663645
0.4589139854
0.46069077
0.4660666143
0.4722011576
0.4843423199
0.5025702828
0.5364333023
0.6024654496
0.7766585658
1047.60857
542.9474878
265.5609198
142.9513243
90.36710234
67.08802657
56.37914631
52.37843185
53.74031138
58.52399773
66.32743567
72.25185821
73.8284819
70.3566148
56.0985276
25.65959681
9.132365385
3.123380212
1.43072398
0.9364404092
0.7423500625
0.6490939279
0.6098090634
0.5963676591
0.5919345492
0.5851888327
0.5768578451
0.5566053196
0.5167900466
0.4865416094
0.469923373
0.4614567601
0.4573556578
0.4561218074
0.4549305063
0.4552547568
0.4547168066
0.4559414008
0.4559741348
0.4584331762
0.4600083489
0.4653149312
0.4712718549
0.4831363395
0.5009542153
0.5341214157
0.5987061181
0.7696316125
1053.495357
710.1329445
317.1631583
159.5052481
96.67586175
70.25359472
58.12911388
53.26483704
54.21978617
58.55592345
66.12375086
72.09403623
73.7202768
70.32651533
56.28873424
25.88287676
9.221456044
3.155226748
1.436290257
0.938753945
0.7433364879
0.6494239822
0.6099959959
0.5964738752
0.592032176
0.5852673446
0.5769355898
0.5567175493
0.5169103882
0.4866091459
0.4699338032
0.4614083347
0.4572823953
0.4559901383
0.4547279182
0.4550076141
0.4544453428
0.455601334
0.4555453921
0.4578766774
0.4594299055
0.4644638712
0.4702002681
0.4817605248
0.4991527401
0.5316061121
0.5947599371
0.7627223466
1059.682109
974.265877
377.2038539
176.1592478
102.6172427
73.21616478
59.80366211
54.15107978
54.77162931
58.65747792
66.01283528
72.02236287
73.67306215
70.31777695
56.45434444
25.93565168
9.266672828
3.172825323
1.44478794
0.9405840213
0.7440761424
0.6500117598
0.6102708988
0.5966474978
0.5921549101
0.585381106
0.5770588847
0.5569020088
0.5171130116
0.4867225008
0.4699564428
0.4613719581
0.4571782592
0.4558639468
0.4545921777
0.4548192711
0.4541858669
0.4552682668
0.4551613911
0.4574044012
0.4587566378
0.463730387
0.4692915609
0.4805836118
0.4975800846
0.5293665669
0.5911456071
0.7559294142
1065.353613
1389.549177
443.0892259
192.2055027
108.0450382
75.91241733
61.35510043
55.15533292
55.51081109
58.89064164
65.98334075
72.03735904
73.68973882
70.36505976
56.67451569
25.6739329
9.139096595
3.154541635
1.437817311
0.9392312093
0.7437950296
0.6498710149
0.6103038405
0.5967066233
0.5922458474
0.585453106
0.5771241772
0.556978121
0.5171826457
0.4867598868
0.4699517277
0.4613236826
0.4571058731
0.4557334386
0.4543909066
0.4545739492
0.4539164243
0.4549304601
0.4547354314
0.4568513585
0.4581902676
0.4628789468
0.4682282558
0.479220789
0.4958003764
0.5268923731
0.5872927044
0.7492482278
16616.04554
1899.226427
510.6067181
210.2963251
115.0712304
79.83152028
63.82081288
56.54786192
56.15900133
58.99273637
65.1714794
71.5390063
73.62897117
70.76185497
58.50290404
27.24067806
9.731952924
3.298497543
1.473372448
0.9468007485
0.7462331786
0.6509812192
0.6106834865
0.5968728975
0.5923431904
0.5855474334
0.577232849
0.5571556346
0.5173878147
0.4868774242
0.469989359
0.4612878447
0.4570037825
0.4556096914
0.4542572797
0.4543880048
0.4536593665
0.4546004218
0.4543552289
0.4563833613
0.4575178139
0.4621560962
0.4673301401
0.4780597622
0.494253117
0.524698671
0.583778363
0.7426761417
21118.14577
2535.919527
549.577111
210.2767433
114.85723
80.3677017
64.75459384
57.51274967
56.42882462
59.09170195
64.80743166
71.12575138
73.57158045
71.02729565
59.89313186
28.63457387
10.35282047
3.475523577
1.511868944
0.9590180909
0.7504354474
0.6525250349
0.6113265899
0.5971423172
0.5925349137
0.5857300265
0.5774611001
0.5575208427
0.5177572715
0.4870853991
0.4700468368
0.4612733074
0.4569451476
0.4554861517
0.4540610888
0.4541458956
0.4533947511
0.454264996
0.4539333655
0.4558333536
0.4569663425
0.4613018198
0.4662731076
0.4767067791
0.4924908569
0.522259288
0.5800086809
0.736210162
21111.94475
2587.335632
525.3685422
201.0314736
112.2707744
79.64199989
64.65042
57.83822358
56.55098335
59.16984831
64.7512053
70.89612008
73.54818747
71.27764832
61.05062694
29.9936894
10.85278686
3.639249111
1.552671623
0.9671515679
0.7530241328
0.6536210998
0.6117192755
0.5972975568
0.5926250577
0.5858176473
0.5775628788
0.5576886628
0.5179514563
0.4872001938
0.47008446
0.4612361878
0.4568446493
0.455364305
0.4539289962
0.4539616828
0.4531393237
0.4539372464
0.4535559765
0.4553692062
0.456291182
0.4605894255
0.4653848925
0.4755609412
0.4909681201
0.5201099715
0.5765907994
0.7298495556
21117.01812
2276.868788
453.083627
182.7951743
107.4654569
78.07896871
64.13688743
57.7308454
56.55870562
59.22460432
64.80164905
70.91175734
73.58520646
71.61181842
62.0627787
31.81825562
11.75117196
3.921254282
1.623552063
0.9858702007
0.759084133
0.6558904145
0.6125655373
0.5976063386
0.5928139994
0.5860028534
0.5778001031
0.5580768886
0.5183555659
0.4874334474
0.4701616223
0.4612267307
0.4567865681
0.4552409277
0.4537327423
0.4537201049
0.4528756026
0.453602892
0.4531352316
0.4548219906
0.455600883
0.459735546
0.4643349465
0.4742195533
0.4892258147
0.5177085675
0.5729066541
0.7235899547
4574.277794
927.4421555
309.8245836
155.2748021
99.72152351
75.26659965
63.01003804
57.28879608
56.24769009
59.23416135
64.95047486
71.06907301
73.75535241
71.73601542
62.08437415
31.82968428
11.75553662
3.922863775
1.625359548
0.9863978308
0.7592830274
0.6560567085
0.6126808741
0.5977067621
0.592910148
0.5860790002
0.5778733747
0.558188185
0.5184762561
0.4874989605
0.4701697636
0.4611871594
0.4566853018
0.4551187366
0.4536003483
0.453536208
0.4526189111
0.4532751239
0.4527585642
0.4543602511
0.4548962055
0.4590286403
0.4634548361
0.4730871401
1054.042049
358.2356981
172.8970654
113.5260781
85.29561279
69.52011522
60.582766
56.29347777
55.81395976
59.08626093
65.0329501
71.1441136
73.7581196
71.72432217
62.04398457
31.81711412
11.75436754
3.926023851
1.626325075
0.9868089494
0.7595083925
0.656208778
0.6128027461
0.5978152618
0.5929985338
0.5861567412
0.5779504821
0.5582899935
0.5185900759
0.4875687171
0.4701764629
0.4611404071
0.4566122786
0.4549875418
0.4533985526
0.4532919589
0.4523513715
0.4529401187
0.4523355393
0.4538151011
0.4543228426
0.4581794892
321.9836317
169.3256556
111.5245047
86.91801615
72.69543144
63.48028661
57.73841165
55.05690873
55.31991178
58.88542539
64.99089009
71.11885365
73.72275946
71.68412346
61.97783473
31.79185801
11.74723666
3.926574931
1.627025917
0.9871657531
0.7597186214
0.6563777465
0.6129334323
0.5979313602
0.5930882153
0.5862283717
0.5780207461
0.5584006613
0.518711719
0.4876340996
0.470183608
0.4610992273
0.4565084463
0.4548633616
0.4532646793
0.4531066932
0.4520920348
0.4526107177
0.4519581765
0.4533543893
156.3341045
106.6818263
83.56805884
70.70389579
62.67688452
57.65799205
54.6180402
53.55528192
54.6718608
58.64204905
64.89634147
71.04997482
73.64784049
71.61504176
61.88197857
31.76002889
11.73255439
3.925958521
1.627555158
0.9873442994
0.7599105427
0.6565261857
0.6130649488
0.5980556924
0.5931911688
0.5863151224
0.5781018432
0.5585026542
0.5188254094
0.4877032635
0.4701889269
0.461050607
0.4564337177
0.454729609
0.4530598926
0.4528601124
0.4518223815
0.4522741513
0.4515336821
114.0163205
87.20093936
71.85156789
61.95808258
55.85589966
52.67340391
51.49064312
51.81790184
53.8648828
58.33321139
64.75636011
70.93439577
73.52631211
71.5086323
61.74609457
31.7170227
11.71402826
3.923839308
1.627756976
0.9875403189
0.760076201
0.6567044026
0.6132137935
0.5981954733
0.5933041948
0.5863997089
0.5781781443
0.5586165106
0.5189490546
0.4877682281
0.4701945599
0.4610070288
0.4563262981
0.4546025746
0.4529238297
0.4526727096
0.4515595185
0.4519422686
114.1471034
86.15998966
69.23928817
58.57116891
52.287469
49.27119424
48.73938704
49.95468882
52.89814745
57.94662247
64.57774053
70.76883705
73.34868216
71.35078736
61.55202394
31.6385311
11.6887501
3.919753586
1.627683898
0.9875612061
0.7602301279
0.6568564807
0.613371001
0.5983538653
0.5934325817
0.5865018789
0.5782670014
0.5587212505
0.5190650968
0.4878379403
0.4701979686
0.4609549118
0.4562481066
0.4544638005
0.4527130752
0.4524209707
0.4512852984
134.8239738
96.82751742
73.82681323
59.83412063
51.64006634
47.77424729
46.84880999
48.30777716
51.94164048
57.49987865
64.36778333
70.54457394
73.10252544
71.12817035
61.2820231
31.52442171
11.64335634
3.914365468
1.627363009
0.9874355846
0.7603614483
0.6570647235
0.6135639643
0.5985436738
0.5935775568
0.5866034524
0.5783515656
0.5588416911
0.5191936846
0.4879035481
0.470201283
0.4609068422
0.4561336098
0.4543307059
0.4525720935
0.4522284308
168.5809369
120.2660338
87.30058017
66.09252129
54.12978663
48.20283416
46.20475549
47.27129073
51.1595505
57.04946416
64.13550018
70.24054872
72.76237558
70.81908572
60.9110729
31.34786717
11.57425759
3.907125237
1.626723006
0.9871393064
0.7604582345
0.6572516966
0.6137797267
0.5987725886
0.5937536999
0.5867347677
0.5784558276
0.5589535084
0.5193155348
0.4879753955
0.4702007419
0.4608478194
0.4560484036
0.4541820098
0.4523494843
0.4519659601
217.9925783
157.7706633
113.9124525
81.69805507
61.35751696
51.12899244
47.25503269
47.14963181
50.71505839
56.71572014
63.89028094
69.8268122
72.29064462
70.38273982
60.40423689
31.12372683
11.47395024
3.895359959
1.625791455
0.9867546767
0.7605301155
0.6575407465
0.6140721737
0.5990641161
0.593965038
0.5868718839
0.5785582926
0.5590887419
0.5194555415
0.48804296
0.4701969604
0.4607908698
0.455919924
0.454036614
0.4521983107
275.2829375
209.9182003
152.9518425
108.6629943
77.4736545
58.85759938
50.4455496
48.48378789
50.92967335
56.6764314
63.62442048
69.26713015
71.64688421
69.77983528
59.72280552
30.78475424
11.34067804
3.878054888
1.624540935
0.9861777035
0.7605530099
0.6577896384
0.6144209299
0.5994341367
0.594233646
0.5870591861
0.5786921517
0.559214602
0.5195893657
0.4881189484
0.4701884958
0.4607181693
0.455820852
0.4538686392
0.4519526685
281.7630641
252.3119718
203.5505696
151.1742179
105.7692398
74.32850291
57.63612584
51.71716492
52.12580947
56.84016467
63.23617433
68.52500358
70.77883692
68.93307297
58.82224411
30.38745504
11.15990086
3.84942277
1.622328544
0.9851941268
0.7605477093
0.658241594
0.6149185094
0.5999278231
0.59456655
0.5872589055
0.5788253063
0.5593756808
0.5197498357
0.4881890896
0.4701731167
0.4606436815
0.4556652694
0.4536992302
228.2272274
233.2147272
219.9294039
187.7154462
145.8398044
103.3998121
72.06242564
57.13967241
53.82807715
56.79972169
62.55655431
67.56953893
69.64787724
67.81326269
57.69482499
29.80551576
10.94125366
3.817360216
1.619426189
0.9836959065
0.7605396372
0.6586366129
0.6155287837
0.6005782593
0.5949977741
0.5875405496
0.5790070183
0.5595216794
0.519902017
0.4882700412
0.4701471575
0.4605441776
0.4555394739
0.4534946374
153.2083376
169.9616745
183.2808746
179.3221998
161.9510122
132.3615363
97.25818138
69.28533986
57.15769082
56.63738959
61.35608534
66.20431636
68.14060358
66.37649413
56.31044327
29.23382438
10.67146311
3.766434696
1.613595995
0.9819619925
0.7605966775
0.6594303604
0.6164209897
0.6014445368
0.5955283892
0.5878327885
0.579179161
0.559714313
0.5200876112
0.4883370445
0.4701139309
0.4604353611
0.4553331255
110.0022002
119.3056672
131.2625068
141.5744762
142.149672
132.2836293
111.0530189
84.78199262
64.20113422
57.39189693
59.3723067
63.76905192
66.13062758
64.69491837
54.85343753
28.47664659
10.40627781
3.722369955
1.608134275
0.9800261356
0.7608402361
0.6601604611
0.6175379002
0.6024933062
0.5961985721
0.5882420524
0.5794130301
0.5598629494
0.5202456649
0.4884103995
0.4700687983
0.4602842321
0.4551581416
87.11916788
91.70722868
98.27549902
106.1157768
112.2576772
113.2839184
106.7850301
90.26922812
70.98654469
58.47694644
56.48688449
59.90399809
62.90509739
62.64222153
53.40645447
28.23373703
10.17185127
3.658444495
1.599473246
0.9788499532
0.7613919514
0.6616933795
0.6191682828
0.6038472189
0.5969746101
0.588619419
0.579591192
0.560049004
0.5204229037
0.4884401243
0.4699919229
0.4601095864
73.43006671
75.92148846
79.41119021
83.88875511
88.50245563
91.35804855
90.61865416
84.9339123
71.60453737
58.34792255
52.46659574
54.12081418
57.92583384
59.4771543
52.35240528
28.74073077
10.22458329
3.664668572
1.596489201
0.9788912705
0.7626076334
0.6632310394
0.6212437413
0.6053468826
0.5978806142
0.5891213277
0.5798062717
0.5600890505
0.5204917528
0.4884147213
0.469844329
62.59450388
64.49158373
66.78926063
69.49104331
72.31622999
74.50374888
74.89920422
73.04998235
67.24113582
57.2282172
48.98075063
47.59026004
50.62917248
53.87231574
50.58864446
29.9223927
10.81663463
3.767441632
1.583475192
0.9813560883
0.7646185128
0.6665837694
0.6239618423
0.6070465879
0.5987832375
0.5894460787
0.5798280492
0.5599826391
0.520398241
49.11104755
51.9085407
54.88242577
57.79320963
60.30706588
62.04203849
62.57969729
61.8087998
58.99254189
53.30353031
46.00739728
41.55270718
42.50160588
46.02992443
47.0773971
36.14945774
12.19759603
4.037958731
1.708790568
0.9829722243
0.7699951543
0.6682294763
0.6256571121
0.6084750601
0.5996501525
0.5898539868
60.65282909
75.3230863
88.64010078
109.8920839
149.9248542
223.124595
328.0928647
383.9164155
392.1353759
338.877642
268.6011993
228.5673366
213.4388414
230.5996848
320.9796839
639.167614
2146.849081
10315.68202
0.5261466567
0.5380526323
0.5574725177
0.5782549589
0.6100249009
0.648496701
0.7063032406
0.7859740639
0.9123567743
1.121236731
1.525255226
0.4844189192
0.4828636715
0.4827015969
0.4858357464
0.4882421815
0.493753891
0.4981381186
0.5064245171
0.5135917524
0.5260808895
0.5380219193
0.5574031019
0.5781602438
0.6099389209
0.6484115961
0.7061364048
0.7858155407
0.912138287
1.12099542
1.525043989
0.5090299926
0.5052363564
0.5003104114
0.4952112345
0.4887332893
0.4844196614
0.4828559755
0.4826898147
0.4858145346
0.4882282033
0.4937248402
0.4981229026
0.5063865691
0.5135700378
0.5260114665
0.5379605835
0.5573181731
0.5781126587
0.6098327653
0.6482815151
0.7059951434
0.785633833
0.9118908965
1.120712733
1.524822642
0.532535083
0.523729849
0.5185837046
0.5155888901
0.5127730561
0.509055257
0.505254912
0.5003411197
0.4952518154
0.488728299
0.4844158005
0.4828475464
0.4826765148
0.4857742549
0.4881993401
0.4936666246
0.4980906809
0.5063083913
0.5135257864
0.5259367525
0.5379334503
0.5572517845
0.5780090031
0.6097200933
0.6481806644
0.7058102486
0.7854338864
0.9116274905
1.120426086
1.524563379
2661.134454
748.6324822
159.68575
54.23556439
30.43900493
20.73100042
11.2560792
6.719831111
4.05257805
2.541947765
1.67393028
1.179550115
0.9051307108
0.7569228424
0.6708137171
0.6093626274
0.5713397512
0.5472975282
0.5325668961
0.5237540787
0.5186010362
0.51560006
0.5127887884
0.5090777568
0.5052880641
0.5003684781
0.4952752957
0.4887162429
0.4844061784
0.4828302469
0.4826570499
0.485749325
0.488186853
0.4936415552
0.4980762783
0.5062740709
0.5135053954
0.5258739655
0.5378619847
0.5571473166
0.5779451831
0.6096132537
0.6480278703
0.7056378632
0.7852219282
0.9113414648
1.120088262
1.524284292
2666.520437
749.9333769
160.1162801
54.30810376
30.44085562
20.73209708
11.25657244
6.72044193
4.052869827
2.542270268
1.674130702
1.179671086
0.9052230504
0.7570196682
0.6708940528
0.6094094189
0.5713572465
0.5473112016
0.5325750054
0.5237611112
0.5186104885
0.515615288
0.512822799
0.5091040378
0.505306289
0.5003959909
0.4953066457
0.4887013449
0.4843957189
0.4828182071
0.4826410797
0.4857120067
0.4881528419
0.493582195
0.4980364343
0.5061928208
0.5134522656
0.5257885914
0.5378363159
0.5570817418
0.577840392
0.6094761629
0.647904935
0.7054353563
0.7849839686
0.9110315864
1.119752973
1.52396607
2670.232843
751.2617114
160.3741951
54.33768746
30.44996993
20.7464957
11.26264395
6.724081133
4.054808919
2.54358549
1.674980281
1.180164342
0.9055152994
0.7571771901
0.6709838753
0.6094945796
0.5714163745
0.5473637014
0.5326142004
0.5237909327
0.5186315557
0.5156302191
0.5128409399
0.5091250061
0.5053415885
0.5004259658
0.4953229398
0.4886916587
0.4843836372
0.482795857
0.4826159038
0.4856831936
0.4881399541
0.4935588686
0.4980207542
0.5061600866
0.5134310372
0.5257327281
0.5377520934
0.5569588434
0.5777548232
0.609362516
0.6477328977
0.7052311043
0.7847378456
0.9107082683
1.119358063
1.523623371
2676.291848
753.0157584
161.0390302
54.43169929
30.45660729
20.74494166
11.26494566
6.726027168
4.055821386
2.544327784
1.675428079
1.18042367
0.9057024237
0.7573303587
0.671124424
0.609565199
0.571456492
0.5473882041
0.5326295599
0.5238018705
0.5186423205
0.5156476032
0.5128824803
0.5091575058
0.505363654
0.5004521974
0.4953497518
0.4886862797
0.4843717755
0.4827812676
0.4825976937
0.4856489254
0.4880993419
0.493496764
0.497971707
0.5060745012
0.5133673773
0.5256337813
0.5377233632
0.5568913375
0.5776496182
0.6092037869
0.647583534
0.7050088371
0.7844644628
0.9103504195
1.118970258
1.523242847
2681.928975
754.807709
161.2492018
54.45431264
30.47232443
20.76280366
11.27066758
6.729724455
4.057892744
2.545770849
1.676368491
1.180981292
0.9060149362
0.7574973238
0.6712386604
0.6096531178
0.5715393268
0.5474543931
0.5326792629
0.5238387872
0.518669464
0.5156706028
0.5129070316
0.5091782617
0.5054043114
0.5004869245
0.4953619023
0.4886856763
0.4843560098
0.4827529504
0.482565803
0.485614145
0.488084302
0.4934731959
0.4979531695
0.5060416107
0.5133438055
0.5255845316
0.5376352213
0.5567508714
0.5775387802
0.6090771214
0.6473935816
0.7047734731
0.7841813081
0.9099904328
1.118519815
1.522846177
2691.0887
757.3752265
162.2770952
54.57969298
30.48680837
20.7627107
11.27407124
6.732759287
4.059665167
2.546923713
1.677043925
1.181379356
0.9062668002
0.7577054056
0.6714450263
0.6097491477
0.5716030223
0.5474846885
0.5326965459
0.5238492295
0.518680255
0.5156915135
0.5129590306
0.5092206844
0.5054339085
0.5005108596
0.4953859261
0.4886828581
0.4843394077
0.4827322079
0.4825422791
0.4855816305
0.4880348005
0.4934062
0.497893183
0.5059497868
0.5132680173
0.525470563
0.5375807094
0.5566757959
0.5774323173
0.6088990911
0.6472153226
0.7045282085
0.7838743728
0.9095842651
1.118079419
1.522409696
2698.959032
759.9906364
162.4260559
54.59014319
30.51403008
20.7772375
11.28114183
6.736777522
4.062124846
2.548583408
1.678165964
1.182117952
0.9066395573
0.7579129053
0.6715910458
0.6098525341
0.5717212941
0.5475739563
0.5327620989
0.52389671
0.5187191022
0.5157291638
0.5129949433
0.509240698
0.505479871
0.5005509934
0.4953949365
0.4886895245
0.484316164
0.4826955401
0.4825019143
0.4855377314
0.4880161539
0.493380821
0.4978703518
0.5059153792
0.5132406496
0.5254232831
0.5374963675
0.5565222399
0.5772938543
0.6087532474
0.6470065102
0.7042622471
0.7835511486
0.9091862677
1.117573867
1.521958547
2714.827755
764.0938594
163.937154
54.76843469
30.54101491
20.77308507
11.2872371
6.740857332
4.064756735
2.550126402
1.679067777
1.18269068
0.906955761
0.75818827
0.6718752993
0.6099968456
0.5718209271
0.5476111071
0.5327793056
0.5239069951
0.518733282
0.5157548518
0.513057596
0.5092964066
0.5055221934
0.5005705881
0.4954170478
0.4886882954
0.4842885721
0.4826645507
0.4824707828
0.4855067851
0.487954322
0.4933059147
0.4977963606
0.5058143159
0.5131495022
0.5252934021
0.5374122896
0.556431703
0.5771825797
0.6085569715
0.646797318
0.7039896696
0.7832104598
0.9087304788
1.117078275
1.52146251
2726.201952
768.3358037
163.9745468
54.76572924
30.58845211
20.78502692
11.29875234
6.745623647
4.067953087
2.552059888
1.680472549
1.183663171
0.9075092563
0.7584651898
0.6720502482
0.6101215471
0.571975176
0.5477289576
0.5328659062
0.5239721479
0.5187923449
0.5158168262
0.5131127278
0.5093160664
0.5055710355
0.5006155022
0.4954253943
0.488695558
0.4842582689
0.4826190153
0.4824206723
0.4854490152
0.487929982
0.4932765995
0.497767013
0.5057763975
0.5131161162
0.5252433572
0.5373288965
0.5562676194
0.5770144615
0.6083857682
0.6465665446
0.7036927261
0.7828439421
0.9082919683
1.116516792
1.520953073
2753.717477
775.5573242
166.1812726
55.0576065
30.63482309
20.78297556
11.30755875
6.750592839
4.071339113
2.553864753
1.681522313
1.184240529
0.9079269326
0.7588150717
0.672408986
0.6103403425
0.5721228327
0.547766801
0.532876579
0.5239819016
0.5188121901
0.5158490786
0.5131817698
0.5093886126
0.505635266
0.5006295873
0.4954454705
0.4886906889
0.4842124757
0.4825717387
0.4823778516
0.4854188232
0.4878582637
0.4931875008
0.4976740375
0.505661555
0.5130044079
0.525094188
0.5372106279
0.5561530914
0.5768925219
0.6081705469
0.6463241361
0.7033879243
0.7824679485
0.907785287
1.115963501
1.52039153
2770.602746
783.5620737
165.5800056
55.06410347
30.71132655
20.80820281
11.32640785
6.756583246
4.07530578
2.556247736
1.683143816
1.185384837
0.9087633123
0.7592829741
0.6726252826
0.6104757725
0.5722914374
0.5479136087
0.5329956484
0.5240801939
0.5189057735
0.515948163
0.5132699841
0.5094098123
0.5056814569
0.5006747227
0.4954574965
0.4886801877
0.4841729846
0.4825175041
0.4823175736
0.4853411975
0.4878072922
0.4931517827
0.497634463
0.5056166758
0.5129610403
0.5250363083
0.5371234923
0.5559787511
0.5766916271
0.6079668359
0.646065688
0.7030576164
0.78205354
0.9073015965
1.115341695
1.519811962
2807.497516
795.5102374
170.0937239
55.50871004
30.7807283
20.80291325
11.33573555
6.762413641
4.079446206
2.55825565
1.684128407
1.18586682
0.9091758025
0.7597306786
0.6730993637
0.6108126055
0.5725032577
0.5479506623
0.5329949115
0.5240862429
0.5189317953
0.5159906065
0.51333279
0.5094927734
0.5057805445
0.500688005
0.4954725025
0.4886513422
0.4841005688
0.4824460085
0.4822531227
0.4853036287
0.4877299095
0.4930401066
0.4975140048
0.5054806827
0.5128202535
0.5248606049
0.5369635519
0.5558292594
0.5765500015
0.6077290284
0.6457857812
0.7027135212
0.7816374555
0.9067395258
1.114723042
1.519169885
2832.333757
808.6341134
169.9302009
55.48994897
30.88108183
20.84749415
11.36586152
6.771128172
4.084570766
2.560831663
1.685880025
1.18718281
0.9101794727
0.7604312676
0.6734655509
0.6109840735
0.5726330173
0.5481186081
0.5331630611
0.5242420468
0.5190804434
0.5161425126
0.51347146
0.5095461992
0.5058225807
0.5007205907
0.4954887041
0.4886035407
0.4840436187
0.4823838181
0.4821799201
0.4851976711
0.4876354779
0.4929939489
0.4974584665
0.505423424
0.5127605665
0.5247885811
0.5368656854
0.5556425697
0.5763112226
0.6074834837
0.6454906514
0.7023445002
0.7811680143
0.9062027863
1.114031937
1.51850494
2875.238275
827.3360449
177.3176865
56.18171521
30.97018591
20.8425561
11.37665198
6.779424211
4.089043755
2.56275708
1.68674243
1.187485869
0.9103677642
0.7608199888
0.6740511156
0.6114847681
0.5729884695
0.5481971722
0.5331626341
0.5242414105
0.519108925
0.5161962587
0.5135167783
0.5096175088
0.5059556959
0.5007483062
0.4954971194
0.4885217364
0.4839288896
0.4822692421
0.4820754307
0.4851433591
0.4875524812
0.4928544052
0.4972950032
0.5052549296
0.5125774513
0.5245747889
0.5366527409
0.5554431037
0.5761367974
0.6072161379
0.6451666914
0.7019517782
0.7807043312
0.9055785318
1.113338617
1.51777081
2914.389842
850.2612687
177.0756878
56.16253202
31.12586601
20.93111744
11.42775047
6.791724424
4.095260816
2.565848448
1.688797114
1.189033502
0.9115473855
0.76165161
0.6745684178
0.611639935
0.5730612175
0.5483961862
0.5334079704
0.5244843137
0.5193370499
0.5164200079
0.5137187077
0.5097579111
0.5060215624
0.5007563582
0.495502582
0.4883978606
0.4838398802
0.4821885398
0.4819927462
0.4850120316
0.4873913995
0.4927734619
0.4972168912
0.5051777845
0.5124925887
0.5244797498
0.5365342361
0.5552402226
0.5758539253
0.6069172418
0.6448228956
0.7015360991
0.7801709066
0.904979317
1.112569266
1.517015053
2961.674649
879.8613998
189.7791388
57.21822269
31.21411813
20.91976689
11.42868604
6.801513212
4.099958689
2.568085594
1.689709933
1.189217244
0.9116145106
0.7619449459
0.6751106019
0.6122333807
0.5735960003
0.5486207493
0.5334669814
0.5244935612
0.5193682752
0.5164916917
0.5137655071
0.5098103899
0.5061520688
0.500809148
0.4954735544
0.4881902691
0.4836630281
0.4820103843
0.4818254819
0.4848941474
0.4872921921
0.4926202726
0.4969874008
0.504961882
0.5122495601
0.5242145238
0.5362551086
0.5549720816
0.5756289095
0.6066101524
0.6444468322
0.7010833922
0.7796497138
0.9042839829
1.111791933
1.516189888
3005.916412
918.9955855
190.3950241
57.12302888
31.32750063
21.06209828
11.50549182
6.818012286
4.109077631
2.572967117
1.692803021
1.191553954
0.9134471799
0.7632740922
0.6758697897
0.6123641294
0.5735299432
0.5487207724
0.5337255598
0.5248292894
0.5197135637
0.5168289063
0.5140616002
0.5100882798
0.5063107945
0.5008005509
0.4953960325
0.4880031246
0.4835360044
0.4819013622
0.4817234602
0.4847522371
0.4870672065
0.492451853
0.4968820102
0.5048565731
0.5121299106
0.5240839
0.5361029433
0.5547484067
0.5752984189
0.6062468673
0.6440413657
0.7006114472
0.7790426164
0.9036115111
1.110937188
1.515362548
3040.492811
976.704681
211.2233593
58.63991129
31.3543197
21.04412868
11.49568468
6.833549152
4.116945458
2.577767351
1.695450959
1.192598353
0.9139950695
0.7639797962
0.6767385533
0.6132430606
0.5745004399
0.5493124009
0.5339949911
0.524900694
0.519752635
0.5169392225
0.5141348222
0.5101688659
0.5063919931
0.5008474821
0.4952657464
0.4877513996
0.4832970307
0.481657054
0.4814700326
0.4845283978
0.4869087285
0.4923021538
0.4965859494
0.5045809451
0.5118165075
0.5237598429
0.5357515814
0.5543966675
0.5750039828
0.6058889921
0.6436075694
0.7000888241
0.7784547787
0.9028377376
1.110074381
1.514487908
3053.997132
1032.491634
216.3255517
58.28270406
31.2945486
21.06744506
11.64329173
6.866749887
4.138758582
2.590649468
1.702754916
1.197787148
0.9178874092
0.7667014031
0.6784685333
0.6141685176
0.5747880098
0.5492801666
0.5340786952
0.5252007196
0.5202202593
0.5174794059
0.5145983921
0.5106293839
0.5066915645
0.5008734183
0.4951256318
0.4875397979
0.4831228143
0.4815082962
0.4813368076
0.4843804154
0.4866627645
0.4920258415
0.4964206477
0.5044306013
0.511642898
0.5235749929
0.5355463724
0.5541390505
0.5746171025
0.605441197
0.6431124479
0.6995291599
0.7777357617
0.9020471112
1.109090851
1.513614435
3046.454274
1076.803944
252.3824624
60.96269716
31.21338258
20.88057998
11.65830745
6.910275307
4.163146108
2.605521073
1.713635791
1.203504529
0.92049459
0.7689180197
0.6807745366
0.6154460687
0.5759149817
0.5505049488
0.5349546344
0.5257000939
0.5204730753
0.5176643433
0.5147394403
0.5107651026
0.5067242579
0.5008683426
0.4950360367
0.4872759107
0.4828173596
0.4811839469
0.4810049645
0.4840343528
0.486381543
0.4918460198
0.4960849097
0.5040456705
0.511220733
0.5231398808
0.5350712941
0.5536438801
0.574187683
0.6049552078
0.6425367434
0.6988192605
0.7769480645
0.9010185161
1.107971479
1.512778854
3005.529788
1090.663171
263.8181462
59.69023412
30.95205153
21.127135
11.93154398
7.001554868
4.22366138
2.646805786
1.733105293
1.214568432
0.929405087
0.7752583078
0.6844306274
0.6182848137
0.5780527926
0.5509714488
0.5350019923
0.5258091706
0.5208703509
0.5183565006
0.5155032967
0.5114490397
0.5072106437
0.5011159261
0.4949307384
0.4870390123
0.4826099606
0.4809938722
0.4808244724
0.4838419001
0.4861414294
0.491465979
0.4957587153
0.5038372358
0.5109790775
0.5228770836
0.534784069
0.5532815612
0.5736551544
0.6042850202
0.6417839664
0.6979680021
0.7758505488
0.8998089846
1.106563202
1.51191274
2928.480456
1143.333115
316.3342589
66.28308232
31.84565533
20.98305479
12.25877655
7.195308208
4.338849525
2.695940327
1.770096484
1.239719303
0.9406128494
0.7816799177
0.6905926721
0.6216070015
0.5792880027
0.5526080392
0.5364807529
0.5269583693
0.5217090704
0.5190270928
0.5157451618
0.5116852512
0.5073210392
0.5011526769
0.494903445
0.4867766007
0.4822950738
0.480611088
0.4804104303
0.4833591583
0.4856896434
0.4911494485
0.4953930437
0.5032616137
0.5103614368
0.5222171272
0.5340593088
0.5525041504
0.5729396239
0.6035033102
0.6408872933
0.6968187339
0.7745824256
0.8981704017
1.104877642
1.510874888
2813.678261
1200.304242
338.2614415
61.26279278
31.62751367
21.62560601
12.69926509
7.499549411
4.478928388
2.825628472
1.834716807
1.262708246
0.958286865
0.7967463463
0.6993269108
0.6269828652
0.5846800023
0.5550231739
0.5372625414
0.527190883
0.522037761
0.5196348001
0.5166763708
0.5127847867
0.5081372111
0.5017411872
0.4950439081
0.4866055936
0.4820325269
0.480335941
0.4801319795
0.4831070161
0.4854316336
0.4906901254
0.4948421281
0.5029624654
0.5100164584
0.5218314255
0.5336384897
0.5519545112
0.5721630834
0.6024581872
0.6396599627
0.6954306543
0.7727897032
0.8962038179
1.102737385
1.509507772
2679.198987
1203.100318
432.8528702
84.0515349
32.79057069
21.70040739
13.65285208
7.811696174
4.808292699
2.92468636
1.893587018
1.325720758
0.9908499679
0.810345831
0.7101202054
0.6358290276
0.5875328104
0.5568875886
0.539236288
0.5289488767
0.5234595426
0.5209732159
0.5175589032
0.5131769276
0.5084407341
0.5020178392
0.495055954
0.4864930924
0.4817464614
0.4799294689
0.4796616332
0.4824593158
0.4847558292
0.4900962899
0.4943958492
0.5021463058
0.5090561482
0.5208031102
0.5325133759
0.5507042437
0.5709297566
0.6011309874
0.6382042112
0.6935170836
0.7706902151
0.8935648331
1.100058325
1.507551179
2535.078993
1256.894251
452.9888617
81.84793486
34.37866423
22.53675884
13.97369749
8.584798626
4.959898801
3.169394106
2.063206652
1.368280326
1.013873434
0.8387261225
0.7286479712
0.6450011361
0.5962620853
0.5627365474
0.5415701953
0.5296406702
0.5240313036
0.5217397346
0.5185789377
0.5148842763
0.5098695427
0.5030867024
0.4958347321
0.4865597848
0.4814732641
0.4795328555
0.4792296134
0.4820595711
0.4844027142
0.4895584087
0.4935540252
0.5015420556
0.5085523457
0.5202078175
0.5317991458
0.5498108005
0.5697436203
0.5994948333
0.6361491272
0.6911921908
0.7677140597
0.8902990362
1.096522434
1.504753725
2407.830048
1248.488529
608.3326213
123.063235
31.63284651
22.32667415
15.24976797
8.761149842
5.608862579
3.349333889
2.104385138
1.473679682
1.082165765
0.8634883225
0.7459155463
0.6610286078
0.6032749343
0.5656138603
0.5444226892
0.5325789605
0.5261721029
0.5238328458
0.5203420884
0.5155921528
0.5105264862
0.5038868567
0.4961638479
0.4866053242
0.4812261751
0.4790879728
0.47868382
0.4812387539
0.4833997734
0.4885013806
0.4928456611
0.5005048705
0.5070701272
0.518604591
0.5300410885
0.5477891839
0.5675947789
0.5971365152
0.6336782455
0.687949421
0.7641646661
0.8859423379
1.091823538
1.500765791
2296.868686
1202.394978
679.1879901
219.0913256
46.89938594
24.57565649
14.92417908
10.23315886
5.747051617
3.68369072
2.436629972
1.557689258
1.113563315
0.9109946555
0.7787338192
0.6769431086
0.6167897519
0.5758609234
0.5491525634
0.5336909311
0.5270475995
0.5249361142
0.5216486211
0.5181477788
0.5130245654
0.505760363
0.4977790674
0.4872170696
0.4810321153
0.4785666851
0.4780386543
0.4804532583
0.4828321015
0.4878324001
0.4916891154
0.4991933519
0.5061650492
0.517514744
0.5287171739
0.5462211266
0.5656538412
0.5945699529
0.630220457
0.6839939281
0.7591675215
0.8802553618
1.085414728
1.495179077
2183.970225
1106.325291
645.9284367
347.0669017
62.42677163
24.85625562
16.84899328
10.34330584
6.54540572
4.041791934
2.427840316
1.698772543
1.213482765
0.9446049356
0.8037614772
0.7028327514
0.630239534
0.581900029
0.5543122739
0.5388697699
0.5302305921
0.528165899
0.5247018444
0.5197008902
0.5142461663
0.5074225699
0.4990178981
0.4875586401
0.4808805794
0.4780208536
0.477318456
0.4794204264
0.4815028402
0.4860333929
0.4902918857
0.4978171034
0.5041181642
0.5150132438
0.5259517046
0.5429830727
0.5619921104
0.5903049242
0.6258367667
0.6784164184
0.7529494693
0.8726461293
1.076632177
1.487373075
2089.826093
991.040452
598.3546231
405.775103
174.2873804
35.84698885
16.73498926
12.25472632
7.092241391
4.593604241
3.054944714
1.87199601
1.293746549
1.029539467
0.8585647473
0.7293909958
0.6523945537
0.5987307379
0.5618602904
0.5405337409
0.531718147
0.5298350512
0.5265830269
0.5233442501
0.5184033015
0.5106936822
0.5018222779
0.4892183143
0.480856781
0.477366682
0.4764151879
0.4781004885
0.4802613857
0.4850704139
0.4888510526
0.4955816868
0.5020678042
0.5129119665
0.5235174655
0.5400992216
0.5585204305
0.5861461229
0.6200663581
0.6715936407
0.7443248561
0.862180605
1.0644485
1.476463938
1984.668877
884.8060667
540.3732413
388.1408716
268.6561695
98.41876423
24.6496784
13.09665483
9.04402715
5.161398293
2.880105295
2.136105113
1.435768614
1.075377382
0.8994405732
0.7747615112
0.677028696
0.6117696449
0.5737299997
0.5500364793
0.5366621463
0.5346417486
0.5314158828
0.5263815737
0.5206047139
0.5137904295
0.5047157769
0.4901769575
0.4808061691
0.4766374412
0.4753682895
0.4766031801
0.4786164854
0.4823486006
0.4861705561
0.4932002597
0.4992367968
0.5091519075
0.5191205322
0.5348596057
0.5524972835
0.5786112339
0.6120588898
0.6617315145
0.7328398247
0.8480874683
1.047662524
1.460950577
1863.844208
793.8529997
481.156603
355.2360213
271.9541256
187.9335101
67.32766584
15.20056684
9.668144238
6.632568294
4.36814808
2.37635221
1.65028334
1.237085591
0.9842537443
0.8128624129
0.7128501378
0.6390053959
0.5844692199
0.553268685
0.5399859424
0.5372772387
0.5344578142
0.5318315523
0.5271471044
0.5193232537
0.5096265002
0.4937394145
0.4813906703
0.4758413226
0.4740807932
0.4746431622
0.4762936138
0.4805846596
0.4841787661
0.489942789
0.495429461
0.5050806736
0.5146073695
0.5295971545
0.545999703
0.5713466337
0.6023211144
0.6496815563
0.7174254616
0.8283690933
1.023774333
1.438517933
1728.930305
710.7546551
425.3965085
314.2975543
254.0083037
201.5247977
141.0965092
60.72038372
16.57658587
7.430878122
4.687743771
3.145928273
1.837646033
1.325124743
1.069596867
0.8947138337
0.7521274456
0.662302005
0.6085024661
0.5698043317
0.5487145457
0.544583681
0.5415457455
0.5366379604
0.5313092781
0.5248585916
0.5153273689
0.4965732089
0.4817829908
0.4751072453
0.4726073538
0.4723325043
0.4740733187
0.4769339521
0.479702294
0.4855319204
0.4908853351
0.4993455187
0.5076568005
0.5209570303
0.5361851793
0.5585836402
0.5877364258
0.6317847152
0.6955729533
0.8011790803
0.9905796873
1.405406416
1587.766024
635.7000272
377.0551868
276.7408564
227.0266883
193.0557664
158.5349805
114.5269281
53.05059236
17.54262014
5.913132578
3.65946961
2.467774253
1.580694205
1.186650381
0.9540463265
0.8160372426
0.7056986353
0.624346271
0.5788722338
0.5554291012
0.5488836263
0.546476439
0.5446657296
0.5403762857
0.5330389743
0.5235512426
0.5032282261
0.4840009712
0.4744845749
0.4709411169
0.4699830329
0.4707323835
0.4737103566
0.476655739
0.4813038862
0.4853325108
0.4928397607
0.5002545469
0.5125775022
0.525558385
0.546584389
0.5724386734
0.6122755219
0.6703012602
0.7676590644
0.9467731794
1.358778633
1456.000374
575.6481311
339.7007864
247.8487873
203.2654424
177.3810066
155.4489207
131.0256329
94.68209325
38.33560754
14.33224026
5.459009714
2.954457607
1.941433516
1.353659392
1.062738174
0.8643096692
0.7415692663
0.659828714
0.602422484
0.5695152939
0.5578207327
0.5533658094
0.5493626331
0.545307598
0.5396111006
0.5309178376
0.5082254034
0.4854993938
0.4744526799
0.4695797283
0.4678278165
0.4684528379
0.4703899569
0.472162004
0.476319597
0.480166873
0.4866964277
0.4929141767
0.5031218371
0.5147769355
0.5325605834
0.5554348551
0.5910315301
0.6433379611
0.7325193667
0.9010666275
1.307366718
1341.220258
527.3650319
311.0536275
226.8112107
185.8067407
163.897867
148.0290619
131.46683
110.9534163
73.86112036
28.44050886
10.71028528
4.261988385
2.321246024
1.571763896
1.162723401
0.9398175385
0.7844430098
0.6791145006
0.6143973569
0.5765394834
0.5622638606
0.5583421733
0.5562272989
0.5523960482
0.5461278388
0.5381596346
0.5142912754
0.4885470446
0.474787098
0.4685800601
0.4662711692
0.4659796387
0.4677526408
0.4696191186
0.473106655
0.4758995587
0.4815221138
0.486803143
0.4962693557
0.506047999
0.5224461062
0.5427681875
0.5747162867
0.6218654958
0.7031719067
0.8595615105
1.253121296
1243.385355
484.6847509
286.8882876
210.1506732
172.6433271
152.1170474
140.1291647
128.493437
115.1803897
94.15174038
54.12395529
19.92375754
7.691963424
3.333551374
1.879299892
1.315359992
1.012552699
0.8385776527
0.7190638813
0.6389642041
0.5904183322
0.569896155
0.5631630061
0.5595869652
0.5563056199
0.5511599414
0.5438352514
0.5185871043
0.4904234785
0.4751074786
0.4679646004
0.4648859372
0.4644661394
0.465582658
0.46661125
0.4696447475
0.4722521342
0.4772442119
0.4817546342
0.4897056618
0.4985166756
0.5126913474
0.5307164454
0.5594928047
0.6021901754
0.6765887562
0.8223057391
1.20774164
1163.982898
446.7572392
265.3194194
195.5981909
161.2622236
141.7387701
131.2115673
124.2700393
114.5763334
102.3164563
77.47677958
37.47342072
13.2291307
4.917279263
2.325374645
1.477742807
1.102163419
0.8811260387
0.7411920218
0.6522650655
0.5981866005
0.57522255
0.567601644
0.5647124273
0.5612785926
0.5558032678
0.5487758473
0.5237407186
0.4930961783
0.4757918053
0.4675193578
0.4639355185
0.4628452784
0.4637954298
0.4648544903
0.4674748225
0.4693672564
0.4737201339
0.4775325747
0.4849861331
0.492502906
0.5056637559
0.5219603529
0.5481843102
0.5871709417
0.6556070875
0.7908955745
1.144493955
1103.824004
411.0400886
244.8728956
182.2281632
150.8356743
133.1817337
123.5046329
118.31466
112.622331
104.2363784
90.48859278
57.79961328
23.89323043
8.507914316
3.54906932
1.767394656
1.200431832
0.9386773786
0.7821299145
0.6774582972
0.6112046878
0.5813083328
0.5711963545
0.5671809948
0.5642323401
0.5594867148
0.5520982341
0.5267584205
0.494822757
0.4762971879
0.467268508
0.4630992598
0.4618699133
0.4623763697
0.4628617085
0.4651541322
0.4669029863
0.4708370673
0.4741438579
0.4805629186
0.4874146183
0.4990799325
0.513776149
0.5377993551
0.5736432694
0.6369740634
0.7629774418
1.105144437
1066.030251
373.3350724
222.0805649
166.885422
139.6782247
124.6815527
116.4442047
112.2757228
109.2494079
103.544208
95.49311537
75.34985487
38.30206131
13.84696899
5.004767087
2.320401494
1.350949953
0.9951503916
0.8059323846
0.6918544643
0.6209235933
0.5868062913
0.5748086297
0.5708274096
0.567604636
0.5627397765
0.5552048793
0.5302080778
0.4968775318
0.4769515502
0.4670866945
0.4625341392
0.4608317631
0.4612070414
0.4616997361
0.463719212
0.4649880513
0.4684907654
0.4713146514
0.4774043344
0.4833846755
0.494358923
0.5079058847
0.5302120094
0.5635247161
0.6226410808
0.7402884602
1.041593286
1044.242082
331.9989938
195.119762
147.3427893
125.3398328
114.0684574
108.3026236
105.7904955
104.483872
101.7682673
96.2075426
84.54924239
54.17580186
22.14022802
7.939364807
2.990524753
1.556940701
1.067973008
0.8465867319
0.7141926658
0.6318365852
0.5920225657
0.5776081877
0.5726129813
0.5697218491
0.5653409787
0.5572552992
0.5323026095
0.4982762801
0.4774503926
0.4670069278
0.4620300241
0.4602138032
0.4602815123
0.4603901496
0.4621862409
0.463353997
0.4665769741
0.4690650457
0.4744590987
0.4799933997
0.489967078
0.502433232
0.523255328
0.5544341247
0.6099960259
0.7206707887
1.014183164
1034.262589
305.3144418
171.6079807
128.1864576
109.9207269
101.7384019
98.65270039
98.44288831
98.95394185
98.47527187
95.57230599
88.20199614
66.68348649
32.11515714
11.07843753
4.138885079
1.816268424
1.14160323
0.8731729878
0.7293754321
0.6414893495
0.5969861792
0.5804683503
0.5751660637
0.5719730827
0.5675737347
0.5592785714
0.5346421565
0.4998035622
0.4780018535
0.4669521797
0.4616901166
0.4595420788
0.4595252045
0.4596363381
0.4612354804
0.4620875053
0.4650227165
0.4671852104
0.4723620813
0.4773131055
0.4868266896
0.4985331323
0.5182146499
0.547702799
0.6004019812
0.70517082
0.9709619432
1027.952806
289.8761681
156.2150231
113.9485366
96.95108177
90.14804595
88.70007992
90.12476832
92.9654032
94.47839312
93.82595992
89.28977126
75.54864216
41.75714931
15.99797411
5.392188695
2.223578808
1.24761145
0.9136224501
0.7482113184
0.6505726036
0.6014503959
0.582681532
0.5764613636
0.5734545496
0.5690967293
0.5605634342
0.5360747322
0.5008646812
0.4784309983
0.4669506701
0.4613845272
0.4591467238
0.4589201739
0.4587731818
0.4602218728
0.4610075504
0.4637529145
0.4656924249
0.4704034651
0.4750583184
0.4839027764
0.494886055
0.5135762804
0.541636376
0.5919316759
0.6918558269
0.9493759917
1023.759887
281.5452851
146.0842497
103.827141
87.02470549
80.53969006
79.65910236
81.92060526
86.54349348
90.2479135
91.00654892
88.82610774
79.83745317
50.7455383
20.70045626
6.967457312
2.59083655
1.354030691
0.94629414
0.7633980557
0.6590920114
0.6055975629
0.5849236257
0.5782581424
0.5749727814
0.5704572036
0.5618736732
0.5376383243
0.5019578439
0.4788598245
0.4669607384
0.4611784883
0.4587108885
0.4584260427
0.4582838113
0.4595896321
0.4601702919
0.4627192696
0.4644432464
0.4690110202
0.4732752749
0.481815442
0.4922964594
0.5102306839
0.5371684282
0.5855502422
0.6815006608
0.9305785236
1021.37755
277.1297756
139.7843593
96.96022802
79.89663193
73.21915388
72.24558812
74.69215372
80.23311184
85.80960621
88.38232557
87.76171337
81.41727571
58.64628669
25.75795389
8.887357509
3.125656143
1.482813652
0.9857125134
0.7792642005
0.6664918102
0.6092088069
0.5866240512
0.5792011261
0.5760081261
0.5713948575
0.5626928814
0.5386026451
0.5027256267
0.4791923997
0.4669757106
0.4609905129
0.4584561917
0.4580268594
0.4577122277
0.4589173191
0.4594545628
0.4618747503
0.463450561
0.4677059973
0.4717744594
0.479866628
0.4898646523
0.5071379836
0.5331237864
0.5798968281
0.6725913613
0.9144160532
1020.934896
274.5371062
135.1780579
91.9086008
74.61852902
67.68734432
66.41480981
68.71565484
74.48562752
81.43452564
85.77755448
86.1420255
81.58227604
64.39972911
30.14469887
10.73894423
3.648363041
1.612410571
1.019771626
0.7925983474
0.6732752467
0.6123985346
0.5883006565
0.5804585172
0.5770385906
0.5722536857
0.5635546121
0.5396465618
0.5034896367
0.4795068228
0.4669991754
0.4608626618
0.4581710061
0.4577024115
0.4573897403
0.4584974815
0.4588982709
0.4611861712
0.4626189743
0.4667791895
0.4705858705
0.4784768939
0.4881420186
0.5049134419
0.5301541279
0.5756535831
0.6656902815
0.9006526071
1022.199787
273.3717343
132.0235641
88.14587067
70.62337661
63.4597102
61.88901698
63.96256213
69.58516393
77.38308214
83.16060794
84.68784454
81.40395505
68.49777728
34.45724451
12.58288513
4.227768003
1.74797825
1.057058985
0.8056349243
0.6790220691
0.6151091731
0.5895282818
0.5811289283
0.5777354393
0.5728474756
0.5640851211
0.5402974908
0.5040300494
0.4797508842
0.467017344
0.4607445109
0.4580051914
0.4574377105
0.4570094545
0.4580503543
0.4584232369
0.4606225162
0.4619579485
0.4659075135
0.4695851525
0.4771758686
0.4865183046
0.5028488227
0.5274549312
0.5718805843
0.6597379706
0.8893843261
1024.415186
273.7111851
129.7109246
85.22070856
67.51835683
60.18493515
58.36968008
60.21221133
65.5620905
73.76218064
80.71256362
83.35714818
81.23704768
70.91156862
38.2313477
14.28114482
4.73283453
1.874347037
1.089318394
0.8167080656
0.6841655506
0.6174365757
0.590717324
0.581992581
0.5783908546
0.5734011186
0.5646552427
0.5409954643
0.5045563189
0.4799617179
0.4670630663
0.460663629
0.4578172577
0.4572234102
0.4567957801
0.4577708031
0.4580525423
0.460162824
0.4614032568
0.465289187
0.4687913091
0.4762488081
0.4853698721
0.5013663195
0.5254767495
0.5690544474
0.6551387497
0.8803034363
1028.108341
275.0656562
127.8172951
82.84907234
65.04579854
57.60733584
55.60882587
57.24937083
62.31264194
70.6288087
78.47744825
82.14832918
80.92712563
72.17010808
41.65768246
15.84460955
5.228800609
1.998746393
1.122036852
0.8272175027
0.6885398363
0.6194225212
0.5915811854
0.5824617194
0.5788499688
0.5737928862
0.5650111184
0.5414472781
0.5049434389
0.4801296284
0.4670821311
0.4605840171
0.457701876
0.4570359718
0.456524791
0.4574514265
0.4577127819
0.4597568721
0.4609280843
0.4646576722
0.4680671056
0.4753051794
0.4841908668
0.4998660423
0.523514514
0.566310483
0.6508077991
0.8715289453
1033.878137
275.9479906
125.694057
80.6852659
62.9093382
55.45568285
53.36493174
54.86710706
59.6904512
67.97644652
76.48904157
81.04249359
80.48559053
72.84139825
44.55891361
17.22448346
5.690803566
2.116528106
1.150440182
0.836111383
0.6924093267
0.6211385648
0.5924327002
0.5830697368
0.5792968905
0.574178201
0.5654131949
0.5419343726
0.5053145386
0.4802708652
0.4670959929
0.4605165464
0.4575493145
0.4568612558
0.4563484716
0.4572187503
0.4574004405
0.4593668956
0.4604544211
0.4641264503
0.4673814297
0.4745021763
0.4831929132
0.4985743855
0.5217872285
0.5638380683
0.6467756288
0.8629000688
1040.732933
274.8746751
123.088626
78.37795561
60.81781525
53.48372546
51.41881344
52.88077812
57.56093429
65.76001524
74.76358852
80.07285908
79.99865882
73.20806776
46.96243394
18.44222785
6.121176953
2.226649428
1.177440231
0.8442800872
0.6957307087
0.6226319514
0.5930694962
0.5834101503
0.579621694
0.5744599056
0.565669585
0.542260776
0.5055927035
0.4803924092
0.4671041986
0.4604445888
0.4574467131
0.4566925479
0.4561008251
0.45692425
0.4570835213
0.4589838583
0.4600038994
0.4635196583
0.4666832282
0.4735873234
0.4820450838
0.4971090058
0.5198656206
0.5611451539
0.6425171339
0.8544120222
1046.09403
270.4899481
119.8040089
75.86249084
58.74647194
51.6382849
49.68216489
51.18281092
55.82233902
63.93605319
73.28906353
79.19966185
79.56888953
73.40022951
48.91518056
19.48120959
6.491827436
2.32075583
1.199654163
0.8510453003
0.6986115533
0.6239351503
0.5937071919
0.5838550453
0.5799431708
0.5747440453
0.5659715193
0.5426254929
0.5058669541
0.4804969745
0.4671089692
0.4603821107
0.4573082769
0.4565326825
0.455937198
0.4567059305
0.4567867234
0.458610216
0.4595470253
0.463003747
0.4660140357
0.472801049
0.4810646074
0.4958366521
0.5181606577
0.5587006628
0.6385239528
0.8460608702
1048.847068
265.2477773
116.334209
73.52274926
56.99963429
50.11783615
48.24230129
49.779537
54.41006539
62.44833898
72.04580173
78.43273993
79.1985291
73.50123436
50.49370158
20.37622447
6.813933236
2.403698803
1.219641178
0.8570470415
0.7010928085
0.6250721511
0.5942000869
0.5841107532
0.5801811026
0.5749535675
0.5661627581
0.5428710008
0.5060719549
0.4805895706
0.4671111918
0.4603153997
0.457213998
0.4563757987
0.4557039696
0.4564265802
0.4564836811
0.458240405
0.4591113533
0.4624097499
0.4653294278
0.4719005451
0.4799317367
0.4943873351
0.5162571417
0.5560300824
0.6342971822
0.8378421355
1048.199684
262.1684652
114.3735413
72.25777439
56.05486027
49.22612942
47.25542381
48.71585949
53.28478397
61.25017107
71.00890143
77.76979296
78.88055335
73.54893357
51.7662538
21.12222862
7.082065027
2.472015242
1.23590139
0.8620374962
0.7032032693
0.6260716122
0.5946949134
0.5844486525
0.5804228961
0.5751709862
0.5663986167
0.5431563509
0.5062826265
0.4806710797
0.4671117009
0.4602566963
0.4570852196
0.4562260416
0.4555489964
0.4562179554
0.45619749
0.4578777551
0.4586662317
0.4619042718
0.4646720376
0.4711265015
0.4789643365
0.4931300087
0.514570511
0.553610198
0.6303417961
0.8297526991
1044.375618
260.1613309
113.6396942
72.04973366
55.93723752
49.01185248
46.81015981
48.02219072
52.41397205
60.29456168
70.1515156
77.20462394
78.6094727
73.57278615
52.7953328
21.75505429
7.313478068
2.532841759
1.250601625
0.8664013736
0.7050341323
0.6269330439
0.5950867005
0.5846485595
0.5806054707
0.5753319215
0.5665474861
0.5433498822
0.5064431634
0.4807457648
0.4671115968
0.4601939515
0.456996756
0.4560771837
0.4553254816
0.4559488146
0.4559042068
0.4575168419
0.4582415731
0.4613184946
0.4639969352
0.4702361253
0.4778424389
0.4916929955
0.5126817416
0.550959488
0.6261467148
0.8217880968
1040.124747
260.3924428
115.8200331
74.50539721
57.55312561
49.71067048
46.92417552
47.68744163
51.78505307
59.52219444
69.44995792
76.72605734
78.3796669
73.57246203
53.62816554
22.27492512
7.504764284
2.583746483
1.262728135
0.8701209175
0.7065862522
0.6276957153
0.5954763733
0.5849150766
0.5807953592
0.575504155
0.566740088
0.5435843406
0.5066170222
0.4808132048
0.4671099963
0.4601382845
0.4568747039
0.4559344348
0.4551765108
0.4557467579
0.455625475
0.457161682
0.4578033614
0.4608202921
0.4633481307
0.4694713625
0.4768853567
0.4904480827
0.5110111315
0.548562637
0.6222297672
0.8139456897
1038.277107
266.9120704
122.5462961
79.31983893
60.37535053
51.15404945
47.50628485
47.69999624
51.38252597
58.8811568
68.87115007
76.32609854
78.1851805
73.56814351
54.30467105
22.71594229
7.668860666
2.627365148
1.273597626
0.8733516761
0.707939892
0.6283432734
0.5957871264
0.585075972
0.5809415116
0.5756333525
0.5668613666
0.5437448859
0.5067499473
0.4808748615
0.4671083971
0.4600787832
0.4567904636
0.455791111
0.4549595896
0.4554844291
0.455339224
0.4568069813
0.4573724674
0.4602410344
0.4626801218
0.4685885118
0.4757718731
0.4890209749
0.5091350362
0.5459304587
0.6180669971
0.8062209098
1037.930236
280.351059
133.9446167
86.39256306
64.30303515
53.20636309
48.46445723
47.94265165
51.17704225
58.35880602
68.35919951
75.99530787
78.02252928
73.5559792
54.8564179
23.07274757
7.802754335
2.670772657
1.282811746
0.8761706053
0.7091149189
0.6289233558
0.5960939587
0.5852926048
0.5810972904
0.5757759655
0.5670259666
0.543949127
0.5069060467
0.480938422
0.4671062179
0.4600257663
0.456673255
0.4556533682
0.4548148889
0.4552869517
0.4550656046
0.4564572786
0.4569705575
0.4597491701
0.4620375744
0.4678309529
0.4748233555
0.4877868363
0.5074790345
0.5435558097
0.6141893482
0.7986117957
1040.405089
305.4852789
151.2315089
95.75434527
69.1491691
55.72814082
49.714098
48.37802039
51.21002343
57.95569054
67.87098353
75.70393643
77.89036717
73.54583329
55.30751971
23.37998014
7.918565413
2.700326192
1.290560102
0.8786234087
0.7101437282
0.6294147452
0.5963380665
0.585424529
0.5812191274
0.5758843032
0.5671289687
0.5440860378
0.5070217859
0.4809917281
0.4671047046
0.4599690934
0.4565922206
0.4555139412
0.4546024873
0.4550293385
0.4547841696
0.4561072091
0.456527357
0.4591755904
0.4613752425
0.4669541114
0.4737166832
0.4863681598
0.5056144315
0.54094167
0.6100601966
0.79111402
1044.875611
344.8901317
175.4976547
107.2411054
74.67010241
58.57080605
51.1562707
49.03775788
51.356172
57.66701109
67.4225073
75.40970092
77.77390624
73.52469317
55.67841738
23.62315055
8.011495364
2.741309492
1.299486112
0.8807931127
0.711068243
0.6298650472
0.5965813953
0.5856054891
0.5813519508
0.5760073716
0.5672763916
0.5442749853
0.5071739709
0.4810551644
0.4671031809
0.4599184777
0.4564786084
0.4553798914
0.4544609086
0.4548351312
0.4545142383
0.4557615829
0.4561287147
0.4586891679
0.4607374802
0.4662024719
0.4727757423
0.4851439693
0.5039725345
0.5385895178
0.6062244203
0.7837259156
1051.218896
407.5505743
207.3400857
120.529958
80.58939432
61.57799115
52.74056831
49.8114315
51.65356879
57.49041148
67.03849859
75.11282108
77.64399339
73.50110413
55.98479524
23.84403565
8.094615567
2.76144077
1.304661642
0.8827658124
0.7118706364
0.6302463046
0.5967744369
0.5857159502
0.5814572516
0.5761019581
0.5673662432
0.5443951836
0.5072786204
0.4811038165
0.4671028453
0.4598643902
0.4564001246
0.4552432746
0.4542516291
0.4545808423
0.4542364387
0.4554149715
0.4556883306
0.4581201707
0.4600804922
0.4653299369
0.4716748868
0.4837328607
0.5021188403
0.5359935093
0.6021307204
0.7764430916
1059.624079
504.3770719
247.5126917
135.1877177
86.63394446
64.59102454
54.3504419
50.6437095
52.0749149
57.47655406
66.72464266
74.86035205
77.50060709
73.46838652
56.2411574
24.00611387
8.160845857
2.795668444
1.31393237
0.8844376643
0.712725757
0.6306366326
0.5969727334
0.5858711371
0.581573409
0.5762112378
0.567501709
0.5445743487
0.5074292471
0.4811687108
0.4671036705
0.4598165372
0.4562904351
0.4551134242
0.4541138633
0.4543910476
0.4539720477
0.4550761149
0.4552965397
0.4576432544
0.4594535432
0.4645915954
0.470750871
0.4825310704
0.5005081649
0.5336890955
0.5983794699
0.769426774
1070.257006
653.4084279
296.0169897
150.6808628
92.56287432
67.49352839
55.92003166
51.48707166
52.57619292
57.52937431
66.48289804
74.67830828
77.38242072
73.44163227
56.45519903
24.1926001
8.225503945
2.809983972
1.317638375
0.8865156241
0.7132967219
0.6309140092
0.5971234035
0.5859641918
0.5816652647
0.5762944448
0.5675810364
0.5446812642
0.5075242139
0.4812126736
0.4671019423
0.4597650494
0.4562152303
0.4549814702
0.4539109578
0.4541444501
0.4537027653
0.454739644
0.4548686107
0.4570896733
0.4588161209
0.4637416003
0.4696804872
0.4811603888
0.4987106114
0.5311789176
0.5944400089
0.7625277882
1082.991385
885.2973681
351.8418748
166.3925297
98.1854475
70.20823167
57.40223914
52.30552752
53.11041895
57.65473365
66.31454185
74.5762636
77.32108327
73.43638002
56.63736069
24.24673053
8.268372438
2.830640616
1.32464239
0.8880259547
0.7143225391
0.6313958228
0.597337386
0.5861090319
0.5817681865
0.576392415
0.5677036705
0.544854273
0.5076813203
0.4812843746
0.4671031601
0.4597178614
0.4561079661
0.4548547344
0.4537762012
0.4539584772
0.453442961
0.4544072039
0.4544847052
0.4566211683
0.4582002979
0.4630187774
0.4687767364
0.4799872501
0.4971428563
0.5289461553
0.5908327125
0.7557447936
1097.22081
1238.172019
412.663445
181.6740423
103.3633042
72.68234961
58.7633841
53.18151028
53.77351762
57.90099233
66.16581241
74.533057
77.31662972
73.48975116
56.86693398
23.99990895
8.170261388
2.813586576
1.319962485
0.8873372408
0.7140374278
0.6313155663
0.5973627972
0.5861739276
0.5818534306
0.5764694219
0.5677752748
0.5449312055
0.5077342662
0.4813001914
0.4670977791
0.459666642
0.4560335921
0.4547238333
0.4535744897
0.4537135602
0.4531756139
0.4540730969
0.4540592723
0.4560708219
0.4575701606
0.4621720327
0.4677144961
0.4786293901
0.4953668521
0.526476801
0.5869861435
0.7490732242
10370.54765
1686.469448
480.0156469
200.6568551
110.4804336
76.34848906
60.88388035
54.23584157
54.27616125
58.01684207
65.44559847
73.88951809
77.20603642
73.78471745
58.76649397
25.42982383
8.651572517
2.936611075
1.3461484
0.8929675409
0.71620668
0.6321959239
0.5976903524
0.5863055205
0.581935988
0.5765516261
0.5678831294
0.5450971309
0.5078965846
0.4813819313
0.4671133112
0.4596202056
0.455928269
0.4545993838
0.4534417127
0.4535298202
0.4529180584
0.4537438482
0.4536795274
0.4556059117
0.4569583744
0.4614567774
0.4668212019
0.4774719192
0.4938242797
0.5242896017
0.5834784258
0.742510666
21129.0009
2519.57561
538.9930549
205.0626223
111.5063316
77.32781616
61.82459497
55.0208181
54.47979309
58.10576174
65.16146104
73.40613162
77.09908913
73.95051258
60.33818694
26.64251749
9.164131794
3.055681261
1.374228746
0.9022138466
0.719264903
0.6333847827
0.5981397713
0.5865230004
0.5820960163
0.5767160513
0.5681121311
0.5454312039
0.5081908285
0.4815225322
0.4671440672
0.4595949193
0.4558648804
0.4544743947
0.4532443537
0.4532879881
0.452655006
0.4534122009
0.453258181
0.4550581543
0.45633853
0.4606105109
0.465765369
0.4761241578
0.4920660255
0.5218554563
0.5797155301
0.7360539314
21121.87379
2567.599148
521.3512009
198.4733653
109.9415621
76.96397949
61.87804444
55.35175136
54.57933441
58.16903711
65.11416565
73.12626604
77.04488862
74.11506242
61.70668648
27.85712095
9.583602949
3.189317392
1.404807145
0.9083230278
0.7214490271
0.6342528917
0.5984554974
0.586646308
0.5821743236
0.5767931077
0.5682137997
0.5455890987
0.5083480515
0.4816029206
0.4671617261
0.459549224
0.4557609855
0.4543517014
0.4531130191
0.4531058704
0.4523989735
0.4530851151
0.4528817983
0.4545967687
0.4557290489
0.4599019148
0.4648819086
0.4749817013
0.4905478087
0.5197124028
0.5763038925
0.7297022849
21127.32423
2245.255926
455.246685
183.6891286
106.4342255
75.90909255
61.57028334
55.3009773
54.58447237
58.20725459
65.15735904
73.12549026
77.07250599
74.33894527
62.8849399
29.42575005
10.32365054
3.402858865
1.457436664
0.9223583361
0.7260500374
0.6360090819
0.5990771888
0.5868898972
0.5823286005
0.5769553253
0.5684507421
0.545944262
0.5086712797
0.4817644404
0.4672123802
0.4595245332
0.4556980559
0.4542268289
0.4529156173
0.4528648962
0.4521365041
0.4527545282
0.452461547
0.4540513283
0.4551200542
0.4590567774
0.4638330936
0.4736454686
0.4888093862
0.5173160457
0.5726262519
0.723451381
4717.348941
967.8560217
323.60612
159.6932842
100.0921434
73.74949873
60.74719148
54.9674398
54.33504996
58.18726262
65.28059566
73.26369793
77.21979326
74.45912301
62.89897538
29.43365808
10.32821494
3.405029859
1.458687238
0.9227511563
0.7263032808
0.6361682272
0.5991775586
0.5869802957
0.5824147824
0.5770311545
0.5685263211
0.5460517062
0.508769478
0.4818060166
0.4672062048
0.4594783838
0.4555933496
0.4541038132
0.4527842085
0.4526829724
0.4518792925
0.4524274628
0.4520859593
0.4535922253
0.4545061932
0.4583535563
1120.907292
384.3353683
186.6122516
120.4934508
87.58003954
69.088045
58.87769527
54.24815705
54.00858476
58.05860241
65.32999823
73.31962356
77.21324922
74.44520708
62.85984975
29.4256655
10.33060159
3.406270132
1.459475739
0.923077441
0.7265341344
0.6363033053
0.5992812379
0.5870766013
0.5824911165
0.5771042028
0.5686067318
0.5461502592
0.508858575
0.4818435779
0.4671995296
0.4594249702
0.4555185278
0.4539722745
0.4525819837
0.4524394371
0.45161367
0.4520961566
0.4516638627
356.6590096
185.0303969
121.9068742
93.55446584
75.88577494
63.93575931
56.61428367
53.31885098
53.6386693
57.90363166
65.28553243
73.28889736
77.16759001
74.4092657
62.80631046
29.4082992
10.32931409
3.407205848
1.45999754
0.9235000297
0.7267509359
0.6364635526
0.5993952728
0.5871834005
0.582571591
0.5771757562
0.5686793339
0.5462572514
0.508957308
0.4818846145
0.4671924291
0.4593771637
0.4554113498
0.4538474204
0.4524492512
0.4522563127
0.4513539728
177.6135883
118.0038643
91.30966228
76.07936975
65.88930451
58.67351063
54.02790429
52.15403637
53.15515344
57.70385925
65.19420937
73.2157109
77.08552118
74.35162171
62.72464138
29.38046121
10.32373607
3.407990137
1.460345182
0.9236622229
0.7269395745
0.6365925525
0.5995127026
0.587296185
0.5826607485
0.5772566248
0.5687627771
0.5463554898
0.50904569
0.4819215025
0.4671845723
0.459321843
0.4553348993
0.4537134705
0.4522442179
0.4520106292
133.5068672
97.14265231
78.00007063
66.01131971
58.48269639
53.84588568
51.30273492
50.77608039
52.50072151
57.44042317
65.06109235
73.09659259
76.95506178
74.26076565
62.60809396
29.34751218
10.31251221
3.408454087
1.460565739
0.9239369677
0.7271240797
0.6367657862
0.5996494561
0.5874275567
0.5827620596
0.5773404063
0.5688400848
0.5464648896
0.5091452969
0.4819622087
0.4671756258
0.4592715563
0.4552242466
0.4535859518
0.4521094969
136.3268624
96.5883798
74.75809645
61.71516534
54.16450527
50.21229535
48.76720024
49.24097947
51.7344509
57.10828402
64.89137775
72.928006
76.76529499
74.12076238
62.44043636
29.29503933
10.29826572
3.408032156
1.460954689
0.924025622
0.7272773665
0.6369012829
0.5997970149
0.5875731738
0.5828726718
0.5774344427
0.5689301217
0.546565042
0.5092343545
0.4819985283
0.4671651577
0.4592126386
0.455144479
0.4534472659
164.0374897
109.7269913
79.82115185
62.70345619
52.98812211
48.32579404
46.8707932
47.76449359
50.94194359
56.71760369
64.69217322
72.70136889
76.50286056
73.92366967
62.20752177
29.20852803
10.27835282
3.406701661
1.461037518
0.9241811208
0.7274416331
0.6371152708
0.5999807362
0.5877537679
0.5830021491
0.5775341006
0.5690140461
0.5466799402
0.5093372956
0.4820390892
0.4671525529
0.4591576838
0.4550269593
0.4533140403
209.4478653
139.4406581
95.54125729
69.40963789
55.39585287
48.54614734
46.10485498
46.76334256
50.2436993
56.31437518
64.47513002
72.39700711
76.14022625
73.64266727
61.88615808
29.07974721
10.24031446
3.404183149
1.461149035
0.9241863704
0.7275975456
0.6372785949
0.6001897209
0.5879647176
0.5831528368
0.5776532284
0.5691178309
0.5467857169
0.50942938
0.4820747371
0.4671368916
0.4590916446
0.4549404465
271.5923231
187.4076919
128.1703343
87.00557674
63.01546888
51.41828166
46.99060161
46.58555843
49.8051504
56.00284183
64.2563732
71.98458534
75.63989601
73.24007986
61.45166199
28.91011695
10.19084268
3.401188564
1.461193306
0.9241010117
0.727781685
0.6375924666
0.6004682422
0.5882429429
0.5833403622
0.5777865319
0.56921714
0.546913343
0.5095404045
0.4821153355
0.4671169992
0.4590274612
0.4548093187
334.066859
250.5037224
176.0545678
119.3788027
81.25094943
59.66920282
50.14208333
47.70981393
49.95608471
55.9600605
64.03004691
71.41901129
74.95166263
72.6863742
60.86317202
28.66747014
10.11579257
3.3965227
1.46112879
0.9239309686
0.7279599046
0.6378402445
0.6008005083
0.5885828307
0.5835679659
0.5779538348
0.5693483715
0.54703061
0.5096393278
0.4821497199
0.4670897736
0.4589473331
324.5284691
295.5080683
235.8052162
170.6524929
115.1911461
77.56992353
58.12487878
51.19910998
51.03104538
56.2007145
63.72638664
70.65958004
74.03110261
71.90904602
60.09898169
28.36990732
10.02953993
3.389729931
1.460985752
0.9237070962
0.7282137294
0.6383715029
0.601268763
0.5890525223
0.5838615537
0.5781457761
0.5694749288
0.5471808309
0.5097655306
0.4821902496
0.4670548297
0.458864966
254.3754575
267.8321903
252.5929876
213.9576926
162.7612933
111.513102
74.47299216
57.50219851
53.60467105
56.54018384
63.10901015
69.63383195
72.80479819
70.83967365
59.12864427
27.97826205
9.908336084
3.378457433
1.460746396
0.9232733745
0.7285121981
0.638789191
0.6018558461
0.5896448411
0.584227803
0.5783917098
0.5696521415
0.547314566
0.5098759416
0.4822252363
0.4670165983
167.3336816
188.529643
208.5626034
204.5529203
184.2674512
148.0825014
105.5640733
72.01546246
57.73014702
57.01727708
62.14927956
68.25697866
71.19190523
69.48651479
57.98281419
27.5748191
9.794733413
3.367264069
1.46077291
0.9229424324
0.728993845
0.6397466993
0.6027016803
0.5904827425
0.5847014904
0.5786670903
0.5698139538
0.5474925898
0.5100204768
0.4822669922
117.9055197
129.1176725
145.0597884
160.2435233
162.4816268
151.2723154
125.5264501
93.09092565
67.32236582
58.47331499
60.44782813
65.68916307
68.92494076
67.79002669
56.7546938
27.1864656
9.663809898
3.354933061
1.461489788
0.9231762053
0.7296489164
0.6405168366
0.6037776041
0.5914429958
0.5852758423
0.5790094314
0.5700443397
0.547625651
0.5101213178
92.33598582
97.53779934
105.7330914
116.6555102
126.1521786
129.0199371
121.6045873
101.9985579
78.00214186
61.42851581
58.01650408
61.76582364
65.59306473
65.79837156
55.77462023
27.29024676
9.713789785
3.353366315
1.464167122
0.9243066084
0.7309277879
0.6423302692
0.6053359924
0.5927166085
0.5859748326
0.5793487156
0.5702106723
0.5477969257
77.49146032
80.25551606
84.41050027
90.36870989
97.29483896
102.4401573
102.6751243
96.9026221
81.3298372
64.14631548
55.01048742
55.97747062
60.24521584
62.44720692
54.88554757
28.25053133
9.856957795
3.424335327
1.47092927
0.9274582978
0.7325993147
0.643868809
0.6073185673
0.5940590104
0.586739632
0.5797362402
63.32717106
66.17281698
69.60540264
73.75457055
78.36155145
82.35579827
84.02917309
82.56152508
76.50677722
63.97862917
52.74738447
49.4766894
52.41849424
56.31850453
53.13617106
30.13528256
10.79578515
3.500162047
1.490244566
0.9277594416
0.7371720839
0.6475080487
0.6101090328
94.90656618
118.5853571
162.902459
243.4540453
359.683728
434.123283
456.383947
421.1103656
348.7579255
290.0372483
271.3606953
278.5533178
354.231287
617.8302403
1717.353614
6852.563409
0.5238801365
0.5361391064
0.5550522827
0.5762526535
0.6074480218
0.6463356789
0.7035761625
0.7835524616
0.9094994357
1.118737183
1.523330838
0.4822011513
0.4809190855
0.4808398304
0.4839907577
0.4862912597
0.4918082471
0.496168869
0.5043370223
0.5116579222
0.5238403475
0.5361000647
0.5549859517
0.5761533717
0.6073833906
0.6462528325
0.7033964134
0.7834067449
0.909285425
1.11848409
1.523124224
0.505117482
0.5012965462
0.4967456218
0.4915016951
0.4857567983
0.4822073291
0.4809170486
0.4808331824
0.4839702643
0.4862768124
0.4917839074
0.4961465979
0.5043076918
0.5116278066
0.5237721792
0.5360235224
0.5549083802
0.5761027107
0.6072677199
0.6461094519
0.7032740766
0.7832114381
0.9090353066
1.118211098
1.522898844
0.518607732
0.5139787997
0.5113026752
0.5084805788
0.5051457903
0.5013158532
0.4967704489
0.4915359534
0.485765834
0.4822061609
0.4809106863
0.4808187463
0.4839289035
0.4862480442
0.4917340234
0.4961009881
0.5042465008
0.5115673508
0.523718735
0.5359882455
0.5548482847
0.5759881722
0.6071722364
0.6460196462
0.7030762054
0.7830189674
0.9087836757
1.117911442
1.52264442
0.7365642056
0.6545418302
0.5974968895
0.5621975293
0.5401042469
0.5266296974
0.5186326578
0.5139963269
0.5113135886
0.5084970217
0.50517262
0.5013491487
0.4967912315
0.4915498759
0.4857652402
0.4822018717
0.48090459
0.4808103081
0.4839098841
0.4862356801
0.4917116254
0.4960813401
0.5042194373
0.5115394044
0.5236591029
0.5359011354
0.554749908
0.5759337423
0.607061951
0.6458461888
0.7029215393
0.7828007541
0.9084882835
1.11758464
1.522361594
136.8515466
55.06945361
31.67110848
20.24894382
11.2715739
6.582801358
3.950705176
2.471418729
1.62551437
1.145447828
0.8794976209
0.7366284167
0.6545846909
0.5975303396
0.5622195633
0.5401179219
0.5266379683
0.5186393955
0.5140061917
0.511330714
0.508537028
0.505201962
0.50136662
0.4968118404
0.4915774615
0.485765029
0.4821962798
0.480892331
0.4807890247
0.483865241
0.4862034058
0.4916570309
0.4960316328
0.504152733
0.5114714691
0.5235912495
0.5358679198
0.5546962543
0.5758120067
0.606933393
0.6457402236
0.7027096732
0.7825638703
0.9081956189
1.117236869
1.52204782
2709.00085
689.7407516
137.1113229
55.12420333
31.6782373
20.26524872
11.27980625
6.586779688
3.952733995
2.472780408
1.626366917
1.145967702
0.8798227844
0.7368262724
0.654700404
0.5976339866
0.562295298
0.5401715938
0.526677034
0.5186690652
0.5140275184
0.5113464152
0.5085561444
0.5052270624
0.5014002431
0.496835578
0.4915870929
0.4857647766
0.4821882736
0.4808840331
0.4807786768
0.4838468686
0.4861908652
0.4916351031
0.496012111
0.5041262145
0.5114433309
0.5235398923
0.5357702316
0.5545766641
0.5757350667
0.6068245072
0.6455440686
0.702518965
0.7823187605
0.9078584514
1.116852853
1.521702692
2715.490028
691.2515869
137.4098255
55.17973463
31.68217744
20.27853175
11.2854935
6.589327897
3.954078939
2.473755122
1.626948612
1.146273032
0.8799898551
0.7369243826
0.6547823865
0.5976889896
0.5623310631
0.5401940834
0.5266914308
0.5186789906
0.5140386258
0.5113664907
0.5086052126
0.5052635639
0.5014197255
0.4968544343
0.4916191264
0.4857698092
0.4821825432
0.4808661528
0.4807512697
0.4837999717
0.4861529086
0.4915754144
0.4959559223
0.5040532007
0.5113659331
0.5234560158
0.5357314551
0.5545252996
0.5756142574
0.6066660954
0.6454142036
0.7022931103
0.7820404893
0.9075214346
1.1164547
1.521326013
2722.386621
693.3301401
137.7742613
55.24724588
31.70058848
20.29907098
11.29506449
6.59353283
3.956371588
2.475305541
1.627940852
1.146886762
0.8803684586
0.7371598459
0.6549501085
0.5978229853
0.5624299742
0.5402642546
0.526741688
0.5187165394
0.5140677577
0.5113921283
0.5086313543
0.5052883157
0.5014559467
0.496884762
0.4916316175
0.4857724566
0.482172398
0.4808538926
0.4807379277
0.483779407
0.4861383693
0.4915523577
0.4959347064
0.5040256442
0.5113359088
0.5234117801
0.5356324556
0.5543863998
0.575508748
0.6065517862
0.6452001327
0.7020654744
0.7817646117
0.9071451026
1.116013676
1.520927855
2731.422565
695.5148563
138.1923721
55.31449174
31.71518423
20.31816287
11.3044762
6.597298112
3.958565806
2.476758846
1.628786864
1.147357122
0.8805921729
0.7372857355
0.6550753009
0.5978958465
0.5624747395
0.5402911526
0.5267585779
0.5187271454
0.5140801393
0.511416889
0.5086929243
0.5053354963
0.5014808815
0.4969028286
0.4916724964
0.4857808669
0.4821639294
0.4808271253
0.4807028905
0.4837297424
0.4860929886
0.4914859601
0.4958699424
0.5039446138
0.511247236
0.5233114474
0.53556809
0.5543303602
0.5753898874
0.6063673922
0.6450407894
0.701823327
0.7814479154
0.9067616411
1.115565932
1.520494716
2742.179972
698.7704414
138.6998434
55.40544298
31.75294395
20.34352826
11.31648203
6.602016483
3.961433565
2.47864303
1.630013693
1.148191307
0.8810647689
0.7376009445
0.6553253868
0.5980793104
0.5626112366
0.5403883207
0.5268253945
0.5187761924
0.5141233889
0.5114603496
0.5087315606
0.5053585582
0.5015190112
0.4969440783
0.4916928216
0.485787172
0.4821508795
0.4808103684
0.4806856995
0.4837054427
0.4860737243
0.4914604647
0.4958454878
0.5039147155
0.5112138033
0.5232696712
0.5354744961
0.5541773916
0.5752518162
0.6062400675
0.6448106153
0.7015587065
0.7811368089
0.9063464115
1.115067318
1.520042127
2755.693763
702.2060722
139.3079198
55.50902927
31.78459073
20.36701119
11.33057896
6.607011773
3.964632948
2.480584562
1.631159395
1.1488574
0.8813497602
0.7377640551
0.6555034498
0.5981747753
0.5626668295
0.5404177223
0.5268426628
0.5187896138
0.5141417729
0.5114915448
0.5088061525
0.505418693
0.5015566966
0.4969638971
0.491746692
0.4857972722
0.4821354282
0.4807732537
0.4806413411
0.483650643
0.486019974
0.4913844223
0.4957689462
0.5038227832
0.5111105342
0.523152676
0.5353802584
0.5541073236
0.5751325706
0.6060328407
0.6446173681
0.7012960432
0.78078296
0.9059139087
1.114568056
1.519550378
2772.3941
707.5010013
140.0207428
55.64816659
31.85237993
20.39843924
11.34691817
6.612623471
3.968418317
2.482938761
1.632760637
1.14992565
0.8820329518
0.7382120335
0.6558684804
0.5984262121
0.5628534117
0.5405517877
0.5269341604
0.5188594071
0.5142093373
0.5115640847
0.5088664086
0.5054394283
0.5015949759
0.4970216903
0.4917799341
0.4858046066
0.4821173569
0.4807505196
0.4806186005
0.4836209936
0.4859898282
0.491354693
0.4957390192
0.5037885604
0.511071451
0.5231086227
0.5352894379
0.5539440183
0.5749590992
0.605884615
0.6443700647
0.7009943773
0.7804321434
0.9054588318
1.11401117
1.519039181
2793.080652
712.8246352
140.9082431
55.82090051
31.90901821
20.42406396
11.36663056
6.618839846
3.972726715
2.485299515
1.634163279
1.150623471
0.8824240144
0.7384331635
0.6560875109
0.5985395183
0.5629148917
0.5405735558
0.5269461149
0.5188765277
0.51423679
0.5116042133
0.5089485694
0.5055144346
0.5016591072
0.4970505079
0.491847863
0.485809867
0.4820873807
0.4806988136
0.4805599981
0.4835559414
0.4859249955
0.4912644977
0.4956456103
0.5036812009
0.5109484017
0.522972413
0.535160404
0.5538502537
0.5748342271
0.6056560397
0.6441388909
0.7007057626
0.780040919
0.9049748394
1.113457607
1.51848313
2818.476676
721.5878068
141.9177191
56.04346519
32.01778236
20.46410193
11.38853682
6.625802752
3.977593281
2.488153431
1.636076144
1.151879929
0.8834049942
0.7391552361
0.6566166309
0.5988790237
0.5631575164
0.5407573674
0.5270803461
0.5189866428
0.5143456657
0.5117198121
0.5090439942
0.5055331205
0.5016973503
0.4971294908
0.4918952636
0.4858088669
0.4820602588
0.480666955
0.4805286318
0.4835188667
0.4858780565
0.4912274878
0.4956065222
0.503639149
0.510899757
0.5229208755
0.5350675306
0.5536781031
0.5746218686
0.6054780437
0.6438701514
0.7003653744
0.7796446041
0.9044762472
1.112838275
1.517900632
2848.764599
729.8869375
143.3095003
56.35010594
32.10419656
20.48923931
11.41461644
6.633733279
3.983026591
2.491034918
1.637509387
1.152517294
0.8837895104
0.7394668065
0.6568910041
0.5989953654
0.5632196494
0.5407606103
0.5270827105
0.5190067182
0.5143840799
0.5117723209
0.5091175982
0.5056171234
0.5018125803
0.4971822752
0.4919638248
0.4857989574
0.4820092053
0.4805927457
0.4804478818
0.4834353091
0.4857955714
0.4911179104
0.4954872986
0.5035089417
0.5107486363
0.5227590116
0.5348961584
0.5535487032
0.5744826148
0.6052266832
0.6435955785
0.7000430011
0.7792124104
0.9039354129
1.112222078
1.517265511
2881.208407
744.8044421
144.8339071
56.69189579
32.25626893
20.54429472
11.44178354
6.642696099
3.989232104
2.494343621
1.639604296
1.153990153
0.8849746978
0.740492608
0.6576825283
0.5995043666
0.5635454284
0.5410188938
0.5272887959
0.5191863951
0.514555369
0.5119446186
0.5092634426
0.5056674057
0.5018640962
0.4972732194
0.4920160054
0.4857810868
0.4819668438
0.4805467559
0.4804034046
0.4833871516
0.4857238265
0.491063588
0.4954337854
0.5034535196
0.5106843781
0.5226939666
0.5347938807
0.5533671082
0.5742261908
0.6050080356
0.6432975028
0.6996596007
0.7787626524
0.9033863737
1.111532315
1.516596875
2917.51935
756.6155219
147.2362212
57.22073494
32.35699469
20.56430909
11.47296078
6.6546371
3.996158041
2.497475323
1.641054816
1.154567942
0.885206393
0.7406957506
0.6579486116
0.5996166595
0.5636292015
0.541015054
0.5272866606
0.5192069984
0.5146014507
0.5120082891
0.5093138501
0.5057438221
0.5020480338
0.4973657787
0.4920638651
0.4857438794
0.4818858338
0.4804387439
0.4802868419
0.4832690816
0.4856120498
0.490931383
0.4952742382
0.503288799
0.5104928075
0.5224955841
0.5345691299
0.5531862221
0.5740595637
0.6047294847
0.6429722834
0.6992935963
0.7782834049
0.9027819402
1.110844371
1.515873164
2960.332749
782.0512498
149.6195617
57.64711499
32.53181087
20.65651525
11.50384328
6.667458815
4.00319108
2.501133979
1.643522899
1.15640156
0.8866992694
0.7419673659
0.6589934139
0.6003236693
0.5641156974
0.5414263447
0.5276224562
0.5194899496
0.5148542804
0.5122479151
0.509522281
0.5059070272
0.5021606179
0.4974364082
0.4920984847
0.4856873062
0.4818162281
0.4803739583
0.4802227064
0.4832016091
0.4855081143
0.4908397167
0.4951996698
0.5032122494
0.510404774
0.5224082985
0.5344469552
0.5529931684
0.5737531689
0.6044570066
0.6426337245
0.6988604725
0.7777704725
0.9021734416
1.110075743
1.515110843
3004.260877
797.4825462
154.0998211
58.63454536
32.65243726
20.68434154
11.54390181
6.684208076
4.012046588
2.505609098
1.645602079
1.157173735
0.886980019
0.7421043835
0.659080915
0.6002817027
0.5641686916
0.5414214464
0.5276267525
0.5195154844
0.5149054863
0.5123278152
0.509581729
0.5059886208
0.5023725025
0.4975559007
0.4920945361
0.4855858932
0.4816815317
0.4802193189
0.4800569713
0.4830257465
0.4853465722
0.490680918
0.4949813392
0.502997221
0.5101572681
0.5221604987
0.5341567244
0.5527411985
0.5735410661
0.6041442247
0.6422494629
0.6984388548
0.7772356126
0.9014967267
1.109306302
1.514301699
3055.277267
859.1916824
158.1004914
58.96318117
32.82352437
20.8510206
11.57847148
6.703224454
4.022876514
2.51148328
1.649385985
1.16004213
0.8892785037
0.7439821428
0.6605706178
0.6014239333
0.5649490776
0.542026069
0.5281078401
0.5199158845
0.5152644665
0.5126740966
0.5099037607
0.5063370213
0.5026079808
0.4975882526
0.4920692506
0.485479628
0.4815633865
0.4801173218
0.4799669956
0.4829259952
0.4852107005
0.4905335112
0.494878719
0.5028910784
0.5100371777
0.5220380404
0.5340009679
0.5525339822
0.5731828256
0.6038049848
0.641857929
0.6979483632
0.776649278
0.9008184644
1.108452675
1.513462451
3090.808805
911.4435574
168.4710996
60.02160939
32.88181239
20.88091602
11.64221957
6.732439394
4.038697176
2.521000808
1.654667935
1.162334798
0.8902725222
0.744668989
0.6611048059
0.6014106591
0.5649624976
0.5419989525
0.5280892023
0.519925524
0.5153264472
0.5127963671
0.5100093362
0.5064640801
0.5027500777
0.4976671111
0.4920442651
0.4853029752
0.4813563151
0.4798856648
0.4797328287
0.4826754234
0.4849761127
0.4903413068
0.4946009451
0.5026141559
0.5097270318
0.521733242
0.53364185
0.5521954909
0.5729052563
0.6034507771
0.6414098483
0.6974605687
0.7760514738
0.90006326
1.107600418
1.512614418
3107.074514
977.2922543
177.9304795
59.9271076
32.94678507
21.20482418
11.68800208
6.768625397
4.064194009
2.535878792
1.662917868
1.168162357
0.8947959758
0.7480326246
0.663536158
0.60346674
0.5665481155
0.5430758348
0.5288365722
0.5204959698
0.5158429561
0.5133321186
0.5105320079
0.5070052354
0.5031110748
0.4977547445
0.4919944621
0.4851503151
0.4812034524
0.4797474031
0.4796011787
0.482537543
0.4848176342
0.4901315417
0.4944381521
0.5024629022
0.5095576427
0.5215571212
0.5334344788
0.5519643401
0.5724934154
0.6030280415
0.6409429711
0.696890358
0.7753630892
0.899281681
1.10663473
1.511734198
3096.495879
1012.942215
201.0346336
61.59629859
32.86570717
21.29156631
11.83117888
6.841798548
4.102670009
2.558791415
1.678747983
1.176650939
0.8985290748
0.7505214572
0.6657529778
0.6043194518
0.5668518939
0.5430834368
0.5288297234
0.5205425255
0.5159693271
0.513545888
0.5107185897
0.5071785461
0.503180633
0.4977899415
0.4919937585
0.4849282981
0.4809438651
0.4794433278
0.4792769789
0.4821969996
0.4844898538
0.4898734837
0.494109047
0.502086827
0.5091533454
0.5211483347
0.5329622981
0.551488508
0.572090837
0.6025682044
0.640355066
0.696237078
0.7745830973
0.8982950424
1.105546454
1.510914647
3052.805746
1072.225085
218.0092689
61.32033962
33.18681838
22.02594402
12.04202465
6.974880801
4.188694947
2.613278277
1.704353353
1.190079254
0.9087904649
0.7579383742
0.6705032728
0.607697849
0.56955663
0.5450309953
0.5301247266
0.5214344234
0.5167412403
0.5143590265
0.5114961106
0.5079118667
0.50370225
0.4980977751
0.4919551174
0.4847596584
0.4807513186
0.4792647957
0.4791000556
0.4820120646
0.4843060808
0.4895903076
0.4938294712
0.5018768524
0.5089230059
0.5208960615
0.5326786903
0.5511687718
0.5715356009
0.6019275216
0.6396540051
0.6953849015
0.7735351979
0.8971149511
1.104174739
1.510069278
2968.601408
1093.089044
265.092254
64.98037242
33.13094274
21.99795442
12.42839915
7.183516897
4.310827656
2.671133761
1.747450632
1.220058236
0.9221654871
0.7650895775
0.6762264761
0.6113256229
0.5714174859
0.5455103842
0.530255699
0.5216000807
0.5169885287
0.5147062619
0.5117942184
0.5081703623
0.5038425893
0.4981736281
0.4920022011
0.4845457145
0.4804589305
0.4789034899
0.4787094467
0.4815473445
0.4838531741
0.4891935882
0.4934323388
0.5013209767
0.5083384798
0.5202655376
0.5319657936
0.5504066178
0.5708538003
0.6012027796
0.6387320594
0.6943138699
0.7722814825
0.8955297876
1.102527821
1.50906541
2850.736697
1179.818326
291.0899361
65.96320837
33.89303347
23.05139618
13.02309166
7.563739738
4.507438729
2.820237691
1.821602455
1.244735444
0.9413109042
0.7808386751
0.6866075313
0.6170533256
0.5754376953
0.5487019396
0.5325143689
0.5230232519
0.5181283764
0.5158777733
0.5129036692
0.5092112956
0.5046796154
0.4988397945
0.4922074079
0.4844427675
0.4802336941
0.4786446063
0.4784439447
0.4813038761
0.4836110072
0.4888260641
0.4929815685
0.5010213952
0.5080123471
0.5198915463
0.5315576415
0.5499285469
0.5700639441
0.6001779563
0.6375821226
0.6929331354
0.7705488389
0.8936063569
1.100432694
1.507738392
2700.826744
1213.09285
390.7972411
71.85595826
34.21813923
23.12079623
13.69055652
7.880323985
4.797486759
2.926787795
1.884268213
1.316146497
0.9754361353
0.7958855553
0.6969403748
0.6253329422
0.5805254943
0.5506921314
0.5329730203
0.5234096305
0.518566333
0.5164078873
0.5133767503
0.5096416945
0.50500033
0.4990775447
0.4923167325
0.4843768047
0.4799508771
0.478253614
0.4780039126
0.4807020126
0.4829602209
0.4881935194
0.4924659764
0.5001943958
0.5071209296
0.5189118994
0.5304721967
0.5486707093
0.5688588365
0.5989589834
0.636085707
0.6911198111
0.7684748365
0.8910317402
1.097806303
1.505831296
2540.036648
1274.162732
432.8914197
83.71760764
36.04859867
24.43643439
14.86159035
8.722393697
5.067298746
3.190092037
2.068929734
1.3533267
1.001991696
0.8238573191
0.7166158417
0.6354565132
0.5867369692
0.55504398
0.5367806684
0.5257664074
0.5202320092
0.5180749519
0.5149931501
0.5112235346
0.5064109887
0.5003135059
0.493102049
0.48446355
0.4797325167
0.4778987897
0.4776002143
0.480280784
0.4826281592
0.4877185163
0.4917558344
0.4996963474
0.5066335928
0.5182947907
0.5297501478
0.5478962061
0.5677059988
0.5973189626
0.6341336949
0.6888236635
0.7655649915
0.8878299051
1.094331481
1.503085296
2393.88679
1283.533213
552.6577468
104.2839998
32.46372505
23.9846084
15.17226743
8.890089586
5.602567264
3.373531293
2.105579021
1.481470875
1.06945349
0.849205457
0.7331745753
0.6498872297
0.5961328477
0.5606317778
0.5380732852
0.5264683604
0.5209053701
0.5188840371
0.515760651
0.5119579586
0.5070486753
0.5008502944
0.4934386289
0.4845431245
0.4794822115
0.4774487357
0.4770672192
0.4795337787
0.4816774378
0.4866797051
0.4909951061
0.4985777137
0.5051672955
0.5167619822
0.5281125227
0.5458687269
0.565540434
0.5951332821
0.6316208827
0.6856964537
0.7620595395
0.8835534065
1.089704355
1.499152111
2276.565035
1251.823251
681.0597551
187.6283726
45.64800224
26.35880042
16.85490938
10.43523896
5.888311603
3.723162413
2.450989954
1.535255184
1.103603118
0.8966401079
0.7671858718
0.6674077436
0.6068121401
0.5663286611
0.5440297103
0.5302943535
0.5233113672
0.521311577
0.5181272324
0.5144384182
0.5094032819
0.5030232013
0.495123414
0.4850470655
0.4793209079
0.4769992955
0.4764780079
0.4787562472
0.48112896
0.4860420006
0.4899507182
0.4974377144
0.50442681
0.5156996013
0.5267468291
0.5443869407
0.5637374164
0.5925437753
0.6282763479
0.6818115524
0.7571337529
0.8779616591
1.083375512
1.493623952
2166.5311
1147.888694
668.9181071
307.7562401
56.78913756
25.48370854
16.84937227
10.41343775
6.771904466
4.024656448
2.443463056
1.734113391
1.207387726
0.9291847954
0.7892318775
0.6898852083
0.6220004175
0.5772342142
0.547306719
0.5314544531
0.5243333115
0.5225651486
0.5195726907
0.5156552099
0.5105590846
0.5040923205
0.4959114529
0.4854571151
0.47914732
0.4764250805
0.475754531
0.4777944497
0.4798733509
0.4843101767
0.488572099
0.4959972819
0.5022798965
0.5131836329
0.5241666939
0.5412402334
0.5599967046
0.5884863911
0.6238889791
0.676357047
0.7509869471
0.8704591414
1.074684208
1.485882837
2080.242924
1021.488446
621.9793582
410.3583448
148.0061453
33.65717439
19.49648694
12.79734525
7.35371154
4.6966076
3.072321125
1.814218685
1.27524122
1.012448936
0.8456605812
0.7189329468
0.6405748496
0.5871370351
0.5565888168
0.5381439377
0.5279806934
0.5261384923
0.5229555969
0.5194471543
0.5143391446
0.5075931333
0.4991270641
0.4867680181
0.479096565
0.4758624928
0.4749506627
0.4765253099
0.4786636545
0.4833888515
0.4872052905
0.4939147265
0.5004970618
0.5112859309
0.5217440514
0.5383179309
0.5567761704
0.5843374005
0.6182247901
0.6696605438
0.7424510111
0.8601279284
1.062604608
1.475047357
1980.050838
903.9346549
559.6898466
399.6377868
260.7307493
88.381649
22.4926263
12.47359568
8.784729294
5.014565553
3.046060497
2.240955209
1.448684129
1.061473533
0.8819561785
0.7582031404
0.6663662473
0.6055633584
0.5638996726
0.5401621086
0.5297128832
0.5280590628
0.5254623597
0.521563264
0.5164803368
0.5099923896
0.5009873556
0.4876107299
0.4790072108
0.4750710908
0.4738786423
0.4750880329
0.4771107667
0.4807370598
0.4846152477
0.49157259
0.4975661757
0.5073713969
0.517441223
0.5333462178
0.5506834683
0.5769745513
0.6102912491
0.6599346504
0.7310710804
0.8461788255
1.045934318
1.45961986
1859.768483
804.8744532
494.682125
367.5718441
278.4577574
183.5826658
54.29498938
16.11761641
9.687427599
6.877566884
4.150392329
2.234644985
1.600390202
1.207580547
0.9639893866
0.7985068351
0.697267428
0.6241993726
0.5798181933
0.5514423803
0.5361097123
0.5333757097
0.5303269124
0.5272096935
0.5223212631
0.5154930518
0.5063034574
0.4906024239
0.4794155733
0.474351995
0.4727172174
0.4732336108
0.4748399636
0.4790990349
0.4827094834
0.4884089557
0.4939831711
0.50367538
0.5131950916
0.5279365159
0.5444480358
0.5698173291
0.6006755288
0.6480606205
0.7157897373
0.8266436576
1.022194629
1.43729124
1722.808525
716.7410414
434.4807666
324.7170393
263.0082502
207.0398268
136.7373714
47.33858895
14.70442833
7.790150527
4.652262445
3.275482782
1.858958503
1.312665599
1.049848376
0.8729705679
0.7361693245
0.6510336535
0.5921904648
0.5561856767
0.5396860426
0.536491364
0.5345115973
0.5309373556
0.5262764172
0.5200444523
0.510480315
0.4925706524
0.4795770383
0.4734406787
0.4711854444
0.4709533097
0.4727515851
0.475533962
0.4783356229
0.484130176
0.4894876809
0.4977880192
0.5060589226
0.5196559811
0.5347136471
0.5571777591
0.5862409818
0.6303324408
0.6940907173
0.7996487135
0.9891585726
1.404294952
1578.284293
638.9063359
383.3632794
284.8706543
235.8526206
200.4746244
163.213992
110.3762901
38.228517
12.74503518
6.705770193
3.493802619
2.401599952
1.551340522
1.153606754
0.9325735757
0.7992692272
0.689804948
0.6199752164
0.5754737835
0.5502449873
0.5439004103
0.5408717124
0.5386081292
0.5343391403
0.5280344401
0.5188687432
0.4979620564
0.4810938198
0.4728049161
0.4696248586
0.4687471506
0.4694866029
0.4724343452
0.4754147531
0.4799986985
0.4840585016
0.4915968982
0.4992250463
0.5112441867
0.5242392192
0.5453532734
0.5711147075
0.6110211254
0.6690069382
0.766353165
0.9455575071
1.357823057
1444.419839
577.3159542
344.543761
254.4266142
211.0031664
185.3884121
162.072769
133.664918
87.60889623
35.66180146
12.06222877
5.817675257
2.937449386
1.884147837
1.322257773
1.025369812
0.8348228895
0.7211984511
0.6391829517
0.5856969098
0.557448591
0.5484577822
0.5457416305
0.5426936736
0.5389412206
0.5334910363
0.5247842828
0.501786959
0.4821234974
0.4724386841
0.4681472366
0.4665793779
0.4673073165
0.4692126249
0.4710103766
0.4751298185
0.4790132555
0.4854812863
0.4915905745
0.5019614435
0.5136271364
0.5314436946
0.5542470941
0.5899208132
0.6421899398
0.7313823159
0.8999958315
1.306476924
1328.747249
528.347646
315.084052
232.4961949
192.9884979
171.8986274
155.4918275
137.4559258
112.3867174
64.10877598
25.74484668
9.485619081
4.429994338
2.322568201
1.549446261
1.148173594
0.9224572041
0.7654590174
0.6693044165
0.607092512
0.5689448334
0.5550274611
0.5509386438
0.5489447648
0.545324215
0.5399308007
0.5320692453
0.5068344817
0.4843620472
0.4724854096
0.4671561107
0.4651096337
0.4648897166
0.4666477007
0.4685524066
0.4719925757
0.4748136936
0.4804282914
0.4859019481
0.4951964101
0.5049648102
0.5214327785
0.5417012162
0.573734495
0.6208514745
0.702184883
0.8586363415
1.252396969
1233.443931
485.4530122
290.3584448
215.0871137
178.7419933
159.1066281
147.8039847
135.1123295
120.2387425
93.77891512
45.74606387
17.98369951
6.730110927
3.305268211
1.765022481
1.255256093
0.9735682886
0.8075459728
0.6920206133
0.6188445236
0.5766356447
0.5600289006
0.5547893815
0.5519574538
0.5488722825
0.5440924612
0.5366253744
0.5105130145
0.4856894749
0.4726243677
0.4663893749
0.4636937407
0.4634279199
0.4645442929
0.4656046694
0.4686012806
0.4712467601
0.4762139359
0.4806558683
0.4886902064
0.497547895
0.5117617892
0.5297354022
0.5585979021
0.6012682914
0.6757031433
0.8214815654
1.207042218
1156.653874
447.4918054
268.3514714
200.0015234
166.40551
147.923121
138.3395864
131.1737887
120.5033342
105.9826325
73.57216216
31.09550018
12.035146
4.753051197
2.402414181
1.432726122
1.070398237
0.8558644522
0.7259099143
0.6400508579
0.5875122703
0.5655949716
0.558902745
0.556541144
0.5533968072
0.548719512
0.5408130317
0.5147095842
0.487743821
0.4730015041
0.4659231835
0.4627717892
0.4618366579
0.4627990516
0.4639006741
0.4664821783
0.4684055345
0.4727446737
0.476709117
0.4840548783
0.491570876
0.5047930768
0.5210537577
0.5473686074
0.5863339305
0.6548149857
0.7901548906
1.143687877
1100.981441
410.239589
246.6064292
185.5128872
155.0249743
138.4765681
129.7680694
125.1248165
118.734545
109.6982094
91.71912131
52.5111446
20.08626093
7.971745704
3.086431897
1.694711855
1.151225011
0.9031163568
0.749588314
0.6543648894
0.5965468225
0.5705076482
0.5619005418
0.5587262074
0.5560018978
0.5518087664
0.5435851614
0.5172312981
0.4889895871
0.4732834697
0.4655390257
0.4619038118
0.4608877962
0.4614227738
0.4619479691
0.4642068085
0.4659928351
0.4699131948
0.4731887684
0.4796549931
0.4865558928
0.4982666499
0.5129247197
0.5370378831
0.5728645144
0.6362437145
0.762297441
1.104456268
1066.998399
370.8781024
222.152135
168.3871204
142.4296003
128.7300441
121.6612758
118.3574199
115.4295791
109.1933529
99.03454659
72.21306153
33.54067471
12.00547584
4.718816433
2.053059814
1.276759466
0.9547673028
0.7820147276
0.6729442679
0.6061566114
0.5754686892
0.5651639438
0.5619696459
0.5590824355
0.5550438888
0.5462896029
0.5200306573
0.4905800267
0.4736912941
0.4653193739
0.4613453402
0.4598637924
0.4602787675
0.4608188534
0.4628052808
0.4641066315
0.4675972486
0.4705410875
0.4765579422
0.4825486946
0.4935821799
0.5071011581
0.5295004221
0.5628001415
0.6219699611
0.7396652023
1.040986077
1048.309659
330.5410177
193.8226904
147.138875
126.5059378
116.5522586
112.1860434
110.988933
110.1958051
107.570115
101.2096204
85.50816848
48.46999573
18.77907791
6.640287252
2.782450625
1.45170473
1.017308451
0.8087222529
0.6883062517
0.6149811174
0.5798425383
0.5674946572
0.5635380167
0.5609114807
0.5571426404
0.5480799967
0.521785475
0.4916119345
0.4740062046
0.4651340273
0.460813644
0.4592609491
0.4593801506
0.4595345498
0.4613023972
0.4625058999
0.4657191881
0.4682030597
0.4736246804
0.4792041637
0.4892277212
0.5016642561
0.5225783774
0.5537469641
0.609363814
0.7200882116
1.01358178
1038.332923
306.7149372
171.8334718
128.4744927
110.7718242
103.4441287
101.5356556
102.5266468
104.2854008
104.0961507
100.7494532
91.21791981
62.53004629
27.40273128
9.648510819
3.398881362
1.65251232
1.084042168
0.8409625774
0.7048269796
0.6234907888
0.5841242687
0.5700268007
0.5658008069
0.5629836695
0.5590062716
0.5498321955
0.5237148166
0.4928019625
0.474367577
0.4650405468
0.4604725835
0.4585975214
0.4586383311
0.4587997052
0.4603748192
0.4612581932
0.4641838637
0.4664440431
0.4715693481
0.4765390057
0.4861118725
0.4977941707
0.5175697808
0.547050737
0.5998080603
0.7046258598
0.9704907682
1031.496564
293.0831393
157.3008879
114.7952834
97.97111317
91.64367865
91.03501871
93.42562867
97.690571
99.90021129
99.14768585
92.96331705
73.52135385
36.18848772
13.10889192
4.570890385
1.922762725
1.161400373
0.8689919246
0.7193742371
0.6312470633
0.5878063232
0.5718234178
0.5669200072
0.5642633595
0.5602310022
0.5509567341
0.5249349311
0.4935936455
0.4746504333
0.464956818
0.460144615
0.4582108722
0.4580498454
0.4579537564
0.4593807919
0.4601993189
0.4629382724
0.4648915532
0.4696180875
0.4743139901
0.4832115897
0.4941704615
0.5129539239
0.5410087196
0.5913628637
0.6913383002
0.9489267658
1027.099363
285.6043887
148.4269545
105.4442138
88.46635927
82.16776554
81.82749028
84.83493641
90.74687867
95.46466357
96.41775966
92.98252514
80.19861804
45.05428856
17.17675443
5.748950092
2.264826823
1.252199104
0.9006783368
0.7335646931
0.6383991092
0.5913014045
0.5737427184
0.5684900669
0.5656653127
0.5613267908
0.5520836182
0.5262430172
0.4944478505
0.4749370595
0.4649223787
0.4599332379
0.4577785409
0.4575655909
0.4574760783
0.458763538
0.4593745499
0.461916919
0.4637232337
0.4682532312
0.4725415137
0.4811414346
0.4916005001
0.5096292774
0.5365638015
0.585006555
0.6810084554
0.930145332
1024.203242
281.4522702
142.5684542
98.965789
81.61768888
75.00016482
74.40145496
77.44206556
84.10270107
90.82269688
93.68678432
92.01242103
83.2040679
52.83829787
21.45247648
7.304602587
2.652801939
1.344854182
0.9281612111
0.745989976
0.644681719
0.5942362696
0.5750957319
0.5692806456
0.5665553672
0.5620149108
0.5527972333
0.5270759009
0.4950249739
0.4751605362
0.4648858618
0.4597271008
0.4575282417
0.4571769685
0.4569158632
0.4581039078
0.4586720729
0.4610886804
0.462689857
0.466953357
0.4710596564
0.479207445
0.4891840776
0.5065513681
0.5325352347
0.5793695591
0.6721173581
0.913995227
1023.221911
278.8351265
138.2252112
94.14998127
76.52916453
69.58976895
68.59866888
71.39749518
78.19719823
86.30973189
91.12880572
90.95258783
84.31173098
59.63152909
25.20580773
8.700240461
3.067889807
1.443594915
0.9570161504
0.7573954898
0.6502665866
0.5969255426
0.5765138289
0.570364338
0.5673667728
0.5626725761
0.5535295987
0.527960104
0.4956243162
0.4753736625
0.4648761762
0.459593271
0.457244167
0.4568584235
0.4566008666
0.4576938608
0.4581239315
0.460408386
0.4619126368
0.4660446292
0.4698785691
0.4778297857
0.4874744098
0.504340638
0.5295808114
0.5751429355
0.6652332206
0.9002418874
1023.806974
277.1962251
134.7493004
90.36663768
72.59207066
65.42594844
64.09572806
66.60981769
73.16854304
82.11731337
88.5613379
89.59357834
84.48124785
64.65279481
28.94214501
10.10840859
3.462528048
1.533769958
0.9820779731
0.7674893761
0.6550715402
0.5991395821
0.5775019636
0.5709211481
0.5679064293
0.5630910596
0.5539886392
0.5285280609
0.4960331307
0.4755399123
0.4648611005
0.4594615234
0.457080481
0.4566004051
0.4562280411
0.4572550087
0.4576576306
0.4598554997
0.4612235495
0.4651768766
0.4688900823
0.4765381954
0.485860891
0.5022858208
0.5268922986
0.5713808144
0.6592931473
0.8889861975
1025.339654
276.3451547
131.9009347
87.30819614
69.46350542
62.15241033
60.56571778
62.82356382
69.04913925
78.40376146
86.1144267
88.36747066
84.37476294
68.38862815
31.96461499
11.39694875
3.807562921
1.624891798
1.00740071
0.7764860519
0.6592742781
0.6011299007
0.5785255872
0.5716668066
0.5684213586
0.5635071617
0.5544682216
0.5291248995
0.4964472502
0.4756930215
0.4648642114
0.4593755785
0.4568926786
0.4563896793
0.4560191924
0.4569819042
0.457292285
0.4594014146
0.4607056578
0.4645702621
0.4681013906
0.4756194741
0.4847210518
0.5008124762
0.5249242406
0.5685657105
0.6547051546
0.8799156542
1028.129749
276.1837711
129.7518588
84.91583252
67.0101798
59.61168655
57.79995438
59.8303851
65.72357394
75.21291856
83.87726796
87.23461895
84.13199892
71.06699549
34.85751597
12.59412238
4.145219215
1.709059654
1.029653344
0.7845199241
0.6628669364
0.6027562894
0.5792390753
0.5720618039
0.5687793778
0.5637782873
0.5547748386
0.5295224663
0.4967419654
0.4758172666
0.4648521457
0.4592854564
0.4567782932
0.456206633
0.4557532454
0.4566681507
0.4569585182
0.4590029801
0.460208586
0.463942582
0.4673860901
0.474682619
0.4835496021
0.499319652
0.5229703422
0.5658305868
0.650384826
0.8711587118
1032.68113
276.3942068
128.6169227
83.10247606
65.01996526
57.52969762
55.57493089
57.43570274
63.04834206
72.5216634
81.90990064
86.21387411
84.04445597
72.70463257
37.38114337
13.66507267
4.476705417
1.789929718
1.050882352
0.7915108347
0.6660021156
0.6042234629
0.5799859811
0.5725940395
0.5691341533
0.5640647858
0.5551110337
0.5299424507
0.4970366871
0.4759245056
0.4648533939
0.4592142437
0.4566254002
0.4560342215
0.4555803936
0.456440176
0.4566500323
0.4586170581
0.4597665779
0.4634203507
0.4667041693
0.4738864992
0.482558889
0.4980360138
0.5212523003
0.5633688576
0.6463649253
0.8625465605
1038.461281
275.6191156
126.8949883
81.15466433
63.10782827
55.65023822
53.67624257
55.46087843
60.88401
70.27606679
80.20092469
85.30821446
83.8668643
73.74932197
39.6066208
14.61760603
4.769770962
1.86027967
1.06859251
0.7975872677
0.6686553141
0.605421103
0.5805122253
0.5728872019
0.569391222
0.5642576162
0.5553322435
0.5302325668
0.4972560872
0.4760168311
0.46483502
0.459133544
0.456523395
0.4558687073
0.4553363145
0.4561496588
0.4563376839
0.4582399214
0.4592929304
0.4628168762
0.4660139471
0.4729772479
0.4814175175
0.4965771697
0.5193383219
0.5606844149
0.6421174121
0.8540745503
1044.46831
272.545512
124.1238371
78.86416532
61.15508302
53.86894469
51.98465706
53.78678161
59.11896612
68.41615584
78.7368129
84.51411428
83.6215104
74.38660777
41.53612377
15.44179457
5.028868802
1.924249115
1.084656729
0.8027555806
0.6709521256
0.6065010139
0.5810653059
0.5732809237
0.5696497407
0.5644687605
0.555584789
0.5305503393
0.4974829658
0.4760979478
0.4648326414
0.4590680321
0.4563840894
0.455710202
0.4551752332
0.4559348888
0.4560435927
0.4578691139
0.4588666579
0.4623079951
0.4653469231
0.4721965239
0.4804430868
0.4953116587
0.5176413991
0.5582493696
0.638135215
0.8457388868
1048.56021
267.7925311
120.8217707
76.5312223
59.33930917
52.29812946
50.5230872
52.37895346
57.68103655
66.88914114
77.49819332
83.82400423
83.36790639
74.79630779
43.16013729
16.15485118
5.254336979
1.978663648
1.097934259
0.8071726186
0.6728814279
0.6073789329
0.5814568638
0.5735027893
0.5698409869
0.5646116824
0.5557507702
0.5307710376
0.4976537718
0.4761728151
0.4648124822
0.4589936801
0.4562900863
0.4555556556
0.4549445134
0.4556583587
0.4557440833
0.4575039955
0.458406364
0.4617170959
0.4646695739
0.4713006593
0.4793156238
0.4938678419
0.5157444812
0.5555862351
0.6339184649
0.837535079
1049.58072
264.5806551
118.4190806
74.79241646
58.06428276
51.172951
49.40229547
51.25791632
56.52158138
65.64749482
76.45918016
83.2344825
83.11696467
75.06952769
44.51451641
16.75917156
5.452285843
2.027536015
1.110284244
0.8109929129
0.6745547257
0.6081732355
0.5818708655
0.5738024973
0.5700370791
0.5647740612
0.5559486717
0.5310224183
0.4978367649
0.4762359782
0.4648074394
0.4589323793
0.4561600566
0.455406625
0.4547914711
0.4554525183
0.4554598104
0.4571433879
0.4579915316
0.4612170437
0.4640134202
0.4705312485
0.4783534655
0.4926165515
0.5140650463
0.5531748963
0.6299730246
0.829460113
1047.265665
262.3265642
117.1458348
74.01087946
57.49032477
50.67570371
48.7301092
50.45099707
55.60494878
64.6463595
75.59300858
82.72872988
82.89297278
75.25289771
45.63761572
17.27418562
5.623119405
2.070078473
1.120649662
0.8142790828
0.6759738558
0.6088217603
0.5821669195
0.5739746367
0.570185232
0.5648848535
0.5560791119
0.5311986161
0.4979766467
0.4762973885
0.4647867697
0.4588627074
0.4560716573
0.455259538
0.4545697589
0.4551855034
0.4551692991
0.4567863221
0.4575406865
0.4606346025
0.4633447051
0.4696447305
0.4772362686
0.4911843272
0.5121821543
0.5505308927
0.6257872066
0.8215095761
1042.725368
261.1151318
117.033254
74.57690801
58.03561169
50.84150634
48.56322679
49.96412043
54.9057732
63.83257193
74.87665885
82.2937025
82.70376983
75.37763434
46.56558591
17.70818009
5.771739054
2.107068874
1.13017726
0.8171594448
0.6772162356
0.6094153302
0.5824829171
0.5742110541
0.5703407193
0.565015577
0.5562416026
0.5314081343
0.4981336772
0.476351104
0.4647807228
0.4588046868
0.4559480905
0.4551171031
0.4544223173
0.4549857576
0.4548919187
0.4564327141
0.4571313518
0.4601430707
0.4626969088
0.4688842187
0.4762839143
0.4899449086
0.5105181812
0.548142005
0.6218795556
0.8136808638
1037.570887
263.4935183
120.643735
77.66917822
59.92339721
51.72683979
48.83735645
49.78014211
54.4083959
63.14970138
74.28432883
81.92414773
82.5429675
75.46483576
47.33140633
18.07810607
5.897382698
2.141829807
1.138073272
0.8196527871
0.6782883229
0.6099062138
0.5827120042
0.5743486208
0.5704604469
0.5651055394
0.5563487659
0.5315552267
0.4982516603
0.4764016996
0.4647605499
0.4587386896
0.4558637636
0.4549751733
0.4542067278
0.4547250484
0.4546081743
0.4560810934
0.4566847626
0.4595687754
0.4620344118
0.468004412
0.4751746491
0.4885220992
0.5086474652
0.5455160127
0.6177255004
0.8059694631
1033.853648
272.6464803
128.6009048
82.90527038
62.96155762
53.32086247
49.5366475
49.85116243
54.10318205
62.57224723
73.77023702
81.61658733
82.40696584
75.5272965
47.96418974
18.3873058
6.005218807
2.168371238
1.145164568
0.8218293233
0.6792366994
0.6103629002
0.5829593703
0.5745415059
0.5705890691
0.5652155837
0.5564888216
0.5317408495
0.4983961332
0.4764554254
0.4647547486
0.4586834104
0.4557448408
0.4548374709
0.4540632932
0.4545295512
0.454335572
0.45573259
0.4562809835
0.4590823864
0.4613926155
0.4672510889
0.4742305351
0.4872930765
0.5069977232
0.5431489354
0.6138567073
0.798373394
1032.761351
292.2018567
141.7959596
90.49878047
67.05652214
55.45909822
50.57880457
50.13192501
53.99208543
62.10251411
73.28788476
81.35342569
82.29592293
75.57292928
48.48751487
18.65206314
6.094093122
2.199754813
1.150968279
0.8237377716
0.6800704011
0.6107489683
0.5831420218
0.5746548329
0.5706895829
0.56529196
0.5565800284
0.5318671992
0.4984990662
0.476499754
0.4647358557
0.4586204742
0.4556636043
0.4546991851
0.4538519077
0.4542732211
0.4540563371
0.4553852787
0.4558391512
0.4585127027
0.4607356497
0.4663766884
0.4731277452
0.4858783466
0.505138138
0.5405405781
0.6097357945
0.7908883774
1034.892017
324.8444554
161.8284906
100.4853735
72.04425523
58.0063198
51.81175994
50.61766753
54.05495061
61.73900031
72.83824213
81.09629607
82.20065547
75.60699873
48.92190489
18.87012401
6.171047799
2.218301882
1.156094111
0.8253705465
0.6808085831
0.6111135539
0.5833420822
0.5748169823
0.5707998522
0.5653883816
0.5567074738
0.5320414425
0.4986391429
0.4765544067
0.4647311409
0.4585675824
0.45554812
0.454564994
0.4537114243
0.4540807758
0.4537871768
0.4550405988
0.4554401523
0.4580300065
0.4600978107
0.4656291223
0.4721909836
0.484658989
0.5035022273
0.5381956953
0.6059084807
0.78351276
1040.253158
378.5614653
189.9459187
112.7232734
77.70276848
60.83244929
53.15576376
51.23866185
54.25336828
61.47506168
72.4494918
80.83016039
82.09805148
75.62981836
49.28346615
19.06164735
6.233423843
2.246108949
1.161642768
0.8269508954
0.6815122406
0.6114334052
0.5834937869
0.574913173
0.5708869904
0.5654558071
0.5567867263
0.5321534173
0.4987326279
0.476595483
0.4647140815
0.4585073243
0.4554693383
0.4544293464
0.4535029487
0.4538275464
0.4535113767
0.4546965379
0.4550020218
0.4574637342
0.4594464943
0.4647589419
0.471093785
0.4832515796
0.5016533027
0.5356051839
0.6018226942
0.7762421724
1049.037378
465.506952
227.338803
126.9064303
83.77946385
63.80685481
54.61315389
51.94302354
54.59534446
61.30404389
72.131318
80.5989999
81.98367931
75.6391715
49.58754244
19.21018509
6.288658859
2.259815227
1.16524824
0.8281939603
0.6820906961
0.6117314666
0.5836615233
0.5750534868
0.5709836364
0.5655424287
0.5569054937
0.5323205927
0.4988706625
0.4766519567
0.4647111071
0.4584571194
0.4553576494
0.4542992194
0.4533661413
0.4536393318
0.4532475503
0.4543584108
0.454611514
0.4569889253
0.4588192201
0.4640241195
0.4701736079
0.4820541978
0.5000481367
0.5333074186
0.5980789734
0.7692356807
1061.457713
605.6492508
274.6665346
142.5793916
90.01869153
66.80295139
56.1038007
52.68603827
55.03833111
61.21675122
71.88368578
80.43321831
81.88695332
75.63978426
49.84223069
19.36217628
6.342724404
2.281990197
1.171240317
0.8299147953
0.6828137364
0.6120271349
0.5837914609
0.5751358196
0.5710595003
0.5656019801
0.5569757052
0.5324207554
0.4989555748
0.4766895173
0.4646950289
0.458399677
0.455282094
0.454168079
0.4531638365
0.453393562
0.4529800358
0.454024217
0.454185553
0.4564376425
0.4581858773
0.4631762902
0.4691063556
0.4806865832
0.4982545685
0.5308016901
0.5941458629
0.7623461961
1077.592488
829.7456143
330.456535
159.1412551
96.18638418
69.71286526
57.54628932
53.43177088
55.54880756
61.2258581
71.70869424
80.34344684
81.83833731
75.65338056
50.05802815
19.42653934
6.378042124
2.292381381
1.174383011
0.8310630377
0.6833675763
0.6123345281
0.5839628507
0.5752615586
0.5711450101
0.5656798127
0.5570835482
0.532581482
0.4990929065
0.4767504215
0.4646916333
0.458350285
0.4551728174
0.4540409998
0.4530299484
0.4532090309
0.452720648
0.4536923466
0.4538026975
0.455971023
0.4575719725
0.462456812
0.4682061293
0.4795174758
0.496691869
0.5285749638
0.5905451316
0.7555723887
1096.871079
1178.749442
391.1974294
175.8762106
102.0825954
72.45301711
58.94998039
54.29046344
56.26065531
61.27784283
71.56175259
80.31575582
81.8390697
75.71397195
50.09689483
19.23628635
6.326980535
2.28834531
1.172687999
0.8308523962
0.6834175536
0.6124201004
0.5840255971
0.5753329667
0.571214926
0.5657344983
0.55714683
0.5326574229
0.4991524101
0.4767680077
0.4646709454
0.4582932981
0.455098123
0.4539108616
0.4528287479
0.4529648338
0.452454992
0.4533604245
0.4533791504
0.4554227809
0.4569425321
0.4616116782
0.467146866
0.4781625186
0.4949196584
0.5261098016
0.5867045627
0.7489097128
6900.578224
1667.22086
467.0795391
200.5288511
111.2821485
76.76203643
61.32404666
55.34174993
56.62717782
61.27863355
70.61941465
79.75979707
81.78564529
76.15734387
52.19877014
20.3588006
6.641409765
2.356913634
1.187396339
0.8346699988
0.6847853834
0.6129894848
0.5842482961
0.5754394121
0.5712841735
0.5658007865
0.557242283
0.5328109736
0.499288652
0.4768333042
0.4646793614
0.4582447151
0.4549907039
0.4537859668
0.4526967378
0.4527824062
0.4521977126
0.4530316646
0.4530002495
0.4549595638
0.4563357073
0.4609003302
0.4662569141
0.4770088982
0.493381943
0.523928388
0.5832030198
0.7423559482
21126.34658
2557.784688
545.6780345
209.5940479
114.495756
78.71667603
62.64602614
56.16554666
56.79757628
61.31517796
70.16533741
79.34021812
81.74413773
76.4278352
53.98044221
21.36267955
7.012038239
2.442920298
1.209165065
0.8411992176
0.6872891901
0.6140085795
0.5846287579
0.5756222457
0.5714195631
0.5659328138
0.5574447233
0.5331134526
0.4995342525
0.4769475831
0.4646888296
0.4582079632
0.4549249463
0.4536609307
0.4524994401
0.4525411152
0.4519360326
0.4527022183
0.4525804263
0.4544139428
0.4557148162
0.4600552316
0.4652041464
0.4756642248
0.4916277393
0.5214987523
0.5794464851
0.7359077481
21120.27021
2589.355534
534.4744495
205.0742889
113.8183735
78.85498241
63.12828082
56.60379605
56.88154133
61.36431255
70.01625952
79.08323968
81.73356711
76.67486829
55.66555941
22.33173412
7.310712246
2.529094776
1.226613005
0.8453897847
0.6888079206
0.6146310564
0.5848616362
0.5757226137
0.5714838184
0.5659947482
0.5575333282
0.5332600173
0.4996658375
0.4770115373
0.4647006838
0.4581601244
0.4548188883
0.4535377343
0.4523688219
0.4523602371
0.4516801978
0.4523755267
0.4522051538
0.453953715
0.4551095575
0.4593506554
0.4643238824
0.474525495
0.4901142203
0.5193612694
0.5760406651
0.7295643736
21127.57392
2247.69497
471.5111094
192.7953416
111.2772413
78.22751357
63.00115374
56.65095616
56.89757942
61.41413414
70.03636965
79.07231298
81.8032009
76.97420858
57.22069702
23.60751536
7.849467577
2.673059134
1.262356218
0.855151228
0.6923482581
0.6160185597
0.5853485552
0.5759171357
0.5716150411
0.5661268724
0.5577398796
0.5335807334
0.4999326316
0.4771405524
0.464716883
0.4581238924
0.4547535858
0.4534128159
0.4521714956
0.4521197785
0.4514191175
0.4520471379
0.4517863956
0.4534105052
0.4545012696
0.4585070066
0.4632780684
0.4731922752
0.4883797369
0.5169692499
0.572369122
0.7233215007
4788.054357
1010.855551
345.4097765
170.9309031
105.8705184
76.53896897
62.41012839
56.42878399
56.65523733
61.44476229
70.166431
79.21395716
81.97260791
77.06825413
57.23922618
23.61331787
7.853024629
2.673056927
1.262878945
0.8554133807
0.6925338812
0.6161616513
0.5854484039
0.5760124493
0.5716847561
0.5661825092
0.5578105686
0.53368336
0.5000189183
0.4771754105
0.4647098388
0.4580755405
0.4546467358
0.4532893635
1154.301232
404.4083889
203.3218766
133.0663137
94.62295215
72.65598717
60.95814411
55.88561313
56.40692509
61.36933251
70.26211845
79.21332352
81.96680849
77.04494053
57.21062824
23.61136913
7.854083741
2.673949402
1.263330198
0.8557243677
0.6927431414
0.6162945487
0.5855457219
0.5760942464
0.5717479175
0.5662363249
0.5578747819
0.533776098
0.5001022741
0.477211274
0.4646984136
0.4580170707
379.9922772
198.6154956
134.3944872
104.5520289
83.30704001
68.11942337
59.12108977
55.22234119
56.13468587
61.25416339
70.23969338
79.16465098
81.92679508
77.00121764
57.17752129
23.60325536
7.855813352
2.674623732
1.263756085
0.8560390451
0.6929567092
0.6164600534
0.585663874
0.5761846067
0.5718140412
0.5662891507
0.5579437461
0.533878572
0.500188373
0.4772455045
0.4646816775
196.0138531
128.4881666
100.3908068
84.61736139
72.82793998
63.15915231
56.90409519
54.35877315
55.76288982
61.10661699
70.17616725
79.07103168
81.85623727
76.93505191
57.13612776
23.58717437
7.855011592
2.673509741
1.264062389
0.8563253502
0.6931622346
0.6165951846
0.5857731689
0.5762827424
0.5718869009
0.5663477262
0.5580087344
0.5339704858
0.5002706217
0.4772802216
0.464669096
152.7476009
106.5493409
84.70881479
72.09098633
64.13464387
58.19875287
54.39990763
53.26863784
55.26934924
60.91153916
70.07281971
78.92471244
81.7419646
76.83206285
57.06478551
23.56381231
7.851781473
2.674221093
1.264301089
0.8566041123
0.6933768476
0.6167797197
0.5859138716
0.5764002827
0.5719684358
0.56640796
0.5580809901
0.5340743551
0.5003564911
0.4773132646
160.0210826
106.1712757
79.80434851
65.84976956
58.23439605
53.90045874
51.83843189
51.96058915
54.65554138
60.66305583
69.93164252
78.71755739
81.57140077
76.67797252
56.95280911
23.53261996
7.845360745
2.673261782
1.264599754
0.8568325323
0.6935846039
0.6169274132
0.5860482473
0.5765260826
0.5720574015
0.5664745607
0.5581485996
0.5341673405
0.5004389262
193.2552152
120.5068795
84.16938863
65.37541331
55.47885812
51.03227359
49.62788328
50.53106487
53.98062712
60.36235071
69.75225199
78.43636049
81.33114356
76.46144258
56.79964228
23.47592343
7.836528525
2.67333376
1.26491465
0.8570700403
0.6938187334
0.6171601515
0.5862358959
0.5766818497
0.5721601253
0.5665446954
0.5582261792
0.5342756162
0.5005263417
243.5429639
153.2109594
99.81682526
70.88758897
56.67363095
50.30873802
48.30196188
49.34120442
53.28093871
60.02963021
69.53115353
78.05561409
80.9935376
76.15846852
56.57719761
23.39803116
7.824484934
2.672907663
1.265241645
0.8572895513
0.6940536837
0.6173437904
0.5864229551
0.5768599305
0.5722797523
0.5666269752
0.5583000351
0.5343728095
316.8136938
206.9958603
133.9087825
87.4020077
62.93318376
52.20637047
48.51300456
48.78784563
52.73435934
59.73052404
69.26020539
77.53883438
80.51427047
75.7377533
56.29287404
23.27902658
7.802216677
2.672081521
1.265610207
0.8575281841
0.6943572829
0.6176841147
0.5867068272
0.5770957136
0.5724269022
0.5667183028
0.5583898748
0.5344916997
382.502841
277.1922379
186.2225385
120.4346035
79.54192616
58.80202949
50.83569548
49.37502932
52.63717728
59.60284423
68.92025549
76.8341143
79.83759616
75.14299583
55.88263593
23.13800211
7.778205861
2.670811634
1.26601759
0.8577407753
0.6946869663
0.6179475262
0.587001168
0.5773784517
0.5726063695
0.5668309039
0.5584762019
362.0826798
329.4049734
254.5258156
175.5168887
112.8171928
74.77858909
57.29528443
51.89025058
53.22744944
59.67591069
68.4184851
75.92741472
78.89513641
74.34640238
55.3947594
22.92905803
7.736303252
2.669079611
1.266467987
0.8580292593
0.6951602802
0.6185114333
0.5874779668
0.5777654116
0.5728347149
0.5669594624
0.5585873415
279.5018083
296.5797783
276.9335061
228.1515353
165.6743656
108.1334921
71.46793016
57.31046773
55.19406177
59.73344416
67.58969965
74.71654435
77.59726978
73.24858461
54.71689085
22.72102537
7.703638305
2.66682078
1.267653768
0.8583376262
0.6956968056
0.6189549213
0.5879869366
0.5782362485
0.5731192137
0.5671217287
184.1605976
210.1085223
231.3705778
222.9664965
194.3789978
149.8560404
102.3911104
69.63711052
58.63918824
59.81588033
66.34917188
73.09036447
75.82575624
71.95380857
54.06521174
22.43875794
7.645109271
2.665873723
1.268506366
0.8590431538
0.6965223851
0.6199762568
0.5888401056
0.5788819121
0.5734866604
128.5413748
142.767847
162.4748974
179.4687573
178.1379738
161.4572866
129.2143062
91.92198971
66.60469281
60.45093569
64.29971287
70.3661713
73.45429514
69.8932713
53.26157906
22.32403344
7.6420333
2.669497376
1.271961061
0.8598860729
0.6975500727
0.6207707331
0.5897613521
99.50652787
106.1453122
116.7047479
130.1961215
140.0637847
140.3557546
128.9745042
104.7293769
77.98326378
62.77548129
61.40977241
66.04613246
69.88118212
68.15967145
53.15798354
22.44883382
7.722619188
2.681162266
1.274526011
0.8625661372
391.4524724
486.2690361
522.8887265
513.5965995
453.2600471
377.9966674
347.1533434
339.5438739
432.7142907
851.628611
3246.233728
0.521690645
0.5345473043
0.5527388791
0.5745954788
0.6049963557
0.6445200533
0.7009597882
0.7815338817
0.9067811409
1.116584805
1.521548923
0.4799259289
0.4789407528
0.4792224738
0.4821376178
0.4847342193
0.4898386726
0.4946007075
0.5022660299
0.5100763813
0.5216576626
0.5345045189
0.5526785227
0.5744883946
0.6049359612
0.6444313493
0.7007992344
0.7813772211
0.906574238
1.116331378
1.52134149
0.4972239595
0.4930760811
0.4877445911
0.4827822373
0.47993259
0.4789395039
0.4792123057
0.4821247025
0.4847146591
0.4898181523
0.4945751351
0.5022396377
0.5100429543
0.5215966823
0.5344204329
0.5526073866
0.574433963
0.6048249665
0.6442824712
0.7006798889
0.7811705084
0.9063351371
1.116049414
1.521119182
0.5094462213
0.5069620062
0.5042284746
0.5010522827
0.4972684897
0.4930958137
0.4877682358
0.4827945045
0.4799341894
0.4789358454
0.4791915778
0.4821002474
0.4846749812
0.4897762203
0.4945227723
0.502184366
0.5099758165
0.5215507573
0.5343815708
0.5525538793
0.5743151446
0.6047330577
0.6441872144
0.7004978088
0.7809722059
0.9060892154
1.115750257
1.520864244
0.553477321
0.5331847449
0.5209017642
0.5136611417
0.5094660932
0.506983395
0.5042585761
0.5010635283
0.4972961919
0.4931241054
0.4877858697
0.4827988129
0.4799325919
0.4789313865
0.479180575
0.4820839543
0.4846575861
0.4897577836
0.4944998464
0.5021600297
0.5099452411
0.5214973935
0.5342873291
0.5524612141
0.5742504497
0.6046267704
0.6440124535
0.7003448018
0.7807419253
0.9058050572
1.115414187
1.520584621
1.110825131
0.8539037759
0.7165883448
0.6387835127
0.5861650083
0.5535080713
0.5332170969
0.5209327916
0.5136852994
0.5094809252
0.5069926863
0.504276602
0.5010967038
0.4973412341
0.4931414115
0.4878037561
0.4828029118
0.479928992
0.4789225292
0.4791544028
0.482058551
0.4846141421
0.489711693
0.4944434142
0.5020991021
0.5098719598
0.521435322
0.5342508074
0.5524127948
0.5741277385
0.6045038233
0.6439011514
0.7001447797
0.7805038721
0.9055170397
1.115067699
1.520270529
127.0951199
55.53181628
32.85624686
19.55681474
11.14197891
6.427216821
3.838946788
2.396482265
1.575766427
1.111275547
0.8541808301
0.7167718462
0.6389099479
0.58626661
0.553570756
0.5332511165
0.5209525759
0.5137023729
0.5095007835
0.5070174254
0.5043127291
0.5011124465
0.4973675341
0.4931663037
0.4878219693
0.4828063531
0.479925138
0.4789165164
0.4791413861
0.4820386692
0.4845966503
0.4896938978
0.4944206367
0.5020752315
0.5098417795
0.5213901485
0.5341497832
0.5522989793
0.5740416765
0.6043974259
0.6437058047
0.6999559976
0.7802465258
0.9051905651
1.114674627
1.519929181
2745.306778
628.2824767
127.3204308
55.57588736
32.86204031
19.56920417
11.14506289
6.430408738
3.840695486
2.397699237
1.576507761
1.111700626
0.8544215548
0.7168940199
0.6389784036
0.5863156586
0.5536148143
0.533296649
0.520996268
0.5137359995
0.5095209603
0.5070304518
0.5043322463
0.5011492591
0.497420376
0.4931842466
0.4878420006
0.4828130895
0.4799201001
0.4789045671
0.4791083893
0.4820125222
0.4845472802
0.4896432454
0.4943576704
0.5020079884
0.5097602325
0.5213112129
0.5341019692
0.5522509569
0.5739197191
0.6042465015
0.643571184
0.6997381838
0.7799709169
0.9048576308
1.114278915
1.519552409
2752.639664
630.1858169
127.7286552
55.65495849
32.88217628
19.5867009
11.15133871
6.43511969
3.843300866
2.399364326
1.577467863
1.112231992
0.8547338713
0.7171062609
0.6391611628
0.5864529379
0.5537020832
0.5333447214
0.5210218335
0.5137540295
0.5095421653
0.5070612751
0.504381008
0.501174027
0.4974476768
0.493206709
0.4878672535
0.4828192478
0.4799143057
0.4788968851
0.4790918259
0.4819885299
0.4845277662
0.4896246215
0.4943331069
0.501983154
0.5097285362
0.521271557
0.5340028133
0.5521184333
0.5738069549
0.6041334519
0.6433584998
0.6995136269
0.7796830669
0.904491
1.113828971
1.519158036
2762.199177
632.3747627
128.0210207
55.69321083
32.89584815
19.60212334
11.15733977
6.439695587
3.846038144
2.401143922
1.578552063
1.11289323
0.8550866424
0.7172832749
0.6392728762
0.5865154785
0.5537559912
0.5334024261
0.5210789118
0.5137989371
0.5095714309
0.5070826694
0.5044041727
0.5012148698
0.4975112059
0.4932279786
0.487893619
0.4828291631
0.4799079289
0.4788810726
0.4790497462
0.4819602024
0.4844701833
0.489568092
0.4942613029
0.501908161
0.5096365228
0.5211760633
0.5339306366
0.5520652143
0.5736864024
0.603957929
0.6431954588
0.6992761821
0.7793718736
0.9041113442
1.113384986
1.518725193
2773.46592
635.2768609
128.6165981
55.79471378
32.93319489
19.62181836
11.16594501
6.445196615
3.84940536
2.403227827
1.579757563
1.113602426
0.8554466518
0.7175445849
0.6395337169
0.586709919
0.5538865571
0.5334764431
0.5211137682
0.5138171802
0.5095939005
0.5071210998
0.5044709362
0.501255223
0.4975408856
0.4932468731
0.4879314893
0.4828388254
0.4798994724
0.4788709119
0.4790279233
0.4819308101
0.4844470091
0.4895474165
0.4942332853
0.5018812074
0.5096016541
0.5211374748
0.5338368709
0.5519187739
0.5735431684
0.6038310361
0.6429662193
0.6990161515
0.7790493834
0.9037046151
1.112877294
1.518275487
2787.545035
638.6989418
128.9853324
55.83580277
32.96115125
19.63883768
11.17574132
6.451186787
3.853320468
2.405612061
1.581243728
1.114560897
0.855957691
0.7178171428
0.6397127428
0.5867905069
0.5539493958
0.533543711
0.5211835467
0.5138776419
0.5096405516
0.5071597455
0.504501672
0.5012978113
0.4976153635
0.4932764612
0.4879692234
0.4828517889
0.4798903868
0.4788490413
0.4789733727
0.4818990449
0.4843815411
0.4894820266
0.4941492024
0.5017959166
0.509495572
0.5210252389
0.5337362925
0.5518501101
0.5734215855
0.6036334796
0.6427708084
0.698755486
0.778703108
0.9032759035
1.11238344
1.517785727
2804.898089
643.1910615
129.8341709
55.98943419
33.0280635
19.6620917
11.18824614
6.457858736
3.857790356
2.408278664
1.582838398
1.115433686
0.8564348376
0.7181409459
0.6400601708
0.5870638396
0.5541466321
0.5336602523
0.5212351072
0.5138980581
0.509663937
0.5072059078
0.5045916926
0.50136303
0.4976515547
0.4932911425
0.4880253946
0.4828647155
0.4798797798
0.4788345488
0.4789430825
0.4818632234
0.4843445637
0.4894578795
0.4941153353
0.5017650668
0.5094551598
0.5209832508
0.5336451199
0.5516937917
0.5732454158
0.6034853544
0.6425234644
0.6984600785
0.7783419073
0.9028284189
1.111817719
1.517276174
2826.324036
648.832528
130.3146571
56.06737975
33.07752807
19.67813767
11.20220286
6.465256236
3.863027494
2.411292997
1.584708626
1.116565088
0.8572027692
0.718591606
0.6403406252
0.5871696946
0.5542095952
0.5337210299
0.521307607
0.5139760092
0.5097387151
0.5072784457
0.5046368002
0.5014025321
0.497732478
0.4933379217
0.488081451
0.4828793592
0.4798637947
0.4788019113
0.4788705018
0.4818239723
0.4842707249
0.4893797195
0.4940135144
0.5016654361
0.5093295048
0.5208514897
0.5335115048
0.5516006058
0.5731174786
0.6032665822
0.6422920121
0.6981713018
0.7779596338
0.9023481454
1.111270878
1.516723977
2852.609457
655.9828118
131.5030229
56.32349528
33.18791666
19.70767924
11.21941322
6.473480683
3.868858571
2.41458643
1.586686991
1.117561198
0.8578275474
0.7190483553
0.6407683434
0.5875354026
0.5544958358
0.533904051
0.5213959036
0.5140092096
0.5097658456
0.5073306052
0.50474608
0.5015028774
0.4977878488
0.4933532885
0.4881591694
0.4828938761
0.4798469067
0.4787803123
0.4788273146
0.4817807149
0.4842127178
0.4893496136
0.4939698198
0.5016275095
0.5092794757
0.5208017367
0.5334181267
0.5514354746
0.5729051012
0.6030888617
0.6420220214
0.6978387822
0.7775541861
0.9018564622
1.110643192
1.51614113
2884.386848
665.7345073
132.2433699
56.49191906
33.25963223
19.71860263
11.23749333
6.482848499
3.875647518
2.418259365
1.588735441
1.118756389
0.8587542757
0.7197822104
0.6412605668
0.5876986668
0.5545474474
0.5339312464
0.5214465691
0.5140997668
0.5098869218
0.5074612772
0.5048309879
0.50153928
0.4978643841
0.4934373452
0.4882429153
0.4829003084
0.4798163245
0.4787312722
0.4787280012
0.48172639
0.4841244146
0.4892518282
0.493841233
0.5015068565
0.5091256185
0.5206439892
0.5332440892
0.5513064134
0.5727621583
0.602846803
0.6417493756
0.6975145771
0.7771318399
0.9013191554
1.110034469
1.515511881
2922.012136
677.0986463
133.9414618
56.89325992
33.41779061
19.76147435
11.2594389
6.493558983
3.882911999
2.422292175
1.591031195
1.120000771
0.859470047
0.7203455716
0.6417883162
0.5881976567
0.5549439295
0.5342083929
0.5216152797
0.5141949038
0.5099463753
0.5075204077
0.5049368663
0.5016888271
0.4979705919
0.4934596965
0.4883228413
0.4828957331
0.4797851862
0.4786929041
0.47866858
0.4816742324
0.4840333232
0.4892121867
0.4937816587
0.5014568728
0.5090596302
0.5205807291
0.5331413434
0.5511315304
0.5725086023
0.6026292416
0.6414488983
0.6971406569
0.7766745651
0.9007768258
1.109337648
1.514841338
2965.12659
694.6102363
135.3282182
57.20308594
33.48821613
19.76025927
11.28178364
6.50670151
3.892148209
2.426838082
1.593222257
1.12116341
0.8603392409
0.7211703358
0.642537859
0.588465902
0.5550140103
0.5342073841
0.5216371947
0.5142784577
0.510092967
0.50771868
0.5051042821
0.5017212754
0.4980249478
0.49358957
0.4884256991
0.4828753893
0.4797186047
0.4785957044
0.4785463606
0.4815899399
0.4839205932
0.4890925462
0.493610155
0.5013049597
0.5088646191
0.5203868176
0.5329161079
0.5509515036
0.5723380345
0.6023589998
0.6411282922
0.6967718332
0.7762060963
0.9001761538
1.108658225
1.514127258
3005.449952
712.5680966
137.8113456
57.72710064
33.66711251
19.8412741
11.31201234
6.523636076
3.901186433
2.431104078
1.595965595
1.12302658
0.8615518508
0.7219657132
0.6431193923
0.5890472625
0.5555421032
0.5346399966
0.5219548885
0.5144873519
0.5102139172
0.5078247126
0.5051718474
0.5018858153
0.4982443766
0.4936630801
0.4884635906
0.4828424143
0.4796566225
0.4785291575
0.4784816769
0.4815223287
0.4837841025
0.4890205333
0.4935274969
0.5012361067
0.5087739623
0.5203018515
0.5327937034
0.550764541
0.5720375081
0.6020892168
0.6407863654
0.6963497529
0.7756874827
0.8995743732
1.10788413
1.513359597
3037.023439
755.0756029
140.6719704
58.20352102
33.69447675
19.83620166
11.35218359
6.544240795
3.913035239
2.437804115
1.59932458
1.12440723
0.8623098647
0.7227158333
0.6439189016
0.5893495031
0.5556374526
0.5346294592
0.5219208999
0.5144903296
0.5103348095
0.5080642405
0.5054633049
0.5020561882
0.498303817
0.4937745175
0.4885773285
0.4827854169
0.4795295626
0.4783704724
0.4783156479
0.4813792931
0.4836280647
0.4888845551
0.4932923701
0.5010395408
0.5085215905
0.5200615498
0.5325054186
0.5505150441
0.5718218948
0.601783304
0.6404098258
0.6959250719
0.7751643781
0.8989019397
1.107123791
1.512565137
3091.120696
812.7043114
144.519341
58.76020919
33.93884102
20.05726517
11.40060538
6.570712888
3.927204771
2.444452726
1.60326399
1.127580734
0.8649178013
0.7246189712
0.6451054867
0.590219553
0.5563534117
0.5352159602
0.5223893176
0.5148915835
0.5106726531
0.5083395835
0.50552054
0.5021711648
0.4986285496
0.4939736278
0.4885635251
0.4827029775
0.4794360609
0.4782760301
0.4782257639
0.4812869233
0.4834494464
0.4887518294
0.4931798777
0.5009445581
0.5083971131
0.519940419
0.5323495467
0.5503132242
0.5714723925
0.6014496035
0.6400145501
0.695447445
0.774574747
0.8982310431
1.106267464
1.51171636
3130.089307
855.6074903
152.0645727
59.90475999
33.91468839
20.02382486
11.46687833
6.603771183
3.945731929
2.457434164
1.611420045
1.131285925
0.8662585458
0.7253805461
0.645988788
0.5907321334
0.5565507459
0.5352133151
0.5223765459
0.5149113319
0.5107586474
0.5085103403
0.5058409177
0.5026250008
0.49879036
0.4940008402
0.4886379371
0.4825934987
0.4792500813
0.478060289
0.4779959592
0.4810561824
0.4832263214
0.4886001972
0.4928862176
0.5006929269
0.5080797008
0.5196476193
0.5319955871
0.5499805592
0.5711931031
0.6011009011
0.6395777256
0.6949577764
0.7739901924
0.8974818411
1.105425273
1.510891881
3151.190694
928.7410127
157.9359012
60.74079989
34.13665073
20.53470413
11.54698231
6.657028579
3.983486128
2.477086588
1.620420926
1.137283117
0.8714292041
0.7296813683
0.6490751797
0.5924421036
0.5577910824
0.5362407504
0.5231191679
0.5154890247
0.5112796724
0.5090372842
0.5061874664
0.5027644055
0.4990356104
0.4943262552
0.4885842382
0.4824484475
0.4791209264
0.4779330642
0.477875442
0.4809189284
0.4830335292
0.4883977681
0.4927024481
0.5005581187
0.5079044542
0.5194791096
0.5317897868
0.5497564106
0.5707957711
0.6006920775
0.6391124476
0.6944091916
0.7733094428
0.8967187624
1.104473544
1.51000747
3139.46962
958.2282
177.0132929
62.65268815
34.06035422
20.66915629
11.7558836
6.768699587
4.032852939
2.506011721
1.64189475
1.149398616
0.8765700676
0.7319041535
0.6505199209
0.5937607501
0.5586694793
0.5363764448
0.5231606459
0.5155661692
0.5114225933
0.5092534213
0.5064428353
0.5033422396
0.499493587
0.4943354713
0.4886567667
0.4823078022
0.4788726039
0.4776498328
0.4775737904
0.4805875816
0.4827238825
0.4881940774
0.4923663407
0.5002218031
0.5074936919
0.5190951027
0.5313302208
0.5492995081
0.5704002179
0.6002450175
0.6385499847
0.6937682872
0.7725597393
0.8957596833
1.103413404
1.509200718
3095.535788
1053.189753
185.9395731
63.22075466
34.47160423
21.67263253
11.96788433
6.890655798
4.139046902
2.577444088
1.674127231
1.165023764
0.8875662161
0.7407566383
0.6572952796
0.5971298004
0.5606129645
0.5381674654
0.5244191196
0.5164440847
0.5121689618
0.510038064
0.5071636952
0.5037893035
0.4996566681
0.4947959311
0.4886701355
0.482140894
0.4787164102
0.4774850212
0.4774142219
0.4804021126
0.4825248086
0.4879121988
0.4920612704
0.5000352027
0.5072560122
0.518858564
0.5310495918
0.5489920641
0.5698650379
0.5996342165
0.6378566255
0.6929547186
0.7715335051
0.894615994
1.102072181
1.508375996
3006.676748
1048.461269
235.4734581
65.36815184
34.66696516
22.37405049
12.5139141
7.237432489
4.290498729
2.635985923
1.71974323
1.196276607
0.9027288315
0.7478855679
0.661098651
0.6005856667
0.563615907
0.5390365795
0.5246652704
0.5166214117
0.5124245364
0.5103783396
0.5074892323
0.5043267715
0.5004037686
0.494859584
0.488662103
0.4820236315
0.4784475134
0.4771463674
0.4770393596
0.4799455504
0.4820987129
0.4875737039
0.4916687785
0.4995337056
0.5066620809
0.5182712254
0.5303513176
0.5482631089
0.5691986652
0.5989256269
0.6369703503
0.6919043965
0.7703195043
0.8930687639
1.100459866
1.507402965
2882.478328
1122.146771
241.7703614
67.60553535
35.51824416
23.27501482
13.05171337
7.455261405
4.479694499
2.814446003
1.805083645
1.230247554
0.92417486
0.764510212
0.6740168931
0.6074674516
0.5663348101
0.5415466145
0.5266675299
0.5180028434
0.5135028273
0.5114982154
0.5085739355
0.5052384045
0.5006324722
0.4953843099
0.4890127413
0.4819291615
0.4782563031
0.4769073581
0.4767882955
0.4797056344
0.4818693218
0.4872008945
0.4911935421
0.4992631942
0.5063280252
0.5179235921
0.5299461467
0.5478057393
0.5684279775
0.5979488263
0.6358306078
0.6905778529
0.7686168407
0.8911918952
1.0984035
1.506113401
2717.908881
1195.753997
348.4684795
69.10206989
35.82234688
24.16513705
13.93378486
8.169930989
4.859456602
2.904524531
1.873131223
1.2925919
0.9559150906
0.7797913462
0.6824722095
0.6135101893
0.5727410335
0.5445181641
0.5275485122
0.5184060704
0.5139389667
0.5120147076
0.5090627618
0.5057797967
0.5016500532
0.4959529733
0.4890998484
0.4818845432
0.477996728
0.4765340024
0.4763611077
0.4791171642
0.4812610998
0.4866212844
0.4907037935
0.4984915223
0.505428289
0.517000243
0.5288642869
0.5465984151
0.5672535402
0.596750177
0.6343826101
0.6887968209
0.7665915906
0.8886671009
1.09582281
1.504251637
2540.063462
1278.871114
395.950989
82.07511838
37.49513943
24.83840181
14.95181618
8.464034574
5.025731067
3.233471978
2.054328462
1.353111544
0.9926647465
0.8084971307
0.7035953787
0.6270348303
0.5776204095
0.5473228984
0.5304583718
0.5205972765
0.5154874166
0.5135887963
0.5106249777
0.5072635985
0.5022878252
0.4966248458
0.4899189466
0.4819788723
0.4777923014
0.4761969372
0.4759769772
0.478722854
0.480947783
0.4861367145
0.489974364
0.4980498022
0.5049359485
0.5164420231
0.5281731018
0.5458685684
0.5661128008
0.5951815871
0.6324466181
0.6865731017
0.7637230902
0.8855249363
1.092403145
1.501552362
2369.377798
1323.457298
517.4440076
93.28776164
37.05482592
26.28940103
15.92057179
9.552348873
5.759023453
3.352139461
2.121510614
1.456879328
1.045911809
0.8329696488
0.7188016061
0.636937854
0.5875214808
0.5544596608
0.5330120709
0.5212976629
0.5161449103
0.5143770848
0.5113839043
0.5080201078
0.5036416913
0.4978702821
0.490244837
0.4820343071
0.4775465515
0.4757679544
0.4754659891
0.4779908961
0.4800375498
0.4851477893
0.4892821659
0.496989482
0.5034763662
0.5149892894
0.5265212044
0.5438968341
0.5639994579
0.5930253913
0.6299974555
0.6834950469
0.7602750877
0.8813174248
1.087837713
1.497669831
2244.515814
1307.520441
678.8425002
163.2978089
44.84891118
26.11040118
16.88803327
9.820402858
5.787894745
3.815184024
2.421556007
1.544799578
1.103994935
0.8812049695
0.7531125474
0.6591148969
0.5971512298
0.5580717995
0.5368137951
0.5248236253
0.5183538465
0.5165463625
0.5136634302
0.5103161482
0.5050885985
0.4989667388
0.4916463456
0.4824741117
0.4773786856
0.4753307041
0.4749018501
0.4772568445
0.4795487173
0.4845184329
0.4882268592
0.4958930321
0.5027300977
0.5139938113
0.5251890925
0.5425101849
0.562201279
0.5905352609
0.6266815398
0.6797016833
0.7554098932
0.8758058665
1.081583981
1.492194285
2143.28409
1198.684019
694.1297849
279.8295343
53.86246198
29.96980407
17.76255175
11.74833016
7.084300399
4.000861548
2.509590567
1.708826657
1.178308469
0.9117240294
0.7739390297
0.6751220274
0.6127324504
0.5705791413
0.5424064966
0.5260409367
0.5193516611
0.5179421802
0.5149364281
0.5115076539
0.506998484
0.5011188535
0.4927571647
0.482821476
0.4772085176
0.4747739959
0.4742122892
0.4763332526
0.4783219101
0.4828403587
0.4869568467
0.4945290838
0.5006363619
0.5115981187
0.522611081
0.5394173225
0.5585313821
0.5865281017
0.6223734279
0.6743229617
0.7493323653
0.8684015358
1.07297222
1.48451332
2068.754873
1056.611747
646.0033611
408.4294561
125.6406763
32.47006394
20.30491068
11.87634938
7.137917387
4.813992278
2.994343359
1.850783861
1.290233771
0.9966327379
0.8297792253
0.7098340278
0.6286501096
0.5771813443
0.5480021605
0.531606705
0.5226391525
0.5208449504
0.5181117455
0.5149663594
0.5096438333
0.5031290212
0.4950204688
0.4839138204
0.477058169
0.4742313437
0.4734332312
0.4751156215
0.4771969436
0.4819370704
0.4855983844
0.4924757387
0.498852157
0.5097570251
0.5202049888
0.5366568406
0.5553216416
0.5825121455
0.616761509
0.6677384942
0.7408899425
0.8581801527
1.060990395
1.473743
1976.389482
925.2198057
579.1039348
407.1353993
242.1465761
67.34430081
22.13130556
15.30412592
9.372411847
5.065621859
3.228547582
2.166351756
1.404180644
1.039985694
0.8626184451
0.739640388
0.6574337999
0.5987978493
0.55860429
0.5348646997
0.5243115459
0.5231888234
0.5203988163
0.5170376448
0.5125894057
0.5066481097
0.4976614428
0.484449463
0.4769408206
0.4734395282
0.4724080271
0.473748249
0.4756718546
0.479337215
0.483150992
0.4902287321
0.4960290578
0.5060004251
0.5159775451
0.5317445738
0.5493080562
0.5752361886
0.6089187418
0.6581312485
0.729598403
0.8443633125
1.044422442
1.458394477
1859.856663
817.6726585
508.729768
378.0047575
281.6114894
163.9544455
40.50389788
13.70860159
9.513644466
6.748133984
3.88995785
2.36315433
1.63434222
1.191245616
0.9473044497
0.7860065671
0.6778669518
0.6096724704
0.5683991332
0.543425928
0.5297884265
0.5271803339
0.5248930342
0.5221400561
0.5169664261
0.5103002006
0.5012553638
0.4869859045
0.4771370977
0.4727209466
0.471281767
0.4719471122
0.4734976111
0.4778006051
0.4812902571
0.4870944128
0.4924924594
0.5023550291
0.51171311
0.526538587
0.5431181997
0.5682513364
0.5993978129
0.646398284
0.7144562639
0.8249843856
1.020820993
1.436160871
1724.31409
725.562786
444.8245057
335.3622106
270.1537934
208.0002407
122.4836367
34.63471111
13.14783041
6.990877714
4.95629865
3.010515864
1.798566348
1.27774814
1.017958073
0.8500662304
0.733042553
0.645996913
0.586363029
0.5500510279
0.5338004002
0.5312084375
0.5285982538
0.5256611604
0.5217184702
0.5159946518
0.5064690714
0.4882176471
0.4771239187
0.4716957001
0.4697714455
0.4697582675
0.4714768778
0.4742836778
0.4770535611
0.4829404922
0.4881521327
0.4966280741
0.5047792941
0.5183602186
0.53347716
0.5557506221
0.5850649486
0.6288483628
0.6928818893
0.7981662454
0.9879257663
1.40326897
1582.07092
646.3903855
391.7162137
294.1884551
244.8878707
205.978045
162.4342766
98.78647992
30.39632818
11.15000495
5.73497311
3.802074836
2.368973522
1.532119381
1.13425264
0.9042380988
0.7595186207
0.6666863265
0.6048738844
0.5641221516
0.5420538186
0.5365870562
0.5346775684
0.5325118381
0.5279449358
0.5218223794
0.5127004176
0.4927489089
0.4780718648
0.4709790902
0.4683239234
0.4675428328
0.468301757
0.4713202703
0.4742226986
0.478871457
0.4827998171
0.490517216
0.4979131979
0.5101154186
0.5231014399
0.5441136542
0.5700821809
0.6097065587
0.6679714291
0.7650745828
0.9445110474
1.356942735
1450.074045
584.887723
352.1012031
262.7433987
219.9014486
193.2642711
166.566979
132.1911365
77.73133055
26.26624924
9.66554142
4.557189138
2.892025683
1.824832665
1.289168294
1.013880698
0.8369140616
0.7114730696
0.6276312356
0.5766384083
0.549582801
0.5416416772
0.538601326
0.5364639605
0.533275919
0.5281662727
0.5192966313
0.4953169429
0.4787373538
0.4704408219
0.4667081439
0.4654568785
0.4662014823
0.4681491747
0.4699166101
0.474106719
0.4778921241
0.4845048513
0.4904992388
0.5009588457
0.5125837001
0.5303319176
0.5533009596
0.5887663132
0.6412732995
0.730259386
0.8990746774
1.305652456
1336.235688
536.7663078
322.7010628
240.3004182
201.6150291
180.3553312
161.9225949
141.2310458
109.7665714
56.51437952
19.08837932
7.991451575
3.572814893
2.231525812
1.48367301
1.093154902
0.876375631
0.7433838408
0.6533188038
0.5933573565
0.5589763279
0.5470347494
0.5437689307
0.5418323998
0.5381696444
0.5330364557
0.5250785215
0.4997556164
0.4802963425
0.4702194619
0.465779098
0.4639682705
0.4638260508
0.4656692494
0.4675240151
0.4710264008
0.473743939
0.4795253411
0.4847932269
0.4942673289
0.5039986957
0.5204351691
0.5408626352
0.5726925561
0.6200502415
0.7012020726
0.8578437898
1.251730444
1242.075689
494.4916701
298.072556
222.5439944
186.4824321
167.3684031
155.3385519
140.6996819
122.1238464
87.57213156
39.45474979
13.93005062
6.128575055
2.729947046
1.704474996
1.224413383
0.9586124348
0.7837851172
0.6743791717
0.6061609562
0.566145403
0.5516117918
0.5468043507
0.5448952494
0.5422187073
0.5377275096
0.5292806835
0.5023361832
0.4811740625
0.4701801255
0.4648455403
0.4625947554
0.4624089614
0.4635992183
0.4646352421
0.4676974973
0.4702621549
0.4753671078
0.4796896003
0.4878514725
0.4966499058
0.51084247
0.5289506466
0.5576531045
0.6005425645
0.6748152113
0.8207763456
1.20639433
1166.572713
456.9564428
276.196332
207.4187323
173.4442229
155.5486282
146.4746827
137.7371465
125.4613336
105.7352242
65.1726068
25.42545542
9.17333468
4.038614125
2.049778603
1.342659883
1.011839918
0.8264098691
0.7026506452
0.6229027875
0.5755908992
0.5564040686
0.5507909708
0.5486802451
0.5456639166
0.5413544498
0.5327798704
0.5057485997
0.482600343
0.4702429915
0.464355433
0.4616387574
0.460837897
0.4619030845
0.4629718971
0.4656188934
0.4674541929
0.4719485522
0.4757326809
0.4832516816
0.4907211931
0.5039398674
0.5203400092
0.5464927268
0.5856794346
0.6540155052
0.7895214005
1.142929267
1111.900023
419.6671449
254.232578
192.462648
161.7611463
145.6695133
137.5811759
132.8156676
124.5469756
113.3075405
87.59221153
43.73521399
16.02991437
5.768466981
2.63567336
1.56242264
1.106677771
0.8658132323
0.7245335357
0.6364936534
0.5832223825
0.5606733367
0.553196851
0.5509776713
0.5485857955
0.5447330137
0.5352665018
0.5076883539
0.4834609449
0.4703370352
0.4638173502
0.4607680054
0.4599080706
0.4605472541
0.4610571213
0.4633826356
0.4650940172
0.46915178
0.4723053785
0.4789124263
0.485755237
0.4974637415
0.5122451913
0.5362226451
0.5722579216
0.6355025318
0.7617154585
1.103811054
1076.99154
379.2092447
229.5614688
175.0286146
148.9361377
135.5816477
129.0732284
126.0214671
122.1389443
114.3801401
99.96034156
64.28603736
26.38936584
9.384443583
3.615163262
1.826702536
1.197872796
0.9174539615
0.7524999696
0.6518435178
0.5916178073
0.5648706506
0.5562252813
0.5535696451
0.5509190821
0.5473124525
0.5376262133
0.5100421889
0.4845955303
0.4705019059
0.4635550252
0.4601711687
0.4588885172
0.4594323882
0.459952656
0.4620085027
0.4632296458
0.466869581
0.4696507824
0.4758349711
0.4817770613
0.4928180225
0.506468269
0.5287281913
0.5622384447
0.6212852001
0.7391320743
1.040418936
1058.190092
339.7345161
201.0323729
153.5236572
132.7681704
123.1462974
119.3645812
118.684661
117.6595639
113.5129902
104.5606936
80.37287949
39.9706859
14.4903843
5.185844375
2.246924961
1.330688667
0.963434648
0.7769898969
0.6657418854
0.5989742075
0.5685902805
0.5581077602
0.5552329123
0.5529348971
0.5492158452
0.5392587774
0.51147036
0.4853483492
0.4706649035
0.4632527567
0.459628952
0.4582932635
0.4585446972
0.4586934109
0.4605303897
0.4616624916
0.4650137043
0.4673739816
0.4729416028
0.4784674666
0.4884972891
0.5010535508
0.5218449985
0.5532160445
0.6087160172
0.7195896887
1.01301704
1047.714029
315.4859787
178.8781693
134.7189653
116.841505
109.8464612
108.6564203
110.2085649
111.8491546
111.0149965
105.6098232
90.63881412
52.85709019
20.90839316
7.306499219
2.853953036
1.486717021
1.021526741
0.8030716511
0.6794745045
0.6062677591
0.5721416929
0.5603649962
0.5569921895
0.5545182284
0.5507247301
0.5408296749
0.5131243516
0.4862196708
0.4708496166
0.4631222661
0.4592564754
0.457631076
0.4578193078
0.4579723019
0.4596224675
0.4604284568
0.463501342
0.465610136
0.4708981629
0.4758199118
0.4854044753
0.4972142015
0.5168637782
0.5465487048
0.5991969108
0.7041596464
0.9700574965
1039.413166
301.3943505
164.0419336
120.7720126
103.7941925
97.84128127
98.00296737
101.1558674
105.6012748
106.9410024
104.7260331
95.49447223
65.0390649
28.0724983
9.744738855
3.542567495
1.662372172
1.074311633
0.8270212329
0.6919993181
0.6126973463
0.5752219406
0.561818445
0.5581712445
0.5559000942
0.5518482499
0.5418603514
0.5141533026
0.4868146825
0.4710162712
0.4629533807
0.458917589
0.4572473763
0.457236711
0.4571435908
0.4586440816
0.4593924377
0.4622698081
0.4640981135
0.4689731015
0.4736190784
0.4825271737
0.4936050706
0.5122732893
0.5405267485
0.5907756615
0.6908954903
0.9485136692
1034.16234
292.9978825
154.7979847
111.1914817
94.12043061
88.16886775
88.52774068
92.47320397
99.01090775
103.0159445
102.7878947
96.08655475
74.73358845
35.26777804
12.60230573
4.341704906
1.866816425
1.135277455
0.8500862407
0.7034049096
0.6186513758
0.5780878324
0.5634820174
0.5593703985
0.5569777719
0.5527882134
0.5428801929
0.5152951245
0.4874504958
0.4711783519
0.4628893286
0.45868217
0.4568132259
0.456762839
0.4566746994
0.4580403205
0.4585757586
0.4612643069
0.4629264323
0.467615909
0.4718578723
0.4804711582
0.4910554732
0.5089663659
0.5361007158
0.5844434721
0.6805873852
0.929746777
1030.4356
287.8404838
148.5371594
104.4379483
87.04204827
80.76196938
80.88960546
84.86409492
92.55140128
98.85117978
100.3341503
96.0557544
81.4401469
42.15008174
15.59179487
5.211320758
2.082981353
1.196239493
0.871739271
0.7136305623
0.6237634661
0.5804966756
0.5645845101
0.5601991002
0.5579218662
0.5534849759
0.5435426544
0.5160161391
0.4878922118
0.4713184456
0.4627927164
0.4584673622
0.4565638239
0.456378463
0.4561255686
0.4573908933
0.4578936746
0.4604412278
0.4619204938
0.4663328332
0.4703921756
0.4785527373
0.4886486813
0.5059052074
0.5320853452
0.5788221734
0.6717117889
0.9136077625
1028.052017
284.3609869
143.8681488
99.43710311
81.77089353
75.14494227
74.88197978
78.60000456
86.68194948
94.74811817
98.06406632
95.84153413
84.80436683
48.62104706
18.58283592
6.092627463
2.317456356
1.25793369
0.892187618
0.7227429001
0.6283647055
0.582683538
0.5657899652
0.5610218718
0.558652602
0.5540859239
0.5442180771
0.5167940546
0.4883437507
0.4714458892
0.4627614446
0.4583164938
0.4562782932
0.4560665786
0.4558163765
0.4569898772
0.4573539509
0.4597696804
0.4611413049
0.4654288869
0.4692187906
0.4771840935
0.4869525578
0.5037060923
0.529143388
0.5746115371
0.6648421768
0.8998634213
1027.239897
281.7331841
140.209543
95.55515121
77.72388966
70.83222492
70.17508982
73.57801176
81.62318498
90.91369726
95.9282536
95.11458518
86.38730234
54.40533945
21.38516864
7.064050601
2.557820319
1.317283315
0.9108253896
0.7308283835
0.6322432699
0.5844817427
0.5666009473
0.561600165
0.5592496307
0.5545303072
0.544650074
0.5172918688
0.4886607561
0.4715536983
0.4627024062
0.458178538
0.4561149592
0.455811419
0.4554511531
0.4565577741
0.456895267
0.4592243808
0.4604718347
0.4645711929
0.468240815
0.4759029479
0.4853454251
0.5016624279
0.5264636331
0.5708598306
0.658912523
0.8886190845
1027.885834
279.4804756
137.0529512
92.35152046
74.48552079
67.44041217
66.48211774
69.59448411
77.37689134
87.46171517
93.93663969
94.1917612
87.00229842
59.11695598
23.9665249
7.981047971
2.791365001
1.373781838
0.9278973601
0.7379206112
0.6357060335
0.5860864399
0.5674552908
0.5621648614
0.5597164083
0.5549204288
0.5450988843
0.5178170356
0.4889753758
0.4716478979
0.4626916016
0.4580807135
0.4559261404
0.4556050964
0.4552461989
0.4562907884
0.4565356036
0.4587758093
0.4599535727
0.4639669308
0.4674576583
0.4749901219
0.4842146156
0.5001967593
0.5245038425
0.5680553544
0.6543340611
0.879557893
1029.772404
277.4715224
134.4271403
89.68803451
71.82361411
64.66407912
63.52483957
66.41889953
73.89140895
84.4338323
92.05289761
93.26879719
87.19934643
62.88217416
26.20671673
8.814925315
3.010457118
1.425965548
0.9431136597
0.7441134987
0.6385932055
0.5874004367
0.5680382822
0.5625695899
0.5601109404
0.5552151836
0.5453905533
0.5181705039
0.4892059442
0.4717320086
0.462651706
0.4579858754
0.455811747
0.4554239221
0.4549855879
0.4559816238
0.4562087128
0.4583818197
0.4594716595
0.4633456013
0.4667496129
0.4740608899
0.4830479808
0.4987123878
0.5225568532
0.5653287038
0.6500228751
0.8708171659
1032.924048
275.7104984
132.0645087
87.40110573
69.59968492
62.40170205
61.13611998
63.86694521
71.05767228
81.83458861
90.33678339
92.44663219
87.17577515
65.73530127
28.20062623
9.57144177
3.213969863
1.474808148
0.9567246189
0.7494954236
0.6411777283
0.5885773517
0.5686513528
0.5629709585
0.5604341281
0.5554884951
0.5457089298
0.5185186101
0.4894313093
0.471797743
0.4626392952
0.4579054681
0.4556577048
0.4552546011
0.454815486
0.4557582443
0.4559047994
0.4580001164
0.4590287284
0.4628248595
0.4660724695
0.4732695494
0.4820650236
0.4974355062
0.5208464764
0.5628773303
0.646013633
0.8622205082
1037.59482
273.8111295
129.7461948
85.26139929
67.60950228
60.46714275
59.15169485
61.78716199
68.75977643
79.63723895
88.82699205
91.71706415
87.12668555
67.97978764
29.87889092
10.24500121
3.398651072
1.518284334
0.9687233398
0.7541157816
0.6433190184
0.5895445913
0.5690765634
0.5632668657
0.5607143682
0.5557028594
0.5459217263
0.5187638983
0.4896045104
0.4718718049
0.462600852
0.4578207725
0.4555552665
0.4550900029
0.4545753328
0.455470856
0.4555970319
0.4576265478
0.4585689907
0.4622263669
0.4653880258
0.4723667868
0.4809275854
0.4959842989
0.5189388391
0.5602011
0.6417756495
0.8537633926
1043.081206
270.9453102
127.0812031
83.00480222
65.65737996
58.69192441
57.4306465
60.05677254
66.89476847
77.79837942
87.52461666
91.07503396
86.93797829
69.68359063
31.34943772
10.8374239
3.56491448
1.558397765
0.9792784659
0.758137141
0.6452318565
0.5904149813
0.5695262167
0.563561926
0.5609426926
0.5559067343
0.5461641867
0.5190344966
0.4897794109
0.4719168652
0.4625866446
0.457747123
0.4554142979
0.4549335903
0.4544161292
0.4552596439
0.4553051123
0.4572590216
0.4581406971
0.4617180722
0.4647249139
0.4715897516
0.4799598986
0.4947244666
0.5172485238
0.5577753166
0.6378029139
0.8454421506
1048.043377
266.8235043
124.0271053
80.65860999
63.74162158
57.03888545
55.91230656
58.60021017
65.37913393
76.27087834
86.41548127
90.51702025
86.84726944
71.04665598
32.5587166
11.35270794
3.71128683
1.592855451
0.9885856963
0.7615479144
0.6468101659
0.5911264103
0.5698386057
0.563782966
0.5611468475
0.5560683635
0.5463258513
0.5192303355
0.4899158629
0.4719810722
0.4625495906
0.4576691814
0.4553195334
0.4547792647
0.4541883204
0.4549851733
0.4550088709
0.4568966417
0.4576936595
0.4611309135
0.46405243
0.4706994671
0.4788354734
0.4932873447
0.5153570398
0.5551194886
0.6335947964
0.8372522774
1050.853053
263.2284691
121.3032546
78.59543061
62.11213861
55.64230542
54.63489992
57.39367094
64.14294479
75.00738685
85.47960098
90.03660561
86.6659699
72.07014617
33.6145748
11.79737438
3.841905884
1.624812752
0.9968092185
0.7646019099
0.6482291388
0.5917758921
0.5701759737
0.564006205
0.5613174016
0.556226544
0.5465183766
0.5194505153
0.4900588646
0.4720156999
0.4625347945
0.4576004137
0.4551874849
0.4546316592
0.4540365652
0.4547821705
0.4547266071
0.4565385492
0.4571865899
0.4606309988
0.4633991438
0.4699328366
0.4778793777
0.4920409768
0.5136834748
0.552716615
0.6296578373
0.8291908521
1050.920888
260.4712631
119.2543991
77.17118254
61.10775152
54.73183261
53.69056021
56.44351343
63.13120587
73.96735258
84.69351181
89.62675141
86.57549938
72.84395365
34.52275331
12.18214788
3.955083032
1.652199191
1.004184653
0.7671711762
0.6494129649
0.592309332
0.5704106585
0.5563539135
0.5466469138
0.5196118746
0.4901713913
0.4720673937
0.4624992452
0.4575273704
0.4550980727
0.4544843063
0.4538170623
0.4545162859
0.4544398729
0.4561839154
0.4566658316
0.4600515069
0.4627352176
0.4690515405
0.4767646198
0.4906147954
0.5118053851
0.5500792616
0.6254799297
0.8212535069
1047.734318
258.4264197
118.2672677
76.65521795
60.8419124
54.44896081
53.15474993
55.75954782
62.31247568
73.11242821
84.03571533
89.27823696
86.44385604
73.43744251
35.29507506
12.51135818
4.055966837
1.677154059
1.010649699
0.7695413846
0.650486506
0.5928050379
0.5198000965
0.4902964233
0.4720968118
0.4624847141
0.4574622531
0.4549722078
0.4543428231
0.453670495
0.4543188509
0.4541648629
0.4558325541
0.456211572
0.4595578981
0.4620891543
0.4682929521
0.4758178672
0.4893797846
0.5101468009
0.5476983229
0.6215801377
0.8134376665
1042.354005
257.9812046
119.301882
78.16573567
61.75124004
54.8033038
53.0582871
55.34270785
61.66817606
72.39085492
83.48834539
88.98234385
86.37519747
73.89811177
35.94926166
12.7955891
4.142518213
1.698934749
1.01646751
0.7715075098
0.6514010848
0.5199376426
0.4903917555
0.4721371937
0.4624508726
0.4573929607
0.4548866556
0.4542002714
0.4534566202
0.4540587669
0.4538841213
0.4554834188
0.455793347
0.4589837847
0.4614315039
0.4674183104
0.474710629
0.4879625723
0.5082804518
0.5450785181
0.6174334555
0.8057388663
1036.089728
262.9340845
124.3585984
81.6818246
63.83055501
55.82067747
53.32037355
55.18454108
61.18882512
71.75387544
83.02425842
88.73379358
86.28814336
74.26244802
36.50001923
13.03712759
4.218991152
1.717735516
1.021404477
0.773312133
0.6522241105
0.4905091496
0.4721649447
0.4624372974
0.457330749
0.4547652037
0.4540631723
0.4533137685
0.4538652327
0.4536131908
0.4551367756
0.4553773388
0.458495284
0.460791037
0.4666663625
0.4737718015
0.4867376042
0.5066357767
0.5427190407
0.6135720936
0.798155107
1031.061608
276.6328537
133.7768801
87.47690875
67.08353251
57.42750464
53.9558217
55.24901871
60.86989155
71.19990486
82.59836906
88.52475927
86.23569214
74.55010547
36.96576913
13.24585697
4.284809227
1.735433145
1.025791491
0.7748098747
0.4721972498
0.4624053674
0.4572644941
0.4546825479
0.453923992
0.4531037466
0.453609179
0.4533359034
0.4547916532
0.4549637373
0.4579253928
0.4601382108
0.4657968105
0.4726707244
0.4853281625
0.5047802375
0.5401165112
0.6094580775
0.7906821523
1028.877594
302.5253898
149.3356133
95.71871578
71.34433064
59.57845331
54.9160782
55.50250267
60.70727713
70.73817376
82.186826
88.33092472
86.183219
74.76934096
37.36488506
13.42085313
4.341191875
1.749213974
1.029469536
0.7760983714
0.4623932156
0.4572046918
0.4545643303
0.4537901361
0.4529636395
0.4534184598
0.4530672692
0.4544485205
0.4546000332
0.4574408434
0.4595022711
0.4650507234
0.4717390398
0.4841126089
0.5031491572
0.5377789573
0.6056378157
0.7833183595
1030.525056
347.5656253
173.0384076
106.4635585
76.46166797
62.10474608
56.0877375
55.94693441
60.72357945
70.36564905
81.82290209
88.12953477
86.13536477
74.93773371
37.70709651
13.57379426
4.393278787
1.765416731
1.03256174
0.7773887646
0.4623633735
0.457141016
0.4544839404
0.4536533767
0.4527562804
0.4531652591
0.4527926279
0.4541063095
0.4542835337
0.4568744118
0.4588543425
0.4641845479
0.4706433082
0.4827102856
0.5013040492
0.5351940211
0.6015585892
0.7760593767
1037.078023
422.4728282
206.596026
119.6109399
82.23383124
64.87857912
57.39667492
56.52036657
60.83699462
70.07587508
81.53297396
87.94380542
86.08876484
75.07008486
37.99695059
13.69656509
4.43441354
1.775320721
1.03594597
0.7783062592
0.4570838871
0.4543693492
0.4535233596
0.4526196861
0.4529785758
0.4525289791
0.4537689042
0.4539481762
0.4564001846
0.4582287797
0.4634514539
0.4697279079
0.4815163453
0.4997032933
0.5329030225
0.597821067
0.7690623098
1048.321366
550.9424811
251.9390346
134.8934243
88.43015942
67.77274462
58.7665624
57.18051717
61.06651691
69.86381822
81.32105097
87.81237811
86.05564612
75.17683356
38.25486478
13.81373867
4.481321138
1.790315998
1.038148478
0.4542920769
0.4533909551
0.4524182676
0.4527326062
0.4522628627
0.453436168
0.4535204166
0.4558491549
0.4575994383
0.4626070173
0.4686616531
0.4801532394
0.49791284
0.5304019132
0.5938931187
0.7621819369
1064.488402
758.9177977
308.7600869
151.8624673
94.8134269
70.67746135
60.1343789
57.88881028
61.38518304
69.7234891
81.19071949
87.75620812
86.05394522
75.27822535
38.42963801
13.88268577
4.508822894
1.798343784
1.041909182
0.4532638512
0.4522844739
0.4525494916
0.452004001
0.4531048285
0.453140899
0.455382625
0.4569850696
0.4618887649
0.4677659244
0.4789872453
0.4963541558
0.5281813823
0.5902977638
0.7554169381
1084.977222
1090.222301
372.8313229
169.8611974
101.1541956
73.49861641
61.57927318
58.78700761
61.8799981
69.60172081
81.10371037
87.77493839
86.11889928
75.39656917
38.31848167
13.76391302
4.490744365
1.797185235
1.04049405
0.4520840417
0.4523049537
0.4517403433
0.4527742923
0.4527194158
0.4548366928
0.4563619815
0.4610474416
0.4667075223
0.4776366733
0.4945848795
0.5257205967
0.5864620618
0.7487627869
5027.750227
1598.865133
465.9611505
201.3444514
111.8388296
78.13933564
63.70205519
59.60714932
62.13615912
69.08005621
80.15895326
87.46787298
86.37828118
76.40940377
40.36767209
14.52472061
4.694442575
1.837706106
1.050375661
0.4514837278
0.4524456955
0.452341484
0.4543741201
0.4557528097
0.4603365479
0.4658219323
0.4764859924
0.4930510045
0.5235451414
0.5829655771
0.7422174283
21120.33801
2589.332277
554.7175815
215.6035388
117.5119967
80.72738212
65.18245225
60.21115022
62.28331975
68.9349173
79.52601708
87.23882891
86.48816429
77.04224511
42.15683898
15.25413588
4.907266759
1.890146619
1.063551764
0.4519230316
0.4538300443
0.4551380853
0.4594956084
0.4647701106
0.4751458793
0.4912999269
0.5211201359
0.5792142153
0.7357773826
21115.75957
2622.917451
552.0257212
213.4181438
118.3362714
81.81181055
66.04134438
60.67254877
62.37615126
68.94423059
79.24166355
87.10866212
86.58618472
77.57538201
43.93360978
15.93993617
5.115758733
1.940498069
1.073978064
0.4587917762
0.4638941415
0.4740099462
0.4897901108
0.5189884076
0.5758131643
0.7294419084
21123.65443
2271.660028
495.0030604
203.8471139
116.7565737
81.54753811
66.12826485
60.8150473
62.42119695
68.98466101
79.24267939
87.12464204
86.75478648
78.09178673
45.75400918
16.92015462
5.455149357
2.029350716
1.095905043
4828.47958
1070.678568
373.9174265
184.2253485
112.3242432
80.30613033
65.74525218
60.66226643
62.32130046
69.0668449
79.38483753
87.24769737
86.91639223
78.15126439
45.78668256
16.93016192
5.459897099
2.030707278
1.096728963
1197.223785
430.8817408
226.253172
148.232511
102.5273234
77.20937712
64.71119383
60.27934638
62.14288003
69.04130998
79.48766998
87.22707308
86.90328967
78.1172724
45.78880586
16.9347411
5.465395954
2.031753803
1.097391141
404.574476
215.2083569
150.9434086
118.709607
91.99251252
73.40754962
63.34886405
59.82248205
61.95474163
68.95826678
79.47190677
87.15544569
86.85876788
78.06742333
45.78411543
16.93837844
5.466612697
2.032437232
217.0628426
140.6976656
112.1979888
96.17544349
81.49549307
68.99188833
61.61174851
59.20460784
61.7097572
68.83700755
79.41845738
87.04332717
86.795134
77.99209892
45.77224299
16.93613776
5.469668351
2.032512584
174.835398
117.0636895
93.34377423
80.77921727
71.97228333
64.24148036
59.50814814
58.38770816
61.3851138
68.67368879
79.32123491
86.86882988
86.69379924
77.87994015
45.75275738
16.92780872
5.469303713
2.03291457
188.4943943
116.6487794
86.28919204
72.11383639
64.52079831
59.67641386
57.17113021
57.34690976
60.9566046
68.4658427
79.17992125
86.61683489
86.54207055
77.71486853
45.72506767
16.91379952
5.469908771
2.033597738
225.656159
132.1646374
89.54544903
69.50544523
60.0548414
56.100216
54.88323246
56.09261677
60.41810653
68.21352374
78.98637605
86.27051815
86.32610334
77.47978289
45.6703114
16.89475112
5.468892917
284.1244139
169.2789549
105.1846927
73.86624019
59.95182741
54.27674994
53.06806052
54.88116252
59.80051696
67.93074259
78.71985193
85.80226688
86.02043193
77.15817056
45.5827586
16.85845411
5.466520893
361.4434754
226.3141135
139.5011099
88.7476443
64.54423471
55.17673272
52.53031726
54.05033952
59.21644503
67.65299847
78.3424007
85.16663408
85.57052119
76.70691039
45.47099654
16.80730922
431.7860954
304.4275745
194.9355739
120.4324651
78.59453403
59.91691752
53.7966549
53.89675868
58.88384703
67.42557543
77.78575037
84.32224996
84.9381359
76.10868186
403.0519218
363.6279105
271.0605
177.3092586
108.9310236
72.59507903
58.32576976
55.22822769
59.0381815
67.19274941
76.91705452
0.5197021273
0.5331120726
0.5506300189
0.573092387
0.6027575606
0.6429163614
0.6985529242
0.7797166663
0.9043137629
1.114628372
1.519928739
0.4769678205
0.4778018509
0.4803413399
0.4833670592
0.4879974975
0.4932233674
0.5003551117
0.508684742
0.5196684999
0.5330665421
0.5505818062
0.5729866804
0.6026942658
0.642813172
0.6984229955
0.7795481003
0.9041096012
1.11437907
1.519718976
0.4936518182
0.4892209655
0.4843207429
0.479886166
0.4776686245
0.4769662678
0.4777819992
0.4803291265
0.4833477147
0.4879785007
0.4931971397
0.5003309372
0.5086505296
0.5196128449
0.5329757507
0.5505098444
0.5729143173
0.6026027415
0.6426671364
0.6982884263
0.7793372448
0.9038823712
1.114084637
1.519501243
0.5054884693
0.5027683278
0.5004356847
0.4970401045
0.4936744992
0.4892321201
0.4843467192
0.4798988119
0.4776722242
0.4769636867
0.4777662346
0.4803032728
0.4833089514
0.4879395032
0.4931434852
0.5002800648
0.5085807693
0.5195625896
0.5329349309
0.5504648592
0.5728059772
0.6025127445
0.6425483632
0.6981353098
0.779135544
0.9036351428
1.113791521
1.519244045
0.5273710723
0.5161216921
0.5094626575
0.5055002303
0.5027748207
0.5004473654
0.4970589426
0.4937072669
0.4892511962
0.4843665588
0.4799078858
0.4776714358
0.4769575682
0.4777432494
0.4802921766
0.4832916889
0.4879222523
0.493120063
0.5002575694
0.5085490845
0.5195157171
0.5328379345
0.5503743862
0.5727194242
0.6024158036
0.6423856193
0.6979702864
0.7788948982
0.9033650288
1.113442464
1.518968994
0.6984783236
0.6247927777
0.5762618835
0.5460508071
0.527389857
0.5161365191
0.5094731421
0.5055078772
0.5027892994
0.5004806268
0.4970793003
0.493728979
0.4892598573
0.4843909515
0.4799130377
0.4776698681
0.4769530896
0.477726608
0.4802622329
0.4832493637
0.4878785667
0.4930627788
0.5002003971
0.5084728181
0.5194491363
0.5327963774
0.550329282
0.5726108387
0.6023025836
0.6422460234
0.697793593
0.7786612679
0.9030732202
1.113103263
1.51865279
2.316682717
1.52513144
1.078012535
0.8304507894
0.6986711801
0.6248998576
0.5763568163
0.5461199133
0.5274415957
0.5161751136
0.5094981664
0.5055225424
0.5027993347
0.5004937838
0.4970972119
0.49376189
0.4892801681
0.4844120183
0.4799208191
0.4776667855
0.4769430132
0.4776982211
0.4802512202
0.4832320045
0.4878616141
0.4930398613
0.5001778688
0.5084414741
0.5194096334
0.5327002261
0.5502219177
0.5725053027
0.6021944322
0.6420676458
0.6975991176
0.7783880878
0.9027616374
1.112697398
1.518316308
123.350304
57.01498148
34.46510067
19.1922797
10.89682132
6.250959062
3.717428419
2.318001639
1.525813068
1.078337925
0.8306222886
0.6987731455
0.6249863086
0.5764126683
0.5461589027
0.5274699188
0.5161943766
0.5095085323
0.5055316519
0.5028160333
0.5005351598
0.4971236052
0.493787263
0.4892870905
0.4844430886
0.4799271048
0.4776635286
0.4769371054
0.4776802808
0.4802170432
0.4831841562
0.4878127175
0.4929768006
0.5001133824
0.5083571595
0.5193274906
0.5326401186
0.5501711666
0.5723958931
0.6020610821
0.6419045481
0.6973967202
0.7781232286
0.9024240124
1.112310102
1.51793776
2775.165259
580.1446157
123.7756181
57.11243174
34.45950046
19.21082305
10.90423659
6.256321624
3.720439775
2.319929014
1.52698217
1.079032741
0.8310363795
0.6990168248
0.6251475437
0.5765413514
0.5462536836
0.5275400881
0.5162431008
0.5095391563
0.5055528819
0.5028333551
0.500552945
0.4971415305
0.4938229004
0.4893114597
0.4844707317
0.4799379364
0.4776593533
0.4769237949
0.4776441002
0.4802047902
0.4831649098
0.4877946454
0.4929524915
0.5000893345
0.5083243488
0.5192910387
0.5325500813
0.5500511682
0.5722689484
0.6019365451
0.6417095205
0.6971741805
0.777815598
0.9020720199
1.111847601
1.517547955
2785.238738
581.2578167
123.9979298
57.1477988
34.48762837
19.22594361
10.91111944
6.261538363
3.723659362
2.32185996
1.527977312
1.079528829
0.8312668893
0.6991478697
0.6252787699
0.5766176731
0.546307083
0.5275763939
0.5162637278
0.5095488294
0.5055630721
0.5028533625
0.5006057693
0.4971772463
0.493855697
0.4893175961
0.4845132233
0.4799481742
0.4776555588
0.4769162964
0.4776247457
0.4801693751
0.4831089292
0.4877393473
0.4928814207
0.5000159507
0.5082299971
0.5191943484
0.5324683059
0.5499881556
0.5721559801
0.6017849164
0.6415218109
0.6969435123
0.7775195217
0.9016878863
1.111413053
1.517113964
2797.005322
584.976639
124.768819
57.27416827
34.48205634
19.24655394
10.92163626
6.268115415
3.727633558
2.324312713
1.529500148
1.080508233
0.8318190261
0.6994875507
0.6255238476
0.5768012653
0.5464424635
0.5276724404
0.516326078
0.5095894126
0.5055946417
0.5028844903
0.5006326661
0.4971946455
0.4938937364
0.489349154
0.4845529006
0.4799633314
0.4776491875
0.4768990456
0.4775787808
0.4801470849
0.4830864671
0.4877189768
0.4928540725
0.4999891584
0.5081942528
0.5191570586
0.5323821388
0.549858244
0.5720063565
0.6016395077
0.6413073427
0.6966931233
0.7771751188
0.9012947869
1.110892764
1.5166676
2811.610218
586.4161838
124.9080198
57.29685196
34.55041657
19.26360368
10.93263227
6.275010327
3.732249722
2.326948513
1.530869292
1.081203501
0.8321111854
0.6996557125
0.6257118771
0.5769056385
0.5465135856
0.5277141998
0.5163466063
0.5096005153
0.5056067583
0.5029090652
0.5006981188
0.4972427638
0.4939401789
0.4893578012
0.4846122982
0.4799780377
0.4776438215
0.4768888616
0.4775557748
0.4801135986
0.4830198735
0.4876549037
0.4927715585
0.499904181
0.5080865872
0.5190449753
0.532275763
0.5497766767
0.5718854965
0.6014696009
0.6410940037
0.6964312078
0.7768464722
0.9008625573
1.110409558
1.51617869
2829.526785
592.5858751
126.0944714
57.48104586
34.55091899
19.28712808
10.94805864
6.283352157
3.737560047
2.330081314
1.532897358
1.082501595
0.8329282156
0.7001590515
0.6260796125
0.5771707176
0.5467033086
0.5278433584
0.5164303726
0.5096580869
0.5056532409
0.5029647842
0.5007416236
0.497260193
0.4939794327
0.4894023428
0.4846705059
0.4799970309
0.4776341397
0.4768675816
0.477496356
0.4800767028
0.4829903184
0.4876305518
0.4927387864
0.4998727941
0.5080457766
0.5190032277
0.532190036
0.5496378205
0.5717117557
0.6012991952
0.640856237
0.6961520413
0.776463157
0.9004275847
1.109831537
1.515670795
2851.54429
594.6605214
126.1676689
57.50906751
34.66655832
19.30644659
10.96333558
6.291782947
3.743684952
2.333526849
1.534670339
1.083252644
0.8333141691
0.700382066
0.6263241296
0.5773026216
0.5467867267
0.5278841563
0.5164483215
0.509670675
0.505667864
0.5029970819
0.5008166805
0.4973249737
0.4940512355
0.4894202779
0.4847512498
0.4800149085
0.4776241768
0.4768482233
0.4774662768
0.4800459054
0.4829134318
0.4875528311
0.4926395111
0.4997719937
0.5079197406
0.5188720463
0.5320548018
0.5495307331
0.5715771626
0.6011089657
0.6406152565
0.6958553759
0.7760993275
0.899944918
1.109296186
1.515121822
2878.554932
605.0461439
127.8640441
57.81543652
34.67839442
19.33587022
10.98494931
6.302566141
3.750672482
2.337433422
1.537185386
1.084860884
0.8345010119
0.7012121138
0.6268831634
0.5776793495
0.5470438511
0.52805765
0.516568426
0.5097571206
0.5057346089
0.5030933972
0.5008894913
0.4973438498
0.4940912916
0.4894841275
0.4848336562
0.4800341475
0.4776117323
0.4768227554
0.4773895123
0.4799884772
0.4828620024
0.4875220709
0.492597453
0.4997327375
0.507870097
0.5188223148
0.5319647113
0.5493818713
0.5713762814
0.600908318
0.6403484824
0.695544035
0.7756730869
0.8994645438
1.108656562
1.514537626
2911.034156
608.3842001
127.8328966
57.86928865
34.84767469
19.36301272
11.00386811
6.312421204
3.758382917
2.341735385
1.539312159
1.085602762
0.8348217968
0.701497947
0.6272009998
0.5778289089
0.5471264719
0.5280951385
0.5165830372
0.5097666943
0.5057484968
0.5031429044
0.5009617544
0.4974261156
0.4942097431
0.4895331069
0.484932743
0.480047541
0.4775898835
0.4767849463
0.4773403606
0.479958453
0.4827755212
0.4874230293
0.4924728657
0.4996092056
0.507717815
0.5186650024
0.5317932901
0.549239879
0.5712196412
0.6006929694
0.6400754671
0.6952071298
0.7752688248
0.8989260389
1.108059887
1.513915434
2949.658983
625.9190697
130.3330276
58.38015936
34.85696757
19.40245013
11.03266842
6.327206712
3.767669982
2.346494308
1.542187743
1.087578176
0.8363653394
0.7027319417
0.6280931049
0.5784063904
0.5474950135
0.5283386981
0.5167559789
0.509899027
0.5058574304
0.5033053569
0.5010797028
0.497473605
0.4942625231
0.4896168049
0.4850334046
0.4800607143
0.4775654512
0.4767502398
0.4772457774
0.4798748415
0.4826850387
0.4873825035
0.4924157129
0.4995570309
0.5076533925
0.5186014896
0.531692137
0.5490780746
0.5709865146
0.6004548334
0.6397716531
0.6948577009
0.7747934215
0.8983942153
1.107352416
1.513240047
2994.154559
632.0691858
130.0787673
58.41433337
35.05575598
19.45435535
11.05462247
6.338839076
3.776904733
2.352005247
1.544805281
1.088456462
0.8365309966
0.7028254666
0.6283728664
0.5785494495
0.5475841783
0.5283830791
0.5167719615
0.5099092832
0.5058839314
0.5033759053
0.5011303304
0.4975646093
0.4944606022
0.4897242598
0.4851447609
0.4800583193
0.4775140561
0.4766756844
0.4771578273
0.4798346624
0.4825877356
0.4872500487
0.4922525904
0.4994000907
0.5074630854
0.5184081293
0.5314737394
0.5488881467
0.5707962509
0.6002067952
0.639460133
0.6944732768
0.7743420551
0.8977936161
1.106685249
1.512538481
3039.050306
668.1696858
134.3259718
59.18190463
35.04171034
19.50679136
11.0938102
6.362219953
3.790605522
2.358137871
1.548108542
1.09095244
0.8386808526
0.7045916682
0.6296785086
0.5793845585
0.5481405423
0.5287531688
0.5170282254
0.510107869
0.5060782309
0.503623978
0.50131026
0.4977305809
0.4945508903
0.4898148156
0.4852396366
0.4800501531
0.4774709454
0.4766216772
0.4770444378
0.4797101483
0.4824333509
0.4871956504
0.4921722039
0.4993281345
0.5073756564
0.5183216979
0.5313519828
0.5487089925
0.5705243538
0.5999219809
0.6391086488
0.6940774889
0.773808862
0.8972018442
1.10590254
1.511760475
3072.804746
701.7308524
134.0036149
59.1677848
35.29104084
19.62585522
11.12802604
6.380145522
3.80183454
2.365212315
1.552258435
1.09267256
0.8390519013
0.7045479479
0.6296980945
0.5793856543
0.5481646936
0.5287666571
0.5170232257
0.510108024
0.506118042
0.5037211305
0.5013638084
0.4978337779
0.494800705
0.489997019
0.485356386
0.4800172403
0.4773782282
0.4764988813
0.4768874159
0.4796539499
0.4823290474
0.4870327001
0.491948176
0.4991260329
0.50713213
0.5180817339
0.5310746299
0.548455083
0.570285283
0.5996308566
0.6387505708
0.6936362145
0.7733015913
0.8965307177
1.105153641
1.510985403
3118.160219
760.8596274
141.1591732
60.35353116
35.26369646
19.68340048
11.19298292
6.420997405
3.825377253
2.376122535
1.557532653
1.096260049
0.8422764348
0.7074575163
0.6319530021
0.5807526473
0.5490219282
0.5293048583
0.5174003407
0.5104179619
0.5064205107
0.5040834817
0.501651834
0.4982069315
0.4950332094
0.4901023251
0.4853941504
0.4799737881
0.4773033485
0.4764178574
0.4767669697
0.4794895936
0.4820847591
0.4869199058
0.4918386007
0.4990249776
0.5070131902
0.5179593204
0.5309199794
0.5482540594
0.569970345
0.5992915322
0.6383407453
0.6931855488
0.7727019168
0.8958701959
1.104292699
1.510120557
3159.694685
804.2285955
142.3410428
60.55941246
35.38217116
19.96102768
11.2703931
6.458746612
3.843904626
2.388831122
1.566607359
1.101152994
0.8441159092
0.7077889424
0.6319073983
0.5806993083
0.5490017523
0.5293179905
0.517408663
0.5104101089
0.5064456953
0.5042375647
0.5017555739
0.4983796672
0.4952423864
0.4902839627
0.485536577
0.479903196
0.4771492752
0.4762316937
0.4765274084
0.4793616831
0.4819570294
0.4867617562
0.4915389297
0.4987724873
0.5067103625
0.5176663965
0.5305798252
0.5479249758
0.5696684212
0.5989478917
0.6379308749
0.6926809297
0.7721323851
0.8951244889
1.103461048
1.509326177
3185.242062
881.4962338
153.3997703
62.15000329
35.36998495
20.09216227
11.40653148
6.542360519
3.89986976
2.418797957
1.580136722
1.10818591
0.8493323026
0.7126542697
0.6362232186
0.5833838066
0.5506857011
0.5303154433
0.5179840672
0.5108070847
0.5068596446
0.5048160748
0.5022393269
0.4989803474
0.4956272392
0.490505064
0.4855189731
0.4798183101
0.4770426185
0.4761171743
0.4763964686
0.4791975601
0.4816480021
0.4865388787
0.4913920554
0.4986342235
0.5065425906
0.5174980947
0.5303795058
0.5476965176
0.569310234
0.5985496768
0.6374528318
0.6921646286
0.7714538913
0.8943813691
1.102521395
1.508427171
3174.027381
910.1642891
160.3952597
62.83245352
35.55457206
20.69792118
11.61518434
6.66488012
3.956565445
2.452176017
1.6042029
1.122637944
0.8565163354
0.7155096589
0.6369051668
0.5835682058
0.5507830694
0.5303046061
0.517969462
0.5108435001
0.5070119759
0.5050658934
0.5024303057
0.4992247346
0.4957935235
0.4906394964
0.4857089233
0.4797251865
0.4768408359
0.4758760915
0.4760770715
0.4789387088
0.4814385936
0.4863959345
0.4910466429
0.498299147
0.5061558948
0.5171200927
0.5299425104
0.5472591525
0.5689021836
0.5981042888
0.6369351597
0.691522381
0.7707330154
0.8934459488
1.101486452
1.507637298
3132.628553
1029.627384
175.4166403
65.87446774
36.08341826
21.22254143
11.97401967
6.84203275
4.089282762
2.534882351
1.641896627
1.140251324
0.8668090071
0.7239159388
0.6446953801
0.5887542031
0.554031565
0.5322126232
0.5190913941
0.5116306431
0.5077405352
0.5058834985
0.5031676214
0.5000362285
0.4963254456
0.4911024744
0.4857177947
0.4795897466
0.4766883208
0.475705263
0.4759079975
0.4787706459
0.4811195519
0.4860419083
0.4907607009
0.4981155342
0.5059279423
0.5168875706
0.5296698589
0.5469434178
0.5684114306
0.5975293445
0.6362292653
0.6907551589
0.7697228896
0.8923384203
1.100172811
1.5068328
3040.848098
1022.272017
207.0344512
66.05207509
36.30596069
22.449811
12.41746359
7.184514702
4.243482681
2.60283072
1.693633461
1.173937717
0.8856072009
0.7335537445
0.6486286024
0.5900785085
0.5546260421
0.5324465037
0.5192584792
0.5118315461
0.5080384775
0.5062724294
0.5034753381
0.5003684466
0.4965774072
0.4912650593
0.4858672017
0.4795087868
0.4764724831
0.475439759
0.4755363879
0.4783645152
0.4807571553
0.4858503359
0.4903885108
0.4976224634
0.5053651375
0.5163133894
0.5290028374
0.5462579051
0.5677439845
0.5968086326
0.635405587
0.6897104914
0.7685443943
0.8908245282
1.098591122
1.505885182
2909.607414
1070.652746
224.7488038
70.1414823
37.5658835
23.64243129
13.29703483
7.503787137
4.488418443
2.795135907
1.781256787
1.212389946
0.9053340639
0.7470244013
0.6606408803
0.5992919685
0.560571841
0.5359558524
0.5213014159
0.5131437825
0.5090564155
0.5072776951
0.5045432651
0.5014340064
0.4973249024
0.4920273761
0.486079521
0.479407383
0.476267159
0.4752018672
0.475253594
0.4781468926
0.4804497139
0.4853445571
0.4898787186
0.4973676465
0.5050418428
0.5159750887
0.5286071659
0.5457755931
0.5670096456
0.5959028259
0.6342516651
0.6884391548
0.7668680119
0.8889935653
1.0965687
1.504632575
2735.294241
1160.987928
296.4594231
68.59470954
37.83732471
24.72212195
13.81460633
8.159881037
4.818553966
2.887380895
1.864510716
1.273554327
0.9410679167
0.7679844612
0.6714206908
0.6032181656
0.562281651
0.5367566658
0.5218215737
0.5135735113
0.5095551922
0.5079796263
0.5050090746
0.5019108748
0.4978215944
0.4923090832
0.486249765
0.4793920422
0.4760800347
0.474906252
0.4748407888
0.4776063667
0.4798624852
0.4850245058
0.4894744973
0.4966009248
0.504180938
0.5150601093
0.5275395533
0.5446573659
0.5658693411
0.5946717166
0.6328804352
0.6866785294
0.7648849015
0.8865124807
1.094029321
1.502808927
2543.635621
1266.050648
380.2220165
81.51753966
39.86367156
25.91417622
15.559826
8.619866858
5.136733963
3.253134009
2.035016015
1.344943093
0.9767239007
0.7888519278
0.6886323129
0.6179435962
0.5722235506
0.5428196233
0.525379192
0.5156224114
0.5109588575
0.5092311614
0.5065138733
0.503379646
0.4989169682
0.4935242953
0.4869020711
0.4794536359
0.4758518071
0.4745406726
0.4744235298
0.4772466105
0.4795280376
0.4843939492
0.4885979175
0.4962266675
0.5036975356
0.5145397465
0.5269293
0.5438773458
0.5647247598
0.5932159847
0.6309435644
0.6845138689
0.7620560561
0.8834290669
1.090655196
1.500154597
2350.118229
1352.013558
457.3004913
91.89564163
38.1157846
26.69334342
15.72551121
9.541076788
5.654710621
3.322358381
2.131210369
1.437656392
1.032334836
0.8249011431
0.7097833517
0.6264728631
0.576123762
0.5447459398
0.5264389221
0.516342615
0.5116467834
0.5103281937
0.5072313043
0.5041377945
0.4998518785
0.4940340088
0.4872406312
0.4795245453
0.4756497541
0.4741663723
0.473961159
0.4765753331
0.4786002767
0.4836445718
0.4881033865
0.4951609465
0.5022845278
0.5131163922
0.5251882647
0.542001358
0.5627284049
0.5910203402
0.6285692825
0.6814794483
0.7586618786
0.8792786753
1.086148103
1.496316357
2211.148872
1355.737315
649.8067193
147.0696019
47.50756349
28.22626326
18.06907991
10.12865527
6.080960286
3.895910145
2.409507283
1.550244069
1.0898624
0.8556565336
0.7339902018
0.6488613925
0.5919950858
0.5546645728
0.5323504467
0.5195814388
0.51372033
0.512050491
0.5093039097
0.5062405458
0.5014977068
0.4958693243
0.4885823642
0.4798591464
0.4754408838
0.4736839727
0.4733674729
0.4758544737
0.4781464066
0.4829548355
0.4867671811
0.4942027609
0.5015465875
0.5121180575
0.5240920524
0.5406589437
0.5608582475
0.5886581438
0.6252913379
0.6777527891
0.7538512607
0.8738476717
1.079956222
1.490891003
2115.939841
1250.579413
710.8666348
257.728065
53.99159126
30.09040985
18.01508998
11.74848368
6.821093914
3.947610998
2.529111385
1.683983589
1.171084598
0.9107410339
0.7682932508
0.6635250526
0.5991053282
0.5584554678
0.5342567712
0.5207918608
0.5147047883
0.5136353004
0.5106212938
0.5075377786
0.5031284492
0.4970629329
0.4893487507
0.4801641901
0.4752464184
0.4731806607
0.4727460337
0.4750274341
0.4768918761
0.481460345
0.485835803
0.4929235264
0.4994206041
0.5098841334
0.5213761057
0.5375250864
0.5573825948
0.584660671
0.6210454596
0.6724372556
0.7478526437
0.8665190829
1.071420683
1.483262775
2053.938201
1093.256
666.4244934
402.9408232
107.8231991
34.28660286
21.72977308
12.35330282
7.802897346
4.970053051
2.992817047
1.879077197
1.271364746
0.9589453262
0.8044768683
0.6994443315
0.6250894009
0.5750219505
0.5443159627
0.5263430556
0.517747925
0.5161507917
0.5135228136
0.5105768985
0.5056907621
0.4997900356
0.4917804334
0.480937373
0.4750450024
0.4725944435
0.4719381787
0.4737795573
0.47585665
0.4805680772
0.4841082853
0.4908432829
0.497755712
0.5079851698
0.5191519482
0.5350194924
0.5541108244
0.5807369015
0.6155107587
0.6659533459
0.7394834813
0.8564052605
1.059522785
1.472553234
1971.415514
947.0601434
597.5101649
416.2533678
229.9548307
50.75870058
21.77276366
15.16570132
8.720091592
4.855707779
3.246112826
2.113712305
1.411811664
1.053082559
0.8572358785
0.7215039915
0.6373525031
0.5824298064
0.5481256619
0.5284121709
0.5193207552
0.5184391844
0.5156567376
0.5127417609
0.5084229035
0.5021928458
0.4934880228
0.4814493335
0.4748547719
0.4718337775
0.4709851918
0.4725699335
0.4743277204
0.4781190685
0.4820506466
0.4889679693
0.4948652402
0.5044720636
0.5149410252
0.5299153236
0.5482450136
0.5735586553
0.6077546059
0.6564201081
0.7283008295
0.8426934874
1.043052524
1.457276628
1860.507428
830.8279906
523.177514
388.8793597
284.7025857
148.3511676
32.62374543
14.80299376
11.01431492
7.033748619
3.824634628
2.413497858
1.580991167
1.131665567
0.9202141773
0.7821611173
0.6795467585
0.6098411587
0.5653302817
0.5378693045
0.5244558684
0.5221501259
0.5199242379
0.5172378481
0.5124620534
0.5064565171
0.4975802023
0.4831324253
0.4747285435
0.4710453713
0.4698467138
0.4706982603
0.4722603171
0.4765726259
0.4798994723
0.4855547453
0.4913994375
0.5007992654
0.5106471208
0.5251179004
0.5421561544
0.5666621769
0.5983128148
0.6448407458
0.7132720449
0.8234577553
1.019576847
1.435128856
1727.421365
735.066484
455.6288815
346.1120939
276.4987223
206.8785677
108.9005699
29.12592645
13.52862102
7.16220856
4.993837954
2.894025728
1.852655929
1.298715754
0.9903275578
0.8103634197
0.6990846516
0.6221201177
0.5725029934
0.5419879857
0.5276907114
0.5256818901
0.5231848197
0.5207579002
0.516929974
0.5107912226
0.5013201967
0.484125526
0.4746098807
0.4699889356
0.468358629
0.4687239541
0.4702702757
0.4731559602
0.4759924661
0.4820261838
0.4871576396
0.4953291489
0.5040121604
0.5167808004
0.5325062708
0.5542732163
0.5841371376
0.6274046455
0.6918300175
0.7967910499
0.9868113812
1.402330927
1587.759004
654.6556215
400.4720836
303.5721308
253.2480317
210.1412892
159.9681221
87.32546473
28.01002024
10.8157912
5.880993392
3.821529197
2.235173196
1.486995031
1.135493027
0.9155667613
0.7654233602
0.6664971808
0.6001078679
0.5577737551
0.5357166482
0.530907475
0.5290081773
0.5267954557
0.5226655231
0.5171269455
0.5079466698
0.4873696005
0.4750545265
0.4690995844
0.4669121459
0.466404408
0.4671736706
0.4703022445
0.4730997441
0.4775561395
0.4817116333
0.48926969
0.4968907596
0.5088431224
0.5223933496
0.5428405283
0.5692378964
0.6084334411
0.6670755632
0.763881781
0.9435680192
1.356138785
1457.75802
592.9968809
359.7542234
270.9436485
228.4969814
200.0602246
169.9569098
129.0622044
65.95349488
22.21994301
8.169633258
4.618170347
2.869668956
1.747744476
1.222424975
0.9647109443
0.8006837249
0.6872304803
0.6132515539
0.5661657561
0.542120255
0.5352180925
0.5324677911
0.5307083118
0.5275985526
0.5221816875
0.5131688383
0.4894519038
0.475425307
0.4684268713
0.4653187989
0.4644412422
0.4651488562
0.4671846484
0.4689276738
0.4732997579
0.4770768188
0.483415716
0.4898668852
0.499740811
0.5118296312
0.5290778565
0.5525807632
0.5876200392
0.6404891776
0.7292053999
0.8982463867
1.304898607
1347.417711
545.910305
330.3592321
247.8529989
209.6691503
187.9443524
167.3274186
142.9303188
103.1378264
46.56310048
17.63811375
6.716922749
3.496122299
2.146856059
1.437453961
1.070798957
0.8645205757
0.7322407353
0.6419102667
0.583379245
0.5509834296
0.5402251479
0.537277374
0.5354066537
0.5321737394
0.5274067827
0.5182861563
0.4928529221
0.4764171161
0.4679997622
0.4643400992
0.4628760177
0.4628052031
0.4647763816
0.4665772825
0.4699736602
0.4727815116
0.4784911127
0.4839503827
0.4931457296
0.5034071296
0.5193676082
0.5402196892
0.5716544811
0.6193702611
0.7002746809
0.8571313557
1.251120034
1255.238189
505.1601978
306.2645669
229.9326845
193.7579051
174.9879333
161.671228
145.0353383
121.6378063
77.40167336
30.17525234
11.83496054
4.811149401
2.58875386
1.616800556
1.16243123
0.9128966557
0.7562774596
0.6566154466
0.5930484883
0.5568930136
0.5442115692
0.5399751245
0.5383973872
0.5358375842
0.5312582562
0.5218797224
0.4949278032
0.477028331
0.4677954582
0.4633491767
0.4615751482
0.4614306402
0.4627412008
0.463739965
0.4669383484
0.4695293956
0.4744191349
0.4791154815
0.4868171503
0.4960470739
0.5097681495
0.5283692615
0.5566972585
0.5999302416
0.673973569
0.8201429252
1.205800944
1181.437667
469.195121
285.2951448
215.2744783
180.5616657
162.9193486
153.8059124
142.9835907
128.7781876
101.6627672
53.78031458
19.59066864
7.846819485
3.354889268
1.943530114
1.295559082
0.9819185161
0.8029097874
0.6848844945
0.6087360549
0.565119739
0.5484621301
0.543623628
0.5417074118
0.5390994798
0.5351110497
0.525067822
0.4975885053
0.4779941864
0.4676715343
0.4627908217
0.4605565612
0.459871211
0.4610845293
0.4621178043
0.4647130347
0.4666088745
0.4710356765
0.4750142794
0.4822501049
0.4902078711
0.5029941782
0.5198140256
0.5456043868
0.5851307412
0.6532548238
0.7889521903
1.142231917
1126.124281
433.8354544
264.5875697
200.9743269
169.4834082
153.1876419
145.114706
139.2298747
129.063118
113.7944251
77.7336753
34.15540237
12.11734564
4.917377926
2.328257674
1.452705971
1.049302678
0.8306597405
0.7017239336
0.6204795558
0.5717154526
0.5521028916
0.5457213941
0.5439012374
0.541685709
0.5379352314
0.5273474864
0.499172197
0.4786227495
0.4676579337
0.4622086478
0.4597187007
0.4589657974
0.4597492724
0.4602306268
0.4626623617
0.4644122682
0.4682864498
0.4717704534
0.4779788446
0.4852436101
0.4965087872
0.5117528122
0.5353869791
0.5717509228
0.6347949179
0.7611921138
1.103217812
1089.924898
396.3030774
241.9795409
185.0038833
157.8359981
143.8731963
137.1035242
133.4779537
127.5355684
118.16402
95.67612175
51.78337719
19.59822026
6.984222521
3.004027984
1.658846109
1.134534554
0.8798578483
0.7273940388
0.6340349843
0.5790139148
0.5557378534
0.5484403441
0.5461618695
0.5439077154
0.5401662365
0.5295057119
0.501109194
0.4794213035
0.467683245
0.4618964602
0.4590818814
0.4579498906
0.4586581879
0.4591547594
0.4611934662
0.4624675069
0.4660280127
0.4690197191
0.4749146405
0.4813174042
0.4919488515
0.5060130712
0.5279357072
0.5617711229
0.6206296066
0.7386523814
1.039897102
1067.953361
355.8130611
214.5112266
165.0747253
143.2472843
132.8539588
128.4250654
126.9047996
124.4573089
117.9860621
104.4461923
69.05529245
29.62761378
10.47217167
3.854906891
1.912245589
1.221221649
0.9127463147
0.7468168667
0.6457164952
0.5852130273
0.5588888806
0.5500489826
0.5477158269
0.5456891769
0.5417932584
0.5309990547
0.5023197368
0.4799859929
0.4677334612
0.4615582395
0.4585602725
0.4573717284
0.4577833375
0.4579132489
0.4598367564
0.4610113973
0.4642009379
0.4668656424
0.4720675616
0.4780132741
0.487620347
0.5006183532
0.5210867097
0.5527750149
0.6080942741
0.7191406609
1.012496815
1056.334773
329.2050574
191.3655393
146.3321456
127.9852212
120.5722017
118.8257026
119.6231559
119.472952
116.7566217
108.2212887
82.69977278
40.63592262
14.75998883
5.210002099
2.244559752
1.329630595
0.9601165441
0.7688031669
0.6573434585
0.5914087987
0.561878394
0.5520608856
0.5492499036
0.5471974412
0.5431190372
0.5324288912
0.5037051162
0.4806124473
0.467826944
0.461387495
0.4581604169
0.456713552
0.4570725496
0.4572095604
0.4588652756
0.4597188881
0.462704264
0.4650386178
0.4700306866
0.4753971144
0.4845843499
0.4968035653
0.5161335221
0.5461329993
0.5986091166
0.7037394421
0.969658746
1047.156525
312.6444296
174.9372097
131.5145883
114.6483409
108.8623855
109.059745
111.8150169
114.4379765
114.0389916
108.7963266
92.19779771
51.54031079
19.76550758
6.744273312
2.668617432
1.444502896
0.9975216261
0.5503389873
0.5484177087
0.5440919484
0.5333748746
0.5045895437
0.4810641246
0.4678916393
0.4611893817
0.45783349
0.4563414674
0.4564984029
0.4563930674
0.45796718
0.4587653326
0.4614942603
0.4636072142
0.468136558
0.4732020719
0.4817012507
0.4932070809
0.5115655055
0.5401279762
0.590209885
0.6904959724
0.9481330224
1040.264387
302.4093856
164.3843376
120.9774701
104.316005
98.95674804
99.80610706
103.9812214
0.5343016446
0.5055541146
0.4815271709
0.4679922065
0.4610937979
0.457578583
0.4559104104
0.456033825
0.4559349493
0.4573193977
0.4579066874
0.4604973844
0.4623933638
0.4667831983
0.4714602689
0.479682867
0.4906737221
0.5082769636
0.5357184111
0.5839001065
0.6802072475
0.9293791167
0.5061801374
0.4818639192
0.4680538152
0.4609745294
0.4573701798
0.4556679994
0.4556544102
0.4553943844
0.4567238258
0.4572318155
0.4596899679
0.4614399178
0.4655218028
0.469999218
0.4777603704
0.4882752042
0.5052306733
0.5317141
0.5782932764
0.6713453209
0.9132499673
0.4821947133
0.4681367044
0.4609191631
0.4572050359
0.4553831159
0.4553480108
0.4550927616
0.4562919929
0.4567684479
0.4590271138
0.4606314345
0.4646209429
0.4688381243
0.4764167738
0.4865898546
0.5030436837
0.5287829813
0.574097523
0.6644886421
0.8995136107
0.4681893237
0.4608455867
0.4570702504
0.4552237803
0.4550959595
0.4547328866
0.4558969293
0.456208726
0.4584844723
0.4599951772
0.4637795408
0.4678631041
0.4751328562
0.4849882203
0.5010099082
0.5261105442
0.5703554289
0.6585681742
0.8882794973
0.4682461608
0.460812612
0.4569621585
0.4550349814
0.4548934642
0.4545324231
0.4556098267
0.4557913234
0.4580403552
0.459456374
0.4631788085
0.4670881417
0.4742368888
0.4838645681
0.4995522681
0.5241579359
0.5675608564
0.6539981617
0.8792267414
0.4607636689
0.4568688494
0.4549229527
0.4547142822
0.4542754431
0.4553271925
0.4555320935
0.4576506767
0.4589968518
0.4625699724
0.4663816147
0.4733056985
0.4827020897
0.4980754127
0.5222167911
0.5648420573
0.6496951199
0.8705009715
0.4607345258
0.4567802707
0.4547685242
0.4545477741
0.4541087118
0.4550858191
0.4552621535
0.4572731357
0.4585363836
0.4620527769
0.4657118139
0.4725290627
0.4817252504
0.4968056574
0.5205131637
0.5624004065
0.6456954971
0.8619186287
0.4606891489
0.4566968979
0.4546678632
0.4543843682
0.4538711926
0.4548236294
0.4549295942
0.4569013959
0.4580958075
0.461465334
0.4650271981
0.4716234149
0.480591155
0.495361284
0.518610913
0.5597318535
0.6414660858
0.8534752943
0.4566158905
0.4545260426
0.4542299799
0.4537147327
0.4545944656
0.4544482317
0.4565331988
0.4576497815
0.4609605945
0.4643714936
0.4708604044
0.4796286204
0.4941076363
0.5169264023
0.5573148223
0.6375018787
0.8451674135
0.4565390883
0.4544326414
0.4540762884
0.4534887425
0.4543435757
0.4539785753
0.4561713542
0.4572196116
0.4603837975
0.4636970956
0.4699661052
0.4785066765
0.4926765383
0.5150394912
0.5546658663
0.6333015234
0.8369904666
0.4564634712
0.4542994406
0.4539301795
0.4533392633
0.4541212039
0.4536633729
0.4558139342
0.4567825819
0.4598871952
0.4630517624
0.4692131917
0.4775550709
0.4914357103
0.5133710623
0.5522710376
0.6293721871
0.8289416161
0.4542111268
0.4537830962
0.4531209446
0.4538780256
0.4534888212
0.4554621411
0.4563623984
0.4593170477
0.4623844958
0.4683269416
0.4764422107
0.4900150056
0.5114969719
0.5496399724
0.6252013877
0.8210165341
0.4540839179
0.4536427486
0.4529763203
0.4536601598
0.4534317238
0.4551137477
0.4559305827
0.4588260007
0.4617470005
0.4675819269
0.4754995004
0.4887851072
0.50984308
0.547266624
0.6213086332
0.8132126707
0.4535002034
0.45276316
0.4534228058
0.4532188115
0.4547674417
0.455518682
0.4582597669
0.461084918
0.4667016434
0.4743937743
0.4873730049
0.5079803282
0.5446526957
0.6171685722
0.8055256046
0.4533639775
0.4526220404
0.4532082936
0.4529480654
0.4544220495
0.4550934264
0.4577734465
0.4604535614
0.4659631405
0.4734586716
0.486152862
0.5063400409
0.5423005042
0.6133138369
0.7979533175
0.4524124298
0.4529751552
0.4526460208
0.4540775294
0.454679977
0.4572091822
0.4597953446
0.4650875143
0.4723588529
0.4847482782
0.5044877975
0.5397035319
0.609206006
0.7904916123
0.4522739544
0.4527631108
0.4522771936
0.4537320674
0.4542085278
0.4567264788
0.4591692034
0.4643547384
0.4714306521
0.4835373477
0.5028608763
0.5373730276
0.6053920093
0.7831388538
0.452532846
0.4519279258
0.453388113
0.4537904802
0.4561653327
0.458513775
0.4634829286
0.4703360204
0.4821397159
0.5010188454
0.5347934275
0.6013186489
0.7758907075
0.4523247833
0.4514882469
0.453047149
0.4533275037
0.4556889656
0.4578989793
0.4627629298
0.469423788
0.4809500795
0.4994218585
0.5325089756
0.5975866207
0.7689025117
0.4511210164
0.4527121725
0.4528660855
0.4551415381
0.4572593886
0.4619133442
0.4683582893
0.4795911417
0.4976338571
0.5300123416
0.5936632719
0.7620307155
0.4523778094
0.4526616993
0.4546801543
0.456657152
0.4612080804
0.4674654776
0.4784291383
0.4960785913
0.5277978337
0.5900726941
0.7552740072
0.4522217752
0.4541332095
0.4560197725
0.4603631438
0.4664077733
0.4770825991
0.494311609
0.525341299
0.5862413164
0.7486278798
0.4536715547
0.4554237278
0.4596653887
0.4655249791
0.475935743
0.4927809978
0.5231716458
0.5827493337
0.742090418
0.4588244521
0.4644739621
0.4745997888
0.4910323728
0.5207510904
0.5790025521
0.7356580313
0.4734675431
0.4895257022
0.518624976
0.5756057321
0.7293299765
0.5178357834
0.5318653052
0.5486571549
0.571775462
0.6006888536
0.6414752242
0.6963496532
0.7780756196
0.9020550837
1.112861838
1.518442281
0.4751329799
0.4764636006
0.478695949
0.4821370191
0.4863148272
0.4920055466
0.498578809
0.5074597543
0.5178012241
0.5318175928
0.5486190974
0.5716752923
0.6006172061
0.6413667451
0.6962447269
0.7778911258
0.9018675137
1.112593274
1.518240328
0.4905970143
0.4855178608
0.4816395223
0.4773094613
0.4755932758
0.4751323526
0.4764512914
0.4786849583
0.4821163991
0.4862985661
0.4919760474
0.4985570911
0.5074236589
0.5177544456
0.5317211239
0.5485466773
0.5715886766
0.6005404252
0.6412201947
0.6960969513
0.7776843998
0.9016334329
1.112311143
1.518017187
0.4989780673
0.4971112848
0.4932950294
0.490623387
0.4855405564
0.4816594307
0.4773255143
0.4755972448
0.4751300435
0.4764265679
0.4786627629
0.4820751413
0.4862648526
0.4919157961
0.4985113325
0.5073492777
0.5177030741
0.53167815
0.5485085653
0.5714887259
0.6004474904
0.6410899429
0.6959670946
0.7774711949
0.9014049055
1.111997775
1.51776828
0.5115806846
0.5055660268
0.5020106716
0.4989982283
0.4971284565
0.4933123562
0.4906322631
0.4855621955
0.4816815215
0.477336992
0.4756000237
0.4751276971
0.4764148223
0.4786527996
0.4820569729
0.4862496863
0.4918894087
0.4984913275
0.5073158035
0.5176646171
0.5315813086
0.5484184292
0.5713874492
0.6003583654
0.6409331501
0.6957904104
0.7772335683
0.9011236726
1.111663367
1.517487368
0.5668932891
0.5389745552
0.5218576831
0.5116142703
0.505592589
0.5020276338
0.4990099091
0.4971380959
0.4933357785
0.490661068
0.4855862292
0.4816999961
0.477347529
0.4755995393
0.475121244
0.476386459
0.4786266223
0.4820128656
0.4862101047
0.4918262414
0.498439467
0.507235427
0.5175977518
0.5315275123
0.5483801002
0.5712879242
0.600247784
0.6407793605
0.6956337205
0.7769903204
0.9008541023
1.111303491
1.517179525
0.8076331313
0.6814834285
0.6116936111
0.5669886297
0.5390460831
0.5219067856
0.5116452128
0.5056108979
0.5020430355
0.4990294474
0.4971589301
0.4933565356
0.4906697292
0.485606066
0.4817267817
0.4773556391
0.4755987248
0.4751174202
0.4763738629
0.4786163509
0.4819949751
0.4861944914
0.4918008701
0.4984193269
0.5072023965
0.5175639183
0.5314372208
0.5482758579
0.5711684771
0.6001412583
0.640610304
0.69542969
0.7767212594
0.9005266528
1.110913729
1.516837507
3.582843755
2.23390967
1.47453216
1.04581143
0.8079464532
0.6816531912
0.6117889372
0.5670511171
0.5390926292
0.5219516478
0.511687179
0.5056435921
0.5020685189
0.4990416119
0.4971707325
0.4933802968
0.4907043341
0.4856349738
0.4817518742
0.4773663534
0.475596344
0.4751071841
0.4763405072
0.478585491
0.4819460304
0.4861482289
0.4917330074
0.4983599654
0.507114434
0.5174830576
0.5313655785
0.5482270251
0.5710672073
0.6000155031
0.640432443
0.6952444395
0.7764464333
0.900215238
1.110506498
1.516467227
533.8455743
123.3999214
60.11614501
35.37773972
18.79720671
10.62259413
6.056447622
3.586291971
2.23587601
1.475495555
1.046260788
0.8081844189
0.6818125628
0.611942505
0.5671802776
0.5391936799
0.5220210834
0.5117265892
0.5056640583
0.5020862253
0.4990632337
0.4971992642
0.4934084937
0.4907156031
0.4856545635
0.4817883657
0.4773761595
0.4755945531
0.4751020753
0.4763258835
0.4785737991
0.481926569
0.4861308229
0.4917068743
0.4983381273
0.5070800528
0.5174499968
0.5312814328
0.5481139615
0.5709289255
0.5998874246
0.6402482973
0.6950137804
0.7761457557
0.8998429358
1.110060271
1.516071987
2798.650154
535.0602267
123.7202133
60.19666766
35.38912091
18.81660685
10.63129882
6.062536921
3.590138844
2.238357096
1.476961202
1.04711014
0.8086541796
0.6820656383
0.6120982388
0.5672719291
0.5392572687
0.5220765155
0.5117759789
0.5057056401
0.5021215927
0.4990798808
0.4972158788
0.4934327874
0.4907590662
0.4856930842
0.4818233641
0.477390596
0.4755914749
0.475088735
0.4762863497
0.4785374866
0.4818707304
0.4860767523
0.4916323742
0.4982694853
0.5069824995
0.5173558572
0.5311898656
0.548048861
0.5708217857
0.5997475461
0.6400462748
0.6947985138
0.7758377463
0.899488563
1.109607478
1.515646268
2811.003959
537.8551667
124.3881076
60.30727967
35.40870705
18.84005592
10.6433411
6.070220283
3.594786738
2.240875159
1.478170218
1.047697729
0.8089163341
0.6822538059
0.6123158579
0.5674513385
0.5394032892
0.5221757881
0.5118292582
0.5057308458
0.502138516
0.4991051746
0.497255106
0.4934734664
0.4907743267
0.4857135723
0.4818737159
0.47740423
0.4755885438
0.4750819141
0.4762683349
0.4785233015
0.481848038
0.4860563815
0.4916039625
0.4982446252
0.5069453441
0.5173201347
0.5311088278
0.5479286475
0.5706646
0.5995943418
0.6398433475
0.6945404143
0.7755041503
0.8990714898
1.109102409
1.515193847
2826.249337
539.5329828
124.8214797
60.36793175
35.43014578
18.86284786
10.65702118
6.07836325
3.600220631
2.244224941
1.480212377
1.048954514
0.8096161768
0.6826489586
0.6125691119
0.5675921932
0.5394892044
0.5222383574
0.5118843355
0.5057828689
0.5021851832
0.4991340014
0.4972815249
0.4934972647
0.4908274504
0.4857696166
0.4819234501
0.4774230119
0.4755844724
0.4750641154
0.4762195403
0.4784793987
0.481781987
0.4859922283
0.4915196834
0.4981637908
0.5068349138
0.5172109935
0.5309950919
0.5478420567
0.5705463402
0.5994396306
0.6396166359
0.6942933469
0.7751607985
0.8986718103
1.108603587
1.514714449
2844.821333
544.1081645
125.7870363
60.47776489
35.46786516
18.89043668
10.67421089
6.088162995
3.60650552
2.247480428
1.481777193
1.049638571
0.8099397593
0.6828714808
0.6128590162
0.5678329155
0.539691998
0.5223798321
0.5119631174
0.505817624
0.502199205
0.4991637119
0.4973327859
0.4935570494
0.4908588544
0.4857944718
0.4819899015
0.4774402931
0.4755798895
0.4750544861
0.476196032
0.4784609787
0.4817538226
0.485967144
0.4914867994
0.4981339295
0.50679298
0.5171705571
0.5309133924
0.5477145713
0.5703698278
0.5992579463
0.6393907181
0.6940060435
0.7747927097
0.8982104853
1.108039371
1.514199447
2867.548061
546.5347703
126.3441742
60.5096122
35.5027195
18.91755211
10.69376996
6.098594337
3.613704077
2.251794449
1.484477523
1.051271526
0.8110228242
0.6835249572
0.6132686517
0.5680547003
0.5398068325
0.5224434778
0.5120156449
0.5058752261
0.5022585072
0.4992182037
0.4973796092
0.4935823558
0.4909190946
0.4858795573
0.4820597625
0.4774620903
0.4755730771
0.4750292612
0.4761326959
0.478405298
0.4816723859
0.4858889595
0.491387814
0.498036365
0.5066648662
0.5170420197
0.5307735103
0.547600544
0.570233838
0.5990856837
0.6391375894
0.6937245582
0.7744110833
0.8977620283
1.107491216
1.513661655
2895.261536
554.1760922
127.688135
60.63320052
35.57446223
18.95420728
10.71700411
6.111049303
3.622000124
2.256014969
1.486420693
1.051960913
0.8113738049
0.6838172213
0.6136238049
0.5683448038
0.5400657525
0.5226398593
0.5121392701
0.5059327581
0.5022709021
0.4992515405
0.4974397457
0.4936720567
0.490988086
0.4859152897
0.4821382826
0.477481562
0.4755644632
0.4750138101
0.4761001487
0.4783801157
0.4816351635
0.4858562358
0.4913467609
0.4979980405
0.5066145217
0.5169933574
0.5306862556
0.5474635971
0.5700359868
0.598870935
0.6388827416
0.6934038939
0.7740044849
0.8972539366
1.106863426
1.513067559
2928.64266
557.8067422
128.3867167
60.64549695
35.62901612
18.98997983
10.74309827
6.124327125
3.631067607
2.261271409
1.489704649
1.054017619
0.8128653708
0.6849202051
0.6143329107
0.5687171945
0.5402364989
0.5227090284
0.5121763694
0.505975526
0.5023310603
0.4993503708
0.497530037
0.4937034447
0.4910521435
0.4860437055
0.4822369379
0.4775023258
0.4755457615
0.4749726869
0.4760125072
0.4783062717
0.4815294641
0.4857571512
0.4912247924
0.4978764204
0.5064612635
0.516838455
0.5305132631
0.547313919
0.5698732682
0.5986756697
0.6385991702
0.6930833457
0.7735795705
0.8967504997
1.106257137
1.512460762
2968.399593
571.286093
130.1868154
60.8112595
35.76622542
19.04730825
10.77284434
6.14040559
3.641879415
2.266807374
1.492201877
1.054794237
0.8130700406
0.6851348267
0.6147199053
0.569039555
0.5405382474
0.5229608562
0.5123578273
0.5060847143
0.502384445
0.4993932671
0.4975868602
0.4938289275
0.4911983105
0.4861028758
0.4823103252
0.4775236803
0.4755293795
0.4749474753
0.4759648069
0.4782705279
0.481477635
0.4857124641
0.4911699407
0.4978243733
0.5063968036
0.516775806
0.530413788
0.5471632743
0.5696501752
0.5984214604
0.6383074314
0.6927228569
0.7731283229
0.8961908911
1.105560219
1.511771436
3014.712762
582.0345202
131.2384507
60.80074264
35.85998148
19.10013689
10.80727978
6.158262428
3.653201058
2.272968034
1.4959065
1.057338147
0.8150779623
0.6867271331
0.6158906863
0.5697020308
0.5408610228
0.5230775364
0.5123832929
0.5061023656
0.5024338936
0.4995401642
0.4977571779
0.4939130092
0.4912698793
0.4862557062
0.4824591191
0.4775385209
0.4754918162
0.4748814987
0.47583707
0.478167725
0.481333354
0.4855818825
0.4910120628
0.4976675769
0.5062073935
0.5165849168
0.5301972706
0.5469665072
0.5694484934
0.5981948256
0.6379871328
0.6923568049
0.7726537104
0.8956253361
1.10488597
1.511090931
3060.865189
618.0496963
133.850365
61.0518222
36.14864191
19.20303706
10.84732142
6.18104455
3.668093374
2.281008979
1.499813059
1.058826355
0.8154234832
0.6867541835
0.6160514122
0.5698943158
0.5411181524
0.5233461708
0.5126300034
0.5063062955
0.5025806692
0.4996537497
0.4978208976
0.4940485215
0.4915311829
0.4864074117
0.4824991217
0.4775449132
0.4754591188
0.4748394966
0.4757681459
0.478115067
0.4812588706
0.485519604
0.4909356217
0.4975947705
0.5061209478
0.516498792
0.530076228
0.5467960145
0.5691948411
0.5978930736
0.6376483104
0.6919475681
0.77214921
0.8950067306
1.104113455
1.51029287
3099.094154
645.0021907
135.2240054
61.24909958
36.33764493
19.27843244
10.89921322
6.209872092
3.684394684
2.289156462
1.504137883
1.061802896
0.8180884085
0.689174621
0.6179496648
0.5709878861
0.541707221
0.5236078462
0.5127241372
0.5063210441
0.5025602743
0.4997818729
0.4980829004
0.4943074249
0.4916575993
0.4865154397
0.4826827579
0.477532889
0.4753838658
0.4747301274
0.4755859107
0.4779673354
0.4810568158
0.4853444589
0.4907245721
0.4973889365
0.5058824978
0.5162614822
0.529804452
0.5465385984
0.5689387316
0.5976238169
0.6372830953
0.6915277986
0.7716165851
0.8943700166
1.103358871
1.50954655
3137.322269
699.3625827
138.6281605
61.91298972
36.67017399
19.46818084
10.96805899
6.250627142
3.709538978
2.303081706
1.512113173
1.06611046
0.8198939798
0.6895951453
0.6178886287
0.570939549
0.5418057294
0.5238385822
0.5129917605
0.5065397686
0.5027084723
0.5001629657
0.4982763979
0.4944482202
0.4919472059
0.486797059
0.4826891999
0.4775123962
0.4753243545
0.4746603546
0.4754880847
0.4778912223
0.4809512856
0.4852585367
0.4906180522
0.4972884149
0.5057643268
0.5161393877
0.5296503399
0.5463416296
0.5686508346
0.5972684169
0.6368875444
0.6910610073
0.7710501838
0.8936849593
1.102509839
1.508654471
3180.960692
736.818238
142.2698151
62.61739782
36.71505687
19.61124192
11.072373
6.310744566
3.741897545
2.320591253
1.5208597
1.070450658
0.8230459717
0.6928477593
0.6211459643
0.5731061285
0.5431224391
0.5245112927
0.5132229865
0.5065636286
0.5027131776
0.5003717684
0.4985050832
0.4948766084
0.492276345
0.4868594962
0.4828707444
0.4774621493
0.4751951209
0.4744906888
0.475238286
0.4776874642
0.4806792979
0.4850324326
0.4903477174
0.4970274765
0.5054714567
0.5158498889
0.5293188493
0.5460158187
0.5683273456
0.5969464098
0.6364718637
0.6905824298
0.7704545876
0.8929733391
1.101673426
1.50790104
3210.106006
824.3229458
147.3920899
63.3586949
36.91233517
20.02570831
11.23556376
6.404506981
3.801684182
2.353970755
1.539709972
1.081832192
0.8294315969
0.6958353628
0.6219902209
0.5730305173
0.5430520602
0.5245312076
0.5133585149
0.5068092612
0.5031065206
0.5010316652
0.4989433276
0.4952151541
0.4924964921
0.4872318493
0.4828737288
0.4774072768
0.4751031495
0.4743894505
0.4751084898
0.4775792865
0.4805368037
0.4849133255
0.4901903444
0.496887504
0.5053089168
0.5156832257
0.5291217718
0.5457868783
0.5680060964
0.5965383896
0.6360148115
0.6900524361
0.7698197279
0.8922164109
1.100759172
1.506973165
3200.382569
863.5789557
157.210873
64.94081799
37.11651678
20.4596802
11.48973825
6.558403001
3.878728861
2.398590272
1.565656867
1.093942637
0.8352272359
0.7002176096
0.6264455613
0.5770424573
0.5456237168
0.5259405211
0.5140071339
0.5070310343
0.503234289
0.5013348764
0.4991373956
0.4956771417
0.49300527
0.4872983791
0.4830192345
0.477328594
0.4749225236
0.4741630392
0.4747879408
0.477306414
0.4801892594
0.4846263268
0.489857598
0.4965557001
0.5049404406
0.5153141811
0.5287012947
0.5453684321
0.567578155
0.5961218684
0.6354989122
0.6894545559
0.7690818732
0.891333882
1.099732116
1.50621009
3162.354772
994.1829443
164.4512113
66.39320883
37.3828409
21.27260477
11.8903833
6.763488433
4.024287321
2.483460949
1.607846403
1.118485668
0.8503595948
0.7091369523
0.6312602332
0.578187926
0.5457020746
0.5259260158
0.51398438
0.5072159674
0.5037838634
0.5022219461
0.4998352042
0.4963677645
0.4932299767
0.4877616302
0.4831597044
0.4772450279
0.4747905534
0.4740150791
0.4746268706
0.4771579846
0.4800058436
0.4844631695
0.4896210756
0.4963692753
0.5047205442
0.5150869432
0.5284336908
0.5450473028
0.5671391266
0.5955456049
0.6348278062
0.6886727197
0.7681400007
0.8902200866
1.098462415
1.505416348
3071.140297
1013.479544
197.3428329
67.87997783
38.45045321
22.43095746
12.4372821
7.145065166
4.195555336
2.571656191
1.668005133
1.149429137
0.8641243929
0.7173781401
0.6378865484
0.5839270022
0.5502518297
0.5284217059
0.51538475
0.5080821573
0.5043849343
0.5027178222
0.5001106066
0.4968149831
0.4938342466
0.4879775314
0.4832202229
0.4771596468
0.4745918387
0.4737559187
0.4742170369
0.476786433
0.4795513619
0.4840667141
0.489185511
0.4958937071
0.5041820651
0.5145284821
0.5277896165
0.5444041197
0.5664450036
0.594862318
0.6340015084
0.6876997389
0.7669329676
0.8887780403
1.096888876
1.504497988
2933.988912
1047.733603
205.645057
71.40181485
39.10169344
23.62603983
13.28714259
7.4814422
4.472976683
2.759965307
1.750964367
1.19338025
0.8925109749
0.7345918854
0.6481176492
0.5883545338
0.5513198896
0.5288216722
0.5156849932
0.5084174214
0.5049679311
0.5036284748
0.5011149038
0.4978656072
0.4942605808
0.4885335483
0.4835832111
0.4770850144
0.474386625
0.4735238008
0.4740198909
0.4765832013
0.4793131089
0.4838333323
0.4888218008
0.4956346238
0.5038693467
0.5141999066
0.5273999624
0.5439022199
0.5657769417
0.5939640754
0.632902618
0.6863980447
0.7653538981
0.8869387631
1.094920703
1.503271093
2753.627923
1114.875143
273.980629
71.83318112
40.58912021
25.45227677
14.04075356
8.223388909
4.790949619
2.881596258
1.859220283
1.258632688
0.9203136426
0.7502973791
0.6599078678
0.5972528425
0.5583787322
0.5332884262
0.5182155735
0.5099388213
0.5060106555
0.5045194382
0.5015379992
0.4983837809
0.4949769527
0.4891104981
0.4836774638
0.4770550705
0.474210992
0.4732680328
0.4735446409
0.476059252
0.4786988961
0.4832553636
0.488232478
0.4949363078
0.503031097
0.5133113973
0.5263657599
0.5428651408
0.5646089531
0.5927800098
0.6315127637
0.6847529192
0.7633258393
0.8845483731
1.092396081
1.501488267
2545.921336
1225.528424
339.0837613
79.44871221
41.63484183
26.12479587
15.55660548
8.603533351
5.180398609
3.231263893
2.000024019
1.321882265
0.9654365428
0.7784962999
0.6767147741
0.6058514378
0.5617447996
0.5343919544
0.5190012017
0.5105660097
0.506742874
0.5054741436
0.5029394794
0.4998456846
0.495831434
0.489867929
0.484343565
0.4770683134
0.4739722297
0.4729336444
0.4731743847
0.4757615428
0.4783761272
0.4829011388
0.4876627426
0.4945018168
0.5025650525
0.5128078799
0.5257622091
0.5420380331
0.5635369165
0.5913418441
0.6296740897
0.6825287085
0.7606275909
0.8814616703
1.08908831
1.498868649
2331.516249
1358.016446
438.7942221
95.07572995
43.16666221
27.93194872
16.13169674
9.718952225
5.64065133
3.337649937
2.156979889
1.440517089
1.014812427
0.8051598555
0.6970114318
0.620985011
0.5726962357
0.5420696053
0.5232720107
0.5128469498
0.5081447304
0.5068608519
0.5036654957
0.5005945054
0.496805655
0.4909047431
0.4846285995
0.4770689627
0.4737755389
0.472654452
0.4726369447
0.4750861091
0.477465449
0.4820038651
0.4868055431
0.4935279315
0.5011846179
0.5113389387
0.5240431184
0.5403009599
0.5615337892
0.5892167877
0.627237218
0.6796720307
0.7571785689
0.8774167537
1.084613658
1.49507432
2173.313035
1400.811522
602.4418585
137.6630485
48.65503586
28.74651073
18.38896719
10.16291509
6.168691975
3.878253616
2.353776804
1.514176587
1.077553516
0.8464936093
0.7212984947
0.6342463706
0.5792761262
0.5442045429
0.5247043877
0.513980437
0.5093919323
0.5080945546
0.5055156982
0.5026272414
0.4983168601
0.4920923227
0.4857020181
0.4772947243
0.4735817944
0.4722014116
0.4720224089
0.4744794305
0.4770110048
0.4814646389
0.485942608
0.4925787369
0.5004461887
0.5105334522
0.5230558587
0.5388869107
0.5597203952
0.5868556373
0.6241450423
0.6758529469
0.7525216523
0.8720081325
1.078495913
1.48968999
2083.514297
1307.930814
721.2675949
236.3303514
57.33516066
31.79430442
18.71285289
12.05480511
6.899803782
4.019767596
2.612051477
1.714878226
1.15759601
0.8877052942
0.7544247704
0.6594477563
0.5967718252
0.5568939636
0.5319829337
0.5174048174
0.5110478451
0.5100362429
0.5069096995
0.50387052
0.4998048961
0.4937887516
0.4865029928
0.4775451548
0.4733647484
0.4716921168
0.471376864
0.4736566428
0.4756841079
0.4799832207
0.4845191347
0.4912378691
0.498463777
0.5081050001
0.5202206922
0.5359051556
0.5562808554
0.5830177923
0.6197539534
0.6707718948
0.7464909115
0.8647888931
1.070017468
1.482111192
2036.659248
1135.900937
683.0606116
378.1839907
95.03516524
34.24964387
21.91289784
12.48057059
7.761536677
4.893166788
2.883923664
1.823565346
1.264593135
0.9541228091
0.789105703
0.6794864747
0.6081935112
0.5612854035
0.5345330547
0.519882753
0.5132185197
0.5119181795
0.5094426019
0.5067326938
0.5022833755
0.495776687
0.4884016314
0.4780745995
0.4731385183
0.4710746667
0.4705511165
0.472513821
0.474835113
0.4791641245
0.4833187957
0.489515982
0.4966726065
0.5065340456
0.5183358989
0.533406176
0.5530805875
0.5789886287
0.6145227009
0.6642091041
0.7382679946
0.8547472418
1.058202995
1.471457519
1967.143183
972.1684086
614.6480192
421.9755597
205.1795837
47.45125126
23.19912786
15.59925816
9.099819989
5.136413656
3.388717273
2.153106622
1.37955968
1.016895592
0.8429046293
0.7202563969
0.6368187342
0.5823801103
0.5470177332
0.5246532749
0.5152597773
0.5145637742
0.5116704879
0.5087884582
0.5047002841
0.4985722514
0.4901756364
0.4785272333
0.4728664672
0.4702935426
0.4696140236
0.4713847888
0.4731310247
0.4767072454
0.4808408303
0.4872185885
0.4939647964
0.5029415206
0.5137823958
0.528329126
0.5471994628
0.5721699447
0.6065698428
0.6549034795
0.7271229885
0.8411467289
1.041818752
1.456245429
1863.545547
845.6222404
537.5709761
397.9564344
283.1930469
131.4232044
29.68958178
15.2116775
10.54097351
6.665484005
3.697012032
2.372263015
1.611322078
1.139108631
0.8951517674
0.7515863526
0.6556458791
0.5905098643
0.5521781518
0.5309715644
0.5194428572
0.5174914424
0.5154306033
0.5129750987
0.5086387877
0.5019634165
0.493488765
0.4796422833
0.4725215822
0.4694613709
0.4684740225
0.4695362673
0.4712448897
0.4754198404
0.4790978462
0.4845683465
0.4905601308
0.4993769016
0.5099829527
0.5237639879
0.5414111793
0.5650046896
0.5974627102
0.6433571501
0.7122182183
0.8220409306
1.018454519
1.434177015
1733.94645
745.9417909
466.7406366
356.1109466
280.7861148
202.0850543
96.76844236
27.33593286
11.85095625
7.488552107
4.997724582
2.85420546
1.738709788
1.240433877
0.9856119068
0.8123732965
0.6998139658
0.6237482633
0.5701686155
0.5362944343
0.5229096782
0.5213401777
0.5187163951
0.5162678879
0.51261536
0.5065962549
0.4971777471
0.4804379245
0.4722997965
0.4683358459
0.466985664
0.4677140647
0.4691746893
0.471967161
0.4749763223
0.4803607899
0.4861633637
0.4940608587
0.502999516
0.515330009
0.5314157022
0.5531306092
0.5832072552
0.6260829529
0.6908880433
0.7955145715
0.985807436
1.401466853
1598.252342
664.400604
409.6794261
312.7362933
260.5684029
213.1993014
156.0762736
73.72915603
22.45404296
9.048097724
5.533311962
3.743337218
2.293429952
1.466207172
1.07844481
0.8731858086
0.7335407979
0.6415680049
0.5860356914
0.5496894306
0.5297962706
0.5255927283
0.5239490892
0.5218986455
0.5181572928
0.5119081981
0.5025485822
0.482711785
0.472328257
0.4673428293
0.4655412666
0.4653611403
0.4662143671
0.4693179783
0.4722516934
0.4767388084
0.481214945
0.4880361102
0.4963179978
0.5076798629
0.5220129132
0.5415079328
0.5685052962
0.6072629053
0.6662671627
0.7627747888
0.9427157082
1.355396292
1471.973461
603.1742002
368.2064123
279.2591329
236.5842931
205.6250659
172.1594173
122.8367412
53.62796907
21.47997875
7.890979863
4.438401679
2.718646927
1.716894385
1.219490629
0.9493845645
0.7915915081
0.6796553018
0.6038417427
0.5583033438
0.5360184865
0.5300145204
0.5272794447
0.5254914627
0.5226325305
0.5171801989
0.5067200758
0.4843162986
0.4724627121
0.4665020537
0.4640329913
0.4634652006
0.4641823087
0.4661831716
0.4681152086
0.4720169391
0.4761597421
0.4822988012
0.4890775604
0.4985878606
0.5109158159
0.528013036
0.5519126551
0.586557117
0.6397814468
0.7282265007
0.8974980233
1.304204571
1364.987849
557.5097715
339.0777203
255.7986949
217.4844043
194.5270609
171.4403966
142.8225402
93.39627466
35.15409468
14.0770142
5.853118373
3.393950185
2.037280214
1.361675803
1.024473194
0.8281831428
0.7056593267
0.6240804273
0.5717679214
0.5431199652
0.5341709182
0.5316712733
0.5298771414
0.5269793438
0.5217103463
0.5110089849
0.4868452113
0.4730073792
0.4659911413
0.4629784993
0.4618626204
0.4619160119
0.4639048541
0.4657979887
0.4691604894
0.4723476655
0.4774378236
0.483447824
0.492109768
0.5030725304
0.5183190569
0.5396365068
0.570701614
0.6187547816
0.6994127329
0.8564858681
1.25055554
1274.879408
518.8938986
316.0029998
238.2500364
201.1994279
182.3118289
166.9054978
148.2538666
118.4065456
64.0415053
22.77685335
8.912666289
4.227039561
2.460382173
1.560570981
1.121176407
0.8876956027
0.7399979155
0.6432068299
0.5822043698
0.5487518109
0.5379302628
0.5341740969
0.5326052925
0.5303431029
0.5257246962
0.5139963116
0.4884255455
0.4733674044
0.4655965716
0.4619919505
0.4606094914
0.460538008
0.461851415
0.4630274709
0.4658850041
0.4687667934
0.4734118285
0.4784741214
0.4858285373
0.4953317424
0.5088095395
0.5278391618
0.5558096885
0.5993745892
0.6731902727
0.8195691602
1.205252203
1201.637261
484.9660487
296.2564892
224.0719957
188.4902547
170.608211
160.6725102
147.306628
129.6213001
92.21675562
41.45489218
15.03609641
5.986327767
3.018933281
1.791205147
1.225135715
0.9343062983
0.7681558778
0.6627354546
0.5948720735
0.5556965192
0.5414784409
0.5374888069
0.5356789797
0.5333921156
0.5291430491
0.5168355396
0.4903840356
0.4739398471
0.4653639015
0.4613395946
0.4595578262
0.459022531
0.4602754858
0.4614122135
0.46392745
0.4661839659
0.4700842738
0.4745652561
0.4813117394
0.4898899153
0.5020886663
0.5193325459
0.544786424
0.5846328808
0.652546295
0.7884355746
1.141607541
1145.167798
452.2654846
277.3199515
210.922982
178.124545
161.2731413
152.6945269
144.8091547
132.9284591
110.4231669
63.89051981
24.63932865
9.013908268
3.838740074
2.112533531
1.356634527
1.00399294
0.8045329312
0.6823234101
0.6057046349
0.5614482931
0.544732673
0.539376659
0.5376700969
0.535777055
0.5316049607
0.5188711819
0.4916523747
0.4743411295
0.4651818691
0.4607424663
0.4587368617
0.4581158012
0.458925652
0.4595753958
0.4617304255
0.4637616285
0.4673613453
0.4712238711
0.4770831244
0.4846607694
0.4956378631
0.5113051065
0.5346100926
0.5712895139
0.6341347408
0.7607174693
1.102696033
0.5378544898
0.5335169253
0.5208300587
0.4931432829
0.4748525519
0.4651011794
0.4603516261
0.4580718293
0.4571254245
0.4578853915
0.4585010119
0.4604283177
0.4620461642
0.4651408319
0.468600777
0.4740449768
0.481006011
0.4911247643
0.5055958371
0.5272035256
0.5613462534
0.6200174856
0.738217182
1.039433719
0.5221971165
0.4941440588
0.4752410442
0.4650461317
0.4599930959
0.457553956
0.4565425495
0.457000837
0.4572934986
0.4589765325
0.4604389918
0.4633304656
0.4663810985
0.471229667
0.4775179098
0.486812151
0.5002223894
0.5203808951
0.5523730094
0.6075128575
0.7187329797
1.012032661
0.4756655314
0.4650422727
0.4597623546
0.4571312343
0.4558998186
0.4563211682
0.4565889637
0.4581166992
0.4593046491
0.4618578618
0.4646376978
0.4692080812
0.4750872091
0.4838105845
0.4964271279
0.5154568929
0.5457545002
0.5980590577
0.7033576976
0.9692998261
0.4650507806
0.4595457476
0.4568027167
0.4555226248
0.4557396541
0.4557945657
0.4571561142
0.4582407122
0.4606569504
0.4631641749
0.4673357024
0.472765029
0.4809361846
0.4928442473
0.5109060968
0.5397641568
0.5896797362
0.6901327403
0.9477894487
0.45940737
0.4565307796
0.4551010556
0.4552952666
0.4553345055
0.4565851143
0.4574888443
0.4596790926
0.4620057864
0.4659918786
0.4711496923
0.4789416248
0.4903235292
0.5076368436
0.5353699272
0.5833906511
0.6798614021
0.9290466622
0.4592740134
0.4563200149
0.4548545765
0.4549108585
0.4548087871
0.4559476474
0.4567826958
0.4588808448
0.4610253554
0.4647443729
0.4696017609
0.4770245004
0.4879338359
0.504601935
0.5313751752
0.5777968932
0.671011715
0.912925951
0.456143381
0.4545761302
0.454618175
0.4545070499
0.4555674044
0.4562824926
0.4582298748
0.4602541555
0.463849615
0.4685264521
0.4756968913
0.4862567417
0.5024277917
0.528454147
0.5736148818
0.6641666263
0.8991962518
0.4560067917
0.4544139915
0.454362891
0.4541576482
0.4551430539
0.4558127792
0.4576978887
0.4596003354
0.4630168865
0.4674929488
0.474416508
0.484660915
0.5004015962
0.5257879962
0.5698814535
0.6582543224
0.8879712446
0.4558910773
0.4542294948
0.4541693412
0.4539574969
0.4548898406
0.4554795858
0.457263386
0.4590858167
0.4624199658
0.4667756862
0.4735310331
0.4835427179
0.4989525521
0.5238420761
0.5670960666
0.6536919649
0.878926008
0.4541153815
0.4539877517
0.4537078175
0.4545857335
0.4551424377
0.4568800015
0.4586138243
0.4618175885
0.46602709
0.4726025423
0.4823846623
0.4974815209
0.5219059776
0.5643843781
0.6493961793
0.870213951
0.4539642198
0.4538284283
0.4535405118
0.4543729192
0.4548600891
0.4565086003
0.458172196
0.461303213
0.4654068228
0.4718345638
0.4814125693
0.4962194391
0.5202086799
0.561951812
0.6454054118
0.8616447497
0.45386123
0.4536621259
0.4533087717
0.454088262
0.4545425627
0.4561426627
0.4577194012
0.4607219415
0.4646811069
0.470931018
0.4802822664
0.4947802872
0.5183111022
0.5592902684
0.6411836987
0.8532140804
0.4535137237
0.4531510071
0.4538857708
0.4542719624
0.4557827903
0.4572896331
0.4602192715
0.4640727188
0.4701754885
0.4793236806
0.4935334571
0.51663208
0.5568814533
0.6372273791
0.8449184898
0.4533566715
0.4529298312
0.4536123225
0.4539654104
0.4554263782
0.4568467729
0.4596483302
0.4633576137
0.4692828282
0.478204825
0.4921068192
0.5147491175
0.5542387878
0.6330339763
0.8367534416
0.4532157181
0.452778598
0.4534168645
0.4537013299
0.4550751721
0.45642524
0.4591539271
0.4627577986
0.4685365228
0.4772566068
0.4908722229
0.5130855832
0.5518515379
0.6291117191
0.8287161742
0.4525645482
0.4531510371
0.4534013219
0.4547258637
0.4559892755
0.4585901714
0.4620502113
0.4676517452
0.4761463448
0.4894554559
0.5112149297
0.5492262406
0.6249472632
0.8208023944
0.4524178761
0.45296049
0.4531421471
0.454380268
0.4555736482
0.4581018566
0.4614569057
0.4669126868
0.47520663
0.4882314065
0.5095655375
0.5468600627
0.6210610675
0.8130095755
0.4526999393
0.4528475021
0.4540355797
0.4551426123
0.4575432428
0.4607548407
0.4660338683
0.4741031607
0.4868228845
0.5077058629
0.5442515332
0.6169268937
0.8053333341
0.4525129234
0.4525924307
0.4536938127
0.4547313759
0.4570596273
0.4601667367
0.4653008075
0.4731707799
0.4856083349
0.5060698048
0.5419062416
0.6130783479
0.7977716353
0.4522561264
0.4523020699
0.4533524448
0.4543039879
0.4565048333
0.4594689137
0.4644267255
0.4720729791
0.484207074
0.5042203708
0.5393143784
0.608975999
0.7903203157
0.4520503454
0.45301346
0.4538961949
0.456025059
0.4588852212
0.4636989393
0.4711473058
0.4830015528
0.5025974786
0.5369905643
0.6051678543
0.7829777482
0.4517634391
0.45267455
0.4534715999
0.4554732339
0.4581908316
0.4628288476
0.470054528
0.4816070599
0.5007580699
0.5344158691
0.6010996899
0.775739612
0.4523410406
0.4530707928
0.4550016098
0.4576169635
0.4621132688
0.4691445781
0.4804225441
0.4991647881
0.5321376831
0.5973728427
0.7687598311
0.4526573881
0.4544636479
0.4569402261
0.4612655242
0.4680806001
0.4790663007
0.497378909
0.5296452327
0.5934536684
0.7618961697
0.452263646
0.4540001465
0.4563770495
0.4605640371
0.4671898604
0.4779091415
0.4958270579
0.5274365408
0.5898676475
0.7551473253
0.4534643366
0.4557038433
0.4597213693
0.4661335712
0.4765651545
0.4940620647
0.5249839728
0.5860402075
0.7485088072
0.4590267506
0.465252708
0.4754230092
0.4925347315
0.5228199278
0.5825525158
0.7419788217
0.4642031247
0.4740897022
0.4907882311
0.520403489
0.5788098786
0.7355536841
0.4892847277
0.5182828031
0.5754171098
0.7292326513
0.5161429353
0.5307274013
0.5468345914
0.5706067156
0.5987412475
0.6401839179
0.6943249769
0.7765194681
0.900082648
1.111104282
1.517142594
0.4734746316
0.4752130237
0.4772090943
0.4809730293
0.4847985345
0.4908481698
0.4970007467
0.5063017212
0.5161184121
0.5306733473
0.5468019727
0.5705009743
0.5986723945
0.6400773087
0.6942147833
0.7763527431
0.8998740088
1.110854326
1.516934254
0.4872465025
0.4823777257
0.4787840023
0.475057636
0.4737446486
0.473474164
0.4752000927
0.4771989182
0.4809508184
0.4847839369
0.4908178647
0.496981438
0.5062620573
0.5160795956
0.5305670464
0.5467402782
0.5704044577
0.5986041105
0.6399253036
0.6940682854
0.776150807
0.8996349704
1.110577555
1.516709053
0.4952001289
0.4934378491
0.4898051034
0.4872951963
0.4824274207
0.4788015936
0.4750726417
0.4737482762
0.4734723146
0.4751742078
0.4771782524
0.4809064879
0.4847536964
0.4907560091
0.4969401598
0.5061805748
0.5160357544
0.5305137122
0.5467075207
0.5702989591
0.5985149557
0.6397950108
0.6939368363
0.775951317
0.899389107
1.110280608
1.516454798
0.5073157899
0.5016576827
0.498102415
0.4952295396
0.4934684769
0.4898395442
0.4873150354
0.4824682119
0.4788249248
0.4750844445
0.4737518863
0.473470476
0.4751622067
0.4771688035
0.4808871394
0.4847402082
0.4907288821
0.4969217866
0.5061444476
0.5160037398
0.5304117327
0.5466276141
0.57018853
0.5984349666
0.6396319895
0.6937651768
0.7757126497
0.8991074333
1.109950362
1.516171999
0.5326345764
0.5168231816
0.5073482667
0.5016884328
0.4981264924
0.4952470446
0.4934830379
0.4898688679
0.4873662933
0.4825159351
0.4788356173
0.4750956159
0.4737522019
0.4734644209
0.4751331838
0.4771435785
0.480840813
0.4847042115
0.4906642506
0.4968731285
0.5060589137
0.5159431905
0.5303462233
0.5465943309
0.5700839012
0.5983283799
0.6394775605
0.6936082338
0.7754807892
0.8988239112
1.109604366
1.51585977
0.665715041
0.5999984643
0.5586009374
0.5327109856
0.5168765785
0.5073806684
0.5017064
0.4981427054
0.4952762264
0.4935184517
0.4899108005
0.487388339
0.482550508
0.478863756
0.4751044189
0.4737521187
0.4734611312
0.4751207017
0.4771334917
0.48082228
0.4846901742
0.4906382291
0.4968540844
0.506023987
0.5159137661
0.5302526518
0.5464976967
0.5699560918
0.5982312417
0.639302045
0.6934117807
0.7752067455
0.8984992492
1.109218048
1.515516542
1.423171412
1.014058965
0.7864341592
0.6658603889
0.6000940482
0.5586562082
0.5327476219
0.5169119312
0.5074193392
0.5017440048
0.4981783679
0.4952975755
0.4935378623
0.4899411838
0.4874471879
0.4826035633
0.4788852617
0.4751157158
0.4737503605
0.4734510014
0.4750873192
0.4771028597
0.4807722263
0.4846472731
0.4905690467
0.4967969655
0.5059324496
0.5158383877
0.5301710563
0.5464575828
0.569850873
0.5981093198
0.6391237221
0.6932263261
0.7749421226
0.8981769813
1.108822412
1.515142784
10.30381416
5.836810163
3.444755857
2.149954644
1.42437282
1.014699208
0.7867851696
0.6660859335
0.6002655096
0.5587933369
0.532855383
0.5169884146
0.5074631348
0.5017661957
0.4981980506
0.4953304658
0.4935836587
0.4899980817
0.4874784204
0.4826349714
0.4789316155
0.4751262553
0.4737493465
0.4734464276
0.4750732455
0.4770910335
0.4807527767
0.4846312172
0.4905422923
0.4967758468
0.5058967813
0.5158079766
0.5300847738
0.5463502202
0.5697040157
0.5979906373
0.6389330102
0.6930050931
0.7746339499
0.8978094881
1.108379079
1.51474675
2802.060863
484.1762317
127.010279
62.67326683
34.4012071
18.5377519
10.31305062
5.842898058
3.448309504
2.152045791
1.425479931
1.015268549
0.7870996488
0.666297319
0.60040609
0.558873976
0.5329057723
0.5170298417
0.5075062744
0.5018133822
0.4982483562
0.4953619603
0.4936132625
0.4900312578
0.4875450291
0.4826996706
0.4789729804
0.4751411785
0.4737470001
0.4734330965
0.4750345694
0.4770542349
0.4806972517
0.4845799816
0.4904665346
0.4967087627
0.5057969186
0.5157183856
0.5299847115
0.5462918227
0.5695943924
0.5978544695
0.6387311191
0.6927890176
0.774335503
0.897447011
1.107935791
1.514318208
2814.994218
486.3178813
127.464948
62.71678184
34.43641438
18.56647659
10.32534386
5.850351672
3.452979871
2.154940171
1.427143568
1.016195224
0.787590638
0.6666100768
0.6006402802
0.5590652944
0.5330595343
0.5171401244
0.507569869
0.5018449645
0.4982706586
0.4954008886
0.4936727365
0.4901099514
0.487592524
0.4827310338
0.4790459279
0.4751548901
0.4737450855
0.4734268415
0.4750176221
0.4770396033
0.48067537
0.4845605737
0.4904375756
0.4966843409
0.505759025
0.5156843829
0.5299023998
0.5461780995
0.5694287976
0.5977105141
0.6385214405
0.6925417505
0.7739930003
0.8970358129
1.107433156
1.513865281
2830.843915
488.3956129
128.0492109
62.75162694
34.48991391
18.59773022
10.34083912
5.859357935
3.458557104
2.157945526
1.42868698
1.017027242
0.7880438109
0.66691073
0.6008498335
0.5591865474
0.533129197
0.517184212
0.5076137538
0.5019013718
0.4983382305
0.4954530344
0.4937218775
0.4901486025
0.4876648292
0.4828159895
0.4791164051
0.4751736173
0.4737417387
0.473408978
0.4749707783
0.4769945232
0.4806113919
0.4844983524
0.490352245
0.4966045503
0.5056474168
0.5155785894
0.5297818059
0.5460962941
0.5693092476
0.597559367
0.6382958099
0.6922930442
0.7736589087
0.8966305813
1.106942326
1.51338418
2849.998577
491.7305365
128.6634058
62.76126648
34.55095362
18.63610039
10.36008536
5.869921633
3.465444179
2.161959164
1.430996876
1.018302132
0.7887842189
0.667353019
0.6011654954
0.5594496395
0.5333398762
0.5173407584
0.507712362
0.50195214
0.498365627
0.4955008599
0.4937964123
0.4902560092
0.4877412154
0.4828557507
0.4792235074
0.4751915481
0.4737375979
0.4733996064
0.4749485703
0.476975532
0.4805848946
0.4844736455
0.4903189965
0.4965749128
0.5056052704
0.5155392607
0.5296995848
0.5459760241
0.5691248028
0.597386828
0.6380628625
0.692017716
0.7732814238
0.8961756209
1.106380386
1.51286899
2873.356474
494.9006261
129.4709975
62.76617001
34.63682622
18.67642118
10.38302538
5.882298659
3.473388381
2.166002982
1.433018424
1.019314262
0.7894483716
0.6677747207
0.6014826272
0.5596291905
0.5334369925
0.5173859261
0.5077476384
0.5020073803
0.4984492582
0.4955890079
0.4938816692
0.4903066424
0.4878150061
0.4829800897
0.4793360881
0.4752117536
0.473729508
0.4733733789
0.4748874321
0.4769184765
0.4805073526
0.484396037
0.4902194489
0.4964779974
0.5054770935
0.5154128833
0.5295546462
0.5458649459
0.5689885411
0.5972178558
0.6378120253
0.6917336934
0.7729088339
0.8957238117
1.105838925
1.512330198
2901.718981
500.3200285
130.262089
62.7537301
34.73157736
18.72995167
10.41093081
5.896900025
3.48290454
2.171367503
1.436117914
1.020985333
0.7904972066
0.6684487487
0.6019328584
0.5599803147
0.53370898
0.5175970821
0.5078984392
0.5020970928
0.4984996259
0.4956521375
0.4939687458
0.4904430625
0.4879448937
0.4830352929
0.4794510465
0.4752328565
0.4737224242
0.4733593689
0.4748562813
0.4768924298
0.4804727123
0.4843629031
0.4901784621
0.496439712
0.5054270767
0.5153647557
0.5294675883
0.5457358772
0.568783464
0.5970122786
0.6375497387
0.6914258797
0.7724929483
0.8952219823
1.10521308
1.511735526
2936.046318
505.4873337
131.3678201
62.78729287
34.86244859
18.78240467
10.44175209
5.913078809
3.493385313
2.176531493
1.438560159
1.022119791
0.7912488077
0.6690674123
0.6024258309
0.5602428873
0.5338518123
0.5176538844
0.5079155116
0.5021269738
0.4985859869
0.495789836
0.4941140871
0.4905328949
0.4880165087
0.4832050798
0.479579187
0.4752563726
0.4737059448
0.4733207277
0.4747713742
0.4768161365
0.4803730591
0.4842625482
0.4900571551
0.4963183855
0.5052750075
0.5152109265
0.5292916599
0.5455873834
0.5686214929
0.5968199111
0.6372699961
0.6911020685
0.7720770185
0.8947173294
1.10461288
1.511129553
2977.138157
517.9206174
132.3973141
62.76199685
35.00230955
18.86213921
10.48006772
5.933399272
3.506027573
2.183524742
1.442704175
1.024434825
0.7926038887
0.6699771849
0.6030948069
0.560745587
0.5342042934
0.5179127217
0.508119765
0.5022924626
0.4987061489
0.4958914899
0.4942144828
0.4906811893
0.4882314461
0.4833071769
0.4796659353
0.4752803695
0.4736925676
0.4732985464
0.4747265478
0.4767790903
0.4803248113
0.4842164129
0.4900032251
0.4962661422
0.5052114889
0.515148293
0.5291931647
0.5454452939
0.5683921673
0.5965752245
0.6369704342
0.6907552631
0.7716172965
0.8941638571
1.103918188
1.510439516
3025.545056
533.1486936
134.1158204
62.93861927
35.21535978
18.93638266
10.52022602
5.954423891
3.519451414
2.190202059
1.445667857
1.025675249
0.7933512478
0.6706554846
0.6038003324
0.5611046555
0.5344098878
0.5180091155
0.5081564684
0.5023157333
0.4987583568
0.4960672429
0.4944339888
0.4908695935
0.4883197453
0.4834804663
0.4798227829
0.4752978829
0.4736592393
0.4732365827
0.4746049985
0.4766730715
0.4801888473
0.4840821022
0.4898483591
0.4961090916
0.5050248349
0.5149575574
0.5289763545
0.5452479831
0.5681923631
0.5963509216
0.6366557763
0.6903854224
0.7711516158
0.8935989609
1.103249465
1.509761182
3072.384933
562.8268074
135.0644449
62.91899589
35.4284873
19.0655828
10.57476223
5.985462224
3.537463698
2.199769147
1.451439963
1.029248298
0.7955462374
0.6720000864
0.6046446401
0.5617612134
0.534871128
0.5183500758
0.5084340397
0.5025550412
0.4989999635
0.496277931
0.494592494
0.4910088033
0.4886294004
0.4836804043
0.4798632767
0.4753147409
0.4736325841
0.4731989837
0.4745384288
0.4766204792
0.480118515
0.484017032
0.4897742772
0.4960357205
0.5049400562
0.5148709719
0.5288571579
0.5450867214
0.5679338177
0.5960594779
0.6363088267
0.6899906677
0.770639995
0.8929863007
1.102479669
1.508961976
3114.926702
587.904713
137.7573256
63.37983542
35.78629461
19.17082004
10.63369073
6.016280853
3.556415354
2.210016641
1.455982443
1.030939968
0.7963788615
0.6728144672
0.605561542
0.5621647996
0.5351274436
0.5185041768
0.5084806122
0.5025503607
0.4990567138
0.4964412166
0.4948467571
0.4913592394
0.4887786854
0.4837876678
0.4800443536
0.4753114997
0.4735669447
0.4730970292
0.4743606278
0.4764727269
0.4799261338
0.4838359361
0.4895739503
0.4958281458
0.5047075095
0.5146335011
0.5285885131
0.54482726
0.5676809989
0.5957919224
0.6359513625
0.6895670758
0.7701163284
0.8923521267
1.101730267
1.508219357
3147.055645
635.0282903
138.9926896
63.344185
36.05634103
19.38606052
10.72509452
6.073722471
3.589616606
2.22667994
1.465362664
1.037117401
0.8005554195
0.6754318998
0.6070103188
0.5632408248
0.5358631483
0.5189158568
0.5087475568
0.5028202926
0.4993892905
0.4968586303
0.4951985382
0.4915270855
0.4890747186
0.4841050023
0.4800567963
0.4753004715
0.4735159618
0.4730352197
0.4742650187
0.476398035
0.4798249406
0.4837457283
0.4894641346
0.495727009
0.5045901314
0.5145102014
0.5284371282
0.544640161
0.5673900815
0.5954482766
0.6355478024
0.6891157711
0.7695449665
0.8916733482
1.10088539
1.507326999
3195.153369
673.9966738
144.3579531
64.26337704
36.78795398
19.6187379
10.84850012
6.137516711
3.624489268
2.248019085
1.476914102
1.041871598
0.8021502481
0.6764156052
0.6083437351
0.5639958116
0.5361044427
0.5190821021
0.5088984211
0.502916914
0.4994328644
0.49707391
0.4954038828
0.4919551532
0.4894307219
0.4841691837
0.4802014606
0.4752615154
0.473399732
0.4728776087
0.4740214034
0.4761969037
0.4795634599
0.483511796
0.4892132347
0.495464379
0.5043062456
0.5142217211
0.528113097
0.5443116806
0.5670717768
0.5951276444
0.6351422223
0.6886344176
0.7689586476
0.8909667321
1.100054647
1.506579741
3227.401551
753.5606351
145.9232938
64.41178745
37.29501836
19.99333457
11.04028821
6.259531294
3.701962481
2.288330871
1.497313819
1.053719804
0.8101951219
0.6820509492
0.6117725666
0.5656781849
0.5375305746
0.5199684664
0.5093758465
0.503220189
0.499762346
0.4977192496
0.495997735
0.4923498817
0.4896550728
0.4845107102
0.4802812892
0.4752189412
0.4733173527
0.4727848409
0.4738935264
0.4760922345
0.4794236578
0.4833892856
0.4890563994
0.4953230059
0.5041472968
0.5140546611
0.5279199455
0.5440938106
0.566750974
0.594734941
0.6346798384
0.6881233121
0.7683244704
0.8902204648
1.099150757
1.505656753
3221.56332
813.3400666
156.0079183
66.57494297
38.26978162
20.59550198
11.35188933
6.430199801
3.783636051
2.33659178
1.526505591
1.068935703
0.8167141299
0.6845439237
0.6132516887
0.5678581798
0.538115191
0.5201661465
0.5095327193
0.5034137277
0.5000286222
0.498171782
0.4962019076
0.4927146289
0.4901359879
0.4846630774
0.4803554946
0.4751520443
0.4731515743
0.4725727407
0.4735801592
0.4758286014
0.4790859508
0.483099197
0.4887481626
0.4949915825
0.5037933873
0.5136911097
0.527514437
0.5436770936
0.566335093
0.5943243614
0.6341826892
0.6875314454
0.7676057366
0.8893569062
1.098142381
1.504895971
3186.561787
946.7129208
160.3230924
67.42815608
38.54095565
21.34717474
11.76324272
6.666182552
3.95409125
2.432617436
1.574247015
1.093268015
0.8309311022
0.6949195117
0.6210907877
0.5709592024
0.5405910269
0.5218512692
0.510490729
0.5039201379
0.5005087644
0.4989274062
0.4969566289
0.4934341714
0.4904548446
0.4849957076
0.4805662764
0.475080117
0.4730265337
0.4724284735
0.4734218404
0.4756877578
0.4789037579
0.4829383167
0.4885159476
0.4948063676
0.5035797201
0.5134678501
0.5272541776
0.5433732586
0.5659013973
0.5937757621
0.6335110882
0.6867835329
0.7666767382
0.8882701364
1.096898924
1.504112346
3095.880277
1002.883648
187.8068337
70.12378496
40.30561555
22.73045322
12.45210006
7.09081591
4.135781198
2.531023486
1.634494978
1.126799737
0.8481483062
0.7026904647
0.6243787378
0.5750326178
0.5424245286
0.5224516301
0.5106323238
0.5041615387
0.5009721943
0.4996338606
0.4972164652
0.4937996206
0.4909489768
0.4853644108
0.4805971873
0.4750001436
0.4728348396
0.4721869179
0.4730474983
0.4753238697
0.4784598334
0.482549529
0.4881079582
0.4943398186
0.5030611991
0.5129221513
0.526631442
0.5427365312
0.5652272142
0.593102894
0.6327134065
0.6858247536
0.7654968264
0.8868611608
1.09535161
1.503214447
2953.965148
1032.70278
197.7378631
72.96474548
40.67647926
23.82522962
13.21006555
7.433258906
4.439894926
2.717767593
1.729077258
1.175308831
0.873311649
0.7195967827
0.6381335337
0.5812816952
0.5461981335
0.5249376731
0.5123543925
0.5052378516
0.501800209
0.5004745286
0.4981800193
0.4948307293
0.4915426837
0.4857848618
0.4809543909
0.474925283
0.4726543367
0.4719667393
0.4728012906
0.4751354709
0.4782225288
0.4823259128
0.4877504273
0.4940761972
0.5027578424
0.5126020828
0.526252094
0.5422597528
0.564566727
0.5922456291
0.6316126254
0.684569893
0.7639373611
0.8850565672
1.093416311
1.502011104
2769.625261
1085.154873
258.6932437
74.270964
43.23157429
26.39133258
14.29636823
8.260257843
4.761470066
2.878176547
1.833118291
1.233709341
0.9059934102
0.7364560002
0.6458231716
0.5877431093
0.5502006762
0.5269544946
0.5131024273
0.5057326736
0.502503599
0.5013784086
0.4985801279
0.4953252472
0.4920977613
0.486406605
0.4810430126
0.4748761874
0.4724554709
0.4717022014
0.4723855002
0.4746388694
0.4776185105
0.4817678428
0.4871869285
0.4934434321
0.5019362205
0.5117374362
0.5252455868
0.5412329667
0.563429459
0.5910733427
0.6302627721
0.682948608
0.7619394851
0.8827125453
1.090922617
1.500259303
2548.390033
1166.377745
318.2335231
81.44793833
43.13062424
26.56247917
15.39448253
8.583296164
5.193421587
3.179766711
1.987151859
1.31721038
0.9475661691
0.7622660714
0.6668714743
0.5988568308
0.5564180948
0.5306157737
0.5156308453
0.5074341674
0.5036457663
0.5023783584
0.4999198152
0.4967361071
0.493096906
0.4870738247
0.4816323584
0.4748604652
0.4722427215
0.4714073195
0.4719805354
0.4743448924
0.4772988894
0.4814391483
0.4866433153
0.492917999
0.5014899315
0.5112489612
0.5246562539
0.5404433661
0.5623677182
0.5896944511
0.6284231868
0.6807833425
0.7592730561
0.8796685091
1.08765794
1.497670683
2316.840934
1358.527548
419.0204015
97.07091567
47.37249205
29.52986072
16.76897918
9.848886791
5.630377616
3.380657827
2.138932212
1.406318975
1.0007733
0.7915528217
0.681203082
0.6100734534
0.5637413412
0.5351521378
0.5177743647
0.5084454897
0.5046250342
0.5035926987
0.5005500238
0.4974385495
0.4938711401
0.4880552117
0.4819137757
0.4748445307
0.4720164829
0.4710827902
0.4714870842
0.4737183989
0.476404819
0.480575403
0.4857676403
0.4920694189
0.5002546218
0.5097796645
0.5229785049
0.5387203428
0.5604132129
0.5875797319
0.6260401042
0.6779688377
0.7558547792
0.8756889366
1.08322319
1.49391381
2136.779183
1439.486651
559.9365512
133.9775078
49.42945358
29.23827234
18.39674777
10.1958295
6.238905487
3.814337079
2.354001525
1.529543032
1.061182798
0.8277654875
0.7115098721
0.6269166507
0.5735004444
0.5403803987
0.521018664
0.5106297776
0.5060701967
0.5048927231
0.5024036437
0.4994114595
0.4954808245
0.4891693391
0.4828665306
0.4749778941
0.4717852503
0.4707019545
0.4708642165
0.4731089277
0.4759575455
0.48007043
0.4849786739
0.4910976974
0.4993015028
0.509017653
0.5220188874
0.5373621263
0.5586121077
0.5853007233
0.6229600536
0.6742142364
0.7512515658
0.8703356176
1.077160141
1.488566
2047.833713
1365.989094
726.8268346
213.0959645
61.78689737
34.21096928
19.72126982
12.31590917
6.902479451
4.123635423
2.590054486
1.667323732
1.14773897
0.875671679
0.7358426521
0.646411887
0.586462135
0.5488396786
0.525813131
0.5129796398
0.5076252072
0.5066448033
0.503538465
0.5005347513
0.4967027689
0.4907198389
0.4835852296
0.4750783008
0.4715246547
0.4702641293
0.4701619822
0.4723513823
0.4746319645
0.4786537143
0.4835106302
0.4897695377
0.4976228966
0.5067473031
0.5191716895
0.5343930403
0.5552483599
0.5814748406
0.6186308276
0.6692070681
0.74525371
0.8632030859
1.068733568
1.48103383
2013.94746
1183.325816
698.7139636
348.955683
84.31310213
34.73385959
22.43981041
12.64181681
7.910739474
4.799103422
2.917102643
1.862293973
1.239801606
0.9285328909
0.7784884
0.670413917
0.6010667956
0.5567113057
0.5303205212
0.5155517948
0.5093540542
0.5084125375
0.5061057629
0.503302583
0.4992297454
0.4926063186
0.4852104278
0.475438993
0.4713090136
0.4696847029
0.4693102827
0.4712315268
0.4738590749
0.4778695094
0.4823756249
0.4882122289
0.4956520186
0.5049397002
0.5173843039
0.5320201625
0.5520646493
0.5775472727
0.6134513635
0.6627071153
0.7371144632
0.8532391967
1.056989008
1.470429993
1963.845459
999.4781915
632.8053528
424.0288989
189.3906794
46.53689244
23.026168
15.98172383
9.010107086
5.266638254
3.301950951
2.082651939
1.391751899
1.012556817
0.8201652798
0.7051942106
0.6243934182
0.5723089835
0.5396800475
0.5205769299
0.5119482424
0.5109910755
0.5080090647
0.5051783034
0.5012692945
0.4951393903
0.4867634816
0.4757395983
0.470959787
0.4688535662
0.4683308207
0.4702164875
0.4721334988
0.4754781203
0.4799179403
0.4858033754
0.4930906186
0.5017728231
0.5129629631
0.5269114789
0.5462649031
0.5707652186
0.6055532003
0.6535158807
0.7260182386
0.8397443295
1.04067644
1.455279045
1867.918409
860.9643147
552.3357783
405.6957649
279.5410744
117.5874052
31.32749479
14.40447678
10.6311107
6.542517857
3.813325402
2.405606954
1.531504549
1.093425294
0.8810424792
0.7365504485
0.6451209353
0.5840228998
0.5461391215
0.5243812377
0.5146736741
0.5135518515
0.5117225864
0.5091694222
0.5052028856
0.4983475203
0.4894120911
0.4765150598
0.4705892437
0.4680216394
0.4672242382
0.4683921446
0.4703182853
0.4742650472
0.4781715202
0.4834282823
0.4897825008
0.4979120163
0.5090030783
0.5224817601
0.54054425
0.5637175717
0.5965655651
0.6420417552
0.7112268767
0.8207545499
1.01741131
1.433284547
1741.694211
756.8527645
477.7091217
365.2753167
284.8820583
197.7709109
83.06903732
31.15265574
12.14054807
7.490242434
4.717307945
2.802903244
1.831380552
1.246271425
0.9536481578
0.7976565792
0.6839658543
0.6109705687
0.5629870707
0.5329934867
0.5192188367
0.5173052871
0.514620712
0.5121989569
0.5086203131
0.5025685209
0.4921560224
0.4770358662
0.470175819
0.4668078945
0.465669448
0.4667017387
0.4682576209
0.4708602664
0.4741856088
0.4791418641
0.4852452773
0.4929773636
0.5024572295
0.5141581544
0.5306388956
0.5519251703
0.5823453247
0.6249151426
0.6899866287
0.7943594975
0.9848685567
1.400656061
1609.935748
674.2600843
418.6360664
321.3028947
267.0655281
216.0805252
149.5154706
59.4200706
23.66963781
10.09001422
5.947112739
3.595975478
2.098980957
1.420406365
1.060078743
0.8445921052
0.7170173304
0.6289529679
0.5740533646
0.5402408015
0.5243446942
0.5211072916
0.5196829852
0.5175181284
0.5141157673
0.5075851507
0.4962880146
0.4786512751
0.4698864596
0.4657394121
0.4642894649
0.4643673884
0.4653535751
0.4683412039
0.4714168071
0.4757044292
0.480642528
0.4869207575
0.4954439942
0.5064746566
0.5212989496
0.5404116635
0.5678249517
0.6062065087
0.6654960736
0.7617735935
0.9419141369
1.354697115
1486.897408
613.4374302
376.5544957
287.2679667
244.1781185
211.009932
172.2287608
112.1623768
41.96002882
16.73931339
7.249876767
4.484984397
2.701763433
1.639612361
1.171850032
0.9319815512
0.7700725244
0.6661037941
0.595271751
0.5512368306
0.5301292109
0.5251720825
0.5226456605
0.5208221287
0.5179983389
0.5125595457
0.4997718615
0.4797556417
0.4698426614
0.4648025332
0.4627486683
0.4625178132
0.4633575403
0.4652188736
0.4674212951
0.4710348101
0.4753925835
0.481264903
0.4885933092
0.4976434186
0.510335534
0.52703681
0.5512510544
0.5856087422
0.6391020915
0.7273403369
0.8967905661
1.303550921
1383.065988
569.0260697
347.6215584
263.5932665
225.2870168
201.115356
175.3621511
139.2458822
78.60354689
28.00160612
11.43815448
5.397445394
3.243568556
1.970061814
1.303041566
0.9803727713
0.8026534614
0.6857563668
0.6102736063
0.5615953341
0.5358366061
0.5287554228
0.5268025262
0.5249629357
0.5223042815
0.5168624853
0.5033088449
0.4816887295
0.4700461074
0.4641552286
0.4617339609
0.4609015427
0.4611218707
0.4630397768
0.4650829913
0.4682360909
0.4718257054
0.4765160824
0.4827781508
0.4910718776
0.5024920294
0.5173836525
0.539095647
0.5698458909
0.6181627424
0.6986332594
0.855874511
1.250022302
1295.887169
532.6238569
325.5906824
246.493825
208.8281241
190.0085343
172.0530106
149.7184955
109.5418293
51.70128168
18.02393633
7.723600963
3.978172887
2.317261673
1.490988324
1.082652264
0.8554016566
0.7177601858
0.6280448527
0.5718310356
0.5415964801
0.5321146815
0.5290013795
0.5274495376
0.5252294794
0.5207529325
0.5059547323
0.4829052205
0.4702346402
0.4636764434
0.460671031
0.4596696299
0.4597697987
0.4609840997
0.4623995208
0.465020068
0.4681267403
0.4724789855
0.4780235846
0.4849879495
0.4948573366
0.5079711833
0.5273121468
0.5550139396
0.5988384415
0.6724814073
0.8190236363
1.204732665
0.5282357811
0.5238112049
0.5085765655
0.4844691628
0.470565033
0.4633425217
0.4600238611
0.4586064714
0.4582674569
0.4594707538
0.4607727201
0.4630853393
0.4657005078
0.4692524059
0.4740114574
0.4803952014
0.4894010479
0.5012638544
0.5188785912
0.5440533316
0.5841512802
0.6519056777
0.7879442051
1.141026808
0.5104339531
0.4854974867
0.4708392255
0.4631028025
0.4593743323
0.4577946801
0.4573772957
0.4581159402
0.45899203
0.4609307967
0.4632026207
0.4665072051
0.4708044935
0.4763023023
0.4842467895
0.4948828196
0.5108602323
0.533913087
0.5708420666
0.6335376289
0.760265098
1.102213957
0.4711770914
0.4629531316
0.4589870429
0.4571220074
0.4563956579
0.4571152103
0.4579099656
0.4596409662
0.4615897632
0.4643590844
0.4681175122
0.4732096236
0.4805778767
0.4903741066
0.5051969643
0.526547917
0.5609333688
0.6194643472
0.7378029213
1.039003153
0.4628544001
0.4585953363
0.4566117992
0.4558232924
0.4562272329
0.4567392911
0.4582168215
0.4599325012
0.4625305498
0.4659846953
0.4704857669
0.4771406573
0.4861094839
0.4998290016
0.5197479881
0.5519815257
0.6069873779
0.7183440445
1.011600665
0.4583667143
0.4561853417
0.4551882017
0.4555733381
0.4560281071
0.4573653122
0.4588664094
0.4611070028
0.4641994206
0.4684264045
0.4746990246
0.4831092482
0.4960635938
0.5148513197
0.5453852867
0.5975623035
0.7029939785
0.9689630204
0.4558631974
0.4548191931
0.4549898678
0.4552565694
0.4564231626
0.4577685807
0.4598933523
0.4627834585
0.4666154291
0.4724110183
0.4802673343
0.4924839487
0.5103152008
0.5394086793
0.5892009316
0.6897860201
0.9474663783
0.4555883219
0.4544033865
0.4545625923
0.4547900199
0.4558588343
0.4570623051
0.4589481653
0.4615969082
0.4652458118
0.4707878521
0.4782730987
0.4899829402
0.5070640588
0.5350289842
0.5829307807
0.6795315526
0.9287341805
0.4541618432
0.4541766617
0.4542790145
0.4552331475
0.4563330612
0.4581413085
0.4606550082
0.4640395307
0.4692627985
0.4763778425
0.4875951695
0.5040388015
0.5310432129
0.5773488615
0.6706932211
0.9126213419
0.4538866383
0.4538957367
0.453971609
0.4548575826
0.4558635832
0.4575119545
0.4598647126
0.4631272882
0.4681820507
0.4750502441
0.4859311998
0.5018766995
0.5281317539
0.5731793979
0.6638593332
0.8988975745
0.4536390584
0.4536317912
0.454440768
0.45537787
0.456974354
0.4592367771
0.4623222327
0.4671638467
0.4737845448
0.4843365247
0.499856891
0.5254715071
0.5694537813
0.6579545268
0.8876814206
0.4534528111
0.4534284138
0.4541901151
0.4550649407
0.4565543327
0.4587093292
0.461713506
0.4664428655
0.472899008
0.4832271155
0.498415896
0.5235319629
0.5666768153
0.653399686
0.8786434841
0.4532699139
0.4531854824
0.4538910818
0.4547157826
0.4561671024
0.4582561067
0.4611312023
0.4657053942
0.4719813107
0.4820700276
0.4969498106
0.5216006283
0.563971582
0.6491106537
0.8699445392
0.4531158595
0.453015671
0.4536798697
0.4544499866
0.4558079241
0.457802863
0.4606061935
0.4650816299
0.4712130899
0.4811056253
0.4956949499
0.5199093862
0.5615473855
0.6451284931
0.8613879135
0.4527895946
0.4533990328
0.4541190944
0.4554383828
0.4573675749
0.4600436879
0.4643660857
0.4703194932
0.4799757116
0.4942602499
0.5180162634
0.5588922495
0.6409140177
0.8529693685
0.4526289613
0.4531975626
0.4538631226
0.4550899654
0.456925644
0.4595298001
0.4637535519
0.4695630046
0.4790240854
0.4930198845
0.5163425357
0.5564910283
0.6369654409
0.8446855366
0.4524126945
0.452927022
0.4535422656
0.4547298423
0.4564994831
0.4589767405
0.4630478616
0.4686795676
0.4779049248
0.4915970325
0.5144633679
0.5538541158
0.6327785988
0.8365318882
0.4527322159
0.4532929929
0.4543887462
0.4560653652
0.4584707109
0.4624434627
0.4679318187
0.4769631841
0.4903683861
0.5128045987
0.5514739091
0.6288634097
0.8285057069
0.4524686642
0.4529790198
0.4540351714
0.455645593
0.4579242582
0.4617447756
0.4670557748
0.4758521237
0.488954947
0.5109372705
0.5488538807
0.6247049424
0.820602739
0.4522785556
0.4527344296
0.4536991754
0.4552170478
0.4574240299
0.4611465888
0.4663149493
0.4749185772
0.4877365022
0.5092922859
0.5464943802
0.6208253582
0.8128204814
0.45242529
0.4533502936
0.4548018937
0.4568823464
0.4604530699
0.4654445356
0.4738139531
0.4863309989
0.5074356114
0.5438907839
0.6166967582
0.8051545848
0.452184075
0.4530179554
0.454377479
0.4563866115
0.4598598804
0.464709493
0.4728875467
0.4851218207
0.5058037165
0.5415519255
0.6128545111
0.7976029992
0.4526725764
0.4539658049
0.4558485104
0.4591703525
0.4638435901
0.471788319
0.483723361
0.5039570385
0.5389647292
0.6087573561
0.7901615917
0.4523429133
0.4535445994
0.4553564601
0.4585814313
0.4631136786
0.470868499
0.4825230436
0.5023381252
0.5366471571
0.6049552224
0.7828287461
0.4531356755
0.4548211809
0.457895156
0.4622516107
0.4697740818
0.4811312053
0.5005012991
0.5340769404
0.6008919823
0.7756001509
0.452721308
0.4543372501
0.4573159765
0.4615337878
0.4688697973
0.4799516405
0.4989117104
0.5318046341
0.5971705842
0.7686285916
0.453815457
0.4566469746
0.4606936784
0.4678039021
0.4785977025
0.4971279865
0.5293160571
0.5932554659
0.7617728775
0.4560784394
0.4599898433
0.4669186812
0.4774452475
0.4955795671
0.5271128579
0.5896743458
0.7550317191
0.4554128751
0.4591547111
0.465860319
0.4761034505
0.4938165974
0.5246639601
0.5858507143
0.7484006367
0.4649849282
0.4749658734
0.4922925616
0.522505218
0.5823676659
0.7418779456
0.473634836
0.4905481893
0.520092562
0.578628976
0.7354598784
0.5179770134
0.5752406213
0.729145697
0.5148555813
0.52932823
0.5456176464
0.5689916921
0.5975640389
0.6383575122
0.6930920862
0.7745578531
0.8986515575
1.109239712
1.516029822
0.4719394172
0.4740472962
0.475819916
0.4799122183
0.4834309202
0.4897339284
0.4956622158
0.5050793565
0.5148067429
0.5292882984
0.5455706536
0.5689005937
0.5974734897
0.6382731884
0.6929551302
0.7744104875
0.8984264968
1.109001302
1.515818095
0.4796384473
0.4755775663
0.4730079613
0.4720495774
0.4719414053
0.474032785
0.4758106085
0.4798918531
0.4834119121
0.4897100472
0.4956357564
0.5050466162
0.5147580094
0.5292056425
0.5454804955
0.5688289478
0.5973892586
0.6381340292
0.6928098797
0.7742094884
0.8981923039
1.108722432
1.515592998
0.4919143106
0.4900442704
0.4867791551
0.4839816876
0.4796646072
0.4756055676
0.4730239919
0.4720549712
0.4719406706
0.4740039011
0.4757922586
0.4798504195
0.4833736843
0.4896604821
0.4955803955
0.5049787574
0.5146973996
0.5291682019
0.5454352349
0.5687394453
0.5972780569
0.638027818
0.6926511692
0.7740285073
0.8979303013
1.108435648
1.515336352
0.4984276395
0.4944471222
0.491937914
0.4900742526
0.4867960431
0.4840121542
0.4797078109
0.4756315311
0.4730390676
0.4720610131
0.4719399564
0.4739909512
0.4757845338
0.4798316592
0.483357444
0.4896382902
0.4955558088
0.5049484252
0.5146571511
0.5290806756
0.5453329131
0.5686487117
0.5971866061
0.6378740439
0.69248138
0.7737920009
0.8976538027
1.108105026
1.515052957
0.5270557205
0.5124387538
0.5036955257
0.4984465723
0.4944652898
0.4919563898
0.4901015676
0.4868353272
0.4840667764
0.479731829
0.4756540337
0.4730518662
0.4720626685
0.4719355661
0.4739599875
0.475763044
0.47978603
0.4833165329
0.4895832565
0.4954948287
0.5048746515
0.5145835417
0.5290330491
0.545284855
0.5685609024
0.597057894
0.6377443886
0.6922979363
0.7735777057
0.8973544532
1.107767343
1.514739174
0.5898165402
0.5511599085
0.5271266144
0.5124952031
0.5037369631
0.4984782796
0.4944947962
0.4919831616
0.4901370622
0.4868569009
0.4840964513
0.4797763963
0.4756810474
0.473064497
0.4720657057
0.4719333396
0.4739472018
0.47575496
0.479767388
0.4833007938
0.4895611938
0.4954701571
0.5048451072
0.5145478974
0.5289489596
0.5451729086
0.5684492603
0.5969529424
0.6375753334
0.6921035638
0.7733068153
0.8970351762
1.107382818
1.514395205
0.9839169431
0.7667561917
0.6518127118
0.5899221104
0.5512268014
0.5271722222
0.5125281504
0.5037614374
0.4985043102
0.4945158528
0.4920055586
0.4901687208
0.4869006512
0.484163327
0.479806954
0.4757072751
0.4730782051
0.4720651507
0.4719245668
0.4739132799
0.4757296753
0.4797183163
0.483254703
0.4894998267
0.4954017817
0.5047646975
0.5144611752
0.5288821208
0.5451152468
0.5683609967
0.5968087507
0.6374218577
0.6918930727
0.7730589369
0.8966976787
1.106993552
1.514020591
2.060909484
1.373550148
0.9844830535
0.7670572466
0.6520166786
0.5900808897
0.5513510711
0.527270292
0.5126026915
0.5038158551
0.4985493249
0.4945533644
0.4920403387
0.4902165379
0.4869324722
0.4841964017
0.4798569154
0.4757466233
0.473091898
0.4720665813
0.4719210036
0.4738995377
0.4757178685
0.4796948297
0.4832378843
0.4894763209
0.4953754428
0.5047343408
0.5144255668
0.5288034194
0.5449969236
0.5682280765
0.5966853217
0.637235608
0.6916738647
0.7727546144
0.8963354919
1.106554275
1.513623607
18.28661483
9.942736444
5.593077307
3.29438787
2.063037703
1.374770049
0.9851783981
0.7674526365
0.6522575574
0.5902333927
0.551447438
0.527333173
0.5126432024
0.5038459901
0.498583234
0.4945794294
0.4920700845
0.4902559958
0.4869821828
0.4842819094
0.4798941324
0.4757872931
0.4731088861
0.4720654164
0.4719087749
0.47386188
0.4756883169
0.479643024
0.4831849016
0.4894070031
0.4952979308
0.5046455857
0.5143255881
0.5287163378
0.5449234402
0.5681354743
0.5965265292
0.6370581986
0.6914344788
0.7724721691
0.8959585711
1.10611513
1.51319424
2809.546613
440.37539
131.4872202
64.6375575
34.03564492
18.32645505
9.959594234
5.603828602
3.301006793
2.066635704
1.376498551
0.9859951708
0.7678609896
0.6525360443
0.5904560145
0.5516239981
0.5274688971
0.5127436793
0.5039219361
0.4986455289
0.4946298173
0.4921174532
0.4903221107
0.4870325078
0.4843212944
0.479942988
0.475854815
0.4731252731
0.4720652731
0.4719035036
0.4738458063
0.4756716879
0.479612805
0.4831655894
0.4893806839
0.4952686341
0.5046131435
0.514286609
0.5286404201
0.5448002399
0.5679814455
0.5963804372
0.6368517445
0.6911890856
0.7721340427
0.8955523716
1.105618969
1.512740987
2825.991871
442.2800356
132.0617328
64.69110524
34.10514581
18.36775129
9.978208238
5.613459569
3.306277698
2.069404073
1.378117409
0.9870095596
0.7684484388
0.6528900116
0.5906788847
0.5517612893
0.5275527034
0.5127953213
0.5039610202
0.4986856674
0.4946637869
0.4921595972
0.4903745991
0.4870877244
0.4844310462
0.4799967303
0.4759166854
0.4731458663
0.4720628023
0.4718868652
0.4738013139
0.4756351091
0.4795563498
0.4831027827
0.4893006089
0.4951791142
0.5045130548
0.5141707522
0.5285317667
0.5447050997
0.56787954
0.5962063005
0.6366500146
0.6909188886
0.7718153894
0.8951339095
1.105130341
1.512258865
2845.772669
445.1039144
132.7279236
64.72470218
34.20096449
18.42045249
10.00266997
5.62794986
3.315690555
2.074477
1.380593678
0.9881424615
0.7690389716
0.6532677633
0.5909880148
0.5520075398
0.527738854
0.5129344695
0.5040680933
0.498768663
0.4947350395
0.4922267435
0.4904652959
0.4871695922
0.4844794178
0.480043631
0.4760248003
0.4731653772
0.4720609532
0.4718795531
0.4737810538
0.4756122667
0.4795163507
0.483079039
0.4892694243
0.4951448947
0.5044766884
0.5141263201
0.5284553582
0.5445768139
0.5677042733
0.5960337399
0.6364196908
0.6906452474
0.7714426859
0.8946833453
1.104577094
1.511744345
2869.707943
448.010951
133.5040934
64.75391235
34.31212732
18.4730358
10.02972264
5.640894836
3.322774256
2.077884571
1.382606009
0.9894183351
0.7699371258
0.6538105984
0.5913133997
0.5521976255
0.5278493367
0.5130034026
0.5041169408
0.4988092471
0.4947789541
0.492288819
0.4905411497
0.4872279043
0.4846124098
0.480133001
0.4761158044
0.4731893237
0.4720561856
0.4718572664
0.4737251886
0.4755635438
0.4794520922
0.4830039337
0.489173634
0.4950388807
0.5043608648
0.5139894682
0.5283220815
0.5444533895
0.5675867982
0.5958414254
0.636192101
0.6903414379
0.7710850461
0.8942197867
1.10403606
1.511203502
2898.837392
452.5379758
134.363712
64.74913861
34.45701147
18.54183178
10.06363814
5.660231206
3.335818904
2.085068816
1.386174273
0.9909377192
0.770737097
0.6543432467
0.5917321326
0.5525301902
0.5281076081
0.5131984673
0.5042617973
0.4989133373
0.4948853094
0.492390115
0.490661069
0.4873570961
0.4846942652
0.4801815813
0.4762689463
0.4732150019
0.4720523258
0.4718462868
0.4736975481
0.475532077
0.479397826
0.4829681353
0.4891342912
0.494996367
0.5043171295
0.5139357731
0.5282408508
0.5443177309
0.5673885938
0.5956374491
0.6359323608
0.6900351006
0.7706742793
0.8937213994
1.103420564
1.510610706
2934.312919
459.3317759
135.4151413
64.81301008
34.61830802
18.61002066
10.10095466
5.677801737
3.345064073
2.088986446
1.388357587
0.9924209
0.7719039714
0.6552048559
0.5922564142
0.5528134021
0.5282612288
0.5132875946
0.5043170804
0.4989468666
0.4949381049
0.4924800662
0.4907774311
0.4874235711
0.4848381012
0.4803298618
0.4763975842
0.4732435427
0.4720414462
0.4718131318
0.4736213663
0.4754635526
0.4793193052
0.4828793234
0.4890145142
0.4948668849
0.5041786748
0.5137703578
0.528077206
0.544157081
0.5672471642
0.5954214349
0.6356753656
0.6896930888
0.7702729971
0.8932068889
1.102819724
1.510001825
2976.748835
471.3940691
136.62907
64.81320917
34.82668092
18.70662529
10.1462346
5.703631168
3.362622275
2.099194242
1.3937395
0.9947211973
0.7728624575
0.6558015614
0.5927899564
0.5532720694
0.5286273571
0.5135601123
0.5045011882
0.4990588428
0.4951026343
0.4926465123
0.4909304128
0.4876085112
0.4849960577
0.4804000625
0.4765910874
0.4732730359
0.4720329739
0.47179545
0.4735802965
0.4754211527
0.4792450291
0.4828183617
0.4889622128
0.4948110966
0.5041220311
0.5137014055
0.5279852323
0.5440098741
0.5670226324
0.5951795777
0.6353788701
0.6893476959
0.76981902
0.8926560112
1.102137094
1.509316345
3026.43052
485.6937884
137.7878828
65.02054511
35.06387823
18.79650385
10.19740491
5.728759785
3.375236433
2.103794826
1.395731508
0.9962259215
0.7743304487
0.6570313845
0.5936164419
0.5537347451
0.5288722444
0.5136735002
0.5045494551
0.4990876428
0.4951627576
0.492766813
0.4911010005
0.4877151641
0.4851413816
0.480648476
0.4767678713
0.4732989795
0.4720088996
0.4717424971
0.4734675003
0.4753210261
0.4791388946
0.4827121627
0.4888059379
0.4946478329
0.5039503412
0.5134969097
0.5277823889
0.5437997226
0.5668457714
0.5949313965
0.6350866794
0.6889610227
0.7693677251
0.8920832372
1.101466961
1.508632468
3074.508724
511.6603577
139.1171407
65.07960849
35.35067987
18.94849398
10.26026692
5.765492192
3.399201742
2.118599239
1.404441934
1.000486396
0.776019421
0.6576660944
0.5940725151
0.5542569876
0.5293181655
0.5140202227
0.5048008203
0.4992503061
0.4954134552
0.4930529218
0.4913100745
0.4879537928
0.4854433623
0.4807370497
0.4769529521
0.4733242292
0.4719892345
0.4717119202
0.4734050687
0.4752638823
0.4790394124
0.4826117586
0.4887340932
0.4945722695
0.5038728184
0.5134041652
0.5276712321
0.5436349514
0.5665902482
0.5946435722
0.634743878
0.6885676697
0.7688627341
0.8914722116
1.100710211
1.507841314
3120.319763
533.6139224
140.7208902
65.58319116
35.73148802
19.08753848
10.33810126
5.806435039
3.420359116
2.126691834
1.406667992
1.001565765
0.7776034623
0.6595692135
0.5956642669
0.5550200906
0.5296986274
0.5141931336
0.5048519268
0.4992343572
0.4954948285
0.4932083175
0.491519507
0.4881776759
0.4855869893
0.4810342427
0.4771965871
0.4733358481
0.4719364279
0.4716226564
0.4732365334
0.4751173769
0.4788838903
0.482482027
0.4885266922
0.4943626206
0.5036550674
0.5131510825
0.5274191391
0.5433612221
0.5663633127
0.5943524108
0.6344089528
0.688128673
0.7683534766
0.8908325193
1.099959813
1.507090112
3150.301555
576.0444807
142.5846145
65.66131089
36.10322197
19.3228199
10.44309537
5.870551941
3.458938941
2.15018255
1.421903869
1.010472734
0.7818411808
0.6610011487
0.5960010517
0.5555730862
0.5302251882
0.5146025521
0.5051280812
0.499409033
0.4958721745
0.4936570967
0.4918562029
0.4884776419
0.4860372269
0.4812832867
0.4772811634
0.4733347472
0.4718945939
0.4715692994
0.4731441171
0.4750409635
0.4787575162
0.4823291199
0.4884255901
0.494261361
0.5035462644
0.5130213233
0.5272779021
0.5431726621
0.5660742894
0.594012858
0.6340113685
0.6876790719
0.7677903534
0.8901549465
1.099128985
1.50621203
3201.872996
611.9915293
145.6243772
66.61112231
36.86462343
19.6396887
10.59837073
5.953159143
3.504264851
2.172916391
1.430086336
1.012386141
0.7829553332
0.6633040717
0.5991422689
0.5572718645
0.5310566941
0.5149303737
0.5051627212
0.4993623682
0.4959630384
0.4938775955
0.4920726588
0.4888728933
0.4862738432
0.4814853162
0.4775180131
0.4733102786
0.4717974967
0.471430335
0.4729050678
0.4748410094
0.4785275036
0.4821687779
0.4881799101
0.4939979764
0.5032761463
0.5127172349
0.5269736748
0.5428284597
0.5657845968
0.5936702261
0.6336286085
0.6871841474
0.7672187687
0.8894454451
1.098298989
1.505451184
3238.304282
687.8311729
148.9500087
66.75119247
37.50508205
20.01528813
10.81682987
6.092087615
3.58673393
2.217412048
1.457780376
1.030556368
0.7937523119
0.6684608564
0.6004555683
0.557797811
0.5315757908
0.5152548347
0.5053812775
0.499639235
0.4964367785
0.4945207078
0.4926228843
0.4893258608
0.4867442713
0.481878292
0.477515637
0.47327492
0.4717164616
0.4713324221
0.4727804658
0.4747385172
0.478378575
0.4819729072
0.4880048499
0.4938616307
0.5031233185
0.5125456893
0.5267924959
0.5426118211
0.5654656734
0.5932820382
0.6331746635
0.6866755476
0.7665952284
0.8887006495
1.097409578
1.504551158
3235.811362
752.1743275
155.0366873
68.50411687
39.07213048
20.74710031
11.18175493
6.2842599
3.686394732
2.277089863
1.486448198
1.040221093
0.7963503577
0.6706850978
0.6042460002
0.5614939458
0.533337792
0.5160637528
0.5057382689
0.4998495588
0.4966636403
0.4948775562
0.4928718346
0.4898142088
0.487107203
0.4819920427
0.4776864851
0.473220549
0.4715776964
0.4711579015
0.4724916544
0.4744748426
0.4780648256
0.4817568605
0.4877349632
0.4935349065
0.5027839919
0.5121727545
0.5264129633
0.5421788136
0.5650845108
0.5928543974
0.6327060658
0.686076159
0.7658990102
0.8878440186
1.096414322
1.503781259
3208.803652
882.9438
162.2107671
69.40759864
39.7537895
21.43348139
11.62423022
6.56190256
3.87337025
2.371028206
1.537086049
1.072932965
0.8177656489
0.6834259285
0.610448546
0.5629406525
0.5340322811
0.5165040648
0.5061122447
0.500255049
0.497216011
0.4956702896
0.4936516597
0.490494041
0.4875560454
0.4824738388
0.4776619294
0.473145275
0.4714335082
0.4709866625
0.4722905195
0.4743451979
0.4778825037
0.481527719
0.4874591865
0.4933598037
0.5025743083
0.5119483366
0.5261669164
0.5418868599
0.5646578083
0.5923170691
0.6320549515
0.6853401249
0.7649977633
0.8867711484
1.095202214
1.503007739
3115.137783
976.8503881
179.1791189
72.78711564
41.88368715
23.08380208
12.41827319
6.997413337
4.057412893
2.490552011
1.606833482
1.102153394
0.8265808561
0.6867868528
0.6142191017
0.5680704012
0.5375350873
0.5184777476
0.5071201222
0.5008329273
0.4976922648
0.4962614649
0.4939722111
0.491006546
0.4880251833
0.4826127706
0.4778106788
0.4730688926
0.4712637847
0.4707816746
0.4719807327
0.4739922117
0.4774572509
0.4812063055
0.4871242221
0.4929179743
0.502066859
0.5114052481
0.5255789571
0.5412314536
0.5640312683
0.5916303839
0.6312999187
0.6843778028
0.763855382
0.8853806989
1.093681114
1.502125322
2972.146078
1023.209826
197.1179699
74.27109828
42.4929329
23.95000286
13.1276497
7.391358836
4.415462542
2.672367654
1.693599356
1.155396335
0.8631944602
0.7106801497
0.6285401357
0.5737206859
0.5393053037
0.5192434468
0.5077550446
0.5013867853
0.4983319906
0.4971273838
0.4949838459
0.4919367854
0.4885571822
0.4832494427
0.477843324
0.4729617225
0.4710813318
0.4705469478
0.4716676364
0.4738207599
0.4772189559
0.4809354874
0.4867040531
0.4926451221
0.5017672759
0.5110913819
0.5252163605
0.5407769386
0.5633806192
0.5907877399
0.6302276164
0.6831377988
0.7623365006
0.8835886911
1.091785794
1.500941135
2784.383551
1056.164496
245.7384514
78.06910248
45.45560202
26.89135494
14.44809595
8.241151291
4.684663446
2.853008067
1.819339033
1.216098526
0.8829988924
0.7172007998
0.6336589707
0.5791294233
0.544876499
0.5231469502
0.5096814356
0.5024313929
0.499218354
0.4980151418
0.4954184573
0.4925177048
0.4891933838
0.4834847446
0.4779757345
0.4728843402
0.4708625459
0.470291276
0.4713328884
0.4733430767
0.4766304078
0.4804338947
0.4862376053
0.4920734532
0.5009793906
0.5102391727
0.5242491999
0.5397266919
0.5623023813
0.5896051399
0.6289341168
0.6815146159
0.7603852839
0.8812697656
1.089326981
1.499215663
2554.442578
1135.291182
307.5537771
82.26903563
44.42028768
26.99023169
15.31413392
8.568507039
5.238476373
3.151337445
1.951982307
1.295242052
0.9411614324
0.7568453379
0.6584177443
0.5919586582
0.5496403656
0.524523278
0.5107129834
0.5033757068
0.5000572175
0.4989375336
0.4967568381
0.4937741524
0.489955016
0.4843441592
0.4782456448
0.4728324213
0.4706717773
0.4700036885
0.4708643134
0.4730725442
0.4763101031
0.4800908194
0.4856264632
0.4915161173
0.5004816221
0.5097718366
0.5236784368
0.538978041
0.5612575409
0.5882467062
0.6271318063
0.6793672843
0.7577787863
0.8782365536
1.086118344
1.496650664
2308.871662
1281.572203
406.6468263
102.6786718
51.32853072
30.4896617
17.14308337
9.900507271
5.540524227
3.369762822
2.13999633
1.396563242
0.973409354
0.7662635849
0.665907525
0.5991525031
0.5572480018
0.5310650435
0.5140969742
0.5049515318
0.5012316347
0.5002104557
0.4973902255
0.4945428392
0.4908882772
0.4849191308
0.4784961377
0.4727781409
0.4703805641
0.469650932
0.4704543423
0.472482075
0.4754277752
0.479277234
0.4848573445
0.4907539082
0.4993666504
0.5083840101
0.5220221547
0.537226863
0.559369202
0.5861296371
0.6248198588
0.6765609343
0.7544121006
0.8742945559
1.081731687
1.492923331
2104.415926
1455.376518
526.7754717
131.7922737
51.0066321
30.30998043
18.56603399
10.29211993
6.387879364
3.8018726
2.317595646
1.507050268
1.063474733
0.8282748444
0.7049603282
0.6209963589
0.5665766092
0.5338968693
0.5158838229
0.5065134963
0.5024511317
0.501336654
0.4991424558
0.4963000063
0.4921067172
0.4861474819
0.4791860018
0.472853556
0.4701874966
0.4693106003
0.4697848227
0.4718683013
0.4749848556
0.4787914958
0.4840075209
0.4897550522
0.4982773363
0.5075371704
0.5210943069
0.5359492445
0.5576016984
0.583883949
0.6217879657
0.6728245284
0.7498972617
0.868955763
1.075743317
1.48760213
2008.101525
1419.577431
725.9456921
200.856938
66.75707017
35.56735737
20.39527653
12.35859388
6.762884706
4.142741595
2.612365476
1.662268748
1.10870293
0.8407537798
0.7156038446
0.6319782109
0.5782707544
0.5441659282
0.5214477473
0.508851619
0.5039257748
0.5031241521
0.5003157806
0.4974584562
0.4935441135
0.4872872416
0.4797922415
0.4728532363
0.4698173786
0.4687928696
0.4691468462
0.4711741058
0.4737203599
0.4774208969
0.482644861
0.4885013106
0.4967571292
0.5055472519
0.5182790274
0.5329478234
0.554294237
0.5800665047
0.6175387911
0.6678555736
0.7439521801
0.8618799628
1.067381924
1.480103981
1984.936768
1233.453908
718.9605252
331.1976791
77.97354137
34.78313727
22.7353133
13.04156887
8.197566417
4.75687362
2.867328111
1.841693158
1.262232946
0.9392061983
0.7748423063
0.6657793428
0.5933027968
0.5493246359
0.5249571289
0.5115260578
0.505737046
0.5046913042
0.5026449232
0.4999542683
0.4955268935
0.4892031713
0.4810858395
0.4730469204
0.4695825253
0.4683696914
0.4682500899
0.4700489938
0.4728762067
0.476671892
0.4814557724
0.4869445651
0.4947341286
0.5034636618
0.5164632143
0.5306979004
0.5511773665
0.5762028521
0.612432093
0.6613691411
0.7359350316
0.8519483375
1.055728347
1.469535811
1957.734897
1029.678949
652.9350349
426.9915636
173.1568622
59.45414607
24.45210721
15.5865495
8.714692315
5.335579372
3.326771714
2.060930647
1.319227767
0.9617133017
0.7932441292
0.6854193365
0.6143874462
0.566578926
0.5339890277
0.5153109587
0.5077858082
0.5072061464
0.5045457277
0.5018004319
0.4978229517
0.4912827473
0.4821321422
0.4731609653
0.4691407046
0.4675191911
0.4672107854
0.469096276
0.471278833
0.4743624126
0.4791071318
0.4846328783
0.4922160361
0.5007128889
0.5122726089
0.5256086042
0.545408616
0.569439843
0.6045983392
0.6522712464
0.7248996982
0.8385298933
1.039504569
1.454431188
1870.062392
877.5059979
568.5067162
414.4461388
273.4386218
102.2669248
30.85898527
16.56571375
11.30138862
6.360009773
3.745487857
2.395403863
1.589077267
1.110699917
0.8775726581
0.7316847042
0.6343669172
0.5749011191
0.540826978
0.5203135048
0.510796407
0.5094731634
0.5079007889
0.5054549562
0.5010346121
0.4943999429
0.4842825229
0.4736404282
0.4687593307
0.4667427798
0.4661055603
0.4673391576
0.4693953078
0.4731709436
0.477314969
0.482233315
0.4890323508
0.4966261697
0.5080334286
0.521213121
0.5397761036
0.5625057986
0.5957477492
0.6408175437
0.7102536798
0.8196159126
1.016353629
1.432492551
1747.6371
768.0684066
489.7261112
375.6282749
289.0168854
191.4737455
68.67692092
23.37883059
11.45578197
7.943992406
4.682388919
2.72256115
1.69778982
1.185412159
0.9222807692
0.7722005478
0.6734880836
0.6032491791
0.5544916098
0.5262859785
0.5144914914
0.5131570043
0.5107250566
0.5083888672
0.5047308002
0.498070328
0.4861917868
0.473940581
0.4681741828
0.4653835477
0.4644998162
0.4656771021
0.4674704009
0.4698885157
0.47344398
0.4781592588
0.4844380989
0.4919684843
0.5019506558
0.5131519679
0.5299588054
0.5507719293
0.581536632
0.6238367803
0.6891077616
0.7933231836
0.9839285914
1.399929281
1619.369702
683.9019009
428.4490616
331.3853235
274.7749249
218.0990679
140.3706885
49.33152515
18.48897328
8.760592746
5.835686104
3.553517171
2.147976524
1.393111957
1.042609864
0.8288664643
0.6984207344
0.6181985553
0.5682342961
0.5346337779
0.5193272517
0.5163735844
0.5153093141
0.5132816194
0.5093932393
0.5029657099
0.4896810496
0.4750369995
0.4677834978
0.4643811609
0.4631338551
0.463455141
0.4645317017
0.467384193
0.4706767228
0.4746279711
0.4800139046
0.4859314468
0.4946119126
0.5052927319
0.5206069759
0.5393539022
0.5672294383
0.6052030093
0.6647569421
0.7608647109
0.9411159137
1.354063011
1499.922325
623.2922314
385.407828
296.4307736
252.9685066
216.1067525
171.301747
100.4339681
33.61567821
13.85167754
6.976739829
4.300155008
2.551225739
1.597420747
1.13685788
0.9058702311
0.7550647415
0.6521178167
0.584149438
0.5439212991
0.5246070942
0.5203459587
0.5180973552
0.5164665877
0.5134663919
0.5074507162
0.4923223497
0.4758173221
0.4675218554
0.4632449781
0.4615532446
0.4615883693
0.4626248964
0.4643721996
0.4667536123
0.47019274
0.4747508558
0.4803286675
0.4881019931
0.4968240335
0.5098360535
0.5261222393
0.5506356625
0.584710673
0.6384545869
0.7265293852
0.8960910885
1.302956561
0.5219012066
0.5202536018
0.5171932091
0.5117303662
0.4953662332
0.4771850993
0.4675091324
0.4626152545
0.4605780804
0.4600200695
0.4603817776
0.4621964958
0.4644429849
0.467314517
0.4712695132
0.4756762254
0.4821379012
0.4900837609
0.5019203363
0.5164725578
0.5386180789
0.5690281314
0.6176010846
0.6979172153
0.855270371
1.249529751
0.5151703855
0.4975316852
0.4780466892
0.4675381118
0.4619821997
0.4594687787
0.4587660601
0.4590779614
0.4602095972
0.4617981424
0.464251081
0.4675825724
0.4716380807
0.4775637954
0.4842457093
0.4944396716
0.5071876671
0.5268268738
0.5542529853
0.5983310083
0.6718278979
0.8184848192
1.204254058
0.4791474891
0.4676373879
0.4616284138
0.4588327244
0.4577362448
0.4575739747
0.4586954466
0.4601935745
0.4622612602
0.4652012603
0.4684890918
0.4734754194
0.4795345724
0.4889197354
0.5004606341
0.518474964
0.5433499111
0.5836960342
0.6513144153
0.7874596138
1.140500524
0.4677571435
0.461268542
0.4581362667
0.4569076996
0.4567132689
0.4573849553
0.4584370524
0.4602059394
0.4627155212
0.4657355887
0.4703769366
0.4756052475
0.4838744091
0.4941739679
0.5104531379
0.5332434056
0.5704194158
0.6329856143
0.7598191112
1.101771162
0.4610853317
0.4577443187
0.4562495178
0.455732153
0.4563838237
0.457370617
0.458879047
0.4611302891
0.4636417792
0.4676441055
0.472431377
0.4801583167
0.4896448883
0.5048409002
0.5259170037
0.5605434043
0.6189529222
0.7373944723
1.038605837
0.4573110456
0.4557224145
0.4551762921
0.4555256256
0.4562166753
0.4575200713
0.4594814393
0.4618058444
0.4655810374
0.4698166938
0.4767955139
0.485445956
0.4994705425
0.5191381997
0.5516117732
0.6065011121
0.7179604417
1.011203739
0.4552996723
0.4545396629
0.4548714839
0.4555164077
0.4566440852
0.4584337566
0.4604190339
0.463765838
0.4677019334
0.4743207243
0.4824296842
0.4957382547
0.5142673316
0.5450364535
0.5971027022
0.702635113
0.9686456681
0.45418007
0.4543078655
0.4547568246
0.4557456983
0.4573413638
0.4591999808
0.4623961561
0.4659641369
0.4720830132
0.4796325
0.492156665
0.5097448581
0.5390727334
0.5887577283
0.6894437061
0.9471611311
0.4537630088
0.4538810849
0.4542960014
0.4551668265
0.4566478475
0.4582794617
0.4611894398
0.4645568344
0.4704370357
0.4776266835
0.4896775794
0.5065108617
0.5347066197
0.5825051795
0.6792056552
0.9284389098
0.4535086245
0.4537934983
0.4545709199
0.4559222054
0.4574689473
0.4602786475
0.4633997198
0.4689458532
0.4757616325
0.4872882648
0.503494595
0.5307292603
0.5769341442
0.6703784648
0.9123334003
0.4532290747
0.4534881113
0.4541869486
0.4554616648
0.4568561683
0.4594746533
0.4624619206
0.4678495715
0.4744259658
0.4856389372
0.501343903
0.527826707
0.5727763427
0.6635554037
0.8986151014
0.453153922
0.453790442
0.4549783513
0.4563161632
0.4588677127
0.4616899179
0.4668541353
0.473180581
0.4840430727
0.4993300463
0.5251719691
0.5690579048
0.657657919
0.8874075231
0.4529518643
0.4535344185
0.4546716064
0.4559072751
0.4583309609
0.4610639105
0.46612264
0.4722895256
0.4829434924
0.49789668
0.5232383434
0.5662887639
0.6531103389
0.8783766825
0.4527127821
0.4532500175
0.4543240226
0.4555182535
0.4578930089
0.4605056442
0.4654017815
0.4713867355
0.4817856614
0.4964352303
0.5213114806
0.563589537
0.648827989
0.8696902788
0.4525442913
0.4530335221
0.4540632588
0.4551682582
0.4574312828
0.4599652531
0.4647686123
0.4706135234
0.4808298983
0.495187232
0.5196258717
0.5611731311
0.6448540541
0.8611456901
0.4527657358
0.4537331015
0.4547963457
0.4570102452
0.4594255309
0.4640687132
0.4697339915
0.479698744
0.4937567437
0.5177369601
0.5585240003
0.6406467629
0.8527387534
0.4525581396
0.4534815521
0.4544562424
0.4565592334
0.4588957519
0.4634462185
0.4689718842
0.47875511
0.4925225592
0.5160681722
0.5561298745
0.6367056369
0.8444661641
0.4522996196
0.4531607701
0.4540932577
0.456146679
0.4583646943
0.4627554759
0.4681018376
0.4776340608
0.4911033173
0.5141926031
0.5534983624
0.6325253328
0.836323443
0.4529155414
0.4537598923
0.4557030385
0.4578423997
0.4621407311
0.4673480466
0.4766999018
0.4898803981
0.5125383074
0.551124795
0.6286170786
0.8283078674
0.4526011747
0.4534031442
0.4552964913
0.4573174568
0.4614565339
0.4664849399
0.4755864798
0.488470155
0.5106741355
0.5485097108
0.6244645857
0.8204152371
0.4523602187
0.4530744765
0.4548580797
0.4568006778
0.4608477287
0.4657377833
0.4746602588
0.4872571249
0.5090332941
0.5461565223
0.6205915235
0.812643071
0.4527222328
0.4544559513
0.4562802078
0.4601684043
0.4648800043
0.4735529236
0.4858545451
0.5071794746
0.5435575672
0.6164685285
0.8049870525
0.4523969572
0.4540213893
0.4557676955
0.4595644008
0.4641384369
0.4726336956
0.484650569
0.5055514951
0.5412248041
0.61263252
0.7974451159
0.4520483758
0.4536224081
0.4552506422
0.4588888769
0.4632849594
0.4715314792
0.4832548431
0.5037074431
0.5386420059
0.6085406255
0.790013158
0.4531905981
0.4547416231
0.4582889963
0.4625483923
0.4706187612
0.4820595721
0.5020922709
0.5363303565
0.6047444646
0.7826895735
0.4527940536
0.454227318
0.4576166042
0.4616986035
0.4695211283
0.4806703435
0.5002579066
0.5337643671
0.6006862412
0.7754700603
0.453726387
0.4570264344
0.4609740647
0.4686237946
0.4794955876
0.4986717914
0.5314976519
0.5969702989
0.7685063632
0.4563708851
0.4601457794
0.4675544283
0.4781439451
0.4968901342
0.5290127464
0.5930593821
0.7616582505
0.4557913357
0.4594351818
0.466676047
0.4769960611
0.4953449472
0.5268147773
0.5894831962
0.7549244444
0.4586117868
0.4656140325
0.4756564595
0.4935839221
0.5243693598
0.5856635151
0.7483004764
0.4647454784
0.4745233187
0.4920629936
0.5222156683
0.5821851493
0.7417847551
0.4903206482
0.5198065748
0.5784504997
0.7353734443
0.5176959209
0.5750665972
0.7290658097
0.5138904363
0.5278693602
0.5446295707
0.5674318257
0.5965204283
0.6366689145
0.6919553255
0.7727702773
0.8973186664
1.107540843
1.514998529
0.4707296026
0.4728417777
0.4748111325
0.4786623067
0.4824644992
0.4884398926
0.4946965388
0.5037046118
0.5138376206
0.5278317511
0.5445683125
0.5673453337
0.5964255689
0.6365973074
0.6917967081
0.7726341971
0.8970880947
1.107306251
1.514785648
0.4771562796
0.4734925091
0.4713440571
0.4705946756
0.4707214208
0.4728319561
0.4747947163
0.4786460576
0.4824434187
0.488418425
0.4946665013
0.5036749271
0.513783879
0.5277549624
0.5444810003
0.5672843001
0.5963298198
0.6364622241
0.691657995
0.7724371884
0.8968508158
1.107030257
1.514559495
0.487373164
0.4842407289
0.481412042
0.4771913662
0.4735175881
0.4713570214
0.470600047
0.4707101751
0.472822633
0.4747638184
0.4786130604
0.4824008204
0.4883735112
0.494604112
0.5036137005
0.513720341
0.5277196136
0.5444239491
0.5671949444
0.5962134219
0.6363722982
0.6914793275
0.7722635185
0.8965843514
1.106747171
1.514302017
0.4958081734
0.4916764606
0.4892454803
0.4873988066
0.484269873
0.4814451366
0.4772176398
0.4735411901
0.4713723368
0.4706087363
0.4707016363
0.4728097672
0.4747443585
0.4785992408
0.4823821167
0.4883532487
0.4945764823
0.5035862448
0.5136743349
0.5276332878
0.544324179
0.5671157197
0.5961158909
0.6362177664
0.6913147929
0.7720342239
0.8963051629
1.106419626
1.5140175
0.5087228226
0.5006574166
0.4958217659
0.4916978133
0.489270805
0.4874359263
0.4842950103
0.4814800892
0.4772518676
0.4735617669
0.4713820099
0.4706119786
0.4706875686
0.4727988298
0.4747151669
0.4785633454
0.4823359212
0.4883021675
0.4945095331
0.5035187309
0.5135977645
0.5275955137
0.5442674115
0.5670256426
0.595979764
0.6361058573
0.6911148875
0.7718240182
0.8960014095
1.106085351
1.513703083
0.5446648029
0.5223208655
0.508780416
0.5006996672
0.495853346
0.4917200625
0.4892878763
0.4874634774
0.4843253703
0.4815166904
0.4772791419
0.4735834857
0.4713948895
0.4706194899
0.470676705
0.4727833283
0.4746905329
0.4785505095
0.4823171703
0.4882818153
0.4944823247
0.5034918745
0.513557633
0.5275082422
0.5441554446
0.5669251195
0.5958742797
0.6359332581
0.690923507
0.771562524
0.8956806244
1.105704338
1.513358385
0.7486259904
0.6392067341
0.5809034945
0.5447287677
0.5223648981
0.508809388
0.5007175655
0.4958722455
0.4917435222
0.4893187114
0.4875100618
0.4843552577
0.4815561723
0.4773201655
0.4736078978
0.4714048278
0.4706222427
0.470657619
0.4727699977
0.4746610271
0.4785109941
0.4822647471
0.4882241194
0.4944089515
0.5034172231
0.5134671143
0.5274516208
0.5440930579
0.5668342327
0.5957201343
0.6357971879
0.6907007925
0.7713166312
0.8953383093
1.105318119
1.512983308
1.323244099
0.9557800655
0.7490120773
0.6394499459
0.5810758953
0.5448578787
0.5224653677
0.5088845744
0.5007728913
0.4959188327
0.4917745602
0.4893432907
0.4875439318
0.4843897896
0.4816021775
0.4773537195
0.4736350464
0.471418954
0.47063032
0.4706434722
0.4727524628
0.4746290703
0.4784978495
0.4822439711
0.4882023798
0.4943804736
0.5033893416
0.5134283498
0.5273694662
0.5439721609
0.5667107376
0.5956010804
0.6356064426
0.6904820688
0.7710227219
0.8949761075
1.104882917
1.512585825
5.310108787
3.12950564
1.971622615
1.324425249
0.9563203291
0.7492883105
0.6396307483
0.581209746
0.5449502465
0.5225251374
0.5089194347
0.5007951284
0.4959432035
0.4918015405
0.4893826014
0.4876050876
0.4844283886
0.4816503205
0.4774067928
0.4736691941
0.4714329639
0.4706330796
0.4706184519
0.4727357873
0.4745980618
0.4784536535
0.482183011
0.4881370173
0.4942987353
0.5033058405
0.5133240357
0.5272922127
0.5438972328
0.5666167457
0.5954300777
0.6354446922
0.690234624
0.7707411832
0.8945936526
1.104446016
1.512155578
33.53133659
17.96715396
9.519991234
5.321028414
3.135686759
1.974987218
1.32625336
0.9573308957
0.7498470562
0.6399837415
0.5814583294
0.5451339264
0.5226630937
0.5090199852
0.5008718258
0.4960089998
0.4918487717
0.4894214451
0.4876488116
0.4844679691
0.4817115751
0.4774526376
0.4737065434
0.4714480883
0.4706382519
0.4706036473
0.472716941
0.4745562737
0.4784391327
0.4821584657
0.4881128506
0.4942675718
0.503275652
0.5132826956
0.5272132845
0.543769482
0.5664695307
0.5952922777
0.6352342755
0.6899875256
0.7704135392
0.8941890596
1.103954897
1.511702974
2810.527344
399.865086
136.8516647
66.64811011
33.6274582
18.01804284
9.542534149
5.333544839
3.142791258
1.978483487
1.327894109
0.958119023
0.7502293807
0.6402306077
0.5816479457
0.5452643722
0.5227408445
0.5090629963
0.500901575
0.4960378209
0.4918804428
0.4894713709
0.4877286753
0.4845211775
0.4817749843
0.4775263409
0.4737529104
0.4714652782
0.4706363209
0.4705769301
0.4726939449
0.4745217406
0.4783881334
0.4820853997
0.4880377392
0.4941743096
0.503180375
0.5131625915
0.52711367
0.5436753943
0.5663685642
0.5951043833
0.6350455538
0.689713009
0.770095678
0.8937645483
1.103467774
1.51121932
2830.797076
403.0479274
137.4322345
66.69235226
33.73950478
18.07818571
9.570452611
5.348351056
3.151403434
1.983025925
1.330412702
0.9595572413
0.7510856874
0.6407588045
0.5820109545
0.5455204945
0.5229277566
0.5092027978
0.5010102904
0.4961260256
0.4919554776
0.489536222
0.4877882486
0.4845672018
0.4818609019
0.4775921625
0.4738051847
0.4714842525
0.4706333795
0.4705637589
0.4726725931
0.4744662933
0.4783701347
0.4820546227
0.4880095665
0.4941383079
0.50314607
0.5131160389
0.5270350483
0.5435412853
0.5661968886
0.5949429081
0.6348128078
0.6894360231
0.7697327187
0.8933169692
1.102920462
1.510706726
2855.384553
404.5884901
138.4877524
66.7503363
33.88715912
18.14238558
9.603229968
5.365535381
3.161429255
1.987870478
1.332685322
0.960549787
0.7516312006
0.6410898243
0.5822627161
0.54569583
0.5230300928
0.5092590778
0.5010469297
0.4961570482
0.491992498
0.4895973646
0.487887989
0.484645311
0.4819523715
0.4776981618
0.4738677498
0.4715053527
0.4706232616
0.4705335047
0.4726362972
0.4744254368
0.4783144004
0.481962721
0.4879213761
0.4940285497
0.5030347348
0.5129753807
0.5269099046
0.5434206486
0.5660833893
0.5947361542
0.6345950306
0.6891309663
0.7693764176
0.8928471066
1.102380172
1.510163106
2885.487063
411.2450422
139.2176747
66.74562907
34.04714889
18.21811555
9.642703238
5.38561503
3.173119918
1.993881343
1.336023817
0.9624537332
0.752911588
0.6419404188
0.5828078351
0.5460493744
0.5232838352
0.5094544838
0.5011979552
0.4962692826
0.4921095957
0.4897073068
0.4879765194
0.4847047803
0.4820785325
0.4777924186
0.4739398396
0.4715276644
0.4706164484
0.4705202304
0.472609368
0.4743531744
0.4782775241
0.4819224641
0.4878865095
0.4939839369
0.5029929926
0.5129198277
0.5268274218
0.5432786362
0.5658851576
0.5945449734
0.6343350473
0.6888203237
0.7689740846
0.8923527031
1.101771198
1.509573647
2921.842234
415.72612
140.688561
66.85064585
34.26172888
18.30085633
9.68856335
5.409416704
3.187103886
2.000647005
1.339188355
0.9637407038
0.7535138204
0.6423538672
0.5831323199
0.5462857821
0.5234316577
0.5095345911
0.501240883
0.4962963213
0.4921555219
0.489779459
0.4880902618
0.4848254146
0.4822204708
0.4779473498
0.4740169943
0.4715463326
0.4705984083
0.4704830952
0.4725483754
0.4742974784
0.4782199506
0.481807747
0.4877786077
0.4938497846
0.5028590427
0.5127511482
0.5266710329
0.5431218245
0.5657512773
0.5943148375
0.6340844551
0.6884794918
0.7685752281
0.891832132
1.101170775
1.508960948
2965.71815
428.4397086
141.3391408
66.8325406
34.4728384
18.38959861
9.742699544
5.437014791
3.202678931
2.008465265
1.343465076
0.9662481111
0.7552390426
0.6436276976
0.5839981401
0.546822607
0.5237891963
0.5097994389
0.5014394752
0.4964343726
0.492327048
0.4899586864
0.4882368466
0.4849256488
0.4824113412
0.4780608802
0.4741113249
0.4715682928
0.4705879677
0.4704652499
0.4725094441
0.4742077707
0.4781536339
0.4817417537
0.4877336032
0.4937908315
0.5028046517
0.5126806116
0.5265789275
0.5429685832
0.5655228947
0.5940865156
0.6337903915
0.6881297191
0.7681282503
0.8912862071
1.100495503
1.508281548
3016.256737
440.6303145
143.1832597
67.15246967
34.77730526
18.49701981
9.806073411
5.470869422
3.222427636
2.018297312
1.348202638
0.9682972587
0.7560200875
0.6439567052
0.5842725058
0.5471024509
0.5240134602
0.5099286185
0.5014869079
0.4964339127
0.4923809539
0.490051637
0.4883560673
0.4851150467
0.4826217154
0.4782270827
0.4742382536
0.47158435
0.4705593326
0.4704118634
0.4724066774
0.4741230298
0.4780877996
0.4816035313
0.4875958413
0.493620273
0.502638292
0.512473284
0.526382626
0.5427625804
0.5653575869
0.5938256557
0.6335011421
0.6877459491
0.7676807122
0.8907078948
1.099825533
1.507591184
3065.436867
463.5679649
143.6580528
67.16248711
35.03517535
18.61729195
9.882638669
5.511704733
3.244362124
2.02920015
1.353917601
0.9715933247
0.7584065339
0.6458489459
0.5856364847
0.5479547181
0.5245271334
0.5102622186
0.5017187947
0.4965999129
0.4926285722
0.4903349441
0.4886140701
0.4853196334
0.482877943
0.4783565147
0.474353584
0.4716026048
0.4705393187
0.4703820214
0.4723429825
0.4740218525
0.4779810302
0.4814877334
0.4875365561
0.4935391113
0.5025640595
0.5123794998
0.5262726814
0.5425931073
0.5650943909
0.5935509789
0.6331637207
0.6873489794
0.7671811886
0.8901024759
1.099076364
1.50680939
3114.89676
482.8220244
146.1609647
67.8304849
35.50340898
18.78749238
9.978163463
5.564399224
3.275100002
2.045429374
1.36206667
0.9755570676
0.7601597042
0.6464167479
0.5858083983
0.5481420036
0.5247509336
0.5104257901
0.5017966123
0.4966050942
0.4926931351
0.4904753214
0.4887490077
0.485584223
0.4831372804
0.4785204435
0.4745325919
0.4716094335
0.470488753
0.4702970392
0.4721740048
0.4738902246
0.4778849887
0.4813278462
0.4873565197
0.4933170188
0.5023548351
0.5121231117
0.5260268048
0.5423229638
0.5648833163
0.5932501162
0.632828663
0.6869141042
0.7666774463
0.8894584525
1.098326974
1.50604918
3143.730615
520.4326032
146.4667682
67.82563665
35.82667906
18.98773445
10.10541132
5.637770711
3.313691831
2.0646878
1.372195787
0.9807262991
0.7633149787
0.6491424724
0.5881696976
0.5497321756
0.5256180258
0.5109003103
0.5020526725
0.4967169742
0.4930518858
0.4909098107
0.4891732028
0.4859613515
0.4834404679
0.4786935893
0.4746442762
0.4716032748
0.4704373065
0.4702310996
0.4720799339
0.4737906867
0.4777343934
0.481142256
0.4872781647
0.493205615
0.5022507738
0.5119937559
0.5258886839
0.5421323644
0.5645836401
0.5929220178
0.6324396506
0.6864627872
0.7661187428
0.8887874248
1.097504129
1.505186027
3200.127798
553.597278
150.5606921
69.03832256
36.72618674
19.33582428
10.28910636
5.737517342
3.371496599
2.097532925
1.388889561
0.9892980563
0.7680373204
0.651374734
0.5887057668
0.5497071588
0.5258102558
0.5110895402
0.502125298
0.4966583634
0.4931477955
0.4911476529
0.4893607997
0.4862637323
0.4836948194
0.4788567133
0.4748355448
0.4715868853
0.4703604635
0.4701145973
0.4718436879
0.4735970434
0.4775671246
0.4809672598
0.4870510974
0.4929245609
0.5019946837
0.5116861458
0.5255909345
0.5417901719
0.5643137006
0.5925744208
0.6320547228
0.6859726356
0.7655547125
0.8880752122
1.096676832
1.504411548
3241.399395
620.9730013
151.0932799
69.00367695
37.2866279
19.74626742
10.54461246
5.895726569
3.45861866
2.139392496
1.411276058
1.001517725
0.7739524316
0.6548094541
0.5919968755
0.5529919227
0.5275129885
0.5118978759
0.5024254333
0.4968244103
0.4935851132
0.4917550172
0.4899736393
0.4868134191
0.4840512812
0.4791331081
0.4749060132
0.4715415147
0.4702385797
0.4699767051
0.4716970656
0.4734977432
0.4773869527
0.4807187337
0.4869409474
0.4927722446
0.5018523429
0.5115138593
0.5254152044
0.5415754222
0.5639834948
0.592194725
0.6316124174
0.6854653114
0.7649353521
0.8873381372
1.095795313
1.503533974
3243.279749
691.1062877
158.9760572
71.20050481
39.22066431
20.52023925
10.95423081
6.111367412
3.574737966
2.211559925
1.449876509
1.019170132
0.7831853459
0.6609426774
0.5956023826
0.5532169346
0.5276343911
0.5119093391
0.5023906597
0.4968742689
0.4938884539
0.4922078963
0.4901969198
0.4871167912
0.4843036068
0.4793083548
0.4750469973
0.4714880472
0.4701421977
0.4698441023
0.4714413258
0.4732389942
0.4771145326
0.4805262085
0.4866813225
0.4924177153
0.501538185
0.5111390812
0.525047704
0.5411453925
0.5636281522
0.5917708033
0.631144565
0.6848756155
0.7642551106
0.8864874554
1.094814669
1.502755892
3225.429177
809.2176726
162.0848797
71.55206366
40.28351985
21.36004737
11.45288241
6.425128992
3.773320885
2.305902467
1.495346015
1.045726411
0.7980350338
0.6679586676
0.5995893064
0.5583586046
0.5306111218
0.5134012014
0.503145704
0.4973685237
0.4943976711
0.4928856604
0.4909531858
0.487833295
0.484771156
0.4797224252
0.4750428704
0.4714049525
0.4699587186
0.4696340299
0.4711971369
0.4731185412
0.4769103119
0.4802342097
0.4864694239
0.4922225102
0.5013460437
0.5109115577
0.5248107422
0.5408600297
0.5631942602
0.5912430871
0.6305178843
0.6841522201
0.7633692432
0.8854368857
1.093623638
1.501992398
3130.734863
943.1002469
179.2770368
75.24403112
42.96077216
22.95306318
12.29048595
6.873077453
3.976906353
2.438384858
1.576964208
1.083736007
0.8136918965
0.6779041354
0.6084267678
0.5605091087
0.5309909707
0.5136378767
0.5033061234
0.4976052716
0.4948397902
0.4935760304
0.4912502723
0.4881954257
0.4850895533
0.4799158632
0.4751340998
0.4713132549
0.469823057
0.4694701501
0.4709460077
0.4727746411
0.4765018154
0.4799738546
0.4861599461
0.4917269006
0.5008884458
0.5103632533
0.524244325
0.5401956108
0.5626070637
0.5905724326
0.6297689371
0.6832046299
0.7622575841
0.8840613013
1.092129368
1.501124182
2987.747688
1005.947638
193.1175951
76.32313142
43.71683739
24.15708548
13.07974346
7.340260585
4.346197653
2.623900847
1.657655685
1.128958986
0.8437340611
0.6950705489
0.6156525583
0.5668959384
0.5364136907
0.5164994274
0.504883787
0.4985994439
0.4956145436
0.4943280715
0.49208534
0.4890988092
0.4857155661
0.4804864072
0.4751225117
0.4712148793
0.4696110367
0.4692054351
0.470580772
0.4726152593
0.4762571436
0.4796463709
0.4857649266
0.4914706112
0.5006137067
0.5100426178
0.5238994906
0.5397797153
0.5619560332
0.5897307803
0.6287306378
0.6819868924
0.7607569882
0.8822969059
1.090260113
1.49995973
2795.814966
1036.282419
238.1554751
80.48998616
47.19375122
26.82606806
14.4181726
8.132567045
4.637008924
2.814323033
1.796053365
1.201650968
0.8712921283
0.7079531996
0.6286064688
0.5731368593
0.5377397996
0.5173250066
0.5053918548
0.4990253888
0.496225749
0.4951862157
0.4926686447
0.4896354453
0.4861938714
0.4807638595
0.4752384493
0.4711017023
0.4694075892
0.4689784681
0.4703204744
0.4721880523
0.47566393
0.4792267613
0.485357958
0.490816523
0.4998879262
0.5091780148
0.5229690312
0.5386944159
0.5609185401
0.5885814409
0.6274518755
0.6803756748
0.7588490999
0.8799965253
1.087835668
1.498258138
2558.022532
1114.727092
301.7483298
85.61850322
46.48995375
27.63556292
15.3252165
8.618281687
5.191600863
3.11600947
1.920773783
1.268278413
0.9205818
0.7408971466
0.6435102576
0.5826704599
0.5465817852
0.5222120596
0.5080570238
0.5006113919
0.4973551213
0.4961215002
0.4936493635
0.4907562508
0.487049829
0.4815640564
0.4753521075
0.4710226296
0.4691999998
0.4686770773
0.4698093548
0.4718517493
0.4753471105
0.4788552119
0.484706794
0.4903060055
0.4994474602
0.5086973718
0.5224287882
0.5380059478
0.5599016385
0.5872117582
0.6256876903
0.6782685977
0.7562652702
0.876997202
1.084665076
1.495718465
2299.522329
1201.136994
393.1783072
106.4134618
53.77906286
30.84330138
17.3699547
9.818379357
5.529650873
3.348006615
2.124834812
1.38747765
0.963927151
0.7554907963
0.6607046759
0.594044187
0.5496670989
0.5238884807
0.509067569
0.5012901834
0.4980916145
0.4971829501
0.4945850592
0.4915923692
0.4878336348
0.4820690385
0.4755655781
0.4709304877
0.4689043198
0.4683375071
0.4694539701
0.4713630762
0.4744710958
0.478119952
0.4840406077
0.4894856006
0.4983823642
0.5073622112
0.520810736
0.5362035384
0.558035273
0.5851447371
0.6234172687
0.6754673223
0.7529539942
0.8730843784
1.080322953
1.492018305
2072.767913
1465.516714
496.6922685
134.1980026
54.16098194
31.79000658
18.5421497
10.46953724
6.372202307
3.781827453
2.290235762
1.478200644
1.040556239
0.811355055
0.6872813267
0.6092655048
0.56329355
0.5320744148
0.5135167392
0.5037086728
0.4996624596
0.498463823
0.4959040752
0.4930833634
0.4890778981
0.483246962
0.4759978089
0.4709186689
0.4686933539
0.4679896097
0.4687727545
0.470662529
0.4740439451
0.4776505893
0.4830814055
0.488522432
0.4974172235
0.5063373729
0.519943964
0.5350001046
0.5563565309
0.5828925191
0.6204119778
0.6717931533
0.7484760095
0.8677872178
1.074388256
1.486725072
1963.360406
1471.266284
707.3302083
190.1749759
68.29215797
36.16304159
21.32948625
12.29430029
6.801086085
4.140515101
2.610656018
1.663228606
1.102797211
0.8274008303
0.7102709169
0.6265155436
0.5688828305
0.5349825473
0.5152748206
0.5047574572
0.5006358861
0.4998799713
0.4973209644
0.4943810227
0.490373296
0.4842046024
0.4764693331
0.4708760709
0.4682949311
0.4674713914
0.4681570573
0.4700996976
0.4728643694
0.4763266441
0.4818519951
0.4873250922
0.495847568
0.5044687446
0.5173369995
0.5319480188
0.5530307799
0.5791088762
0.6162553674
0.6668317847
0.7425928675
0.8607610522
1.066082763
1.479259591
1956.056865
1285.159338
737.2845762
311.6825388
78.56259106
37.69095546
22.1733918
13.38094925
8.132268621
4.718975877
2.822050031
1.798685836
1.234797517
0.9224196226
0.7528336692
0.6515565339
0.5903963236
0.548710696
0.5229432478
0.5086602766
0.5027890768
0.5016878869
0.4992093913
0.4964947625
0.4922793655
0.4860419791
0.4774071377
0.4709526624
0.4680277957
0.4670285709
0.4672918972
0.4689083327
0.4719299261
0.475604136
0.480544895
0.4857200247
0.4940083777
0.5023181767
0.5153675708
0.5296711442
0.5500802379
0.5753052737
0.6111623119
0.6604134589
0.7346466393
0.8508829373
1.054500614
1.468728203
1949.104297
1061.752971
672.6538473
428.5489355
152.4754941
46.09653929
26.3089594
15.42638844
8.787059747
5.347171187
3.341945087
2.073626109
1.312943497
0.9400887394
0.7868755988
0.6772086612
0.6003564849
0.5535308225
0.5259415457
0.5104225841
0.5042552031
0.503694925
0.5013212448
0.4985066503
0.4944156686
0.4878230369
0.4781758256
0.4709128072
0.4674858635
0.4662610848
0.4661986815
0.46805517
0.4705157181
0.47338785
0.4783224743
0.4836464486
0.4914212805
0.4995341349
0.5115226768
0.524724567
0.5443332743
0.5684917468
0.603455243
0.6513605058
0.7236794142
0.8375366716
1.038351775
1.453667525
1870.874541
895.3262901
585.2231116
422.1695771
265.6333035
88.67907273
28.87245533
17.36867387
11.06093983
6.232479041
3.645160895
2.319792259
1.555856158
1.098651666
0.847877651
0.7163135258
0.6340384947
0.5756170804
0.5386102917
0.5170441429
0.5075362369
0.50627133
0.5041304727
0.5016497565
0.4974358655
0.4908121253
0.4797946551
0.4711587504
0.4670882072
0.465528204
0.4650875935
0.4663192623
0.4685261239
0.4721417038
0.4764787348
0.4810857011
0.4883070251
0.495626496
0.5071871395
0.5201019252
0.5387846825
0.561717654
0.5946767468
0.6399609212
0.7091460114
0.8187029229
1.015298362
1.431783149
1753.935092
779.7227378
502.4383946
385.995429
292.3127775
174.2720569
55.81916135
20.99659854
11.92294312
7.895999265
4.66573226
2.741056497
1.670256771
1.140238295
0.9139794114
0.7541975222
0.6492655061
0.5847792875
0.5443173503
0.5202986695
0.5104792979
0.5092792298
0.507230373
0.504741822
0.5009120081
0.4940447761
0.4811651127
0.471218973
0.4664072135
0.4641313323
0.4634370727
0.4647225904
0.4667824198
0.4690328951
0.4727129891
0.4773635866
0.483829831
0.4908418807
0.5012785661
0.5123633619
0.5292341552
0.5499134801
0.5805530088
0.6230737749
0.6880985866
0.7925047422
0.9829804964
1.399281245
1629.460397
693.8188396
438.6381913
341.6887157
281.5030621
216.6063666
125.4286743
42.91520717
16.12710822
8.733936009
5.627706029
3.384173633
2.106793404
1.393478621
0.9987438148
0.8204620527
0.7010436007
0.6176032673
0.5638092357
0.5297780897
0.5152764104
0.5127421788
0.5110734605
0.50904849
0.5053063411
0.4987903674
0.4839003736
0.4719417419
0.4658805055
0.463114558
0.4621007909
0.462580437
0.4637706016
0.4664506876
0.4699776511
0.4736604258
0.4792599206
0.4850462134
0.4940600673
0.5043062842
0.519730731
0.5386015889
0.5664206202
0.6045117664
0.6638805379
0.7601587236
0.9402970274
1.353496047
0.5122896646
0.5091334106
0.5028739937
0.4859963006
0.4723685192
0.4654719031
0.4619089804
0.4604799347
0.4607231042
0.4619800694
0.4636130988
0.4661145462
0.4694660416
0.4742500701
0.4794285603
0.4875241469
0.4960357357
0.5093164706
0.5254525457
0.5498690575
0.5840893261
0.637673837
0.7259068443
0.8953697875
1.302432888
0.4886164164
0.4733529234
0.4652830362
0.4612226127
0.4595145472
0.4592074319
0.459707231
0.4613779182
0.4638420131
0.4665089773
0.4706212249
0.4748729682
0.4816914945
0.4892619077
0.5012442834
0.515794596
0.5379620045
0.5684716796
0.6169090862
0.6973747239
0.8546405416
1.249086124
0.473956896
0.4651681014
0.4605088119
0.4583922508
0.4579324165
0.4584662459
0.4595028672
0.4612290712
0.4635756177
0.4671206887
0.4708617004
0.4770784467
0.4835095468
0.4939943352
0.5066137158
0.5262017524
0.5537366673
0.5976969737
0.6713363905
0.8179192247
1.203829902
0.4601186256
0.4577490936
0.4569355887
0.4569458155
0.4579482215
0.459651285
0.4615433832
0.464636343
0.4677537739
0.4730806905
0.4788040039
0.4883644185
0.4998586927
0.5179110252
0.5428782115
0.5831172575
0.6508743978
0.7869492788
1.140056576
0.4570388191
0.4560952033
0.4561222245
0.4567098918
0.4579136332
0.4595679626
0.46227745
0.4650264079
0.4699531835
0.4749197987
0.4834684888
0.493654763
0.5099109737
0.5327966764
0.5698762734
0.6325768472
0.7593478037
1.101387184
0.4554563596
0.4551307479
0.4556814216
0.4568652828
0.4582146775
0.4606232698
0.4629538868
0.4672807768
0.4717565412
0.4796766137
0.4891006068
0.504334867
0.5254998459
0.5600352815
0.6185773331
0.7369608454
1.0382589
0.4549267265
0.4546000237
0.4548695607
0.4557221155
0.4569073124
0.459059235
0.4611366461
0.4651976305
0.4691689816
0.4764122597
0.4849608277
0.498978933
0.5187370599
0.5511261237
0.6061452209
0.7175519693
1.010861384
0.4539584004
0.4541972758
0.4550329885
0.456013295
0.4579655835
0.4597627253
0.4634226544
0.4670629175
0.4738853975
0.4819258629
0.4952692071
0.5138857352
0.5445733927
0.5967684352
0.7022515535
0.9683549758
0.4536645544
0.4542787544
0.4551486837
0.4569296064
0.4585559436
0.4620393126
0.4653426161
0.4717133122
0.4791694545
0.4916969802
0.50937372
0.5386241672
0.58843616
0.6890768065
0.946880248
0.4532271331
0.4538240554
0.4545567259
0.4562051837
0.4576438044
0.4608594274
0.463941434
0.4700316783
0.4771505146
0.489232469
0.5061526744
0.5342728041
0.5821978077
0.6788552974
0.9281664333
0.4533240958
0.4539832329
0.455516958
0.4568411426
0.4599393559
0.4627959667
0.4685844881
0.4753131719
0.4868492344
0.5031433294
0.5303049692
0.5766351536
0.6700393351
0.9120671892
0.4530230875
0.4535900084
0.4550355449
0.4562338896
0.459153293
0.4618622606
0.4674638933
0.473968511
0.4852094948
0.5010012467
0.52741213
0.5724867212
0.6632272172
0.8983536024
0.4526902861
0.4532082821
0.4545770997
0.4556989174
0.4585400418
0.4610981085
0.4664980045
0.4727418238
0.4836175836
0.4989919752
0.5247636647
0.5687737798
0.6573371316
0.8871536686
0.4529463259
0.4542562403
0.4552937149
0.4580152744
0.4604747842
0.4657499959
0.4718446746
0.4825243809
0.4975643645
0.522836504
0.5660109085
0.652796991
0.8781291503
0.4526726267
0.4539262838
0.4549082197
0.4575726212
0.459922279
0.4650506984
0.470955638
0.4813695648
0.496106552
0.5209146601
0.5633164318
0.6485214528
0.8694541928
0.4524511348
0.4536529694
0.4545612705
0.4571207587
0.4593838853
0.464402844
0.4701769923
0.4804193955
0.4948637958
0.5192351555
0.5609064103
0.6445558872
0.8609205665
0.4521929853
0.4533388416
0.4541922002
0.4566944878
0.4588492901
0.4637235272
0.469310485
0.4792907519
0.4934365941
0.5173510341
0.5582620703
0.6403559889
0.8525241717
0.453074454
0.4538546985
0.4562523633
0.4583207961
0.4630857897
0.4685423989
0.4783521045
0.4922070513
0.5156877198
0.5558736992
0.6364226098
0.8442617526
0.452768618
0.4534945161
0.4558335944
0.457794383
0.4624149943
0.4676847924
0.4772329629
0.4907905521
0.5138163796
0.5532464191
0.6322491666
0.836128897
0.4525102892
0.4531640632
0.4553976532
0.4572728743
0.4617845811
0.4669246653
0.4763033956
0.4895718817
0.512167145
0.5508782086
0.6283483116
0.828122856
0.4528101016
0.454983725
0.4567522755
0.4611199294
0.4660736097
0.475191446
0.4881640025
0.5103067967
0.5482669279
0.6242022119
0.8202394866
0.4524847302
0.4545520995
0.4562359187
0.4604951178
0.4653198813
0.474269555
0.4869549494
0.5086707191
0.5459187947
0.6203362417
0.8124763298
0.4521339413
0.4541433228
0.4557196153
0.4598350965
0.4644738971
0.4731633768
0.4855544817
0.506820452
0.5433233624
0.6162193637
0.8048290998
0.4537146137
0.4552074278
0.4592146707
0.463725609
0.4722483134
0.4843543006
0.5051970333
0.5409954516
0.6123902519
0.7972957199
0.4533073697
0.4546947423
0.4585580514
0.4628837497
0.4711470084
0.4829605069
0.5033563287
0.5384159472
0.6083042123
0.7898721145
0.4541863306
0.4579411064
0.462140369
0.4702383518
0.4817689007
0.5017455634
0.5361089857
0.6045147603
0.7825566916
0.4536767977
0.4572872243
0.4613020719
0.4691414348
0.4803814806
0.499914401
0.5335461258
0.6004622122
0.7753451587
0.4566790728
0.4605706986
0.4682480195
0.4792102001
0.4983324521
0.5312838067
0.5967525597
0.7683884046
0.456040322
0.4597534846
0.4671790891
0.4778600959
0.4965536291
0.5288015644
0.5928465799
0.7615470087
0.4590360198
0.4663045215
0.4767155056
0.4950123721
0.5266076939
0.5892761615
0.7548197048
0.4652427992
0.4753773452
0.4932540543
0.5241647763
0.5854611307
0.7482020327
0.4742473945
0.4917369274
0.5220150317
0.5819882523
0.7416924825
0.4899973484
0.519608508
0.5782582724
0.7352871576
0.5748795986
0.7289853296
0.5130695661
0.5264538614
0.5437967533
0.5659176921
0.5956266534
0.635066479
0.6909459942
0.7710942294
0.8961063479
1.105972859
1.514044546
0.4696506498
0.4715628816
0.4739155815
0.4774423172
0.4816372004
0.4871639224
0.4938821692
0.5023693613
0.5130141482
0.5264186977
0.5437194405
0.5658419655
0.5955357098
0.6349930943
0.6907696206
0.7709736001
0.8958694023
1.105736468
1.513833391
0.4748043225
0.4714572894
0.4696562703
0.4690806325
0.4696397776
0.471556944
0.4738959658
0.4774281229
0.4816130516
0.4871443802
0.4938508395
0.5023409888
0.5129558249
0.526348444
0.5436375402
0.565785902
0.5954225574
0.634867482
0.6906422845
0.7707710979
0.8956326774
1.105466198
1.513604423
0.4847780205
0.481724959
0.4789077111
0.4748371035
0.4714830196
0.4696722194
0.4690907795
0.4696346612
0.47155242
0.4738671576
0.4773986291
0.4815643781
0.487103638
0.4937857451
0.5022827154
0.5128911184
0.5263150486
0.5435654492
0.5657001499
0.5953114821
0.6347834742
0.690442682
0.7706092867
0.8953636694
1.105179449
1.513349335
0.4889888378
0.486673608
0.4848140355
0.4817564502
0.4789398886
0.4748693525
0.4715127823
0.4696911195
0.469101748
0.4696230923
0.4715415654
0.47384461
0.4773864131
0.4815431107
0.4870855666
0.4937567178
0.5022563394
0.5128406321
0.5262320281
0.5434712147
0.5656307156
0.5951985919
0.6346306885
0.6902917003
0.7703788199
0.8950816494
1.104859813
1.513061555
0.5057924726
0.4980413716
0.4929004052
0.4890108562
0.486692957
0.4848335305
0.4817739409
0.4789834746
0.474903352
0.4715337927
0.4697032178
0.4691094125
0.4696173152
0.4715378214
0.473818142
0.4773532444
0.4814918885
0.4870391937
0.4936868545
0.5021914028
0.5127635935
0.526199764
0.5434021835
0.5655386328
0.5950660109
0.6345312582
0.6900711087
0.7701756628
0.8947785138
1.104520505
1.51274979
0.5394768623
0.5185604442
0.5058364903
0.4980763783
0.4929266007
0.4890321298
0.4867146609
0.48487245
0.4818110465
0.4790202411
0.4749354446
0.471563129
0.4697214419
0.469120577
0.4696045243
0.4715230199
0.4737903242
0.4773416174
0.4814711968
0.4870210444
0.4936582372
0.5021654751
0.5127200463
0.5261119888
0.5432939372
0.5654509536
0.5949497594
0.634354108
0.6898925693
0.7699177264
0.8944525905
1.104148997
1.512402065
0.6286332141
0.5735470974
0.5395779155
0.5186321053
0.505877261
0.498100254
0.4929501644
0.4890585423
0.486740196
0.4848980964
0.4818298459
0.4790689798
0.4749789844
0.4715871986
0.4697332122
0.4691272009
0.4695946882
0.471518428
0.4737649295
0.4773039675
0.4814150111
0.4869680507
0.4935819106
0.5020930536
0.5126290912
0.5260621812
0.5432232221
0.5653545062
0.5947956048
0.6342351296
0.6896519398
0.7696740501
0.8941132773
1.103756954
1.51202968
0.9296707007
0.7332087832
0.6288410299
0.5736811012
0.5396698001
0.5187002337
0.5059293366
0.4981466695
0.4929908312
0.4890848721
0.4867666573
0.4849450717
0.4818785127
0.4791179604
0.4750152684
0.4716230844
0.4697547593
0.469140425
0.4695808054
0.4714999219
0.4737295587
0.4772916952
0.4813929122
0.486948398
0.4935520266
0.5020660195
0.5125882732
0.5259774873
0.5431035139
0.5652449995
0.5946716
0.6340355353
0.6894433386
0.7693880419
0.8937445845
1.103332253
1.51162945
1.888803226
1.278146636
0.9303130596
0.7335192737
0.6290503303
0.5738607645
0.5398141775
0.5187984137
0.5059841159
0.4981791739
0.4930203779
0.4891189257
0.4868028077
0.4849823389
0.4819013295
0.4791744802
0.475074402
0.4716550455
0.4697692663
0.469147804
0.4695655892
0.4714941393
0.4737047613
0.477250412
0.4813291906
0.486887494
0.4934673574
0.5019845232
0.5124832052
0.5259072572
0.5430244313
0.565143949
0.5944962085
0.6338933116
0.689182292
0.7691044418
0.8933665984
1.102888877
1.511201261
9.20647266
5.096412701
2.99268897
1.891247415
1.279536577
0.9311719903
0.7340211206
0.6293597359
0.5740599659
0.5399401577
0.5188808378
0.5060472765
0.4982403739
0.4930814184
0.4891547378
0.4868371823
0.4850395236
0.4819672153
0.4792450807
0.4751180649
0.4717015847
0.4697964096
0.4691646603
0.4695499886
0.4714708667
0.4736589715
0.4772326495
0.4813041296
0.4868651965
0.4934348366
0.5019551443
0.5124412503
0.5258248355
0.5428952864
0.5650101171
0.594359588
0.6336718864
0.688941474
0.768788321
0.8929550618
1.102409059
1.510747159
69.35832949
33.59018317
17.80735482
9.238000724
5.111187243
3.000671198
1.895478523
1.281639125
0.9321433114
0.7344643141
0.6296479922
0.5743091271
0.5401384522
0.5190165265
0.5061282203
0.498287888
0.4931142184
0.4891995977
0.4868894475
0.485097064
0.4819984008
0.4793109001
0.4752006032
0.4717458105
0.4698156808
0.469173298
0.4695259947
0.471463265
0.4736331165
0.4771912162
0.4812289505
0.4867941317
0.4933387709
0.5018617961
0.512320529
0.5257316854
0.5428010351
0.5649023783
0.5941629394
0.6335031003
0.688658541
0.768465081
0.8925359454
1.101915286
1.510264658
2810.485337
373.3848715
136.4981738
69.48833378
33.7242384
17.86190108
9.269968901
5.125074177
3.007089512
1.898434323
1.283423327
0.9333175808
0.7352269814
0.6301261059
0.574610768
0.5403108813
0.5191169448
0.506203745
0.4983622269
0.4932019474
0.4892533498
0.4869382485
0.485166072
0.4820915826
0.4794184062
0.4752570597
0.4718077276
0.4698506703
0.4691939365
0.4695073557
0.4714344742
0.4735732423
0.4771591702
0.481198873
0.4867674832
0.4933015248
0.5018282472
0.5122736926
0.5256492828
0.5426633029
0.564741978
0.5940084613
0.6332590924
0.6883834998
0.7681162947
0.89208151
1.101379598
1.509751975
2835.751952
375.1940506
137.5300316
69.62468923
33.89408246
17.91902674
9.303420946
5.140663205
3.017143183
1.904311467
1.286518444
0.9346772577
0.7358976094
0.6305200523
0.5749289864
0.540568333
0.5193062388
0.5063286402
0.4984341896
0.4932347488
0.4893104833
0.4870124196
0.4852586525
0.4821361217
0.4794937977
0.4753723821
0.4718691149
0.4698764136
0.4692035087
0.4694691473
0.4714217534
0.4735417574
0.4771204991
0.481109076
0.4866821104
0.4931893152
0.5017187679
0.5121331026
0.5255296166
0.5425461105
0.5646234202
0.5937890963
0.6330598639
0.6880754851
0.7677522319
0.8916174701
1.100832649
1.509207858
2866.525288
380.9605799
138.8477648
69.72769647
34.03310036
17.96537648
9.337840985
5.156912081
3.025845414
1.908213549
1.288708838
0.9361057191
0.7370031471
0.63129476
0.5753996252
0.540819364
0.5194390646
0.506412784
0.4985046169
0.4933501579
0.4893974099
0.4870919729
0.4853415338
0.4822572128
0.4796634886
0.4754533624
0.4719503573
0.4699200187
0.4692276078
0.4694442757
0.4713904472
0.4734635523
0.4770665937
0.4810652056
0.4866484432
0.4931437108
0.5016777554
0.5120776277
0.5254434758
0.5423988382
0.5644330912
0.5936101212
0.6327900057
0.6877624747
0.7673657924
0.8911167127
1.100235255
1.508620353
2903.419491
385.4668732
140.0719967
69.76575849
34.23608698
18.02546038
9.377036771
5.175719894
3.039231569
1.916620926
1.293379954
0.9381638128
0.7378991613
0.6318117858
0.5757941007
0.5411443207
0.5196981522
0.5065974871
0.4986110306
0.4933912949
0.4894663114
0.4871905867
0.4854847686
0.4823591982
0.4797549501
0.475605193
0.4720327313
0.4699532643
0.4692359455
0.469383733
0.4713600794
0.4734164726
0.4770299453
0.4809614066
0.48654137
0.493007908
0.5015456406
0.5119098063
0.5252912359
0.5422486717
0.5642970931
0.593364403
0.6325551114
0.6874241623
0.7669577915
0.890602269
1.099628756
1.50800547
2948.123953
396.8244388
141.4032993
69.76397441
34.37583186
18.07243722
9.418996166
5.199428012
3.052986978
1.922411107
1.295969035
0.9397704893
0.7392468997
0.6329264687
0.5765574794
0.5415705448
0.5199103349
0.506686554
0.4986326355
0.4935106668
0.4896053803
0.4873355031
0.4856046572
0.4824988303
0.4800054822
0.4757327622
0.4721322431
0.4700009287
0.4692576699
0.4693426944
0.4713297915
0.4733179251
0.4769452926
0.4808828635
0.4864973318
0.4929484375
0.5014919847
0.5118397548
0.5251959727
0.5420893539
0.5640721079
0.5931527434
0.6322540251
0.687068118
0.7665276823
0.8900509304
1.098964866
1.507331035
2999.360837
409.3529524
143.5939721
69.96342155
34.6595846
18.16317333
9.476195713
5.227848111
3.071622466
1.934379416
1.303231816
0.9433875491
0.7407383828
0.6335175314
0.5769434789
0.5419428778
0.5202342987
0.5069139451
0.4987642751
0.4936067182
0.4896962223
0.4874643355
0.4857974639
0.4827121422
0.480143246
0.475904088
0.4722338977
0.4700371307
0.4692598725
0.4692515001
0.4712721115
0.4732349469
0.4769032241
0.4807673394
0.4863578625
0.4927777338
0.5013274633
0.5116342338
0.5250022241
0.5418926673
0.5639087723
0.5928745256
0.6319763077
0.6866921031
0.7660704385
0.8894788637
1.098289672
1.506635492
3049.664395
426.5460572
145.2261825
69.93936298
34.81259756
18.2360263
9.537724431
5.268136982
3.095770829
1.944867705
1.306937905
0.944952016
0.7421951174
0.6350295122
0.5781573249
0.5426565546
0.5205573082
0.5070239086
0.4987940483
0.4936667849
0.4898945606
0.4877205405
0.4860192036
0.4828838563
0.48045479
0.476108586
0.4723435661
0.47007276
0.4692431853
0.4691813073
0.4712395219
0.4731155881
0.4767774455
0.4806299675
0.4862993725
0.4926968153
0.5012539988
0.5115413553
0.5248900698
0.54171745
0.5636434069
0.5926198842
0.6316360758
0.6862855628
0.7655880251
0.8888691483
1.097551019
1.50586218
3102.738779
445.1442562
148.7796947
70.5056094
35.28524175
18.41924955
9.644191862
5.32186891
3.125149143
1.962398882
1.3183509
0.951779089
0.7456255885
0.6363377251
0.578578352
0.5429339096
0.5208496536
0.5072556625
0.4989536143
0.4938426448
0.4900623117
0.4879232326
0.4862362323
0.4832284335
0.4806963072
0.4762668968
0.472454543
0.4700907213
0.4691984518
0.4690962593
0.4711384555
0.4729651205
0.476721682
0.4805052291
0.4861253411
0.4924747296
0.5010474432
0.5112872889
0.5246451822
0.5414583876
0.5634395718
0.5923017553
0.6313073565
0.6858633584
0.7650750745
0.8882316982
1.096798318
1.505093926
3130.903916
474.3433206
149.6726953
70.49825359
35.53049641
18.58102716
9.756867089
5.39752975
3.171375426
1.985388106
1.327430614
0.9543272605
0.7466656481
0.6379316489
0.5804979984
0.5443094108
0.521458281
0.5074037389
0.4989335858
0.4938697125
0.4902792736
0.4882933599
0.4866278664
0.4835104577
0.4810041146
0.4765774185
0.472537902
0.4700691121
0.4691182247
0.4690086256
0.4710775444
0.4728311524
0.4765427359
0.4802831559
0.4860265933
0.4923658588
0.5009432836
0.5111603077
0.5245066128
0.5412640767
0.5631317607
0.5919953211
0.6309212229
0.6854003483
0.764533407
0.8875581497
1.095985238
1.504244897
3192.38233
506.6702142
154.324054
71.6028141
36.48564813
18.99567044
9.988281118
5.516883221
3.231028204
2.016788652
1.346169456
0.9668177437
0.7547123789
0.6420760713
0.5817921237
0.5444301356
0.5215994027
0.5076057055
0.499157196
0.494057607
0.4906216983
0.4886908537
0.4868916259
0.4839159772
0.4813823721
0.4766848969
0.4725910975
0.4700418903
0.4690566029
0.4689242691
0.4709068267
0.4725879096
0.4764705528
0.480151279
0.4858468877
0.4920815129
0.5006909022
0.5108559632
0.5242087907
0.5409330102
0.5628749687
0.5916332635
0.6305369924
0.6849269135
0.7639617973
0.8868528157
1.095157345
1.503457557
3239.846142
561.8581091
154.2016837
71.81405864
37.08080912
19.39347856
10.23143135
5.674468743
3.326806626
2.068424503
1.371389358
0.976530782
0.7568821005
0.6428325923
0.5837046148
0.5470074421
0.5229832709
0.5082263641
0.4993274528
0.4940361726
0.4908452858
0.489121077
0.4873949588
0.4843960726
0.4816496444
0.4769928985
0.4726424027
0.4699880013
0.4689279332
0.4687774351
0.4707659429
0.4724611324
0.4762828157
0.4798453773
0.4856589821
0.4919370846
0.500551157
0.5106862553
0.524035081
0.5407184806
0.5625320993
0.5912741532
0.6301042299
0.6844074588
0.7633591401
0.886115409
1.094284172
1.502601013
3246.858627
633.0500329
162.8561922
73.73471657
39.08571627
20.29067644
10.7341263
5.93867112
3.459186271
2.137809765
1.407852657
0.9970864366
0.7711531597
0.652735596
0.5888912745
0.5480285273
0.5232812689
0.5084528844
0.4995364209
0.4943052671
0.4913665516
0.4897790235
0.4878142446
0.4848084111
0.4820719541
0.4771108256
0.4726550868
0.4699271707
0.4688448544
0.4686787832
0.4705613549
0.4721458023
0.4760965618
0.4796706896
0.485499301
0.4916026128
0.5002391973
0.5103188616
0.5236716812
0.5403014239
0.5621981058
0.5908433688
0.6296351489
0.6838425278
0.7626787291
0.8852790027
1.093315238
1.501816638
3239.973899
740.6269456
162.3525455
74.72083898
40.41186551
21.15199946
11.21656513
6.247828628
3.655728283
2.244813821
1.462735923
1.024358815
0.7808341839
0.6544746011
0.5900341773
0.5513553683
0.5259200284
0.5097489191
0.4999953617
0.4944951757
0.4916928263
0.4902743301
0.4883179168
0.4854361708
0.4823688054
0.4774036629
0.4726892254
0.4698388022
0.468670395
0.4684616741
0.4702791788
0.4720124523
0.4759228148
0.479324532
0.4852006833
0.491377909
0.5000537758
0.5100937088
0.5234392706
0.5400200568
0.5617506978
0.5903398199
0.6290350273
0.6831109108
0.7618227026
0.8842408741
1.092143653
1.501060406
3144.366468
883.12802
182.234049
77.80128935
43.89034576
22.87360411
12.18827193
6.758842932
3.904722076
2.379591791
1.537294476
1.060214788
0.8021067765
0.6711881803
0.6021451328
0.5558402834
0.5267984383
0.5100444693
0.500314692
0.4949557917
0.4923373083
0.491114908
0.4889461103
0.4859313806
0.482815022
0.4776089356
0.4726902762
0.4697437227
0.4685355794
0.4683123822
0.4700697954
0.4716515688
0.4755876445
0.4790378429
0.4850172522
0.4909837581
0.4995923988
0.5095583814
0.5228863153
0.5393732595
0.5612017584
0.5896718852
0.6282804312
0.6822021948
0.7607195519
0.882888326
1.090672095
1.500207175
3000.332942
978.1720376
189.387268
79.95789508
44.6562116
24.20263479
12.92527261
7.230308774
4.238433813
2.571740473
1.631535968
1.113154166
0.8273200994
0.678532886
0.6041764464
0.5585935346
0.5311052706
0.5127049276
0.5016134494
0.4956341849
0.4929092891
0.4917325853
0.4894815238
0.4866561024
0.4832309201
0.4779508579
0.4727507994
0.4696477853
0.4683375175
0.4680516746
0.4696529591
0.4714754989
0.4753723275
0.4786731962
0.4845542713
0.4905609685
0.499338053
0.5092408776
0.5225506449
0.5389616125
0.5605300633
0.5888482217
0.6272911496
0.6809725104
0.7592567341
0.8811416657
1.088827125
1.499061129
2804.334204
1027.434401
235.6332082
82.46511597
48.74284251
26.78980797
14.43913425
8.050301217
4.618562494
2.77373603
1.761421819
1.1754433
0.8578085895
0.7039025542
0.6237091828
0.5692151117
0.5341458393
0.5134948182
0.5022117568
0.496347004
0.4937323841
0.4926872803
0.4903328807
0.4873347998
0.4837953416
0.4783267315
0.472797053
0.4695100013
0.4681088963
0.467814023
0.4694222854
0.4711011783
0.4748256157
0.4781897448
0.4843000809
0.4901114002
0.498650686
0.508384856
0.5216400975
0.5378809388
0.5595517368
0.5877244529
0.6259928511
0.6794111308
0.7573661816
0.878865492
1.086432904
1.497380927
2559.105428
1098.210992
300.7404937
90.95538766
48.499403
28.19904105
15.23838502
8.585340927
5.076857699
3.06937558
1.898618747
1.257297054
0.9064699548
0.7192277309
0.6282380061
0.572673073
0.5396808853
0.5180917919
0.5046195013
0.4975196555
0.4945808942
0.4934891911
0.4910280722
0.4882161613
0.4844346657
0.478845478
0.4729160063
0.4694250428
0.4679210415
0.4675296982
0.4688744657
0.4707082305
0.4745301806
0.4778231751
0.4836424136
0.4893369545
0.4981728945
0.5079100621
0.5211183046
0.5372345155
0.5585162628
0.5863458927
0.624307657
0.6772962294
0.7548235688
0.8758928522
1.083295013
1.494865248
2289.109849
1131.33982
382.863435
107.7734668
55.95587104
31.07632372
17.5628734
9.774839502
5.574040471
3.324442183
2.093537462
1.358432218
0.9478342108
0.755686895
0.6586421203
0.5909030437
0.5466239887
0.5196909037
0.5056399745
0.4985453231
0.4955789469
0.4946247325
0.492177535
0.4891932427
0.4852760738
0.4794676859
0.4730946717
0.4692950363
0.4675812722
0.4671532732
0.4685435991
0.470328795
0.4737353109
0.4770086959
0.4830672345
0.4887599139
0.4972751688
0.5066146055
0.5195122527
0.5353784032
0.5567087974
0.5843560336
0.6220077803
0.6745464954
0.7515474895
0.8720074582
1.078995616
1.491189336
2044.947869
1426.258073
473.2162774
138.1723714
56.4203928
33.07834454
18.58303062
10.54935684
6.254617031
3.751754577
2.277634584
1.474393946
1.026723567
0.781887935
0.6660765451
0.5964284155
0.5543150556
0.5272607147
0.5097340761
0.5003508753
0.4967598594
0.4957372668
0.4931900907
0.4903872437
0.4862853463
0.4803429681
0.4733820361
0.4692190833
0.4673720571
0.4668388851
0.4678677907
0.4695951165
0.4731989381
0.4765542635
0.482236134
0.4875170962
0.4961649953
0.5055035575
0.5186895199
0.5343177957
0.5550710834
0.5820450993
0.619098856
0.6708898826
0.7471105051
0.8667511669
1.073105804
1.48592274
1915.193953
1515.185981
664.1407302
179.7018547
71.86149175
36.57834574
21.80849331
12.22685989
6.907484655
4.106024862
2.572044599
1.626931806
1.087703302
0.8350228974
0.7122313235
0.6249921431
0.5656918709
0.5303589605
0.5114595281
0.5019027723
0.4980568795
0.4972150688
0.4947923241
0.4918324094
0.4876212158
0.4814167317
0.473769123
0.469113869
0.466921076
0.4662579136
0.467246412
0.4691064686
0.4722107669
0.4751836357
0.4809670096
0.4864804002
0.4949088191
0.5037989066
0.5162503443
0.5311504048
0.5517135542
0.5783951697
0.6149415637
0.6659656509
0.7412862446
0.8597637527
1.064855959
1.478487003
1923.371955
1341.475671
750.9946284
288.8075026
76.1055422
40.04276851
22.3839525
13.61232498
7.973821769
4.726522967
2.819346808
1.801009215
1.214823334
0.8783672778
0.7233612106
0.6337114879
0.5791462237
0.5424452323
0.5182365809
0.5046784302
0.4996955385
0.4987988692
0.4963159866
0.4935756845
0.4892492581
0.4828979839
0.4743738015
0.4690594375
0.4666407882
0.4658565367
0.4664327551
0.4679619087
0.4710029948
0.4745277054
0.479916296
0.4847396276
0.4928905444
0.5014560236
0.5140566685
0.528965657
0.5489657041
0.5745306015
0.6099197606
0.6596063118
0.7333920904
0.8499420959
1.053335917
1.467989379
1935.040972
1099.445982
692.1480252
425.3455169
135.0794454
45.00228316
26.86306684
15.23022513
8.859597239
5.225558961
3.2779426
2.019961591
1.301737912
0.9620741651
0.7929005452
0.6756835525
0.5957207524
0.5480067852
0.5216942016
0.507424273
0.5015112621
0.5008486095
0.4986110041
0.4957508022
0.4914058658
0.4847856999
0.4749451281
0.4689908027
0.4660450291
0.465002107
0.4653200954
0.4670506776
0.4698726694
0.4725481386
0.477536723
0.482629831
0.4906497206
0.49886532
0.5106574515
0.524125432
0.5430792376
0.5678108259
0.602287327
0.6505860372
0.7225013063
0.8366557605
1.037258963
1.452969348
1870.606022
916.6512144
603.9391094
428.4695098
247.0491968
70.73856106
28.68709142
17.82700503
10.77506694
6.231864807
3.609128848
2.313507191
1.511266269
1.024984436
0.8092401209
0.6937379811
0.6201927129
0.5676640473
0.5323888064
0.5119509313
0.5041140034
0.5031344404
0.5009317434
0.4984123457
0.4940692759
0.4872436405
0.4761356511
0.468952399
0.4655295275
0.4643710428
0.4642385906
0.4654930427
0.4677054304
0.4709739973
0.4758546414
0.4802103761
0.4874471094
0.494785786
0.5059825601
0.5192530885
0.5377892291
0.5610991191
0.5935593932
0.6392683803
0.7080540431
0.8178999937
1.014294957
1.431134755
0.6406356814
0.5767004116
0.5391690772
0.5169191297
0.5072172597
0.5061225926
0.5042558237
0.5016901715
0.4975279074
0.4905745917
0.4771528347
0.4689080627
0.4648291965
0.4630290338
0.462507843
0.463740555
0.46607252
0.4683969047
0.4721462157
0.476323036
0.4831927449
0.4901119618
0.5005825527
0.5120444285
0.5282546397
0.5492774066
0.5795489866
0.622444468
0.6871033988
0.7917887709
0.982077518
1.398689293
0.5054216645
0.501497055
0.4946606647
0.4792972202
0.4692987182
0.464155856
0.4619235911
0.4611903343
0.4618427646
0.4631291902
0.4654461109
0.4692945176
0.4728712821
0.4786483232
0.4843019877
0.4931881219
0.5034241438
0.5187365838
0.538107148
0.5655185405
0.6039691615
0.6630030578
0.759545479
0.939512618
1.35297645
0.4987890087
0.481012729
0.4695600581
0.4636834242
0.460770625
0.4595390639
0.459852855
0.4612854642
0.4629930965
0.4656647836
0.4685839621
0.4737313862
0.4787191608
0.4868701566
0.4957102572
0.5086255253
0.5249842006
0.549039073
0.5836063517
0.6368846477
0.7253701735
0.8946782344
1.301956641
0.4702317893
0.4633748888
0.4599702161
0.4585772244
0.4584828648
0.4591266316
0.4605574542
0.4632395497
0.4657768048
0.4701337131
0.4741960005
0.4810350235
0.4885716142
0.5003876935
0.515362158
0.5372083452
0.5680498429
0.6162024951
0.6969101428
0.854033918
1.248678045
0.4631724077
0.4592795564
0.4574679312
0.4571152136
0.4578251746
0.4588946054
0.4608096912
0.4628019291
0.466675075
0.4702090958
0.4764934193
0.4831583516
0.4933985664
0.5062394327
0.5254954386
0.5533507043
0.5970450397
0.6709176003
0.8173733598
1.203441934
0.4568149758
0.4562159137
0.4563899434
0.4572220655
0.4591220279
0.4608565262
0.4642112236
0.467128619
0.4725181944
0.478232698
0.4876226397
0.4994832091
0.5172495403
0.5425306267
0.5825178185
0.6505013375
0.7864558361
1.13966678
0.4553180029
0.4555262974
0.4561159059
0.4575095683
0.4588587242
0.4618766885
0.4644194641
0.4694204349
0.4745650442
0.4829134651
0.4933310139
0.5092819361
0.5324713368
0.5693112352
0.6322314153
0.7588918312
1.101043328
0.4547380674
0.4545918498
0.4550132551
0.4563890198
0.4575585295
0.4602355184
0.4623670996
0.4667673977
0.4712611846
0.4790139721
0.4887683743
0.5037328851
0.5251987615
0.5595039503
0.6182610618
0.7365403353
1.037951096
0.4540369728
0.4542894381
0.455328862
0.4562384779
0.4586869528
0.4605620264
0.4646995107
0.4688162507
0.4758775225
0.484666816
0.498398773
0.5184500742
0.5506168592
0.60584615
0.7171556432
1.010558297
0.4535697211
0.4545940326
0.4553786924
0.4576017016
0.4592029609
0.4629380357
0.4666173446
0.4732754008
0.4816239515
0.494706049
0.5136143508
0.5440860598
0.5964882298
0.7018786548
0.9680933595
0.4530990071
0.4538946562
0.4545061812
0.4565761699
0.4580036093
0.4615636781
0.4649924467
0.4711898131
0.4788940917
0.4911483563
0.5091114416
0.5381512219
0.5881669522
0.6887198823
0.9466267218
0.4534122642
0.4539409945
0.4558556761
0.4571026275
0.4603928217
0.4635289346
0.4694566098
0.4768692294
0.4886948234
0.5059005761
0.5338142604
0.5819409223
0.6785139026
0.9279199327
0.452949043
0.4533621697
0.455174624
0.4563045018
0.4594783682
0.4624477087
0.4680677171
0.4750499048
0.4863212594
0.5028972119
0.5298559352
0.5763854883
0.6697086934
0.9118260397
0.4529911643
0.4546935112
0.4557059322
0.4586980187
0.4614718851
0.4669121275
0.4737010879
0.4846887267
0.5007618415
0.5269726172
0.5722451712
0.6629068708
0.8981164361
0.4526043916
0.4542412043
0.455174204
0.4580881865
0.4607510756
0.4659854873
0.4724864988
0.483103247
0.4987565099
0.5243304367
0.5685369434
0.6570238659
0.8869232893
0.4523584537
0.4539200269
0.4547761088
0.4575663668
0.4600992912
0.465213859
0.4715865007
0.4820148343
0.4973333661
0.522409624
0.5657794958
0.6524907602
0.8779043691
0.4520807769
0.4535947188
0.4543936564
0.4571256034
0.4595784521
0.4645431984
0.4707063432
0.4808648744
0.495878689
0.5204927831
0.5630891354
0.6482217069
0.869239882
0.4533207231
0.4540532305
0.4566752291
0.4590150261
0.4638745234
0.4699251366
0.4799189397
0.49464005
0.5188193008
0.56068476
0.6442641925
0.8607162625
0.453010707
0.4536871565
0.4562499858
0.4585109805
0.4632227302
0.4690668927
0.4787947001
0.4932156621
0.5169399864
0.5580445817
0.6400713307
0.8523294816
0.4527450632
0.4533560554
0.4558079018
0.4579571267
0.4625637257
0.4682957452
0.4778597459
0.4919896783
0.5152821309
0.5556612816
0.6361454678
0.8440763276
0.4529997625
0.4553895419
0.4574607313
0.4619197794
0.4674458634
0.4767444879
0.4905754816
0.5134150969
0.5530376501
0.6319786025
0.8359524488
0.4525727533
0.4549531418
0.4569135439
0.4612677575
0.4666823632
0.475818259
0.4893600001
0.5117709569
0.5506741452
0.6280849772
0.8279550728
0.4521928914
0.4545391838
0.4564227105
0.4606295272
0.46583866
0.474709828
0.4879540619
0.5099145549
0.5480661172
0.6239450507
0.8200801078
0.451853286
0.4541073093
0.4558803251
0.4599828327
0.4650813678
0.4737910346
0.4867479393
0.5082833116
0.5457224106
0.6200860551
0.8123251174
0.4536975196
0.455393736
0.4593489856
0.4642424729
0.4726881213
0.4853491681
0.5064367521
0.5431299694
0.6159751177
0.8046858434
0.4532679278
0.4548549601
0.4587065989
0.4634905163
0.4717759971
0.4841517433
0.5048179922
0.5408062959
0.6121528254
0.7971601996
0.4543717831
0.4580762717
0.4626555451
0.4706777688
0.482759468
0.5029808146
0.5382295674
0.6080725013
0.7897441364
0.4538359133
0.4574376049
0.4619084506
0.4697719444
0.4815704937
0.5013745759
0.5359266892
0.6042897172
0.7824360755
0.4568102344
0.4610768805
0.4686779638
0.4801844665
0.4995468128
0.5333664495
0.600242733
0.7752317324
0.4561811911
0.4603418003
0.467787247
0.4790156551
0.4979691805
0.5311079563
0.5965393948
0.7682812926
0.4595309778
0.4667209924
0.4776667121
0.4961934264
0.528627937
0.5926383287
0.7614460061
0.4588098304
0.4658490023
0.4765244533
0.4946562651
0.5264376388
0.5890737415
0.7547246185
0.464789848
0.4751873698
0.4929008891
0.5239967977
0.5852633372
0.7481126756
0.4740596707
0.4913877316
0.5218504908
0.5817960155
0.7416087398
0.489651133
0.5194461001
0.5780706453
0.7352088618
0.5746972751
0.7289123196
0.5121806879
0.5252784005
0.5428890531
0.5646580486
0.5946800477
0.6337046394
0.6898917965
0.7696631881
0.8949024246
1.104568744
1.513149005
0.4687919106
0.4705834226
0.473078327
0.47644582
0.480773835
0.4861230938
0.4929983909
0.5012773234
0.5121179399
0.5252468846
0.5428127769
0.5645793695
0.5945778528
0.6336429764
0.6897094673
0.7695180631
0.8947009772
1.104305538
1.512946386
0.4732354739
0.4700433692
0.4684972936
0.4680293634
0.4687798346
0.4705713403
0.4730485143
0.4764324231
0.4807489499
0.4861039423
0.4929660089
0.5012506014
0.5120565958
0.5251827967
0.5427196291
0.5645389149
0.5944687315
0.6335087958
0.6895764787
0.7693577346
0.8944163974
1.104069372
1.512707073
0.4829862224
0.4801032584
0.4771314079
0.4732665994
0.4700658819
0.4685084031
0.4680336743
0.4687654186
0.4705651269
0.4730305795
0.476402943
0.4806987999
0.4860639613
0.4928989734
0.5011954283
0.5119865546
0.5251527234
0.5426509876
0.5644476499
0.5943409074
0.6334428835
0.6893855239
0.7691580158
0.8941854874
1.103759916
1.512458741
0.4871378237
0.4849966323
0.4830166096
0.4801317653
0.4771635286
0.4732868551
0.4700869687
0.4685203265
0.4680394861
0.4687537469
0.4705491296
0.4729981037
0.4763907454
0.4806767628
0.4860461436
0.492869198
0.5011701117
0.5119334199
0.525075275
0.5425443981
0.5643916702
0.5942383273
0.633282331
0.6892146982
0.7689775302
0.8938583028
1.103469185
1.512162562
0.4962614707
0.4906468138
0.487164977
0.4850197003
0.4830369288
0.4801427711
0.4771973017
0.4733184262
0.4701053164
0.4685284796
0.4680414879
0.4687366468
0.4705438372
0.4729816499
0.4763582403
0.4806237793
0.4860003808
0.4927979679
0.5011072788
0.5118526462
0.5250459617
0.5424805689
0.5642977155
0.5940850169
0.63319483
0.6890174381
0.7687287934
0.8935917941
1.103111602
1.511855921
0.5153113705
0.5034909467
0.4962972115
0.4906691705
0.4871792381
0.4850342578
0.4830678222
0.4801762453
0.4772348113
0.4733394617
0.4701245999
0.468537812
0.468045289
0.4687247074
0.47052421
0.4729436651
0.4763420554
0.4806026298
0.4859823542
0.4927688172
0.501082003
0.5118069074
0.5249617243
0.5423598411
0.5642165696
0.5939823029
0.6330192145
0.6888060012
0.7685243947
0.8932260382
1.102763794
1.511501889
0.5666362643
0.5348728542
0.5153617198
0.5035183821
0.4963232899
0.4907018411
0.4872117364
0.4850645722
0.4830951581
0.4801893878
0.4772707603
0.4733789952
0.4701443086
0.4685450554
0.468046582
0.4687031275
0.4705176515
0.4729271642
0.4763103299
0.4805445115
0.4859297654
0.492691522
0.5010109062
0.5117132288
0.5249172654
0.5422949503
0.5641239978
0.5938074743
0.6329009622
0.6886007442
0.7682324153
0.8929195539
1.102357723
1.511133382
0.7175762789
0.6186538476
0.5667771293
0.5349797608
0.5154458881
0.5035838423
0.4963793895
0.4907327107
0.4872294717
0.4850810924
0.4831298217
0.4802316913
0.4773208496
0.4734041811
0.4701674937
0.4685549288
0.4680497877
0.4686901238
0.4704971243
0.4728819242
0.4762837793
0.4805226213
0.4859100726
0.4926612596
0.5009842533
0.5116712979
0.524835262
0.54216318
0.5640148566
0.5936962897
0.6327148286
0.6883491606
0.7679999285
0.8925174726
1.101952025
1.510728395
1.228726859
0.9037230882
0.7179472255
0.6188889939
0.5669538301
0.5351002634
0.515513791
0.5036200871
0.4964137
0.4907700635
0.48727032
0.485123067
0.4831700654
0.4802494519
0.4773607796
0.4734556111
0.4701932837
0.4685638427
0.4680509425
0.4686632489
0.4704838701
0.4728629318
0.4762550339
0.480458456
0.4858490907
0.492575959
0.5009035689
0.5115642615
0.5247678052
0.5420894852
0.5639226332
0.5935039031
0.6325612008
0.6881321052
0.7676689368
0.8921673143
1.101498031
1.510302804
4.765296379
2.811921794
1.796312679
1.229991859
0.9044676101
0.718390542
0.619177666
0.5671549763
0.5352414311
0.5156202314
0.5037106867
0.4964970281
0.4908153256
0.4872959853
0.4851437996
0.4832086571
0.4803063467
0.4774317039
0.473488782
0.4702229308
0.4685762805
0.4680542423
0.4686472655
0.4704644717
0.4728090083
0.4762158091
0.4804324775
0.4858265821
0.4925432264
0.5008743691
0.5115217898
0.52468939
0.5419500745
0.563784402
0.5933760984
0.6323652392
0.6878415238
0.7674038071
0.8917290656
1.101033554
1.50984578
17.14151824
8.690331168
4.774492098
2.818280597
1.800545247
1.232352225
0.9056181937
0.7189381189
0.619514899
0.5674043871
0.5354100386
0.515718406
0.5037658226
0.4965378012
0.4908547969
0.4873465775
0.4852024146
0.4832712199
0.4803306876
0.4774766553
0.4735549536
0.4702570232
0.4685884553
0.4680553576
0.4686134922
0.4704415194
0.4727853865
0.4761896678
0.4803637895
0.4857541362
0.4924469825
0.5007814551
0.511400014
0.5245968923
0.5418597094
0.5636890418
0.5931690213
0.6321732221
0.687608074
0.7670365883
0.8913326716
1.100532029
1.509364923
353.4150329
136.06507
71.76165469
33.12454501
17.16869837
8.715695334
4.7869871
2.824539344
1.803489936
1.233970661
0.9066269068
0.7195805218
0.6199385841
0.5676904712
0.5355951853
0.5158554143
0.5038877806
0.4966492423
0.490925002
0.4873900178
0.4852323567
0.4833122645
0.4804035268
0.4775809819
0.4736024239
0.470297139
0.4686038909
0.4680589384
0.46859071
0.4704232134
0.4727222563
0.4761341664
0.4803223922
0.4857274341
0.492409758
0.5007479091
0.5113531398
0.5245193398
0.5417143814
0.5635212591
0.5930167362
0.6319659163
0.6872794698
0.7667345898
0.89085771
1.10000874
1.508850681
2802.371593
353.5345416
136.9689498
71.7860457
33.22158667
17.20274011
8.744162071
4.801565252
2.834707808
1.809784676
1.237459819
0.9083100057
0.7204453795
0.6204213096
0.5680218722
0.535827715
0.5160070929
0.5039757096
0.4966938994
0.4909614771
0.4874465481
0.4853096339
0.4834104683
0.4804568304
0.4776344966
0.4736856655
0.4703462082
0.4686201829
0.468060106
0.4685476076
0.4703866078
0.472683667
0.476108133
0.48025146
0.4856393808
0.4922980117
0.5006385323
0.5112124269
0.5243986852
0.5415989828
0.5634168878
0.5927957558
0.6317325101
0.6870236943
0.7663313836
0.8904114986
1.099456035
1.508306856
2833.367517
360.0116959
138.7365787
71.77675254
33.30582656
17.23566015
8.780775471
4.820812862
2.844792703
1.813946756
1.239439047
0.90945878
0.7213291046
0.6210578299
0.5684432776
0.5360890444
0.5161882762
0.5041223952
0.4968175839
0.4910683229
0.4875268007
0.4853679641
0.4834596784
0.4805374888
0.4777887696
0.4737657882
0.4704002907
0.4686392253
0.4680632986
0.4685125099
0.4703678422
0.4726116684
0.4760338729
0.4801847864
0.4856059227
0.4922527733
0.500597356
0.5111574028
0.524317757
0.5414473311
0.5632182319
0.5926102502
0.6315095256
0.6866559583
0.7659866419
0.8898958296
1.098869013
1.507719843
2870.641815
362.1720836
139.5689373
71.75531229
33.45662271
17.28657135
8.822342001
4.841561733
2.859127797
1.822940755
1.244640929
0.9120124836
0.7225929252
0.6217668927
0.5688964075
0.5364119998
0.5164172401
0.5042578377
0.4968692952
0.4910986294
0.4875804879
0.485458836
0.4836074264
0.4806587213
0.47785969
0.4738589134
0.4704639548
0.4686635337
0.468066536
0.4684585181
0.4703135269
0.4725455373
0.4760014752
0.4801107371
0.4854951206
0.49211835
0.5004650187
0.5109904934
0.5241633822
0.5412966944
0.5630962544
0.5923737263
0.6312307719
0.6863704465
0.7655452804
0.8893950413
1.098258575
1.507104076
2915.422938
375.8961013
141.6426214
71.72316831
33.57763382
17.33567858
8.8738314
4.871097467
2.875120023
1.829263696
1.247085753
0.9132304945
0.7235239191
0.6225957584
0.5695482234
0.5368377827
0.5166750002
0.504409913
0.496956577
0.491238541
0.4877231331
0.4855875675
0.4836864861
0.480736909
0.4780583498
0.4739985987
0.4705369452
0.468687514
0.4680656435
0.4683982393
0.4702870404
0.4724630684
0.4759015391
0.4800031058
0.4854513269
0.4920597625
0.5004110251
0.5109214259
0.5240731676
0.5411365078
0.5628643635
0.5921449298
0.6309854374
0.6859607974
0.7651512717
0.8888336507
1.09760346
1.506432107
2967.308068
383.2184143
142.9642908
71.81740666
33.82199394
17.42993242
8.93930244
4.903113914
2.895043376
1.841913676
1.254957779
0.9174708246
0.725599556
0.6236179221
0.5701398053
0.5372501716
0.5169703166
0.5045861148
0.4970204251
0.4912843187
0.4877781424
0.4856834253
0.4838660399
0.480974859
0.4782082174
0.474086361
0.4706179992
0.4687120116
0.4680616459
0.4683247761
0.4702040764
0.4723487523
0.4758598349
0.4799259513
0.4853220141
0.4918886787
0.5002463383
0.5107180595
0.5238766846
0.5409373394
0.562712438
0.5918885836
0.6306557786
0.6856361666
0.7646669492
0.8882717686
1.096925865
1.505734127
3018.243283
404.0090411
145.5479677
71.77693679
34.01527093
17.52493589
9.017864987
4.951767807
2.922375614
1.853510936
1.258911375
0.9187659171
0.726506764
0.6245951907
0.5710558272
0.5379024667
0.5173420444
0.5047401123
0.4970192636
0.4914138967
0.4879859756
0.4859341442
0.4840729129
0.4810749424
0.4783970776
0.474316532
0.4707015845
0.4687298855
0.4680483522
0.4682183842
0.470167623
0.4722562869
0.4757305568
0.4797580823
0.4852309917
0.4918112975
0.500172477
0.5106267214
0.5237688153
0.5407647234
0.562444586
0.5916046122
0.6303784456
0.6851793371
0.7642148497
0.887656072
1.096194533
1.504965098
3074.87545
413.6800382
147.9581748
72.28002224
34.44664375
17.72284166
9.137783528
5.010303968
2.953438336
1.871859674
1.270903509
0.9261215784
0.7305848436
0.6266227632
0.5720011687
0.5383979373
0.5176401061
0.5048760632
0.4970102998
0.4915316729
0.4881081082
0.4860835777
0.4842339604
0.4814027141
0.4787057309
0.4743932939
0.4707822591
0.4687428666
0.4680291014
0.4681206555
0.4700513594
0.4720679127
0.4756584943
0.4796670916
0.4851002504
0.4915930937
0.4999634604
0.5103772535
0.5235213684
0.5405022187
0.5622464799
0.5913224713
0.6299922774
0.6848052548
0.7636815266
0.8870263447
1.095441308
1.504193607
3102.61707
447.2410621
150.4748448
72.30626205
34.83814452
17.94020278
9.280299404
5.099778389
3.005037958
1.897065885
1.280882864
0.9289548798
0.7313867341
0.6275960434
0.5733148367
0.5394718161
0.5182254928
0.5050572383
0.4968918746
0.4915916668
0.4883279227
0.4864431466
0.484633744
0.4816554477
0.4788429059
0.4746882583
0.470849883
0.4687307532
0.4679769469
0.4679491421
0.4699868726
0.4719626091
0.4755267642
0.479431
0.4849331514
0.4914819179
0.4998631804
0.5102512522
0.5233855887
0.540313204
0.5619443043
0.590974258
0.629673434
0.6842978077
0.7631648072
0.886350572
1.094634947
1.503351927
3170.544575
461.7120578
155.7252107
73.47554456
35.72284122
18.38037539
9.533080573
5.226095723
3.067290112
1.92937402
1.300160969
0.9416774764
0.7396371488
0.6322950523
0.5753913154
0.5401915285
0.5185360848
0.5050855839
0.4968293283
0.491804374
0.4886242109
0.4867868722
0.4848261901
0.4819485074
0.4793037921
0.4747506034
0.4708997244
0.4687100392
0.4679077576
0.467843336
0.4698697484
0.4716964987
0.4753673186
0.4792969707
0.4848125169
0.4912356985
0.4996032119
0.5099529129
0.5230866866
0.5399800939
0.5616844107
0.590661736
0.6292305758
0.6838672738
0.762579664
0.8856513515
1.093808449
1.502559488
3223.375244
523.7151574
156.7068038
73.67579021
36.65242297
18.88769195
9.827811403
5.409556609
3.17230998
1.985274449
1.327105178
0.9520016806
0.7421747611
0.6330080208
0.5768071135
0.5420702466
0.5194236668
0.5054109042
0.4969143099
0.4919013765
0.4888534012
0.487193505
0.4853074981
0.4824826415
0.4794259825
0.4750224221
0.4709526957
0.468647545
0.4677466746
0.4676500682
0.4697049669
0.4715481953
0.4752599074
0.4790324945
0.4845704549
0.4910445116
0.4994666751
0.5097871074
0.5229145688
0.5397714885
0.5613582724
0.5902512802
0.6288650646
0.683311686
0.7619973545
0.8849149542
1.092941489
1.501713673
3244.278203
567.4518906
164.6726028
76.10658835
38.48009526
19.81084182
10.36770938
5.68444276
3.311269054
2.055999741
1.363735719
0.9729316424
0.7563012723
0.6427961005
0.5822323917
0.5436471345
0.5199585505
0.5056047935
0.4970919854
0.4921824823
0.4893122115
0.4877845046
0.4856955218
0.4827257609
0.4798751236
0.4752109547
0.4709540882
0.4685698304
0.467647956
0.467543611
0.4695834653
0.4712702097
0.4750173609
0.4788037609
0.4844382087
0.4907938186
0.4991490486
0.5094299862
0.5225538671
0.5393589064
0.5610123131
0.5898855243
0.6283410434
0.6827892481
0.7613140831
0.8840903113
1.091984005
1.50092832
3243.732033
688.1404558
163.6830711
76.65180751
40.45276826
20.85633511
10.91575777
6.041935163
3.520919199
2.168917245
1.422151198
1.000657086
0.7663864042
0.6450000098
0.583280431
0.5460583263
0.5217188996
0.5066282091
0.4976178278
0.4924477687
0.4896511854
0.4882705288
0.4861331589
0.4834487726
0.4801660929
0.4754013782
0.4709418508
0.4684515287
0.46745814
0.4673265643
0.4693001696
0.4710250925
0.4748874581
0.4785338145
0.4841164279
0.4904857051
0.4989696358
0.5092097844
0.5223237109
0.5390835462
0.5606028901
0.5893164182
0.6278248053
0.6820300104
0.7604873116
0.8830663114
1.090829433
1.500179525
3150.312977
816.0963142
182.3547363
81.08058661
43.84920398
22.52523644
11.94285065
6.550898396
3.783748376
2.309109963
1.495116822
1.037357144
0.7878662125
0.6609390843
0.5946439369
0.5507156356
0.5233148696
0.5073103107
0.4979162688
0.4927098942
0.4901919684
0.4890161988
0.4867747204
0.4837723898
0.4805369591
0.4756607378
0.4709084774
0.4683123695
0.4673011216
0.4671691654
0.4691353097
0.4707726323
0.474546172
0.4781670389
0.4839473172
0.4902066497
0.4985220779
0.5086871686
0.5217785412
0.5384472633
0.5600236239
0.5887493552
0.6270064557
0.6811720982
0.7593925327
0.8817322501
1.089379016
1.499338696
3006.139904
946.4449779
183.8683467
80.54205429
45.65265037
24.18811389
12.71464579
7.10400952
4.132372382
2.503834545
1.597198109
1.090289171
0.8120489051
0.6684795488
0.5968936523
0.5533361832
0.5265131109
0.5092216892
0.4989410693
0.4934100575
0.4908532979
0.4896670124
0.4872174078
0.484556395
0.4810361435
0.475884315
0.4709130177
0.4682094947
0.4671196149
0.4669297086
0.4687299305
0.4704004669
0.4743705209
0.4778909089
0.4834855125
0.4896932797
0.4982431276
0.508378699
0.521447538
0.5380471813
0.5594301968
0.5878236351
0.6261228038
0.6799184397
0.7579619447
0.8800057809
1.087554511
1.49821016
2807.22759
1019.375183
241.4304341
87.64747818
49.19859477
26.45368206
14.32130426
7.869081186
4.521324474
2.719297797
1.718887903
1.152712177
0.8444089503
0.6929027555
0.6154080711
0.5635145766
0.5302764403
0.5107412824
0.4997781062
0.4940303039
0.4915343822
0.4904671682
0.4880817394
0.4851378191
0.4814590392
0.4762338827
0.470906292
0.4680396681
0.4668700379
0.4666780684
0.468519704
0.4701817204
0.4739432298
0.4773093053
0.4832407457
0.4893639564
0.497662765
0.5075251848
0.520551049
0.5369768788
0.5583729618
0.5868493768
0.6247567415
0.6784054851
0.7560933774
0.8777482816
1.085188524
1.496549764
2556.855672
1071.325809
293.9558988
92.02892205
50.83043938
28.54059525
15.11623254
8.548284327
5.001280755
3.005294143
1.873067812
1.2365463
0.8887053307
0.7077350579
0.6202122719
0.5670387172
0.5345662826
0.5139107346
0.5015299445
0.4951319963
0.492436783
0.4913409778
0.4886986125
0.4860110332
0.4821824904
0.4766378894
0.470964198
0.4679404022
0.466693401
0.4664248357
0.468030857
0.469630282
0.4735205449
0.4769924662
0.4826649708
0.4885060304
0.4970071093
0.5070701682
0.5200384222
0.5363526846
0.5574985075
0.5853312087
0.6231818851
0.6762868409
0.7535818566
0.8748044816
1.08207916
1.494056856
2283.944166
1072.468464
377.8350978
114.1098619
56.58122259
31.11656854
17.61414496
9.611843924
5.503355867
3.287050347
2.04730354
1.332694517
0.9352442536
0.7439583915
0.6489839956
0.5842023977
0.5422329868
0.5169423955
0.5031654781
0.4961167801
0.4933070651
0.4922828662
0.4898263082
0.4869242768
0.4828447823
0.4771708363
0.471066716
0.4677716272
0.4663482033
0.4660397165
0.4676186435
0.4693537066
0.473041282
0.47611392
0.482018451
0.4879956053
0.4963415869
0.5058396193
0.5184581288
0.5345735245
0.5555130532
0.5835244615
0.6208443271
0.673568595
0.7503474153
0.8709407902
1.077818416
1.490403041
2023.999776
1341.234527
447.9820007
138.619582
60.64586834
33.96149065
18.55803144
10.63528145
6.196431019
3.690648699
2.265023425
1.457875686
1.006320144
0.7677575472
0.656827063
0.5897441977
0.5482066445
0.5220403538
0.5059839307
0.4977369839
0.494492974
0.4934843109
0.4907693081
0.488053671
0.4839124209
0.4779291211
0.4712438812
0.4676673699
0.4661238517
0.4657238325
0.4670602915
0.468593715
0.4721768234
0.4756499792
0.4813602739
0.4867808702
0.4950175402
0.5046502394
0.5176483986
0.533402699
0.5541434878
0.5810934099
0.6180092723
0.6699457792
0.7459427015
0.8657243914
1.071969321
1.485162304
1869.204352
1539.414421
623.3318693
177.6155275
71.11460377
37.04591602
22.11508997
12.0213166
6.883800882
4.085728812
2.51216779
1.594868253
1.075492584
0.8223116956
0.7000461261
0.6165684141
0.5611981132
0.5274120162
0.5088659338
0.4992442466
0.4956806196
0.4947266915
0.4923046893
0.4894374762
0.4850298406
0.4788195686
0.4715371827
0.4675194031
0.4656782633
0.4651681308
0.4663371625
0.4680741958
0.4716154217
0.4745118616
0.4800327979
0.4856293642
0.4939932123
0.5031542182
0.5152111905
0.5304985456
0.5505487278
0.5775791732
0.6138859435
0.665037773
0.7401770575
0.8587706372
1.063769693
1.477753178
1889.931764
1394.238842
758.7221166
267.3124872
80.83872408
40.89505362
22.42359208
13.67264972
7.830243712
4.642918196
2.824087972
1.785723271
1.188894268
0.8604737525
0.712750216
0.6251938954
0.5707419018
0.5357870513
0.5135270809
0.501707307
0.4972781647
0.4964096668
0.4937476969
0.4910586351
0.4866775585
0.4801901902
0.471919977
0.4673942706
0.4653344328
0.4647065772
0.4656263703
0.4671125503
0.4701427891
0.4733841726
0.4790087179
0.4840865317
0.4919001626
0.5005760111
0.5131094546
0.5280192496
0.5480759321
0.5737202158
0.6088862356
0.6587415257
0.7323309579
0.8490016513
1.052305651
1.467288169
1918.364763
1138.382818
708.0877128
407.497466
119.9653459
46.82846506
27.50600466
15.05371524
8.880797154
5.198559202
3.16839634
1.974547751
1.289100136
0.9462143763
0.7767303575
0.666442875
0.5911540636
0.5447710955
0.5186728054
0.5042816592
0.4989611307
0.4981598752
0.4959298516
0.4931564976
0.4885648409
0.481757381
0.4723721576
0.4671793026
0.4647568601
0.463922198
0.4644888468
0.4660070058
0.4692178817
0.4720339362
0.4769226254
0.4817844509
0.4896890987
0.4983547523
0.5096618817
0.5236354131
0.5420740299
0.5670114723
0.6013388442
0.6497561351
0.7215099356
0.835768913
1.036295793
1.45230673
0.5084285376
0.5014413146
0.5005684173
0.4981238441
0.4956247667
0.4912052604
0.4841173441
0.4730898696
0.4669968947
0.4641494483
0.4631841283
0.463412735
0.4647606896
0.4671087554
0.4697960251
0.4748232009
0.4794725211
0.4867354735
0.4939317397
0.5051571112
0.5183474051
0.5368496762
0.5604458926
0.5926524651
0.6385132298
0.7071361963
0.8170882937
1.013410272
1.430515827
0.4987979644
0.4943206664
0.4869867978
0.4738328619
0.4668133464
0.463378752
0.4620151124
0.4617534363
0.4627943398
0.4652904551
0.4678267004
0.4718712268
0.4757311298
0.4822468858
0.4896762029
0.4996642496
0.511651253
0.5275459334
0.5486097535
0.5787076762
0.6217549762
0.6862767214
0.7910580116
0.9812862155
1.398128283
0.4908838464
0.4753168447
0.4668699513
0.4626411197
0.4608398297
0.4602999194
0.4611493731
0.4627187792
0.4645624126
0.4683671865
0.4719481085
0.4781035311
0.4835728247
0.4925025332
0.50273558
0.5177895317
0.5375197232
0.5647783405
0.6033814538
0.6622711822
0.7589132007
0.9388247646
1.352498199
0.4669473849
0.4620507577
0.4597198472
0.458773683
0.4590698144
0.4605814704
0.462334323
0.4653432296
0.4681273046
0.4730133288
0.4782841023
0.4861101926
0.4952869825
0.5080547453
0.5245226322
0.5483607117
0.5830669317
0.6362308809
0.7248158165
0.8940730519
1.301360109
0.4616289482
0.4588521458
0.4576997449
0.4578089341
0.4587127469
0.4598352894
0.4625395616
0.4649720845
0.4696271075
0.4735895704
0.4804227398
0.4880566989
0.4996047897
0.5148617568
0.5365773168
0.5675828303
0.6156184681
0.6964225715
0.8535241192
1.249169743
0.4581493829
0.4566834456
0.4563930858
0.4572117366
0.458256548
0.4604583483
0.4623659037
0.4660758693
0.4697903218
0.4758442436
0.4827578695
0.492871195
0.5058647962
0.5249227884
0.5529138371
0.5965075513
0.6704790074
0.8168238707
1.19816119
0.4559506185
0.4555556865
0.4559694629
0.4565693181
0.4585442728
0.4601451358
0.463730687
0.4666027721
0.4719545745
0.4777992289
0.4869516146
0.4990563138
0.516694899
0.5421375857
0.58202554
0.650104758
0.7861475408
1.1534088
0.4546220526
0.4549736455
0.4555100361
0.4571484806
0.4584291741
0.4613429587
0.4640191612
0.4688358694
0.474194167
0.4824121409
0.4929988344
0.5087724618
0.532097743
0.5688476055
0.6318652944
0.7584143746
1.082432908
0.4541630238
0.4543980785
0.4558832762
0.4569124533
0.4597738285
0.4618965477
0.466235228
0.470874363
0.4784154125
0.4883934082
0.5032306048
0.5248523107
0.5590696842
0.6179216759
0.7362161227
1.053508947
0.4537041249
0.4549611088
0.4558039208
0.4581940503
0.4601751268
0.4641543413
0.468468472
0.4753923977
0.4843581263
0.497928516
0.5181161389
0.5502006973
0.6055250166
0.7167917212
0.9978101431
0.4529752127
0.4541294716
0.4547883318
0.4571545462
0.4587691303
0.4624264186
0.4662599029
0.4727241501
0.4812841154
0.4942389741
0.5132977467
0.5436891012
0.5961854403
0.7015565226
0.9735873352
0.4535184595
0.4540538743
0.4561082729
0.457625131
0.46104372
0.4646607599
0.4707147732
0.4785995114
0.490703203
0.508802935
0.5377659918
0.5878754384
0.6884106467
0.9466077304
0.4529700001
0.453390326
0.4554199653
0.4566930325
0.4598949726
0.4631907509
0.4689365894
0.4765529508
0.4882512288
0.5056033774
0.533441654
0.5816615656
0.6782173562
0.9278029615
0.4529094037
0.454720287
0.4559304422
0.4589750176
0.4621267641
0.4675989955
0.4747642517
0.4858924545
0.502605313
0.5294910434
0.5761134836
0.6694216407
0.9116591122
0.4524709018
0.4542622871
0.4553121579
0.4582099689
0.4611464186
0.466412901
0.4734006099
0.4842607549
0.5004774376
0.5266160921
0.5719812324
0.6626286324
0.8979238828
0.4520990723
0.4537942195
0.4548022982
0.457596085
0.4604371237
0.4655208109
0.4722066453
0.4826851795
0.4984755861
0.5239789811
0.568277799
0.6567519124
0.886721442
0.4534891739
0.4543918422
0.4570856099
0.4597821619
0.4647285742
0.4712965945
0.4815972458
0.4970574536
0.5220637438
0.5655257466
0.6522248082
0.8776994068
0.4531534505
0.4540241285
0.4566417898
0.4592696666
0.4640831846
0.4704315435
0.4804546676
0.4956055569
0.5201509797
0.5628394994
0.6479614818
0.8690403506
0.4528918329
0.4536720305
0.4562016868
0.4587032239
0.4633963414
0.4696414519
0.4795092123
0.494371537
0.51848286
0.5604407629
0.6440111087
0.860523814
0.4525714534
0.4533215495
0.4557724278
0.4582069518
0.462768942
0.4687976242
0.4783919187
0.4929496286
0.5166074544
0.5578047314
0.6398244189
0.8521448855
0.4529758044
0.4553402923
0.4576495666
0.4620912918
0.4680170975
0.477456976
0.4917277544
0.5149544538
0.5554265474
0.6359051783
0.8438998746
0.4526361334
0.4549172146
0.4571605705
0.4614712461
0.4671811124
0.4763482074
0.4903155508
0.5130908738
0.5528065943
0.6317440354
0.8357842065
0.4522945085
0.4544908333
0.4566095113
0.4608001914
0.4664078941
0.4754216903
0.4891038415
0.5114512618
0.550447874
0.6278567405
0.8277949364
0.4540709678
0.4561258232
0.4601855552
0.465577741
0.4743194354
0.4876995432
0.5095979869
0.5478431622
0.623722135
0.8199279398
0.4536495353
0.4555793148
0.4595195179
0.4648104971
0.4734001534
0.4864969598
0.5079710379
0.545503987
0.6198692084
0.8121807561
0.4532318281
0.4550996781
0.4589090858
0.4639849273
0.4723031995
0.4850995811
0.5061273886
0.5429146232
0.6157633512
0.8045491299
0.4545565593
0.4582471078
0.463222863
0.4713904544
0.4839055444
0.5045127651
0.5405953105
0.6119469603
0.7970309523
0.4540802123
0.4576401105
0.4624010689
0.4702980198
0.4825144751
0.5026783331
0.5380214632
0.6078714843
0.7896221907
0.4569816339
0.461643764
0.4693914818
0.4813287894
0.50107611
0.5357228068
0.6040944393
0.7823212741
0.4563776138
0.4608252752
0.4683031613
0.4799438315
0.499250975
0.5331653078
0.6000521425
0.775123923
0.4600799989
0.4674116454
0.4787781775
0.4976771738
0.530910809
0.5963542204
0.7681797311
0.4592818855
0.4663507488
0.4774300885
0.4959037745
0.5284331826
0.5924572951
0.7613504892
0.4654778775
0.4762908799
0.4943702537
0.5262466446
0.5888977201
0.7546349538
0.4749545525
0.4926171179
0.5238080537
0.5850912105
0.7480286769
0.4738298539
0.4911074872
0.5216653755
0.5816286646
0.7415302847
0.5192632724
0.5779071782
0.7351357828
0.5745383667
0.728844455
0.5114999148
0.5240674443
0.5421734587
0.5633690736
0.5939263269
0.6323417108
0.6890478407
0.7682299889
0.8938410409
1.103284826
1.51230256
0.4678118871
0.4694583576
0.47227801
0.4753852379
0.4800701188
0.4850369938
0.4923008282
0.5001271425
0.5114320255
0.5240369674
0.542095157
0.5632981963
0.5938165825
0.6322846107
0.6888585232
0.768080043
0.893651525
1.103009117
1.51210477
0.4713044243
0.4683660348
0.467050773
0.4667074166
0.4678076357
0.4694563123
0.4722463578
0.4753739408
0.4800431717
0.4850181378
0.4922663101
0.5001035858
0.5113715753
0.5239743577
0.5419973903
0.5632612948
0.5937054503
0.6321589573
0.6887162891
0.7679247991
0.8933706317
1.1027695
1.511866371
0.4808634158
0.4780855041
0.4751009842
0.4713500187
0.4684020031
0.4670734168
0.466722389
0.4678002193
0.4694552883
0.4722314813
0.4753560302
0.4799884939
0.4849788392
0.4921953781
0.5000546387
0.5112962774
0.523945177
0.5419273159
0.5631755543
0.5935722738
0.6320963397
0.6885188407
0.7677241747
0.8931474259
1.10244952
1.511622728
0.4848772197
0.4828412537
0.4808881101
0.478118056
0.4751463533
0.4713813093
0.468431867
0.4670944291
0.4667382738
0.46779644
0.4694495211
0.4721987507
0.4753370952
0.4799631758
0.4849617174
0.4921642825
0.5000321226
0.5112424867
0.5238692354
0.5418177826
0.5631249185
0.59346738
0.6319424082
0.688339384
0.7675520645
0.8928202083
1.102158003
1.511326674
0.4941151978
0.4882939419
0.4849062392
0.4828735908
0.4809257028
0.4781324301
0.4751725864
0.4714250586
0.4684640787
0.4671148596
0.4667517921
0.467787349
0.4694493349
0.4721861318
0.47532274
0.4799102915
0.4849169245
0.4920907554
0.4999748579
0.5111566319
0.5238409001
0.5417535394
0.5630345534
0.5933097065
0.6318564861
0.6881372464
0.7673040783
0.8925585347
1.101791476
1.511024465
0.5120024029
0.5009065166
0.4941629039
0.4883312965
0.4849307381
0.4828915512
0.4809492952
0.4781667155
0.4752254524
0.4714619101
0.4684927382
0.467134229
0.4667662078
0.4677833427
0.469440047
0.4721505003
0.4752958779
0.4798786527
0.4849001974
0.492060951
0.4999518269
0.5111093081
0.5237580459
0.5416308667
0.5629573912
0.5932045765
0.6316866995
0.6879184584
0.7671095876
0.8921901638
1.101445507
1.510670075
0.5604418015
0.5304403292
0.5120727332
0.5009439668
0.4941882723
0.4883575124
0.4849624916
0.4829300867
0.4809966656
0.4781878447
0.4752557157
0.471512057
0.4685289105
0.4671564283
0.4667797859
0.4677716238
0.469439024
0.4721370143
0.4752828653
0.4798289352
0.4848489343
0.49198265
0.4998851879
0.5110109159
0.5237156609
0.541566317
0.5628678132
0.5930264339
0.6315686724
0.6877101136
0.766818689
0.8918869318
1.101031753
1.510305804
0.6098512956
0.5605826627
0.5305384713
0.512148787
0.5010106003
0.4942572951
0.4884081689
0.484996427
0.4829545341
0.4810223523
0.4782253214
0.4753239768
0.471561837
0.4685626104
0.467176784
0.4667940651
0.4677671821
0.4694284277
0.4720978055
0.4752478075
0.4797882021
0.4848312211
0.4919522022
0.4998601707
0.5109671559
0.5236351871
0.5414331429
0.5627615856
0.5929126393
0.631387935
0.6874525901
0.7665966283
0.8914805146
1.100630118
1.50989984
0.8809668195
0.704646458
0.6100701434
0.5607723675
0.5306885884
0.5122466574
0.5010659125
0.4942965028
0.4884370056
0.4850323781
0.4830016752
0.4810847496
0.4782600196
0.4753636752
0.4716203175
0.4686067956
0.4672035684
0.4668099674
0.4677522748
0.4694224414
0.4720799647
0.4752342704
0.4797412165
0.48477202
0.4918668121
0.4997827116
0.510855891
0.523569647
0.5413602725
0.5626716309
0.5927179901
0.6312337917
0.6872339566
0.7662663406
0.8911327951
1.100169182
1.509477981
2.638413498
1.711368986
1.187273669
0.8818386425
0.7051686697
0.6103977329
0.5609837151
0.5308218329
0.51234024
0.5011519285
0.4943892765
0.4885069976
0.485083385
0.4830388822
0.4811150704
0.4783010452
0.4754536333
0.47169096
0.4686487156
0.4672259865
0.4668245912
0.4677460792
0.4694121197
0.47203733
0.4751905874
0.4796880922
0.4847522644
0.4918341937
0.499754528
0.5108116691
0.523493443
0.5412198987
0.5625355396
0.5925874564
0.6310428502
0.68693887
0.7660115934
0.8906892886
1.099710733
1.509020042
8.065770554
4.43465325
2.6481518
1.716305433
1.189518071
0.8828243551
0.7056258928
0.6107033873
0.5612435288
0.5310255384
0.5124799033
0.5012401296
0.4944464868
0.4885386239
0.4851229505
0.4830946871
0.4811981641
0.4783610965
0.4755129563
0.4717571665
0.4687022685
0.4672595995
0.4668442138
0.4677256599
0.4693986827
0.4720106972
0.4751739199
0.4796434443
0.4846825069
0.4917383949
0.4996635871
0.5106863566
0.5234027986
0.5411306113
0.5624416202
0.5923791828
0.6308501541
0.6867049679
0.7656445507
0.8902951576
1.099202937
1.508542498
31.95592694
16.22944749
8.087706162
4.444517101
2.653005529
1.718832941
1.191275032
0.8840439906
0.7064130898
0.611204809
0.5615589649
0.5312071077
0.5125988631
0.5013466865
0.4945558893
0.4886343978
0.4852025611
0.483156689
0.4812374194
0.478406878
0.4756295175
0.4718577594
0.4687591582
0.4672833905
0.4668578143
0.4677160762
0.4693881175
0.4719636414
0.4751191815
0.4795727702
0.4846591119
0.4917014043
0.499630452
0.5106381557
0.5233279443
0.5409846525
0.5622754806
0.5922242441
0.6306473081
0.6863732944
0.7653524887
0.889814496
1.098687092
1.508027322
2769.107164
340.8655817
135.5347388
70.98770393
31.99487744
16.25192195
8.119259174
4.466032102
2.667409229
1.726329637
1.194734379
0.885485472
0.7071139
0.6116208814
0.5618858996
0.5314727901
0.5128016349
0.5014855302
0.4946378339
0.488673106
0.4852440303
0.4832170499
0.4813426091
0.4785117724
0.4757282871
0.4719338562
0.4688172334
0.4673246352
0.4668947127
0.4676869583
0.4693404268
0.4719212421
0.4750973279
0.4795298417
0.4845801517
0.4915893287
0.4995219359
0.5104948704
0.5232090599
0.5408705145
0.5621716118
0.5920030247
0.6304135429
0.6861177517
0.7649488219
0.8893706568
1.098128375
1.507485809
2800.326158
346.8463358
137.5411023
71.01974745
32.09802136
16.29219053
8.156458485
4.481575078
2.674375624
1.72942372
1.196826151
0.8869860493
0.7082489074
0.6124041557
0.5623713666
0.5317452912
0.5129634346
0.5016037198
0.4947393704
0.4887937308
0.4853643478
0.4833248154
0.4814158244
0.4785723189
0.4758711006
0.4720619028
0.4688976717
0.4673732226
0.4669027996
0.4676064103
0.469309068
0.4718766463
0.4750308712
0.4794340851
0.4845386768
0.4915447718
0.4994806564
0.5104391241
0.5231311445
0.5407184791
0.5619743319
0.5918153577
0.6301942273
0.6857483802
0.7646135965
0.8888492655
1.097550103
1.506898957
2838.032422
348.8265486
138.1818373
71.0060815
32.18458932
16.33298261
8.202778658
4.511532561
2.695127135
1.740829714
1.202280139
0.8892214821
0.7092153508
0.6129528783
0.5627767985
0.5320850222
0.5132421815
0.501802683
0.4948540549
0.488854932
0.4854129822
0.4833877197
0.4815354767
0.4787550276
0.4760371895
0.4721491589
0.4689987241
0.4674034457
0.4668820791
0.4675156667
0.4692368662
0.4717912098
0.4749876865
0.47938849
0.4844563396
0.4914078578
0.4993484075
0.5102710118
0.5229783962
0.5405693945
0.561851951
0.5915794051
0.6299158084
0.6854637805
0.7641710557
0.8883515142
1.096934078
1.506284508
2883.146965
363.2543788
140.8817398
71.15451899
32.38163232
16.4115009
8.265508715
4.538902649
2.706416861
1.74490329
1.204571719
0.8909651957
0.7106256488
0.6140625186
0.5635515704
0.5325460804
0.5134881242
0.5019233791
0.4949072348
0.4889755521
0.4855754026
0.4835698132
0.4816986412
0.4788415906
0.4761876439
0.4723714
0.4690786031
0.4674015666
0.4668539895
0.4674052136
0.469220387
0.4717402293
0.4749185757
0.4792598504
0.4843771987
0.4913510968
0.4992939772
0.5102019939
0.5228913523
0.5404089894
0.561621223
0.591349439
0.6296732833
0.6850535362
0.7637864383
0.887784387
1.096288533
1.505613812
2935.634555
367.4373207
141.5430954
71.30817294
32.54572557
16.49733606
8.335669241
4.581207878
2.735485684
1.762096218
1.213509743
0.8948852823
0.7122032101
0.6147516074
0.5639923843
0.5329251055
0.5138146418
0.502159548
0.4950349383
0.4890991808
0.4856689008
0.4836595955
0.4818140092
0.4791058088
0.4764880455
0.4724726605
0.4691342709
0.4674004415
0.4668422073
0.4673508426
0.4691920954
0.4716325741
0.4748351348
0.4792003019
0.4842960967
0.491179766
0.4991284393
0.5100000128
0.5226962273
0.5402118194
0.5614682235
0.5910943796
0.6293445522
0.6847309753
0.7632998392
0.8872265808
1.095605689
1.504915546
2987.104607
390.2415984
145.2895108
71.79523791
32.90952385
16.65486573
8.443278757
4.633244992
2.757222353
1.769448843
1.216409107
0.8967369313
0.7139208746
0.616298911
0.5651906194
0.5336831318
0.5142009346
0.5022841689
0.4950013725
0.489173128
0.4858401028
0.4839164663
0.4821369374
0.4793236806
0.4766193019
0.472676158
0.4691794899
0.4673930387
0.4668133376
0.4672631319
0.4691806825
0.4715558322
0.474763028
0.4790338839
0.484159253
0.4910989848
0.4990542983
0.5099082678
0.5225913828
0.5400391825
0.5612013041
0.5908106156
0.6290696828
0.6842738926
0.7628576251
0.8866052286
1.094884467
1.5041497
3047.112808
394.1715464
146.3328639
72.45784688
33.22319672
16.8482669
8.565498831
4.699469758
2.799059556
1.795356628
1.231350164
0.9042128515
0.717205232
0.6176305445
0.5657860804
0.53405359
0.5144751735
0.5024693888
0.4951005894
0.4893809516
0.4860697289
0.4841522223
0.482293142
0.4795726472
0.4770149805
0.4727583708
0.469219103
0.467391101
0.4667968129
0.4672171376
0.4691555847
0.4713921797
0.4746175629
0.4789363153
0.4840798484
0.4909015284
0.4988408197
0.5096633759
0.5223453144
0.5397792873
0.5610019984
0.5905307931
0.6286845334
0.6839039912
0.7623208177
0.8859811146
1.094126985
1.50337662
3074.928894
429.9772253
151.3354456
73.1028782
33.9440938
17.17726694
8.76148059
4.803504908
2.846786269
1.814040748
1.238156441
0.9069558574
0.719103863
0.6196611977
0.5676656406
0.5353157137
0.5151256525
0.5027003255
0.4950465011
0.4894435548
0.4862343509
0.484443578
0.4827144246
0.4800362027
0.477134583
0.4728584014
0.4692618626
0.4673882561
0.4667720211
0.4671157674
0.4690708759
0.4712255096
0.4745459359
0.4787504217
0.4838740056
0.4907487347
0.4987428917
0.5095387597
0.5222120736
0.5395905717
0.5607007595
0.5901841113
0.6283689062
0.6833959965
0.7618150698
0.885300179
1.0933311
1.502540938
3148.201286
428.7596799
154.5831941
74.3002762
34.62520224
17.61215867
9.01560504
4.931615059
2.918329311
1.856653502
1.263580434
0.9213307789
0.7266247836
0.6230502172
0.5688749001
0.5357432352
0.5153917914
0.502796225
0.4949716507
0.4896582331
0.4866150864
0.4849279921
0.4830758199
0.4802130214
0.4774215026
0.4730252593
0.4693071459
0.4673761775
0.4667325597
0.4670257799
0.4690046607
0.4710258774
0.47434839
0.478564224
0.4837753121
0.4905496868
0.4984803265
0.509246641
0.5219146084
0.539260823
0.560440294
0.5898755776
0.6279266953
0.6829723688
0.7612256429
0.8846081536
1.092501926
1.501744815
3205.771363
502.2674186
156.9602851
75.13732859
36.15992507
18.31759325
9.399407262
5.147528978
3.026094875
1.905484284
1.28413511
0.9293320012
0.7296520102
0.6253017721
0.5715446289
0.5380384201
0.5165556372
0.5031946767
0.4949155129
0.4898682655
0.4868972516
0.4853072184
0.4834189875
0.4807550978
0.4776760052
0.473100472
0.4693432129
0.4673582494
0.4666897719
0.4668884879
0.4688227634
0.4707549993
0.4742664529
0.4783795187
0.4835148549
0.4903081567
0.4983485359
0.5090844086
0.5217448214
0.5390531079
0.5601159372
0.5894675503
0.6275662215
0.6824159176
0.760655584
0.8838676803
1.091645279
1.500908277
3242.966709
513.6433032
165.8784037
77.66384604
37.58906704
19.18003802
9.93357243
5.418152541
3.170095105
1.986636332
1.330736761
0.9549549186
0.7442344952
0.6335495224
0.5752119428
0.5389893904
0.5168896333
0.5031588346
0.4948466571
0.4900572673
0.487320758
0.4859247645
0.4839877758
0.4810209639
0.4778379512
0.4733438775
0.469385258
0.4673187832
0.4665987681
0.4667134574
0.4686895681
0.4705609031
0.4740307098
0.478084585
0.4833889254
0.4901151088
0.498036367
0.5087358096
0.5213883329
0.5386467751
0.5597725417
0.5891099511
0.6270458488
0.681906504
0.7599723162
0.8830576175
1.090694253
1.500122686
3248.152492
650.5753759
165.1098146
78.75747728
40.52082477
20.58627931
10.63324346
5.839609046
3.394798964
2.096762983
1.379539621
0.9764965483
0.7527934308
0.6368579203
0.5782476767
0.5426053325
0.5187578682
0.5040999076
0.4954253222
0.4905092452
0.4877880167
0.486485205
0.4842873689
0.4814887817
0.4782529103
0.4735229497
0.4694002611
0.4672643095
0.4665196103
0.4665230759
0.4684523131
0.4702088752
0.4739267218
0.4778928691
0.4830880943
0.4897563281
0.4978551753
0.5085195717
0.521161787
0.5383740492
0.5593706478
0.5885482177
0.6265428407
0.6811520548
0.7591699669
0.8820388925
1.089561392
1.499380396
3156.004566
755.8864111
183.5209294
83.50397801
43.20810242
21.9849609
11.58710099
6.322134883
3.659747543
2.243153367
1.465730148
1.022605215
0.7770281313
0.6518286489
0.5871174949
0.5453424151
0.519919146
0.5047269446
0.4957167509
0.4906958495
0.48824242
0.4871278145
0.4849383928
0.4819955905
0.4784906663
0.4737594085
0.4694242692
0.4671730776
0.4663324556
0.4662536972
0.4682124083
0.4700234817
0.473656764
0.477453673
0.4828680351
0.4895316091
0.4974752301
0.5079974192
0.5206283973
0.5377469587
0.5588004323
0.5879944332
0.625732903
0.6803168012
0.7580786454
0.8807297299
1.088124996
1.498550894
3009.736759
914.3932528
184.6274737
82.87104511
46.96877049
24.27506928
12.61036312
6.992002423
4.035421423
2.445225261
1.556243371
1.062924054
0.7961892743
0.6592469056
0.5914557678
0.5504628564
0.5234616704
0.50652377
0.4966338917
0.4913940147
0.4889958844
0.4878697923
0.4853652714
0.4824753075
0.4789966631
0.4740938828
0.4694339905
0.4670742002
0.466168149
0.4660585435
0.467969139
0.4696147203
0.4734187225
0.4772116753
0.4825466237
0.4889777763
0.4970956959
0.5076988766
0.5203045949
0.5373502216
0.5582199315
0.5870767048
0.6248706548
0.6790652577
0.7566832468
0.8790082945
1.086326942
1.497437488
2807.010785
1011.741336
249.3734047
91.398359
48.92574569
25.91441113
13.98419294
7.646805122
4.4161516
2.657166128
1.692859441
1.142481328
0.8353309597
0.683561414
0.6076414552
0.5572765973
0.5258415581
0.5078234581
0.4974456502
0.4919528111
0.4895899336
0.4885371435
0.4860989295
0.4832186097
0.4794526525
0.4743540626
0.4694723698
0.4669277072
0.4659037043
0.4657490247
0.4675857425
0.4693626231
0.4731151222
0.4766104325
0.482102873
0.4886750647
0.4966596135
0.5068699302
0.5194218002
0.5362916678
0.5571790573
0.5861212083
0.6235152291
0.6775865859
0.7548169257
0.8767829383
1.083981796
1.495795914
2551.995117
1045.787953
293.2971423
96.00870895
53.48512327
29.02489032
15.21326174
8.541522542
4.934191293
2.959925833
1.832150318
1.203094958
0.8685430344
0.6966061998
0.6138182854
0.5636213357
0.5317032958
0.5110548105
0.4990527185
0.4930384406
0.4905253873
0.4894632191
0.4867759306
0.4838614828
0.4800796397
0.4749010912
0.4694682198
0.4667516827
0.4656689364
0.4654932032
0.4673027513
0.4689105427
0.4726320147
0.4762414511
0.4817644728
0.4878587624
0.495888254
0.5063779397
0.518924218
0.535672714
0.5563254492
0.5846108524
0.6219748273
0.6754638223
0.7523543683
0.8738472646
1.080905382
1.493321917
2279.720235
1027.739129
381.13737
117.5268585
57.06723768
30.90084878
17.30666475
9.376413687
5.409745492
3.227064532
2.026138927
1.328780533
0.928828875
0.7341282566
0.639828593
0.5768831454
0.5364912103
0.5134433675
0.5006211234
0.4939224385
0.4913075042
0.4902808995
0.4877069437
0.4848738814
0.4808562392
0.4752570824
0.469547773
0.4666159656
0.4653821831
0.4651279738
0.4667503771
0.4684697371
0.4722278214
0.4755028359
0.4809369959
0.4872725904
0.4953647753
0.505239412
0.5174519195
0.5338458084
0.5543650634
0.5828334064
0.61964637
0.6727991584
0.7491225569
0.8700234426
1.076677945
1.489689868
2006.811396
1254.05736
430.8066694
142.2502306
65.08951527
34.96822392
18.81939833
10.73135366
6.15021473
3.654342212
2.215706346
1.414224319
0.9797896821
0.7533456187
0.6491322984
0.5855263435
0.5453073035
0.5189126214
0.5032079985
0.4955089641
0.4924959089
0.491492651
0.488739094
0.4858286478
0.4817226332
0.4760959614
0.4696415924
0.4664015577
0.4650364044
0.4647420311
0.4663330024
0.4679410862
0.4714331678
0.4747577006
0.4804611461
0.4862350206
0.493985797
0.5039794247
0.5164455424
0.5327767436
0.5530631926
0.5804029366
0.616871307
0.6691613631
0.7447817354
0.8648290726
1.070868261
1.484470888
1829.138976
1550.917114
596.0241279
174.057316
71.10394079
37.50652545
22.01036869
11.73960929
6.793323377
4.020401777
2.50215327
1.601031838
1.071959255
0.8115490136
0.6886983386
0.6067018754
0.5537941823
0.5230791364
0.5059715199
0.4968477245
0.4935745806
0.4926113045
0.4900315599
0.4872427354
0.482977722
0.476747214
0.469817647
0.4662536603
0.4646910436
0.4642813052
0.4655757954
0.4671672728
0.4707255008
0.4738943223
0.4791231569
0.4848740709
0.4930084518
0.5025303441
0.5143398523
0.5298885939
0.5494389361
0.576927042
0.6127464021
0.6643323344
0.7390324069
0.8579184471
1.062716712
1.477086349
0.5319158571
0.5102006226
0.4992125012
0.4951552607
0.4942683816
0.4915719092
0.4887052733
0.4843107682
0.4780867554
0.4700780326
0.466033849
0.46419885
0.4636834905
0.4648719788
0.4664363192
0.4695825788
0.4725122698
0.478117307
0.4835767158
0.4909940256
0.500025514
0.5119327495
0.527319583
0.5470794613
0.5730820772
0.6078550087
0.65801958
0.7312545798
0.8481983907
1.051300525
1.466651537
0.4958752107
0.493452246
0.490765009
0.4863302159
0.4793188774
0.4703889624
0.4658106989
0.4637021571
0.4630436132
0.4638293316
0.4651831711
0.468252419
0.4713306947
0.4762612706
0.4810630895
0.4887463554
0.4976424241
0.5088247419
0.5232276015
0.5410972966
0.5664210925
0.6002801066
0.6491189589
0.7204931998
0.835009595
1.035356543
1.451703525
0.4930417191
0.4885198837
0.4815613487
0.4708623572
0.4655205238
0.4629960571
0.4621226098
0.4626456936
0.4639936125
0.4666797568
0.4691137625
0.4739679365
0.4789003797
0.4859231357
0.4935355377
0.5042239239
0.5176130345
0.535860919
0.5598494942
0.5917647518
0.6379089536
0.706180718
0.8164064614
1.012541383
1.429955887
0.4838884727
0.4714928478
0.4652173718
0.4621857398
0.4611477198
0.4611683915
0.4621212598
0.4643729161
0.4670111979
0.4713749644
0.4751108364
0.4814726718
0.4889620151
0.49875524
0.5113512615
0.5268035227
0.5481951243
0.5777981936
0.6211901674
0.6854333845
0.7904401076
0.9805066115
1.397618125
0.4725172517
0.4650908278
0.4614081504
0.4599079085
0.4594997725
0.4603137992
0.4622936689
0.4641001738
0.4676492246
0.4713339199
0.4773712106
0.4831964953
0.4918948195
0.5021789146
0.5168741248
0.5369363276
0.5639961575
0.6029416644
0.6615064435
0.7583852372
0.9381463983
1.352050879
0.4607628109
0.4588245579
0.4581354903
0.458477707
0.4598690962
0.461585824
0.4648808123
0.4676210404
0.4723819458
0.4777540285
0.4852845128
0.4949318804
0.5074082143
0.5242405174
0.5476756695
0.5826276535
0.6355509663
0.7243529794
0.8934749466
1.300946963
0.457940417
0.4569338671
0.4570373845
0.4582549932
0.4594077334
0.4619569967
0.4643962828
0.4689899251
0.4732110306
0.4798849787
0.4876511603
0.4988542398
0.5144012181
0.5358909104
0.5672304945
0.6150065614
0.6960204024
0.8529981674
1.248822865
0.4560285109
0.4558071418
0.4566084953
0.4576087386
0.4600060568
0.4618804388
0.46552363
0.4693516671
0.4751367825
0.4824199464
0.4922748998
0.5056218691
0.5243463094
0.5525681193
0.5959420075
0.6701163362
0.8163506553
1.197805165
0.4548462754
0.4555150255
0.4561439507
0.4580256827
0.459650744
0.4631630083
0.4662429268
0.4714464746
0.4774594256
0.486298813
0.4986836135
0.5160888601
0.5418412976
0.5815059274
0.6497806728
0.7857185341
1.153083938
0.4544319704
0.4549349999
0.4567149604
0.4579493914
0.4608260024
0.4636316747
0.4682094947
0.4738832104
0.4818538338
0.4927744848
0.508253094
0.5318085689
0.56835575
0.6315649601
0.7580181981
1.08214096
0.4539725193
0.4554059703
0.4564775281
0.4592486957
0.4615561903
0.465742236
0.4705698228
0.4778225895
0.4880784302
0.5026825485
0.5245927248
0.5586079715
0.6176460135
0.735849314
1.053231652
0.4531844837
0.4545452968
0.4553397858
0.4576950671
0.4598225473
0.4635801741
0.4681796634
0.4748604368
0.4841434632
0.4974424654
0.517861761
0.549756403
0.6052640899
0.7164463593
0.9975520384
0.4536843897
0.4543752492
0.4566545112
0.4584448381
0.4619406312
0.4659774135
0.4721694009
0.4810069809
0.4937308287
0.5130620279
0.543264626
0.5959404883
0.7012303744
0.9733389989
0.4531193733
0.4536188758
0.4556235118
0.4572962093
0.4605027885
0.4643883829
0.4702001905
0.4783901835
0.4902378775
0.5085705967
0.5373527646
0.5876398848
0.6880987697
0.9463842346
0.4529674526
0.45493717
0.4563801571
0.4594126856
0.4629231699
0.4684064432
0.4763009011
0.4877701185
0.5053831785
0.5330415255
0.5814364407
0.6779181738
0.9275839659
0.4525391276
0.4542511025
0.4556165253
0.4584560048
0.4618660747
0.4670956259
0.4745580341
0.4854404735
0.5023872297
0.5290983051
0.5758944757
0.6691319873
0.9114445498
0.4537940699
0.4550063845
0.4577300718
0.4608890356
0.4658988417
0.4731653682
0.4837978463
0.5002674081
0.5262320896
0.5717691584
0.6623475577
0.8977124201
0.4533372247
0.4544969523
0.4570926292
0.4601844056
0.4650246905
0.4720023554
0.4822419259
0.4982668595
0.523599838
0.5680696767
0.6564770396
0.8865156686
0.4530334964
0.454090205
0.4566084763
0.4595315551
0.4642251745
0.4710726745
0.481146522
0.4968541188
0.5216904393
0.5653222561
0.6519557977
0.8774983521
0.4527017283
0.4537226557
0.4561483965
0.4590223496
0.4635929188
0.4702303492
0.4800184414
0.49540339
0.5197815764
0.5626394654
0.6476980911
0.8688484454
0.4533741036
0.4557312023
0.458457388
0.4628996272
0.4694230068
0.4790664536
0.4941743611
0.5181190377
0.5602456742
0.6437547095
0.860340661
0.4530210978
0.4552864888
0.4579638716
0.4622847999
0.4686012174
0.4779631279
0.4927533812
0.5162473787
0.5576131497
0.6395740888
0.8519701624
0.4526805076
0.4548770367
0.4574073566
0.4616002659
0.4678029807
0.4770211851
0.4915360755
0.5145994861
0.5552394366
0.6356614007
0.8437332887
0.4523360473
0.454438875
0.4569207843
0.4609924242
0.4669886297
0.4759259444
0.4901243585
0.5127392282
0.5526225649
0.6315059468
0.8356255137
0.4540346006
0.4563702336
0.4603141501
0.4661973464
0.4749921134
0.4889169545
0.5111044184
0.5502680139
0.6276249704
0.8276438692
0.4536011723
0.4558888811
0.459711486
0.4653886
0.4739030909
0.4875128121
0.50925416
0.5476660519
0.623495714
0.8197842746
0.45320044
0.4553426666
0.4590379364
0.4646030067
0.4729762769
0.4863143664
0.5076317948
0.5453308141
0.6196488955
0.8120442868
0.4548654141
0.4584393531
0.4637987422
0.4718923593
0.484916899
0.5057909597
0.5427439802
0.6155481926
0.8044196738
0.4543224489
0.4577695976
0.4630180902
0.4709719374
0.4837269068
0.5041807728
0.5404284467
0.6117377819
0.7969083187
0.4538485631
0.4571744243
0.4622175734
0.4698924027
0.4823355472
0.5023490028
0.5378569468
0.6076672705
0.7895062104
0.4565079283
0.4614414599
0.4689780976
0.481153856
0.5007511059
0.5355619394
0.6038960781
0.7822117898
0.455915796
0.4606442659
0.467902588
0.4797684354
0.498928528
0.5330066552
0.5998586178
0.7750207841
0.4598801337
0.4670033161
0.4786066869
0.497358889
0.530755607
0.5961662836
0.7680823248
0.4591029068
0.4659548636
0.4772579194
0.4955878159
0.5282799067
0.5922737177
0.7612586303
0.4650742549
0.4761225437
0.4940582845
0.52609662
0.5887193471
0.754548468
0.4747853787
0.4923073753
0.5236598251
0.5849169446
0.7479473952
0.4908016311
0.5215202781
0.5814593609
0.7414540944
0.5191199981
0.5777419399
0.7350645319
0.5743778671
0.7287779975
0.5106624451
0.5231272583
0.5413610468
0.5623463652
0.5930165789
0.6313582193
0.6878867446
0.7673390437
0.8924993879
1.102366407
1.511422458
0.4672112922
0.4687670669
0.4715830425
0.4746425935
0.4792855598
0.4842355581
0.4914812648
0.4992907254
0.5105818034
0.5231040111
0.5412792494
0.5622691282
0.5929171733
0.6312831556
0.6877359714
0.7671615359
0.8923155681
1.102095843
1.511222418
0.4701248882
0.4674395125
0.4663340331
0.4660604455
0.4671987099
0.4687501058
0.4715658775
0.4746170501
0.4792483577
0.4842183505
0.4914466989
0.4992670887
0.5105168502
0.5230552045
0.5411709877
0.5622325418
0.5928218714
0.6311403077
0.6876127745
0.7669754864
0.8920716965
1.101828917
1.510992469
0.4791649902
0.4766847036
0.4735408448
0.4701658381
0.4674570467
0.4663411438
0.4660613035
0.4671754812
0.4687394235
0.4715376872
0.4746033494
0.4792112986
0.484179973
0.4913756024
0.4992174326
0.5104339823
0.5230320162
0.5410943999
0.5621524958
0.5926925637
0.6310526435
0.6874449346
0.7667585216
0.891848628
1.101513387
1.510747741
0.4830932612
0.4813376156
0.4792036817
0.4767242094
0.473584885
0.4701907949
0.4674748374
0.4663486173
0.4660604154
0.467162328
0.4687242197
0.471520651
0.4745703299
0.4791698075
0.4841637961
0.4913440963
0.4991941096
0.5103779237
0.5229677536
0.540975391
0.5620974128
0.5925941844
0.6308976869
0.68728265
0.7665532686
0.8915602617
1.101196156
1.510459152
0.4913348859
0.4861641578
0.4831309594
0.4813702594
0.4792307089
0.4767404891
0.4736296396
0.470229384
0.4674891066
0.4663513072
0.4660572773
0.4671388339
0.4687136325
0.4714889427
0.4745572497
0.4791375824
0.4841184597
0.4912697284
0.4991350345
0.510288131
0.5229438941
0.5409016159
0.5620197728
0.5924405796
0.630789133
0.687098642
0.7662991255
0.8912948436
1.100832462
1.510157019
0.4983788116
0.4913773286
0.4861923455
0.483151117
0.4813916349
0.4792696765
0.4767867651
0.4736796218
0.4702539186
0.4675038699
0.4663555003
0.4660564794
0.4671249549
0.468699792
0.4714712175
0.4745166759
0.4790889444
0.4841018863
0.491239248
0.4991110183
0.5102402109
0.5228707522
0.5407721921
0.5619413961
0.5923333156
0.6306241204
0.6868981301
0.7660703458
0.890964757
1.100463809
1.509809184
0.5258828824
0.5088694692
0.4984144069
0.491407379
0.4862374462
0.4831965841
0.4814340114
0.4793054881
0.4768072065
0.4737258647
0.4703043465
0.4675171446
0.4663571159
0.466053087
0.4670993832
0.4686883673
0.4714322455
0.474501728
0.479061173
0.4840506748
0.491159299
0.4990424349
0.5101404667
0.5228300563
0.5406965531
0.561864814
0.5921603427
0.6304894554
0.6866969396
0.7657814805
0.8906556059
1.100050952
1.5094461
0.5997593343
0.5538470004
0.5260153178
0.508962829
0.4984853538
0.49147523
0.4862764554
0.4832215974
0.481458249
0.4793486996
0.4768662373
0.4737909409
0.4703370235
0.4675337158
0.4663623525
0.4660520526
0.4670841194
0.4686711034
0.4714125414
0.4744559483
0.479002816
0.4840277821
0.4911282344
0.499016521
0.5100969775
0.5227572916
0.5405596004
0.5617606213
0.592038217
0.6303145586
0.6864598054
0.7655252398
0.8902851967
1.099630292
1.509045561
0.8530980831
0.6887769935
0.5999547672
0.553997694
0.526118614
0.5090265809
0.4985333276
0.4915160321
0.4863296369
0.4832791563
0.4815160623
0.4794009239
0.47689345
0.4738407681
0.4704073774
0.4675510592
0.4663653196
0.4660479697
0.4670553222
0.4686579576
0.4713639308
0.4744335091
0.4789777425
0.4839763657
0.4910401485
0.4989375206
0.5099862246
0.5226924422
0.5404751572
0.561682105
0.5918495012
0.6301503878
0.6862387528
0.7652029557
0.88993071
1.099168015
1.508625515
1.611010038
1.135037998
0.8539613844
0.6893088779
0.6003113516
0.5542549372
0.5262966609
0.5091518837
0.4986314699
0.4916189735
0.4863870903
0.483314508
0.481545688
0.4794481719
0.4769706187
0.47393191
0.4704539733
0.4675739952
0.4663724452
0.4660472088
0.4670385762
0.4686347761
0.4713396238
0.4743865855
0.478908877
0.4839358831
0.4910075521
0.4989086878
0.5099427747
0.5226213143
0.5403335513
0.5615512016
0.5917067406
0.629964048
0.6859663666
0.7649153661
0.8895199034
1.0986946
1.508172505
4.051880601
2.453177603
1.615945477
1.137198142
0.8548684515
0.6897415913
0.6005863808
0.5544567598
0.5264300117
0.5092387243
0.4986983126
0.4916699523
0.4864459437
0.4833858745
0.4816244346
0.4795286264
0.4770128639
0.4739868656
0.470551168
0.4675990745
0.4663780267
0.4660435978
0.4670040795
0.4686185983
0.4712795693
0.474349473
0.4788814945
0.4838879591
0.4909117774
0.4988163818
0.5098192058
0.5225308819
0.540233182
0.5614661923
0.5915044733
0.6297682287
0.6857222318
0.7645603055
0.8891193405
1.098183454
1.507697203
15.08411649
7.381223132
4.067295611
2.458639596
1.618409375
1.138992135
0.8561468424
0.6905388513
0.601115974
0.5548197446
0.5266737608
0.5094114562
0.4988300349
0.4918132186
0.4865351912
0.4834430912
0.4816659727
0.4795793217
0.4771066173
0.474119948
0.4706215091
0.4676325639
0.4663890924
0.4660437247
0.4669848214
0.4685860876
0.4712455402
0.4743034036
0.4788001426
0.4838255518
0.4908693304
0.4987831314
0.5097720781
0.5224585922
0.540087954
0.5613081464
0.5913354054
0.6295672821
0.6854152134
0.7642377024
0.8886673879
1.097656504
1.507186481
134.1779069
69.01155373
30.44094693
15.13688141
7.422823553
4.09141447
2.473594117
1.625846452
1.142289718
0.8575428081
0.6911911984
0.6014861396
0.5550762071
0.5268473029
0.5095315045
0.4989196613
0.4918747381
0.4865932455
0.4835240915
0.4817675575
0.479703296
0.4771931607
0.4741867079
0.4707230994
0.4676679772
0.4663994178
0.4660414629
0.4669389963
0.4685628302
0.4711721747
0.4742464019
0.4787676896
0.48377957
0.4907695728
0.4986728155
0.5096313595
0.5223398136
0.5399639908
0.561210216
0.5911194131
0.6293372757
0.6851433335
0.7638482038
0.8882181251
1.09709245
1.506646758
2738.339777
340.3754913
136.239048
69.17571548
30.64891583
15.2286665
7.481320114
4.112099487
2.480678432
1.628618939
1.144418249
0.8592002204
0.6924035805
0.602286891
0.5556036529
0.5271954469
0.5097715131
0.4990833444
0.4920494963
0.486731521
0.4836254935
0.4818420349
0.4797678276
0.4772949062
0.4743660773
0.4708023733
0.4677164795
0.4664164163
0.466041099
0.4669124792
0.4685166281
0.4711201904
0.4742010196
0.4786673383
0.4836892916
0.490703997
0.4986323337
0.5095768544
0.5222621482
0.5398140795
0.5610236696
0.5909174453
0.629116341
0.6848001001
0.7634855308
0.8877213551
1.096506829
1.506065108
2775.638218
342.8335518
137.0525302
69.24326759
30.8140149
15.28688403
7.529018629
4.140472399
2.500964026
1.639948775
1.149717402
0.8612941551
0.6933114576
0.6027825048
0.5559386105
0.5274291324
0.5099272016
0.499181568
0.4921311123
0.4867817138
0.4837052763
0.4819611185
0.4799492968
0.4774642271
0.4744549647
0.4708994173
0.4677662006
0.4664280532
0.4660350718
0.4668442014
0.468478342
0.4710316065
0.4741162564
0.4786261153
0.4836414895
0.4906026399
0.4984970962
0.5094119927
0.5221097087
0.539657166
0.5609041549
0.590685071
0.6288485807
0.6844946189
0.7630581495
0.8872197835
1.095884156
1.505451617
2820.221295
356.096758
139.8835199
69.54370226
31.10273282
15.40551317
7.607854779
4.171616096
2.511705921
1.643256815
1.151970005
0.8632661817
0.6948805952
0.6039645596
0.5567568404
0.5279539097
0.5102540509
0.4993606145
0.4923039651
0.4869758805
0.4838830772
0.4821154625
0.4800604076
0.4775625095
0.4746576642
0.4710138771
0.4678245483
0.4664441173
0.4660302228
0.4668031348
0.4684172312
0.470949189
0.4740709576
0.4785074827
0.4835149693
0.4905001479
0.4984447451
0.5093443129
0.5220207655
0.5394997097
0.5606864936
0.5904422246
0.6286003068
0.6841115404
0.7626495516
0.8866732629
1.095234308
1.504787172
2872.507954
359.7858312
140.5688844
69.76037026
31.31973531
15.48593134
7.666286541
4.206164431
2.538834152
1.660769405
1.161051578
0.8670019783
0.6962394469
0.6045362922
0.5571355517
0.5282419311
0.5104214838
0.4993990093
0.4924201219
0.4870319293
0.4839655488
0.4822441372
0.4802762229
0.4778465076
0.4748068694
0.4710970509
0.4678791163
0.4664486736
0.4660097406
0.4666957215
0.4683513145
0.4708435763
0.4739516181
0.4784282054
0.4834555583
0.4903985481
0.4982839624
0.5091438393
0.5218264143
0.5392975915
0.5605333543
0.5901879776
0.6282893443
0.6837646546
0.7621782434
0.8861133226
1.094543842
1.504087699
2923.692873
380.9139662
144.4121481
70.42847165
31.75197803
15.67351608
7.785281041
4.262853404
2.560927261
1.666888384
1.163403332
0.8690759291
0.6982677581
0.6062684772
0.5584158871
0.5290213722
0.5107976524
0.4995547705
0.4925717175
0.4872673443
0.4842355512
0.4825308375
0.48053189
0.4779512815
0.4749694656
0.4712634393
0.4679329949
0.4664519454
0.4659925389
0.4666313946
0.4682804119
0.470717448
0.4738958474
0.4782985849
0.4832834153
0.4902423217
0.498192534
0.5090559677
0.5217183712
0.5391281442
0.5602813306
0.589894717
0.6280040825
0.6833355231
0.7617158906
0.8855091113
1.093821008
1.503331086
2985.303184
383.6174591
145.1908021
71.08368018
32.0791782
15.84573318
7.888488501
4.315764925
2.598020374
1.693623554
1.179666678
0.8767189699
0.701237777
0.6073435295
0.5588334117
0.5291608189
0.5107958328
0.4995424254
0.492694451
0.4873582168
0.4843662896
0.4827115152
0.480716094
0.4782858755
0.4752385146
0.471337844
0.4679787398
0.4664375057
0.4659423524
0.4664661854
0.4681662684
0.4705873379
0.4737339929
0.4781484128
0.4832069207
0.4901382239
0.4980154964
0.5088074303
0.5214732026
0.5388672639
0.5600794099
0.5896115248
0.6276442826
0.6829389992
0.7611941511
0.8848848381
1.093056092
1.502554058
3014.943735
416.5963183
150.5144765
72.56150809
32.8881232
16.22354933
8.099498789
4.428465371
2.650909363
1.711979523
1.184539006
0.878888707
0.703550855
0.6097626095
0.5607520513
0.5303018271
0.5113877628
0.499832782
0.4927977536
0.4876091448
0.4846990046
0.4831185361
0.4811573389
0.478513246
0.4753344616
0.4715173441
0.4680114602
0.4664098566
0.4658894062
0.4663623195
0.4680968678
0.4704101474
0.473663661
0.4780158609
0.4829895842
0.489915006
0.497854545
0.5086931405
0.5213376885
0.5386814793
0.5597935759
0.5892612948
0.6273134173
0.6824591287
0.7606725498
0.8842179942
1.092260395
1.501731485
3093.924305
413.194587
152.9032181
74.22375069
33.55197914
16.63721465
8.340398268
4.543432621
2.712092403
1.752580202
1.212888725
0.8953069669
0.7110805893
0.6124326249
0.561435417
0.5304751438
0.5114866533
0.499876974
0.4927839041
0.4877351517
0.4849469322
0.4834543366
0.4813315201
0.4787490544
0.4756955549
0.471640406
0.4680128737
0.4663577067
0.4658020041
0.4661438419
0.4679215283
0.4702403732
0.4734771675
0.4777704875
0.4828792368
0.4897978244
0.4976752687
0.5083963342
0.5210397896
0.5383552672
0.5595295164
0.5889438997
0.6269037753
0.6820083333
0.7600975886
0.8835278756
1.091425026
1.500927384
3160.397175
481.3592634
157.9214539
75.61131595
35.2479085
17.46526995
8.764270302
4.76988325
2.831081004
1.807275609
1.231389797
0.8999833844
0.7130526171
0.6150963108
0.5644821549
0.5326962163
0.5127179056
0.5004576626
0.4928735995
0.4880809169
0.4853471383
0.4839202031
0.4818182843
0.4792141652
0.4758461067
0.4717157071
0.4679856785
0.466268438
0.465671985
0.4658793278
0.4678546727
0.4700271434
0.4733477051
0.4776317955
0.4826578766
0.4895172014
0.497429774
0.5082434589
0.5208704981
0.5381504943
0.5592188089
0.5885407336
0.6265245036
0.6814789155
0.7595168653
0.882799091
1.090569679
1.500109645
3213.434346
475.6034419
165.3441937
78.34652104
36.67604622
18.3031039
9.296846535
5.040635473
2.964202806
1.877374071
1.277791142
0.9303284743
0.7301712307
0.6229250086
0.5670253515
0.5333076645
0.5130784621
0.5004894573
0.4927846483
0.4882014992
0.4856532659
0.48441103
0.4821222293
0.4794032415
0.4761277087
0.4719134684
0.4679220541
0.4661221994
0.4655041767
0.4656769965
0.467680623
0.4697899682
0.47316159
0.4773092841
0.4824613957
0.4893568618
0.4972537864
0.5079107529
0.52051333
0.5377533498
0.558874651
0.5881701078
0.6260462215
0.6809457372
0.7588519263
0.8819981664
1.089620974
1.499315619
3232.563857
613.5426774
167.3695835
79.94924985
39.86531105
19.94408276
10.10846632
5.482062327
3.197772585
2.002711443
1.331446559
0.9467998821
0.7334572654
0.6249425044
0.5710041463
0.5374876285
0.5150758383
0.5013917501
0.4932401731
0.4886621278
0.4861952606
0.484976229
0.4825740194
0.4800039766
0.4764713903
0.4719332596
0.4678392259
0.4659852799
0.4653454843
0.4654891841
0.4675762976
0.4695360136
0.4729619275
0.4771366315
0.4822533339
0.4890313209
0.4969007658
0.5076726295
0.5202896395
0.5374867371
0.5584868077
0.587629169
0.6255222503
0.6802272948
0.7580497642
0.8809998719
1.088497642
1.498589145
3146.893563
705.0115203
181.8887614
84.82382061
42.60624799
21.23344517
11.02768657
5.987074018
3.471835271
2.133774377
1.406935822
0.9959497565
0.7644305702
0.6423794451
0.5788416116
0.5393942084
0.5159931515
0.5018300555
0.4934915065
0.4889376143
0.4866367643
0.4855403876
0.4830493772
0.4803129879
0.4766707119
0.4721357408
0.4677390697
0.4658112218
0.4651547751
0.4653292428
0.46730417
0.4692128266
0.4727569618
0.4767105814
0.481939501
0.4887508731
0.4966810174
0.5072625154
0.5197464708
0.5368784613
0.5579218009
0.5870513844
0.6247767039
0.6793653701
0.7569849948
0.8797087876
1.087069864
1.497772563
12.25410182
6.696263622
3.84869665
2.355471534
1.514850318
1.035472939
0.7740496767
0.6457140892
0.5830864405
0.5455094075
0.519523768
0.5036330196
0.4944807365
0.489631696
0.4873840431
0.4862205942
0.4835572422
0.4809668327
0.4771873358
0.4722207267
0.4676404125
0.4656623605
0.46499658
0.4651660903
0.4671307647
0.4689372656
0.472462143
0.476488022
0.4817088886
0.4883559955
0.4961323789
0.5068000454
0.5194356649
0.5364910693
0.5573474968
0.5861795356
0.6238815988
0.6781548029
0.7555989426
0.8780079733
1.085283197
1.49667762
1.110131263
0.8244286077
0.6740168728
0.5989844709
0.5503843778
0.5214408556
0.5047482099
0.495103496
0.4900853411
0.4879174758
0.4868471394
0.4842107672
0.4815063696
0.4774481065
0.4723689967
0.4675636799
0.4655129091
0.4647954017
0.464839826
0.4667045071
0.4685046131
0.4721957685
0.4759298041
0.4812198382
0.4878335001
0.4958320694
0.5063005719
0.5185176144
0.5354676188
0.5563257614
0.5851780536
0.6226146214
0.6766493602
0.7537620208
0.8758058779
1.082950881
1.495056729
0.6044118521
0.5586787823
0.5274959072
0.5078553571
0.4967562582
0.4911608174
0.4888509692
0.4877081571
0.4849031355
0.4822556513
0.4781199749
0.4725796374
0.4675059256
0.4653241979
0.4645676453
0.4645432869
0.466479686
0.4682204407
0.4717544225
0.4755566256
0.4808831354
0.4873488269
0.4950444726
0.5053680553
0.518057488
0.5348605478
0.5554505282
0.5837569658
0.6210320647
0.6745623962
0.7513283644
0.8728888558
1.079892652
1.492605663
0.509981384
0.4979781989
0.4919169184
0.4895334882
0.4884851881
0.4857846114
0.4830799888
0.4786008488
0.4728366956
0.4675249499
0.4651920973
0.4643012687
0.464182194
0.4659377251
0.4675880545
0.4713187323
0.4748440824
0.4801493261
0.4864096471
0.4943540838
0.5047531506
0.5166109761
0.5330290756
0.5535487981
0.5819079695
0.6188013419
0.6718909082
0.7481254107
0.8690919235
1.075689835
1.488995722
0.4934647575
0.4907442536
0.4896372466
0.4867867535
0.4840694413
0.4795502598
0.4733687682
0.4675560931
0.464953836
0.463917415
0.4637520478
0.4655108837
0.4672326873
0.4706719526
0.4741558334
0.4795109641
0.4856925988
0.493381212
0.5029861953
0.515522924
0.5320631406
0.552189406
0.5796177558
0.6159956791
0.6682700579
0.7438377556
0.8639202764
1.069908502
1.48380245
0.4916737158
0.4906897757
0.488019261
0.4853087777
0.4804549677
0.4739507197
0.4676442744
0.464762034
0.4635619966
0.4633067712
0.4648482259
0.4663104484
0.4698733978
0.4731758974
0.4784416051
0.4841993775
0.4917743
0.5020347925
0.5137200872
0.52913344
0.548664051
0.5760554213
0.6119362666
0.6634805408
0.7381231696
0.8570360929
1.061801188
1.476442027
0.4894966972
0.4867502121
0.4819125337
0.4749237174
0.4677880171
0.4644855351
0.463039407
0.4626840538
0.4640673226
0.4657052967
0.4689240594
0.4720517222
0.4771916418
0.4828075974
0.4906035108
0.4993824761
0.5108849109
0.5266050851
0.5462039177
0.5723806914
0.6070767963
0.657171848
0.7304054132
0.8473589599
1.050426744
1.466037809
0.4886395982
0.4835261958
0.4758813425
0.4679407521
0.464192093
0.4625103873
0.4620331403
0.4631825703
0.4644014346
0.4675444999
0.4705084671
0.4754944366
0.4807384742
0.4875734478
0.4968417634
0.508295843
0.5226497604
0.5404371638
0.5656806474
0.599481421
0.6483483634
0.7197075923
0.8341985612
1.034547098
1.451120571
0.4858460402
0.4774239913
0.468184831
0.4638033888
0.4617734339
0.4611374758
0.4618921088
0.4632747758
0.466053626
0.468737773
0.4733571
0.4779468041
0.4854103332
0.4933639044
0.5033343683
0.5168856569
0.5349601731
0.5591746356
0.591098078
0.6371944815
0.705436249
0.815670778
1.011798935
1.429416813
0.4685110863
0.4633871737
0.4609582564
0.460109109
0.4605956023
0.4614204103
0.4638533867
0.466238942
0.4703800567
0.4749481442
0.480764678
0.4879632115
0.4980402655
0.5108924119
0.5263291422
0.5477145319
0.5770908433
0.6205125042
0.6847903795
0.7897616753
0.9798433168
1.397121147
0.4630732281
0.4600467925
0.4589289993
0.4588161036
0.4596521122
0.4617151309
0.4636308337
0.4673427517
0.4706133586
0.4765663282
0.4831014415
0.4913836195
0.5016675361
0.516066062
0.5362446949
0.5633697582
0.6024184052
0.6609166999
0.7578004141
0.9375778456
1.351602127
0.4593678109
0.4578654261
0.4575495436
0.4578420124
0.4594127918
0.4609970667
0.4639906373
0.4672909607
0.4719362612
0.477056653
0.4845469388
0.4944447969
0.5069344422
0.5239115908
0.5471677688
0.5821034394
0.635028757
0.7238329781
0.8929746953
1.30068839
0.4562560725
0.456413144
0.4577608305
0.4589189995
0.4616013576
0.4639031633
0.4682545188
0.472989357
0.4794464281
0.4872693033
0.498231173
0.5138467131
0.5353327853
0.5668008269
0.6145390436
0.6955668504
0.852539907
1.247602023
0.4552067456
0.4561821305
0.457097532
0.4592707755
0.4615364121
0.4650998759
0.4688357256
0.4744919857
0.4819810824
0.4918155699
0.5053251904
0.5239252067
0.5521486772
0.5955102828
0.6697011565
0.8160325294
1.202410725
0.4542450267
0.4550732806
0.4556832961
0.4576257104
0.4592286097
0.4625190208
0.4659885195
0.4710213115
0.4771268965
0.4857705544
0.4982268681
0.5156012779
0.5414712349
0.5811122105
0.649408546
0.7852404726
1.13861006
0.4540171646
0.4544649052
0.4560749112
0.4576286398
0.4604047604
0.4632053074
0.4676380833
0.4734934605
0.4814171853
0.4924920504
0.5078736706
0.5314499347
0.5679836331
0.6312153818
0.7577707298
1.100120335
0.4535333603
0.454973688
0.4560943135
0.4586739975
0.4612906001
0.4653220439
0.4702597062
0.4773477052
0.4876859805
0.5022482096
0.5242621509
0.5582607579
0.6173242601
0.735504078
1.03712507
0.45396239
0.4550343389
0.457273266
0.4594451241
0.4630611271
0.4678257274
0.4744423554
0.4838685975
0.497085499
0.517539971
0.5494228651
0.6049572525
0.7161805577
1.009739626
0.4532303252
0.4540242321
0.456126988
0.4581733105
0.4615245463
0.4656784318
0.471727427
0.4806568493
0.4933335732
0.5127574959
0.542947392
0.5956507424
0.7009592227
0.9674019032
0.4533213196
0.4551980705
0.4569493055
0.4600202555
0.4640582446
0.4697955062
0.4781194484
0.4898940726
0.5082720877
0.5370443549
0.5873601542
0.687841106
0.9459568472
0.4526565886
0.4544392562
0.4561052552
0.4589997902
0.462630051
0.4679859904
0.4759787776
0.4873980911
0.5050957834
0.5327438663
0.5811677581
0.6776718586
0.9272675196
0.4538207957
0.4552912535
0.4579980837
0.4615515292
0.4667002322
0.4742894877
0.4851048612
0.5021037948
0.5288064298
0.5756323812
0.6688937915
0.9111886013
0.4533174881
0.4547301945
0.4573187404
0.4605993593
0.4654927845
0.4728618406
0.4834429057
0.4999913018
0.5259473855
0.5715144141
0.6621166894
0.8974892227
0.4529037803
0.4541877998
0.4566505758
0.4598803198
0.4646355211
0.4717349392
0.4819116295
0.4979932916
0.5233189343
0.5678192057
0.6562513413
0.886313654
0.4525687289
0.4538141345
0.4561973341
0.4592442845
0.4638286735
0.4707815366
0.4808031277
0.4965854194
0.521414344
0.5650766932
0.651735011
0.8773091926
0.4534230625
0.455714711
0.4587247651
0.4632087258
0.4699656852
0.47969323
0.495136716
0.5195086101
0.5623975534
0.6474820284
0.8686723528
0.4531024166
0.455323986
0.4581743697
0.4625087737
0.4691375066
0.4787298074
0.493912185
0.5178507514
0.5600089038
0.6435446462
0.8601751546
0.452725753
0.4548570943
0.457670485
0.4619056903
0.4683415181
0.4776441374
0.4924929838
0.5159821092
0.5573800821
0.6393691412
0.8518138228
0.4524122834
0.4544733974
0.4571278909
0.4612139404
0.4675220112
0.476690325
0.4912797836
0.5143384729
0.5550110743
0.6354619988
0.8435852561
0.4540133189
0.4566306359
0.460617541
0.4667331325
0.475612343
0.48986943
0.5124808432
0.5523975133
0.6313112621
0.8354852571
0.4536345584
0.4560934802
0.4599316599
0.4659202113
0.474666335
0.4886658976
0.51085001
0.5500473949
0.6274355695
0.8275109873
0.4531793298
0.4556011807
0.4593403331
0.4651367558
0.4735943122
0.4872628092
0.5090020941
0.5474484415
0.6233106704
0.8196584867
0.4550679664
0.4586588741
0.4643291871
0.4726551045
0.4860680909
0.5073835026
0.5451174282
0.6194688968
0.8119253711
0.4545796052
0.4580716421
0.4635501383
0.4715880299
0.4846714422
0.5055448197
0.5425334047
0.61537233
0.8043074523
0.4540493755
0.4573937033
0.4627471995
0.4706550688
0.4834850989
0.5039382704
0.5402219549
0.6115668049
0.7968026165
0.4568099536
0.4619719042
0.4695922771
0.4820943566
0.5021085104
0.537653101
0.6075002163
0.7894068785
0.4561349906
0.4611732167
0.4686653306
0.4809162777
0.5005141498
0.5353620612
0.6037337555
0.7821186916
0.4604013222
0.4676064943
0.4795313016
0.498693483
0.5328093034
0.599700067
0.7749337904
0.4596145631
0.4666946156
0.4783731089
0.4971272407
0.5305620495
0.5960122155
0.7680009349
0.4656624084
0.4770245747
0.4953578909
0.5280886221
0.5921230374
0.7611826595
0.4647692201
0.4758927214
0.4938316106
0.5259089431
0.5885728509
0.7544777416
0.4745556394
0.492082328
0.523474292
0.5847736324
0.7478817445
0.4905797378
0.5213382347
0.5813200365
0.7413934007
0.5189401116
0.5776057786
0.7350086436
0.5742455137
0.728726768
0.5100616599
0.5221316132
0.540633664
0.5613853201
0.5921999254
0.6303386641
0.6869944834
0.7662155104
0.8915402208
1.101233781
1.510707746
0.4662585431
0.467797635
0.4707911049
0.4737348571
0.4786246779
0.4833155475
0.4908776016
0.4982882213
0.5099839809
0.5221012403
0.540574835
0.5612975478
0.5920807906
0.6302722605
0.6868528232
0.7660219437
0.8913612316
1.100967835
1.510505371
0.4692542895
0.4663739467
0.4652322852
0.4649756433
0.4662550723
0.4677925075
0.4707708637
0.4737222161
0.4785724171
0.4833036101
0.4908382311
0.4982675672
0.5099282954
0.5220364199
0.5404671687
0.5612540378
0.5920104368
0.6301312518
0.6867022016
0.7658688982
0.8911030321
1.100703721
1.510275329
0.4756911738
0.4727583101
0.4692884884
0.4664087439
0.4652589879
0.4649990567
0.4662466779
0.4677783631
0.4707523823
0.4737155359
0.4785413894
0.4832742845
0.4907572648
0.4982240814
0.5098426025
0.5220085458
0.5404132175
0.5611677802
0.5918648026
0.6300422848
0.6865531024
0.7656374685
0.8908787288
1.100395842
1.510027929
0.4819362095
0.4801542591
0.4781795703
0.4757425139
0.4728119502
0.4693243183
0.4664495069
0.4652945623
0.4650277348
0.4662290133
0.4677672729
0.4707393928
0.4736964748
0.4784890891
0.4832629007
0.4907213285
0.4982049305
0.5097918851
0.5219333248
0.5402930881
0.5610969066
0.5917908911
0.6298956841
0.6863614796
0.7654585614
0.8905836913
1.100079003
1.509739479
0.4850708699
0.4819751301
0.48018901
0.4782202546
0.4757874873
0.4728670458
0.4693571283
0.4664837463
0.4653213837
0.4650468235
0.4662007989
0.4677396931
0.4707237649
0.4736900293
0.4784617846
0.4832302504
0.490637367
0.4981543349
0.5096958249
0.5219068453
0.5402402677
0.5610202107
0.5916273683
0.6297725641
0.6862010346
0.7651943167
0.8903118599
1.09972422
1.509434763
0.4983005571
0.4901720728
0.4851014283
0.4820068684
0.480228076
0.4782801603
0.4758439069
0.4729205503
0.4693964766
0.4665264224
0.4653569492
0.4650706161
0.4661624718
0.4677274414
0.470715326
0.4736643835
0.4784061038
0.483210373
0.4906033009
0.4981349503
0.5096502431
0.5218301944
0.5401095431
0.5609201441
0.5915394846
0.6296237805
0.685973343
0.7649836356
0.8899816108
1.099355005
1.509087218
0.5250143014
0.508510199
0.498346868
0.4902249748
0.4851547903
0.482055858
0.4802740007
0.4783304214
0.4758938232
0.4729792477
0.4694390361
0.46656796
0.4653829214
0.4650815187
0.4661137459
0.4676978369
0.4706900814
0.4736528642
0.4783805451
0.4831792978
0.4905145841
0.4980758815
0.5095429883
0.521782844
0.5400496061
0.5608495545
0.5913652085
0.6294645733
0.6857960849
0.7646901547
0.8896624524
1.098951005
1.508721988
0.5520723334
0.5251547635
0.5086119643
0.4984244603
0.4902770628
0.4851940429
0.482094715
0.4803224061
0.4784043543
0.4759627725
0.4730403464
0.4694926118
0.4666177676
0.4654149995
0.4650976308
0.4660510319
0.4676833783
0.4706764759
0.4736255923
0.4783213007
0.4831440737
0.4904808066
0.4980546428
0.50949824
0.5217134546
0.5399140143
0.5607211579
0.5912547998
0.6293113388
0.6855368629
0.7644437024
0.8892966758
1.098529891
1.50832153
0.5522120478
0.5252345211
0.508665136
0.4984863025
0.4903431638
0.4852630318
0.4821619235
0.4803876845
0.478471144
0.476020478
0.4731072841
0.4695530273
0.4666674215
0.4654397058
0.4650933018
0.4659773348
0.4676556107
0.470634997
0.4736041463
0.4782947081
0.4831163524
0.490387828
0.4979849486
0.509379837
0.5216425351
0.5398388585
0.5606509433
0.5910741912
0.6291163087
0.68533694
0.764122126
0.8889302174
1.098075243
1.507899601
0.5524576976
0.5254250554
0.508813665
0.4986052009
0.4904187597
0.4853168375
0.4822128557
0.4804492513
0.4785628081
0.4761061198
0.4731830988
0.4696295454
0.4667306942
0.465462337
0.4650734484
0.4658845091
0.467637846
0.4706121644
0.4735793032
0.4782323118
0.4830638494
0.4903484181
0.49796078
0.5093329095
0.5215781944
0.539701571
0.5604964793
0.590934545
0.628954291
0.6850493378
0.7638370249
0.8885271434
1.097602393
1.507446935
0.5526572116
0.5255347234
0.508885532
0.4986792626
0.4904961247
0.4854052477
0.4823071675
0.4805444655
0.4786550397
0.4761746837
0.4732644199
0.4697248121
0.4667891976
0.4654595111
0.4650266425
0.465777694
0.4676259867
0.4705485551
0.4735470003
0.4781976977
0.4830375517
0.4902548345
0.4978770087
0.5092011008
0.5214831111
0.5396042702
0.5604195856
0.5907495852
0.6287247339
0.6848217619
0.7634871423
0.8881142883
1.097097204
1.50697001
0.5529869629
0.5257959745
0.5091019636
0.4988508274
0.490609427
0.4854861281
0.4823787268
0.480623798
0.4787651899
0.476280402
0.4733695675
0.4698458002
0.4668455325
0.4654361309
0.4649264524
0.4656730174
0.467632999
0.4705164509
0.4735273017
0.4781315572
0.4829660244
0.490198101
0.497848454
0.5091500645
0.5214197535
0.5394660366
0.5602411781
0.5905751755
0.6285481669
0.6845070934
0.7631611786
0.8876715821
1.096572121
1.506459857
0.5532770564
0.525963726
0.5092010148
0.4989229848
0.4906901023
0.4855942314
0.4825077551
0.4807613348
0.4788951649
0.4763687087
0.4734810837
0.4699859206
0.4668942107
0.4653686985
0.4647897806
0.4655957622
0.4676456366
0.4704430216
0.4734778005
0.4780793487
0.4829360921
0.4901063721
0.497751498
0.5089994728
0.5212981602
0.5393395691
0.560149045
0.5903848984
0.6282843545
0.6842464361
0.7627800404
0.8872108463
1.096011935
1.505918029
0.5537332819
0.526320779
0.5094948214
0.49914738
0.4908641526
0.4857254218
0.4826158014
0.4808667441
0.4790211766
0.4764996037
0.4736400918
0.4701693703
0.466853383
0.4652076021
0.4646739612
0.4655483422
0.4676742338
0.4704011288
0.473440248
0.4780086382
0.4828429311
0.4900251822
0.4977048309
0.5089412171
0.5212309448
0.5391987912
0.5599474444
0.59016991
0.6280856934
0.6839032013
0.7624098012
0.8867237895
1.095429768
1.505338301
0.5265984499
0.5096337912
0.4991976518
0.4909321989
0.4858409953
0.4827766149
0.4810549274
0.4792048627
0.4766342703
0.4738137627
0.4702691068
0.4667388809
0.4650643453
0.4645867782
0.465560723
0.4676977511
0.4703085208
0.4733576386
0.4779306151
0.4828035203
0.4899319843
0.4975980362
0.5087647378
0.5210778934
0.5390345907
0.5598295861
0.5899707103
0.6277863746
0.6836036216
0.761992795
0.8862125656
1.094809244
1.504721874
0.5270692563
0.5099838715
0.4994444337
0.4911899985
0.4860574793
0.4829531139
0.4812086
0.4793497273
0.4768050253
0.4740142816
0.4702234652
0.4666107611
0.4650587432
0.4646102869
0.4655990888
0.4677384445
0.4702321854
0.4733200589
0.4778575187
0.4826822239
0.4898176467
0.4975183339
0.5086940887
0.5210006263
0.538887616
0.559604178
0.5897082299
0.6275563418
0.6832278994
0.761573834
0.8856754049
1.094164073
1.504061006
0.527477604
0.5101817551
0.499469584
0.4912331983
0.4861560689
0.4831230775
0.4814384785
0.4796026264
0.4770213935
0.4741418796
0.4701315588
0.4665871397
0.4650660286
0.4646501708
0.4656907681
0.4677544347
0.4701009733
0.4732321516
0.4777330085
0.4826242904
0.4897167637
0.4974018397
0.5084816832
0.5208082563
0.5386742876
0.5594468068
0.5894933859
0.6272180971
0.6828819196
0.7611137371
0.8851080962
1.093474216
1.503356452
0.5280747494
0.5105245766
0.4996416536
0.4915518321
0.4864776915
0.4834131342
0.4816951107
0.4797985607
0.4771871855
0.4742470998
0.4699908413
0.4665982303
0.4651119432
0.4647147414
0.4657694839
0.4677413803
0.4699805223
0.4732026034
0.4776472832
0.4824780641
0.4895601249
0.4972711616
0.5083915805
0.5207126769
0.538515394
0.5591966665
0.5891754554
0.6269452469
0.682467164
0.7606396363
0.8845126664
1.092757171
1.502606975
0.5285848516
0.51077486
0.4996398005
0.4915812065
0.4865425895
0.4835620787
0.4819406757
0.4800771845
0.477429871
0.4742633241
0.4699510125
0.4666817395
0.4652167772
0.4648181394
0.4658629423
0.467682727
0.4698170821
0.4730970242
0.4774464538
0.4823717645
0.4894375402
0.4971448566
0.5081321361
0.5204726195
0.5382408591
0.5589832186
0.5889357861
0.6265647452
0.6820673327
0.7601290805
0.8838838828
1.09199239
1.501822046
0.5295279821
0.511125781
0.4995835369
0.4918418792
0.4869333211
0.4839891777
0.4823605442
0.4803543735
0.4775177702
0.4742469927
0.470004497
0.4668256222
0.465324115
0.464898977
0.4658571815
0.4675089151
0.4696398984
0.4730542525
0.4773269285
0.482217958
0.4892395468
0.4969450323
0.5080161027
0.5203496171
0.5380634488
0.5587111473
0.5885585003
0.6262387821
0.6816080508
0.7595956591
0.8832251124
1.09120282
1.501011082
0.5301049732
0.5113236085
0.4994303361
0.4919821672
0.4870036279
0.4841312713
0.4825952571
0.4805134171
0.477669268
0.4743800282
0.4701951543
0.4669857663
0.465429007
0.4649701081
0.4658041852
0.4673692537
0.4694969768
0.4729044952
0.4770346363
0.4820505262
0.4890697504
0.4968094865
0.5077221384
0.520060105
0.537723936
0.5584283373
0.5882845814
0.6258174518
0.6811509867
0.759031002
0.8825335077
1.09036801
1.50019451
0.5118881853
0.4996580513
0.4922058974
0.4873929662
0.4846088647
0.4831158739
0.480837847
0.4778587585
0.4744523143
0.4704802002
0.4671403696
0.4654959877
0.4649854473
0.4656983407
0.467095698
0.4692785393
0.4728117975
0.4768764313
0.4819081728
0.4888469386
0.4965445366
0.5075475074
0.5198996881
0.5375226776
0.5581436099
0.5878562131
0.6254351992
0.6806467522
0.7584400734
0.8818125952
1.08951873
1.499395645
0.5123941461
0.4999618098
0.4923365394
0.4875188883
0.4847765866
0.483367476
0.4809307414
0.4780006519
0.4748177238
0.4708852801
0.467249597
0.4655064753
0.4649584781
0.4654424262
0.4668671345
0.4691840592
0.4726330141
0.4765015179
0.4816843287
0.488604354
0.4963871473
0.5072412107
0.5195559424
0.5371176115
0.5577769194
0.5875269297
0.6249578664
0.6801085415
0.7577881916
0.8810177996
1.088578353
1.498586926
0.5006682669
0.4925829954
0.487876362
0.4852523621
0.4839432685
0.4813565713
0.4784980149
0.4751568365
0.4711125967
0.4673113714
0.4654852401
0.4648967669
0.4652406964
0.4666430629
0.4689371122
0.4723809024
0.4763197923
0.4815482787
0.4883515492
0.4960364944
0.5069611909
0.5193433997
0.5368494816
0.5574337363
0.5869655569
0.6244258759
0.6794288502
0.7569824726
0.8800366459
1.087467643
1.497874735
0.4928354059
0.4881221672
0.4855838137
0.4843016446
0.4815342731
0.4787635563
0.4755661958
0.4715316281
0.4673659692
0.4654228095
0.4647478519
0.4648748263
0.4663618283
0.4688219441
0.4721769637
0.4758780453
0.4812355163
0.4879634468
0.495834636
0.5065944762
0.5188200316
0.5362329082
0.5568386437
0.5864300116
0.6237004818
0.6785609669
0.7559358831
0.8787609181
1.086056836
1.497067866
0.4936046528
0.4886492541
0.48618102
0.4849232372
0.4821022721
0.4795507007
0.476155287
0.4717224834
0.4673797659
0.4653366317
0.4646161777
0.4645918437
0.4662090573
0.4685328329
0.4717288905
0.4756434728
0.4810509005
0.4876530816
0.4953138633
0.5060840793
0.5185240586
0.5358447341
0.5563412326
0.5855418921
0.6227798822
0.6774044648
0.7545479552
0.8770814301
1.084284108
1.495986151
0.4890847188
0.4866850872
0.4854257886
0.4825545767
0.479958552
0.4765280581
0.4721338426
0.4673991145
0.4651920687
0.4643314423
0.4642111038
0.4658813499
0.4682483492
0.4714670693
0.4751799744
0.4805945282
0.4870032113
0.4950150094
0.5056316438
0.5176959202
0.5347898802
0.5552735375
0.5845628875
0.621567568
0.675891687
0.752726355
0.8749019256
1.081972237
1.494379966
0.487421668
0.486190332
0.4832835309
0.4809118446
0.4773423318
0.4724409454
0.4674005152
0.46502271
0.4640687163
0.4639251543
0.465703364
0.4678945821
0.4707968978
0.4747573658
0.4802257021
0.4866072522
0.4943228339
0.5046764739
0.5171126465
0.5341966721
0.5545259065
0.5831570818
0.619935209
0.6738648601
0.7503006832
0.8720133898
1.078930976
1.491948641
0.4868877947
0.4840290546
0.4815923654
0.4778080209
0.4729230759
0.4673966802
0.4648017896
0.4637284038
0.4635419527
0.4652495291
0.467304107
0.4704648422
0.4742647475
0.479589123
0.4855653402
0.4935821852
0.5040240793
0.5159932544
0.5323770268
0.5525589586
0.581258414
0.6178047659
0.6712015082
0.7471057051
0.8682476294
1.074756882
1.488354823
0.4850315302
0.482745832
0.4789113537
0.4734580154
0.4673932231
0.4645594395
0.4633819978
0.4631667278
0.4649059266
0.4668663322
0.4695935782
0.4735145731
0.4787565389
0.4849039178
0.4927587165
0.5024638412
0.5144919055
0.5312864285
0.5513412097
0.5790755113
0.6149546419
0.667613742
0.7428442257
0.8631212524
1.068993547
1.483186969
0.4837882177
0.4796472771
0.474107524
0.4674144473
0.4642957052
0.4629821019
0.4627070115
0.4642704675
0.4658657051
0.4689506391
0.4727973476
0.4778658282
0.4834608554
0.4911634704
0.5010693534
0.5130750934
0.5286670854
0.5478493379
0.575342188
0.6109916556
0.6628722564
0.7371484645
0.8562679929
1.060927943
1.475846318
0.4812130686
0.4749824847
0.4674699441
0.4640076698
0.4625120301
0.4621495382
0.4635413063
0.4652276676
0.4679157852
0.4716042984
0.476286317
0.4820391833
0.4899109717
0.4989429617
0.5101514451
0.5257407263
0.5452875099
0.5718607079
0.6061988094
0.6565546439
0.7294605704
0.8466642025
1.049575387
1.46547404
0.4824572892
0.4757993582
0.4675540037
0.463683496
0.4619598784
0.4614865992
0.4626707847
0.4638029308
0.4666841888
0.4702318047
0.4748239799
0.4801943509
0.4872019144
0.4958651334
0.5074821925
0.5222007885
0.5399358364
0.5650413976
0.5985898147
0.6477793914
0.7188456017
0.8335263973
1.033752479
1.450588406
0.4771528794
0.4676797343
0.4632838927
0.4612834057
0.4606468265
0.4613579289
0.462679621
0.4652524618
0.4684196175
0.4723706604
0.4773720523
0.4845111173
0.4928047654
0.5029995069
0.5162407535
0.533963612
0.5585198693
0.5904081478
0.6366797883
0.704588199
0.8150880677
1.011052758
1.42892297
0.4628563872
0.4604356847
0.4595743498
0.4600482949
0.4607876453
0.4631879867
0.4659185151
0.4696506194
0.4745662011
0.4805211383
0.4873481834
0.4972095458
0.5101688794
0.5260026832
0.5473829849
0.5763986896
0.6199381363
0.6840874577
0.7892223069
0.9791723111
1.396675335
0.4595229982
0.4584271761
0.4582714682
0.4590379929
0.4610537948
0.4633330583
0.466504807
0.4703085984
0.4756378946
0.4823760756
0.4910823147
0.5013823651
0.5153633983
0.535481641
0.5626908042
0.6020265712
0.6602678747
0.7573361563
0.936989619
1.351225342
0.4573305618
0.4569844174
0.4572822913
0.4589204605
0.4606828711
0.4632528664
0.4669601502
0.4715333897
0.4767056482
0.4840163027
0.4937298356
0.5064761894
0.5236427806
0.5467450833
0.5816575374
0.6344615556
0.7234248893
0.8924566417
1.300186372
0.4557533945
0.4558672982
0.4571650444
0.4585845824
0.4609221585
0.4636924108
0.4674894297
0.4723926815
0.4790796279
0.4869815662
0.4977509811
0.5132602813
0.5347441541
0.5664453466
0.6140321821
0.6952063704
0.8521045344
1.248180861
0.4547367473
0.4557425573
0.45680991
0.4585827114
0.4612506405
0.4646359066
0.4685313504
0.474079532
0.4813915152
0.4913665122
0.5050448877
0.5235805766
0.5517949183
0.5950436869
0.6693769796
0.8155478257
1.197152756
0.4545304528
0.4553526963
0.4570365665
0.4590412218
0.461847982
0.4654944839
0.4706617803
0.4768239187
0.4853687366
0.4977522018
0.5151010308
0.5411550279
0.5806857372
0.6491146943
0.7849911106
1.152482168
0.4541997282
0.4554264006
0.4573814221
0.4599248771
0.4629091275
0.467274703
0.4729926242
0.4810028109
0.4922107821
0.5075560017
0.5311479851
0.5675806692
0.6309443652
0.7573470086
1.081615621
0.4532323385
0.454431709
0.4559181787
0.4580584812
0.4608630267
0.4649812897
0.4699479011
0.4769798961
0.4872795852
0.50181275
0.5239777168
0.5578834653
0.6170727197
0.7352284835
1.052729224
0.4533537989
0.4548146986
0.4567852431
0.4591486859
0.462723353
0.4673837102
0.4740576545
0.4835889088
0.4967783302
0.5172688124
0.5490601177
0.6047192027
0.7158619259
0.997087997
0.4538477583
0.4555523721
0.4577887549
0.461199582
0.4653619069
0.4713773319
0.4802938299
0.4929427556
0.512495819
0.5426012181
0.595426401
0.7006788271
0.9728916356
0.4531213495
0.4547112524
0.4566519219
0.4596979162
0.4636553679
0.4694320569
0.477841108
0.4895913735
0.5080202344
0.5367074867
0.5871440379
0.6875713679
0.9459930967
0.4538946797
0.4557495716
0.4586859996
0.4623110136
0.4676463362
0.4756441767
0.4870375195
0.5048496759
0.5324178166
0.580960787
0.6774124733
0.9271999376
0.4533374332
0.4549937758
0.4576859317
0.4611750087
0.466351219
0.4740119299
0.4848042086
0.5018644528
0.528486442
0.5754307484
0.668642331
0.9110676853
0.4527963471
0.4543947048
0.4570127678
0.4602791428
0.4651597115
0.4725461962
0.4831027247
0.4997556888
0.5256345576
0.5713188775
0.6618725163
0.8973406735
0.4538915084
0.4563457107
0.4595217866
0.4642961464
0.4714578002
0.4816119697
0.4977622093
0.5230100699
0.5676271463
0.6560124339
0.8861537851
0.4534924798
0.4558970284
0.4589236385
0.463499898
0.470478643
0.4804766491
0.4963568289
0.5211102445
0.5648887068
0.6515010799
0.8771446992
0.4531294143
0.455415225
0.458376405
0.4628754613
0.4696910353
0.4793965245
0.49491164
0.5192077129
0.5622126201
0.6472529104
0.8685111868
0.4527866085
0.4550285863
0.4578588328
0.4621845908
0.468840248
0.4784095893
0.4936895468
0.5175544611
0.5598283486
0.6433215483
0.8600191251
0.4524364767
0.4545620679
0.4573275939
0.4615769093
0.4680718574
0.4773530683
0.4922736282
0.5156889107
0.5572026539
0.6391512802
0.851663806
0.4541823042
0.4568171108
0.4608936669
0.4672293033
0.4763753007
0.4910625272
0.5140494866
0.5548376279
0.6352497836
0.8434416203
0.4537221433
0.4562924097
0.4602925048
0.466467778
0.4753261627
0.4896550678
0.5121945844
0.5522268374
0.6311039597
0.8353481256
0.4533472735
0.4557869223
0.4596147015
0.4656314349
0.47435585
0.4884534426
0.5105677069
0.5498804516
0.6272337125
0.8273803092
0.45526711
0.4590185592
0.4648752628
0.4733125007
0.4870529514
0.5087222497
0.5472839913
0.6231134323
0.8195341663
0.4547652939
0.4583448292
0.4640439283
0.4723486963
0.4858600412
0.5071074281
0.5449565187
0.6192769201
0.8118072835
0.4542493632
0.4577528202
0.4632922192
0.4713102188
0.4844657607
0.5052710189
0.542374807
0.6151848029
0.804195469
0.4570823094
0.462465182
0.4703524165
0.4832812007
0.503668113
0.5400667689
0.6113844246
0.7966965886
0.4564938983
0.4617173642
0.4693182021
0.4818926268
0.5018404815
0.5375000764
0.6073221182
0.7893066693
0.4558260848
0.4608942366
0.4683662069
0.4807163544
0.5002496678
0.5352123423
0.6035606906
0.7820241699
0.4601500156
0.4673359719
0.4793333632
0.4984310228
0.5326616378
0.5995311696
0.7748448294
0.4593386938
0.4663991089
0.4781770047
0.4968682025
0.5304175454
0.5958481569
0.7679171447
0.4653949739
0.4768302015
0.4951007022
0.5279459729
0.5919628139
0.761103874
0.4757002111
0.4935777201
0.5257693018
0.5884171715
0.7544038031
0.4743646642
0.491830192
0.5233363909
0.584621569
0.7478125004
0.4903308198
0.5212032341
0.581172306
0.7413287424
0.5188068595
0.5774616107
0.7349484337
0.574105485
0.728670874
0.5089701711
0.5218087529
0.5393361678
0.5611701755
0.5907110558
0.6301706736
0.6854038582
0.7659254034
0.8900402479
1.100680225
1.509863228
0.4660615118
0.4673650149
0.4704273797
0.4731822298
0.4779661752
0.482711944
0.4900480308
0.4978013248
0.5089131652
0.5217297634
0.5392995152
0.5610815305
0.5906180583
0.6300819399
0.685301028
0.7656991773
0.8898716488
1.100417893
1.509658666
0.4667111015
0.4651469677
0.4645539106
0.4645051258
0.4660456327
0.4673528891
0.4704007974
0.4731435676
0.4779457948
0.4826886546
0.4900022449
0.4977288325
0.5088854291
0.5216736443
0.5392217846
0.5609806076
0.5905680518
0.6299249337
0.685148866
0.7655427401
0.8896338469
1.100133213
1.509435578
0.4729697762
0.4693965253
0.4667333944
0.4651616512
0.4645620789
0.4645045661
0.4660253864
0.4673300327
0.4703833652
0.4731223022
0.4779054421
0.4826425475
0.4899665674
0.4976941214
0.5088230789
0.5215845931
0.5391859298
0.5609008529
0.5904495222
0.6298060203
0.6850384419
0.7652881705
0.8894111017
1.099830738
1.509186479
0.4775320178
0.4749990826
0.4729901338
0.4694231585
0.4667560297
0.4651751424
0.4645651406
0.4644989935
0.4660052386
0.4673188583
0.4703528254
0.4730763905
0.4778800359
0.4826211422
0.4899236092
0.4976179976
0.5087900993
0.5215364332
0.5390920423
0.5607798392
0.5903956396
0.629651624
0.6848444539
0.7650993812
0.8891419086
1.099493205
1.508904445
0.4814137154
0.4789237127
0.4775506519
0.4750240691
0.4730217382
0.4694594585
0.4667777258
0.4651878494
0.4645686441
0.464496822
0.4659843319
0.4672916127
0.4703254653
0.4730563926
0.4778442868
0.4825682414
0.4898746577
0.4975878351
0.5087310191
0.521434602
0.5390561535
0.5607092197
0.5902505869
0.6294962674
0.6847192126
0.7648219517
0.8888649895
1.099143958
1.50859872
0.4857330712
0.4814320799
0.4789432889
0.4775763064
0.4750642427
0.4730455895
0.4694863704
0.4668022676
0.4652001061
0.4645686124
0.4644897703
0.4659587961
0.4672794036
0.47029434
0.4730035663
0.4778096469
0.4825464205
0.48983683
0.4975079384
0.5086792402
0.5213907366
0.5389594825
0.5605629147
0.5901914477
0.6293460116
0.6844911807
0.7645944703
0.8885638598
1.098755765
1.508256893
0.4857830364
0.4814751469
0.4789763736
0.4776026398
0.4750923816
0.4730800637
0.4695346194
0.4668287537
0.4652121717
0.4645704381
0.4644865981
0.4659361141
0.4672452245
0.4702554651
0.4729821207
0.4777788643
0.4824841029
0.4897742571
0.4974760383
0.5086282048
0.5212768031
0.5388963934
0.5604983081
0.5900285373
0.6291505459
0.6843433128
0.7642972196
0.8882354214
1.098356333
1.507891478
0.4858170603
0.4814968257
0.4789987598
0.477633995
0.4751427822
0.4731136015
0.469566977
0.4668600095
0.4652265037
0.4645701441
0.4644766294
0.4659023405
0.4672303921
0.4702236213
0.4729234215
0.4777323818
0.4824600309
0.489741415
0.497396265
0.5085563428
0.5212321654
0.5388091325
0.5603297428
0.5899452966
0.6290020813
0.6840885659
0.7640275562
0.8878999445
1.097918987
1.507495754
0.4858786546
0.4815533316
0.4790465587
0.477674325
0.4751778569
0.4731523994
0.4696354665
0.4668961226
0.4652417767
0.4645718723
0.4644717855
0.4658772026
0.4671871062
0.4701706896
0.4728964285
0.4777059534
0.482391232
0.489664956
0.497352361
0.5085108722
0.5211076473
0.5387161066
0.5602618212
0.5897790799
0.6287680078
0.6839101578
0.7637101821
0.8875222475
1.09746701
1.507074147
0.4859273789
0.4815815134
0.4790737818
0.4777120973
0.4752410573
0.4732040341
0.4696777493
0.4669377524
0.4652612724
0.4645710544
0.4644573009
0.4658314631
0.4671685941
0.4701379814
0.4728351304
0.4776456451
0.4823536241
0.4896344751
0.4972759407
0.5084191394
0.5210556031
0.5386370826
0.5600711036
0.589656077
0.6286143717
0.6836339246
0.7633967766
0.8871489201
1.096981339
1.506625771
0.4859984734
0.4816554391
0.479144453
0.4777757361
0.4752903644
0.4732484449
0.4697766261
0.466990778
0.4652817865
0.4645717947
0.4644500195
0.4658032552
0.4671176283
0.4700677014
0.4727948214
0.4776199413
0.4822834549
0.4895454558
0.4972140793
0.5083750009
0.5209260425
0.5385117274
0.55999873
0.589493188
0.6283463684
0.6834188264
0.7630572413
0.8867248502
1.096476713
1.50614953
0.4860743879
0.4816992484
0.4791810645
0.477819653
0.4753659236
0.4733319743
0.4698395712
0.4670429835
0.4653059377
0.4645690327
0.4644294248
0.4657405093
0.4670858302
0.4700313442
0.4727342009
0.4775446211
0.4822241964
0.4895124785
0.4971406367
0.5082639778
0.5208518395
0.5384384041
0.5597809055
0.5893253824
0.6281782834
0.6831233541
0.7626995604
0.8863098858
1.095942216
1.505643292
0.4861474052
0.4817930108
0.4792831995
0.477918929
0.4754464252
0.4733882984
0.4699754451
0.4671212555
0.4653300898
0.4645660119
0.464416492
0.4657064957
0.4670325439
0.4699414602
0.4726737501
0.4775131426
0.4821532871
0.4894093828
0.4970540551
0.5082140103
0.5207212579
0.5382777756
0.5597021113
0.5891654783
0.6278796996
0.6828658556
0.7623328386
0.8858392971
1.095380315
1.505101692
0.4862786388
0.4818732568
0.4793371603
0.4779716251
0.4755293588
0.4735211723
0.4700856985
0.467167897
0.4653530174
0.4645563225
0.4643887403
0.4656209795
0.4669770662
0.4698939794
0.472615453
0.4774174608
0.4820645736
0.4893716631
0.496981687
0.5080838642
0.5206157798
0.5382063764
0.5594608281
0.5889464717
0.6276863074
0.682549779
0.7619293733
0.8853771037
1.094792111
1.504526661
0.486332646
0.4819689807
0.4794701975
0.4781214984
0.4756753417
0.4736160808
0.4702230677
0.4672997905
0.4653780425
0.4645374439
0.4643577428
0.4655746535
0.4669259942
0.4697847685
0.4725246513
0.4773767475
0.4819929589
0.4892482969
0.4968603832
0.5080181362
0.5204833478
0.538006668
0.5593510272
0.5887858451
0.627359001
0.6822446107
0.7615289648
0.884858477
1.094168148
1.503909572
0.4821255833
0.4795755751
0.478199611
0.4757633738
0.4737891825
0.47041097
0.4673256668
0.465385416
0.4645481361
0.4643253243
0.465464365
0.4668348674
0.4697097709
0.4724697609
0.4772595493
0.4818615141
0.4892023993
0.4967862353
0.5078689541
0.5203346819
0.5379281832
0.5590966218
0.5885110339
0.6271278689
0.6819034082
0.7610770243
0.8843426774
1.093519697
1.503254554
0.4821869043
0.4797033698
0.4783932062
0.4760262211
0.4739855999
0.4705274637
0.4674247444
0.4653792893
0.4645468688
0.4642597857
0.4653850322
0.4667842905
0.4695885304
0.4723395771
0.4771842746
0.4817892885
0.4890625052
0.4966158364
0.5077717161
0.5201974876
0.5376859408
0.5589322182
0.5883404962
0.6267710675
0.6815442593
0.7606338463
0.8837709123
1.092825039
1.502547127
0.4824390348
0.4799361143
0.4785945538
0.4761343059
0.4741362276
0.4707227973
0.4674713649
0.4654172294
0.4644439215
0.4641841582
0.4652580643
0.4666531259
0.469457668
0.4722804636
0.4770558656
0.4816065377
0.4889767622
0.4965314588
0.5076064863
0.5199919695
0.5375863104
0.5586678558
0.5880065106
0.6264881399
0.6811703107
0.7601288048
0.8831933254
1.092107077
1.501806523
0.4824963618
0.4800434647
0.4787746321
0.4764566951
0.4744679657
0.4708540076
0.4675621967
0.4653375612
0.4644136601
0.464090431
0.4651365147
0.4665827473
0.4693343821
0.4721086468
0.4769109144
0.4815211725
0.4888337509
0.4963024435
0.5074556223
0.5198439286
0.5372964346
0.5584323945
0.5878130113
0.6261005651
0.6807517997
0.7596339272
0.8825635627
1.091337297
1.501015822
0.4827772094
0.4804072007
0.4791918391
0.4767416022
0.4745891175
0.4709892759
0.4675236974
0.4653208801
0.4642942296
0.4640360311
0.4649885882
0.4664196421
0.4691236411
0.4720406631
0.4767803155
0.4812936263
0.4886756942
0.496192236
0.507282878
0.5195732452
0.5371666037
0.5581593254
0.5874214472
0.6257538476
0.6803377154
0.759073202
0.8819193331
1.090548123
1.500217722
0.4829208107
0.4805847689
0.4794198366
0.476989312
0.4749435779
0.4711545475
0.4674929777
0.4651765362
0.4642241444
0.4638838753
0.464773273
0.4662882872
0.4690100078
0.4718522697
0.4765374508
0.4811795251
0.4885387488
0.4959199494
0.5070591408
0.5194059627
0.5368349499
0.5578420411
0.587190632
0.6253376452
0.6798595964
0.7585214199
0.8812303284
1.089709008
1.49939075
0.483228114
0.4810868065
0.479987691
0.4774717059
0.4751605559
0.471163521
0.4673734611
0.4651337106
0.4640678871
0.463757227
0.4645941356
0.4661426785
0.4687349407
0.4717142188
0.4764007174
0.4809511996
0.4882978237
0.4957516492
0.5068869711
0.5190814288
0.536655924
0.5575642916
0.5867557274
0.6249246165
0.6794022042
0.7579084145
0.8805217596
1.088860738
1.498611756
0.4814954313
0.4803205951
0.4776623445
0.475390169
0.4713032413
0.4673289681
0.4649532125
0.4638923502
0.4635319294
0.4643327834
0.4659357325
0.4685978142
0.4715501419
0.4760808712
0.4807668413
0.4881476363
0.4954700445
0.5065898504
0.5188786149
0.5362740267
0.5571595152
0.5864650411
0.6244657826
0.6788460822
0.7572693779
0.8797375942
1.08792327
1.497790372
0.4819776381
0.480880446
0.4782505996
0.4757703426
0.4713056719
0.4672236885
0.4648374836
0.4637114412
0.4633527759
0.464130027
0.4658161982
0.4683040888
0.4713009568
0.4759154696
0.4805597693
0.4878136586
0.495208078
0.5063877333
0.5184556252
0.5360342655
0.5568298374
0.5859125748
0.6238899502
0.6782275931
0.7564480896
0.8787773575
1.086818096
1.49709378
0.4813925756
0.4784996271
0.4759361064
0.4715345006
0.4671468838
0.4646153252
0.4634621036
0.4630920676
0.4638679273
0.4655338951
0.4680600204
0.4711422725
0.4755052169
0.480259666
0.4876060049
0.4948919244
0.5059398733
0.5181824957
0.5354368377
0.5561827781
0.5854176286
0.6232042145
0.677342884
0.7554135961
0.8775251155
1.085415518
1.496298806
0.4819247679
0.4791329763
0.4765351247
0.4716148046
0.4670925327
0.4644862644
0.4632801545
0.4628943152
0.4636261802
0.4653844498
0.4677674801
0.4707712199
0.4752908079
0.4800570952
0.4871455659
0.4944458134
0.5056505388
0.5175146286
0.5350948003
0.5557101725
0.5845670305
0.6222019117
0.6762689116
0.7540102952
0.8758721703
1.083645987
1.49523375
0.4796398125
0.4767822441
0.4719539702
0.4670715701
0.464294266
0.4630166622
0.4626085856
0.4633530067
0.4650303315
0.4673664728
0.4705715123
0.4748133799
0.4795592544
0.4867362258
0.4940619139
0.5049248428
0.5171041708
0.5340523784
0.5545685648
0.5836081917
0.6210636586
0.674747256
0.7521876449
0.8737285486
1.081343472
1.493645185
0.4803556238
0.4775887453
0.4722884779
0.4671303171
0.4641938264
0.4628236617
0.4623882087
0.4630428344
0.4647706776
0.46705682
0.4700276869
0.4743678404
0.479277895
0.4861433866
0.4933042071
0.5044622701
0.5159781132
0.533529104
0.5538614305
0.5823098183
0.6193009512
0.6728085813
0.7497577547
0.8708755991
1.078302508
1.491238047
0.4780838806
0.4728262648
0.4672444063
0.4640128536
0.4625286935
0.4620564066
0.4627053175
0.4643322186
0.4664304755
0.4697573275
0.4738428879
0.4784326079
0.4853307511
0.4927687553
0.5032409523
0.5153360116
0.5319748494
0.5517212933
0.5803566748
0.6172751756
0.6701790833
0.7465399717
0.8671563927
1.074146614
1.487664858
0.4791579633
0.4735249518
0.46740945
0.4639542288
0.4623540467
0.4618192145
0.4622933441
0.4638605715
0.4660628328
0.4689621623
0.4729435733
0.4780187771
0.484610264
0.4914870906
0.5024376748
0.5135174207
0.5304485799
0.5505938447
0.5784583248
0.614287704
0.6666411718
0.7422889324
0.8620906525
1.068377069
1.482526367
0.4742832558
0.4676844755
0.4638795489
0.4620128345
0.4613941606
0.4617870524
0.4633041399
0.4651031159
0.4684332973
0.4723613416
0.4768065428
0.4830057111
0.4905742882
0.5003941868
0.5120857636
0.528494977
0.547183761
0.5745029406
0.6103520881
0.6620198718
0.7365731914
0.8552771538
1.06034198
1.475210079
0.468189284
0.4638709778
0.4618146816
0.4611073612
0.4612330318
0.4624942243
0.4646008526
0.4674495653
0.4706817693
0.4756265271
0.4820517618
0.4885017225
0.4988189442
0.5095153309
0.5250563918
0.5442121277
0.5713701223
0.6055950903
0.6557170543
0.7288679198
0.8457807137
1.048983808
1.464876188
0.4686900009
0.4639198266
0.4614749726
0.4605429549
0.4604134305
0.4617328497
0.4631120153
0.466077625
0.4698303092
0.474270953
0.4793087231
0.4866740045
0.4956211558
0.5062040578
0.5218900742
0.5395354423
0.5645166174
0.5978139236
0.6470598314
0.7183075721
0.8326723344
1.033197455
1.450024453
0.463973737
0.4612274191
0.4600267821
0.4596903324
0.4603879554
0.4623658055
0.4649460409
0.467491408
0.47150877
0.477561923
0.4834391261
0.4923192155
0.5024797113
0.5161050921
0.5327602251
0.5578765871
0.5898235164
0.6361051686
0.7039755245
0.8143669442
1.010520506
1.428409477
0.4608458833
0.4591883694
0.4584767473
0.4593965472
0.4600678367
0.4623319246
0.4652814273
0.4697954785
0.4735287463
0.4797531698
0.4874999257
0.4961546324
0.5094960542
0.525524447
0.5473618683
0.5757601353
0.6193016655
0.6835884295
0.7885680282
0.9786763375
1.39620655
0.4584132588
0.4577501009
0.4575421221
0.4589846754
0.4608565372
0.4628936821
0.4654279409
0.4701110004
0.4751847523
0.4818153709
0.4902686549
0.501617429
0.5146012549
0.5347969433
0.5619063392
0.6016702417
0.6597596727
0.7567873774
0.9365582478
1.350810819
0.456475483
0.4566818367
0.456802856
0.4580985795
0.4598921517
0.4635229649
0.4662824118
0.4707880819
0.4766938937
0.4833517466
0.4932459556
0.5057366199
0.5236153401
0.5463476444
0.5812503417
0.6340023647
0.7229492493
0.892066577
1.299955957
0.4552800994
0.4559874654
0.4569887506
0.4583505962
0.4601447949
0.4632123892
0.4671369634
0.4720038913
0.4782676568
0.4870978352
0.4971843576
0.5128314032
0.534028698
0.5661376699
0.613610786
0.6947934086
0.8517396721
1.246988851
0.4546157014
0.45517296
0.4561666537
0.4587387226
0.4607081288
0.4640317668
0.4684252237
0.4735077299
0.4810855607
0.490653283
0.5049672898
0.5232234218
0.5515061722
0.5946495879
0.6690045994
0.815312507
1.201821676
0.4545226832
0.4552203136
0.456464205
0.4585615302
0.4615044963
0.4651868277
0.4699233819
0.4768783948
0.4848519152
0.4974503709
0.5144847528
0.54089015
0.5803207679
0.6487800266
0.7845842976
1.137980369
0.4537677399
0.4555246038
0.4568682024
0.4594160645
0.4627708742
0.4667220669
0.4727854658
0.480351511
0.492115447
0.5072049018
0.5309136038
0.567235035
0.6306328911
0.7571646098
1.099580863
0.4540454157
0.455426731
0.4577307613
0.4606026484
0.4643038413
0.4699697448
0.4764792124
0.4870450516
0.5012742425
0.5237456015
0.5575569394
0.6167845045
0.7349419699
1.036635158
0.453446995
0.4543421318
0.4563592237
0.4589998562
0.4621758737
0.4672345106
0.4734585203
0.4834857213
0.4964258662
0.5170621247
0.5487471588
0.6044461827
0.7156514364
1.009254586
0.4534056296
0.4552239584
0.4575624324
0.4605666777
0.4653630975
0.4708840761
0.4800986495
0.4924595707
0.5122864479
0.5423007509
0.5951670447
0.7004590514
0.9669927757
0.4527019465
0.4543171204
0.456502087
0.4591528358
0.4635412142
0.4688709005
0.4777329452
0.48923619
0.5078291323
0.5364162834
0.5868948465
0.6873631152
0.9455609583
0.4535722082
0.4555496662
0.4580837514
0.4622977043
0.4671574712
0.4754737262
0.4865925673
0.5046555146
0.5321348734
0.5807202061
0.6772129987
0.9268820907
0.4529763739
0.4548480403
0.4571421075
0.4610836364
0.4658164556
0.4739001696
0.4844464711
0.5016827702
0.5282097538
0.5751968476
0.6684497848
0.9108118149
0.4542157636
0.4564306448
0.4602558676
0.4646737669
0.4723922632
0.4826838636
0.4995715973
0.5253633867
0.5710906025
0.661685527
0.8971188656
0.4537483696
0.4558021698
0.459445605
0.4637793717
0.4713434825
0.4812521935
0.497586483
0.5227430992
0.5674032638
0.6558299971
0.8859533896
0.4533267874
0.455327666
0.4588935274
0.4630159601
0.470335642
0.4800754609
0.496179384
0.520846972
0.564668527
0.6513222923
0.8769572175
0.4529900749
0.4548734093
0.4583075836
0.4623691764
0.4695770939
0.4790387176
0.4947404663
0.5189478425
0.5619961157
0.6470782877
0.8683362512
0.4544641485
0.4578303351
0.4617068774
0.468701003
0.4780154661
0.4935170728
0.517298277
0.5596158284
0.6431516324
0.8598542478
0.4540237837
0.4572607232
0.4610770424
0.4679610939
0.4770015976
0.4921071467
0.5154360639
0.5569938636
0.6389859024
0.8515075771
0.4536213001
0.4567902127
0.4604217508
0.4670926699
0.4759870674
0.490894406
0.5137999931
0.5546324304
0.6350887197
0.8432931982
0.4531865172
0.4562268157
0.459798252
0.4663595014
0.4749803851
0.4894925503
0.5119481196
0.5520250299
0.6309470996
0.8352069992
0.4557611686
0.4591479393
0.4654967744
0.4739729243
0.4882890901
0.5103243841
0.5496819853
0.627080936
0.8272461027
0.4552022921
0.4585293433
0.4647690279
0.472971972
0.4868938985
0.5084817268
0.5470886532
0.6229645534
0.8194066223
0.4547402763
0.4578827557
0.4639108099
0.4719706683
0.485699053
0.5068698957
0.5447643276
0.6191319109
0.8116862005
0.4541848444
0.4572682575
0.4631877381
0.4709746283
0.4843098275
0.5050361293
0.5421855756
0.6150435025
0.8040806884
0.456624627
0.4623333059
0.4699790078
0.4831233079
0.5034361148
0.5398805517
0.6112468473
0.796587955
0.4560137715
0.4616144355
0.4689873392
0.4817395626
0.5016110025
0.5373166817
0.607188065
0.7892040513
0.4607633692
0.4679972266
0.4805613571
0.5000230101
0.5350318514
0.6034302158
0.7819274459
0.4600484834
0.4670096967
0.4791829738
0.4982067951
0.5324838727
0.5994040881
0.7747538855
0.4660348091
0.4780247623
0.496646714
0.5302425514
0.5957244687
0.7678316676
0.4650727087
0.4766822469
0.4948814907
0.5277735342
0.5918422688
0.7610236867
0.4755505134
0.4933611472
0.5255994937
0.5882998008
0.7543287359
0.4742190416
0.4916157975
0.5231690356
0.5845071736
0.7477423917
0.4901189913
0.5210383977
0.5810609124
0.7412634683
0.5186444837
0.5773531697
0.734887848
0.5739998879
0.7286148336
0.5083837617
0.5209278411
0.5388125747
0.5601597163
0.590217934
0.6290391183
0.6848764867
0.7647032744
0.8893957193
1.09954367
1.509294607
0.4671302465
0.4691994218
0.4729184135
0.4772212632
0.4821508167
0.4893571625
0.497085789
0.5083351962
0.5208534591
0.5387677456
0.5600862337
0.5901024331
0.6289459729
0.684768109
0.7645048233
0.8892006988
1.099296782
1.509085891
0.4660572722
0.4641722835
0.4634904296
0.4646251501
0.4670997823
0.4691219818
0.4729728135
0.4771499247
0.4821427852
0.4893218242
0.4970500326
0.5082588094
0.5208163267
0.538672687
0.559995067
0.5900446038
0.6288250238
0.6846018039
0.764340282
0.8889698999
1.099013665
1.508861334
0.4763841396
0.4734458807
0.4697609403
0.4659961623
0.4641141955
0.4634413252
0.464652747
0.4670410223
0.4690835634
0.4730272345
0.4770869975
0.4821257034
0.4892601824
0.4970019565
0.5082115109
0.5207373853
0.5386292888
0.5599307026
0.5899074398
0.6286984663
0.6844757657
0.7641175637
0.8887249051
1.098722658
1.508609362
0.4806377176
0.4788183999
0.4764265714
0.4734681123
0.4697220338
0.4659534107
0.4640648673
0.4634033248
0.4646819416
0.4670033503
0.4690416152
0.4730579343
0.4770079539
0.4821228727
0.4892188699
0.4969708023
0.5081307714
0.5207023026
0.5385263349
0.559815637
0.5898471336
0.6285780856
0.6842802936
0.7639164019
0.8884605592
1.098388965
1.508325298
0.4806817005
0.4788725867
0.4764648849
0.4734832335
0.4696576647
0.4658901589
0.4640073311
0.463366297
0.4647016704
0.4669358692
0.4690239543
0.4730864456
0.4769438456
0.482114142
0.4891537991
0.4969142498
0.5080830593
0.5206153324
0.5384705841
0.5597589914
0.5896966928
0.6284152062
0.6841296071
0.7636709625
0.8881669322
1.098047564
1.508017587
0.4807264243
0.4789287941
0.4765026528
0.4734880889
0.4696060386
0.465845527
0.4639591723
0.4633344786
0.4647190795
0.4668950028
0.4690073734
0.4730923968
0.476860786
0.4821105306
0.4891019984
0.4968863937
0.5079970589
0.5205805403
0.5383710658
0.5596214905
0.5896127637
0.6282918942
0.6839114983
0.7634312184
0.8878670426
1.097665095
1.507673758
0.4807822155
0.4789905895
0.4765371557
0.4734810939
0.4695328545
0.4657716525
0.4638946719
0.463296992
0.4647421181
0.4668246192
0.4690020588
0.4730885356
0.4767960769
0.4821081971
0.4890323685
0.4968215933
0.507947002
0.5204829556
0.5382899027
0.5595643321
0.589461776
0.6280961421
0.6837306862
0.7631625852
0.88752772
1.097270859
1.507306883
0.4808381501
0.4790559891
0.476567962
0.4734684203
0.4694636052
0.4657256623
0.4638415629
0.4632624646
0.4647607342
0.466781247
0.4690039022
0.4730758935
0.4767128645
0.482102416
0.4889656551
0.4967958089
0.5078539454
0.5204467005
0.5381981784
0.5594069412
0.5893437108
0.6279628194
0.683493794
0.7628840958
0.8871896565
1.096840292
1.506909368
0.480913087
0.4791266333
0.4765931286
0.4734462182
0.4693861451
0.4656364096
0.4637544192
0.4632259451
0.4647955955
0.4667096504
0.4690100101
0.4730324374
0.4766474242
0.4821045533
0.4888899307
0.4967230421
0.5077993099
0.5203358909
0.5380888604
0.5593458967
0.5891953429
0.6277390918
0.6832786655
0.7625895614
0.8868060838
1.096391832
1.506486188
0.4809847155
0.4791984165
0.4766084737
0.4734006332
0.4692926357
0.4655727276
0.4636920416
0.4632265056
0.4648207625
0.466662722
0.4690175563
0.4729973433
0.4765697734
0.4820903384
0.4888029143
0.4966981385
0.5076964302
0.5202971228
0.5380044152
0.5591662862
0.589039884
0.6275879433
0.6830241021
0.7622726664
0.8864271933
1.095913237
1.506036955
0.4810773896
0.4792756213
0.4766015824
0.4733567738
0.4692101593
0.4654470772
0.4635908879
0.4632417193
0.4648694796
0.4665879769
0.4690272123
0.4729274962
0.4765027641
0.4820909056
0.4887195655
0.4966175409
0.5076346873
0.5201752335
0.5378629229
0.5591006946
0.5888932631
0.6273405206
0.6827722293
0.7619493048
0.8860009361
1.095411642
1.505558751
0.4811789777
0.4793354808
0.476582443
0.4732683117
0.4690510051
0.4653348925
0.4635955039
0.4632873395
0.4649010844
0.4665336615
0.4690389199
0.4728738694
0.4764330102
0.4820652495
0.4886065594
0.4965920453
0.507518488
0.5201215184
0.5377845307
0.5588974389
0.5886967731
0.6271635712
0.6824987456
0.7615938834
0.8855787265
1.094883619
1.505052653
0.4812881703
0.4793955978
0.4765428501
0.4731769098
0.4688919153
0.4652943757
0.4636561876
0.4633645531
0.4649678231
0.466454682
0.4690542543
0.4727792859
0.4763611531
0.4820585277
0.4885141073
0.4965023128
0.5074439006
0.5199950923
0.5376067381
0.5588192259
0.5885490916
0.6268947608
0.6822072297
0.7612368843
0.8851079487
1.094324948
1.504507992
0.4813937202
0.4794231038
0.4764504982
0.4730254539
0.4687056772
0.4653396747
0.4638381686
0.4635399152
0.4649982181
0.4663908005
0.4690723031
0.4726996866
0.4763009499
0.4820082202
0.4883674496
0.4964748348
0.5073103941
0.5199119623
0.5375300547
0.5586026632
0.588307432
0.6266829103
0.6819109285
0.7608409502
0.8846383636
1.09374221
1.503935007
0.4814942316
0.4794055696
0.4763588881
0.4728837605
0.4686147057
0.465499949
0.4640880584
0.4637502662
0.4650714961
0.466318049
0.4690987654
0.4725772804
0.4761983227
0.4819889788
0.4882651965
0.4963725909
0.5072124593
0.5197835753
0.5373133549
0.5584815937
0.5881516789
0.6263933164
0.6815765267
0.7604448504
0.8841202035
1.093122492
1.503313574
0.4815641087
0.4793563893
0.4761742203
0.4727144194
0.4686897567
0.4658133094
0.4643599417
0.4639596817
0.4650728147
0.4662581311
0.4691237744
0.4724556279
0.476122553
0.4819090202
0.4880721506
0.4963405648
0.5070564621
0.5196619658
0.5372268274
0.5582607274
0.5878635266
0.6261361356
0.6812510053
0.760004731
0.8835980431
1.092478012
1.502662546
0.4816199361
0.4792595499
0.4760282049
0.4727057114
0.4689181194
0.4661489368
0.4646005623
0.4641347825
0.4650496466
0.4662378704
0.4691636651
0.4722829166
0.4760044362
0.4818587897
0.487959173
0.4962199992
0.5069190378
0.5195289465
0.5369670732
0.5580831939
0.5876874194
0.6258233348
0.6808688755
0.7595616088
0.883026199
1.091788809
1.501948591
0.481611884
0.4791320673
0.4758875339
0.4728154882
0.4694890177
0.4665151193
0.4648405133
0.464304295
0.4649834544
0.4662070513
0.4691638375
0.4720810189
0.4759581638
0.4817490295
0.4877073607
0.4961791967
0.5067345842
0.5193585851
0.5368579801
0.5578563874
0.5873511243
0.625509317
0.6805050059
0.7590718008
0.8824443652
1.091073426
1.501215264
0.4815602121
0.4789387571
0.4759287564
0.4732368988
0.4699795857
0.4668329277
0.4650173051
0.464407923
0.4648353909
0.4662145787
0.4691303666
0.4718606257
0.4758591663
0.4816059208
0.4875838895
0.4960322314
0.5065358255
0.5192176329
0.5365479149
0.5576082817
0.5871393763
0.6251698609
0.6800713043
0.7585741244
0.8818133979
1.090310957
1.50041558
0.4815228631
0.4788813253
0.4761517857
0.473583266
0.4706597074
0.4671368532
0.4651762543
0.4644941391
0.4646966272
0.4662223633
0.4690025254
0.4715838442
0.4758389787
0.4814540352
0.4872844784
0.4959746222
0.5063209327
0.5189926205
0.5364063116
0.5573752562
0.5867579307
0.624790774
0.6796601719
0.7580310586
0.8811676992
1.089522779
1.499628441
0.481500355
0.4789089672
0.4764985873
0.4744845542
0.4711320827
0.4673684176
0.4652776014
0.4645235893
0.4644943682
0.4662410331
0.4688550833
0.4713570318
0.4757419304
0.4811739153
0.487155344
0.4957928885
0.5060430397
0.5188410132
0.536049875
0.5570493023
0.5864952294
0.6244229619
0.6791760069
0.757475178
0.8804758389
1.088693071
1.498788772
0.4815990054
0.4791719105
0.4773916911
0.4749458858
0.4714644697
0.4676036785
0.4653716003
0.4644932111
0.4643722519
0.4662321734
0.4685533011
0.4710581558
0.4757046421
0.4809736989
0.4868544579
0.4956990978
0.5058066719
0.5185715466
0.5358573843
0.5568113595
0.5860823478
0.6239819718
0.6787137524
0.7568812396
0.8797693794
1.087844645
1.498026642
0.4796560442
0.4778743416
0.4755770985
0.4719979152
0.4678055599
0.4654012549
0.4644178028
0.4642540946
0.4661688775
0.4682396638
0.4709059355
0.47556499
0.4805684567
0.4867216959
0.4954638164
0.505449555
0.5183986377
0.535446732
0.5564065765
0.5857482968
0.62357041
0.6781635776
0.7562416043
0.8789841709
1.086924883
1.497191349
0.4802198638
0.4788937106
0.4761532181
0.4721935943
0.467942114
0.4654119147
0.4643646429
0.4641867073
0.4660688564
0.4678662706
0.4706494124
0.4754543487
0.4803241899
0.486434343
0.4953106433
0.5051780377
0.5180481727
0.5351886914
0.5561214373
0.5852357873
0.6229762221
0.6775337195
0.7554491273
0.8780371836
1.085823224
1.496508149
0.4810313634
0.4794642613
0.4764702946
0.4727316504
0.468115933
0.4654331017
0.4642971699
0.4640808141
0.4658317443
0.4674447005
0.4705616793
0.475234312
0.4797729378
0.4862738497
0.4949547224
0.5046580044
0.5178203524
0.5345789901
0.5554811345
0.5846688477
0.6223440651
0.676672269
0.7544198216
0.8767801563
1.084452786
1.495714245
0.4803106323
0.4771617426
0.4730154339
0.4682517983
0.465439513
0.4642305815
0.4639758406
0.4655917997
0.4670873979
0.4703197622
0.4748764354
0.4794898739
0.4859629672
0.4946317354
0.5043112656
0.517245624
0.5341415772
0.5550700482
0.5838884828
0.621341899
0.6755632529
0.7530514229
0.8751533914
1.082682235
1.49466617
0.4810089056
0.4774800614
0.4735813253
0.4684753477
0.4654995976
0.46416248
0.4638268289
0.4652178072
0.466612422
0.4702102248
0.4745500704
0.4787817327
0.485692596
0.4940928093
0.5035059067
0.5169122673
0.5332648487
0.5539274663
0.5828083905
0.6202413375
0.67409152
0.7512502388
0.8729858448
1.080428662
1.493081317
0.4818314017
0.4784005549
0.4740977281
0.46871074
0.4655303968
0.4640546205
0.4636431389
0.4648171318
0.4663064826
0.4699006716
0.473824496
0.4784729923
0.4853001332
0.4933915389
0.503055705
0.5159856415
0.5322590815
0.5533029528
0.5816264828
0.618545669
0.6720885348
0.748839737
0.8701875639
1.077383509
1.490694877
0.4788982373
0.4748263974
0.4690592229
0.4656203906
0.4639412379
0.4634124832
0.4643560804
0.4657851129
0.4695260995
0.4733543776
0.4775595784
0.484687213
0.4925798078
0.5017753251
0.5152004794
0.5310959795
0.5513713281
0.5794994199
0.6164812696
0.6695187092
0.7457011244
0.8664130757
1.073292996
1.487126447
0.4803268262
0.4757966199
0.4694643695
0.4656418578
0.4637557942
0.463055446
0.4637807401
0.4654313549
0.4690611409
0.4721569812
0.4772016395
0.4841051319
0.4912506151
0.5011442315
0.5138629252
0.5290309138
0.5500480794
0.5776465704
0.613706136
0.6659456907
0.7414048348
0.861438671
1.067528466
1.482007095
0.4769789805
0.4698779302
0.4657178934
0.4636804953
0.46271045
0.4632648962
0.4648164702
0.468121749
0.4715175927
0.4760169853
0.4826709376
0.4900211206
0.4992651927
0.5118487051
0.5272851761
0.547237402
0.5736905052
0.6096506067
0.6612717535
0.7358782016
0.8545583124
1.059556701
1.474704974
0.4785529462
0.4703164155
0.4659609355
0.4636262561
0.4623307178
0.4622265606
0.4641389357
0.467437334
0.4697183138
0.4752377346
0.4816930346
0.4879286948
0.4977314296
0.5099205168
0.5238654727
0.5438369849
0.5702082072
0.6051471516
0.6551267494
0.7280630068
0.8451450892
1.048241754
1.464387526
0.4710553008
0.4668578217
0.4636730189
0.4619791023
0.4615813118
0.4635139943
0.4656689483
0.4689440041
0.4737890818
0.4789043328
0.4857410564
0.4951122587
0.505873078
0.5203011119
0.5397111391
0.5638311499
0.5974918418
0.6461558023
0.7177320758
0.8320362966
1.032497774
1.449563731
0.4676070781
0.4639971112
0.4617984318
0.4610149465
0.4618204934
0.4647088299
0.4663838046
0.4713890403
0.4769864713
0.4829538706
0.491589903
0.502357989
0.5153935037
0.5329006297
0.5564524168
0.5892773286
0.6355540307
0.703409971
0.8137376985
1.009910125
1.427973313
0.4649810919
0.462097578
0.4606797958
0.4607312769
0.4621050031
0.4651575609
0.4696487187
0.4729165283
0.4787765677
0.4872464428
0.4958720284
0.5080795138
0.5252930432
0.546533874
0.5761073229
0.6184650011
0.6830778927
0.7880296588
0.978119984
1.395806595
0.4631440738
0.4609318004
0.4600509144
0.4602339141
0.4623616123
0.4653716795
0.469293238
0.4748351422
0.4815055015
0.4896205302
0.5010749106
0.5151009539
0.5338256175
0.5613208437
0.6008404083
0.6594779268
0.7562556697
0.9360939993
1.350459789
0.4617340008
0.459985465
0.4592956648
0.4598190723
0.4636419542
0.4658386265
0.470139991
0.476306679
0.4830349616
0.4924561872
0.5054597503
0.5225079473
0.5467040033
0.5807046693
0.6336991651
0.7224718718
0.8916647659
1.299626242
0.4603604421
0.458851779
0.4586435594
0.4599189725
0.4625372537
0.4668954391
0.471710424
0.4776102849
0.4865801164
0.4974907248
0.5121010635
0.5337651832
0.5653101904
0.6133987988
0.69435447
0.851392287
1.246712845
0.4587752292
0.4578487527
0.4583768166
0.4603301115
0.4636104292
0.4680715073
0.4731222674
0.4805530123
0.4904722602
0.5039322388
0.5234802916
0.551024137
0.5944643455
0.6685990108
0.8150059482
1.201554969
0.4573497614
0.4572254286
0.4579626172
0.4614564236
0.4649367281
0.4693214052
0.4764077117
0.4850437625
0.4967812366
0.5143754675
0.5401501134
0.5801527913
0.6484034045
0.7843062499
1.137686962
0.457081978
0.4563826865
0.4566126428
0.4591145224
0.4624866098
0.4663426733
0.4723296883
0.4802398806
0.491183826
0.5074079554
0.5304477912
0.5671018252
0.630280094
0.7569105469
1.099333145
0.4557750388
0.4555339984
0.4577649356
0.4604091609
0.4637781429
0.4695289868
0.4766136566
0.4863893743
0.5012441904
0.5230857404
0.5574195547
0.6164506822
0.7347066488
1.0364122
0.4546752292
0.4561795362
0.458783425
0.4618154561
0.4668143192
0.4733914837
0.4826364927
0.4965967895
0.5166003616
0.5486382204
0.6041291614
0.7154313532
1.009032882
0.453990286
0.4550962321
0.4574392536
0.4601097815
0.4649470233
0.4709818553
0.4794439782
0.4924752248
0.5116869543
0.5421838173
0.5948623892
0.7002508685
0.966811784
0.454291859
0.4563728719
0.4588115398
0.4631422805
0.4688355765
0.4769427925
0.489385762
0.5073678798
0.5363197946
0.5866017323
0.6871649369
0.9453862078
0.4536407245
0.4554479835
0.4576822378
0.4619005337
0.4672349393
0.4748172377
0.4866367916
0.504098894
0.5320313565
0.5804352435
0.6770225757
0.9267119664
0.4531165414
0.4548692675
0.4568158219
0.4606966622
0.4658049455
0.4731507139
0.4845810761
0.5012211041
0.5281202431
0.574919711
0.6682659482
0.9106452658
0.4539878067
0.4560695009
0.4598720383
0.4647396023
0.4717323014
0.4827466302
0.4990447608
0.5252686165
0.5708188879
0.6615067779
0.8969552908
0.453463479
0.4554844302
0.4590663432
0.4637855051
0.4706202417
0.4813761217
0.497124344
0.5226577394
0.5671368406
0.6556556541
0.8857942898
0.4529564373
0.4549884822
0.4585187931
0.4630751329
0.4696724947
0.4801504481
0.495673053
0.52075788
0.5644057254
0.651151221
0.8768018174
0.4545627673
0.4579341683
0.4623850645
0.4688676041
0.4791587043
0.4942818974
0.5188658629
0.5617376779
0.6469111748
0.8681880443
0.4541365105
0.4574630704
0.4617696365
0.4680439574
0.4780923711
0.4930197836
0.5172133535
0.5593613198
0.6429887623
0.8597129525
0.4537228375
0.4568929076
0.4610969618
0.467258054
0.4771230611
0.491657094
0.5153580793
0.5567438172
0.6388273009
0.8513729769
0.4533026916
0.4564301133
0.4604883889
0.4664414193
0.4760648156
0.4904050964
0.5137186993
0.5543860002
0.634933948
0.8431651028
0.4558652766
0.4598216318
0.465661948
0.475102897
0.4890504336
0.5118734117
0.5517827876
0.6307962415
0.8350852559
0.4554077716
0.4592178879
0.4648506307
0.4740510688
0.4878072409
0.5102461499
0.5494431688
0.6269336519
0.8271305399
0.4548480944
0.4585555731
0.4640764328
0.4730952599
0.4864593007
0.5084097971
0.546853809
0.6228208587
0.8192970997
0.4543929103
0.4579554226
0.4632694371
0.4720488699
0.4852242889
0.5067943146
0.5445327634
0.6189915562
0.8115825882
0.4572968147
0.4624999045
0.4710984755
0.4838824531
0.5049666304
0.5419578415
0.6149065293
0.8039828729
0.4566995996
0.4616966201
0.4700569683
0.4826553811
0.5033629199
0.539656003
0.6111130494
0.7964958132
0.456044345
0.4609313716
0.469111523
0.4813192143
0.50154368
0.5370958411
0.6070574496
0.7891174749
0.4601314264
0.4680746359
0.4801001131
0.4999519984
0.5348141202
0.6033026181
0.7818463319
0.4593702984
0.4671339795
0.4787695424
0.4981414497
0.5322697597
0.5992795297
0.7746781349
0.4661118114
0.4775705434
0.4965777626
0.5300314612
0.5956027593
0.7677610605
0.4651963954
0.4762751342
0.4948178964
0.5275658861
0.5917234064
0.7609580532
0.4751026678
0.4932940742
0.5253947362
0.5881836233
0.7542679133
0.4915538888
0.5229675884
0.5843937022
0.7476862242
0.4900536816
0.5208397335
0.5809499803
0.7412118344
0.5184491034
0.5772449298
0.7348406069
0.5738940542
0.7285718474
0.5070881782
0.5209088427
0.5375438615
0.5599083378
0.589173113
0.6284523327
0.684005295
0.7638671624
0.8885966071
1.098569888
1.508743
0.4665628409
0.4686916237
0.4728187556
0.4764246905
0.48232978
0.4881708669
0.4971609169
0.5070432805
0.5208455778
0.5374751203
0.5598665125
0.5890108502
0.6284003341
0.6838295928
0.7636743997
0.8884264148
1.098309398
1.508536823
0.4616198172
0.4615839499
0.4627459517
0.4641041766
0.4664864201
0.4686766138
0.4727731013
0.4763633768
0.4822991677
0.4881071618
0.4971350909
0.5069569882
0.5208120756
0.5373725917
0.5598058763
0.5889300996
0.6282784057
0.683679636
0.7635703699
0.8881179485
1.098075385
1.508298633
0.4654891799
0.4636418337
0.4622549016
0.4616021934
0.4615664162
0.4627559833
0.4640860366
0.4664395339
0.4686468819
0.4727350318
0.4763313419
0.4822376403
0.4880775928
0.4970805408
0.5069154506
0.5207361503
0.5372975602
0.5597643551
0.5887538406
0.6282227769
0.6835079808
0.7633206079
0.8879059197
1.09777628
1.508046631
0.4675749245
0.4654278391
0.4636253344
0.4622411922
0.4615857518
0.4615528499
0.4627620632
0.4640792591
0.4663728883
0.4686386098
0.4726926567
0.4762642181
0.4822069268
0.4880119073
0.4970542917
0.5068242893
0.5207031526
0.5372071371
0.5596746496
0.5886735413
0.6280782419
0.6833063784
0.7631973858
0.8875709193
1.097480791
1.507752516
0.4675646232
0.4653805641
0.4636091496
0.4622276526
0.4615707816
0.4615421171
0.462771214
0.4640765902
0.4663308437
0.4686150189
0.4726435464
0.4762321926
0.4821431668
0.4879848178
0.4969892755
0.5067818992
0.5206162804
0.5371183465
0.5596301757
0.5884810585
0.6279968409
0.6831391153
0.7629034546
0.8873088531
1.097137657
1.507442715
0.4676013737
0.4653380795
0.4635923333
0.4622148442
0.4615573434
0.4615334033
0.4627786688
0.4640638339
0.4662726524
0.4686108453
0.4726017673
0.476158899
0.4821095014
0.4879140787
0.4969617435
0.5066862567
0.5205830221
0.5370378898
0.5595143715
0.5883996751
0.6278472033
0.682886735
0.7627514324
0.8869508207
1.096782799
1.507091972
0.4676177256
0.4653003247
0.4635771817
0.4622037649
0.4615462341
0.4615271594
0.4627885589
0.4640487695
0.4662364188
0.4685909473
0.472539063
0.4761231764
0.4820421624
0.487885699
0.4968862811
0.5066395248
0.5204870955
0.536929638
0.5594644586
0.5881918618
0.6277203114
0.6827181736
0.7624244097
0.8866355274
1.096392552
1.506721801
0.4676234945
0.4652820076
0.4635663761
0.4621951438
0.4615378523
0.4615232174
0.4627963139
0.4640216084
0.4661988094
0.4685862072
0.4724961221
0.4760433632
0.4820037698
0.487808122
0.4968564301
0.506538734
0.5204490658
0.5368568771
0.5593235662
0.5881012141
0.6275741268
0.6824216012
0.7622353055
0.8862542257
1.095980834
1.506319476
0.4676360198
0.4652867562
0.4635666992
0.46219025
0.461532507
0.4615214066
0.4628034315
0.4639936115
0.4661695323
0.46857137
0.4724174673
0.4760016745
0.4819308661
0.4877773357
0.4967695468
0.5064860891
0.520351783
0.5367247691
0.5592672907
0.5878871228
0.6273978645
0.6822426189
0.7618819828
0.8858840757
1.095540319
1.505892338
0.467649253
0.4653128178
0.4635644581
0.4621896713
0.4615307001
0.4615216612
0.4628080229
0.4639543042
0.4661306142
0.4685682402
0.4723679928
0.4759145552
0.481888698
0.4876901956
0.4967366844
0.5063800217
0.5202932154
0.5366561925
0.5591001869
0.5877680419
0.6272532259
0.6819087025
0.7616494776
0.8854769172
1.09507452
1.505439954
0.4677134172
0.4653403084
0.4635630715
0.4621956034
0.4615329793
0.4615237442
0.4628096864
0.4639111154
0.4661052837
0.4685423491
0.4722732837
0.4758684253
0.4818080729
0.4876552946
0.4966360481
0.5063163915
0.5202001017
0.536498179
0.5590377445
0.5875558109
0.6270285002
0.6817105605
0.7612739143
0.8850529596
1.09458299
1.504957761
0.4677855859
0.4653595944
0.463583434
0.4622091021
0.46154044
0.4615282322
0.4628064981
0.4638590443
0.4660639699
0.4685291627
0.4722196892
0.4757765683
0.4817599734
0.4875543395
0.4965988327
0.5062055282
0.5201170959
0.5364292201
0.5588413289
0.5873997631
0.6268799943
0.6813444003
0.7609931953
0.8846157968
1.094064279
1.504449392
0.467844529
0.4653911916
0.4636046417
0.4622311722
0.4615538718
0.4615356814
0.4628006372
0.4637987752
0.4660440706
0.4684850531
0.472090686
0.4757275753
0.481665592
0.4875126928
0.4964806341
0.5061238778
0.5200260431
0.5362411629
0.5587717788
0.5871904123
0.6266076442
0.6811177657
0.7605950847
0.8841370968
1.093515782
1.503900583
0.4679808372
0.4654364024
0.4636193577
0.462265392
0.4615748341
0.4615461529
0.4627781732
0.4637349879
0.4659999483
0.4684340782
0.4720232139
0.4756382687
0.4816079189
0.4873920656
0.4964365168
0.5060078235
0.5199130649
0.536167012
0.5585535487
0.5869874994
0.6264475318
0.680721588
0.7602613902
0.8836635063
1.092941383
1.503326569
0.4679051219
0.4654833943
0.4637048794
0.4622923097
0.4615945108
0.4615497999
0.462759177
0.4636594948
0.4659803849
0.4683695674
0.47185893
0.4755927642
0.4814876025
0.4873402776
0.4962949171
0.5058980236
0.5198204019
0.5359438569
0.5584496259
0.5867783572
0.6261280264
0.6804571869
0.7598381008
0.883129088
1.092330677
1.502700815
0.4678438686
0.4657025155
0.4638375453
0.4623499964
0.4616281174
0.4616694535
0.4625278372
0.4635878517
0.4659333628
0.4682542745
0.4717795009
0.4755039643
0.4814101534
0.4871926855
0.4962395477
0.5057759242
0.519669693
0.5358551386
0.558219091
0.5865211029
0.6259464864
0.6800302741
0.7594462034
0.8826110933
1.091695261
1.502049914
0.468064016
0.4661498894
0.4639924677
0.4624531657
0.4617087148
0.4616843265
0.4622535082
0.4636005249
0.4658948021
0.4681570604
0.4715891534
0.4754394573
0.4812470554
0.4871273909
0.4960661576
0.5056229773
0.5195686435
0.5355895459
0.558067295
0.5863047288
0.6255781045
0.6797172505
0.7589914394
0.8820166739
1.091012725
1.501330438
0.4683578907
0.466394134
0.4640221244
0.462467556
0.4617992732
0.4616642222
0.4620507142
0.463655373
0.4657721637
0.4679520808
0.4714939622
0.4753347929
0.4811578553
0.4869452458
0.4959908487
0.5054945473
0.5193710806
0.5354775225
0.5578249769
0.585984933
0.6253631986
0.6792565726
0.758535197
0.8814445985
1.090308678
1.50059986
0.468674269
0.4666026119
0.4640478311
0.462507084
0.4618280567
0.4617429333
0.4621569627
0.4633169622
0.4656310102
0.4678369777
0.4712979488
0.4752439063
0.4809454624
0.4868608091
0.4957922183
0.5052804353
0.5192516563
0.5351614503
0.5576095131
0.5857519796
0.6249448963
0.6788846453
0.7580423482
0.8807872659
1.089550339
1.49979273
0.469048164
0.4668209412
0.464171181
0.4626251603
0.4618957929
0.4617616433
0.4621509162
0.4630223748
0.4655867203
0.4675632926
0.4711748748
0.4751038756
0.4808273218
0.4866265126
0.4956550575
0.5051434145
0.5190021589
0.5350174856
0.5573584401
0.5853661483
0.6246845626
0.6783887301
0.7575181731
0.8801541982
1.088776377
1.499011867
0.4671797927
0.4644607891
0.4628751507
0.4620710824
0.4618688773
0.4622567447
0.4631496726
0.4648913656
0.4673656457
0.4709970067
0.4749828606
0.4805426833
0.4865242924
0.4954536614
0.5048662034
0.5188534522
0.5346573488
0.557067175
0.5851072612
0.6242210518
0.6779521037
0.7569828228
0.8794350015
1.087948161
1.498160927
0.4677771548
0.4649751298
0.4633047552
0.4623876443
0.4620665608
0.462323948
0.4630912936
0.4643639313
0.4673217191
0.4708724469
0.4747700128
0.4803930329
0.4862639292
0.495236803
0.5047132927
0.5185598609
0.5344669779
0.5568131984
0.5846662093
0.6239082813
0.6774255896
0.7563946303
0.8787417656
1.087117234
1.497411536
0.4686945533
0.4657682959
0.4639620115
0.4628837373
0.4623873657
0.4624680638
0.4630181522
0.4640218334
0.4673218636
0.4705648059
0.4746012953
0.4800630667
0.4861378446
0.4950385264
0.5043879698
0.5183702116
0.5340614542
0.5564394988
0.584365105
0.6233932666
0.6769074206
0.7557920803
0.877933923
1.08620157
1.496562671
0.4699933269
0.4668917969
0.4648971798
0.4636090781
0.4628985498
0.4627762977
0.4631588926
0.4642321501
0.466686642
0.4703708214
0.474348639
0.4798782443
0.4858467208
0.4947144736
0.5041899243
0.5179830453
0.5338139387
0.5561420788
0.5837834242
0.622951233
0.676235628
0.7549979213
0.8770073054
1.085130121
1.495883657
0.4717129379
0.4683826332
0.4661483235
0.4646023995
0.4636413081
0.4632623791
0.463415295
0.4642919397
0.4661450339
0.4701841432
0.4741312155
0.4794525609
0.4856595443
0.4944706256
0.5037384643
0.5177236814
0.5332262308
0.5555277826
0.5833387419
0.6221798501
0.6753886114
0.7540373738
0.8757266763
1.083760854
1.495105872
0.4702814576
0.4677576208
0.465906208
0.4646409665
0.4639396463
0.4637768017
0.4643221011
0.4657585012
0.4701079733
0.473719903
0.4792307008
0.4853208943
0.4939341798
0.5034668842
0.5170776264
0.5328307399
0.5551040008
0.5823990636
0.6213651528
0.6742795158
0.7526436251
0.8741171313
1.08204708
1.494048122
0.4726570151
0.4697929285
0.4675912847
0.4659545364
0.4648648482
0.4643232882
0.4645452886
0.4659233522
0.4693271548
0.4733624863
0.4786973174
0.4849167974
0.4935924647
0.5027620652
0.5166940833
0.5320029078
0.5539799675
0.5815647594
0.6201073166
0.6727580902
0.7509512708
0.8719386801
1.079769628
1.492495977
0.4756047766
0.472350287
0.4697521431
0.4676765887
0.4661218267
0.4651227796
0.4649334471
0.4660123467
0.4683905106
0.4729724268
0.4783484505
0.4845072857
0.4927121991
0.5023526827
0.5155724105
0.5310850923
0.553314683
0.5800889559
0.6185647766
0.6708688223
0.7484973097
0.8691199429
1.076837277
1.490084618
0.4756473148
0.4725827916
0.469976821
0.4678572941
0.4662805613
0.4655195948
0.4660492145
0.4677417815
0.4727922095
0.4776070195
0.4836773594
0.4921900851
0.5011536633
0.5149157191
0.5300542114
0.5512077844
0.578399788
0.616452345
0.6681293834
0.7454591574
0.865410922
1.072666775
1.486568857
0.4799376494
0.4763390351
0.4730983974
0.4702893917
0.4679857901
0.4664971462
0.4664143543
0.4678809255
0.4712730928
0.4767808293
0.4831412136
0.490727174
0.5005238317
0.5132701491
0.5279466114
0.5501559858
0.5761933975
0.6135820802
0.6648153148
0.7411978586
0.8603049111
1.067101789
1.481407143
0.4813645231
0.4774215142
0.4737662121
0.4705430097
0.4680991841
0.4671380679
0.4678633048
0.4701685419
0.4763093163
0.4815019532
0.4898941407
0.49829689
0.5114090435
0.5266830856
0.5468282937
0.5726381195
0.6098100365
0.6599518148
0.7355816115
0.8536675784
1.058977269
1.474178229
0.4883301239
0.4834481232
0.4788529824
0.4744662697
0.4707583985
0.4685721282
0.4683018179
0.4700259806
0.4739174788
0.4807448076
0.4873619567
0.4973388835
0.5095715116
0.5226584513
0.5438229011
0.5691382554
0.604802606
0.6539637246
0.728097077
0.8439589084
1.047926872
1.463818972
0.4922353058
0.4863352374
0.4806020117
0.475193426
0.4712801556
0.4695073114
0.4700052642
0.472620258
0.4777765818
0.4862349388
0.4942717823
0.5049967123
0.5201689215
0.5393671026
0.5627007496
0.5976886472
0.6452465058
0.7172703168
0.8312823924
1.032022335
1.449060853
0.5048919468
0.4978319344
0.4901287876
0.4826268388
0.4763032072
0.4722124838
0.470755349
0.4718113627
0.4751072466
0.482736794
0.4906041925
0.5025912883
0.5144669234
0.5323569502
0.555877245
0.5889892004
0.6341417741
0.7036599018
0.8126475085
1.009557792
1.427498964
0.5145099119
0.5050628104
0.4945572435
0.4852186966
0.4777944151
0.4732294143
0.4717388149
0.4731691792
0.4771210439
0.4871085335
0.4942379812
0.5076944754
0.5252966162
0.5456384061
0.5759121051
0.6182908854
0.6826173343
0.7872696712
0.977715581
1.395403698
0.5234243023
0.5106129654
0.4973400273
0.4862804737
0.4779474232
0.4731582017
0.4719666296
0.4739319276
0.4785299526
0.4908660259
0.501210317
0.51440755
0.5333223835
0.5614984708
0.5993775149
0.6595172744
0.7554093771
0.9357212442
1.350141086
0.5268178827
0.5106289271
0.4956103101
0.4837996038
0.4757108805
0.4718173687
0.4717085394
0.4748209263
0.4810433879
0.4917231021
0.5053049605
0.5221445622
0.5462498296
0.580594282
0.6335492871
0.7217756653
0.8913205682
1.299186242
0.5237123632
0.5055608234
0.4902266945
0.4790213112
0.4724591744
0.4702565178
0.4717316207
0.475904502
0.4873126066
0.497172416
0.5116848833
0.5339676969
0.5642854192
0.6132994857
0.6936589748
0.851072633
1.247370174
0.515143948
0.4967221086
0.4826834456
0.4736234425
0.4694256111
0.4693590677
0.472376304
0.4795093928
0.4903003013
0.5037538183
0.5231116873
0.5508404398
0.5944161272
0.668008202
0.8146287973
1.196306279
0.5031756468
0.4863743303
0.4751029506
0.4690534122
0.4675723325
0.4695140593
0.4745897551
0.4850109495
0.4964905973
0.5145396053
0.5393813537
0.5800543944
0.647807559
0.7841202496
1.151718614
0.4900260602
0.4767128766
0.4690045122
0.4662457031
0.4672176753
0.4713406654
0.4803440451
0.4910871328
0.5071508497
0.5302269057
0.5670882137
0.6297636391
0.7565566669
1.080960614
0.4934297652
0.4783267094
0.4691578721
0.46526994
0.4653885485
0.4687686908
0.4756362577
0.4861976417
0.5013754263
0.522474459
0.5573483898
0.6159257915
0.734466967
1.052110868
0.4798520665
0.4694292132
0.4645578836
0.4639324019
0.4666950386
0.4723070599
0.4826169909
0.4964332013
0.5163575413
0.5486393286
0.6036608724
0.7151575805
0.996524589
0.4812487802
0.4697540387
0.4640376736
0.462772819
0.4650139133
0.4700944481
0.4793419475
0.4925839817
0.5111784592
0.5421391335
0.594387296
0.699991181
0.972352019
0.4700949215
0.4636558617
0.4618470362
0.4636485398
0.4682982928
0.4770309792
0.4892923552
0.5071102056
0.5363285403
0.5861659748
0.6869235851
0.9455240652
0.47042836
0.4633785146
0.461106031
0.4625385389
0.4668375913
0.4744124827
0.4867314039
0.5036595726
0.5320071959
0.5799942505
0.6767750054
0.9267389186
0.463174419
0.4605134975
0.4616355069
0.4656478526
0.4727111223
0.4845386659
0.5009527775
0.5281335722
0.5745058391
0.6680321382
0.9106140144
0.4630234385
0.4600383704
0.4609023481
0.4646779474
0.4702560163
0.4828327969
0.498652406
0.5252592148
0.5704011757
0.66126886
0.8968937273
0.462911676
0.4596564226
0.4603062989
0.4638868631
0.4692269757
0.4813660544
0.4968482638
0.5226740709
0.566737673
0.6554273936
0.8857189444
0.4593493124
0.4598214008
0.4632412808
0.4680465823
0.4802225686
0.4953125447
0.5207587776
0.5640038418
0.6509200185
0.8767200684
0.4590561333
0.4593546525
0.4626178603
0.4672629818
0.4791569833
0.4940070044
0.5188860119
0.5613499101
0.6466878775
0.8681074419
0.4587686968
0.4588929892
0.4619991485
0.4664823708
0.4781606772
0.4926704378
0.5172203218
0.5589717858
0.6427641102
0.8596354971
0.4584865752
0.45843586
0.46138458
0.4657051205
0.4771158481
0.4913927038
0.5153841325
0.5563684389
0.6386108959
0.8512996848
0.4582097048
0.4579827367
0.4607737277
0.4649313198
0.4761253333
0.4900652311
0.5137312512
0.554008473
0.6347157329
0.8430964398
0.4575333994
0.4601662728
0.4641608848
0.4750851839
0.4887960524
0.5119048545
0.5514192534
0.6305860558
0.8350214292
0.4570879603
0.459561979
0.4633937146
0.4740991515
0.4874763262
0.5102638987
0.5490772273
0.6267213603
0.8270715608
0.4566464747
0.4589606644
0.4626296707
0.4730626135
0.4862146247
0.5084462802
0.5465017652
0.6226164179
0.8192429344
0.4583621852
0.4618686441
0.4720804146
0.4849019501
0.5068169951
0.5441781074
0.6187847459
0.8115331454
0.4577664622
0.4611105366
0.4710471122
0.4836472856
0.5050079148
0.541617067
0.6147075109
0.8039380692
0.457173413
0.4603552651
0.4700684933
0.4823413401
0.5033903762
0.53931247
0.6109114762
0.7964555176
0.4596027721
0.4690382594
0.4810934015
0.5015895999
0.5367662003
0.6068636254
0.7890815858
0.4588530102
0.4680632401
0.4797941146
0.4999841324
0.5344816002
0.6031060732
0.7818147199
0.4581059475
0.4670362915
0.4785529312
0.4981918962
0.5319511769
0.599090751
0.7746507001
0.4660745316
0.4772731383
0.4966146775
0.5297099413
0.5954111725
0.7677376506
0.4650749389
0.47606659
0.4948725997
0.5272580628
0.5915395269
0.7609385166
0.4748126673
0.493335491
0.5250838198
0.5879968966
0.7542520733
0.4916128992
0.5226703269
0.5842147406
0.7476739451
0.4900995167
0.5205391698
0.5807680688
0.7412029785
0.518162244
0.5770709479
0.7348350552
0.5737170249
0.728569451
0.5063757477
0.520647293
0.5363897568
0.5598918772
0.5879385134
0.6281208005
0.6831360772
0.7630403231
0.8878750169
1.097780168
1.508158898
0.4683916233
0.4701819071
0.4736088836
0.4776129149
0.4821895812
0.4883519612
0.49666603
0.5063671563
0.5205776309
0.5363306796
0.5598161554
0.5877405321
0.6280945199
0.6829318375
0.7629632879
0.8876107657
1.097553071
1.507946344
0.4728505326
0.4686651924
0.466965413
0.4667590437
0.4682784636
0.4700752752
0.4735659153
0.4775212586
0.4820560046
0.4883276023
0.4965758808
0.5063461513
0.5204407776
0.5362952077
0.5597672862
0.587654686
0.6280641136
0.6827251926
0.7627769378
0.8873854756
1.097277283
1.507720777
0.4849441309
0.4812562541
0.4774152644
0.4727323017
0.4685626919
0.4668604676
0.466655453
0.468184463
0.4700050606
0.4734987251
0.4774445263
0.481975565
0.4882717724
0.4964636514
0.5063375173
0.5203751747
0.5362574482
0.5596582674
0.5874686185
0.6279804751
0.6824871342
0.7626919126
0.8870855863
1.097000724
1.507464394
0.4844683091
0.4813385088
0.4773316372
0.4725905479
0.4684674852
0.4667847642
0.4665782941
0.4680916232
0.4699186115
0.4734680111
0.4773407518
0.4818491014
0.4882478353
0.4963874195
0.5063026405
0.5202316263
0.5362067181
0.5595754888
0.5873941481
0.6279329252
0.6822877223
0.7624545206
0.886803753
1.096683644
1.507179299
0.4841751267
0.4813851758
0.4772778539
0.4724870261
0.4683953202
0.4667048169
0.466486185
0.4680053381
0.4698699998
0.4734099201
0.4772247225
0.4817835971
0.4881831764
0.4962709033
0.5062935971
0.5201698235
0.5361793319
0.5594581891
0.5872118432
0.6277955655
0.682009468
0.762353765
0.886476232
1.096355814
1.506864257
0.4838795655
0.4814509208
0.4772313623
0.4723645118
0.4683141453
0.4666537626
0.4664294916
0.4679320847
0.4697959602
0.4733700843
0.4771006188
0.4816649559
0.4881562669
0.4962043414
0.5062453749
0.5200204623
0.536111384
0.5593388855
0.5871433012
0.6277310413
0.6818242063
0.7620793049
0.8861348645
1.095992354
1.506522109
0.4836837412
0.4815748217
0.4771137061
0.4722606799
0.4682745858
0.466628031
0.4663634908
0.4678547695
0.4697601703
0.4733033357
0.4769447905
0.4816155945
0.4880877385
0.496081891
0.5062324659
0.5199585851
0.5360854615
0.5592216232
0.5869562104
0.6275429379
0.6815027849
0.7619316236
0.8857828408
1.095616768
1.506143448
0.4837149717
0.4815774836
0.4769973533
0.4721650181
0.4682248376
0.4666453199
0.4663463665
0.4678168166
0.4696940786
0.4732375327
0.4768023967
0.4815143726
0.4880367985
0.4960230769
0.5061703439
0.5198021748
0.5360003058
0.5590674157
0.5868891343
0.627461717
0.6813299611
0.7616371163
0.8853862397
1.095200515
1.505751554
0.4836645058
0.4814871015
0.4768778355
0.4720566079
0.468257751
0.4667194596
0.4663748325
0.4677664108
0.4696606144
0.4731544433
0.4766112366
0.4814830302
0.4879690933
0.4958941994
0.5061534536
0.5197390393
0.5359699843
0.5589527366
0.5866971614
0.6272231346
0.6809651313
0.7614319653
0.8850054741
1.094780259
1.505310995
0.4836797623
0.4812115435
0.4767752502
0.4720060402
0.4683600738
0.466832723
0.4664418258
0.4677671574
0.4695963718
0.4730523355
0.476448728
0.481405049
0.4878938495
0.4958398508
0.5060759965
0.5195721739
0.5358661087
0.5587645606
0.5866129326
0.6271272606
0.6808011204
0.7611229895
0.8845595734
1.094306013
1.504872718
0.483625435
0.4809734028
0.4766298057
0.4720278013
0.4684918319
0.4669436273
0.4665101398
0.4677621147
0.4695538517
0.4729446269
0.476232154
0.4813875983
0.4878276746
0.4957055734
0.5060545527
0.51950644
0.535829272
0.558651024
0.586427155
0.6268416773
0.6803925393
0.7608530415
0.8841444682
1.093845679
1.504371816
0.48354543
0.4807432841
0.4765524322
0.4721630331
0.468671714
0.4670375835
0.4665751384
0.4677340794
0.4694781616
0.4727923935
0.476080426
0.4813254039
0.4877161902
0.4956540991
0.5059589276
0.5193249028
0.5357062373
0.5584299914
0.5863021562
0.6267242828
0.6802318657
0.7605329421
0.8836555466
1.093308212
1.503881516
0.4834148093
0.4806564811
0.4765449275
0.4722898355
0.4687825896
0.4671391829
0.4666285191
0.4677004892
0.4694376426
0.4726586284
0.4758705348
0.4813080067
0.4876380989
0.4955113085
0.505930274
0.5192536972
0.535654547
0.5583109396
0.5861275084
0.6264114138
0.6797773862
0.7601911229
0.8831959293
1.092805365
1.50330888
0.4830606436
0.4799064716
0.4768705573
0.4731970267
0.4694983318
0.4672022029
0.4666841924
0.4676012653
0.4693256689
0.4724491085
0.4757371293
0.4812572599
0.4874784212
0.495458561
0.5058098235
0.519050776
0.5355105123
0.5580576662
0.5859557489
0.6262369638
0.6796117121
0.7598604672
0.8826688528
1.092197908
1.502756955
0.4837787521
0.4813771818
0.478754818
0.4752536902
0.4710277479
0.4679260053
0.4667122511
0.4675309863
0.4692527818
0.4723055974
0.4755511194
0.4812165424
0.487379289
0.4953054867
0.505769206
0.5189694969
0.5354396221
0.5579249576
0.5857837166
0.6259137889
0.6791094727
0.7594408994
0.8821533739
1.091649534
1.502103687
0.4867926034
0.4850980488
0.4827234654
0.4790676236
0.4740536232
0.4698180864
0.4673600516
0.4673466247
0.4690453014
0.4720493913
0.475436683
0.4811669101
0.487159824
0.4952507026
0.5056232237
0.5187358251
0.535267875
0.5576360076
0.5855609793
0.6256707429
0.6789328065
0.7590974415
0.8815915501
1.090964643
1.501477289
0.4928644059
0.4917298836
0.4893495215
0.4851666892
0.4790170586
0.4732658297
0.4690469737
0.4669250147
0.4689897759
0.4719063023
0.475300671
0.4810716843
0.4870286097
0.495085654
0.5055435304
0.5186383357
0.5351724471
0.5574801103
0.5853810035
0.6253390058
0.6783849753
0.7585919443
0.8810046519
1.090361288
1.500728148
0.5027413582
0.5019439167
0.4992359552
0.4941104568
0.4864107558
0.4787438605
0.4724444307
0.4684098118
0.4687180505
0.4715403152
0.4751980958
0.480967964
0.4867434205
0.4950280077
0.5053790841
0.5183640955
0.5349635181
0.5571490937
0.5851023929
0.6250144541
0.6781704563
0.7582297631
0.8804103874
1.08959171
1.500023199
0.517016445
0.516273985
0.5128722623
0.5063638381
0.496644952
0.4866040811
0.4777251601
0.4710242479
0.4679751507
0.4714902548
0.4751192987
0.4807687515
0.4865848373
0.494849679
0.5052212047
0.518244657
0.5348375096
0.5569603148
0.5849030382
0.6246730688
0.6775865919
0.757634777
0.8797378184
1.08892807
1.499187063
0.5359197993
0.5349267959
0.5304568904
0.5221303271
0.5099229932
0.4970595085
0.485153502
0.4754241554
0.469658148
0.471203641
0.4748870624
0.4806165045
0.4862535678
0.4947836738
0.5050398553
0.5179272875
0.5345824974
0.5565831073
0.5845667692
0.6242577625
0.6773156362
0.7572452232
0.879115964
1.088074886
1.498430131
0.5576097065
0.5517313484
0.541195068
0.5260738137
0.5100205047
0.4947189987
0.4816029002
0.4726648711
0.4702063601
0.4749041496
0.4803570759
0.4860766183
0.4945881388
0.5047841996
0.5177841427
0.5344210375
0.5563556138
0.5843378192
0.6239066936
0.6767075812
0.7565648
0.8783483206
1.087352559
1.497553422
0.5834884153
0.5759326132
0.5628841582
0.5445239532
0.5250370455
0.5060766995
0.48928008
0.4767886177
0.4707805189
0.4748298607
0.4800926229
0.4857270516
0.4944997256
0.5045859968
0.5174470892
0.5341194257
0.555939223
0.5839526854
0.623404558
0.6763671697
0.756139606
0.8777098346
1.086434366
1.496824581
0.6115402075
0.6021477786
0.5864123192
0.5646195325
0.5415704969
0.5188502173
0.4982563537
0.4821611266
0.4730661072
0.4742031932
0.4797040981
0.4855679733
0.4942812513
0.5042361529
0.5172598241
0.5339146106
0.555668629
0.5836800493
0.6230325067
0.6757136962
0.7553523162
0.8768135025
1.085638209
1.495959453
0.6410249517
0.6297867791
0.6113529879
0.5860927928
0.5594983801
0.533035502
0.5086144554
0.4887974382
0.4762536298
0.4732167068
0.4795663273
0.4852210527
0.4941321613
0.5039970151
0.516853574
0.5335034702
0.5551243159
0.5831492342
0.6223283038
0.6752446577
0.7547979596
0.8760240914
1.084412008
1.495307155
0.671215104
0.6581760065
0.6370397264
0.6085401001
0.5785353127
0.5484439543
0.5202562342
0.4966353772
0.480401114
0.473656668
0.4793609996
0.4850104431
0.4938492287
0.5034714011
0.5166232165
0.5332226653
0.554768445
0.5827862456
0.6218248588
0.6742943147
0.7534273609
0.8745137227
1.083342001
1.494495969
0.6871585143
0.6634349269
0.631963128
0.5987471468
0.5651896339
0.5333381467
0.5059199455
0.4859823026
0.4759750125
0.4788085515
0.484439203
0.4935034521
0.5031375757
0.515988969
0.5325052583
0.5538539072
0.5818246701
0.6205461809
0.6733067418
0.752624284
0.8733468846
1.08129861
1.493460412
0.7170910336
0.6909557443
0.6567849722
0.620583033
0.5837293093
0.548319916
0.5171056547
0.4933149711
0.4795597067
0.4769379795
0.4843804135
0.4931735791
0.5022904766
0.5156735414
0.5320641209
0.5533229568
0.5812536048
0.6197642954
0.6719654956
0.7500588583
0.8704304905
1.079448254
1.491958734
0.748502966
0.720203869
0.6836088907
0.6446684314
0.6047206691
0.5658714231
0.5308190145
0.5029361484
0.4849653988
0.4781628589
0.4840501492
0.492238995
0.5018258835
0.5146030537
0.5307662057
0.5517459107
0.5794697856
0.6174184504
0.669715694
0.7486144048
0.8689452913
1.076171887
1.489372506
0.7827516895
0.7523688857
0.7136699269
0.6723269626
0.6294688749
0.5871983508
0.548150431
0.5158352763
0.4932257282
0.4821503038
0.4821525678
0.4918394975
0.5004447885
0.5141159776
0.5300240389
0.550900013
0.5785008609
0.6161778861
0.6680661556
0.7447060389
0.8631989539
1.072097656
1.486342976
0.7890130059
0.7484574495
0.7048577312
0.6592144486
0.6135436213
0.5703044176
0.5331308365
0.5052654776
0.4889638146
0.4839163754
0.4897478963
0.4998801172
0.5126263723
0.5275005372
0.5481542668
0.5751613443
0.6119303471
0.663227951
0.7404834623
0.8611055779
1.067297998
1.48017386
0.8266863171
0.7893465696
0.7438652384
0.6956429275
0.6465237412
0.5988167208
0.5563275241
0.5225673664
0.5003869405
0.4904132738
0.4909660578
0.4961107377
0.5107478752
0.5263435545
0.5467653474
0.5734691339
0.6099033564
0.6608500988
0.7361855054
0.8492638248
1.056621171
1.474930539
0.8312309223
0.7911082736
0.7406640992
0.6880736979
0.6356454043
0.587329929
0.5469160106
0.5178856669
0.501622796
0.4967150151
0.4995683792
0.5100230201
0.5221744322
0.5370153422
0.5667267169
0.6003317042
0.6498530757
0.7239074311
0.8469053368
1.052571272
1.46113016
0.8963928123
0.8397518633
0.7963616294
0.7407355691
0.683311393
0.6285452304
0.5805324914
0.5433527284
0.51922215
0.507504832
0.5056627903
0.5118016149
0.5224223828
0.5392925946
0.5671647885
0.6022190878
0.6524801654
0.723982633
0.8251242571
1.003251966
1.451421929
0.9166325711
0.8535296854
0.8065683834
0.7450849237
0.6830832903
0.6262883121
0.5792539166
0.5451707008
0.5244546385
0.5154795962
0.5161002416
0.524028081
0.540120519
0.5658289915
0.60001382
0.6475791463
0.7126628368
0.8023562981
0.9635656282
1.43682877
0.9415934016
0.8718497185
0.8214862071
0.7543749278
0.6876817525
0.6288702659
0.5822188876
0.5495367073
0.5303846802
0.5231733773
0.5260549044
0.538724012
0.560847731
0.59177956
0.6343530151
0.6921655719
0.773733592
0.9224564846
1.408634468
0.9657098919
0.886038385
0.8277130462
0.7545222873
0.6844883012
0.6250619975
0.5795152515
0.5487966121
0.5321764308
0.528204691
0.5356912607
0.553204937
0.5797304769
0.6168693046
0.6681848438
0.7435521171
0.8772907511
1.366064521
0.9714047368
0.8808485246
0.8097010133
0.7341605527
0.6643669173
0.607899382
0.5668299124
0.5414054978
0.5305647107
0.532727125
0.5457726617
0.5681400139
0.6006012454
0.6465397041
0.7162216185
0.8358089373
1.313420683
1.022075832
0.9513654111
0.862127513
0.777597371
0.6995066693
0.6338738546
0.5838111103
0.5504576167
0.5331857541
0.5303136296
0.5392425402
0.5578889574
0.5863396968
0.6275661657
0.6911893995
0.8001104824
1.262802312
0.9897113243
0.8976979473
0.8144266851
0.7304095481
0.657184147
0.5994392748
0.5590974047
0.5360220239
0.5285508705
0.5337843374
0.5491749467
0.5742121839
0.6113628746
0.6694102401
0.7692834862
1.210911886
0.9484062731
0.8411963182
0.7572072938
0.6777514135
0.6135295226
0.5671456177
0.538948935
0.5273803841
0.5293546979
0.5419327472
0.5640872193
0.597773813
0.6509582076
0.7430929406
1.163707021
0.8778642744
0.7801881651
0.6956787893
0.626038454
0.5744955309
0.5418449671
0.5266860404
0.5258204929
0.5359904906
0.5557255891
0.5865041703
0.635544448
0.7209663059
1.121861051
0.8993085469
0.79966911
0.7111412593
0.6370054951
0.5810948553
0.5446126891
0.5263459277
0.5230283298
0.5311497792
0.5488639268
0.5772232835
0.6227869969
0.7022633964
1.056847814
0.8150009783
0.7243477323
0.6465162423
0.5869343705
0.5471841422
0.5262506079
0.5208331753
0.5272214621
0.5432533526
0.5696109839
0.6122843232
0.6868075616
1.029815307
0.7355261332
0.6546747618
0.592030727
0.5495196467
0.5263143339
0.5191100612
0.524038839
0.538674258
0.5633821772
0.6036734128
0.6740319167
0.9800698034
0.7449396072
0.6616013646
0.596423123
0.5515959035
0.5264711533
0.5177572111
0.5214612863
0.5349399755
0.5582913083
0.5966252793
0.6635710183
0.9585035349
0.7527966646
0.6674942601
0.6001658483
0.5534079676
0.5266734987
0.5166918275
0.5193729684
0.5318952378
0.5541327715
0.5908632505
0.6550134059
0.9297134248
0.6724034437
0.6033568955
0.5549834464
0.5268914441
0.5158488113
0.5176789779
0.5294120742
0.550736093
0.5861543587
0.6480263492
0.9138675512
0.6764410727
0.6060178976
0.5563234694
0.5271112868
0.5151833517
0.5163041807
0.5273849248
0.5479609854
0.582306523
0.6423216099
0.9003271406
0.6797171451
0.6082022906
0.5574390734
0.5273107266
0.5146538977
0.5151900973
0.5257358807
0.545700472
0.579173792
0.6376863723
0.889250479
0.6099676328
0.5583458418
0.5274758392
0.5142252069
0.5142833246
0.5243919274
0.5438585369
0.5766239649
0.6339217616
0.8802845413
0.6116764016
0.5592328906
0.5276465657
0.5138189422
0.5134106658
0.5230941423
0.5420785254
0.5741612531
0.6302921008
0.8716690886
0.613383253
0.5601272572
0.5278282832
0.5134234835
0.5125475178
0.5218058466
0.540310191
0.5717161238
0.6266946661
0.8631617809
0.6150959892
0.5610345929
0.5280236599
0.5130393956
0.5116942713
0.520526745
0.5385530972
0.5692880909
0.6231288855
0.8547629753
0.5619580097
0.5282343826
0.5126676716
0.5108507666
0.5192566316
0.5368069149
0.5668767652
0.6195942202
0.8464716675
0.5628990784
0.5284613136
0.5123086358
0.510016984
0.5179952987
0.5350713414
0.5644817725
0.6160901326
0.8382864156
0.5638594826
0.528705361
0.5119626803
0.5091929885
0.5167426299
0.5333461596
0.5621028141
0.6126161151
0.8302051885
0.5648407014
0.5289672961
0.5116301354
0.5083788516
0.5154985544
0.5316312252
0.5597396981
0.6091718579
0.8222269181
0.5292478907
0.511311389
0.5075747074
0.514263049
0.5299264374
0.5573922623
0.6057570315
0.8143500062
0.5295478888
0.5110068376
0.506780712
0.513036122
0.5282317124
0.5550603374
0.6023712859
0.8065728671
0.5298680995
0.5107169382
0.5059970548
0.5118178064
0.5265469804
0.5527437623
0.5990142446
0.7988935018
0.5104420728
0.5052239333
0.5106081772
0.5248722396
0.5504424729
0.5956857136
0.7913109598
0.5101826923
0.504461592
0.5094073278
0.5232074903
0.5481563985
0.5923854523
0.783823819
0.5037103615
0.5082153993
0.5215527509
0.5458854539
0.5891131914
0.7764307079
0.5029836606
0.5070559705
0.5199417635
0.543676637
0.5859373397
0.7692949883
0.5059053938
0.5183423717
0.5414864686
0.5827961444
0.7622870358
0.5047636158
0.5167544771
0.5393147413
0.5796890813
0.7554035621
0.5151779875
0.5371612265
0.5766155972
0.7486413929
0.5350258643
0.5735751978
0.7419970222
0.5329082528
0.570567314
0.7354679115
0.7290512074
)
;

boundaryField
{
    duvar
    {
        blended         1;
        beta1           0.075;
        type            omegaWallFunction;
        value           nonuniform List<scalar> 
646
(
21065.46878
21044.95536
2342.717762
2343.988623
2346.020386
2349.207069
2351.438533
2354.903112
2358.648779
2363.522207
2369.348893
2376.567553
2385.589803
2396.752385
2411.082455
2429.096396
2451.609873
2478.544812
2510.784016
2545.549515
2580.396782
2608.237415
2625.050548
2621.71922
2600.235695
2552.820907
2487.066877
2407.311381
2328.226842
2239.63255
2154.096074
2067.347511
1978.932442
1891.263636
1801.444412
1712.696804
1624.691534
1542.694388
1468.434451
1397.021055
1326.20316
1256.611683
1192.268604
1133.753889
1084.939822
1050.107853
1028.283266
1016.704783
1010.307136
1004.61886
999.4373995
995.9886018
995.2582819
998.085574
1002.556945
1006.194476
1005.992504
1002.299393
998.3866628
997.0608511
998.9887925
1003.367274
1008.551105
1013.962317
1019.143688
1024.005019
1026.177233
1028.275181
21108.27975
21082.75689
21072.86182
21073.74358
21094.45159
21064.36775
2534.08306
2536.738202
2540.76037
2543.75374
2548.294999
2553.402611
2560.17466
2568.570901
2579.193793
2592.615625
2609.186248
2629.827396
2654.663524
2685.408231
2720.741805
2761.105862
2802.861634
2844.073053
2875.649844
2893.420093
2885.648265
2854.412622
2795.374708
2706.655774
2596.034833
2489.2217
2384.84992
2283.725893
2171.971018
2069.857386
1961.008558
1848.403337
1729.220995
1607.720028
1489.595835
1387.509072
1297.200293
1218.158027
1151.591696
1096.974332
1057.63502
1032.882129
1019.431456
1012.637769
1008.571343
1006.082948
1004.496136
1004.056973
1005.701941
1010.540871
1017.849773
1024.92806
1027.208901
1024.254449
1017.463386
1014.731748
1014.139448
1015.531622
1018.974999
1022.91696
1026.936504
1030.809193
1034.670763
1037.81482
1039.332202
21123.65381
21103.29962
21095.38259
21098.34665
16577.71083
2616.027798
2620.076347
2623.565005
2628.045641
2631.560261
2638.724103
2643.82617
2653.475441
2661.946159
2674.753828
2691.430505
2712.435102
2738.512914
2770.225013
2807.935254
2849.795898
2894.14156
2935.538081
2968.967646
2983.73139
2974.966483
2936.543219
2864.932979
2757.642131
2635.853088
2511.462928
2399.392706
2295.087741
2179.823601
2079.48092
1971.035567
1851.806948
1721.538539
1586.923685
1461.701812
1354.662191
1260.346241
1180.915706
1115.860109
1069.654608
1042.495244
1029.326247
1022.09716
1017.155345
1014.57264
1013.284786
1013.595147
1015.523567
1019.445454
1025.420391
1032.800151
1039.03695
1041.022082
1039.153822
1034.307726
1030.871615
1029.889542
1030.673423
1033.758855
1037.732793
1042.394352
1047.60857
1053.495357
1059.682109
1065.353613
16616.04554
21118.14577
21111.94475
21117.01812
10315.68202
2661.134454
2666.520437
2670.232843
2676.291848
2681.928975
2691.0887
2698.959032
2714.827755
2726.201952
2753.717477
2770.602746
2807.497516
2832.333757
2875.238275
2914.389842
2961.674649
3005.916412
3040.492811
3053.997132
3046.454274
3005.529788
2928.480456
2813.678261
2679.198987
2535.078993
2407.830048
2296.868686
2183.970225
2089.826093
1984.668877
1863.844208
1728.930305
1587.766024
1456.000374
1341.220258
1243.385355
1163.982898
1103.824004
1066.030251
1044.242082
1034.262589
1027.952806
1023.759887
1021.37755
1020.934896
1022.199787
1024.415186
1028.108341
1033.878137
1040.732933
1046.09403
1048.847068
1048.199684
1044.375618
1040.124747
1038.277107
1037.930236
1040.405089
1044.875611
1051.218896
1059.624079
1070.257006
1082.991385
1097.22081
10370.54765
21129.0009
21121.87379
21127.32423
6852.563409
2709.00085
2715.490028
2722.386621
2731.422565
2742.179972
2755.693763
2772.3941
2793.080652
2818.476676
2848.764599
2881.208407
2917.51935
2960.332749
3004.260877
3055.277267
3090.808805
3107.074514
3096.495879
3052.805746
2968.601408
2850.736697
2700.826744
2540.036648
2393.88679
2276.565035
2166.5311
2080.242924
1980.050838
1859.768483
1722.808525
1578.284293
1444.419839
1328.747249
1233.443931
1156.653874
1100.981441
1066.998399
1048.309659
1038.332923
1031.496564
1027.099363
1024.203242
1023.221911
1023.806974
1025.339654
1028.129749
1032.68113
1038.461281
1044.46831
1048.56021
1049.58072
1047.265665
1042.725368
1037.570887
1033.853648
1032.761351
1034.892017
1040.253158
1049.037378
1061.457713
1077.592488
1096.871079
6900.578224
21126.34658
21120.27021
21127.57392
2745.306778
2752.639664
2762.199177
2773.46592
2787.545035
2804.898089
2826.324036
2852.609457
2884.386848
2922.012136
2965.12659
3005.449952
3037.023439
3091.120696
3130.089307
3151.190694
3139.46962
3095.535788
3006.676748
2882.478328
2717.908881
2540.063462
2369.377798
2244.515814
2143.28409
2068.754873
1976.389482
1859.856663
1724.31409
1582.07092
1450.074045
1336.235688
1242.075689
1166.572713
1111.900023
1076.99154
1058.190092
1047.714029
1039.413166
1034.16234
1030.4356
1028.052017
1027.239897
1027.885834
1029.772404
1032.924048
1037.59482
1043.081206
1048.043377
1050.853053
1050.920888
1047.734318
1042.354005
1036.089728
1031.061608
1028.877594
1030.525056
1037.078023
1048.321366
1064.488402
1084.977222
5027.750227
21120.33801
21115.75957
21123.65443
2775.165259
2785.238738
2797.005322
2811.610218
2829.526785
2851.54429
2878.554932
2911.034156
2949.658983
2994.154559
3039.050306
3072.804746
3118.160219
3159.694685
3185.242062
3174.027381
3132.628553
3040.848098
2909.607414
2735.294241
2543.635621
2350.118229
2211.148872
2115.939841
2053.938201
1971.415514
1860.507428
1727.421365
1587.759004
1457.75802
1347.417711
1255.238189
1181.437667
1126.124281
1089.924898
1067.953361
1056.334773
1047.156525
1040.264387
2798.650154
2811.003959
2826.249337
2844.821333
2867.548061
2895.261536
2928.64266
2968.399593
3014.712762
3060.865189
3099.094154
3137.322269
3180.960692
3210.106006
3200.382569
3162.354772
3071.140297
2933.988912
2753.627923
2545.921336
2331.516249
2173.313035
2083.514297
2036.659248
1967.143183
1863.545547
1733.94645
1598.252342
1471.973461
1364.987849
1274.879408
1201.637261
1145.167798
2802.060863
2814.994218
2830.843915
2849.998577
2873.356474
2901.718981
2936.046318
2977.138157
3025.545056
3072.384933
3114.926702
3147.055645
3195.153369
3227.401551
3221.56332
3186.561787
3095.880277
2953.965148
2769.625261
2548.390033
2316.840934
2136.779183
2047.833713
2013.94746
1963.845459
1867.918409
1741.694211
1609.935748
1486.897408
1383.065988
1295.887169
2809.546613
2825.991871
2845.772669
2869.707943
2898.837392
2934.312919
2976.748835
3026.43052
3074.508724
3120.319763
3150.301555
3201.872996
3238.304282
3235.811362
3208.803652
3115.137783
2972.146078
2784.383551
2554.442578
2308.871662
2104.415926
2008.101525
1984.936768
1957.734897
1870.062392
1747.6371
1619.369702
1499.922325
2810.527344
2830.797076
2855.384553
2885.487063
2921.842234
2965.71815
3016.256737
3065.436867
3114.89676
3143.730615
3200.127798
3241.399395
3243.279749
3225.429177
3130.734863
2987.747688
2795.814966
2558.022532
2299.522329
2072.767913
1963.360406
1956.056865
1949.104297
1870.874541
1753.935092
1629.460397
2810.485337
2835.751952
2866.525288
2903.419491
2948.123953
2999.360837
3049.664395
3102.738779
3130.903916
3192.38233
3239.846142
3246.858627
3239.973899
3144.366468
3000.332942
2804.334204
2559.105428
2289.109849
2044.947869
1915.193953
1923.371955
1935.040972
1870.606022
2802.371593
2833.367517
2870.641815
2915.422938
2967.308068
3018.243283
3074.87545
3102.61707
3170.544575
3223.375244
3244.278203
3243.732033
3150.312977
3006.139904
2807.22759
2556.855672
2283.944166
2023.999776
1869.204352
1889.931764
1918.364763
2769.107164
2800.326158
2838.032422
2883.146965
2935.634555
2987.104607
3047.112808
3074.928894
3148.201286
3205.771363
3242.966709
3248.152492
3156.004566
3009.736759
2807.010785
2551.995117
2279.720235
2006.811396
1829.138976
2738.339777
2775.638218
2820.221295
2872.507954
2923.692873
2985.303184
3014.943735
3093.924305
3160.397175
3213.434346
3232.563857
3146.893563
)
;
    }
    disalan
    {
        type            freestream;
        freestreamValue uniform 1.95;
        value           nonuniform List<scalar> 
1425
(
1.95
1.95
1.95
1.95
1.95
1.95
1.95
1.95
1.95
1.95
1.95
1.95
1.95
1.95
1.95
1.95
1.95
1.95
1.95
1.95
1.95
1.95
1.95
1.95
1.95
1.95
1.95
1.95
1.95
1.95
1.95
1.95
1.95
1.95
1.95
1.95
1.95
1.95
1.95
1.95
1.95
1.95
1.95
1.95
1.95
1.95
1.95
1.95
1.95
0.890770616
0.8816517618
0.8728156978
0.8641284474
0.855584614
0.8471800811
0.8389100548
0.8307711303
0.8227586432
0.8148697568
0.8070998507
0.7994468548
0.791906307
0.7844764773
0.7771528879
0.7701043611
0.763174228
0.7563611089
0.7496603694
0.743068773
0.7365838335
0.7302048305
0.7239273445
1.95
1.95
1.95
1.95
1.95
1.95
1.95
1.95
1.95
1.95
1.95
1.95
1.95
1.95
1.95
1.95
1.95
1.95
1.95
1.95
1.95
1.95
1.95
1.95
1.95
1.95
1.95
1.95
1.95
1.95
1.95
1.95
1.95
1.95
1.95
1.95
1.95
1.95
1.95
1.95
1.95
1.95
1.95
1.95
1.95
1.95
1.95
1.95
1.95
0.8902724337
0.8811674696
0.87235348
0.8636870992
0.855163178
0.8467776083
0.8385257787
0.8304043712
0.8224087968
0.8145363039
0.8067822651
0.7991446817
0.7916191326
0.7842039131
0.7768945787
0.7698573481
0.7629381398
0.7561355883
0.7494450834
0.7428637118
0.7363887083
0.7300193457
0.7237512318
1.95
1.95
1.95
1.95
1.95
1.95
1.95
1.95
1.95
1.95
1.95
1.95
1.95
1.95
1.95
1.95
1.95
1.95
1.95
1.95
1.95
1.95
1.95
1.95
1.95
1.95
1.95
1.95
1.95
1.95
1.95
1.95
1.95
1.95
1.95
1.95
1.95
1.95
1.95
1.95
1.95
1.95
1.95
1.95
1.95
1.95
1.95
1.95
1.95
0.889824553
0.8807275446
0.8719314798
0.8632830698
0.8547768454
0.8464084662
0.8381732855
0.8300679968
0.8220880364
0.8142306975
0.8064913547
0.7988680443
0.7913563876
0.7839546994
0.7766585658
0.7696316125
0.7627223466
0.7559294142
0.7492482278
0.7426761417
0.736210162
0.7298495556
0.7235899547
1.95
1.95
1.95
1.95
1.95
1.95
1.95
1.95
1.95
1.95
1.95
1.95
1.95
1.95
1.95
1.95
1.95
1.95
1.95
1.95
1.95
1.95
1.95
1.95
1.95
1.95
1.95
1.95
1.95
1.95
1.95
1.95
1.95
1.95
1.95
1.95
1.95
1.95
1.95
1.95
1.95
1.95
1.95
1.95
1.95
1.95
1.95
1.95
1.95
0.8893843261
0.8803034363
0.8715289453
0.8629000688
0.8544120222
0.8460608702
0.8378421355
0.8297526991
0.8217880968
0.8139456897
0.8062209098
0.7986117957
0.79111402
0.7837259156
0.7764430916
0.769426774
0.7625277882
0.7557447936
0.7490732242
0.742510666
0.7360539314
0.7297022849
0.723451381
1.95
1.95
1.95
1.95
1.95
1.95
1.95
1.95
1.95
1.95
1.95
1.95
1.95
1.95
1.95
1.95
1.95
1.95
1.95
1.95
1.95
1.95
1.95
1.95
1.95
1.95
1.95
1.95
1.95
1.95
1.95
1.95
1.95
1.95
1.95
1.95
1.95
1.95
1.95
1.95
1.95
1.95
1.95
1.95
1.95
1.95
1.95
1.95
1.95
0.8889861975
0.8799156542
0.8711587118
0.8625465605
0.8540745503
0.8457388868
0.837535079
0.829460113
0.8215095761
0.8136808638
0.8059694631
0.798373394
0.7908883774
0.78351276
0.7762421724
0.7692356807
0.7623461961
0.7555723887
0.7489097128
0.7423559482
0.7359077481
0.7295643736
0.7233215007
1.95
1.95
1.95
1.95
1.95
1.95
1.95
1.95
1.95
1.95
1.95
1.95
1.95
1.95
1.95
1.95
1.95
1.95
1.95
1.95
1.95
1.95
1.95
1.95
1.95
1.95
1.95
1.95
1.95
1.95
1.95
1.95
1.95
1.95
1.95
1.95
1.95
1.95
1.95
1.95
1.95
1.95
1.95
1.95
1.95
1.95
1.95
1.95
1.95
0.8886190845
0.879557893
0.8708171659
0.8622205082
0.8537633926
0.8454421506
0.8372522774
0.8291908521
0.8212535069
0.8134376665
0.8057388663
0.798155107
0.7906821523
0.7833183595
0.7760593767
0.7690623098
0.7621819369
0.7554169381
0.7487627869
0.7422174283
0.7357773826
0.7294419084
1.95
1.95
1.95
1.95
1.95
1.95
1.95
1.95
1.95
1.95
1.95
1.95
1.95
1.95
1.95
1.95
1.95
1.95
1.95
1.95
1.95
1.95
1.95
1.95
1.95
1.95
1.95
1.95
1.95
1.95
1.95
1.95
1.95
1.95
1.95
1.95
1.95
1.95
1.95
1.95
1.95
1.95
1.95
1.95
1.95
1.95
1.95
1.95
1.95
0.8882794973
0.8792267414
0.8705009715
0.8619186287
0.8534752943
0.8451674135
0.8369904666
0.8289416161
0.8210165341
0.8132126707
0.8055256046
0.7979533175
0.7904916123
0.7831388538
0.7758907075
0.7689025117
0.7620307155
0.7552740072
0.7486278798
0.742090418
0.7356580313
0.7293299765
1.95
1.95
1.95
1.95
1.95
1.95
1.95
1.95
1.95
1.95
1.95
1.95
1.95
1.95
1.95
1.95
1.95
1.95
1.95
1.95
1.95
1.95
1.95
1.95
1.95
1.95
1.95
1.95
1.95
1.95
1.95
1.95
1.95
1.95
1.95
1.95
1.95
1.95
1.95
1.95
1.95
1.95
1.95
1.95
1.95
1.95
1.95
1.95
1.95
0.8879712446
0.878926008
0.870213951
0.8616447497
0.8532140804
0.8449184898
0.8367534416
0.8287161742
0.8208023944
0.8130095755
0.8053333341
0.7977716353
0.7903203157
0.7829777482
0.775739612
0.7687598311
0.7618961697
0.7551473253
0.7485088072
0.7419788217
0.7355536841
0.7292326513
1.95
1.95
1.95
1.95
1.95
1.95
1.95
1.95
1.95
1.95
1.95
1.95
1.95
1.95
1.95
1.95
1.95
1.95
1.95
1.95
1.95
1.95
1.95
1.95
1.95
1.95
1.95
1.95
1.95
1.95
1.95
1.95
1.95
1.95
1.95
1.95
1.95
1.95
1.95
1.95
1.95
1.95
1.95
1.95
1.95
1.95
1.95
1.95
1.95
0.8876814206
0.8786434841
0.8699445392
0.8613879135
0.8529693685
0.8446855366
0.8365318882
0.8285057069
0.820602739
0.8128204814
0.8051545848
0.7976029992
0.7901615917
0.7828287461
0.7756001509
0.7686285916
0.7617728775
0.7550317191
0.7484006367
0.7418779456
0.7354598784
0.729145697
1.95
1.95
1.95
1.95
1.95
1.95
1.95
1.95
1.95
1.95
1.95
1.95
1.95
1.95
1.95
1.95
1.95
1.95
1.95
1.95
1.95
1.95
1.95
1.95
1.95
1.95
1.95
1.95
1.95
1.95
1.95
1.95
1.95
1.95
1.95
1.95
1.95
1.95
1.95
1.95
1.95
1.95
1.95
1.95
1.95
1.95
1.95
1.95
1.95
0.8874075231
0.8783766825
0.8696902788
0.8611456901
0.8527387534
0.8444661641
0.836323443
0.8283078674
0.8204152371
0.812643071
0.8049870525
0.7974451159
0.790013158
0.7826895735
0.7754700603
0.7685063632
0.7616582505
0.7549244444
0.7483004764
0.7417847551
0.7353734443
0.7290658097
1.95
1.95
1.95
1.95
1.95
1.95
1.95
1.95
1.95
1.95
1.95
1.95
1.95
1.95
1.95
1.95
1.95
1.95
1.95
1.95
1.95
1.95
1.95
1.95
1.95
1.95
1.95
1.95
1.95
1.95
1.95
1.95
1.95
1.95
1.95
1.95
1.95
1.95
1.95
1.95
1.95
1.95
1.95
1.95
1.95
1.95
1.95
1.95
1.95
0.8871536686
0.8781291503
0.8694541928
0.8609205665
0.8525241717
0.8442617526
0.836128897
0.828122856
0.8202394866
0.8124763298
0.8048290998
0.7972957199
0.7898721145
0.7825566916
0.7753451587
0.7683884046
0.7615470087
0.7548197048
0.7482020327
0.7416924825
0.7352871576
0.7289853296
1.95
1.95
1.95
1.95
1.95
1.95
1.95
1.95
1.95
1.95
1.95
1.95
1.95
1.95
1.95
1.95
1.95
1.95
1.95
1.95
1.95
1.95
1.95
1.95
1.95
1.95
1.95
1.95
1.95
1.95
1.95
1.95
1.95
1.95
1.95
1.95
1.95
1.95
1.95
1.95
1.95
1.95
1.95
1.95
1.95
1.95
1.95
1.95
1.95
0.8869232893
0.8779043691
0.869239882
0.8607162625
0.8523294816
0.8440763276
0.8359524488
0.8279550728
0.8200801078
0.8123251174
0.8046858434
0.7971601996
0.7897441364
0.7824360755
0.7752317324
0.7682812926
0.7614460061
0.7547246185
0.7481126756
0.7416087398
0.7352088618
0.7289123196
1.95
1.95
1.95
1.95
1.95
1.95
1.95
1.95
1.95
1.95
1.95
1.95
1.95
1.95
1.95
1.95
1.95
1.95
1.95
1.95
1.95
1.95
1.95
1.95
1.95
1.95
1.95
1.95
1.95
1.95
1.95
1.95
1.95
1.95
1.95
1.95
1.95
1.95
1.95
1.95
1.95
1.95
1.95
1.95
1.95
1.95
1.95
1.95
1.95
0.886721442
0.8776994068
0.8690403506
0.860523814
0.8521448855
0.8438998746
0.8357842065
0.8277949364
0.8199279398
0.8121807561
0.8045491299
0.7970309523
0.7896221907
0.7823212741
0.775123923
0.7681797311
0.7613504892
0.7546349538
0.7480286769
0.7415302847
0.7351357828
0.728844455
1.95
1.95
1.95
1.95
1.95
1.95
1.95
1.95
1.95
1.95
1.95
1.95
1.95
1.95
1.95
1.95
1.95
1.95
1.95
1.95
1.95
1.95
1.95
1.95
1.95
1.95
1.95
1.95
1.95
1.95
1.95
1.95
1.95
1.95
1.95
1.95
1.95
1.95
1.95
1.95
1.95
1.95
1.95
1.95
1.95
1.95
1.95
1.95
1.95
0.8865156686
0.8774983521
0.8688484454
0.860340661
0.8519701624
0.8437332887
0.8356255137
0.8276438692
0.8197842746
0.8120442868
0.8044196738
0.7969083187
0.7895062104
0.7822117898
0.7750207841
0.7680823248
0.7612586303
0.754548468
0.7479473952
0.7414540944
0.7350645319
0.7287779975
1.95
1.95
1.95
1.95
1.95
1.95
1.95
1.95
1.95
1.95
1.95
1.95
1.95
1.95
1.95
1.95
1.95
1.95
1.95
1.95
1.95
1.95
1.95
1.95
1.95
1.95
1.95
1.95
1.95
1.95
1.95
1.95
1.95
1.95
1.95
1.95
1.95
1.95
1.95
1.95
1.95
1.95
1.95
1.95
1.95
1.95
1.95
1.95
1.95
0.886313654
0.8773091926
0.8686723528
0.8601751546
0.8518138228
0.8435852561
0.8354852571
0.8275109873
0.8196584867
0.8119253711
0.8043074523
0.7968026165
0.7894068785
0.7821186916
0.7749337904
0.7680009349
0.7611826595
0.7544777416
0.7478817445
0.7413934007
0.7350086436
0.728726768
1.95
1.95
1.95
1.95
1.95
1.95
1.95
1.95
1.95
1.95
1.95
1.95
1.95
1.95
1.95
1.95
1.95
1.95
1.95
1.95
1.95
1.95
1.95
1.95
1.95
1.95
1.95
1.95
1.95
1.95
1.95
1.95
1.95
1.95
1.95
1.95
1.95
1.95
1.95
1.95
1.95
1.95
1.95
1.95
1.95
1.95
1.95
1.95
1.95
0.8861537851
0.8771446992
0.8685111868
0.8600191251
0.851663806
0.8434416203
0.8353481256
0.8273803092
0.8195341663
0.8118072835
0.804195469
0.7966965886
0.7893066693
0.7820241699
0.7748448294
0.7679171447
0.761103874
0.7544038031
0.7478125004
0.7413287424
0.7349484337
0.728670874
1.95
1.95
1.95
1.95
1.95
1.95
1.95
1.95
1.95
1.95
1.95
1.95
1.95
1.95
1.95
1.95
1.95
1.95
1.95
1.95
1.95
1.95
1.95
1.95
1.95
1.95
1.95
1.95
1.95
1.95
1.95
1.95
1.95
1.95
1.95
1.95
1.95
1.95
1.95
1.95
1.95
1.95
1.95
1.95
1.95
1.95
1.95
1.95
1.95
0.8859533896
0.8769572175
0.8683362512
0.8598542478
0.8515075771
0.8432931982
0.8352069992
0.8272461027
0.8194066223
0.8116862005
0.8040806884
0.796587955
0.7892040513
0.7819274459
0.7747538855
0.7678316676
0.7610236867
0.7543287359
0.7477423917
0.7412634683
0.734887848
0.7286148336
1.95
1.95
1.95
1.95
1.95
1.95
1.95
1.95
1.95
1.95
1.95
1.95
1.95
1.95
1.95
1.95
1.95
1.95
1.95
1.95
1.95
1.95
1.95
1.95
1.95
1.95
1.95
1.95
1.95
1.95
1.95
1.95
1.95
1.95
1.95
1.95
1.95
1.95
1.95
1.95
1.95
1.95
1.95
1.95
1.95
1.95
1.95
1.95
1.95
0.8857942898
0.8768018174
0.8681880443
0.8597129525
0.8513729769
0.8431651028
0.8350852559
0.8271305399
0.8192970997
0.8115825882
0.8039828729
0.7964958132
0.7891174749
0.7818463319
0.7746781349
0.7677610605
0.7609580532
0.7542679133
0.7476862242
0.7412118344
0.7348406069
0.7285718474
1.95
1.95
1.95
1.95
1.95
1.95
1.95
1.95
1.95
1.95
1.95
1.95
1.95
1.95
1.95
1.95
1.95
1.95
1.95
1.95
1.95
1.95
1.95
1.95
1.95
1.95
1.95
1.95
1.95
1.95
1.95
1.95
1.95
1.95
1.95
1.95
1.95
1.95
1.95
1.95
1.95
1.95
1.95
1.95
1.95
1.95
1.95
1.95
1.95
0.8857189444
0.8767200684
0.8681074419
0.8596354971
0.8512996848
0.8430964398
0.8350214292
0.8270715608
0.8192429344
0.8115331454
0.8039380692
0.7964555176
0.7890815858
0.7818147199
0.7746507001
0.7677376506
0.7609385166
0.7542520733
0.7476739451
0.7412029785
0.7348350552
0.728569451
1.95
1.95
1.95
1.95
1.95
1.95
1.95
1.95
1.95
1.95
1.95
1.95
1.95
1.95
1.95
1.95
1.95
1.95
1.95
1.95
1.95
1.95
1.95
1.95
1.95
1.95
1.95
1.95
1.95
1.95
1.95
1.95
1.95
1.95
1.95
1.95
1.95
1.95
1.95
1.95
1.95
1.95
1.95
1.95
1.95
1.95
1.95
1.95
1.95
0.889250479
0.8802845413
0.8716690886
0.8631617809
0.8547629753
0.8464716675
0.8382864156
0.8302051885
0.8222269181
0.8143500062
0.8065728671
0.7988935018
0.7913109598
0.783823819
0.7764307079
0.7692949883
0.7622870358
0.7554035621
0.7486413929
0.7419970222
0.7354679115
0.7290512074
)
;
    }
    cikis
    {
        type            zeroGradient;
    }
    kok
    {
        type            symmetryPlane;
    }
    uc
    {
        type            freestream;
        freestreamValue uniform 1.95;
        value           nonuniform List<scalar> 
1178
(
0.5063757477
0.520647293
0.5363897568
0.5598918772
0.5879385134
0.6281208005
0.6831360772
0.7630403231
0.8878750169
1.097780168
1.508158898
0.4683916233
0.4701819071
0.4736088836
0.4776129149
0.4821895812
0.4883519612
0.49666603
0.5063671563
0.5205776309
0.5363306796
0.5598161554
0.5877405321
0.6280945199
0.6829318375
0.7629632879
0.8876107657
1.097553071
1.507946344
0.4728505326
0.4686651924
0.466965413
0.4667590437
0.4682784636
0.4700752752
0.4735659153
0.4775212586
0.4820560046
0.4883276023
0.4965758808
0.5063461513
0.5204407776
0.5362952077
0.5597672862
0.587654686
0.6280641136
0.6827251926
0.7627769378
0.8873854756
1.097277283
1.507720777
0.4849441309
0.4812562541
0.4774152644
0.4727323017
0.4685626919
0.4668604676
0.466655453
0.468184463
0.4700050606
0.4734987251
0.4774445263
0.481975565
0.4882717724
0.4964636514
0.5063375173
0.5203751747
0.5362574482
0.5596582674
0.5874686185
0.6279804751
0.6824871342
0.7626919126
0.8870855863
1.097000724
1.507464394
0.4844683091
0.4813385088
0.4773316372
0.4725905479
0.4684674852
0.4667847642
0.4665782941
0.4680916232
0.4699186115
0.4734680111
0.4773407518
0.4818491014
0.4882478353
0.4963874195
0.5063026405
0.5202316263
0.5362067181
0.5595754888
0.5873941481
0.6279329252
0.6822877223
0.7624545206
0.886803753
1.096683644
1.507179299
0.4841751267
0.4813851758
0.4772778539
0.4724870261
0.4683953202
0.4667048169
0.466486185
0.4680053381
0.4698699998
0.4734099201
0.4772247225
0.4817835971
0.4881831764
0.4962709033
0.5062935971
0.5201698235
0.5361793319
0.5594581891
0.5872118432
0.6277955655
0.682009468
0.762353765
0.886476232
1.096355814
1.506864257
0.4838795655
0.4814509208
0.4772313623
0.4723645118
0.4683141453
0.4666537626
0.4664294916
0.4679320847
0.4697959602
0.4733700843
0.4771006188
0.4816649559
0.4881562669
0.4962043414
0.5062453749
0.5200204623
0.536111384
0.5593388855
0.5871433012
0.6277310413
0.6818242063
0.7620793049
0.8861348645
1.095992354
1.506522109
0.4836837412
0.4815748217
0.4771137061
0.4722606799
0.4682745858
0.466628031
0.4663634908
0.4678547695
0.4697601703
0.4733033357
0.4769447905
0.4816155945
0.4880877385
0.496081891
0.5062324659
0.5199585851
0.5360854615
0.5592216232
0.5869562104
0.6275429379
0.6815027849
0.7619316236
0.8857828408
1.095616768
1.506143448
0.4837149717
0.4815774836
0.4769973533
0.4721650181
0.4682248376
0.4666453199
0.4663463665
0.4678168166
0.4696940786
0.4732375327
0.4768023967
0.4815143726
0.4880367985
0.4960230769
0.5061703439
0.5198021748
0.5360003058
0.5590674157
0.5868891343
0.627461717
0.6813299611
0.7616371163
0.8853862397
1.095200515
1.505751554
0.4836645058
0.4814871015
0.4768778355
0.4720566079
0.468257751
0.4667194596
0.4663748325
0.4677664108
0.4696606144
0.4731544433
0.4766112366
0.4814830302
0.4879690933
0.4958941994
0.5061534536
0.5197390393
0.5359699843
0.5589527366
0.5866971614
0.6272231346
0.6809651313
0.7614319653
0.8850054741
1.094780259
1.505310995
0.4836797623
0.4812115435
0.4767752502
0.4720060402
0.4683600738
0.466832723
0.4664418258
0.4677671574
0.4695963718
0.4730523355
0.476448728
0.481405049
0.4878938495
0.4958398508
0.5060759965
0.5195721739
0.5358661087
0.5587645606
0.5866129326
0.6271272606
0.6808011204
0.7611229895
0.8845595734
1.094306013
1.504872718
0.483625435
0.4809734028
0.4766298057
0.4720278013
0.4684918319
0.4669436273
0.4665101398
0.4677621147
0.4695538517
0.4729446269
0.476232154
0.4813875983
0.4878276746
0.4957055734
0.5060545527
0.51950644
0.535829272
0.558651024
0.586427155
0.6268416773
0.6803925393
0.7608530415
0.8841444682
1.093845679
1.504371816
0.48354543
0.4807432841
0.4765524322
0.4721630331
0.468671714
0.4670375835
0.4665751384
0.4677340794
0.4694781616
0.4727923935
0.476080426
0.4813254039
0.4877161902
0.4956540991
0.5059589276
0.5193249028
0.5357062373
0.5584299914
0.5863021562
0.6267242828
0.6802318657
0.7605329421
0.8836555466
1.093308212
1.503881516
0.4834148093
0.4806564811
0.4765449275
0.4722898355
0.4687825896
0.4671391829
0.4666285191
0.4677004892
0.4694376426
0.4726586284
0.4758705348
0.4813080067
0.4876380989
0.4955113085
0.505930274
0.5192536972
0.535654547
0.5583109396
0.5861275084
0.6264114138
0.6797773862
0.7601911229
0.8831959293
1.092805365
1.50330888
0.4830606436
0.4799064716
1.95
1.95
1.95
0.4672022029
0.4666841924
0.4676012653
0.4693256689
0.4724491085
0.4757371293
0.4812572599
0.4874784212
0.495458561
0.5058098235
0.519050776
0.5355105123
0.5580576662
0.5859557489
0.6262369638
0.6796117121
0.7598604672
0.8826688528
1.092197908
1.502756955
1.95
1.95
1.95
1.95
1.95
1.95
0.4667122511
0.4675309863
0.4692527818
0.4723055974
0.4755511194
0.4812165424
0.487379289
0.4953054867
0.505769206
0.5189694969
0.5354396221
0.5579249576
0.5857837166
0.6259137889
0.6791094727
0.7594408994
0.8821533739
1.091649534
1.502103687
1.95
1.95
1.95
1.95
1.95
1.95
1.95
0.4673466247
0.4690453014
0.4720493913
0.475436683
0.4811669101
0.487159824
0.4952507026
0.5056232237
0.5187358251
0.535267875
0.5576360076
0.5855609793
0.6256707429
0.6789328065
0.7590974415
0.8815915501
1.090964643
1.501477289
1.95
1.95
1.95
1.95
1.95
1.95
1.95
0.4669250147
0.4689897759
0.4719063023
0.475300671
0.4810716843
0.4870286097
0.495085654
0.5055435304
0.5186383357
0.5351724471
0.5574801103
0.5853810035
0.6253390058
0.6783849753
0.7585919443
0.8810046519
1.090361288
1.500728148
1.95
1.95
1.95
1.95
1.95
1.95
1.95
1.95
0.4687180505
0.4715403152
0.4751980958
0.480967964
0.4867434205
0.4950280077
0.5053790841
0.5183640955
0.5349635181
0.5571490937
0.5851023929
0.6250144541
0.6781704563
0.7582297631
0.8804103874
1.08959171
1.500023199
1.95
1.95
1.95
1.95
1.95
1.95
1.95
1.95
0.4679751507
0.4714902548
0.4751192987
0.4807687515
0.4865848373
0.494849679
0.5052212047
0.518244657
0.5348375096
0.5569603148
0.5849030382
0.6246730688
0.6775865919
0.757634777
0.8797378184
1.08892807
1.499187063
1.95
1.95
1.95
1.95
1.95
1.95
1.95
1.95
1.95
0.471203641
0.4748870624
0.4806165045
0.4862535678
0.4947836738
0.5050398553
0.5179272875
0.5345824974
0.5565831073
0.5845667692
0.6242577625
0.6773156362
0.7572452232
0.879115964
1.088074886
1.498430131
1.95
1.95
1.95
1.95
1.95
1.95
1.95
1.95
0.4702063601
0.4749041496
0.4803570759
0.4860766183
0.4945881388
0.5047841996
0.5177841427
0.5344210375
0.5563556138
0.5843378192
0.6239066936
0.6767075812
0.7565648
0.8783483206
1.087352559
1.497553422
1.95
1.95
1.95
1.95
1.95
1.95
1.95
1.95
1.95
0.4748298607
0.4800926229
0.4857270516
0.4944997256
0.5045859968
0.5174470892
0.5341194257
0.555939223
0.5839526854
0.623404558
0.6763671697
0.756139606
0.8777098346
1.086434366
1.496824581
1.95
1.95
1.95
1.95
1.95
1.95
1.95
1.95
1.95
0.4742031932
0.4797040981
0.4855679733
0.4942812513
0.5042361529
0.5172598241
0.5339146106
0.555668629
0.5836800493
0.6230325067
0.6757136962
0.7553523162
0.8768135025
1.085638209
1.495959453
1.95
1.95
1.95
1.95
1.95
1.95
1.95
1.95
1.95
0.4732167068
0.4795663273
0.4852210527
0.4941321613
0.5039970151
0.516853574
0.5335034702
0.5551243159
0.5831492342
0.6223283038
0.6752446577
0.7547979596
0.8760240914
1.084412008
1.495307155
1.95
1.95
1.95
1.95
1.95
1.95
1.95
1.95
1.95
1.95
0.4793609996
0.4850104431
0.4938492287
0.5034714011
0.5166232165
0.5332226653
0.554768445
0.5827862456
0.6218248588
0.6742943147
0.7534273609
0.8745137227
1.083342001
1.494495969
1.95
1.95
1.95
1.95
1.95
1.95
1.95
1.95
1.95
0.4788085515
0.484439203
0.4935034521
0.5031375757
0.515988969
0.5325052583
0.5538539072
0.5818246701
0.6205461809
0.6733067418
0.752624284
0.8733468846
1.08129861
1.493460412
1.95
1.95
1.95
1.95
1.95
1.95
1.95
1.95
1.95
0.4769379795
0.4843804135
0.4931735791
0.5022904766
0.5156735414
0.5320641209
0.5533229568
0.5812536048
0.6197642954
0.6719654956
0.7500588583
0.8704304905
1.079448254
1.491958734
1.95
1.95
1.95
1.95
1.95
1.95
1.95
1.95
1.95
1.95
0.4840501492
0.492238995
0.5018258835
0.5146030537
0.5307662057
0.5517459107
0.5794697856
0.6174184504
0.669715694
0.7486144048
0.8689452913
1.076171887
1.489372506
1.95
1.95
1.95
1.95
1.95
1.95
1.95
1.95
1.95
1.95
1.95
0.4918394975
0.5004447885
0.5141159776
0.5300240389
0.550900013
0.5785008609
0.6161778861
0.6680661556
0.7447060389
0.8631989539
1.072097656
1.486342976
1.95
1.95
1.95
1.95
1.95
1.95
1.95
1.95
1.95
1.95
0.4897478963
0.4998801172
0.5126263723
0.5275005372
0.5481542668
0.5751613443
0.6119303471
0.663227951
0.7404834623
0.8611055779
1.067297998
1.48017386
1.95
1.95
1.95
1.95
1.95
1.95
1.95
1.95
1.95
1.95
1.95
1.95
0.5107478752
0.5263435545
0.5467653474
0.5734691339
0.6099033564
0.6608500988
0.7361855054
0.8492638248
1.056621171
1.474930539
1.95
1.95
1.95
1.95
1.95
1.95
1.95
1.95
1.95
1.95
1.95
1.95
1.95
1.95
0.5667267169
0.6003317042
0.6498530757
0.7239074311
0.8469053368
1.052571272
1.46113016
1.95
1.95
1.95
1.95
1.95
1.95
1.95
1.95
1.95
1.95
1.95
1.95
1.95
1.95
1.95
1.95
1.95
1.95
1.95
1.95
1.451421929
1.95
1.95
1.95
1.95
1.95
1.95
1.95
1.95
1.95
1.95
1.95
1.95
1.95
1.95
1.95
1.95
1.95
1.95
1.95
1.95
1.95
1.95
1.95
1.95
1.95
1.95
1.95
1.95
1.95
1.95
1.95
1.95
1.95
1.95
1.95
1.95
1.95
1.95
1.95
1.95
1.95
1.95
1.95
1.95
1.95
1.95
1.95
1.95
1.95
1.95
1.95
1.95
1.95
1.95
1.95
1.95
1.95
1.95
1.95
1.95
1.95
1.95
1.95
1.95
1.95
1.95
1.95
1.95
1.95
1.95
1.95
1.95
1.95
1.95
1.95
1.95
1.95
1.95
1.95
1.95
1.95
1.95
1.95
1.95
1.95
1.95
1.95
1.95
1.95
1.95
1.95
1.95
1.95
1.95
1.95
1.95
1.95
1.95
1.95
1.95
1.95
1.95
1.95
1.95
1.95
1.95
1.95
1.95
1.95
1.95
1.95
1.95
1.95
1.95
1.95
1.95
1.95
1.95
1.95
1.95
1.95
1.95
1.95
1.95
1.95
1.95
1.95
1.95
1.95
1.95
1.95
1.95
1.95
1.95
1.95
1.95
1.95
1.95
1.95
1.95
1.95
1.95
1.95
1.95
1.95
1.95
1.95
1.95
1.95
1.95
1.95
1.95
1.95
1.95
1.95
1.95
1.95
1.95
1.95
1.95
1.95
1.95
1.95
1.95
1.95
1.95
1.95
1.95
1.95
1.95
1.95
1.95
1.95
1.95
1.95
1.95
1.95
1.95
1.95
1.95
1.95
1.95
1.95
1.95
1.95
1.95
1.95
1.95
1.95
1.95
1.95
1.95
1.95
1.95
1.95
1.95
1.95
1.95
1.95
1.95
1.95
1.95
1.95
1.95
1.95
1.95
1.95
1.95
1.95
1.95
1.95
1.95
1.95
1.95
1.95
1.95
1.95
1.95
1.95
1.95
1.95
1.95
1.95
1.95
1.95
1.95
1.95
1.95
1.95
1.95
1.95
1.95
1.95
1.95
1.95
1.95
1.95
1.95
1.95
1.95
1.95
1.95
1.95
1.95
1.95
1.95
1.95
1.95
1.95
1.95
1.95
1.95
1.95
1.95
1.95
1.95
1.95
1.95
1.95
1.95
1.95
1.95
1.95
1.95
1.95
1.95
1.95
1.95
1.95
1.95
1.95
1.95
1.95
1.95
1.95
1.95
1.95
1.95
1.95
1.95
1.95
1.95
1.95
1.95
1.95
1.95
1.95
1.95
1.95
1.95
1.95
1.95
1.95
1.95
1.95
1.95
1.95
1.95
1.95
1.95
1.95
1.95
1.95
1.95
1.95
1.95
1.95
1.95
1.95
1.95
1.95
1.95
1.95
1.95
1.95
1.95
1.95
1.95
1.95
1.95
1.95
1.95
1.95
1.95
1.95
1.95
1.95
1.95
1.95
1.95
1.95
1.95
1.95
1.95
1.95
1.95
1.95
1.95
1.95
1.95
1.95
1.95
1.95
1.95
1.95
1.95
1.95
1.95
1.95
1.95
1.95
1.95
1.95
1.95
1.95
1.95
1.95
1.95
1.95
1.95
1.95
1.95
1.95
1.95
1.95
1.95
1.95
1.95
1.95
1.95
1.95
1.95
1.95
1.95
1.95
1.95
1.95
1.95
1.95
)
;
    }
    procBoundary2to0
    {
        type            processor;
        value           nonuniform List<scalar> 
1313
(
27.56870491
41.47048966
50.59634387
29.10471739
50.59634387
58.46535518
66.21367122
74.7943873
85.97651234
104.2739497
137.1268393
190.1492095
253.6642819
296.1425179
313.1463368
314.3227349
291.641407
277.3717848
276.7718471
326.577588
448.6376449
690.0378416
1706.970647
3714.257363
3714.257363
21029.37972
0.5228763776
0.5325090234
0.5478966346
0.5640151131
0.5885896032
0.6170935547
0.6594385525
0.7142538421
0.7974763122
0.9215296705
1.132234406
1.532079424
0.4867466117
0.4870457399
0.4898352862
0.4919241842
0.4965185838
0.5001751826
0.5068949354
0.5128346683
0.5128346683
2339.623732
768.7710074
206.7937393
41.89883143
18.71836784
12.01553097
8.549971087
4.947401952
3.041100533
1.974602186
0.512198115
0.5082954642
0.5055032538
0.5006369596
0.4967213654
0.4911321428
0.4878095993
0.4878095993
2532.271582
855.612674
219.5179885
50.16679353
26.16359917
18.53053102
11.2106027
6.823404893
4.154487737
1.359719333
2.622029653
1.359719333
1.007761487
0.8037726172
0.6902688007
0.6255851006
0.5805502428
0.5528591206
0.5354137918
0.5247003417
0.5182433142
0.5144266064
0.5144266064
0.5162701237
29.10471739
47.46725308
58.11361914
67.01263444
76.55581914
89.0793738
109.6815926
147.4664902
210.8720156
293.0395189
353.259221
409.5766854
452.6699721
488.9901051
529.7770999
600.3842467
716.6596461
914.7599822
1395.086266
2754.340467
4806.960086
3345.936727
4806.960086
21038.87242
21088.03912
0.5192781776
0.5303350823
0.5440701943
0.5617557706
0.5846076167
0.6146325756
0.655237678
0.7114859095
0.7930549564
0.9183725122
1.128047446
1.529680744
0.4868602508
0.4857753321
0.4870122156
0.4898602113
0.4932550284
0.497981398
0.5034725743
0.5106309323
0.5106309323
0.5137601401
0.5098197675
0.5062784191
0.5011922659
0.4962524277
0.490313008
0.490313008
2532.271582
855.612674
219.5179885
50.16679353
26.16359917
18.53053102
11.2106027
6.823404893
4.154487737
2.622029653
1.7313681
1.218527783
0.9316459696
0.7760009642
0.68588903
0.619170443
0.5781609503
0.5513374424
0.5350097609
0.525230877
0.5195469856
0.5162701237
0.5162701237
11.33539214
6.831579345
4.137963279
2.602880588
1.715988743
1.208570369
0.9260655713
0.7728905715
39.27361998
56.31450433
57.56538228
67.61531216
73.15874862
77.74195016
85.42657373
91.38903103
102.9776118
114.0157941
134.6147869
155.2643076
193.3942242
227.2099222
288.8218554
328.0078639
397.6641763
423.294667
466.3096559
506.7027848
518.81427
599.1114422
544.482497
691.800337
550.5325128
805.9974985
552.620259
969.3496525
591.7838778
1219.181209
717.043462
1611.62085
953.08585
2262.708025
3345.936727
1675.164555
3345.936727
21088.03912
0.5159562334
0.5285117808
0.5405503286
0.5599257801
0.580824929
0.6127077531
0.6513032133
0.7091683586
0.7890594216
0.9155744905
1.124355278
1.5275167
0.4861139216
0.484599755
0.4845528035
0.4880211638
0.4903206331
0.4960780082
0.5003396762
0.5087673013
0.5087673013
0.5136280691
0.5149943093
0.510997186
0.5073176836
0.5021272452
0.4971028464
0.4903714796
0.4903714796
2614.763335
807.9382759
187.5561523
51.72672191
28.13427006
20.03379051
0.6833332506
0.6179229351
0.5776846492
0.5516957649
0.5358533837
0.526388265
0.5208841811
0.5176948595
0.5176948595
0.5127406956
2657.784335
747.5135158
159.4678407
54.20726542
30.43306521
11.33539214
20.71658065
11.33539214
6.831579345
4.137963279
2.602880588
1.715988743
1.208570369
0.9260655713
0.7728905715
0.7728905715
0.6707443496
0.6092794849
0.5712920825
0.5472539554
57.56538228
73.15874862
85.42657373
102.9776118
134.6147869
193.3942242
288.8218554
397.6641763
466.3096559
518.81427
544.482497
550.5325128
552.620259
591.7838778
717.043462
953.08585
1675.164555
4449.235285
21113.83903
0.526221335
0.5381090579
0.5575376259
0.5783015094
0.6101329851
0.648597186
0.7064160759
0.7861278807
0.9125593787
1.121461353
1.525425068
0.4844084607
0.4828664385
0.4827122902
0.485876615
0.4882667413
0.4938131063
0.4981645343
0.50650099
0.5136280691
0.5136280691
0.5090011045
0.5051997884
0.5002833433
0.4951769383
0.4887234713
0.4887234713
0.5325171766
0.5237158459
0.5185686516
0.5155735301
0.5127406956
0.5127406956
2657.784335
747.5135158
159.4678407
54.20726542
30.43306521
20.71658065
11.24844207
6.7151804
4.050104937
2.540376797
1.672928099
1.17898763
0.904784947
0.7567429215
0.6707443496
0.6092794849
0.5712920825
0.5472539554
0.5472539554
0.5265967928
2698.815253
687.2492202
136.6297536
55.01946124
31.67200188
20.24154809
11.26941144
6.581602532
3.95017935
2.470923428
1.62521963
1.145300027
0.879410998
2704.801792
688.3640763
90.99047491
110.1878558
144.4353767
207.3676583
312.5577425
439.4200085
527.2004707
615.1671513
682.0624011
737.5257087
795.7979657
895.5617595
1089.195046
1454.373424
2470.953687
5958.936981
21128.38002
21128.09808
0.5239511422
0.5362068598
0.555110686
0.5763028506
0.6075607302
0.6464395056
0.7036731905
0.7837257825
0.9096965861
1.118955578
1.52350454
0.4821928037
0.4809193013
0.4808487228
0.4840283262
0.4863194295
0.4918535247
0.4962131581
0.5043937332
0.5117111781
0.5117111781
0.5050827923
0.50125753
0.4967251677
0.4914774661
0.4857398158
0.4857398158
0.5185950329
0.5139639322
0.5112861765
0.5084435163
0.5084435163
0.5010215771
0.7363560397
0.6544538109
0.5974053936
0.5621328317
0.5400588339
0.5265967928
0.5265967928
0.5136444633
136.6297536
55.01946124
31.67200188
20.24154809
11.26941144
6.581602532
3.95017935
2.470923428
1.62521963
1.145300027
0.879410998
0.879410998
0.7165083132
0.6387487627
0.5861328131
2704.801792
688.3640763
688.3640763
126.8504853
55.4660425
32.8463233
19.54090002
11.13684906
6.423001571
3.836782225
2.395088415
1.574966771
2738.351264
626.819651
335.5942081
481.8450111
597.0763757
713.642767
826.0786518
940.3693926
1085.565903
1309.63501
1711.476379
2512.998781
4311.496817
21128.09808
0.5217524714
0.5346230321
0.5527889839
0.5746495337
0.6051031057
0.6446355166
0.7010502657
0.7817176846
0.9069687382
1.11681126
1.521720027
0.4799179828
0.4789405555
0.4792401514
0.4821589274
0.4847721247
0.4898767541
0.4946518107
0.5023164829
0.5101382109
0.5101382109
0.497189705
0.4930398283
0.487722209
0.482765792
0.482765792
0.4776637297
0.5094289648
0.5069518766
0.5042079288
0.5010215771
0.5010215771
0.5534243357
0.5331565096
0.5208845547
0.5136444633
0.5136444633
1.110588507
0.8537665043
0.7165083132
0.6387487627
0.5861328131
0.5861328131
0.546025253
126.8504853
55.4660425
32.8463233
19.54090002
11.13684906
6.423001571
3.836782225
2.395088415
1.574966771
1.574966771
1.077476039
0.8301251793
2738.351264
626.819651
626.819651
123.0759958
56.96858673
34.46039921
19.18036622
10.89316586
6.247327729
3.715353613
2767.431756
577.8945667
0.5197596895
0.5331978221
0.5506820612
0.5731583435
0.6028438664
0.6430411416
0.6986569356
0.7798990847
0.9044931651
1.114865874
1.520095702
0.4769682481
0.4778177399
0.4803636273
0.4834049102
0.4880323877
0.493275782
0.5004009151
0.5087489771
0.5087489771
0.4936125087
0.4892012603
0.4842963321
0.4798696897
0.4776637297
0.4776637297
0.5054762771
0.502755462
0.5004054311
0.497021974
0.497021974
0.5273269374
0.5160878375
0.509438459
0.509438459
0.5019970141
0.6984055691
0.6247420161
0.5762251063
0.546025253
0.546025253
0.5218244611
2.315138407
1.52421762
1.077476039
0.8301251793
0.8301251793
0.6813409722
0.6115875779
123.0759958
56.96858673
34.46039921
19.18036622
10.89316586
6.247327729
3.715353613
3.715353613
2.232187352
1.473534937
1.045262152
2767.431756
577.8945667
577.8945667
122.9689993
60.01073378
35.37000951
18.7767381
10.61409079
6.050356073
2788.001105
0.517885769
0.531957367
0.5487129705
0.5718518968
0.6007583406
0.6416112755
0.6964651588
0.7782513231
0.9022386647
1.113089868
1.518614032
0.4751335467
0.4764870108
0.4787149633
0.4821779221
0.4863434732
0.4920647504
0.4986200852
0.5075298583
0.5075298583
0.4905804708
0.4854924751
0.4816137266
0.4772901477
0.4755863011
0.4755863011
0.4989646835
0.4971005311
0.493269259
0.493269259
0.511552897
0.5055459748
0.5019970141
0.5019970141
0.5668521883
0.5389422323
0.5218244611
0.5218244611
0.8074204736
0.6813409722
0.6115875779
0.6115875779
0.5585004852
3.580302075
2.232187352
1.473534937
1.045262152
1.045262152
0.7862217373
530.7243775
122.9689993
60.01073378
35.37000951
18.7767381
10.61409079
6.050356073
6.050356073
3.441587861
2.147875848
2788.001105
2788.001105
482.7548339
126.5945284
62.609555
34.37260613
18.5130682
0.5161820421
0.5308323626
0.5468786109
0.5706935234
0.5988038027
0.6403233108
0.6944450603
0.7766823683
0.9002769506
1.111325519
1.517316663
0.4734751189
0.4752374704
0.4772260109
0.481017567
0.4848241996
0.4909093064
0.4970355854
0.5063813362
0.5063813362
0.4872186987
0.482325104
0.4787502477
0.4750394441
0.4737382304
0.4737382304
0.4951822761
0.4934227487
0.4897724165
0.4897724165
0.4839285389
0.5072873737
0.5016388044
0.498087882
0.498087882
0.5326088485
0.516795738
0.516795738
0.5036740908
0.6655464648
0.599871069
0.5585004852
0.5585004852
1.422427144
1.013682626
0.7862217373
0.7862217373
0.6516475143
10.29577391
5.83132321
3.441587861
2.147875848
2.147875848
1.372315365
2790.817994
482.7548339
126.5945284
62.609555
34.37260613
18.5130682
18.5130682
9.930789677
5.586023772
3.290638771
2796.114782
438.5276966
131.0087144
64.57457711
33.97891469
0.5149141222
0.5294020441
0.5456949157
0.5690477177
0.5976480138
0.6384797674
0.6932123505
0.7747210374
0.8988414858
1.109464444
1.516203193
0.4719386996
0.474074992
0.4758378374
0.4799498311
0.4834693996
0.4897789568
0.4957138499
0.5051417907
0.5051417907
0.4795877926
0.4755430862
0.4729876943
0.4720403398
0.4720403398
0.4918952089
0.4900146709
0.4867409789
0.4839285389
0.4839285389
0.4984016494
0.4944194143
0.4944194143
0.4892312699
0.5270239332
0.5124130016
0.5036740908
0.5036740908
0.5897004505
0.5510703951
0.5510703951
0.5222481123
0.9834504161
0.766492346
0.6516475143
0.6516475143
0.5808103498
2.058339256
1.372315365
1.372315365
0.9550910325
18.25594165
9.930789677
5.586023772
3.290638771
3.290638771
1.969116771
2796.114782
438.5276966
131.0087144
64.57457711
33.97891469
33.97891469
17.91984324
9.500919662
2793.629592
398.8444724
136.1016343
66.5619125
0.513952979
0.5279362007
0.5447045591
0.5674793461
0.5966200472
0.6367805327
0.6920698991
0.7729331933
0.8975109963
1.107763092
1.515172946
0.4707407333
0.4728497504
0.4748435163
0.4786929761
0.4825067699
0.4884790774
0.4947562574
0.5037605056
0.5037605056
0.4771245799
0.4734606375
0.4713237995
0.4705834563
0.4705834563
0.4873365357
0.4842154084
0.4813747307
0.4813747307
0.4957834221
0.4916563354
0.4892312699
0.4892312699
0.5086996925
0.5006409278
0.5006409278
0.4928829284
0.5445726002
0.5222481123
0.5222481123
0.7484332897
0.6390777589
0.5808103498
0.5808103498
1.321932525
0.9550910325
0.9550910325
0.7328604862
5.301075529
3.124594452
1.969116771
1.969116771
1.276687129
33.46053534
17.91984324
9.500919662
9.500919662
5.084356942
2.987597457
2793.629592
398.8444724
136.1016343
66.5619125
66.5619125
33.45931695
17.75207305
2789.712712
370.6269662
135.6516294
0.5131366255
0.5265128079
0.5438683372
0.5659661088
0.5957414661
0.6351610196
0.6910550833
0.7712653197
0.8962940213
1.106192462
1.514221071
0.4696574688
0.4715676649
0.4739474646
0.4774687095
0.48168609
0.4872002612
0.4939442751
0.5024216795
0.5024216795
0.4747643323
0.4714203375
0.4696340594
0.4690683568
0.4690683568
0.4847588536
0.4817055322
0.4788618849
0.4788618849
0.488967549
0.486653209
0.486653209
0.5057588281
0.498022204
0.4928829284
0.4928829284
0.5394098382
0.5185055825
0.5185055825
0.503441392
0.6284834186
0.5734214432
0.5734214432
0.5347890827
0.9290681455
0.7328604862
0.7328604862
0.6184538724
1.885699935
1.276687129
1.276687129
0.9029821032
9.179403906
5.084356942
2.987597457
2.987597457
1.794402274
69.20667829
33.45931695
17.75207305
17.75207305
8.67297525
2789.712712
370.6269662
135.6516294
135.6516294
71.71094062
33.07276628
2776.831365
0.5122509404
0.5253306693
0.5429712104
0.5646959471
0.594795529
0.6338044864
0.6899964746
0.7698038218
0.8951361228
1.104750503
1.513337773
0.4688051643
0.4705908434
0.4730982143
0.4764709138
0.4808238576
0.4861584461
0.4930634094
0.5013254266
0.5013254266
0.4732100791
0.4700157617
0.4684810785
0.4680206889
0.4680206889
0.482966909
0.4800898357
0.4770942973
0.4770942973
0.4871227297
0.484981863
0.484981863
0.496242437
0.4906186135
0.4906186135
0.5152450871
0.503441392
0.503441392
0.5665148002
0.5347890827
0.5347890827
0.7172599697
0.6184538724
0.6184538724
1.227156364
0.9029821032
0.9029821032
0.7043329557
4.759341523
2.808904723
1.794402274
1.794402274
1.185907461
17.11744187
8.67297525
8.67297525
4.419681889
349.569616
135.0132795
71.71094062
33.07276628
33.07276628
16.20804581
2776.831365
2776.831365
340.9331265
134.6891607
71.00495824
0.5115671405
0.5241174556
0.5422629334
0.5634027321
0.5940430736
0.6324313965
0.6891607656
0.7683717805
0.8940661272
1.103472527
1.512489833
0.4678193233
0.4694591434
0.4722966184
0.475404538
0.480124237
0.4850722223
0.4923716834
0.5001692369
0.5001692369
0.4712709762
0.4683287822
0.4670249572
0.4666892833
0.4666892833
0.4808264219
0.4780703484
0.4750732483
0.4750732483
0.4848548208
0.4828252303
0.4828252303
0.4940990765
0.4882697897
0.4882697897
0.5119414929
0.5008537994
0.5008537994
0.5603104606
0.5303352776
0.5303352776
0.5088197092
0.6096357236
0.6096357236
0.5536668723
0.8803359592
0.7043329557
0.7043329557
2.634991349
1.709362633
1.185907461
1.185907461
8.045808052
4.419681889
4.419681889
2.442978525
31.91094294
16.20804581
16.20804581
7.342859226
2743.263326
340.9331265
134.6891607
71.00495824
71.00495824
30.3407473
2707.601227
335.7476335
0.5107366027
0.5231632487
0.5414581117
0.5623834604
0.5931113352
0.6314839445
0.68797157
0.7675090319
0.8926924766
1.102580854
1.511600856
0.4672332957
0.4687780346
0.4716111353
0.4746572414
0.4793279289
0.4842679339
0.4915516742
0.4993306526
0.4993306526
0.4700888997
0.4674166118
0.4663234153
0.4660570864
0.4660570864
0.4791391352
0.4766657516
0.4734908627
0.4734908627
0.4830724961
0.4813160446
0.4813160446
0.4781252561
0.4913134718
0.4861257938
0.4861257938
0.4983269559
0.4983269559
0.4901349979
0.5258042299
0.5088197092
0.5088197092
0.5995183452
0.5536668723
0.5536668723
0.8525093024
0.6884777084
0.6884777084
1.609079421
1.133661127
1.133661127
4.034253069
2.442978525
2.442978525
15.02180278
7.342859226
7.342859226
133.194742
69.00621386
30.3407473
30.3407473
2707.601227
335.7476335
335.7476335
0.5101218461
0.5221886009
0.5407282888
0.5614256986
0.5922736584
0.6304623457
0.6871016275
0.7663494508
0.8917552885
1.10144158
1.510887049
0.466257918
0.4677994229
0.4708145409
0.473742867
0.4786599516
0.4833386492
0.4909575884
0.498326906
0.498326906
0.4692094509
0.4663265109
0.4651962438
0.4649459958
0.4649459958
0.4756429316
0.4726969307
0.4726969307
0.4819047025
0.4801182996
0.4781252561
0.4781252561
0.4850277798
0.4850277798
0.4788984371
0.4982510258
0.4901349979
0.4901349979
0.5249529055
0.5084678439
0.5084678439
0.5518934261
0.5518934261
0.5089984263
0.521874016
0.5393987421
0.5612563363
0.590756644
0.6303220146
0.6855065439
0.7660583225
0.8902424358
1.100905917
1.510035889
0.4660796783
0.4673857739
0.4704420874
0.473204864
0.4780073878
0.4827534268
0.4900736097
0.4978425577
0.4978425577
0.4666856388
0.4651329919
0.4645469316
0.4645053371
0.4645053371
0.4645841039
0.472935052
0.4693615583
0.4693615583
0.4698164902
0.477508602
0.4749635221
0.4749635221
0.4813796259
0.4788984371
0.4788984371
0.4857081074
0.4857081074
0.5084543519
0.520967202
0.5388955247
0.5602302088
0.5902733386
0.6291599388
0.6850054725
0.764835201
0.8895916604
1.099770076
1.509467896
0.467154631
0.4692658236
0.4728466891
0.4772783477
0.4821774049
0.4894170012
0.4971247937
0.4971247937
0.4661104136
0.4642295408
0.4635473616
0.4645841039
0.4645841039
0.4763380349
0.473415093
0.4698164902
0.4698164902
0.4805976155
0.478765181
0.478765181
0.5071710171
0.5209411137
0.5376592461
0.5599359855
0.589253432
0.6285448927
0.6841117936
0.763959785
0.888868415
1.098738947
1.50893355
0.4666150503
0.4687315175
0.4728455551
0.4764590822
0.4823867245
0.4882051199
0.4972054041
0.4972054041
0.4616376958
0.4616069425
0.4627424623
0.4641110548
0.4641110548
0.4655487648
0.4636568104
0.462268571
0.462268571
0.4676272098
0.4676272098
0.50638772
0.5207740042
0.5364210454
0.5599230254
0.5880437498
0.6281298071
0.6833366642
0.7631807427
0.8880467706
1.098013746
1.5083307
0.4684920131
0.4702865714
0.473702261
0.4776700422
0.4822867651
0.488393261
0.4967850131
0.4967850131
0.4730295297
0.4687780663
0.4670564762
0.4668500059
0.4668500059
0.4851939371
0.4811757376
0.4774887179
0.4774887179
)
;
    }
    procBoundary2to1
    {
        type            processor;
        value           nonuniform List<scalar> 
98
(
12.30319014
13.70450108
11.65134714
13.70450108
22.3054955
22.3054955
38.69446959
35.01042731
38.69446959
62.93461156
79.99364548
79.99364548
101.6662237
127.4946258
175.9267277
263.7670829
306.5894442
201.4876068
139.5377228
107.2124046
263.7670829
426.8470439
525.6796973
579.5552801
591.0551726
555.3206213
491.0423538
453.4728998
444.6088624
513.7023945
940.4817997
3392.638549
3975.88248
1861.039205
789.4841713
361.7054154
227.7581106
197.9932819
213.2719431
250.9450228
317.3250736
397.2647151
462.8802205
306.5894442
434.5952435
0.5963962578
0.8400286758
0.6823252351
0.5966133067
1.563114117
1.109113737
0.8408438908
0.6827980992
3.893842283
2.363883523
1.566270218
1.110942716
14.61892044
7.086072976
3.905093787
2.368731338
1.568698196
134.7636079
68.72351134
29.96010608
14.63125373
7.100704713
3.91202714
2702.362064
338.0789843
136.9873285
68.77280002
30.11642158
14.66736156
2739.752891
342.0694249
138.047644
68.76240745
2784.525217
0.4930617652
0.5165773332
0.5019971849
0.4931127211
0.5963962578
0.5407803551
0.5167003367
0.5966133067
0.5409035387
0.4854525832
0.4823973464
0.4930617652
0.4906826413
0.4931127211
0.4823553751
0.4697720716
0.4823973464
0.4697720716
0.4887121294
)
;
    }
    procBoundary2to3
    {
        type            processor;
        value           nonuniform List<scalar> 
4364
(
16.51333562
14.49911609
15.73734181
0.5703130405
0.7177529428
0.4874589511
0.5703130405
0.5137898348
0.5158638689
0.4874589511
0.471211991
0.4720517401
0.471211991
0.4625010117
0.4624655824
0.4625010117
0.4565327188
0.4570365366
0.4565327188
0.4542041611
0.4536857788
0.4542041611
0.4522861399
0.4513576459
0.4536378489
0.4514207195
0.4518246617
0.4514207195
0.4509082083
0.4511110886
0.4509617001
0.4513055945
0.4505125061
0.4513055945
0.450736276
0.450860931
0.4508733388
0.4504873722
0.4503683823
0.4504873722
0.4505111719
0.4512986892
0.4500670838
0.450964577
0.4501544358
0.450964577
0.450900114
0.4516032697
0.4505168476
0.4505322198
0.4505461509
0.4530360107
0.4505322198
0.4515231837
0.4511008017
0.4551458726
0.4515231837
0.4523946547
0.4526203692
0.4593061265
0.4604894856
0.4523946547
0.4545949543
0.4547002219
0.6346931563
0.6202470258
0.6121867515
0.5995764179
0.5714657926
0.5714167855
0.5239972026
0.5282405034
0.4892394187
0.4924144699
0.4593061265
0.4692874233
0.4710932386
18.41719138
17.83671419
20.52984059
20.47648342
22.90001263
24.01856629
25.29862298
28.42246389
27.48304803
33.02193306
29.19605058
36.97065543
30.2243739
39.53368533
30.44939555
40.40490096
30.04750166
39.91919206
28.87595074
38.1850865
27.01466556
35.12506568
24.78363269
31.33432261
22.97456944
28.37760817
22.80576503
28.2526202
23.66473393
29.7886745
22.97983137
28.99214976
16.73563948
20.23014253
6.44948173
7.132562202
2.932400193
2.19120113
1.162407606
1.138556581
0.896470507
0.785850924
0.7316933812
0.6903424078
0.6346931563
0.6666701833
0.6412919348
15.73734181
25.14439462
0.5158638689
0.5699348534
0.717585609
0.4720517401
0.5158638689
0.4867053145
0.4877257389
0.4720517401
0.4624655824
0.4624125775
0.4536041809
0.4624655824
0.4570365366
0.4574773892
0.452808832
0.4570365366
0.4536857788
0.4530829999
0.4511548659
0.4536857788
0.4522861399
0.4523474103
0.4516017151
0.4522861399
0.4513576459
0.4507264683
0.4510155103
0.4513576459
0.4512639939
0.4507318787
0.4509082083
0.4511110886
0.4509146778
0.451762505
0.4511110886
0.4504486061
0.4514787626
0.450736276
0.450860931
0.4501464049
0.4517814571
0.450860931
0.4512536268
0.4514922199
0.4505111719
0.4512986892
0.4509293442
0.4532805934
0.4512986892
0.4512838148
0.4530102758
0.450900114
0.4516032697
0.4509171444
0.4548623769
0.4516032697
0.4530360107
0.4527195394
0.4598615742
0.4530360107
0.4551458726
0.4546032204
0.4883050371
0.4696321729
0.4551458726
0.4604894856
0.4595605402
0.5797334646
0.5714167855
0.5597744993
0.5282405034
0.5202172679
0.4924144699
0.4880258628
0.4604894856
0.4710932386
0.4692721695
17.83671419
27.94387752
20.47648342
31.26853884
24.01856629
35.52860144
28.42246389
40.6489636
33.02193306
45.94541411
36.97065543
50.21116737
39.53368533
52.50814327
40.40490096
52.67018459
39.91919206
51.48752291
38.1850865
48.23944089
35.12506568
43.05357583
31.33432261
37.47895214
28.37760817
35.03883872
28.2526202
36.64425367
29.7886745
39.67602994
28.99214976
35.34506334
20.23014253
19.03392201
7.132562202
6.329728186
2.19120113
1.928910286
1.138556581
1.088140344
0.785850924
0.7809351049
0.6903424078
0.675522856
0.6412919348
0.6284735598
0.6222428138
0.6096992272
0.6126182185
0.6002199176
0.6032529464
0.5898585322
0.5714167855
0.5917957437
0.5795862637
25.14439462
0.4877257389
0.515601286
0.5695809663
0.7174323328
0.4624125775
0.4629577905
0.4877257389
0.4717590067
0.4725163805
0.4530482093
0.4536041809
0.4539151729
0.4624125775
0.4574773892
0.4575094211
0.4517676229
0.4512877431
0.4536041809
0.452808832
0.4525897683
0.4510864591
0.4514349557
0.452808832
0.4511548659
0.4508643322
0.4518255886
0.4508234504
0.4511548659
0.4516017151
0.4511041586
0.4518988471
0.4515751046
0.4516017151
0.4510155103
0.450551763
0.4517595844
0.4510155103
0.4513853541
0.4531659698
0.4515377351
0.4507318787
0.451762505
0.4511248089
0.4530210835
0.451762505
0.4513889714
0.4547094294
0.45285471
0.4514787626
0.4517814571
0.4511452755
0.454551849
0.4517814571
0.4526869511
0.4587573288
0.4544261149
0.4514922199
0.4532805934
0.4524857088
0.4669561468
0.4586397278
0.4532805934
0.4542189549
0.4822784152
0.4668731923
0.458479672
0.4530102758
0.4548623769
0.4540457528
0.5102425681
0.4822609742
0.4667806974
0.4548623769
0.4598615742
0.4582954939
0.5704298883
0.5478250733
0.5102532971
0.4883050371
0.4822038685
0.4598615742
0.4696321729
0.4665825775
0.5956718711
0.5875457621
0.580022206
0.5797334646
0.5704426365
0.5597744993
0.5477210888
0.4883050371
0.5202172679
0.5100860653
27.94387752
42.11836606
31.26853884
45.9950484
35.52860144
50.79970689
40.6489636
56.50330311
45.94541411
62.42363607
50.21116737
67.19102234
52.50814327
69.63011381
52.67018459
69.40044727
51.48752291
66.96875933
48.23944089
60.67234107
43.05357583
51.30225964
37.47895214
44.24899108
35.03883872
44.14439713
36.64425367
47.53481661
39.67602994
49.10347316
35.34506334
37.79352741
19.03392201
12.72083295
6.329728186
4.494696438
1.928910286
1.538100055
1.088140344
0.9631112774
0.7809351049
0.7411538922
0.675522856
0.6501933885
0.6284735598
0.6118074024
0.6096992272
0.5969772153
0.6002199176
0.588279453
0.5797334646
0.5898585322
0.5802840612
0.4629577905
0.4725163805
0.487313779
0.5152148937
0.5693065265
0.7173019656
0.4520408721
0.4519391578
0.4511621896
0.4517205176
0.4514119666
0.4530482093
0.452952492
0.4539151729
0.4538936355
0.4629577905
0.4575094211
0.4578071872
0.4545719506
0.4531587495
0.4518392486
0.4516963676
0.4508983293
0.4517676229
0.4513915092
0.4530482093
0.4512877431
0.450991605
0.457967143
0.4544627436
0.4530336171
0.4517074599
0.4515147187
0.4517676229
0.4510864591
0.4506390813
0.4579068493
0.4543865114
0.4529007928
0.4515032416
0.4510864591
0.4518255886
0.4512699735
0.4646396381
0.4578546092
0.454274037
0.4527732258
0.4518255886
0.4518988471
0.4513696776
0.4773469516
0.4646241854
0.4577907729
0.4541947724
0.4518988471
0.4526360146
0.4773787445
0.464589356
0.4577340994
0.4540757596
0.4517595844
0.4531659698
0.4525031247
0.5006109528
0.477411177
0.4645701484
0.4576631861
0.4531659698
0.4539902405
0.5007028632
0.4774410122
0.4645231483
0.4575977137
0.4530210835
0.4547094294
0.4538582026
0.5345978719
0.5007923308
0.4774710038
0.4644940466
0.4547094294
0.4575127613
0.5347359042
0.5008920987
0.4774962798
0.4644336839
0.454551849
0.4587573288
0.4574299229
0.5586911283
0.5348550002
0.5009880059
0.4775196787
0.4587573288
0.4669561468
0.4643908434
0.5673038741
0.5588276318
0.535016282
0.5010932759
0.4669561468
0.4822784152
0.4775309927
0.5796445557
0.5739334328
0.5675294546
0.5589344315
0.5351321714
0.4822784152
0.5102425681
0.5011809416
0.699201814
0.6226724925
0.59132863
0.5806583086
0.5744781299
0.5677705615
0.5704298883
0.5590677898
0.5102425681
0.5478250733
0.5352845112
82.72418645
86.25760933
91.64289397
99.28135592
107.5668949
112.7053884
111.861781
102.3763748
83.32327228
65.0121948
57.48902851
59.77545012
64.20189152
64.16143459
53.76418853
23.52935708
7.877044874
2.69197589
1.286597299
0.8662407821
0.7014298439
0.6241860345
0.5930236882
0.5956718711
0.5817705783
0.5875457621
0.5750757508
0.5704298883
0.580022206
0.568031217
42.11836606
66.29050821
45.9950484
69.92862336
50.79970689
74.40715778
56.50330311
79.85085387
62.42363607
85.68678383
67.19102234
90.2862456
69.63011381
91.62781541
69.40044727
89.31293158
66.96875933
80.48859222
60.67234107
65.81667345
51.30225964
54.58169338
44.24899108
52.62204298
44.14439713
56.2237957
47.53481661
59.97081939
49.10347316
53.28054802
37.79352741
25.20914644
12.72083295
8.768665601
4.494696438
2.956130607
1.538100055
1.297193524
0.9631112774
0.8718244241
0.7411538922
0.7054986785
0.6501933885
0.627864888
0.5956718711
0.6118074024
0.5954642833
0.5641776012
0.5614747853
0.5706740901
0.5643533026
0.5616090759
0.5564823356
0.5468071118
0.5932217092
0.570857137
0.5644905983
0.5617361705
0.5565872348
0.5469144084
0.593610702
0.5710701738
0.564634677
0.5618468676
0.5566959287
0.547054469
0.5201090452
0.6529335717
0.593953189
0.5712201034
0.5647502936
0.5619541271
0.5567859128
0.5471471234
0.5202290043
0.4905926579
0.653566655
0.5942714712
0.5714015763
0.5648739682
0.5620492276
0.5568815937
0.5472747795
0.5203929048
0.4907082381
0.4722285813
0.6541576254
0.5945602996
0.5715308938
0.5649759354
0.5621433918
0.5569617144
0.547359227
0.5205000201
0.4907851059
0.472256966
0.6546601618
0.5948294059
0.571690659
0.5650859077
0.5622273939
0.5570480665
0.5474779979
0.5206592409
0.4908997759
0.4722931589
0.4623531031
0.7797616982
0.6552445766
0.5950715173
0.5718047465
0.5651775376
0.5623110082
0.5571195178
0.5475539686
0.5207554491
0.4909700421
0.4723188762
0.4623248322
0.4570230509
0.7806268997
0.6557054395
0.5953455406
0.5719607686
0.5652773239
0.5623863084
0.5571974785
0.5476623476
0.5209070349
0.4910827618
0.4723576893
0.4623139981
0.4569669036
0.4541798549
0.7806879672
0.6558528294
0.5954541002
0.5720303499
0.5653625275
0.562464556
0.5572635924
0.5477313103
0.5209853192
0.4911362149
0.472369433
0.4622830037
0.4569065993
0.4541033894
0.4531323536
0.7831842808
0.6568939358
0.5959005378
0.5722111146
0.5654503828
0.5625266946
0.5573307164
0.5478285384
0.5211289404
0.4912464178
0.4724134955
0.4622764689
0.4568513158
0.453992913
0.4530072794
0.4519519913
0.4521238354
0.7877120411
0.6587519509
0.5966928276
0.5725141914
0.5656026683
0.5626490198
0.5574665389
0.5480335496
0.5214047154
0.4914438271
0.4724915138
0.462276184
0.4568066942
0.4539236288
0.4528801018
0.4517550676
0.4518818488
0.4512236576
0.4521173638
0.7905420955
0.6599099761
0.5971738679
0.5726964238
0.5656847417
0.5627123241
0.5575297431
0.5481240494
0.5215422001
0.4915504072
0.4725357204
0.4622697397
0.4567521209
0.453814387
0.4527565924
0.4516243026
0.4517022223
0.450968815
0.4517907473
0.4515482737
0.4533710163
0.4545325288
0.7972360293
0.6625681133
0.5982315428
0.5730680919
0.5658414254
0.5628280876
0.5576631343
0.5483339742
0.5218336283
0.4917655303
0.4726251382
0.4622737294
0.4567079035
0.4537454832
0.4526294841
0.4520408721
0.4514272765
0.4519391578
0.4514606086
0.4511621896
0.4507098977
0.4517205176
0.4514634655
0.4514119666
0.4511318559
0.452952492
0.4528293402
0.4538936355
0.4539270208
0.4578071872
0.4579513865
0.4624059314
0.4628492138
0.4720669132
0.472681234
0.4868887678
0.488058648
0.5148735501
0.5166008534
0.5690549498
0.5721465738
0.7171796843
0.7232065675
0.7974753396
0.6627362293
0.5983606908
0.5731561617
0.5659247163
0.562895653
0.5577260253
0.5484060304
0.521933688
0.4918343971
0.4726469879
0.4622558381
0.4566527572
0.4545719506
0.4536354506
0.4520408721
0.4531587495
0.4525057266
0.7977847222
0.662916203
0.5984769713
0.5732453115
0.5660069752
0.5629641798
0.55778559
0.5484766379
0.5220242864
0.4919083926
0.4726662277
0.462233608
0.4545719506
0.457967143
0.4565913151
1.098007511
0.7980955474
0.6631209399
0.5986243203
0.5733458899
0.5661034683
0.563027939
0.5578464306
0.5485473521
0.5221243727
0.4919767759
0.4726869825
0.457967143
0.4622111598
1.09854879
0.7984158717
0.6633084951
0.5987427211
0.5734449725
0.5661979582
0.5631070506
0.5579106714
0.5486186599
0.5222139518
0.4920498037
0.4727043869
0.4579068493
0.4646396381
0.4621872546
1.099053159
0.7987217718
0.6635321826
0.598908521
0.5735636663
0.5663145849
0.5631853052
0.5579794719
0.5486917768
0.522315053
0.4921172918
0.4646396381
0.4773469516
0.4727232025
1.099459027
0.7990363662
0.6637353839
0.5990419148
0.5736874315
0.5664346865
0.5632814606
0.5580521067
0.5487660206
0.5224054185
0.4773469516
0.4921905194
2.034975236
1.099904519
0.7993341494
0.6639986509
0.5992543612
0.573846703
0.5665927213
0.5633788174
0.5581321544
0.5488436615
0.5225105309
0.4773787445
0.5006109528
0.4922581512
2.035098251
1.100375037
0.7996605173
0.6642440274
0.5994283419
0.5740240268
0.5667651544
0.5635073151
0.5582213193
0.5489250638
0.5006109528
0.5226045884
5.463042081
2.034694798
1.100950784
0.7999979668
0.6645950323
0.5997447615
0.5742680043
0.567006769
0.5636442132
0.5583254996
0.549013592
0.5007028632
0.5345978719
0.5227194144
45.30705478
16.73696927
5.457621136
2.034370091
1.101606501
0.8004224957
0.664934045
0.6000048721
0.5745543966
0.5672841088
0.5638335764
0.5584471486
0.5345978719
0.5491098165
83.18875537
84.03104072
75.28686871
45.13018156
16.65200251
5.449393013
2.036510938
1.102548418
0.800889151
0.6654874168
0.6005411199
0.574969734
0.5676918082
0.5640387705
0.5585949892
0.5347359042
0.5586911283
0.5492181858
327.1602467
303.0247272
242.1498252
165.7855034
102.4745362
69.2752264
59.20704592
59.73811766
66.59968462
75.63698273
81.70468292
82.74645098
74.28884821
44.90145528
16.55332782
5.445283099
2.037479073
1.103710298
0.8015845417
0.6660314818
0.6009706335
0.5754723369
0.5681763272
0.5643255505
0.5586911283
0.5673038741
0.5587712799
232.8848066
255.4309534
242.0498459
204.1095092
149.3586819
97.41622375
68.4344604
61.89359993
65.83951514
73.77095038
79.69116868
80.94419246
72.98563134
44.78444975
16.47558039
5.451710946
2.043786552
1.105969224
0.8024153756
0.6670511865
0.6019554193
0.576224206
0.5796445557
0.5688442199
0.5673038741
0.5739334328
0.5646699644
157.1784559
180.9127715
198.9332789
192.6773226
169.2745535
129.1083416
88.683218
67.30450749
65.12444111
70.78330904
76.65391066
78.64731676
71.68508079
44.95481229
16.54796367
5.469627016
2.050630988
1.108490018
0.8038641436
0.699201814
0.668011355
0.6226724925
0.6027072362
0.5796445557
0.59132863
0.577139039
82.72418645
86.25760933
115.437327
91.64289397
128.6633275
99.28135592
144.8695086
107.5668949
155.528988
112.7053884
152.824497
111.861781
135.3234611
102.3763748
105.6420244
83.32327228
77.06122596
65.0121948
65.05301347
57.48902851
66.64207176
59.77545012
72.08955538
64.20189152
75.27267971
64.16143459
69.65138346
53.76418853
45.5643545
23.52935708
16.77100832
7.877044874
5.574111952
2.69197589
2.059515305
1.286597299
1.115648209
0.699201814
0.8662407821
0.8059261277
0.7876674242
0.6675549392
0.5966924368
0.5644534681
0.5532734136
109.077406
110.565335
108.1286182
97.01199706
61.21796688
25.32868365
8.63872879
3.134000249
1.571155121
1.042845138
0.8063603806
0.6771379586
0.6016642603
0.5668048665
0.5547436536
0.5513816445
0.5494433595
0.5449144606
1035.505609
295.8528123
157.2651261
113.5456264
96.65156505
91.10748626
91.98410647
96.76752814
103.7136334
107.3882522
106.7262232
98.7633795
70.12910147
30.35575283
10.52087143
3.670522299
1.70178796
1.080635193
0.8227817877
0.6853971808
0.6058816682
0.5688020003
0.5556370352
0.5521391339
0.5502331746
0.5455164001
0.5349100248
1032.209025
291.1645466
151.9773372
108.0114655
90.86153456
85.01210026
85.68134163
90.50290919
98.61361629
104.2540084
104.813979
98.93498275
76.62385807
35.47097618
12.52896491
4.210351602
1.840621197
1.122996576
0.8380721415
0.6929045491
0.6096856965
0.5705836128
0.5566932488
0.5528493195
0.5508667568
0.5460388909
0.5355216827
0.5068421567
1029.996782
287.5845147
147.8111155
103.731618
86.40615395
80.28069373
80.68037671
85.29238643
93.99962792
101.2122298
103.1183078
98.73286318
81.49870085
39.72021014
14.42609927
4.781547842
1.975968227
1.159401598
0.8516919464
0.6992520988
0.6128859054
0.5720649966
0.557335174
0.5533730545
0.5513620641
0.5464212277
0.5359185547
0.5072769416
0.4824366717
1029.016372
284.4482924
144.3115773
100.2545771
82.86982533
76.55773172
76.7140197
81.05401918
89.98955362
98.42070294
101.584577
98.34041711
84.7405538
43.87551272
16.19503623
5.323183044
2.110075628
1.196875688
0.8639507828
0.7049365053
0.6156964475
0.5733762869
0.5580794356
0.5538551734
0.5517639429
0.54675857
0.536324488
0.5077273393
0.4826681727
1029.305958
281.4047953
141.1568644
97.2758303
79.96254326
73.57832721
73.52740858
77.62680974
86.58650555
95.92214925
100.2030519
98.03865429
86.4725307
47.56945653
17.79343318
5.830703958
2.233254011
1.227956999
0.8747844644
0.7096934043
0.6180547312
0.5744500876
0.5585384571
0.5542199426
0.5520884105
0.5470114087
0.5365927355
0.508036006
0.4828446935
0.4683160243
1030.944934
278.3121632
138.1598406
94.60098582
77.4687706
71.09680524
70.93493918
74.86124774
83.74223534
93.73817861
98.98372443
97.6746697
87.41257036
50.7673197
19.2139704
6.293887889
2.350757242
1.25847098
0.8843275888
0.7139422277
0.6201204606
0.5754160548
0.5590733714
0.5545625125
0.5523661303
0.5472474791
0.536880885
0.50835668
0.4830107301
0.4683498255
1034.10997
275.2611814
135.2962793
92.14285292
75.26501576
68.98644904
68.78579512
72.61228745
81.38431705
91.85926461
97.91017177
97.26486055
87.97674961
53.43079935
20.46156683
6.710845315
2.454618009
1.28366452
0.8926742117
0.7174817438
0.6218564377
0.5762046312
0.5594129214
0.5548318821
0.5526006783
0.5474317145
0.5370774671
0.5085868954
0.4831444318
0.4684049061
1038.55225
271.9711339
132.4098631
89.76968615
73.21809132
67.11467057
66.96200415
70.76877808
79.44518749
90.26194831
96.98409164
96.83780876
88.32327195
55.62625021
21.53747339
7.07824948
2.54975607
1.307478693
0.8998633043
0.7206091911
0.6233734352
0.5769185279
0.5598067392
0.5550864448
0.552805228
0.5476085708
0.537298046
0.5088341658
0.4832741382
0.4684281529
0.4606609838
1043.415842
268.1495231
129.3785263
87.40185291
71.24936411
65.41073177
65.3722263
69.24080054
77.85351732
88.91641951
96.17882318
96.45561707
88.53227074
57.42226141
22.45898327
7.398922802
2.630748512
1.326826095
0.9060816638
0.7231999188
0.6246407172
0.577500402
0.5600613946
0.5552911192
0.5529813305
0.5477482283
0.5374486753
0.5090140713
0.4833807071
0.468469512
0.4606182812
1047.59083
264.0764273
126.4005067
85.07462669
69.39610751
63.85543198
63.99384555
67.97341873
76.55071164
87.79024503
95.4843273
96.13008295
88.65809814
58.88611524
23.2394785
7.674368471
2.702969903
1.344633614
0.9113352077
0.7254735602
0.6257546203
0.5780281405
0.5603568887
0.5641776012
0.5554864049
0.5614747853
0.5531382659
0.5478863855
0.537625293
0.5092139201
0.4834880025
0.4684876498
0.4605912853
1049.928953
260.8402486
123.897325
83.16098176
67.89763501
62.57852292
62.84363112
66.92702284
75.48668561
86.85152664
94.89140422
95.85337349
88.73551686
60.07922164
23.90379726
7.91044684
2.763576065
1.359078845
0.9159121809
0.727363539
0.6266829976
0.5784634916
0.5641776012
0.5706740901
0.5605513531
0.5614747853
0.5564823356
0.5479972108
0.5468071118
0.5377464077
0.5093617308
0.4835763605
0.4685214502
0.4605508802
0.4563914552
1049.770317
258.0930425
122.1306979
82.00611712
67.02969839
61.74461251
61.97240953
66.08054347
74.60622147
86.07241282
94.3875061
95.61878838
88.78360975
61.05375929
24.46363878
8.111753054
2.81744653
1.372279408
0.9197546452
0.7290297814
0.6275108039
0.5706740901
0.5932217092
0.5788589414
0.5468071118
0.5095331018
0.483671753
0.4685372588
0.4605252492
0.4563198108
1046.743307
256.201747
121.4323475
81.7995553
66.9179502
61.47358463
61.42574343
65.43025139
73.85832573
85.42443787
93.96176126
95.41981368
88.81374061
61.85210469
24.93941731
8.284088538
2.86253561
1.383294897
0.9231873283
0.7304317219
0.5932217092
0.6282052284
0.5469144084
0.5201090452
0.5096582585
0.4837472071
0.4685664479
0.4604870143
0.456251433
0.4539992522
1041.301503
256.7233311
123.4803597
83.43240479
67.79542288
61.74647533
61.22439256
64.98311458
73.22925749
84.86132221
93.60709347
95.25185013
88.83233802
62.50819098
25.33840891
8.431293317
2.903971584
1.393336892
0.9261157321
0.7316911985
0.593610702
0.6529335717
0.6288345243
0.5201090452
0.4905926579
0.4838381019
0.4685807655
0.4604629882
0.4561828756
0.4538762874
1034.708348
264.4743457
129.2057425
87.13285322
69.83627356
62.60279956
61.3337389
64.74405175
72.71710876
84.33985102
93.3011116
95.11423762
88.84479418
63.04913253
25.67938062
8.557803689
2.937559987
1.402002564
0.9287745721
0.6529335717
0.7327693604
0.4905926579
0.4722285813
0.4686038947
0.4604268838
0.4561174247
0.453794367
0.4532246098
1028.99888
281.7690526
139.8537859
93.18941355
73.06791822
64.07735327
61.72528839
64.74196229
72.31751811
83.86656726
93.00383312
94.99551016
88.84719712
63.49679359
25.96285512
8.666001306
2.975172824
1.409782601
0.9310996197
0.653566655
0.7337462773
0.4722285813
0.4604046159
0.4560513475
0.4536744841
0.4530914561
1026.184429
315.7701082
157.3397129
101.7194113
77.32688519
66.03972531
62.40338908
64.89169385
72.02739156
83.46571762
92.70672612
94.86909106
88.84023137
63.86853433
26.21094225
8.759356375
2.998338557
1.417544278
0.9332874089
0.6541576254
0.7347112681
0.472256966
0.4623531031
0.4603706223
0.4559883435
0.4535946572
0.4529543539
0.4520668547
1028.529052
377.190524
184.0959221
112.8395403
82.48593242
68.37585392
63.27933387
65.22981079
71.84463896
83.14479146
92.45676238
94.73100893
88.82806845
64.18039009
26.40733047
8.838909716
3.033526294
1.423316547
0.9351213314
0.6546601618
0.7797616982
0.735459261
0.4623531031
0.4570230509
0.4559249755
0.4534782532
0.4528249054
0.451931835
1037.586149
486.960201
222.7794198
126.5369535
88.37618121
70.97256668
64.28296972
65.72848863
71.7610158
82.90581178
92.28229541
94.6177211
88.81713449
64.44222077
26.60489939
8.908502878
3.049896824
1.431445103
0.7797616982
0.9374473945
0.4570230509
0.4541798549
0.4534013868
0.4526920766
0.45173058
0.4521011786
1052.70123
675.7922833
275.9950326
142.6421059
94.79910871
73.71873745
65.35626992
66.33681255
71.77183612
82.75182974
92.19404039
94.56256876
88.8234647
64.65654316
26.68952194
8.965376843
3.079706398
1.436347874
0.7806268997
0.939087365
0.4541798549
0.4531323536
0.4525655194
0.4515983528
0.4518967484
0.4507490945
1073.28519
984.3474866
341.244571
160.7592039
101.5299133
76.5539427
66.66336337
67.20802403
71.85131089
82.64091284
92.18372889
94.57367418
88.88413099
64.89477721
26.48101168
8.897335578
3.06113084
1.43546218
0.7806879672
0.939211647
0.4531323536
0.4519519913
0.4513980777
0.4521238354
0.4516745091
0.4503055116
0.4520466916
3934.079737
1553.748232
459.209536
196.9200804
113.9368848
81.56552524
68.69048896
67.80684908
71.86561061
81.60439957
91.58277156
94.5150946
89.31599371
67.06123651
27.88829689
9.336706633
3.186823687
1.456385656
0.7831842808
0.9442350642
0.4521238354
0.4512236576
0.4498925935
0.4521173638
0.4517179773
0.451645043
21125.47741
2485.868716
546.4036785
218.2937097
121.2022546
84.69043205
70.300411
68.06291246
71.9209026
81.14400746
91.16285564
94.47816556
89.57361975
68.83278424
29.0814696
9.809001726
3.291692113
1.487471135
0.7877120411
0.9531483044
0.4521173638
0.4515482737
0.4511069122
0.4533710163
0.4531280526
0.4545325288
0.4547891774
21146.93566
2309.67129
538.7651487
220.5137745
124.4448492
86.6723158
71.29270176
68.28461314
71.98215296
80.99283643
90.91143077
94.47249913
89.80630102
70.44619944
30.26494556
10.21416477
3.412015508
1.512062414
0.7905420955
0.9589038271
0.4545325288
0.4579513865
0.4581336375
0.4628492138
0.4636007233
0.472681234
0.488058648
0.5166008534
0.5721465738
0.7232065675
1414.137849
476.9855764
214.3337223
123.7878217
86.97238299
71.70935757
68.4124905
72.03553132
81.01102077
90.91358151
94.5369079
90.08397313
71.8927413
31.68100559
10.87782541
3.60380461
1.562522836
0.7972360293
0.9723569789
817.7553496
377.437274
197.9199364
120.4007697
86.12720102
71.47247568
68.33098975
72.06904309
81.14201348
91.07492611
94.72556075
90.20694278
71.92094048
31.69400658
10.88786218
3.607645129
1.563707156
0.7974753396
0.9728105183
376.4523872
245.7222394
166.0883036
112.2399735
83.782104
70.77812873
68.07208384
71.9857139
81.19505706
91.07532976
94.71682556
90.1888078
71.89072312
31.70070114
10.89411884
3.611618048
1.564952387
0.7977847222
1.098007511
0.9733067062
213.4878557
169.802673
137.0529071
102.8620114
80.76999914
69.89105941
67.77181304
71.85698325
81.15580133
91.02466022
94.66784304
90.14457353
71.85719536
31.70096495
10.89856351
3.613979087
1.098007511
1.565941551
151.2733577
126.7780113
112.4432398
92.80085674
77.06379021
68.69418833
67.35646276
71.68761183
81.06820307
90.92306062
94.58388924
90.07378253
71.81056525
31.69345775
10.90219653
3.615465328
1.09854879
1.566804137
127.5639334
103.9210518
93.61743791
82.84935138
72.77046715
67.13406773
66.78532427
71.45742269
80.9306394
90.76019568
94.44613536
89.96388239
71.7308618
31.67575763
10.90159874
3.617085685
1.099053159
1.56730456
125.3846239
93.96182233
81.43098309
74.09560111
68.23959243
65.23231382
66.01146662
71.15340992
80.74187328
90.52540888
94.23924084
89.79783046
71.60485341
31.65460863
10.89702991
3.618455857
1.099459027
2.034975236
1.56777429
140.1774832
94.76544159
75.62802694
67.88038305
64.09744327
63.12536755
65.02811016
70.76455027
80.49725093
90.20198899
93.94661444
89.560021
71.43394445
31.6194893
10.88961728
2.034975236
3.619579373
178.6639319
108.2001441
77.52177843
65.23892245
61.1898994
61.07697071
63.98854004
70.29495518
80.18535266
89.75544945
93.53344848
89.23478308
71.17658075
31.54721273
10.87786288
2.035098251
5.463042081
3.62066477
236.2381062
139.1091883
88.93326445
67.86691489
60.77877325
59.74980774
63.01428008
69.78708962
79.78458584
89.13418697
92.94579046
88.78118325
70.85596016
45.30705478
31.46577922
5.463042081
16.73696927
10.86145625
314.4598501
192.7755163
115.8467862
77.9035664
63.63431946
59.98996409
62.42562304
69.34824132
79.24835431
88.26607473
83.18875537
92.11034883
84.03104072
88.12424878
45.30705478
75.28686871
70.37289574
327.1602467
384.9593582
303.0247272
271.8710931
242.1498252
167.6244772
165.7855034
101.064865
102.4745362
71.80489763
69.2752264
62.36884569
59.20704592
62.58767603
59.73811766
69.01211289
66.59968462
78.41676505
83.18875537
75.63698273
87.05783545
1105.649259
417.5650698
257.3679374
197.1039077
168.0117846
152.9280434
145.5185914
140.6561856
132.2802144
118.8235738
84.7229255
38.46843958
13.68112318
5.25265267
2.508875498
1.50811444
1.062191793
0.8350194763
0.7010610731
0.6173089313
0.5676710045
0.5477471518
0.5418070276
0.539748552
1079.965516
377.5336576
232.388137
180.0075117
155.878393
143.8168258
138.2202027
135.2717941
130.5529853
121.6698628
99.51880599
54.23178874
20.59916949
7.264903893
3.059915267
1.694872271
1.139567685
0.8709967591
0.7192459212
0.6271745557
0.5729155918
0.5504603207
0.5432171061
0.5411478302
0.5395024458
0.5349936038
1066.110797
347.9860949
208.3237086
161.8164804
142.1062049
133.3759209
130.207794
129.4550619
127.4737248
121.5004182
106.9824283
68.62544656
28.66270715
9.915759433
3.786894004
1.900938985
1.210310565
0.9024891994
0.7876674242
0.7365338896
0.6675549392
0.6371874398
0.5966924368
0.5781549792
0.5644534681
0.5529180006
0.5532734136
0.5449755132
0.5425402896
0.5408985749
0.5361684715
0.5235178573
0.4952383786
1056.128205
328.3113146
190.7685879
146.6134091
129.1272536
122.652679
121.9097842
123.219825
109.077406
123.1469957
110.565335
120.4417133
108.1286182
110.8595682
97.01199706
80.78102609
61.21796688
37.36678948
25.32868365
13.27330971
8.63872879
4.716162705
3.134000249
2.148897046
1.571155121
1.294340104
0.7876674242
1.042845138
0.936486828
0.5532734136
0.5513816445
0.5435108115
0.5494433595
0.542014462
0.5449144606
0.5370914429
0.5244183853
0.4959757091
0.4759892082
1035.505609
1048.179421
295.8528123
315.2561916
157.2651261
177.6311125
113.5456264
134.5654159
96.65156505
118.0980522
91.10748626
112.8588663
91.98410647
113.5765517
109.077406
96.76752814
116.8342857
0.5449144606
0.5349100248
0.5252964935
0.496749256
0.4763130644
0.4650652434
0.5349100248
0.5068421567
0.4972747512
0.4765608129
0.4650873947
0.5068421567
0.4824366717
0.4767970449
0.4651129575
0.4591893703
0.4824366717
0.465136921
0.4591058349
0.4826681727
0.4683160243
0.4651649444
0.4590529713
0.4683160243
0.4589967636
0.4557963024
0.4683498255
0.4589526299
0.4557017917
0.4684049061
0.4606609838
0.4589016018
0.4556170537
0.4606609838
0.4555305982
0.4537218223
0.4606182812
0.4554524191
0.4536258308
0.4605912853
0.4563914552
0.4553716269
0.453494425
0.4563914552
0.4534032832
0.4530649197
0.4563198108
0.4539992522
0.4532774031
0.452929155
0.4539992522
0.4527826474
0.4522086783
0.4538762874
0.4532246098
0.4526506167
0.4520652761
0.4532246098
0.4518594134
0.4530914561
0.4520668547
0.4517184237
0.4520717427
0.4520668547
0.4518176217
0.451931835
0.4521011786
0.4516369932
0.4515166811
0.4521011786
0.4507490945
0.4512375919
0.4520114991
0.4507490945
0.4520466916
0.4516836112
0.4520466916
0.451645043
0.451852799
0.451645043
0.4531280526
0.4530034358
0.4547891774
0.4551456626
0.4547891774
0.4581336375
0.4581886371
0.4636007233
0.4636007233
0.4721429084
0.4729620757
0.4877966086
0.51624171
0.5719435524
0.7231018343
1223.430628
500.9239951
307.1142733
232.7624573
196.3922182
178.4526288
167.2887455
151.4765313
126.796962
78.03815207
30.95792015
11.35145251
5.066215438
2.781093075
1.673461528
1.159450866
0.9002300808
0.7436441987
0.6452584752
0.5821930779
0.5469996059
0.535227074
0.5320897604
0.5303519093
1105.649259
1166.238023
417.5650698
471.3244737
257.3679374
290.1111046
197.1039077
220.7792375
168.0117846
186.7247531
152.9280434
169.5951156
145.5185914
160.6860051
140.6561856
150.0567018
132.2802144
134.5967529
118.8235738
100.6672775
84.7229255
49.63838068
38.46843958
18.01759897
13.68112318
6.941325828
5.25265267
3.351197394
2.508875498
1.93822848
1.50811444
1.275210074
1.062191793
0.9520724775
0.8350194763
0.7727986589
0.7010610731
0.6614555206
0.6173089313
0.5919846775
0.5676710045
0.5524641113
0.5477471518
0.5380268884
0.5418070276
0.5337256752
0.539748552
0.5321463692
0.5303223109
0.5259601741
0.539748552
0.5395024458
0.532370507
0.5349936038
0.5276912904
0.5122823522
0.486713642
0.5349936038
0.5235178573
0.5135473748
0.4952383786
0.4875450917
0.4714637346
0.4952383786
0.4759892082
0.4717595071
0.4628004506
0.4759892082
0.4650652434
0.4627652603
0.4581273136
0.4650652434
0.457987924
0.4650873947
0.4591893703
0.4578371017
0.4553805776
0.4591893703
0.4552004958
0.4591058349
0.4550649232
0.4537271736
0.4590529713
0.4557963024
0.4549461308
0.4535446542
0.4557963024
0.4534320435
0.4557017917
0.4532821309
0.4556170537
0.4537218223
0.4531801689
0.4529477986
0.4537218223
0.4528038642
0.4536258308
0.4526446917
0.453494425
0.4530649197
0.4525076771
0.4522583276
0.4530649197
0.4520486906
0.452929155
0.4522086783
0.4518987009
0.4522086783
0.4520198477
0.4520652761
0.4518331823
0.4518594134
0.4520717427
0.4515779306
0.4518784418
0.4520717427
0.4516398042
0.4518176217
0.4515166811
0.4513368737
0.4520002243
0.4515166811
0.4520114991
0.4516755651
0.4520114991
0.4523230627
0.4516836112
0.451852799
0.4519154101
0.4533399586
0.451852799
0.4530034358
0.4528206646
0.4551456626
0.4551456626
0.4581886371
0.4584576464
0.4581886371
0.4633317093
0.4639332402
0.4729620757
0.4729620757
0.487557676
0.4890478756
0.5159035007
0.5717588964
0.7230113203
1399.447993
579.903184
356.4238906
272.6247547
234.3332682
207.8938562
178.799451
134.6374795
66.23244739
22.66696378
9.376254091
5.20246833
3.12737648
1.864032768
1.260777815
0.9507586785
0.7809850081
0.6722509062
0.600254203
0.5532630368
0.5297193551
0.5234186526
1223.430628
1314.823883
500.9239951
545.3870767
307.1142733
335.0448221
232.7624573
255.1558728
196.3922182
217.4708708
178.4526288
198.2688964
167.2887455
177.2363892
151.4765313
149.7706213
126.796962
98.22288328
78.03815207
40.02560762
30.95792015
15.17833317
11.35145251
6.648211665
5.066215438
3.754608839
2.781093075
2.210935611
1.673461528
1.418649896
1.159450866
1.04272545
0.9002300808
0.8326073277
0.7436441987
0.6992627402
0.6452584752
0.6146263788
0.5821930779
0.5625386715
0.5469996059
0.5349736753
0.535227074
0.5265806568
0.5320897604
0.5239035447
0.5303519093
0.5226469981
0.5202011762
0.5303519093
0.5303223109
0.5228425017
0.5259601741
0.5177065277
0.4998059611
0.5259601741
0.5122823522
0.5013560904
0.486713642
0.4798953228
0.486713642
0.4714637346
0.4679133547
0.4714637346
0.4628004506
0.4608889984
0.4628004506
0.4581273136
0.4570701723
0.4581273136
0.4549624351
0.457987924
0.4553805776
0.4546882854
0.4553805776
0.4535280488
0.4552004958
0.4537271736
0.4532525292
0.4537271736
0.4529816668
0.4535446542
0.4527962766
0.4534320435
0.4526198766
0.4532821309
0.4529477986
0.4524658884
0.4529477986
0.4523212003
0.4528038642
0.4521620105
0.4526446917
0.4522583276
0.4519480934
0.4522583276
0.4520981519
0.4520486906
0.451845965
0.4518987009
0.4520198477
0.4516492267
0.4520198477
0.4520502048
0.4518331823
0.4518784418
0.4518122823
0.4518784418
0.4516398042
0.4520002243
0.4517258673
0.4520002243
0.4516755651
0.4523230627
0.4523686913
0.4523230627
0.4533399586
0.4532250833
0.4533399586
0.4528206646
0.4548492571
0.4551390812
0.4584576464
0.4584576464
0.4639332402
0.4639332402
0.4725116698
0.4731945458
0.4890478756
0.4890478756
0.5156013485
0.571586158
0.7229310093
1399.447993
1514.497853
579.903184
633.4549922
356.4238906
394.6049091
272.6247547
305.9923852
234.3332682
261.4206408
207.8938562
220.0516016
178.799451
167.0970739
134.6374795
84.16463845
66.23244739
30.22120741
22.66696378
12.25445024
9.376254091
6.829791246
5.20246833
4.225919455
3.12737648
2.44218014
1.864032768
1.518972464
1.260777815
1.116171485
0.9507586785
0.8647965307
0.7809850081
0.7239801004
0.6722509062
0.6323673646
0.600254203
0.5729288216
0.5532630368
0.5368317113
0.5297193551
0.5198384015
0.5234186526
0.5161106344
0.5141990709
0.5234186526
0.5239035447
0.5173454964
0.5226469981
0.5156993109
0.5202011762
0.5126758398
0.5070438276
0.5202011762
0.5177065277
0.5099379176
0.4998059611
0.4906507193
0.4998059611
0.4798953228
0.4748219087
0.4651601638
0.4798953228
0.4679133547
0.4651984115
0.4597166781
0.4679133547
0.4608889984
0.4595246144
0.4566529336
0.4608889984
0.4570701723
0.4562217012
0.4570701723
0.4549624351
0.4545217897
0.4549624351
0.4536176871
0.4546882854
0.4535280488
0.4531977667
0.4535280488
0.4528758158
0.4532525292
0.4529816668
0.4525877683
0.4529816668
0.4527962766
0.4524904443
0.4526198766
0.4522521352
0.4524658884
0.4523212003
0.4520848233
0.4523212003
0.4521620105
0.451980451
0.4519480934
0.4520981519
0.4517309395
0.4520981519
0.451845965
0.452210068
0.4516492267
0.4520502048
0.4519559326
0.4520502048
0.4518122823
0.4518124844
0.4515053525
0.4517258673
0.4514671698
0.4517258673
0.4528806967
0.4513804172
0.4523686913
0.4524786463
0.4523686913
0.4532250833
0.453177107
0.4532250833
0.4527325712
0.4551390812
0.4554410587
0.4551390812
0.4579078722
0.4582235864
0.4579078722
0.4636900645
0.4643780252
0.4731945458
0.4731945458
0.4888233417
0.4888233417
0.5153236781
0.5175016704
0.571415981
0.7228574706
1760.698869
793.0362922
516.9435162
396.2539418
292.1773531
163.7733541
48.3428026
20.64398454
12.24345897
7.644211139
4.57887711
2.656731315
1.670806203
1.187204695
0.9183191428
0.748624733
1514.497853
1641.151934
633.4549922
704.7299617
394.6049091
449.9683124
305.9923852
352.6846409
261.4206408
287.1066784
220.0516016
214.9814095
167.0970739
111.485102
84.16463845
33.8558468
30.22120741
15.58251159
12.25445024
8.861070093
6.829791246
5.441715546
4.225919455
3.326931158
2.44218014
2.009073109
1.518972464
1.275756525
1.116171485
0.9617851852
0.8647965307
0.7948694162
0.7239801004
0.6853797708
0.6323673646
0.6070434159
0.5729288216
0.5545094407
0.5368317113
0.5235384638
0.5198384015
0.5113641091
0.5161106344
0.5091996435
0.5141990709
0.5074538618
0.5141990709
0.5156993109
0.5087986378
0.5126758398
0.5052847817
0.5070438276
0.5070438276
0.4906507193
0.4831660239
0.4906507193
0.4748219087
0.4706248878
0.4651601638
0.4651601638
0.4597166781
0.4588043382
0.4597166781
0.4566529336
0.456103003
0.4566529336
0.4562217012
0.4545217897
0.4541663138
0.4545217897
0.4536176871
0.4534326577
0.4536176871
0.4531977667
0.4528758158
0.4526306307
0.4528758158
0.4525877683
0.4526313011
0.4523540997
0.4524904443
0.4523230524
0.4524904443
0.4522521352
0.4520848233
0.4518724801
0.4518619453
0.451980451
0.4516096647
0.451980451
0.4517309395
0.4524429621
0.4515245716
0.452210068
0.452182838
0.452210068
0.4519559326
0.4516595739
0.4518124844
0.4515684394
0.4518124844
0.4514671698
0.4528806967
0.4528626708
0.4528806967
0.4524786463
0.453177107
0.4533556519
0.453177107
0.4526823143
0.4554410587
0.4555689775
0.4554410587
0.4582235864
0.4582235864
0.4643780252
0.4643780252
0.4729201014
0.4729201014
0.4885037384
0.5175016704
0.5175016704
0.5712334238
0.722782625
1760.698869
1868.496942
793.0362922
939.0329076
516.9435162
621.029547
396.2539418
433.9459119
292.1773531
228.4596804
163.7733541
59.77450469
48.3428026
28.11494033
20.64398454
18.17376691
12.24345897
10.50549834
7.644211139
6.128307364
4.57887711
3.667055962
2.656731315
2.286874271
1.670806203
1.469725716
1.187204695
1.001040045
0.9183191428
0.7955240983
0.748624733
0.6798011475
0.6077957328
0.5587413127
0.5265537087
0.748624733
0.6853797708
0.6360821803
0.6070434159
0.5723086141
0.5545094407
0.5349699451
0.5235384638
0.5128832175
0.5113641091
0.5042735425
0.5091996435
0.5031398627
0.5074538618
0.5013114994
0.5074538618
0.5087986378
0.5022707885
0.5052847817
0.4982508336
0.5052847817
0.5021587534
0.4940565298
0.4831660239
0.4765994114
0.4831660239
0.4706248878
0.4672907283
0.4706248878
0.4630471938
0.4613145482
0.4588043382
0.4588043382
0.456103003
0.456103003
0.4557003416
0.4541663138
0.4540856225
0.4541663138
0.4534326577
0.4535207392
0.4534326577
0.4530774822
0.4526306307
0.4525269708
0.4526306307
0.4523228743
0.4526313011
0.4525665751
0.4526313011
0.4523230524
0.452112411
0.4518733597
0.451891501
0.4518724801
0.4515988109
0.4518724801
0.4516096647
0.4514096141
0.4524429621
0.4523175596
0.4524429621
0.452182838
0.4518865262
0.4519614049
0.4516301263
0.4515684394
0.4515522478
0.4515684394
0.4513058801
0.4528626708
0.4528127682
0.4528626708
0.452438274
0.4533556519
0.4535397685
0.4533556519
0.4528276726
0.4555689775
0.455728822
0.4555689775
0.4549505642
0.458003668
0.4585505701
0.458003668
0.463927584
0.464423966
0.463927584
0.4727334807
0.4727334807
0.488161388
0.4893731573
0.5173425855
0.5173425855
0.5710554774
0.7227147444
1861.391588
1439.516345
760.8664095
256.7209512
84.40842466
41.91812066
22.83165082
13.7297551
7.752730065
4.589663963
2.738647877
1.719584164
1.151713852
0.841468396
0.7026795196
0.620267161
0.5670909263
1868.496942
1898.510503
939.0329076
1179.790984
621.029547
720.9002554
433.9459119
378.4310904
228.4596804
111.47406
59.77450469
46.67309345
28.11494033
27.48681333
18.17376691
14.7592159
10.50549834
8.737854259
6.128307364
5.124699824
3.667055962
3.183787621
2.286874271
1.990979046
1.469725716
1.283705181
1.001040045
0.9316327648
0.7955240983
0.7614111092
0.6798011475
0.6523246811
0.6077957328
0.5811970757
0.5587413127
0.5393073329
0.5265537087
0.5151199777
0.5014885693
0.496680589
0.5265537087
0.5128832175
0.5053811521
0.5042735425
0.4990773945
0.5031398627
0.4982260998
0.5013114994
0.4957469825
0.5013114994
0.5022707885
0.4961216867
0.4982508336
0.4917627697
0.4982508336
0.4940565298
0.487114466
0.4765994114
0.4765994114
0.4672907283
0.4650891001
0.4672907283
0.4613145482
0.4603061543
0.4613145482
0.457626459
0.4572465054
0.457626459
0.4553005588
0.4552306401
0.4553005588
0.4540856225
0.4540433555
0.4540856225
0.4535207392
0.4537215028
0.4535207392
0.4529987431
0.4525269708
0.4525584553
0.4525269708
0.4520520102
0.4525665751
0.4525526907
0.4525665751
0.4522044692
0.451987196
0.4519364706
0.4518733597
0.4516860895
0.4518733597
0.4515988109
0.4513887323
0.4524415095
0.4511265954
0.4523175596
0.4521245702
0.4523175596
0.452005215
0.451756436
0.4519614049
0.4519991326
0.4519614049
0.4515522478
0.4511944249
0.4528127682
0.4527691504
0.4528127682
0.4524020695
0.4535397685
0.4535397685
0.4530662557
0.455728822
0.455728822
0.4551401564
0.4585505701
0.4585505701
0.464423966
0.464423966
0.4635607526
0.4725044206
0.4736644982
0.4893731573
0.4893731573
0.517163273
0.517163273
0.5709002545
0.7226519376
3003.161107
871.2054969
186.4599791
84.99542036
47.0913076
23.89877341
2802.545063
999.1769235
246.7486553
92.79701915
48.79862705
25.21959232
13.47441074
7.365754841
4.263565615
2.556104711
1.628197951
2548.172509
1029.502592
293.1688121
99.421594
54.79489832
28.94427246
15.06159669
8.306888854
4.759637007
2.877206972
1.79820294
1.179911415
0.8411472065
0.6806099748
2277.203847
1001.663949
378.0046266
119.0103935
56.76774717
30.48162552
16.83862084
9.163024907
5.298944134
3.131719753
1.95372847
1.289300991
0.9207899662
0.7241443374
0.6299209545
0.5684212694
0.5309933773
1990.517604
1178.94861
420.8708561
143.63828
67.38577219
35.1779144
18.83294203
10.49814118
5.965283483
3.581182195
2.192566038
1.390092486
0.944574495
0.7341224538
0.6382540099
0.5802651175
0.5408122782
0.5151524506
0.500636021
1861.391588
1786.155395
1439.516345
1555.583132
760.8664095
578.4913255
256.7209512
174.9430169
84.40842466
70.01670658
41.91812066
37.28215776
22.83165082
21.54861374
13.7297551
11.58421233
7.752730065
6.708896793
4.589663963
3.907537047
2.738647877
2.41111282
1.719584164
1.557978237
1.151713852
1.070309944
0.841468396
0.8022529699
0.7026795196
0.6768304281
0.620267161
0.595548538
0.5670909263
0.546700102
0.518866911
0.5028114893
0.4945837633
0.5670909263
0.5393073329
0.5272882095
0.5151199777
0.5070698043
0.5014885693
0.4968215912
0.496680589
0.493303106
0.4922891161
0.496680589
0.4982260998
0.4937904796
0.4957469825
0.4912814893
0.4957469825
0.4961216867
0.490851434
0.4917627697
0.4917627697
0.487114466
0.4789868087
0.487114466
0.4736630251
0.4691596229
0.4650891001
0.4650891001
0.4603061543
0.4603061543
0.4572465054
0.4569932838
0.4572465054
0.4552306401
0.4554262637
0.4552306401
0.4540433555
0.4540433555
0.4537215028
0.4537215028
0.4530257674
0.4525584553
0.452735101
0.4525584553
0.4520550375
0.4525526907
0.4525713868
0.4525526907
0.4521830987
0.451987196
0.4521935105
0.451987196
0.4516860895
0.4514386117
0.4511882053
0.4524415095
0.4522695269
0.4524415095
0.4521245702
0.4518710305
0.4515616971
0.4519991326
0.4520421273
0.4519991326
0.4516616598
0.4513291102
0.4527691504
0.4528041797
0.4527691504
0.4523721061
0.4519412002
0.453308095
0.4535643328
0.453308095
0.4528371666
0.4552588289
0.455554392
0.4552588289
0.4546819001
0.4583526959
0.4588622438
0.4583526959
0.464032734
0.464032734
0.4736644982
0.4736644982
0.4890695532
0.4890695532
0.5170230277
0.5170230277
0.5707436142
0.7225901321
0.5969286146
0.8418329428
0.6833249378
0.5972483258
1.112706421
0.8430224159
0.684031768
0.5976952701
2.37543257
1.573358974
1.115477444
0.8444441095
0.6848167651
0.5981575781
7.133581396
3.927044166
2.383241858
1.577091433
1.117929396
0.8460406726
0.6858504034
0.5988122396
30.19803849
14.67275288
7.153286117
3.937165846
2.393505172
1.584654435
1.122381115
0.8481407488
0.6868961464
0.5994615387
0.5541801243
356.3394209
141.1244741
69.05318335
30.43249984
14.74079153
7.206134904
3.964538332
2.408230086
1.59109256
1.125755619
0.8502526421
0.6882774902
0.6004009217
0.5548347631
2837.298607
362.0514873
141.8847876
69.12335467
30.57254577
14.78682889
7.248416968
3.985748508
2.424645268
1.603258515
1.133235611
0.8538041713
0.6898460336
0.6012522069
0.5554408135
2888.933087
379.6528219
146.1766014
69.84181696
31.00654722
14.94738829
7.343108967
4.038037849
2.453971125
1.615878902
1.138299718
0.8564621613
0.6917802432
0.6027007698
0.5564294436
2953.176337
381.338964
146.4288654
70.3175133
31.2776269
15.10153725
7.447168144
4.090530728
2.482604377
1.634669527
1.151044737
0.8633416359
0.6948456599
0.6040845096
0.5572194002
2982.767998
410.6992002
152.5908513
72.0772993
32.19851764
15.49701396
7.644006129
4.191858675
2.540606402
1.662886404
1.161642527
0.8672742011
0.6972586701
0.6061905967
0.5588631808
3066.877235
408.8268026
152.5037762
73.63462696
32.79867698
15.91536634
7.895773656
4.324299336
2.602939275
1.694031358
1.182605477
0.8809035495
0.7043773044
0.6093003688
0.5601583688
3139.079945
465.7213371
162.8597235
77.19271258
34.76440195
16.82306666
8.337706986
4.531525775
2.713575491
1.757266855
1.211049374
0.8902762991
0.707622433
0.6119543746
0.5627192903
0.5317575209
3207.6185
461.7644947
163.6243444
78.32980374
36.00911229
17.72105548
8.881088218
4.828954196
2.866114064
1.823382032
1.245795064
0.9136934124
0.7225557734
0.6194646773
0.5655546928
0.5325411731
3234.750222
578.4211414
176.7664496
83.49700426
39.90425315
19.46673332
9.766106109
5.2608821
3.072452212
1.945505143
1.31191656
0.9402129857
0.7294540704
0.6223238927
0.5689617566
0.5357706573
0.5139761817
3003.161107
3149.837606
871.2054969
681.7581747
186.4599791
176.6009274
84.99542036
84.59582081
47.0913076
41.95821704
23.89877341
20.86353771
10.69114572
5.795872663
3.385108784
2.088564123
1.375209325
0.9750749441
0.7547422304
0.6381266606
0.5763658386
0.5382044071
0.5152844166
0.5012236488
23.89877341
13.47441074
12.03183759
7.365754841
6.51505526
4.263565615
3.724376657
2.556104711
2.289137192
1.628197951
1.492469329
1.033231049
0.7722404719
0.6427058188
0.580910723
0.543389533
0.5180443689
0.5026469574
1.628197951
1.179911415
1.082303831
0.8411472065
0.809529226
0.6806099748
0.6689113155
0.5950552493
0.5484634731
0.5205811046
0.5039544524
0.4942502965
0.6806099748
0.6299209545
0.6015746342
0.5684212694
0.5561260905
0.5309933773
0.5253158608
0.5064366691
0.4956024046
0.4899224769
0.5309933773
0.5151524506
0.508912308
0.500636021
0.4968529953
0.4906932582
0.4881248964
0.500636021
0.4945837633
0.4919699794
0.4890885727
0.4879118486
0.4945837633
0.493303106
0.4900763498
0.4922891161
0.4888985664
0.4861284176
0.4922891161
0.4912814893
0.4875552735
0.4853162916
0.4912814893
0.490851434
0.486905612
0.490851434
0.4886136353
0.4848098897
0.4789868087
0.4789868087
0.4691596229
0.4679229269
0.4691596229
0.4628629657
0.462470651
0.4628629657
0.4587739462
0.4588507388
0.4569932838
0.4569932838
0.4554262637
0.4554262637
0.454557642
0.4534563534
0.4537817372
0.4534563534
0.4533034278
0.4536214275
0.4533034278
0.452735101
0.452735101
0.4521300543
0.4525713868
0.4527203874
0.4525713868
0.45208815
0.4521935105
0.4524866067
0.4521935105
0.4517539401
0.4514522819
0.4524277176
0.4511576677
0.4522695269
0.45206779
0.4522695269
0.4519834297
0.4516972349
0.4514180319
0.4520421273
0.4521010288
0.4520421273
0.4517336886
0.4513680304
0.4528041797
0.4528915412
0.4528041797
0.4523525628
0.4519801723
0.4535643328
0.4537503743
0.4535643328
0.4530364702
0.455554392
0.455554392
0.4548887266
0.4588622438
0.4588622438
0.4580893608
0.4637438903
0.4644768786
0.4637438903
0.4734382978
0.4734382978
0.4888492973
0.4888492973
0.5168465294
0.5168465294
0.5706142603
0.7225434212
0.5020865649
0.493180135
0.516771232
0.5021395021
0.4932458919
0.5969286146
0.5411093719
0.5169383848
0.5022723075
0.4933500832
0.5972483258
0.5412917646
0.5170393217
0.5023420252
0.4934235912
0.5976952701
0.5415641745
0.5172679054
0.5025357875
0.4935742379
0.5981575781
0.541845036
0.5174318745
0.5026297201
0.4936374655
0.5988122396
0.5541801243
0.5422140862
0.5177372968
0.5028869788
0.4938365992
0.5541801243
0.5180117223
0.5030209271
0.493877471
0.5548347631
0.5183966824
0.5033059782
0.4940825557
0.4865396023
0.5554408135
0.5188205845
0.5035102336
0.4941155855
0.4865666463
0.5564294436
0.5192916174
0.5037735506
0.4942310589
0.4868013663
0.5572194002
0.519856012
0.5040320176
0.4942254189
0.4868550615
0.5588631808
0.520523508
0.5042469714
0.4941564081
0.4870113803
0.5601583688
0.5317575209
0.5212533302
0.504559002
0.4941069287
0.4871596153
0.5317575209
0.5049285874
0.4939624592
0.4872520219
0.5325411731
0.5139761817
0.5053552138
0.4942028024
0.4876102902
0.4836580036
0.5139761817
0.5012236488
0.494806772
0.487921954
0.484006618
0.5012236488
0.4883773737
0.484585591
0.48258564
0.5026469574
0.4942502965
0.4891181841
0.4850797672
0.4830744426
0.4942502965
0.4899224769
0.4857069142
0.4838365376
0.4826442595
0.4899224769
0.4881248964
0.484446792
0.4832714718
0.4881248964
0.4879118486
0.4842097906
0.4811776978
0.4879118486
0.4861284176
0.4820718822
0.4861284176
0.4853162916
0.4800142869
0.4853162916
0.4755551064
0.486905612
0.4848098897
0.4769885913
0.4848098897
0.4784231771
0.4696621904
0.4679229269
0.4679229269
0.462470651
0.462470651
0.4588507388
0.4588507388
0.4564857246
0.4564857246
0.4549046138
0.4549046138
0.4537817372
0.4537817372
0.4536214275
0.4536214275
0.4528186601
0.4524989973
0.4531936368
0.4524989973
0.4527203874
0.4527203874
0.4520093816
0.4524866067
0.4524866067
0.4520121634
0.4515952313
0.4524277176
0.4524882367
0.4524277176
0.45206779
0.4518027426
0.4514944302
0.4526274237
0.4512404604
0.4521010288
0.4523024975
0.4521010288
0.4517567098
0.4514264834
0.4528915412
0.4527890481
0.4528915412
0.4525203382
0.4520678624
0.4537503743
0.4537503743
0.4532377076
0.4527410022
0.4552410039
0.455372636
0.4552410039
0.4545821333
0.4586137187
0.4592089012
0.4586137187
0.4644768786
0.4644768786
0.4634797152
0.47324923
0.47324923
0.4886021406
0.4886021406
0.5167160834
0.5167160834
0.5704776152
0.7224917139
0.4854943838
0.4824388545
0.4907329649
0.4855437651
0.4824903488
0.493180135
0.4907930688
0.4856001556
0.4825441222
0.4932458919
0.4908608123
0.4856643516
0.4826125923
0.4933500832
0.4909442081
0.4857430597
0.4826863239
0.4934235912
0.4910408419
0.4858329191
0.4827763294
0.4935742379
0.4911477193
0.485933668
0.4828783793
0.4936374655
0.4912774105
0.4860613347
0.4829988215
0.4938365992
0.4914339582
0.4862045999
0.4831235454
0.493877471
0.4865396023
0.4916130338
0.4863726288
0.4832614118
0.4865396023
0.4865497837
0.4833819377
0.4865666463
0.4867094976
0.4834901951
0.4868013663
0.4868696479
0.4835650924
0.4868550615
0.4869502852
0.4835571328
0.4870113803
0.4869299211
0.4835194108
0.4871596153
0.4868666887
0.4834695023
0.4872520219
0.4836580036
0.4868011337
0.4834754216
0.4836580036
0.4834802152
0.4817895214
0.484006618
0.48258564
0.4837332261
0.4822606218
0.48258564
0.4826965088
0.4830744426
0.4826442595
0.4835068507
0.4817374177
0.4826442595
0.4826474917
0.4832714718
0.4811776978
0.4835331433
0.4811776978
0.4828022525
0.4820718822
0.4800142869
0.4838877746
0.4800142869
0.4755551064
0.4812227209
0.4755551064
0.4769885913
0.4696621904
0.4801409635
0.4696621904
0.4642734846
0.4736867424
0.4642734846
0.460577838
0.4699302977
0.460577838
0.4581027945
0.4668550553
0.4581027945
0.4559701153
0.4647599657
0.4559701153
0.4546694102
0.46294884
0.4546694102
0.4537162967
0.4610572172
0.4537162967
0.4531629698
0.4589437427
0.4531629698
0.4531936368
0.4531936368
0.4522202072
0.452494088
0.4553394699
0.452494088
0.4521248554
0.4520944403
0.4534463986
0.4520944403
0.4516366602
0.4524882367
0.4524882367
0.4520925164
0.4517695632
0.4514827921
0.4526274237
0.4526263842
0.4526274237
0.4523024975
0.4519465023
0.4516268305
0.4527890481
0.4528968355
0.4527890481
0.4523582102
0.4519645493
0.4515366041
0.4537256535
0.4538355108
0.4537256535
0.4531730025
0.455372636
0.455372636
0.4547652175
0.4592089012
0.4592089012
0.4585131312
0.4641166616
0.4641166616
0.4631617515
0.4731019495
0.4738185662
0.4731019495
0.4883924811
0.4883924811
0.5165561275
0.5165561275
0.5703748375
0.7224400845
0.469776906
0.4824388545
0.4697952305
0.4824903488
0.4698041238
0.4825441222
0.4698101749
0.4826125923
0.4698221272
0.4826863239
0.4698094759
0.4827763294
0.4698317507
0.4828783793
0.4698375365
0.4829988215
0.4699016488
0.4831235454
0.4699761032
0.4832614118
0.4700331112
0.4833819377
0.4698326236
0.4834901951
0.4698911063
0.4835650924
0.4700796298
0.4835571328
0.4703713046
0.4835194108
0.4707797459
0.4834695023
0.4713630358
0.4695683869
0.4834754216
0.4817895214
0.4722009045
0.4703317812
0.4817895214
0.4714249675
0.4822606218
0.4729092386
0.4826965088
0.4817374177
0.4748236831
0.4817374177
0.473895569
0.4826474917
0.4766134033
0.4835331433
0.4828022525
0.4799672233
0.4828022525
0.4793430446
0.4838877746
0.4812227209
0.4841111129
0.4812227209
0.4855384408
0.4833961808
0.4801409635
0.4932033634
0.4801409635
0.4736867424
0.4979290431
0.4736867424
0.4699302977
0.4699302977
0.4668550553
0.4668550553
0.4647599657
0.4647599657
0.46294884
0.46294884
0.4610572172
0.4610572172
0.4589437427
0.4589437427
0.4592846703
0.4569721457
0.5090952603
0.4569721457
0.4553394699
0.4553394699
0.4550379115
0.4534463986
0.4534463986
0.453028267
0.4527009421
0.4526989396
0.470734085
0.4526989396
0.4523657744
0.4520987497
0.4526263842
0.4628297547
0.4526263842
0.4523100444
0.4519996971
0.4516931846
0.4528968355
0.4528968355
0.4524789336
0.4520794077
0.4516707086
0.4538355108
0.4562086318
0.4538355108
0.4533802486
0.452823699
0.4554498634
0.4565830129
0.4554498634
0.454797804
0.4585812965
0.4585812965
0.457840316
0.4641925379
0.4641925379
0.4738185662
0.4738185662
0.4726603897
0.4883321935
0.4883321935
0.5163634387
0.5163634387
0.5702715846
0.7224012218
0.4883200695
0.469776906
0.4879978031
0.4697952305
0.4877715917
0.4698041238
0.4876350061
0.4698101749
0.4873594811
0.4698221272
0.4874667822
0.4698094759
0.4877068806
0.4698317507
0.487877079
0.4698375365
0.4879769594
0.4699016488
0.4880499349
0.4699761032
0.4880086218
0.4700331112
0.4872449723
0.4698326236
0.4888414612
0.4698911063
0.4936428022
0.4700796298
0.5024376705
0.4703713046
0.5158557169
0.4707797459
0.4695683869
0.5341489788
0.4695683869
0.5591389307
0.4703317812
0.5857972243
0.4714249675
0.6147845819
0.4729092386
0.6452346971
0.4748236831
0.473895569
0.6763576023
0.473895569
0.7018911426
0.4766134033
0.7333510293
0.4799672233
0.4793430446
0.7660036844
0.4793430446
0.4841111129
0.4855384408
0.8199915499
0.4855384408
0.4932033634
0.4979290431
0.8796964711
0.4979290431
0.5118062339
0.5232673821
0.9526078453
0.5232673821
0.5350799318
0.9824513565
0.5350799318
0.5419383387
1.011672857
0.5419383387
0.5425390938
1.028924496
0.5425390938
0.536212822
0.536212822
0.5240742919
0.5240742919
0.5090952603
0.5090952603
0.5143551082
0.4965569578
0.4965569578
0.4993385385
0.4824969108
0.8299048151
0.4824969108
0.4836048366
0.470734085
0.470734085
0.4710070042
0.471248202
0.4628297547
0.4628297547
0.4627556212
0.4626871038
0.4626239065
0.4625661273
0.4579380912
0.6168198626
0.4579380912
0.4576714056
0.4574094364
0.4562086318
0.4562086318
0.4557743924
0.4553437042
0.4565830129
0.4565830129
0.4559952213
0.4554100454
0.4573759394
0.5099393718
0.4573759394
0.4566491052
0.4641316138
0.5022658433
0.4641316138
0.473618739
0.473618739
0.4723775791
0.4883954855
0.5136130879
0.4883954855
0.516073076
0.516073076
0.5701025582
0.5675914911
0.7224018723
0.4883200695
0.4879978031
0.4877715917
0.4876350061
0.4873594811
0.4874667822
0.4877068806
0.487877079
0.4879769594
0.4880499349
0.4880086218
0.4872449723
0.4888414612
0.4936428022
0.5024376705
0.5158557169
0.5341489788
0.5591389307
0.5591389307
0.5857972243
0.6147845819
0.6452346971
0.6763576023
0.7018911426
0.7018911426
0.7333510293
0.7660036844
0.8010437048
0.8199915499
0.8199915499
0.8551813735
0.8796964711
0.8796964711
0.9269800367
0.9526078453
0.9526078453
0.9824513565
0.9824513565
1.011672857
1.011672857
1.028924496
1.028924496
1.095228088
1.07421927
1.07421927
1.029977477
1.029977477
0.9734435491
0.9734435491
0.999951687
0.9312339066
0.9312339066
0.8299048151
0.8299048151
0.839385554
0.8544107595
0.759256272
0.759256272
0.764513354
0.7687605124
0.6823488815
0.6823488815
0.6848732855
0.6873751441
0.6898620165
0.6168198626
0.6168198626
0.6185577961
0.6203123788
0.6220859958
0.565844058
0.565844058
0.5668707668
0.5679220814
0.5302091804
0.5302091804
0.5305719062
0.5099393718
0.5099393718
0.5097133111
0.5022658433
0.5022658433
0.5015568637
0.5036306126
0.5036306126
0.5136130879
0.5136130879
0.5120593644
0.5308082265
0.5675914911
0.5675914911
0.7227439271
)
;
    }
}


// ************************************************************************* //
