/*--------------------------------*- C++ -*----------------------------------*\
| =========                 |                                                 |
| \\      /  F ield         | OpenFOAM: The Open Source CFD Toolbox           |
|  \\    /   O peration     | Version:                                        |
|   \\  /    A nd           | Website:  www.openfoam.com                      |
|    \\/     M anipulation  |                                                 |
\*---------------------------------------------------------------------------*/
FoamFile
{
    version     2.0;
    format      ascii;
    class       labelList;
    note        "nPoints:54200  nCells:48000  nFaces:150022  nInternalFaces:137978";
    location    "constant/polyMesh";
    object      neighbour;
}
// * * * * * * * * * * * * * * * * * * * * * * * * * * * * * * * * * * * * * //


137978
(
1
8
794
842
2
9
843
3
10
844
4
11
845
5
12
846
6
13
847
7
14
848
15
849
9
16
746
850
10
17
851
11
18
852
12
19
853
13
20
854
14
21
855
15
22
856
23
857
17
24
698
858
18
25
859
19
26
860
20
27
861
21
28
862
22
29
863
23
30
864
865
25
31
650
866
26
32
867
27
33
868
28
34
869
29
35
870
30
36
871
872
32
37
602
873
33
38
874
34
39
875
35
40
876
36
41
877
878
38
42
554
879
39
43
880
40
44
881
41
45
882
883
43
46
506
884
44
47
885
45
48
886
887
47
49
458
888
48
50
889
51
890
50
52
410
891
51
53
892
893
53
54
362
894
55
895
55
56
314
896
57
897
57
266
898
59
62
901
63
902
61
65
904
62
66
905
63
67
906
68
907
65
70
909
66
71
910
67
72
911
68
73
912
74
913
70
76
915
71
77
916
72
78
917
73
79
918
74
80
919
81
920
76
83
922
77
84
923
78
85
924
79
86
925
80
87
926
81
88
927
89
928
83
90
930
84
91
931
85
92
932
86
93
933
87
94
934
88
95
935
89
96
936
97
937
91
99
940
92
100
941
93
101
942
94
102
943
95
103
944
96
104
945
97
105
946
106
947
99
107
949
100
108
950
101
109
951
102
110
952
103
111
953
104
112
954
105
113
955
106
114
956
115
957
108
117
960
109
118
961
110
119
962
111
120
963
112
121
964
113
122
965
114
123
966
115
124
967
125
968
117
126
970
118
127
971
119
128
972
120
129
973
121
130
974
122
131
975
123
132
976
124
133
977
125
134
978
135
979
127
137
982
128
138
983
129
139
984
130
140
985
131
141
986
132
142
987
133
143
988
134
144
989
135
145
990
146
991
137
147
993
138
148
994
139
149
995
140
150
996
141
151
997
142
152
998
143
153
999
144
154
1000
145
155
1001
146
156
1002
157
1003
148
159
1006
149
160
1007
150
161
1008
151
162
1009
152
163
1010
153
164
1011
154
165
1012
155
166
1013
156
167
1014
157
168
1015
169
1016
159
170
1018
160
171
1019
161
172
1020
162
173
1021
163
174
1022
164
175
1023
165
176
1024
166
177
1025
167
178
1026
168
179
1027
169
180
1028
181
1029
171
183
1032
172
184
1033
173
185
1034
174
186
1035
175
187
1036
176
188
1037
177
189
1038
178
190
1039
179
191
1040
180
192
1041
181
193
1042
194
1043
183
196
1046
184
197
1047
185
198
1048
186
199
1049
187
200
1050
188
201
1051
189
202
1052
190
203
1053
191
204
1054
192
205
1055
193
206
1056
194
207
1057
208
1058
196
210
1061
197
211
1062
198
212
1063
199
213
1064
200
214
1065
201
215
1066
202
216
1067
203
217
1068
204
218
1069
205
219
1070
206
220
1071
207
221
1072
208
222
1073
223
1074
210
226
1077
211
227
1078
212
228
1079
213
229
1080
214
230
1081
215
231
1082
216
232
1083
217
233
1084
218
234
1085
219
235
1086
220
236
1087
221
237
1088
222
238
1089
223
239
1090
240
1091
225
249
1096
226
250
1097
227
251
1098
228
252
1099
229
253
1100
230
254
1101
231
255
1102
232
256
1103
233
257
1104
234
258
1105
235
259
1106
236
260
1107
237
261
1108
238
262
1109
239
263
1110
240
264
1111
265
1112
242
289
1136
243
290
1137
244
291
1138
245
292
1139
246
293
1140
247
294
1141
248
295
1142
249
296
1143
250
297
1144
251
298
1145
252
299
1146
253
300
1147
254
301
1148
255
302
1149
256
303
1150
257
304
1151
258
305
1152
259
306
1153
260
307
1154
261
308
1155
262
309
1156
263
310
1157
264
311
1158
265
312
1159
313
1160
267
314
1161
268
315
1162
269
316
1163
270
317
1164
271
318
1165
272
319
1166
273
320
1167
274
321
1168
275
322
1169
276
323
1170
277
324
1171
278
325
1172
279
326
1173
280
327
1174
281
328
1175
282
329
1176
283
330
1177
284
331
1178
285
332
1179
286
333
1180
287
334
1181
288
335
1182
289
336
1183
290
337
1184
291
338
1185
292
339
1186
293
340
1187
294
341
1188
295
342
1189
296
343
1190
297
344
1191
298
345
1192
299
346
1193
300
347
1194
301
348
1195
302
349
1196
303
350
1197
304
351
1198
305
352
1199
306
353
1200
307
354
1201
308
355
1202
309
356
1203
310
357
1204
311
358
1205
312
359
1206
313
360
1207
361
1208
315
362
1209
316
363
1210
317
364
1211
318
365
1212
319
366
1213
320
367
1214
321
368
1215
322
369
1216
323
370
1217
324
371
1218
325
372
1219
326
373
1220
327
374
1221
328
375
1222
329
376
1223
330
377
1224
331
378
1225
332
379
1226
333
380
1227
334
381
1228
335
382
1229
336
383
1230
337
384
1231
338
385
1232
339
386
1233
340
387
1234
341
388
1235
342
389
1236
343
390
1237
344
391
1238
345
392
1239
346
393
1240
347
394
1241
348
395
1242
349
396
1243
350
397
1244
351
398
1245
352
399
1246
353
400
1247
354
401
1248
355
402
1249
356
403
1250
357
404
1251
358
405
1252
359
406
1253
360
407
1254
361
408
1255
409
1256
363
410
1257
364
411
1258
365
412
1259
366
413
1260
367
414
1261
368
415
1262
369
416
1263
370
417
1264
371
418
1265
372
419
1266
373
420
1267
374
421
1268
375
422
1269
376
423
1270
377
424
1271
378
425
1272
379
426
1273
380
427
1274
381
428
1275
382
429
1276
383
430
1277
384
431
1278
385
432
1279
386
433
1280
387
434
1281
388
435
1282
389
436
1283
390
437
1284
391
438
1285
392
439
1286
393
440
1287
394
441
1288
395
442
1289
396
443
1290
397
444
1291
398
445
1292
399
446
1293
400
447
1294
401
448
1295
402
449
1296
403
450
1297
404
451
1298
405
452
1299
406
453
1300
407
454
1301
408
455
1302
409
456
1303
457
1304
411
458
1305
412
459
1306
413
460
1307
414
461
1308
415
462
1309
416
463
1310
417
464
1311
418
465
1312
419
466
1313
420
467
1314
421
468
1315
422
469
1316
423
470
1317
424
471
1318
425
472
1319
426
473
1320
427
474
1321
428
475
1322
429
476
1323
430
477
1324
431
478
1325
432
479
1326
433
480
1327
434
481
1328
435
482
1329
436
483
1330
437
484
1331
438
485
1332
439
486
1333
440
487
1334
441
488
1335
442
489
1336
443
490
1337
444
491
1338
445
492
1339
446
493
1340
447
494
1341
448
495
1342
449
496
1343
450
497
1344
451
498
1345
452
499
1346
453
500
1347
454
501
1348
455
502
1349
456
503
1350
457
504
1351
505
1352
459
506
1353
460
507
1354
461
508
1355
462
509
1356
463
510
1357
464
511
1358
465
512
1359
466
513
1360
467
514
1361
468
515
1362
469
516
1363
470
517
1364
471
518
1365
472
519
1366
473
520
1367
474
521
1368
475
522
1369
476
523
1370
477
524
1371
478
525
1372
479
526
1373
480
527
1374
481
528
1375
482
529
1376
483
530
1377
484
531
1378
485
532
1379
486
533
1380
487
534
1381
488
535
1382
489
536
1383
490
537
1384
491
538
1385
492
539
1386
493
540
1387
494
541
1388
495
542
1389
496
543
1390
497
544
1391
498
545
1392
499
546
1393
500
547
1394
501
548
1395
502
549
1396
503
550
1397
504
551
1398
505
552
1399
553
1400
507
554
1401
508
555
1402
509
556
1403
510
557
1404
511
558
1405
512
559
1406
513
560
1407
514
561
1408
515
562
1409
516
563
1410
517
564
1411
518
565
1412
519
566
1413
520
567
1414
521
568
1415
522
569
1416
523
570
1417
524
571
1418
525
572
1419
526
573
1420
527
574
1421
528
575
1422
529
576
1423
530
577
1424
531
578
1425
532
579
1426
533
580
1427
534
581
1428
535
582
1429
536
583
1430
537
584
1431
538
585
1432
539
586
1433
540
587
1434
541
588
1435
542
589
1436
543
590
1437
544
591
1438
545
592
1439
546
593
1440
547
594
1441
548
595
1442
549
596
1443
550
597
1444
551
598
1445
552
599
1446
553
600
1447
601
1448
555
602
1449
556
603
1450
557
604
1451
558
605
1452
559
606
1453
560
607
1454
561
608
1455
562
609
1456
563
610
1457
564
611
1458
565
612
1459
566
613
1460
567
614
1461
568
615
1462
569
616
1463
570
617
1464
571
618
1465
572
619
1466
573
620
1467
574
621
1468
575
622
1469
576
623
1470
577
624
1471
578
625
1472
579
626
1473
580
627
1474
581
628
1475
582
629
1476
583
630
1477
584
631
1478
585
632
1479
586
633
1480
587
634
1481
588
635
1482
589
636
1483
590
637
1484
591
638
1485
592
639
1486
593
640
1487
594
641
1488
595
642
1489
596
643
1490
597
644
1491
598
645
1492
599
646
1493
600
647
1494
601
648
1495
649
1496
603
650
1497
604
651
1498
605
652
1499
606
653
1500
607
654
1501
608
655
1502
609
656
1503
610
657
1504
611
658
1505
612
659
1506
613
660
1507
614
661
1508
615
662
1509
616
663
1510
617
664
1511
618
665
1512
619
666
1513
620
667
1514
621
668
1515
622
669
1516
623
670
1517
624
671
1518
625
672
1519
626
673
1520
627
674
1521
628
675
1522
629
676
1523
630
677
1524
631
678
1525
632
679
1526
633
680
1527
634
681
1528
635
682
1529
636
683
1530
637
684
1531
638
685
1532
639
686
1533
640
687
1534
641
688
1535
642
689
1536
643
690
1537
644
691
1538
645
692
1539
646
693
1540
647
694
1541
648
695
1542
649
696
1543
697
1544
651
698
1545
652
699
1546
653
700
1547
654
701
1548
655
702
1549
656
703
1550
657
704
1551
658
705
1552
659
706
1553
660
707
1554
661
708
1555
662
709
1556
663
710
1557
664
711
1558
665
712
1559
666
713
1560
667
714
1561
668
715
1562
669
716
1563
670
717
1564
671
718
1565
672
719
1566
673
720
1567
674
721
1568
675
722
1569
676
723
1570
677
724
1571
678
725
1572
679
726
1573
680
727
1574
681
728
1575
682
729
1576
683
730
1577
684
731
1578
685
732
1579
686
733
1580
687
734
1581
688
735
1582
689
736
1583
690
737
1584
691
738
1585
692
739
1586
693
740
1587
694
741
1588
695
742
1589
696
743
1590
697
744
1591
745
1592
699
746
1593
700
747
1594
701
748
1595
702
749
1596
703
750
1597
704
751
1598
705
752
1599
706
753
1600
707
754
1601
708
755
1602
709
756
1603
710
757
1604
711
758
1605
712
759
1606
713
760
1607
714
761
1608
715
762
1609
716
763
1610
717
764
1611
718
765
1612
719
766
1613
720
767
1614
721
768
1615
722
769
1616
723
770
1617
724
771
1618
725
772
1619
726
773
1620
727
774
1621
728
775
1622
729
776
1623
730
777
1624
731
778
1625
732
779
1626
733
780
1627
734
781
1628
735
782
1629
736
783
1630
737
784
1631
738
785
1632
739
786
1633
740
787
1634
741
788
1635
742
789
1636
743
790
1637
744
791
1638
745
792
1639
793
1640
747
794
1641
748
795
1642
749
796
1643
750
797
1644
751
798
1645
752
799
1646
753
800
1647
754
801
1648
755
802
1649
756
803
1650
757
804
1651
758
805
1652
759
806
1653
760
807
1654
761
808
1655
762
809
1656
763
810
1657
764
811
1658
765
812
1659
766
813
1660
767
814
1661
768
815
1662
769
816
1663
770
817
1664
771
818
1665
772
819
1666
773
820
1667
774
821
1668
775
822
1669
776
823
1670
777
824
1671
778
825
1672
779
826
1673
780
827
1674
781
828
1675
782
829
1676
783
830
1677
784
831
1678
785
832
1679
786
833
1680
787
834
1681
788
835
1682
789
836
1683
790
837
1684
791
838
1685
792
839
1686
793
840
1687
841
1688
795
1689
796
1690
797
1691
798
1692
799
1693
800
1694
801
1695
802
1696
803
1697
804
1698
805
1699
806
1700
807
1701
808
1702
809
1703
810
1704
811
1705
812
1706
813
1707
814
1708
815
1709
816
1710
817
1711
818
1712
819
1713
820
1714
821
1715
822
1716
823
1717
824
1718
825
1719
826
1720
827
1721
828
1722
829
1723
830
1724
831
1725
832
1726
833
1727
834
1728
835
1729
836
1730
837
1731
838
1732
839
1733
840
1734
841
1735
1736
843
850
1689
1737
844
851
1738
845
852
1739
846
853
1740
847
854
1741
848
855
1742
849
856
1743
857
1744
851
858
1641
1745
852
859
1746
853
860
1747
854
861
1748
855
862
1749
856
863
1750
857
864
1751
865
1752
859
866
1593
1753
860
867
1754
861
868
1755
862
869
1756
863
870
1757
864
871
1758
865
872
1759
867
873
1545
1760
868
874
1761
869
875
1762
870
876
1763
871
877
1764
872
878
1765
1766
874
879
1497
1767
875
880
1768
876
881
1769
877
882
1770
878
883
1771
880
884
1449
1772
881
885
1773
882
886
1774
883
887
1775
885
888
1401
1776
886
889
1777
887
890
1778
1779
889
891
1353
1780
890
892
1781
893
1782
892
894
1305
1783
893
895
1784
895
896
1257
1785
897
1786
897
898
1209
1787
899
1161
1788
1113
1789
901
905
1792
902
906
1793
907
1794
904
909
1796
905
910
1797
906
911
1798
907
912
1799
913
1800
909
915
1803
910
916
1804
911
917
1805
912
918
1806
913
919
1807
920
1808
915
922
1811
916
923
1812
917
924
1813
918
925
1814
919
926
1815
920
927
1816
928
1817
922
930
1820
923
931
1821
924
932
1822
925
933
1823
926
934
1824
927
935
1825
928
936
1826
937
1827
930
939
1830
931
940
1831
932
941
1832
933
942
1833
934
943
1834
935
944
1835
936
945
1836
937
946
1837
947
1838
939
948
1841
940
949
1842
941
950
1843
942
951
1844
943
952
1845
944
953
1846
945
954
1847
946
955
1848
947
956
1849
957
1850
949
959
1853
950
960
1854
951
961
1855
952
962
1856
953
963
1857
954
964
1858
955
965
1859
956
966
1860
957
967
1861
968
1862
959
969
1865
960
970
1866
961
971
1867
962
972
1868
963
973
1869
964
974
1870
965
975
1871
966
976
1872
967
977
1873
968
978
1874
979
1875
970
981
1878
971
982
1879
972
983
1880
973
984
1881
974
985
1882
975
986
1883
976
987
1884
977
988
1885
978
989
1886
979
990
1887
991
1888
981
992
1891
982
993
1892
983
994
1893
984
995
1894
985
996
1895
986
997
1896
987
998
1897
988
999
1898
989
1000
1899
990
1001
1900
991
1002
1901
1003
1902
993
1005
1905
994
1006
1906
995
1007
1907
996
1008
1908
997
1009
1909
998
1010
1910
999
1011
1911
1000
1012
1912
1001
1013
1913
1002
1014
1914
1003
1015
1915
1016
1916
1005
1017
1919
1006
1018
1920
1007
1019
1921
1008
1020
1922
1009
1021
1923
1010
1022
1924
1011
1023
1925
1012
1024
1926
1013
1025
1927
1014
1026
1928
1015
1027
1929
1016
1028
1930
1029
1931
1018
1031
1934
1019
1032
1935
1020
1033
1936
1021
1034
1937
1022
1035
1938
1023
1036
1939
1024
1037
1940
1025
1038
1941
1026
1039
1942
1027
1040
1943
1028
1041
1944
1029
1042
1945
1043
1946
1031
1045
1949
1032
1046
1950
1033
1047
1951
1034
1048
1952
1035
1049
1953
1036
1050
1954
1037
1051
1955
1038
1052
1956
1039
1053
1957
1040
1054
1958
1041
1055
1959
1042
1056
1960
1043
1057
1961
1058
1962
1045
1060
1965
1046
1061
1966
1047
1062
1967
1048
1063
1968
1049
1064
1969
1050
1065
1970
1051
1066
1971
1052
1067
1972
1053
1068
1973
1054
1069
1974
1055
1070
1975
1056
1071
1976
1057
1072
1977
1058
1073
1978
1074
1979
1060
1076
1983
1061
1077
1984
1062
1078
1985
1063
1079
1986
1064
1080
1987
1065
1081
1988
1066
1082
1989
1067
1083
1990
1068
1084
1991
1069
1085
1992
1070
1086
1993
1071
1087
1994
1072
1088
1995
1073
1089
1996
1074
1090
1997
1091
1998
1076
1096
2004
1077
1097
2005
1078
1098
2006
1079
1099
2007
1080
1100
2008
1081
1101
2009
1082
1102
2010
1083
1103
2011
1084
1104
2012
1085
1105
2013
1086
1106
2014
1087
1107
2015
1088
1108
2016
1089
1109
2017
1090
1110
2018
1091
1111
2019
1112
2020
1093
1140
2048
1094
1141
2049
1095
1142
2050
1096
1143
2051
1097
1144
2052
1098
1145
2053
1099
1146
2054
1100
1147
2055
1101
1148
2056
1102
1149
2057
1103
1150
2058
1104
1151
2059
1105
1152
2060
1106
1153
2061
1107
1154
2062
1108
1155
2063
1109
1156
2064
1110
1157
2065
1111
1158
2066
1112
1159
2067
1160
2068
1114
1161
2069
1115
1162
2070
1116
1163
2071
1117
1164
2072
1118
1165
2073
1119
1166
2074
1120
1167
2075
1121
1168
2076
1122
1169
2077
1123
1170
2078
1124
1171
2079
1125
1172
2080
1126
1173
2081
1127
1174
2082
1128
1175
2083
1129
1176
2084
1130
1177
2085
1131
1178
2086
1132
1179
2087
1133
1180
2088
1134
1181
2089
1135
1182
2090
1136
1183
2091
1137
1184
2092
1138
1185
2093
1139
1186
2094
1140
1187
2095
1141
1188
2096
1142
1189
2097
1143
1190
2098
1144
1191
2099
1145
1192
2100
1146
1193
2101
1147
1194
2102
1148
1195
2103
1149
1196
2104
1150
1197
2105
1151
1198
2106
1152
1199
2107
1153
1200
2108
1154
1201
2109
1155
1202
2110
1156
1203
2111
1157
1204
2112
1158
1205
2113
1159
1206
2114
1160
1207
2115
1208
2116
1162
1209
2117
1163
1210
2118
1164
1211
2119
1165
1212
2120
1166
1213
2121
1167
1214
2122
1168
1215
2123
1169
1216
2124
1170
1217
2125
1171
1218
2126
1172
1219
2127
1173
1220
2128
1174
1221
2129
1175
1222
2130
1176
1223
2131
1177
1224
2132
1178
1225
2133
1179
1226
2134
1180
1227
2135
1181
1228
2136
1182
1229
2137
1183
1230
2138
1184
1231
2139
1185
1232
2140
1186
1233
2141
1187
1234
2142
1188
1235
2143
1189
1236
2144
1190
1237
2145
1191
1238
2146
1192
1239
2147
1193
1240
2148
1194
1241
2149
1195
1242
2150
1196
1243
2151
1197
1244
2152
1198
1245
2153
1199
1246
2154
1200
1247
2155
1201
1248
2156
1202
1249
2157
1203
1250
2158
1204
1251
2159
1205
1252
2160
1206
1253
2161
1207
1254
2162
1208
1255
2163
1256
2164
1210
1257
2165
1211
1258
2166
1212
1259
2167
1213
1260
2168
1214
1261
2169
1215
1262
2170
1216
1263
2171
1217
1264
2172
1218
1265
2173
1219
1266
2174
1220
1267
2175
1221
1268
2176
1222
1269
2177
1223
1270
2178
1224
1271
2179
1225
1272
2180
1226
1273
2181
1227
1274
2182
1228
1275
2183
1229
1276
2184
1230
1277
2185
1231
1278
2186
1232
1279
2187
1233
1280
2188
1234
1281
2189
1235
1282
2190
1236
1283
2191
1237
1284
2192
1238
1285
2193
1239
1286
2194
1240
1287
2195
1241
1288
2196
1242
1289
2197
1243
1290
2198
1244
1291
2199
1245
1292
2200
1246
1293
2201
1247
1294
2202
1248
1295
2203
1249
1296
2204
1250
1297
2205
1251
1298
2206
1252
1299
2207
1253
1300
2208
1254
1301
2209
1255
1302
2210
1256
1303
2211
1304
2212
1258
1305
2213
1259
1306
2214
1260
1307
2215
1261
1308
2216
1262
1309
2217
1263
1310
2218
1264
1311
2219
1265
1312
2220
1266
1313
2221
1267
1314
2222
1268
1315
2223
1269
1316
2224
1270
1317
2225
1271
1318
2226
1272
1319
2227
1273
1320
2228
1274
1321
2229
1275
1322
2230
1276
1323
2231
1277
1324
2232
1278
1325
2233
1279
1326
2234
1280
1327
2235
1281
1328
2236
1282
1329
2237
1283
1330
2238
1284
1331
2239
1285
1332
2240
1286
1333
2241
1287
1334
2242
1288
1335
2243
1289
1336
2244
1290
1337
2245
1291
1338
2246
1292
1339
2247
1293
1340
2248
1294
1341
2249
1295
1342
2250
1296
1343
2251
1297
1344
2252
1298
1345
2253
1299
1346
2254
1300
1347
2255
1301
1348
2256
1302
1349
2257
1303
1350
2258
1304
1351
2259
1352
2260
1306
1353
2261
1307
1354
2262
1308
1355
2263
1309
1356
2264
1310
1357
2265
1311
1358
2266
1312
1359
2267
1313
1360
2268
1314
1361
2269
1315
1362
2270
1316
1363
2271
1317
1364
2272
1318
1365
2273
1319
1366
2274
1320
1367
2275
1321
1368
2276
1322
1369
2277
1323
1370
2278
1324
1371
2279
1325
1372
2280
1326
1373
2281
1327
1374
2282
1328
1375
2283
1329
1376
2284
1330
1377
2285
1331
1378
2286
1332
1379
2287
1333
1380
2288
1334
1381
2289
1335
1382
2290
1336
1383
2291
1337
1384
2292
1338
1385
2293
1339
1386
2294
1340
1387
2295
1341
1388
2296
1342
1389
2297
1343
1390
2298
1344
1391
2299
1345
1392
2300
1346
1393
2301
1347
1394
2302
1348
1395
2303
1349
1396
2304
1350
1397
2305
1351
1398
2306
1352
1399
2307
1400
2308
1354
1401
2309
1355
1402
2310
1356
1403
2311
1357
1404
2312
1358
1405
2313
1359
1406
2314
1360
1407
2315
1361
1408
2316
1362
1409
2317
1363
1410
2318
1364
1411
2319
1365
1412
2320
1366
1413
2321
1367
1414
2322
1368
1415
2323
1369
1416
2324
1370
1417
2325
1371
1418
2326
1372
1419
2327
1373
1420
2328
1374
1421
2329
1375
1422
2330
1376
1423
2331
1377
1424
2332
1378
1425
2333
1379
1426
2334
1380
1427
2335
1381
1428
2336
1382
1429
2337
1383
1430
2338
1384
1431
2339
1385
1432
2340
1386
1433
2341
1387
1434
2342
1388
1435
2343
1389
1436
2344
1390
1437
2345
1391
1438
2346
1392
1439
2347
1393
1440
2348
1394
1441
2349
1395
1442
2350
1396
1443
2351
1397
1444
2352
1398
1445
2353
1399
1446
2354
1400
1447
2355
1448
2356
1402
1449
2357
1403
1450
2358
1404
1451
2359
1405
1452
2360
1406
1453
2361
1407
1454
2362
1408
1455
2363
1409
1456
2364
1410
1457
2365
1411
1458
2366
1412
1459
2367
1413
1460
2368
1414
1461
2369
1415
1462
2370
1416
1463
2371
1417
1464
2372
1418
1465
2373
1419
1466
2374
1420
1467
2375
1421
1468
2376
1422
1469
2377
1423
1470
2378
1424
1471
2379
1425
1472
2380
1426
1473
2381
1427
1474
2382
1428
1475
2383
1429
1476
2384
1430
1477
2385
1431
1478
2386
1432
1479
2387
1433
1480
2388
1434
1481
2389
1435
1482
2390
1436
1483
2391
1437
1484
2392
1438
1485
2393
1439
1486
2394
1440
1487
2395
1441
1488
2396
1442
1489
2397
1443
1490
2398
1444
1491
2399
1445
1492
2400
1446
1493
2401
1447
1494
2402
1448
1495
2403
1496
2404
1450
1497
2405
1451
1498
2406
1452
1499
2407
1453
1500
2408
1454
1501
2409
1455
1502
2410
1456
1503
2411
1457
1504
2412
1458
1505
2413
1459
1506
2414
1460
1507
2415
1461
1508
2416
1462
1509
2417
1463
1510
2418
1464
1511
2419
1465
1512
2420
1466
1513
2421
1467
1514
2422
1468
1515
2423
1469
1516
2424
1470
1517
2425
1471
1518
2426
1472
1519
2427
1473
1520
2428
1474
1521
2429
1475
1522
2430
1476
1523
2431
1477
1524
2432
1478
1525
2433
1479
1526
2434
1480
1527
2435
1481
1528
2436
1482
1529
2437
1483
1530
2438
1484
1531
2439
1485
1532
2440
1486
1533
2441
1487
1534
2442
1488
1535
2443
1489
1536
2444
1490
1537
2445
1491
1538
2446
1492
1539
2447
1493
1540
2448
1494
1541
2449
1495
1542
2450
1496
1543
2451
1544
2452
1498
1545
2453
1499
1546
2454
1500
1547
2455
1501
1548
2456
1502
1549
2457
1503
1550
2458
1504
1551
2459
1505
1552
2460
1506
1553
2461
1507
1554
2462
1508
1555
2463
1509
1556
2464
1510
1557
2465
1511
1558
2466
1512
1559
2467
1513
1560
2468
1514
1561
2469
1515
1562
2470
1516
1563
2471
1517
1564
2472
1518
1565
2473
1519
1566
2474
1520
1567
2475
1521
1568
2476
1522
1569
2477
1523
1570
2478
1524
1571
2479
1525
1572
2480
1526
1573
2481
1527
1574
2482
1528
1575
2483
1529
1576
2484
1530
1577
2485
1531
1578
2486
1532
1579
2487
1533
1580
2488
1534
1581
2489
1535
1582
2490
1536
1583
2491
1537
1584
2492
1538
1585
2493
1539
1586
2494
1540
1587
2495
1541
1588
2496
1542
1589
2497
1543
1590
2498
1544
1591
2499
1592
2500
1546
1593
2501
1547
1594
2502
1548
1595
2503
1549
1596
2504
1550
1597
2505
1551
1598
2506
1552
1599
2507
1553
1600
2508
1554
1601
2509
1555
1602
2510
1556
1603
2511
1557
1604
2512
1558
1605
2513
1559
1606
2514
1560
1607
2515
1561
1608
2516
1562
1609
2517
1563
1610
2518
1564
1611
2519
1565
1612
2520
1566
1613
2521
1567
1614
2522
1568
1615
2523
1569
1616
2524
1570
1617
2525
1571
1618
2526
1572
1619
2527
1573
1620
2528
1574
1621
2529
1575
1622
2530
1576
1623
2531
1577
1624
2532
1578
1625
2533
1579
1626
2534
1580
1627
2535
1581
1628
2536
1582
1629
2537
1583
1630
2538
1584
1631
2539
1585
1632
2540
1586
1633
2541
1587
1634
2542
1588
1635
2543
1589
1636
2544
1590
1637
2545
1591
1638
2546
1592
1639
2547
1640
2548
1594
1641
2549
1595
1642
2550
1596
1643
2551
1597
1644
2552
1598
1645
2553
1599
1646
2554
1600
1647
2555
1601
1648
2556
1602
1649
2557
1603
1650
2558
1604
1651
2559
1605
1652
2560
1606
1653
2561
1607
1654
2562
1608
1655
2563
1609
1656
2564
1610
1657
2565
1611
1658
2566
1612
1659
2567
1613
1660
2568
1614
1661
2569
1615
1662
2570
1616
1663
2571
1617
1664
2572
1618
1665
2573
1619
1666
2574
1620
1667
2575
1621
1668
2576
1622
1669
2577
1623
1670
2578
1624
1671
2579
1625
1672
2580
1626
1673
2581
1627
1674
2582
1628
1675
2583
1629
1676
2584
1630
1677
2585
1631
1678
2586
1632
1679
2587
1633
1680
2588
1634
1681
2589
1635
1682
2590
1636
1683
2591
1637
1684
2592
1638
1685
2593
1639
1686
2594
1640
1687
2595
1688
2596
1642
1689
2597
1643
1690
2598
1644
1691
2599
1645
1692
2600
1646
1693
2601
1647
1694
2602
1648
1695
2603
1649
1696
2604
1650
1697
2605
1651
1698
2606
1652
1699
2607
1653
1700
2608
1654
1701
2609
1655
1702
2610
1656
1703
2611
1657
1704
2612
1658
1705
2613
1659
1706
2614
1660
1707
2615
1661
1708
2616
1662
1709
2617
1663
1710
2618
1664
1711
2619
1665
1712
2620
1666
1713
2621
1667
1714
2622
1668
1715
2623
1669
1716
2624
1670
1717
2625
1671
1718
2626
1672
1719
2627
1673
1720
2628
1674
1721
2629
1675
1722
2630
1676
1723
2631
1677
1724
2632
1678
1725
2633
1679
1726
2634
1680
1727
2635
1681
1728
2636
1682
1729
2637
1683
1730
2638
1684
1731
2639
1685
1732
2640
1686
1733
2641
1687
1734
2642
1688
1735
2643
1736
2644
1690
2645
1691
2646
1692
2647
1693
2648
1694
2649
1695
2650
1696
2651
1697
2652
1698
2653
1699
2654
1700
2655
1701
2656
1702
2657
1703
2658
1704
2659
1705
2660
1706
2661
1707
2662
1708
2663
1709
2664
1710
2665
1711
2666
1712
2667
1713
2668
1714
2669
1715
2670
1716
2671
1717
2672
1718
2673
1719
2674
1720
2675
1721
2676
1722
2677
1723
2678
1724
2679
1725
2680
1726
2681
1727
2682
1728
2683
1729
2684
1730
2685
1731
2686
1732
2687
1733
2688
1734
2689
1735
2690
1736
2691
2692
1738
1745
2645
2693
1739
1746
2694
1740
1747
2695
1741
1748
2696
1742
1749
2697
1743
1750
2698
1744
1751
2699
1752
2700
1746
1753
2597
2701
1747
1754
2702
1748
1755
2703
1749
1756
2704
1750
1757
2705
1751
1758
2706
1752
1759
2707
2708
1754
1760
2549
2709
1755
1761
2710
1756
1762
2711
1757
1763
2712
1758
1764
2713
1759
1765
2714
1766
2715
1761
1767
2501
2716
1762
1768
2717
1763
1769
2718
1764
1770
2719
1765
1771
2720
1766
2721
1768
1772
2453
2722
1769
1773
2723
1770
1774
2724
1771
1775
2725
2726
1773
1776
2405
2727
1774
1777
2728
1775
1778
2729
1779
2730
1777
1780
2357
2731
1778
1781
2732
1779
1782
2733
1781
1783
2309
2734
1782
1784
2735
1784
1785
2261
2736
1786
2737
1786
1787
2213
2738
1788
2165
2739
1789
2117
2740
1790
2069
2021
1792
1797
2743
1793
1798
2744
1794
1799
2745
1800
2746
1796
1803
2750
1797
1804
2751
1798
1805
2752
1799
1806
2753
1800
1807
2754
1808
2755
1802
1810
2759
1803
1811
2760
1804
1812
2761
1805
1813
2762
1806
1814
2763
1807
1815
2764
1808
1816
2765
1817
2766
1810
1819
2770
1811
1820
2771
1812
1821
2772
1813
1822
2773
1814
1823
2774
1815
1824
2775
1816
1825
2776
1817
1826
2777
1827
2778
1819
1829
2782
1820
1830
2783
1821
1831
2784
1822
1832
2785
1823
1833
2786
1824
1834
2787
1825
1835
2788
1826
1836
2789
1827
1837
2790
1838
2791
1829
1840
2795
1830
1841
2796
1831
1842
2797
1832
1843
2798
1833
1844
2799
1834
1845
2800
1835
1846
2801
1836
1847
2802
1837
1848
2803
1838
1849
2804
1850
2805
1840
1851
2808
1841
1852
2809
1842
1853
2810
1843
1854
2811
1844
1855
2812
1845
1856
2813
1846
1857
2814
1847
1858
2815
1848
1859
2816
1849
1860
2817
1850
1861
2818
1862
2819
1852
1864
2823
1853
1865
2824
1854
1866
2825
1855
1867
2826
1856
1868
2827
1857
1869
2828
1858
1870
2829
1859
1871
2830
1860
1872
2831
1861
1873
2832
1862
1874
2833
1875
2834
1864
1876
2837
1865
1877
2838
1866
1878
2839
1867
1879
2840
1868
1880
2841
1869
1881
2842
1870
1882
2843
1871
1883
2844
1872
1884
2845
1873
1885
2846
1874
1886
2847
1875
1887
2848
1888
2849
1877
1890
2853
1878
1891
2854
1879
1892
2855
1880
1893
2856
1881
1894
2857
1882
1895
2858
1883
1896
2859
1884
1897
2860
1885
1898
2861
1886
1899
2862
1887
1900
2863
1888
1901
2864
1902
2865
1890
1903
2868
1891
1904
2869
1892
1905
2870
1893
1906
2871
1894
1907
2872
1895
1908
2873
1896
1909
2874
1897
1910
2875
1898
1911
2876
1899
1912
2877
1900
1913
2878
1901
1914
2879
1902
1915
2880
1916
2881
1904
1918
2885
1905
1919
2886
1906
1920
2887
1907
1921
2888
1908
1922
2889
1909
1923
2890
1910
1924
2891
1911
1925
2892
1912
1926
2893
1913
1927
2894
1914
1928
2895
1915
1929
2896
1916
1930
2897
1931
2898
1918
1932
2902
1919
1933
2903
1920
1934
2904
1921
1935
2905
1922
1936
2906
1923
1937
2907
1924
1938
2908
1925
1939
2909
1926
1940
2910
1927
1941
2911
1928
1942
2912
1929
1943
2913
1930
1944
2914
1931
1945
2915
1946
2916
1933
1948
2921
1934
1949
2922
1935
1950
2923
1936
1951
2924
1937
1952
2925
1938
1953
2926
1939
1954
2927
1940
1955
2928
1941
1956
2929
1942
1957
2930
1943
1958
2931
1944
1959
2932
1945
1960
2933
1946
1961
2934
1962
2935
1948
1964
2940
1949
1965
2941
1950
1966
2942
1951
1967
2943
1952
1968
2944
1953
1969
2945
1954
1970
2946
1955
1971
2947
1956
1972
2948
1957
1973
2949
1958
1974
2950
1959
1975
2951
1960
1976
2952
1961
1977
2953
1962
1978
2954
1979
2955
1964
1982
2961
1965
1983
2962
1966
1984
2963
1967
1985
2964
1968
1986
2965
1969
1987
2966
1970
1988
2967
1971
1989
2968
1972
1990
2969
1973
1991
2970
1974
1992
2971
1975
1993
2972
1976
1994
2973
1977
1995
2974
1978
1996
2975
1979
1997
2976
1998
2977
1981
2002
2984
1982
2003
2985
1983
2004
2986
1984
2005
2987
1985
2006
2988
1986
2007
2989
1987
2008
2990
1988
2009
2991
1989
2010
2992
1990
2011
2993
1991
2012
2994
1992
2013
2995
1993
2014
2996
1994
2015
2997
1995
2016
2998
1996
2017
2999
1997
2018
3000
1998
2019
3001
2020
3002
2000
2047
3029
2001
2048
3030
2002
2049
3031
2003
2050
3032
2004
2051
3033
2005
2052
3034
2006
2053
3035
2007
2054
3036
2008
2055
3037
2009
2056
3038
2010
2057
3039
2011
2058
3040
2012
2059
3041
2013
2060
3042
2014
2061
3043
2015
2062
3044
2016
2063
3045
2017
2064
3046
2018
2065
3047
2019
2066
3048
2020
2067
3049
2068
3050
2022
2069
3051
2023
2070
3052
2024
2071
3053
2025
2072
3054
2026
2073
3055
2027
2074
3056
2028
2075
3057
2029
2076
3058
2030
2077
3059
2031
2078
3060
2032
2079
3061
2033
2080
3062
2034
2081
3063
2035
2082
3064
2036
2083
3065
2037
2084
3066
2038
2085
3067
2039
2086
3068
2040
2087
3069
2041
2088
3070
2042
2089
3071
2043
2090
3072
2044
2091
3073
2045
2092
3074
2046
2093
3075
2047
2094
3076
2048
2095
3077
2049
2096
3078
2050
2097
3079
2051
2098
3080
2052
2099
3081
2053
2100
3082
2054
2101
3083
2055
2102
3084
2056
2103
3085
2057
2104
3086
2058
2105
3087
2059
2106
3088
2060
2107
3089
2061
2108
3090
2062
2109
3091
2063
2110
3092
2064
2111
3093
2065
2112
3094
2066
2113
3095
2067
2114
3096
2068
2115
3097
2116
3098
2070
2117
3099
2071
2118
3100
2072
2119
3101
2073
2120
3102
2074
2121
3103
2075
2122
3104
2076
2123
3105
2077
2124
3106
2078
2125
3107
2079
2126
3108
2080
2127
3109
2081
2128
3110
2082
2129
3111
2083
2130
3112
2084
2131
3113
2085
2132
3114
2086
2133
3115
2087
2134
3116
2088
2135
3117
2089
2136
3118
2090
2137
3119
2091
2138
3120
2092
2139
3121
2093
2140
3122
2094
2141
3123
2095
2142
3124
2096
2143
3125
2097
2144
3126
2098
2145
3127
2099
2146
3128
2100
2147
3129
2101
2148
3130
2102
2149
3131
2103
2150
3132
2104
2151
3133
2105
2152
3134
2106
2153
3135
2107
2154
3136
2108
2155
3137
2109
2156
3138
2110
2157
3139
2111
2158
3140
2112
2159
3141
2113
2160
3142
2114
2161
3143
2115
2162
3144
2116
2163
3145
2164
3146
2118
2165
3147
2119
2166
3148
2120
2167
3149
2121
2168
3150
2122
2169
3151
2123
2170
3152
2124
2171
3153
2125
2172
3154
2126
2173
3155
2127
2174
3156
2128
2175
3157
2129
2176
3158
2130
2177
3159
2131
2178
3160
2132
2179
3161
2133
2180
3162
2134
2181
3163
2135
2182
3164
2136
2183
3165
2137
2184
3166
2138
2185
3167
2139
2186
3168
2140
2187
3169
2141
2188
3170
2142
2189
3171
2143
2190
3172
2144
2191
3173
2145
2192
3174
2146
2193
3175
2147
2194
3176
2148
2195
3177
2149
2196
3178
2150
2197
3179
2151
2198
3180
2152
2199
3181
2153
2200
3182
2154
2201
3183
2155
2202
3184
2156
2203
3185
2157
2204
3186
2158
2205
3187
2159
2206
3188
2160
2207
3189
2161
2208
3190
2162
2209
3191
2163
2210
3192
2164
2211
3193
2212
3194
2166
2213
3195
2167
2214
3196
2168
2215
3197
2169
2216
3198
2170
2217
3199
2171
2218
3200
2172
2219
3201
2173
2220
3202
2174
2221
3203
2175
2222
3204
2176
2223
3205
2177
2224
3206
2178
2225
3207
2179
2226
3208
2180
2227
3209
2181
2228
3210
2182
2229
3211
2183
2230
3212
2184
2231
3213
2185
2232
3214
2186
2233
3215
2187
2234
3216
2188
2235
3217
2189
2236
3218
2190
2237
3219
2191
2238
3220
2192
2239
3221
2193
2240
3222
2194
2241
3223
2195
2242
3224
2196
2243
3225
2197
2244
3226
2198
2245
3227
2199
2246
3228
2200
2247
3229
2201
2248
3230
2202
2249
3231
2203
2250
3232
2204
2251
3233
2205
2252
3234
2206
2253
3235
2207
2254
3236
2208
2255
3237
2209
2256
3238
2210
2257
3239
2211
2258
3240
2212
2259
3241
2260
3242
2214
2261
3243
2215
2262
3244
2216
2263
3245
2217
2264
3246
2218
2265
3247
2219
2266
3248
2220
2267
3249
2221
2268
3250
2222
2269
3251
2223
2270
3252
2224
2271
3253
2225
2272
3254
2226
2273
3255
2227
2274
3256
2228
2275
3257
2229
2276
3258
2230
2277
3259
2231
2278
3260
2232
2279
3261
2233
2280
3262
2234
2281
3263
2235
2282
3264
2236
2283
3265
2237
2284
3266
2238
2285
3267
2239
2286
3268
2240
2287
3269
2241
2288
3270
2242
2289
3271
2243
2290
3272
2244
2291
3273
2245
2292
3274
2246
2293
3275
2247
2294
3276
2248
2295
3277
2249
2296
3278
2250
2297
3279
2251
2298
3280
2252
2299
3281
2253
2300
3282
2254
2301
3283
2255
2302
3284
2256
2303
3285
2257
2304
3286
2258
2305
3287
2259
2306
3288
2260
2307
3289
2308
3290
2262
2309
3291
2263
2310
3292
2264
2311
3293
2265
2312
3294
2266
2313
3295
2267
2314
3296
2268
2315
3297
2269
2316
3298
2270
2317
3299
2271
2318
3300
2272
2319
3301
2273
2320
3302
2274
2321
3303
2275
2322
3304
2276
2323
3305
2277
2324
3306
2278
2325
3307
2279
2326
3308
2280
2327
3309
2281
2328
3310
2282
2329
3311
2283
2330
3312
2284
2331
3313
2285
2332
3314
2286
2333
3315
2287
2334
3316
2288
2335
3317
2289
2336
3318
2290
2337
3319
2291
2338
3320
2292
2339
3321
2293
2340
3322
2294
2341
3323
2295
2342
3324
2296
2343
3325
2297
2344
3326
2298
2345
3327
2299
2346
3328
2300
2347
3329
2301
2348
3330
2302
2349
3331
2303
2350
3332
2304
2351
3333
2305
2352
3334
2306
2353
3335
2307
2354
3336
2308
2355
3337
2356
3338
2310
2357
3339
2311
2358
3340
2312
2359
3341
2313
2360
3342
2314
2361
3343
2315
2362
3344
2316
2363
3345
2317
2364
3346
2318
2365
3347
2319
2366
3348
2320
2367
3349
2321
2368
3350
2322
2369
3351
2323
2370
3352
2324
2371
3353
2325
2372
3354
2326
2373
3355
2327
2374
3356
2328
2375
3357
2329
2376
3358
2330
2377
3359
2331
2378
3360
2332
2379
3361
2333
2380
3362
2334
2381
3363
2335
2382
3364
2336
2383
3365
2337
2384
3366
2338
2385
3367
2339
2386
3368
2340
2387
3369
2341
2388
3370
2342
2389
3371
2343
2390
3372
2344
2391
3373
2345
2392
3374
2346
2393
3375
2347
2394
3376
2348
2395
3377
2349
2396
3378
2350
2397
3379
2351
2398
3380
2352
2399
3381
2353
2400
3382
2354
2401
3383
2355
2402
3384
2356
2403
3385
2404
3386
2358
2405
3387
2359
2406
3388
2360
2407
3389
2361
2408
3390
2362
2409
3391
2363
2410
3392
2364
2411
3393
2365
2412
3394
2366
2413
3395
2367
2414
3396
2368
2415
3397
2369
2416
3398
2370
2417
3399
2371
2418
3400
2372
2419
3401
2373
2420
3402
2374
2421
3403
2375
2422
3404
2376
2423
3405
2377
2424
3406
2378
2425
3407
2379
2426
3408
2380
2427
3409
2381
2428
3410
2382
2429
3411
2383
2430
3412
2384
2431
3413
2385
2432
3414
2386
2433
3415
2387
2434
3416
2388
2435
3417
2389
2436
3418
2390
2437
3419
2391
2438
3420
2392
2439
3421
2393
2440
3422
2394
2441
3423
2395
2442
3424
2396
2443
3425
2397
2444
3426
2398
2445
3427
2399
2446
3428
2400
2447
3429
2401
2448
3430
2402
2449
3431
2403
2450
3432
2404
2451
3433
2452
3434
2406
2453
3435
2407
2454
3436
2408
2455
3437
2409
2456
3438
2410
2457
3439
2411
2458
3440
2412
2459
3441
2413
2460
3442
2414
2461
3443
2415
2462
3444
2416
2463
3445
2417
2464
3446
2418
2465
3447
2419
2466
3448
2420
2467
3449
2421
2468
3450
2422
2469
3451
2423
2470
3452
2424
2471
3453
2425
2472
3454
2426
2473
3455
2427
2474
3456
2428
2475
3457
2429
2476
3458
2430
2477
3459
2431
2478
3460
2432
2479
3461
2433
2480
3462
2434
2481
3463
2435
2482
3464
2436
2483
3465
2437
2484
3466
2438
2485
3467
2439
2486
3468
2440
2487
3469
2441
2488
3470
2442
2489
3471
2443
2490
3472
2444
2491
3473
2445
2492
3474
2446
2493
3475
2447
2494
3476
2448
2495
3477
2449
2496
3478
2450
2497
3479
2451
2498
3480
2452
2499
3481
2500
3482
2454
2501
3483
2455
2502
3484
2456
2503
3485
2457
2504
3486
2458
2505
3487
2459
2506
3488
2460
2507
3489
2461
2508
3490
2462
2509
3491
2463
2510
3492
2464
2511
3493
2465
2512
3494
2466
2513
3495
2467
2514
3496
2468
2515
3497
2469
2516
3498
2470
2517
3499
2471
2518
3500
2472
2519
3501
2473
2520
3502
2474
2521
3503
2475
2522
3504
2476
2523
3505
2477
2524
3506
2478
2525
3507
2479
2526
3508
2480
2527
3509
2481
2528
3510
2482
2529
3511
2483
2530
3512
2484
2531
3513
2485
2532
3514
2486
2533
3515
2487
2534
3516
2488
2535
3517
2489
2536
3518
2490
2537
3519
2491
2538
3520
2492
2539
3521
2493
2540
3522
2494
2541
3523
2495
2542
3524
2496
2543
3525
2497
2544
3526
2498
2545
3527
2499
2546
3528
2500
2547
3529
2548
3530
2502
2549
3531
2503
2550
3532
2504
2551
3533
2505
2552
3534
2506
2553
3535
2507
2554
3536
2508
2555
3537
2509
2556
3538
2510
2557
3539
2511
2558
3540
2512
2559
3541
2513
2560
3542
2514
2561
3543
2515
2562
3544
2516
2563
3545
2517
2564
3546
2518
2565
3547
2519
2566
3548
2520
2567
3549
2521
2568
3550
2522
2569
3551
2523
2570
3552
2524
2571
3553
2525
2572
3554
2526
2573
3555
2527
2574
3556
2528
2575
3557
2529
2576
3558
2530
2577
3559
2531
2578
3560
2532
2579
3561
2533
2580
3562
2534
2581
3563
2535
2582
3564
2536
2583
3565
2537
2584
3566
2538
2585
3567
2539
2586
3568
2540
2587
3569
2541
2588
3570
2542
2589
3571
2543
2590
3572
2544
2591
3573
2545
2592
3574
2546
2593
3575
2547
2594
3576
2548
2595
3577
2596
3578
2550
2597
3579
2551
2598
3580
2552
2599
3581
2553
2600
3582
2554
2601
3583
2555
2602
3584
2556
2603
3585
2557
2604
3586
2558
2605
3587
2559
2606
3588
2560
2607
3589
2561
2608
3590
2562
2609
3591
2563
2610
3592
2564
2611
3593
2565
2612
3594
2566
2613
3595
2567
2614
3596
2568
2615
3597
2569
2616
3598
2570
2617
3599
2571
2618
3600
2572
2619
3601
2573
2620
3602
2574
2621
3603
2575
2622
3604
2576
2623
3605
2577
2624
3606
2578
2625
3607
2579
2626
3608
2580
2627
3609
2581
2628
3610
2582
2629
3611
2583
2630
3612
2584
2631
3613
2585
2632
3614
2586
2633
3615
2587
2634
3616
2588
2635
3617
2589
2636
3618
2590
2637
3619
2591
2638
3620
2592
2639
3621
2593
2640
3622
2594
2641
3623
2595
2642
3624
2596
2643
3625
2644
3626
2598
2645
3627
2599
2646
3628
2600
2647
3629
2601
2648
3630
2602
2649
3631
2603
2650
3632
2604
2651
3633
2605
2652
3634
2606
2653
3635
2607
2654
3636
2608
2655
3637
2609
2656
3638
2610
2657
3639
2611
2658
3640
2612
2659
3641
2613
2660
3642
2614
2661
3643
2615
2662
3644
2616
2663
3645
2617
2664
3646
2618
2665
3647
2619
2666
3648
2620
2667
3649
2621
2668
3650
2622
2669
3651
2623
2670
3652
2624
2671
3653
2625
2672
3654
2626
2673
3655
2627
2674
3656
2628
2675
3657
2629
2676
3658
2630
2677
3659
2631
2678
3660
2632
2679
3661
2633
2680
3662
2634
2681
3663
2635
2682
3664
2636
2683
3665
2637
2684
3666
2638
2685
3667
2639
2686
3668
2640
2687
3669
2641
2688
3670
2642
2689
3671
2643
2690
3672
2644
2691
3673
2692
3674
2646
3675
2647
3676
2648
3677
2649
3678
2650
3679
2651
3680
2652
3681
2653
3682
2654
3683
2655
3684
2656
3685
2657
3686
2658
3687
2659
3688
2660
3689
2661
3690
2662
3691
2663
3692
2664
3693
2665
3694
2666
3695
2667
3696
2668
3697
2669
3698
2670
3699
2671
3700
2672
3701
2673
3702
2674
3703
2675
3704
2676
3705
2677
3706
2678
3707
2679
3708
2680
3709
2681
3710
2682
3711
2683
3712
2684
3713
2685
3714
2686
3715
2687
3716
2688
3717
2689
3718
2690
3719
2691
3720
2692
3721
3722
2694
2701
3675
3723
2695
2702
3724
2696
2703
3725
2697
2704
3726
2698
2705
3727
2699
2706
3728
2700
2707
3729
2708
3730
2702
2709
3627
3731
2703
2710
3732
2704
2711
3733
2705
2712
3734
2706
2713
3735
2707
2714
3736
2708
2715
3737
2710
2716
3579
3738
2711
2717
3739
2712
2718
3740
2713
2719
3741
2714
2720
3742
2715
2721
3743
3744
2717
2722
3531
3745
2718
2723
3746
2719
2724
3747
2720
2725
3748
2721
2726
3749
3750
2723
2727
3483
3751
2724
2728
3752
2725
2729
3753
2726
2730
3754
3755
2728
2731
3435
3756
2729
2732
3757
2730
2733
3758
3759
2732
2734
3387
3760
2733
2735
3761
3762
2735
2736
3339
3763
2737
3764
2737
2738
3291
3765
3766
2739
3243
3767
2740
3195
3768
3147
2742
2750
3777
2743
2751
3778
2744
2752
3779
2745
2753
3780
2746
2754
3781
2755
3782
2748
2758
3790
2749
2759
3791
2750
2760
3792
2751
2761
3793
2752
2762
3794
2753
2763
3795
2754
2764
3796
2755
2765
3797
2766
3798
2757
2768
3805
2758
2769
3806
2759
2770
3807
2760
2771
3808
2761
2772
3809
2762
2773
3810
2763
2774
3811
2764
2775
3812
2765
2776
3813
2766
2777
3814
2778
3815
2768
2780
3821
2769
2781
3822
2770
2782
3823
2771
2783
3824
2772
2784
3825
2773
2785
3826
2774
2786
3827
2775
2787
3828
2776
2788
3829
2777
2789
3830
2778
2790
3831
2791
3832
2780
2793
3838
2781
2794
3839
2782
2795
3840
2783
2796
3841
2784
2797
3842
2785
2798
3843
2786
2799
3844
2787
2800
3845
2788
2801
3846
2789
2802
3847
2790
2803
3848
2791
2804
3849
2805
3850
2793
2806
3856
2794
2807
3857
2795
2808
3858
2796
2809
3859
2797
2810
3860
2798
2811
3861
2799
2812
3862
2800
2813
3863
2801
2814
3864
2802
2815
3865
2803
2816
3866
2804
2817
3867
2805
2818
3868
2819
3869
2807
2821
3875
2808
2822
3876
2809
2823
3877
2810
2824
3878
2811
2825
3879
2812
2826
3880
2813
2827
3881
2814
2828
3882
2815
2829
3883
2816
2830
3884
2817
2831
3885
2818
2832
3886
2819
2833
3887
2834
3888
2821
2835
3894
2822
2836
3895
2823
2837
3896
2824
2838
3897
2825
2839
3898
2826
2840
3899
2827
2841
3900
2828
2842
3901
2829
2843
3902
2830
2844
3903
2831
2845
3904
2832
2846
3905
2833
2847
3906
2834
2848
3907
2849
3908
2836
2851
3914
2837
2852
3915
2838
2853
3916
2839
2854
3917
2840
2855
3918
2841
2856
3919
2842
2857
3920
2843
2858
3921
2844
2859
3922
2845
2860
3923
2846
2861
3924
2847
2862
3925
2848
2863
3926
2849
2864
3927
2865
3928
2851
2866
3934
2852
2867
3935
2853
2868
3936
2854
2869
3937
2855
2870
3938
2856
2871
3939
2857
2872
3940
2858
2873
3941
2859
2874
3942
2860
2875
3943
2861
2876
3944
2862
2877
3945
2863
2878
3946
2864
2879
3947
2865
2880
3948
2881
3949
2867
2883
3955
2868
2884
3956
2869
2885
3957
2870
2886
3958
2871
2887
3959
2872
2888
3960
2873
2889
3961
2874
2890
3962
2875
2891
3963
2876
2892
3964
2877
2893
3965
2878
2894
3966
2879
2895
3967
2880
2896
3968
2881
2897
3969
2898
3970
2883
2900
3976
2884
2901
3977
2885
2902
3978
2886
2903
3979
2887
2904
3980
2888
2905
3981
2889
2906
3982
2890
2907
3983
2891
2908
3984
2892
2909
3985
2893
2910
3986
2894
2911
3987
2895
2912
3988
2896
2913
3989
2897
2914
3990
2898
2915
3991
2916
3992
2900
2918
3998
2901
2919
3999
2902
2920
4000
2903
2921
4001
2904
2922
4002
2905
2923
4003
2906
2924
4004
2907
2925
4005
2908
2926
4006
2909
2927
4007
2910
2928
4008
2911
2929
4009
2912
2930
4010
2913
2931
4011
2914
2932
4012
2915
2933
4013
2916
2934
4014
2935
4015
2918
2937
4022
2919
2938
4023
2920
2939
4024
2921
2940
4025
2922
2941
4026
2923
2942
4027
2924
2943
4028
2925
2944
4029
2926
2945
4030
2927
2946
4031
2928
2947
4032
2929
2948
4033
2930
2949
4034
2931
2950
4035
2932
2951
4036
2933
2952
4037
2934
2953
4038
2935
2954
4039
2955
4040
2937
2958
4049
2938
2959
4050
2939
2960
4051
2940
2961
4052
2941
2962
4053
2942
2963
4054
2943
2964
4055
2944
2965
4056
2945
2966
4057
2946
2967
4058
2947
2968
4059
2948
2969
4060
2949
2970
4061
2950
2971
4062
2951
2972
4063
2952
2973
4064
2953
2974
4065
2954
2975
4066
2955
2976
4067
2977
4068
2957
2981
4095
2958
2982
4096
2959
2983
4097
2960
2984
4098
2961
2985
4099
2962
2986
4100
2963
2987
4101
2964
2988
4102
2965
2989
4103
2966
2990
4104
2967
2991
4105
2968
2992
4106
2969
2993
4107
2970
2994
4108
2971
2995
4109
2972
2996
4110
2973
2997
4111
2974
2998
4112
2975
2999
4113
2976
3000
4114
2977
3001
4115
3002
4116
2979
3026
4140
2980
3027
4141
2981
3028
4142
2982
3029
4143
2983
3030
4144
2984
3031
4145
2985
3032
4146
2986
3033
4147
2987
3034
4148
2988
3035
4149
2989
3036
4150
2990
3037
4151
2991
3038
4152
2992
3039
4153
2993
3040
4154
2994
3041
4155
2995
3042
4156
2996
3043
4157
2997
3044
4158
2998
3045
4159
2999
3046
4160
3000
3047
4161
3001
3048
4162
3002
3049
4163
3050
4164
3004
3051
4165
3005
3052
4166
3006
3053
4167
3007
3054
4168
3008
3055
4169
3009
3056
4170
3010
3057
4171
3011
3058
4172
3012
3059
4173
3013
3060
4174
3014
3061
4175
3015
3062
4176
3016
3063
4177
3017
3064
4178
3018
3065
4179
3019
3066
4180
3020
3067
4181
3021
3068
4182
3022
3069
4183
3023
3070
4184
3024
3071
4185
3025
3072
4186
3026
3073
4187
3027
3074
4188
3028
3075
4189
3029
3076
4190
3030
3077
4191
3031
3078
4192
3032
3079
4193
3033
3080
4194
3034
3081
4195
3035
3082
4196
3036
3083
4197
3037
3084
4198
3038
3085
4199
3039
3086
4200
3040
3087
4201
3041
3088
4202
3042
3089
4203
3043
3090
4204
3044
3091
4205
3045
3092
4206
3046
3093
4207
3047
3094
4208
3048
3095
4209
3049
3096
4210
3050
3097
4211
3098
4212
3052
3099
4213
3053
3100
4214
3054
3101
4215
3055
3102
4216
3056
3103
4217
3057
3104
4218
3058
3105
4219
3059
3106
4220
3060
3107
4221
3061
3108
4222
3062
3109
4223
3063
3110
4224
3064
3111
4225
3065
3112
4226
3066
3113
4227
3067
3114
4228
3068
3115
4229
3069
3116
4230
3070
3117
4231
3071
3118
4232
3072
3119
4233
3073
3120
4234
3074
3121
4235
3075
3122
4236
3076
3123
4237
3077
3124
4238
3078
3125
4239
3079
3126
4240
3080
3127
4241
3081
3128
4242
3082
3129
4243
3083
3130
4244
3084
3131
4245
3085
3132
4246
3086
3133
4247
3087
3134
4248
3088
3135
4249
3089
3136
4250
3090
3137
4251
3091
3138
4252
3092
3139
4253
3093
3140
4254
3094
3141
4255
3095
3142
4256
3096
3143
4257
3097
3144
4258
3098
3145
4259
3146
4260
3100
3147
4261
3101
3148
4262
3102
3149
4263
3103
3150
4264
3104
3151
4265
3105
3152
4266
3106
3153
4267
3107
3154
4268
3108
3155
4269
3109
3156
4270
3110
3157
4271
3111
3158
4272
3112
3159
4273
3113
3160
4274
3114
3161
4275
3115
3162
4276
3116
3163
4277
3117
3164
4278
3118
3165
4279
3119
3166
4280
3120
3167
4281
3121
3168
4282
3122
3169
4283
3123
3170
4284
3124
3171
4285
3125
3172
4286
3126
3173
4287
3127
3174
4288
3128
3175
4289
3129
3176
4290
3130
3177
4291
3131
3178
4292
3132
3179
4293
3133
3180
4294
3134
3181
4295
3135
3182
4296
3136
3183
4297
3137
3184
4298
3138
3185
4299
3139
3186
4300
3140
3187
4301
3141
3188
4302
3142
3189
4303
3143
3190
4304
3144
3191
4305
3145
3192
4306
3146
3193
4307
3194
4308
3148
3195
4309
3149
3196
4310
3150
3197
4311
3151
3198
4312
3152
3199
4313
3153
3200
4314
3154
3201
4315
3155
3202
4316
3156
3203
4317
3157
3204
4318
3158
3205
4319
3159
3206
4320
3160
3207
4321
3161
3208
4322
3162
3209
4323
3163
3210
4324
3164
3211
4325
3165
3212
4326
3166
3213
4327
3167
3214
4328
3168
3215
4329
3169
3216
4330
3170
3217
4331
3171
3218
4332
3172
3219
4333
3173
3220
4334
3174
3221
4335
3175
3222
4336
3176
3223
4337
3177
3224
4338
3178
3225
4339
3179
3226
4340
3180
3227
4341
3181
3228
4342
3182
3229
4343
3183
3230
4344
3184
3231
4345
3185
3232
4346
3186
3233
4347
3187
3234
4348
3188
3235
4349
3189
3236
4350
3190
3237
4351
3191
3238
4352
3192
3239
4353
3193
3240
4354
3194
3241
4355
3242
4356
3196
3243
4357
3197
3244
4358
3198
3245
4359
3199
3246
4360
3200
3247
4361
3201
3248
4362
3202
3249
4363
3203
3250
4364
3204
3251
4365
3205
3252
4366
3206
3253
4367
3207
3254
4368
3208
3255
4369
3209
3256
4370
3210
3257
4371
3211
3258
4372
3212
3259
4373
3213
3260
4374
3214
3261
4375
3215
3262
4376
3216
3263
4377
3217
3264
4378
3218
3265
4379
3219
3266
4380
3220
3267
4381
3221
3268
4382
3222
3269
4383
3223
3270
4384
3224
3271
4385
3225
3272
4386
3226
3273
4387
3227
3274
4388
3228
3275
4389
3229
3276
4390
3230
3277
4391
3231
3278
4392
3232
3279
4393
3233
3280
4394
3234
3281
4395
3235
3282
4396
3236
3283
4397
3237
3284
4398
3238
3285
4399
3239
3286
4400
3240
3287
4401
3241
3288
4402
3242
3289
4403
3290
4404
3244
3291
4405
3245
3292
4406
3246
3293
4407
3247
3294
4408
3248
3295
4409
3249
3296
4410
3250
3297
4411
3251
3298
4412
3252
3299
4413
3253
3300
4414
3254
3301
4415
3255
3302
4416
3256
3303
4417
3257
3304
4418
3258
3305
4419
3259
3306
4420
3260
3307
4421
3261
3308
4422
3262
3309
4423
3263
3310
4424
3264
3311
4425
3265
3312
4426
3266
3313
4427
3267
3314
4428
3268
3315
4429
3269
3316
4430
3270
3317
4431
3271
3318
4432
3272
3319
4433
3273
3320
4434
3274
3321
4435
3275
3322
4436
3276
3323
4437
3277
3324
4438
3278
3325
4439
3279
3326
4440
3280
3327
4441
3281
3328
4442
3282
3329
4443
3283
3330
4444
3284
3331
4445
3285
3332
4446
3286
3333
4447
3287
3334
4448
3288
3335
4449
3289
3336
4450
3290
3337
4451
3338
4452
3292
3339
4453
3293
3340
4454
3294
3341
4455
3295
3342
4456
3296
3343
4457
3297
3344
4458
3298
3345
4459
3299
3346
4460
3300
3347
4461
3301
3348
4462
3302
3349
4463
3303
3350
4464
3304
3351
4465
3305
3352
4466
3306
3353
4467
3307
3354
4468
3308
3355
4469
3309
3356
4470
3310
3357
4471
3311
3358
4472
3312
3359
4473
3313
3360
4474
3314
3361
4475
3315
3362
4476
3316
3363
4477
3317
3364
4478
3318
3365
4479
3319
3366
4480
3320
3367
4481
3321
3368
4482
3322
3369
4483
3323
3370
4484
3324
3371
4485
3325
3372
4486
3326
3373
4487
3327
3374
4488
3328
3375
4489
3329
3376
4490
3330
3377
4491
3331
3378
4492
3332
3379
4493
3333
3380
4494
3334
3381
4495
3335
3382
4496
3336
3383
4497
3337
3384
4498
3338
3385
4499
3386
4500
3340
3387
4501
3341
3388
4502
3342
3389
4503
3343
3390
4504
3344
3391
4505
3345
3392
4506
3346
3393
4507
3347
3394
4508
3348
3395
4509
3349
3396
4510
3350
3397
4511
3351
3398
4512
3352
3399
4513
3353
3400
4514
3354
3401
4515
3355
3402
4516
3356
3403
4517
3357
3404
4518
3358
3405
4519
3359
3406
4520
3360
3407
4521
3361
3408
4522
3362
3409
4523
3363
3410
4524
3364
3411
4525
3365
3412
4526
3366
3413
4527
3367
3414
4528
3368
3415
4529
3369
3416
4530
3370
3417
4531
3371
3418
4532
3372
3419
4533
3373
3420
4534
3374
3421
4535
3375
3422
4536
3376
3423
4537
3377
3424
4538
3378
3425
4539
3379
3426
4540
3380
3427
4541
3381
3428
4542
3382
3429
4543
3383
3430
4544
3384
3431
4545
3385
3432
4546
3386
3433
4547
3434
4548
3388
3435
4549
3389
3436
4550
3390
3437
4551
3391
3438
4552
3392
3439
4553
3393
3440
4554
3394
3441
4555
3395
3442
4556
3396
3443
4557
3397
3444
4558
3398
3445
4559
3399
3446
4560
3400
3447
4561
3401
3448
4562
3402
3449
4563
3403
3450
4564
3404
3451
4565
3405
3452
4566
3406
3453
4567
3407
3454
4568
3408
3455
4569
3409
3456
4570
3410
3457
4571
3411
3458
4572
3412
3459
4573
3413
3460
4574
3414
3461
4575
3415
3462
4576
3416
3463
4577
3417
3464
4578
3418
3465
4579
3419
3466
4580
3420
3467
4581
3421
3468
4582
3422
3469
4583
3423
3470
4584
3424
3471
4585
3425
3472
4586
3426
3473
4587
3427
3474
4588
3428
3475
4589
3429
3476
4590
3430
3477
4591
3431
3478
4592
3432
3479
4593
3433
3480
4594
3434
3481
4595
3482
4596
3436
3483
4597
3437
3484
4598
3438
3485
4599
3439
3486
4600
3440
3487
4601
3441
3488
4602
3442
3489
4603
3443
3490
4604
3444
3491
4605
3445
3492
4606
3446
3493
4607
3447
3494
4608
3448
3495
4609
3449
3496
4610
3450
3497
4611
3451
3498
4612
3452
3499
4613
3453
3500
4614
3454
3501
4615
3455
3502
4616
3456
3503
4617
3457
3504
4618
3458
3505
4619
3459
3506
4620
3460
3507
4621
3461
3508
4622
3462
3509
4623
3463
3510
4624
3464
3511
4625
3465
3512
4626
3466
3513
4627
3467
3514
4628
3468
3515
4629
3469
3516
4630
3470
3517
4631
3471
3518
4632
3472
3519
4633
3473
3520
4634
3474
3521
4635
3475
3522
4636
3476
3523
4637
3477
3524
4638
3478
3525
4639
3479
3526
4640
3480
3527
4641
3481
3528
4642
3482
3529
4643
3530
4644
3484
3531
4645
3485
3532
4646
3486
3533
4647
3487
3534
4648
3488
3535
4649
3489
3536
4650
3490
3537
4651
3491
3538
4652
3492
3539
4653
3493
3540
4654
3494
3541
4655
3495
3542
4656
3496
3543
4657
3497
3544
4658
3498
3545
4659
3499
3546
4660
3500
3547
4661
3501
3548
4662
3502
3549
4663
3503
3550
4664
3504
3551
4665
3505
3552
4666
3506
3553
4667
3507
3554
4668
3508
3555
4669
3509
3556
4670
3510
3557
4671
3511
3558
4672
3512
3559
4673
3513
3560
4674
3514
3561
4675
3515
3562
4676
3516
3563
4677
3517
3564
4678
3518
3565
4679
3519
3566
4680
3520
3567
4681
3521
3568
4682
3522
3569
4683
3523
3570
4684
3524
3571
4685
3525
3572
4686
3526
3573
4687
3527
3574
4688
3528
3575
4689
3529
3576
4690
3530
3577
4691
3578
4692
3532
3579
4693
3533
3580
4694
3534
3581
4695
3535
3582
4696
3536
3583
4697
3537
3584
4698
3538
3585
4699
3539
3586
4700
3540
3587
4701
3541
3588
4702
3542
3589
4703
3543
3590
4704
3544
3591
4705
3545
3592
4706
3546
3593
4707
3547
3594
4708
3548
3595
4709
3549
3596
4710
3550
3597
4711
3551
3598
4712
3552
3599
4713
3553
3600
4714
3554
3601
4715
3555
3602
4716
3556
3603
4717
3557
3604
4718
3558
3605
4719
3559
3606
4720
3560
3607
4721
3561
3608
4722
3562
3609
4723
3563
3610
4724
3564
3611
4725
3565
3612
4726
3566
3613
4727
3567
3614
4728
3568
3615
4729
3569
3616
4730
3570
3617
4731
3571
3618
4732
3572
3619
4733
3573
3620
4734
3574
3621
4735
3575
3622
4736
3576
3623
4737
3577
3624
4738
3578
3625
4739
3626
4740
3580
3627
4741
3581
3628
4742
3582
3629
4743
3583
3630
4744
3584
3631
4745
3585
3632
4746
3586
3633
4747
3587
3634
4748
3588
3635
4749
3589
3636
4750
3590
3637
4751
3591
3638
4752
3592
3639
4753
3593
3640
4754
3594
3641
4755
3595
3642
4756
3596
3643
4757
3597
3644
4758
3598
3645
4759
3599
3646
4760
3600
3647
4761
3601
3648
4762
3602
3649
4763
3603
3650
4764
3604
3651
4765
3605
3652
4766
3606
3653
4767
3607
3654
4768
3608
3655
4769
3609
3656
4770
3610
3657
4771
3611
3658
4772
3612
3659
4773
3613
3660
4774
3614
3661
4775
3615
3662
4776
3616
3663
4777
3617
3664
4778
3618
3665
4779
3619
3666
4780
3620
3667
4781
3621
3668
4782
3622
3669
4783
3623
3670
4784
3624
3671
4785
3625
3672
4786
3626
3673
4787
3674
4788
3628
3675
4789
3629
3676
4790
3630
3677
4791
3631
3678
4792
3632
3679
4793
3633
3680
4794
3634
3681
4795
3635
3682
4796
3636
3683
4797
3637
3684
4798
3638
3685
4799
3639
3686
4800
3640
3687
4801
3641
3688
4802
3642
3689
4803
3643
3690
4804
3644
3691
4805
3645
3692
4806
3646
3693
4807
3647
3694
4808
3648
3695
4809
3649
3696
4810
3650
3697
4811
3651
3698
4812
3652
3699
4813
3653
3700
4814
3654
3701
4815
3655
3702
4816
3656
3703
4817
3657
3704
4818
3658
3705
4819
3659
3706
4820
3660
3707
4821
3661
3708
4822
3662
3709
4823
3663
3710
4824
3664
3711
4825
3665
3712
4826
3666
3713
4827
3667
3714
4828
3668
3715
4829
3669
3716
4830
3670
3717
4831
3671
3718
4832
3672
3719
4833
3673
3720
4834
3674
3721
4835
3722
4836
3676
4837
3677
4838
3678
4839
3679
4840
3680
4841
3681
4842
3682
4843
3683
4844
3684
4845
3685
4846
3686
4847
3687
4848
3688
4849
3689
4850
3690
4851
3691
4852
3692
4853
3693
4854
3694
4855
3695
4856
3696
4857
3697
4858
3698
4859
3699
4860
3700
4861
3701
4862
3702
4863
3703
4864
3704
4865
3705
4866
3706
4867
3707
4868
3708
4869
3709
4870
3710
4871
3711
4872
3712
4873
3713
4874
3714
4875
3715
4876
3716
4877
3717
4878
3718
4879
3719
4880
3720
4881
3721
4882
3722
4883
4884
3724
3731
4837
4885
3725
3732
4886
3726
3733
4887
3727
3734
4888
3728
3735
4889
3729
3736
4890
3730
3737
4891
4892
3732
3738
4789
4893
3733
3739
4894
3734
3740
4895
3735
3741
4896
3736
3742
4897
3737
3743
4898
3744
4899
3739
3745
4741
4900
3740
3746
4901
3741
3747
4902
3742
3748
4903
3743
3749
4904
3744
3750
4905
4906
3746
3751
4693
4907
3747
3752
4908
3748
3753
4909
3749
3754
4910
3750
3755
4911
4912
3752
3756
4645
4913
3753
3757
4914
3754
3758
4915
3755
3759
4916
4917
3757
3760
4597
4918
3758
3761
4919
3759
3762
4920
4921
3761
3763
4549
4922
3762
3764
4923
4924
3764
3765
4501
4925
3766
4926
3766
3767
4453
4927
3768
4405
4928
4357
3770
3785
5133
3771
3786
5134
3772
3787
5135
3773
3788
5136
3774
3789
5137
3775
3790
5138
3776
3791
5139
3777
3792
5140
3778
3793
5141
3779
3794
5142
3780
3795
5143
3781
3796
5144
3782
3797
5145
3798
5146
3784
3800
5160
3785
3801
5161
3786
3802
5162
3787
3803
5163
3788
3804
5164
3789
3805
5165
3790
3806
5166
3791
3807
5167
3792
3808
5168
3793
3809
5169
3794
3810
5170
3795
3811
5171
3796
3812
5172
3797
3813
5173
3798
3814
5174
3815
5175
3800
3816
5189
3801
3817
5190
3802
3818
5191
3803
3819
5192
3804
3820
5193
3805
3821
5194
3806
3822
5195
3807
3823
5196
3808
3824
5197
3809
3825
5198
3810
3826
5199
3811
3827
5200
3812
3828
5201
3813
3829
5202
3814
3830
5203
3815
3831
5204
3832
5205
3817
3834
5219
3818
3835
5220
3819
3836
5221
3820
3837
5222
3821
3838
5223
3822
3839
5224
3823
3840
5225
3824
3841
5226
3825
3842
5227
3826
3843
5228
3827
3844
5229
3828
3845
5230
3829
3846
5231
3830
3847
5232
3831
3848
5233
3832
3849
5234
3850
5235
3834
3852
5248
3835
3853
5249
3836
3854
5250
3837
3855
5251
3838
3856
5252
3839
3857
5253
3840
3858
5254
3841
3859
5255
3842
3860
5256
3843
3861
5257
3844
3862
5258
3845
3863
5259
3846
3864
5260
3847
3865
5261
3848
3866
5262
3849
3867
5263
3850
3868
5264
3869
5265
3852
3870
5277
3853
3871
5278
3854
3872
5279
3855
3873
5280
3856
3874
5281
3857
3875
5282
3858
3876
5283
3859
3877
5284
3860
3878
5285
3861
3879
5286
3862
3880
5287
3863
3881
5288
3864
3882
5289
3865
3883
5290
3866
3884
5291
3867
3885
5292
3868
3886
5293
3869
3887
5294
3888
5295
3871
3890
5308
3872
3891
5309
3873
3892
5310
3874
3893
5311
3875
3894
5312
3876
3895
5313
3877
3896
5314
3878
3897
5315
3879
3898
5316
3880
3899
5317
3881
3900
5318
3882
3901
5319
3883
3902
5320
3884
3903
5321
3885
3904
5322
3886
3905
5323
3887
3906
5324
3888
3907
5325
3908
5326
3890
3909
5338
3891
3910
5339
3892
3911
5340
3893
3912
5341
3894
3913
5342
3895
3914
5343
3896
3915
5344
3897
3916
5345
3898
3917
5346
3899
3918
5347
3900
3919
5348
3901
3920
5349
3902
3921
5350
3903
3922
5351
3904
3923
5352
3905
3924
5353
3906
3925
5354
3907
3926
5355
3908
3927
5356
3928
5357
3910
3930
5370
3911
3931
5371
3912
3932
5372
3913
3933
5373
3914
3934
5374
3915
3935
5375
3916
3936
5376
3917
3937
5377
3918
3938
5378
3919
3939
5379
3920
3940
5380
3921
3941
5381
3922
3942
5382
3923
3943
5383
3924
3944
5384
3925
3945
5385
3926
3946
5386
3927
3947
5387
3928
3948
5388
3949
5389
3930
3950
5403
3931
3951
5404
3932
3952
5405
3933
3953
5406
3934
3954
5407
3935
3955
5408
3936
3956
5409
3937
3957
5410
3938
3958
5411
3939
3959
5412
3940
3960
5413
3941
3961
5414
3942
3962
5415
3943
3963
5416
3944
3964
5417
3945
3965
5418
3946
3966
5419
3947
3967
5420
3948
3968
5421
3949
3969
5422
3970
5423
3951
3972
5440
3952
3973
5441
3953
3974
5442
3954
3975
5443
3955
3976
5444
3956
3977
5445
3957
3978
5446
3958
3979
5447
3959
3980
5448
3960
3981
5449
3961
3982
5450
3962
3983
5451
3963
3984
5452
3964
3985
5453
3965
3986
5454
3966
3987
5455
3967
3988
5456
3968
3989
5457
3969
3990
5458
3970
3991
5459
3992
5460
3972
3994
5486
3973
3995
5487
3974
3996
5488
3975
3997
5489
3976
3998
5490
3977
3999
5491
3978
4000
5492
3979
4001
5493
3980
4002
5494
3981
4003
5495
3982
4004
5496
3983
4005
5497
3984
4006
5498
3985
4007
5499
3986
4008
5500
3987
4009
5501
3988
4010
5502
3989
4011
5503
3990
4012
5504
3991
4013
5505
3992
4014
5506
4015
5507
3994
4018
5532
3995
4019
5533
3996
4020
5534
3997
4021
5535
3998
4022
5536
3999
4023
5537
4000
4024
5538
4001
4025
5539
4002
4026
5540
4003
4027
5541
4004
4028
5542
4005
4029
5543
4006
4030
5544
4007
4031
5545
4008
4032
5546
4009
4033
5547
4010
4034
5548
4011
4035
5549
4012
4036
5550
4013
4037
5551
4014
4038
5552
4015
4039
5553
4040
5554
4017
4044
5577
4018
4045
5578
4019
4046
5579
4020
4047
5580
4021
4048
5581
4022
4049
5582
4023
4050
5583
4024
4051
5584
4025
4052
5585
4026
4053
5586
4027
4054
5587
4028
4055
5588
4029
4056
5589
4030
4057
5590
4031
4058
5591
4032
4059
5592
4033
4060
5593
4034
4061
5594
4035
4062
5595
4036
4063
5596
4037
4064
5597
4038
4065
5598
4039
4066
5599
4040
4067
5600
4068
5601
4042
4089
5621
4043
4090
5622
4044
4091
5623
4045
4092
5624
4046
4093
5625
4047
4094
5626
4048
4095
5627
4049
4096
5628
4050
4097
5629
4051
4098
5630
4052
4099
5631
4053
4100
5632
4054
4101
5633
4055
4102
5634
4056
4103
5635
4057
4104
5636
4058
4105
5637
4059
4106
5638
4060
4107
5639
4061
4108
5640
4062
4109
5641
4063
4110
5642
4064
4111
5643
4065
4112
5644
4066
4113
5645
4067
4114
5646
4068
4115
5647
4116
5648
4070
4117
4071
4118
5649
4072
4119
5650
4073
4120
5651
4074
4121
5652
4075
4122
5653
4076
4123
5654
4077
4124
5655
4078
4125
5656
4079
4126
5657
4080
4127
5658
4081
4128
5659
4082
4129
5660
4083
4130
5661
4084
4131
5662
4085
4132
5663
4086
4133
5664
4087
4134
5665
4088
4135
5666
4089
4136
5667
4090
4137
5668
4091
4138
5669
4092
4139
5670
4093
4140
5671
4094
4141
5672
4095
4142
5673
4096
4143
5674
4097
4144
5675
4098
4145
5676
4099
4146
5677
4100
4147
5678
4101
4148
5679
4102
4149
5680
4103
4150
5681
4104
4151
5682
4105
4152
5683
4106
4153
5684
4107
4154
5685
4108
4155
5686
4109
4156
5687
4110
4157
5688
4111
4158
5689
4112
4159
5690
4113
4160
5691
4114
4161
5692
4115
4162
5693
4116
4163
5694
4164
5695
4118
4165
4119
4166
5696
4120
4167
5697
4121
4168
5698
4122
4169
5699
4123
4170
5700
4124
4171
5701
4125
4172
5702
4126
4173
5703
4127
4174
5704
4128
4175
5705
4129
4176
5706
4130
4177
5707
4131
4178
5708
4132
4179
5709
4133
4180
5710
4134
4181
5711
4135
4182
5712
4136
4183
5713
4137
4184
5714
4138
4185
5715
4139
4186
5716
4140
4187
5717
4141
4188
5718
4142
4189
5719
4143
4190
5720
4144
4191
5721
4145
4192
5722
4146
4193
5723
4147
4194
5724
4148
4195
5725
4149
4196
5726
4150
4197
5727
4151
4198
5728
4152
4199
5729
4153
4200
5730
4154
4201
5731
4155
4202
5732
4156
4203
5733
4157
4204
5734
4158
4205
5735
4159
4206
5736
4160
4207
5737
4161
4208
5738
4162
4209
5739
4163
4210
5740
4164
4211
5741
4212
5742
4166
4213
5743
4167
4214
5744
4168
4215
5745
4169
4216
5746
4170
4217
5747
4171
4218
5748
4172
4219
5749
4173
4220
5750
4174
4221
5751
4175
4222
5752
4176
4223
5753
4177
4224
5754
4178
4225
5755
4179
4226
5756
4180
4227
5757
4181
4228
5758
4182
4229
5759
4183
4230
5760
4184
4231
5761
4185
4232
5762
4186
4233
5763
4187
4234
5764
4188
4235
5765
4189
4236
5766
4190
4237
5767
4191
4238
5768
4192
4239
5769
4193
4240
5770
4194
4241
5771
4195
4242
5772
4196
4243
5773
4197
4244
5774
4198
4245
5775
4199
4246
5776
4200
4247
5777
4201
4248
5778
4202
4249
5779
4203
4250
5780
4204
4251
5781
4205
4252
5782
4206
4253
5783
4207
4254
5784
4208
4255
5785
4209
4256
5786
4210
4257
5787
4211
4258
5788
4212
4259
5789
4260
5790
4214
4261
5791
4215
4262
5792
4216
4263
5793
4217
4264
5794
4218
4265
5795
4219
4266
5796
4220
4267
5797
4221
4268
5798
4222
4269
5799
4223
4270
5800
4224
4271
5801
4225
4272
5802
4226
4273
5803
4227
4274
5804
4228
4275
5805
4229
4276
5806
4230
4277
5807
4231
4278
5808
4232
4279
5809
4233
4280
5810
4234
4281
5811
4235
4282
5812
4236
4283
5813
4237
4284
5814
4238
4285
5815
4239
4286
5816
4240
4287
5817
4241
4288
5818
4242
4289
5819
4243
4290
5820
4244
4291
5821
4245
4292
5822
4246
4293
5823
4247
4294
5824
4248
4295
5825
4249
4296
5826
4250
4297
5827
4251
4298
5828
4252
4299
5829
4253
4300
5830
4254
4301
5831
4255
4302
5832
4256
4303
5833
4257
4304
5834
4258
4305
5835
4259
4306
5836
4260
4307
5837
4308
5838
4262
4309
5839
4263
4310
5840
4264
4311
5841
4265
4312
5842
4266
4313
5843
4267
4314
5844
4268
4315
5845
4269
4316
5846
4270
4317
5847
4271
4318
5848
4272
4319
5849
4273
4320
5850
4274
4321
5851
4275
4322
5852
4276
4323
5853
4277
4324
5854
4278
4325
5855
4279
4326
5856
4280
4327
5857
4281
4328
5858
4282
4329
5859
4283
4330
5860
4284
4331
5861
4285
4332
5862
4286
4333
5863
4287
4334
5864
4288
4335
5865
4289
4336
5866
4290
4337
5867
4291
4338
5868
4292
4339
5869
4293
4340
5870
4294
4341
5871
4295
4342
5872
4296
4343
5873
4297
4344
5874
4298
4345
5875
4299
4346
5876
4300
4347
5877
4301
4348
5878
4302
4349
5879
4303
4350
5880
4304
4351
5881
4305
4352
5882
4306
4353
5883
4307
4354
5884
4308
4355
5885
4356
5886
4310
4357
5887
4311
4358
5888
4312
4359
5889
4313
4360
5890
4314
4361
5891
4315
4362
5892
4316
4363
5893
4317
4364
5894
4318
4365
5895
4319
4366
5896
4320
4367
5897
4321
4368
5898
4322
4369
5899
4323
4370
5900
4324
4371
5901
4325
4372
5902
4326
4373
5903
4327
4374
5904
4328
4375
5905
4329
4376
5906
4330
4377
5907
4331
4378
5908
4332
4379
5909
4333
4380
5910
4334
4381
5911
4335
4382
5912
4336
4383
5913
4337
4384
5914
4338
4385
5915
4339
4386
5916
4340
4387
5917
4341
4388
5918
4342
4389
5919
4343
4390
5920
4344
4391
5921
4345
4392
5922
4346
4393
5923
4347
4394
5924
4348
4395
5925
4349
4396
5926
4350
4397
5927
4351
4398
5928
4352
4399
5929
4353
4400
5930
4354
4401
5931
4355
4402
5932
4356
4403
5933
4404
5934
4358
4405
5935
4359
4406
5936
4360
4407
5937
4361
4408
5938
4362
4409
5939
4363
4410
5940
4364
4411
5941
4365
4412
5942
4366
4413
5943
4367
4414
5944
4368
4415
5945
4369
4416
5946
4370
4417
5947
4371
4418
5948
4372
4419
5949
4373
4420
5950
4374
4421
5951
4375
4422
5952
4376
4423
5953
4377
4424
5954
4378
4425
5955
4379
4426
5956
4380
4427
5957
4381
4428
5958
4382
4429
5959
4383
4430
5960
4384
4431
5961
4385
4432
5962
4386
4433
5963
4387
4434
5964
4388
4435
5965
4389
4436
5966
4390
4437
5967
4391
4438
5968
4392
4439
5969
4393
4440
5970
4394
4441
5971
4395
4442
5972
4396
4443
5973
4397
4444
5974
4398
4445
5975
4399
4446
5976
4400
4447
5977
4401
4448
5978
4402
4449
5979
4403
4450
5980
4404
4451
5981
4452
5982
4406
4453
5983
4407
4454
5984
4408
4455
5985
4409
4456
5986
4410
4457
5987
4411
4458
5988
4412
4459
5989
4413
4460
5990
4414
4461
5991
4415
4462
5992
4416
4463
5993
4417
4464
5994
4418
4465
5995
4419
4466
5996
4420
4467
5997
4421
4468
5998
4422
4469
5999
4423
4470
6000
4424
4471
6001
4425
4472
6002
4426
4473
6003
4427
4474
6004
4428
4475
6005
4429
4476
6006
4430
4477
6007
4431
4478
6008
4432
4479
6009
4433
4480
6010
4434
4481
6011
4435
4482
6012
4436
4483
6013
4437
4484
6014
4438
4485
6015
4439
4486
6016
4440
4487
6017
4441
4488
6018
4442
4489
6019
4443
4490
6020
4444
4491
6021
4445
4492
6022
4446
4493
6023
4447
4494
6024
4448
4495
6025
4449
4496
6026
4450
4497
6027
4451
4498
6028
4452
4499
6029
4500
6030
4454
4501
6031
4455
4502
6032
4456
4503
6033
4457
4504
6034
4458
4505
6035
4459
4506
6036
4460
4507
6037
4461
4508
6038
4462
4509
6039
4463
4510
6040
4464
4511
6041
4465
4512
6042
4466
4513
6043
4467
4514
6044
4468
4515
6045
4469
4516
6046
4470
4517
6047
4471
4518
6048
4472
4519
6049
4473
4520
6050
4474
4521
6051
4475
4522
6052
4476
4523
6053
4477
4524
6054
4478
4525
6055
4479
4526
6056
4480
4527
6057
4481
4528
6058
4482
4529
6059
4483
4530
6060
4484
4531
6061
4485
4532
6062
4486
4533
6063
4487
4534
6064
4488
4535
6065
4489
4536
6066
4490
4537
6067
4491
4538
6068
4492
4539
6069
4493
4540
6070
4494
4541
6071
4495
4542
6072
4496
4543
6073
4497
4544
6074
4498
4545
6075
4499
4546
6076
4500
4547
6077
4548
6078
4502
4549
6079
4503
4550
6080
4504
4551
6081
4505
4552
6082
4506
4553
6083
4507
4554
6084
4508
4555
6085
4509
4556
6086
4510
4557
6087
4511
4558
6088
4512
4559
6089
4513
4560
6090
4514
4561
6091
4515
4562
6092
4516
4563
6093
4517
4564
6094
4518
4565
6095
4519
4566
6096
4520
4567
6097
4521
4568
6098
4522
4569
6099
4523
4570
6100
4524
4571
6101
4525
4572
6102
4526
4573
6103
4527
4574
6104
4528
4575
6105
4529
4576
6106
4530
4577
6107
4531
4578
6108
4532
4579
6109
4533
4580
6110
4534
4581
6111
4535
4582
6112
4536
4583
6113
4537
4584
6114
4538
4585
6115
4539
4586
6116
4540
4587
6117
4541
4588
6118
4542
4589
6119
4543
4590
6120
4544
4591
6121
4545
4592
6122
4546
4593
6123
4547
4594
6124
4548
4595
6125
4596
6126
4550
4597
6127
4551
4598
6128
4552
4599
6129
4553
4600
6130
4554
4601
6131
4555
4602
6132
4556
4603
6133
4557
4604
6134
4558
4605
6135
4559
4606
6136
4560
4607
6137
4561
4608
6138
4562
4609
6139
4563
4610
6140
4564
4611
6141
4565
4612
6142
4566
4613
6143
4567
4614
6144
4568
4615
6145
4569
4616
6146
4570
4617
6147
4571
4618
6148
4572
4619
6149
4573
4620
6150
4574
4621
6151
4575
4622
6152
4576
4623
6153
4577
4624
6154
4578
4625
6155
4579
4626
6156
4580
4627
6157
4581
4628
6158
4582
4629
6159
4583
4630
6160
4584
4631
6161
4585
4632
6162
4586
4633
6163
4587
4634
6164
4588
4635
6165
4589
4636
6166
4590
4637
6167
4591
4638
6168
4592
4639
6169
4593
4640
6170
4594
4641
6171
4595
4642
6172
4596
4643
6173
4644
6174
4598
4645
6175
4599
4646
6176
4600
4647
6177
4601
4648
6178
4602
4649
6179
4603
4650
6180
4604
4651
6181
4605
4652
6182
4606
4653
6183
4607
4654
6184
4608
4655
6185
4609
4656
6186
4610
4657
6187
4611
4658
6188
4612
4659
6189
4613
4660
6190
4614
4661
6191
4615
4662
6192
4616
4663
6193
4617
4664
6194
4618
4665
6195
4619
4666
6196
4620
4667
6197
4621
4668
6198
4622
4669
6199
4623
4670
6200
4624
4671
6201
4625
4672
6202
4626
4673
6203
4627
4674
6204
4628
4675
6205
4629
4676
6206
4630
4677
6207
4631
4678
6208
4632
4679
6209
4633
4680
6210
4634
4681
6211
4635
4682
6212
4636
4683
6213
4637
4684
6214
4638
4685
6215
4639
4686
6216
4640
4687
6217
4641
4688
6218
4642
4689
6219
4643
4690
6220
4644
4691
6221
4692
6222
4646
4693
6223
4647
4694
6224
4648
4695
6225
4649
4696
6226
4650
4697
6227
4651
4698
6228
4652
4699
6229
4653
4700
6230
4654
4701
6231
4655
4702
6232
4656
4703
6233
4657
4704
6234
4658
4705
6235
4659
4706
6236
4660
4707
6237
4661
4708
6238
4662
4709
6239
4663
4710
6240
4664
4711
6241
4665
4712
6242
4666
4713
6243
4667
4714
6244
4668
4715
6245
4669
4716
6246
4670
4717
6247
4671
4718
6248
4672
4719
6249
4673
4720
6250
4674
4721
6251
4675
4722
6252
4676
4723
6253
4677
4724
6254
4678
4725
6255
4679
4726
6256
4680
4727
6257
4681
4728
6258
4682
4729
6259
4683
4730
6260
4684
4731
6261
4685
4732
6262
4686
4733
6263
4687
4734
6264
4688
4735
6265
4689
4736
6266
4690
4737
6267
4691
4738
6268
4692
4739
6269
4740
6270
4694
4741
6271
4695
4742
6272
4696
4743
6273
4697
4744
6274
4698
4745
6275
4699
4746
6276
4700
4747
6277
4701
4748
6278
4702
4749
6279
4703
4750
6280
4704
4751
6281
4705
4752
6282
4706
4753
6283
4707
4754
6284
4708
4755
6285
4709
4756
6286
4710
4757
6287
4711
4758
6288
4712
4759
6289
4713
4760
6290
4714
4761
6291
4715
4762
6292
4716
4763
6293
4717
4764
6294
4718
4765
6295
4719
4766
6296
4720
4767
6297
4721
4768
6298
4722
4769
6299
4723
4770
6300
4724
4771
6301
4725
4772
6302
4726
4773
6303
4727
4774
6304
4728
4775
6305
4729
4776
6306
4730
4777
6307
4731
4778
6308
4732
4779
6309
4733
4780
6310
4734
4781
6311
4735
4782
6312
4736
4783
6313
4737
4784
6314
4738
4785
6315
4739
4786
6316
4740
4787
6317
4788
6318
4742
4789
6319
4743
4790
6320
4744
4791
6321
4745
4792
6322
4746
4793
6323
4747
4794
6324
4748
4795
6325
4749
4796
6326
4750
4797
6327
4751
4798
6328
4752
4799
6329
4753
4800
6330
4754
4801
6331
4755
4802
6332
4756
4803
6333
4757
4804
6334
4758
4805
6335
4759
4806
6336
4760
4807
6337
4761
4808
6338
4762
4809
6339
4763
4810
6340
4764
4811
6341
4765
4812
6342
4766
4813
6343
4767
4814
6344
4768
4815
6345
4769
4816
6346
4770
4817
6347
4771
4818
6348
4772
4819
6349
4773
4820
6350
4774
4821
6351
4775
4822
6352
4776
4823
6353
4777
4824
6354
4778
4825
6355
4779
4826
6356
4780
4827
6357
4781
4828
6358
4782
4829
6359
4783
4830
6360
4784
4831
6361
4785
4832
6362
4786
4833
6363
4787
4834
6364
4788
4835
6365
4836
6366
4790
4837
6367
4791
4838
6368
4792
4839
6369
4793
4840
6370
4794
4841
6371
4795
4842
6372
4796
4843
6373
4797
4844
6374
4798
4845
6375
4799
4846
6376
4800
4847
6377
4801
4848
6378
4802
4849
6379
4803
4850
6380
4804
4851
6381
4805
4852
6382
4806
4853
6383
4807
4854
6384
4808
4855
6385
4809
4856
6386
4810
4857
6387
4811
4858
6388
4812
4859
6389
4813
4860
6390
4814
4861
6391
4815
4862
6392
4816
4863
6393
4817
4864
6394
4818
4865
6395
4819
4866
6396
4820
4867
6397
4821
4868
6398
4822
4869
6399
4823
4870
6400
4824
4871
6401
4825
4872
6402
4826
4873
6403
4827
4874
6404
4828
4875
6405
4829
4876
6406
4830
4877
6407
4831
4878
6408
4832
4879
6409
4833
4880
6410
4834
4881
6411
4835
4882
6412
4836
4883
6413
4884
6414
4838
6415
4839
6416
4840
6417
4841
6418
4842
6419
4843
6420
4844
6421
4845
6422
4846
6423
4847
6424
4848
6425
4849
6426
4850
6427
4851
6428
4852
6429
4853
6430
4854
6431
4855
6432
4856
6433
4857
6434
4858
6435
4859
6436
4860
6437
4861
6438
4862
6439
4863
6440
4864
6441
4865
6442
4866
6443
4867
6444
4868
6445
4869
6446
4870
6447
4871
6448
4872
6449
4873
6450
4874
6451
4875
6452
4876
6453
4877
6454
4878
6455
4879
6456
4880
6457
4881
6458
4882
6459
4883
6460
4884
6461
6462
4886
4893
6415
6463
4887
4894
6464
4888
4895
6465
4889
4896
6466
4890
4897
6467
4891
4898
6468
4892
4899
6469
6470
4894
4900
6367
6471
4895
4901
6472
4896
4902
6473
4897
4903
6474
4898
4904
6475
4899
4905
6476
4906
6477
4901
4907
6319
6478
4902
4908
6479
4903
4909
6480
4904
4910
6481
4905
4911
6482
4906
4912
6483
6484
4908
4913
6271
6485
4909
4914
6486
4910
4915
6487
4911
4916
6488
4912
4917
6489
6490
4914
4918
6223
6491
4915
4919
6492
4916
4920
6493
4917
4921
6494
6495
4919
4922
6175
6496
4920
4923
6497
4921
4924
6498
4923
4925
6127
6499
4924
4926
6500
4926
4927
6079
6501
6502
4928
6031
6503
5983
4930
4932
6846
4933
6847
4932
4937
6877
4933
4938
6878
4934
4939
6879
4935
4940
6880
4941
6881
4937
4942
6908
4938
4943
6909
4939
4944
6910
4940
4945
6911
4941
4946
6912
4947
6913
4943
4950
6941
4944
4951
6942
4945
4952
6943
4946
4953
6944
4947
4954
6945
4948
4955
6946
4956
6947
4950
4958
6973
4951
4959
6974
4952
4960
6975
4953
4961
6976
4954
4962
6977
4955
4963
6978
4956
4964
6979
4957
4965
6980
4966
6981
4959
4968
7007
4960
4969
7008
4961
4970
7009
4962
4971
7010
4963
4972
7011
4964
4973
7012
4965
4974
7013
4966
4975
7014
4967
4976
7015
4977
7016
4969
4978
7041
4970
4979
7042
4971
4980
7043
4972
4981
7044
4973
4982
7045
4974
4983
7046
4975
4984
7047
4976
4985
7048
4977
4986
7049
4987
7050
4979
4990
7076
4980
4991
7077
4981
4992
7078
4982
4993
7079
4983
4994
7080
4984
4995
7081
4985
4996
7082
4986
4997
7083
4987
4998
7084
4988
4999
7085
5000
7086
4990
5002
7110
4991
5003
7111
4992
5004
7112
4993
5005
7113
4994
5006
7114
4995
5007
7115
4996
5008
7116
4997
5009
7117
4998
5010
7118
4999
5011
7119
5000
5012
7120
5001
5013
7121
5014
7122
5003
5016
7146
5004
5017
7147
5005
5018
7148
5006
5019
7149
5007
5020
7150
5008
5021
7151
5009
5022
7152
5010
5023
7153
5011
5024
7154
5012
5025
7155
5013
5026
7156
5014
5027
7157
5015
5028
7158
5029
7159
5017
5031
7183
5018
5032
7184
5019
5033
7185
5020
5034
7186
5021
5035
7187
5022
5036
7188
5023
5037
7189
5024
5038
7190
5025
5039
7191
5026
5040
7192
5027
5041
7193
5028
5042
7194
5029
5043
7195
5030
5044
7196
5045
7197
5032
5048
7221
5033
5049
7222
5034
5050
7223
5035
5051
7224
5036
5052
7225
5037
5053
7226
5038
5054
7227
5039
5055
7228
5040
5056
7229
5041
5057
7230
5042
5058
7231
5043
5059
7232
5044
5060
7233
5045
5061
7234
5046
5062
7235
5047
5063
7236
5064
7237
5049
5067
7260
5050
5068
7261
5051
5069
7262
5052
5070
7263
5053
5071
7264
5054
5072
7265
5055
5073
7266
5056
5074
7267
5057
5075
7268
5058
5076
7269
5059
5077
7270
5060
5078
7271
5061
5079
7272
5062
5080
7273
5063
5081
7274
5064
5082
7275
5065
5083
7276
5066
5084
7277
5085
7278
5068
5089
7301
5069
5090
7302
5070
5091
7303
5071
5092
7304
5072
5093
7305
5073
5094
7306
5074
5095
7307
5075
5096
7308
5076
5097
7309
5077
5098
7310
5078
5099
7311
5079
5100
7312
5080
5101
7313
5081
5102
7314
5082
5103
7315
5083
5104
7316
5084
5105
7317
5085
5106
7318
5086
5107
7319
5087
5108
7320
5088
5109
7321
5110
7322
5090
5118
7343
5091
5119
7344
5092
5120
7345
5093
5121
7346
5094
5122
7347
5095
5123
7348
5096
5124
7349
5097
5125
7350
5098
5126
7351
5099
5127
7352
5100
5128
7353
5101
5129
7354
5102
5130
7355
5103
5131
7356
5104
5132
7357
5105
5133
7358
5106
5134
7359
5107
5135
7360
5108
5136
7361
5109
5137
7362
5110
5138
7363
5111
5139
7364
5112
5140
7365
5113
5141
7366
5114
5142
7367
5115
5143
7368
5116
5144
7369
5117
5145
7370
5146
7371
5119
5147
7390
5120
5148
7391
5121
5149
7392
5122
5150
7393
5123
5151
7394
5124
5152
7395
5125
5153
7396
5126
5154
7397
5127
5155
7398
5128
5156
7399
5129
5157
7400
5130
5158
7401
5131
5159
7402
5132
5160
7403
5133
5161
7404
5134
5162
7405
5135
5163
7406
5136
5164
7407
5137
5165
7408
5138
5166
7409
5139
5167
7410
5140
5168
7411
5141
5169
7412
5142
5170
7413
5143
5171
7414
5144
5172
7415
5145
5173
7416
5146
5174
7417
5175
7418
5148
5177
7437
5149
5178
7438
5150
5179
7439
5151
5180
7440
5152
5181
7441
5153
5182
7442
5154
5183
7443
5155
5184
7444
5156
5185
7445
5157
5186
7446
5158
5187
7447
5159
5188
7448
5160
5189
7449
5161
5190
7450
5162
5191
7451
5163
5192
7452
5164
5193
7453
5165
5194
7454
5166
5195
7455
5167
5196
7456
5168
5197
7457
5169
5198
7458
5170
5199
7459
5171
5200
7460
5172
5201
7461
5173
5202
7462
5174
5203
7463
5175
5204
7464
5205
7465
5177
5206
7483
5178
5207
7484
5179
5208
7485
5180
5209
7486
5181
5210
7487
5182
5211
7488
5183
5212
7489
5184
5213
7490
5185
5214
7491
5186
5215
7492
5187
5216
7493
5188
5217
7494
5189
5218
7495
5190
5219
7496
5191
5220
7497
5192
5221
7498
5193
5222
7499
5194
5223
7500
5195
5224
7501
5196
5225
7502
5197
5226
7503
5198
5227
7504
5199
5228
7505
5200
5229
7506
5201
5230
7507
5202
5231
7508
5203
5232
7509
5204
5233
7510
5205
5234
7511
5235
7512
5207
5236
7530
5208
5237
7531
5209
5238
7532
5210
5239
7533
5211
5240
7534
5212
5241
7535
5213
5242
7536
5214
5243
7537
5215
5244
7538
5216
5245
7539
5217
5246
7540
5218
5247
7541
5219
5248
7542
5220
5249
7543
5221
5250
7544
5222
5251
7545
5223
5252
7546
5224
5253
7547
5225
5254
7548
5226
5255
7549
5227
5256
7550
5228
5257
7551
5229
5258
7552
5230
5259
7553
5231
5260
7554
5232
5261
7555
5233
5262
7556
5234
5263
7557
5235
5264
7558
5265
7559
5237
5266
7577
5238
5267
7578
5239
5268
7579
5240
5269
7580
5241
5270
7581
5242
5271
7582
5243
5272
7583
5244
5273
7584
5245
5274
7585
5246
5275
7586
5247
5276
7587
5248
5277
7588
5249
5278
7589
5250
5279
7590
5251
5280
7591
5252
5281
7592
5253
5282
7593
5254
5283
7594
5255
5284
7595
5256
5285
7596
5257
5286
7597
5258
5287
7598
5259
5288
7599
5260
5289
7600
5261
5290
7601
5262
5291
7602
5263
5292
7603
5264
5293
7604
5265
5294
7605
5295
7606
5267
5297
7624
5268
5298
7625
5269
5299
7626
5270
5300
7627
5271
5301
7628
5272
5302
7629
5273
5303
7630
5274
5304
7631
5275
5305
7632
5276
5306
7633
5277
5307
7634
5278
5308
7635
5279
5309
7636
5280
5310
7637
5281
5311
7638
5282
5312
7639
5283
5313
7640
5284
5314
7641
5285
5315
7642
5286
5316
7643
5287
5317
7644
5288
5318
7645
5289
5319
7646
5290
5320
7647
5291
5321
7648
5292
5322
7649
5293
5323
7650
5294
5324
7651
5295
5325
7652
5326
7653
5297
5327
7670
5298
5328
7671
5299
5329
7672
5300
5330
7673
5301
5331
7674
5302
5332
7675
5303
5333
7676
5304
5334
7677
5305
5335
7678
5306
5336
7679
5307
5337
7680
5308
5338
7681
5309
5339
7682
5310
5340
7683
5311
5341
7684
5312
5342
7685
5313
5343
7686
5314
5344
7687
5315
5345
7688
5316
5346
7689
5317
5347
7690
5318
5348
7691
5319
5349
7692
5320
5350
7693
5321
5351
7694
5322
5352
7695
5323
5353
7696
5324
5354
7697
5325
5355
7698
5326
5356
7699
5357
7700
5328
5359
7717
5329
5360
7718
5330
5361
7719
5331
5362
7720
5332
5363
7721
5333
5364
7722
5334
5365
7723
5335
5366
7724
5336
5367
7725
5337
5368
7726
5338
5369
7727
5339
5370
7728
5340
5371
7729
5341
5372
7730
5342
5373
7731
5343
5374
7732
5344
5375
7733
5345
5376
7734
5346
5377
7735
5347
5378
7736
5348
5379
7737
5349
5380
7738
5350
5381
7739
5351
5382
7740
5352
5383
7741
5353
5384
7742
5354
5385
7743
5355
5386
7744
5356
5387
7745
5357
5388
7746
5389
7747
5359
5392
7763
5360
5393
7764
5361
5394
7765
5362
5395
7766
5363
5396
7767
5364
5397
7768
5365
5398
7769
5366
5399
7770
5367
5400
7771
5368
5401
7772
5369
5402
7773
5370
5403
7774
5371
5404
7775
5372
5405
7776
5373
5406
7777
5374
5407
7778
5375
5408
7779
5376
5409
7780
5377
5410
7781
5378
5411
7782
5379
5412
7783
5380
5413
7784
5381
5414
7785
5382
5415
7786
5383
5416
7787
5384
5417
7788
5385
5418
7789
5386
5419
7790
5387
5420
7791
5388
5421
7792
5389
5422
7793
5423
7794
5391
5427
7808
5392
5428
7809
5393
5429
7810
5394
5430
7811
5395
5431
7812
5396
5432
7813
5397
5433
7814
5398
5434
7815
5399
5435
7816
5400
5436
7817
5401
5437
7818
5402
5438
7819
5403
5439
7820
5404
5440
7821
5405
5441
7822
5406
5442
7823
5407
5443
7824
5408
5444
7825
5409
5445
7826
5410
5446
7827
5411
5447
7828
5412
5448
7829
5413
5449
7830
5414
5450
7831
5415
5451
7832
5416
5452
7833
5417
5453
7834
5418
5454
7835
5419
5455
7836
5420
5456
7837
5421
5457
7838
5422
5458
7839
5423
5459
7840
5460
7841
5425
5471
7852
5426
5472
7853
5427
5473
7854
5428
5474
7855
5429
5475
7856
5430
5476
7857
5431
5477
7858
5432
5478
7859
5433
5479
7860
5434
5480
7861
5435
5481
7862
5436
5482
7863
5437
5483
7864
5438
5484
7865
5439
5485
7866
5440
5486
7867
5441
5487
7868
5442
5488
7869
5443
5489
7870
5444
5490
7871
5445
5491
7872
5446
5492
7873
5447
5493
7874
5448
5494
7875
5449
5495
7876
5450
5496
7877
5451
5497
7878
5452
5498
7879
5453
5499
7880
5454
5500
7881
5455
5501
7882
5456
5502
7883
5457
5503
7884
5458
5504
7885
5459
5505
7886
5460
5506
7887
5507
7888
5462
5508
7889
5463
5509
7890
5464
5510
7891
5465
5511
7892
5466
5512
7893
5467
5513
7894
5468
5514
7895
5469
5515
7896
5470
5516
7897
5471
5517
7898
5472
5518
7899
5473
5519
7900
5474
5520
7901
5475
5521
7902
5476
5522
7903
5477
5523
7904
5478
5524
7905
5479
5525
7906
5480
5526
7907
5481
5527
7908
5482
5528
7909
5483
5529
7910
5484
5530
7911
5485
5531
7912
5486
5532
7913
5487
5533
7914
5488
5534
7915
5489
5535
7916
5490
5536
7917
5491
5537
7918
5492
5538
7919
5493
5539
7920
5494
5540
7921
5495
5541
7922
5496
5542
7923
5497
5543
7924
5498
5544
7925
5499
5545
7926
5500
5546
7927
5501
5547
7928
5502
5548
7929
5503
5549
7930
5504
5550
7931
5505
5551
7932
5506
5552
7933
5507
5553
7934
5554
7935
5509
5555
7936
5510
5556
7937
5511
5557
7938
5512
5558
7939
5513
5559
7940
5514
5560
7941
5515
5561
7942
5516
5562
7943
5517
5563
7944
5518
5564
7945
5519
5565
7946
5520
5566
7947
5521
5567
7948
5522
5568
7949
5523
5569
7950
5524
5570
7951
5525
5571
7952
5526
5572
7953
5527
5573
7954
5528
5574
7955
5529
5575
7956
5530
5576
7957
5531
5577
7958
5532
5578
7959
5533
5579
7960
5534
5580
7961
5535
5581
7962
5536
5582
7963
5537
5583
7964
5538
5584
7965
5539
5585
7966
5540
5586
7967
5541
5587
7968
5542
5588
7969
5543
5589
7970
5544
5590
7971
5545
5591
7972
5546
5592
7973
5547
5593
7974
5548
5594
7975
5549
5595
7976
5550
5596
7977
5551
5597
7978
5552
5598
7979
5553
5599
7980
5554
5600
7981
5601
7982
5556
5602
7983
5557
5603
7984
5558
5604
7985
5559
5605
7986
5560
5606
7987
5561
5607
7988
5562
5608
7989
5563
5609
7990
5564
5610
7991
5565
5611
7992
5566
5612
7993
5567
5613
7994
5568
5614
7995
5569
5615
7996
5570
5616
7997
5571
5617
7998
5572
5618
7999
5573
5619
8000
5574
5620
8001
5575
5621
8002
5576
5622
8003
5577
5623
8004
5578
5624
8005
5579
5625
8006
5580
5626
8007
5581
5627
8008
5582
5628
8009
5583
5629
8010
5584
5630
8011
5585
5631
8012
5586
5632
8013
5587
5633
8014
5588
5634
8015
5589
5635
8016
5590
5636
8017
5591
5637
8018
5592
5638
8019
5593
5639
8020
5594
5640
8021
5595
5641
8022
5596
5642
8023
5597
5643
8024
5598
5644
8025
5599
5645
8026
5600
5646
8027
5601
5647
8028
5648
8029
5603
5649
8030
5604
5650
8031
5605
5651
8032
5606
5652
8033
5607
5653
8034
5608
5654
8035
5609
5655
8036
5610
5656
8037
5611
5657
8038
5612
5658
8039
5613
5659
8040
5614
5660
8041
5615
5661
8042
5616
5662
8043
5617
5663
8044
5618
5664
8045
5619
5665
8046
5620
5666
8047
5621
5667
8048
5622
5668
8049
5623
5669
8050
5624
5670
8051
5625
5671
8052
5626
5672
8053
5627
5673
8054
5628
5674
8055
5629
5675
8056
5630
5676
8057
5631
5677
8058
5632
5678
8059
5633
5679
8060
5634
5680
8061
5635
5681
8062
5636
5682
8063
5637
5683
8064
5638
5684
8065
5639
5685
8066
5640
5686
8067
5641
5687
8068
5642
5688
8069
5643
5689
8070
5644
5690
8071
5645
5691
8072
5646
5692
8073
5647
5693
8074
5648
5694
8075
5695
8076
5650
5696
8077
5651
5697
8078
5652
5698
8079
5653
5699
8080
5654
5700
8081
5655
5701
8082
5656
5702
8083
5657
5703
8084
5658
5704
8085
5659
5705
8086
5660
5706
8087
5661
5707
8088
5662
5708
8089
5663
5709
8090
5664
5710
8091
5665
5711
8092
5666
5712
8093
5667
5713
8094
5668
5714
8095
5669
5715
8096
5670
5716
8097
5671
5717
8098
5672
5718
8099
5673
5719
8100
5674
5720
8101
5675
5721
8102
5676
5722
8103
5677
5723
8104
5678
5724
8105
5679
5725
8106
5680
5726
8107
5681
5727
8108
5682
5728
8109
5683
5729
8110
5684
5730
8111
5685
5731
8112
5686
5732
8113
5687
5733
8114
5688
5734
8115
5689
5735
8116
5690
5736
8117
5691
5737
8118
5692
5738
8119
5693
5739
8120
5694
5740
8121
5695
5741
8122
5742
8123
5697
5744
8124
5698
5745
8125
5699
5746
8126
5700
5747
8127
5701
5748
8128
5702
5749
8129
5703
5750
8130
5704
5751
8131
5705
5752
8132
5706
5753
8133
5707
5754
8134
5708
5755
8135
5709
5756
8136
5710
5757
8137
5711
5758
8138
5712
5759
8139
5713
5760
8140
5714
5761
8141
5715
5762
8142
5716
5763
8143
5717
5764
8144
5718
5765
8145
5719
5766
8146
5720
5767
8147
5721
5768
8148
5722
5769
8149
5723
5770
8150
5724
5771
8151
5725
5772
8152
5726
5773
8153
5727
5774
8154
5728
5775
8155
5729
5776
8156
5730
5777
8157
5731
5778
8158
5732
5779
8159
5733
5780
8160
5734
5781
8161
5735
5782
8162
5736
5783
8163
5737
5784
8164
5738
5785
8165
5739
5786
8166
5740
5787
8167
5741
5788
8168
5742
5789
8169
5790
8170
5744
5791
5745
5792
8171
5746
5793
8172
5747
5794
8173
5748
5795
8174
5749
5796
8175
5750
5797
8176
5751
5798
8177
5752
5799
8178
5753
5800
8179
5754
5801
8180
5755
5802
8181
5756
5803
8182
5757
5804
8183
5758
5805
8184
5759
5806
8185
5760
5807
8186
5761
5808
8187
5762
5809
8188
5763
5810
8189
5764
5811
8190
5765
5812
8191
5766
5813
8192
5767
5814
8193
5768
5815
8194
5769
5816
8195
5770
5817
8196
5771
5818
8197
5772
5819
8198
5773
5820
8199
5774
5821
8200
5775
5822
8201
5776
5823
8202
5777
5824
8203
5778
5825
8204
5779
5826
8205
5780
5827
8206
5781
5828
8207
5782
5829
8208
5783
5830
8209
5784
5831
8210
5785
5832
8211
5786
5833
8212
5787
5834
8213
5788
5835
8214
5789
5836
8215
5790
5837
8216
5838
8217
5792
5839
5793
5840
8218
5794
5841
8219
5795
5842
8220
5796
5843
8221
5797
5844
8222
5798
5845
8223
5799
5846
8224
5800
5847
8225
5801
5848
8226
5802
5849
8227
5803
5850
8228
5804
5851
8229
5805
5852
8230
5806
5853
8231
5807
5854
8232
5808
5855
8233
5809
5856
8234
5810
5857
8235
5811
5858
8236
5812
5859
8237
5813
5860
8238
5814
5861
8239
5815
5862
8240
5816
5863
8241
5817
5864
8242
5818
5865
8243
5819
5866
8244
5820
5867
8245
5821
5868
8246
5822
5869
8247
5823
5870
8248
5824
5871
8249
5825
5872
8250
5826
5873
8251
5827
5874
8252
5828
5875
8253
5829
5876
8254
5830
5877
8255
5831
5878
8256
5832
5879
8257
5833
5880
8258
5834
5881
8259
5835
5882
8260
5836
5883
8261
5837
5884
8262
5838
5885
8263
5886
8264
5840
5887
5841
5888
8265
5842
5889
8266
5843
5890
8267
5844
5891
8268
5845
5892
8269
5846
5893
8270
5847
5894
8271
5848
5895
8272
5849
5896
8273
5850
5897
8274
5851
5898
8275
5852
5899
8276
5853
5900
8277
5854
5901
8278
5855
5902
8279
5856
5903
8280
5857
5904
8281
5858
5905
8282
5859
5906
8283
5860
5907
8284
5861
5908
8285
5862
5909
8286
5863
5910
8287
5864
5911
8288
5865
5912
8289
5866
5913
8290
5867
5914
8291
5868
5915
8292
5869
5916
8293
5870
5917
8294
5871
5918
8295
5872
5919
8296
5873
5920
8297
5874
5921
8298
5875
5922
8299
5876
5923
8300
5877
5924
8301
5878
5925
8302
5879
5926
8303
5880
5927
8304
5881
5928
8305
5882
5929
8306
5883
5930
8307
5884
5931
8308
5885
5932
8309
5886
5933
8310
5934
8311
5888
5935
8312
5889
5936
8313
5890
5937
8314
5891
5938
8315
5892
5939
8316
5893
5940
8317
5894
5941
8318
5895
5942
8319
5896
5943
8320
5897
5944
8321
5898
5945
8322
5899
5946
8323
5900
5947
8324
5901
5948
8325
5902
5949
8326
5903
5950
8327
5904
5951
8328
5905
5952
8329
5906
5953
8330
5907
5954
8331
5908
5955
8332
5909
5956
8333
5910
5957
8334
5911
5958
8335
5912
5959
8336
5913
5960
8337
5914
5961
8338
5915
5962
8339
5916
5963
8340
5917
5964
8341
5918
5965
8342
5919
5966
8343
5920
5967
8344
5921
5968
8345
5922
5969
8346
5923
5970
8347
5924
5971
8348
5925
5972
8349
5926
5973
8350
5927
5974
8351
5928
5975
8352
5929
5976
8353
5930
5977
8354
5931
5978
8355
5932
5979
8356
5933
5980
8357
5934
5981
8358
5982
8359
5936
5983
8360
5937
5984
8361
5938
5985
8362
5939
5986
8363
5940
5987
8364
5941
5988
8365
5942
5989
8366
5943
5990
8367
5944
5991
8368
5945
5992
8369
5946
5993
8370
5947
5994
8371
5948
5995
8372
5949
5996
8373
5950
5997
8374
5951
5998
8375
5952
5999
8376
5953
6000
8377
5954
6001
8378
5955
6002
8379
5956
6003
8380
5957
6004
8381
5958
6005
8382
5959
6006
8383
5960
6007
8384
5961
6008
8385
5962
6009
8386
5963
6010
8387
5964
6011
8388
5965
6012
8389
5966
6013
8390
5967
6014
8391
5968
6015
8392
5969
6016
8393
5970
6017
8394
5971
6018
8395
5972
6019
8396
5973
6020
8397
5974
6021
8398
5975
6022
8399
5976
6023
8400
5977
6024
8401
5978
6025
8402
5979
6026
8403
5980
6027
8404
5981
6028
8405
5982
6029
8406
6030
8407
5984
6031
8408
5985
6032
8409
5986
6033
8410
5987
6034
8411
5988
6035
8412
5989
6036
8413
5990
6037
8414
5991
6038
8415
5992
6039
8416
5993
6040
8417
5994
6041
8418
5995
6042
8419
5996
6043
8420
5997
6044
8421
5998
6045
8422
5999
6046
8423
6000
6047
8424
6001
6048
8425
6002
6049
8426
6003
6050
8427
6004
6051
8428
6005
6052
8429
6006
6053
8430
6007
6054
8431
6008
6055
8432
6009
6056
8433
6010
6057
8434
6011
6058
8435
6012
6059
8436
6013
6060
8437
6014
6061
8438
6015
6062
8439
6016
6063
8440
6017
6064
8441
6018
6065
8442
6019
6066
8443
6020
6067
8444
6021
6068
8445
6022
6069
8446
6023
6070
8447
6024
6071
8448
6025
6072
8449
6026
6073
8450
6027
6074
8451
6028
6075
8452
6029
6076
8453
6030
6077
8454
6078
8455
6032
6079
8456
6033
6080
8457
6034
6081
8458
6035
6082
8459
6036
6083
8460
6037
6084
8461
6038
6085
8462
6039
6086
8463
6040
6087
8464
6041
6088
8465
6042
6089
8466
6043
6090
8467
6044
6091
8468
6045
6092
8469
6046
6093
8470
6047
6094
8471
6048
6095
8472
6049
6096
8473
6050
6097
8474
6051
6098
8475
6052
6099
8476
6053
6100
8477
6054
6101
8478
6055
6102
8479
6056
6103
8480
6057
6104
8481
6058
6105
8482
6059
6106
8483
6060
6107
8484
6061
6108
8485
6062
6109
8486
6063
6110
8487
6064
6111
8488
6065
6112
8489
6066
6113
8490
6067
6114
8491
6068
6115
8492
6069
6116
8493
6070
6117
8494
6071
6118
8495
6072
6119
8496
6073
6120
8497
6074
6121
8498
6075
6122
8499
6076
6123
8500
6077
6124
8501
6078
6125
8502
6126
8503
6080
6127
8504
6081
6128
8505
6082
6129
8506
6083
6130
8507
6084
6131
8508
6085
6132
8509
6086
6133
8510
6087
6134
8511
6088
6135
8512
6089
6136
8513
6090
6137
8514
6091
6138
8515
6092
6139
8516
6093
6140
8517
6094
6141
8518
6095
6142
8519
6096
6143
8520
6097
6144
8521
6098
6145
8522
6099
6146
8523
6100
6147
8524
6101
6148
8525
6102
6149
8526
6103
6150
8527
6104
6151
8528
6105
6152
8529
6106
6153
8530
6107
6154
8531
6108
6155
8532
6109
6156
8533
6110
6157
8534
6111
6158
8535
6112
6159
8536
6113
6160
8537
6114
6161
8538
6115
6162
8539
6116
6163
8540
6117
6164
8541
6118
6165
8542
6119
6166
8543
6120
6167
8544
6121
6168
8545
6122
6169
8546
6123
6170
8547
6124
6171
8548
6125
6172
8549
6126
6173
8550
6174
8551
6128
6175
8552
6129
6176
8553
6130
6177
8554
6131
6178
8555
6132
6179
8556
6133
6180
8557
6134
6181
8558
6135
6182
8559
6136
6183
8560
6137
6184
8561
6138
6185
8562
6139
6186
8563
6140
6187
8564
6141
6188
8565
6142
6189
8566
6143
6190
8567
6144
6191
8568
6145
6192
8569
6146
6193
8570
6147
6194
8571
6148
6195
8572
6149
6196
8573
6150
6197
8574
6151
6198
8575
6152
6199
8576
6153
6200
8577
6154
6201
8578
6155
6202
8579
6156
6203
8580
6157
6204
8581
6158
6205
8582
6159
6206
8583
6160
6207
8584
6161
6208
8585
6162
6209
8586
6163
6210
8587
6164
6211
8588
6165
6212
8589
6166
6213
8590
6167
6214
8591
6168
6215
8592
6169
6216
8593
6170
6217
8594
6171
6218
8595
6172
6219
8596
6173
6220
8597
6174
6221
8598
6222
8599
6176
6223
8600
6177
6224
8601
6178
6225
8602
6179
6226
8603
6180
6227
8604
6181
6228
8605
6182
6229
8606
6183
6230
8607
6184
6231
8608
6185
6232
8609
6186
6233
8610
6187
6234
8611
6188
6235
8612
6189
6236
8613
6190
6237
8614
6191
6238
8615
6192
6239
8616
6193
6240
8617
6194
6241
8618
6195
6242
8619
6196
6243
8620
6197
6244
8621
6198
6245
8622
6199
6246
8623
6200
6247
8624
6201
6248
8625
6202
6249
8626
6203
6250
8627
6204
6251
8628
6205
6252
8629
6206
6253
8630
6207
6254
8631
6208
6255
8632
6209
6256
8633
6210
6257
8634
6211
6258
8635
6212
6259
8636
6213
6260
8637
6214
6261
8638
6215
6262
8639
6216
6263
8640
6217
6264
8641
6218
6265
8642
6219
6266
8643
6220
6267
8644
6221
6268
8645
6222
6269
8646
6270
8647
6224
6271
8648
6225
6272
8649
6226
6273
8650
6227
6274
8651
6228
6275
8652
6229
6276
8653
6230
6277
8654
6231
6278
8655
6232
6279
8656
6233
6280
8657
6234
6281
8658
6235
6282
8659
6236
6283
8660
6237
6284
8661
6238
6285
8662
6239
6286
8663
6240
6287
8664
6241
6288
8665
6242
6289
8666
6243
6290
8667
6244
6291
8668
6245
6292
8669
6246
6293
8670
6247
6294
8671
6248
6295
8672
6249
6296
8673
6250
6297
8674
6251
6298
8675
6252
6299
8676
6253
6300
8677
6254
6301
8678
6255
6302
8679
6256
6303
8680
6257
6304
8681
6258
6305
8682
6259
6306
8683
6260
6307
8684
6261
6308
8685
6262
6309
8686
6263
6310
8687
6264
6311
8688
6265
6312
8689
6266
6313
8690
6267
6314
8691
6268
6315
8692
6269
6316
8693
6270
6317
8694
6318
8695
6272
6319
8696
6273
6320
8697
6274
6321
8698
6275
6322
8699
6276
6323
8700
6277
6324
8701
6278
6325
8702
6279
6326
8703
6280
6327
8704
6281
6328
8705
6282
6329
8706
6283
6330
8707
6284
6331
8708
6285
6332
8709
6286
6333
8710
6287
6334
8711
6288
6335
8712
6289
6336
8713
6290
6337
8714
6291
6338
8715
6292
6339
8716
6293
6340
8717
6294
6341
8718
6295
6342
8719
6296
6343
8720
6297
6344
8721
6298
6345
8722
6299
6346
8723
6300
6347
8724
6301
6348
8725
6302
6349
8726
6303
6350
8727
6304
6351
8728
6305
6352
8729
6306
6353
8730
6307
6354
8731
6308
6355
8732
6309
6356
8733
6310
6357
8734
6311
6358
8735
6312
6359
8736
6313
6360
8737
6314
6361
8738
6315
6362
8739
6316
6363
8740
6317
6364
8741
6318
6365
8742
6366
8743
6320
6367
8744
6321
6368
8745
6322
6369
8746
6323
6370
8747
6324
6371
8748
6325
6372
8749
6326
6373
8750
6327
6374
8751
6328
6375
8752
6329
6376
8753
6330
6377
8754
6331
6378
8755
6332
6379
8756
6333
6380
8757
6334
6381
8758
6335
6382
8759
6336
6383
8760
6337
6384
8761
6338
6385
8762
6339
6386
8763
6340
6387
8764
6341
6388
8765
6342
6389
8766
6343
6390
8767
6344
6391
8768
6345
6392
8769
6346
6393
8770
6347
6394
8771
6348
6395
8772
6349
6396
8773
6350
6397
8774
6351
6398
8775
6352
6399
8776
6353
6400
8777
6354
6401
8778
6355
6402
8779
6356
6403
8780
6357
6404
8781
6358
6405
8782
6359
6406
8783
6360
6407
8784
6361
6408
8785
6362
6409
8786
6363
6410
8787
6364
6411
8788
6365
6412
8789
6366
6413
8790
6414
8791
6368
6415
8792
6369
6416
8793
6370
6417
8794
6371
6418
8795
6372
6419
8796
6373
6420
8797
6374
6421
8798
6375
6422
8799
6376
6423
8800
6377
6424
8801
6378
6425
8802
6379
6426
8803
6380
6427
8804
6381
6428
8805
6382
6429
8806
6383
6430
8807
6384
6431
8808
6385
6432
8809
6386
6433
8810
6387
6434
8811
6388
6435
8812
6389
6436
8813
6390
6437
8814
6391
6438
8815
6392
6439
8816
6393
6440
8817
6394
6441
8818
6395
6442
8819
6396
6443
8820
6397
6444
8821
6398
6445
8822
6399
6446
8823
6400
6447
8824
6401
6448
8825
6402
6449
8826
6403
6450
8827
6404
6451
8828
6405
6452
8829
6406
6453
8830
6407
6454
8831
6408
6455
8832
6409
6456
8833
6410
6457
8834
6411
6458
8835
6412
6459
8836
6413
6460
8837
6414
6461
8838
6462
8839
6416
8840
6417
8841
6418
8842
6419
8843
6420
8844
6421
8845
6422
8846
6423
8847
6424
8848
6425
8849
6426
8850
6427
8851
6428
8852
6429
8853
6430
8854
6431
8855
6432
8856
6433
8857
6434
8858
6435
8859
6436
8860
6437
8861
6438
8862
6439
8863
6440
8864
6441
8865
6442
8866
6443
8867
6444
8868
6445
8869
6446
8870
6447
8871
6448
8872
6449
8873
6450
8874
6451
8875
6452
8876
6453
8877
6454
8878
6455
8879
6456
8880
6457
8881
6458
8882
6459
8883
6460
8884
6461
8885
6462
8886
8887
6464
6471
8840
8888
6465
6472
8889
6466
6473
8890
6467
6474
8891
6468
6475
8892
6469
6476
8893
6470
6477
8894
8895
6472
6478
8792
8896
6473
6479
8897
6474
6480
8898
6475
6481
8899
6476
6482
8900
6477
6483
8901
6484
8902
6479
6485
8744
8903
6480
6486
8904
6481
6487
8905
6482
6488
8906
6483
6489
8907
6484
6490
8908
8909
6486
6491
8696
8910
6487
6492
8911
6488
6493
8912
6489
6494
8913
6490
6495
8914
8915
6492
6496
8648
8916
6493
6497
8917
6494
6498
8918
6495
8919
8920
6497
6499
8600
8921
6498
6500
8922
8923
6500
6501
8552
8924
6502
8925
6502
6503
8504
8926
8456
8927
6505
6519
9024
6506
6520
9025
6507
6521
9026
6508
6522
9027
6523
9028
6510
6535
9043
6511
6536
9044
6512
6537
9045
6513
6538
9046
6514
6539
9047
6515
6540
9048
6516
6541
9049
6517
6542
9050
6518
6543
9051
6519
6544
9052
6520
6545
9053
6521
6546
9054
6522
6547
9055
6523
6548
9056
6524
6549
9057
6525
6550
9058
6526
6551
9059
6552
9060
6528
6554
9065
6529
6555
9066
6530
6556
9067
6531
6557
9068
6532
6558
9069
6533
6559
9070
6534
6560
9071
6535
6561
9072
6536
6562
9073
6537
6563
9074
6538
6564
9075
6539
6565
9076
6540
6566
9077
6541
6567
9078
6542
6568
9079
6543
6569
9080
6544
6570
9081
6545
6571
9082
6546
6572
9083
6547
6573
9084
6548
6574
9085
6549
6575
9086
6550
6576
9087
6551
6577
9088
6552
6578
9089
6553
6579
9090
6580
9091
6555
6582
9095
6556
6583
9096
6557
6584
9097
6558
6585
9098
6559
6586
9099
6560
6587
9100
6561
6588
9101
6562
6589
9102
6563
6590
9103
6564
6591
9104
6565
6592
9105
6566
6593
9106
6567
6594
9107
6568
6595
9108
6569
6596
9109
6570
6597
9110
6571
6598
9111
6572
6599
9112
6573
6600
9113
6574
6601
9114
6575
6602
9115
6576
6603
9116
6577
6604
9117
6578
6605
9118
6579
6606
9119
6580
6607
9120
6581
6608
9121
6609
9122
6583
6611
9126
6584
6612
9127
6585
6613
9128
6586
6614
9129
6587
6615
9130
6588
6616
9131
6589
6617
9132
6590
6618
9133
6591
6619
9134
6592
6620
9135
6593
6621
9136
6594
6622
9137
6595
6623
9138
6596
6624
9139
6597
6625
9140
6598
6626
9141
6599
6627
9142
6600
6628
9143
6601
6629
9144
6602
6630
9145
6603
6631
9146
6604
6632
9147
6605
6633
9148
6606
6634
9149
6607
6635
9150
6608
6636
9151
6609
6637
9152
6610
6638
9153
6639
9154
6612
6640
9157
6613
6641
9158
6614
6642
9159
6615
6643
9160
6616
6644
9161
6617
6645
9162
6618
6646
9163
6619
6647
9164
6620
6648
9165
6621
6649
9166
6622
6650
9167
6623
6651
9168
6624
6652
9169
6625
6653
9170
6626
6654
9171
6627
6655
9172
6628
6656
9173
6629
6657
9174
6630
6658
9175
6631
6659
9176
6632
6660
9177
6633
6661
9178
6634
6662
9179
6635
6663
9180
6636
6664
9181
6637
6665
9182
6638
6666
9183
6639
6667
9184
6668
9185
6641
6670
9188
6642
6671
9189
6643
6672
9190
6644
6673
9191
6645
6674
9192
6646
6675
9193
6647
6676
9194
6648
6677
9195
6649
6678
9196
6650
6679
9197
6651
6680
9198
6652
6681
9199
6653
6682
9200
6654
6683
9201
6655
6684
9202
6656
6685
9203
6657
6686
9204
6658
6687
9205
6659
6688
9206
6660
6689
9207
6661
6690
9208
6662
6691
9209
6663
6692
9210
6664
6693
9211
6665
6694
9212
6666
6695
9213
6667
6696
9214
6668
6697
9215
6669
6698
9216
6699
9217
6671
6700
9220
6672
6701
9221
6673
6702
9222
6674
6703
9223
6675
6704
9224
6676
6705
9225
6677
6706
9226
6678
6707
9227
6679
6708
9228
6680
6709
9229
6681
6710
9230
6682
6711
9231
6683
6712
9232
6684
6713
9233
6685
6714
9234
6686
6715
9235
6687
6716
9236
6688
6717
9237
6689
6718
9238
6690
6719
9239
6691
6720
9240
6692
6721
9241
6693
6722
9242
6694
6723
9243
6695
6724
9244
6696
6725
9245
6697
6726
9246
6698
6727
9247
6699
6728
9248
6729
9249
6701
6730
9252
6702
6731
9253
6703
6732
9254
6704
6733
9255
6705
6734
9256
6706
6735
9257
6707
6736
9258
6708
6737
9259
6709
6738
9260
6710
6739
9261
6711
6740
9262
6712
6741
9263
6713
6742
9264
6714
6743
9265
6715
6744
9266
6716
6745
9267
6717
6746
9268
6718
6747
9269
6719
6748
9270
6720
6749
9271
6721
6750
9272
6722
6751
9273
6723
6752
9274
6724
6753
9275
6725
6754
9276
6726
6755
9277
6727
6756
9278
6728
6757
9279
6729
6758
9280
6759
9281
6731
6761
9284
6732
6762
9285
6733
6763
9286
6734
6764
9287
6735
6765
9288
6736
6766
9289
6737
6767
9290
6738
6768
9291
6739
6769
9292
6740
6770
9293
6741
6771
9294
6742
6772
9295
6743
6773
9296
6744
6774
9297
6745
6775
9298
6746
6776
9299
6747
6777
9300
6748
6778
9301
6749
6779
9302
6750
6780
9303
6751
6781
9304
6752
6782
9305
6753
6783
9306
6754
6784
9307
6755
6785
9308
6756
6786
9309
6757
6787
9310
6758
6788
9311
6759
6789
9312
6760
6790
9313
6791
9314
6762
6792
9317
6763
6793
9318
6764
6794
9319
6765
6795
9320
6766
6796
9321
6767
6797
9322
6768
6798
9323
6769
6799
9324
6770
6800
9325
6771
6801
9326
6772
6802
9327
6773
6803
9328
6774
6804
9329
6775
6805
9330
6776
6806
9331
6777
6807
9332
6778
6808
9333
6779
6809
9334
6780
6810
9335
6781
6811
9336
6782
6812
9337
6783
6813
9338
6784
6814
9339
6785
6815
9340
6786
6816
9341
6787
6817
9342
6788
6818
9343
6789
6819
9344
6790
6820
9345
6791
6821
9346
6822
9347
6793
6823
9350
6794
6824
9351
6795
6825
9352
6796
6826
9353
6797
6827
9354
6798
6828
9355
6799
6829
9356
6800
6830
9357
6801
6831
9358
6802
6832
9359
6803
6833
9360
6804
6834
9361
6805
6835
9362
6806
6836
9363
6807
6837
9364
6808
6838
9365
6809
6839
9366
6810
6840
9367
6811
6841
9368
6812
6842
9369
6813
6843
9370
6814
6844
9371
6815
6845
9372
6816
6846
9373
6817
6847
9374
6818
6848
9375
6819
6849
9376
6820
6850
9377
6821
6851
9378
6822
6852
9379
6853
9380
6824
6855
9383
6825
6856
9384
6826
6857
9385
6827
6858
9386
6828
6859
9387
6829
6860
9388
6830
6861
9389
6831
6862
9390
6832
6863
9391
6833
6864
9392
6834
6865
9393
6835
6866
9394
6836
6867
9395
6837
6868
9396
6838
6869
9397
6839
6870
9398
6840
6871
9399
6841
6872
9400
6842
6873
9401
6843
6874
9402
6844
6875
9403
6845
6876
9404
6846
6877
9405
6847
6878
9406
6848
6879
9407
6849
6880
9408
6850
6881
9409
6851
6882
9410
6852
6883
9411
6853
6884
9412
6854
6885
9413
6886
9414
6856
6887
9417
6857
6888
9418
6858
6889
9419
6859
6890
9420
6860
6891
9421
6861
6892
9422
6862
6893
9423
6863
6894
9424
6864
6895
9425
6865
6896
9426
6866
6897
9427
6867
6898
9428
6868
6899
9429
6869
6900
9430
6870
6901
9431
6871
6902
9432
6872
6903
9433
6873
6904
9434
6874
6905
9435
6875
6906
9436
6876
6907
9437
6877
6908
9438
6878
6909
9439
6879
6910
9440
6880
6911
9441
6881
6912
9442
6882
6913
9443
6883
6914
9444
6884
6915
9445
6885
6916
9446
6886
6917
9447
6918
9448
6888
6920
9451
6889
6921
9452
6890
6922
9453
6891
6923
9454
6892
6924
9455
6893
6925
9456
6894
6926
9457
6895
6927
9458
6896
6928
9459
6897
6929
9460
6898
6930
9461
6899
6931
9462
6900
6932
9463
6901
6933
9464
6902
6934
9465
6903
6935
9466
6904
6936
9467
6905
6937
9468
6906
6938
9469
6907
6939
9470
6908
6940
9471
6909
6941
9472
6910
6942
9473
6911
6943
9474
6912
6944
9475
6913
6945
9476
6914
6946
9477
6915
6947
9478
6916
6948
9479
6917
6949
9480
6918
6950
9481
6919
6951
9482
6952
9483
6921
6953
9486
6922
6954
9487
6923
6955
9488
6924
6956
9489
6925
6957
9490
6926
6958
9491
6927
6959
9492
6928
6960
9493
6929
6961
9494
6930
6962
9495
6931
6963
9496
6932
6964
9497
6933
6965
9498
6934
6966
9499
6935
6967
9500
6936
6968
9501
6937
6969
9502
6938
6970
9503
6939
6971
9504
6940
6972
9505
6941
6973
9506
6942
6974
9507
6943
6975
9508
6944
6976
9509
6945
6977
9510
6946
6978
9511
6947
6979
9512
6948
6980
9513
6949
6981
9514
6950
6982
9515
6951
6983
9516
6952
6984
9517
6985
9518
6954
6987
9521
6955
6988
9522
6956
6989
9523
6957
6990
9524
6958
6991
9525
6959
6992
9526
6960
6993
9527
6961
6994
9528
6962
6995
9529
6963
6996
9530
6964
6997
9531
6965
6998
9532
6966
6999
9533
6967
7000
9534
6968
7001
9535
6969
7002
9536
6970
7003
9537
6971
7004
9538
6972
7005
9539
6973
7006
9540
6974
7007
9541
6975
7008
9542
6976
7009
9543
6977
7010
9544
6978
7011
9545
6979
7012
9546
6980
7013
9547
6981
7014
9548
6982
7015
9549
6983
7016
9550
6984
7017
9551
6985
7018
9552
6986
7019
9553
7020
9554
6988
7021
9556
6989
7022
9557
6990
7023
9558
6991
7024
9559
6992
7025
9560
6993
7026
9561
6994
7027
9562
6995
7028
9563
6996
7029
9564
6997
7030
9565
6998
7031
9566
6999
7032
9567
7000
7033
9568
7001
7034
9569
7002
7035
9570
7003
7036
9571
7004
7037
9572
7005
7038
9573
7006
7039
9574
7007
7040
9575
7008
7041
9576
7009
7042
9577
7010
7043
9578
7011
7044
9579
7012
7045
9580
7013
7046
9581
7014
7047
9582
7015
7048
9583
7016
7049
9584
7017
7050
9585
7018
7051
9586
7019
7052
9587
7020
7053
9588
7054
9589
7022
7056
9592
7023
7057
9593
7024
7058
9594
7025
7059
9595
7026
7060
9596
7027
7061
9597
7028
7062
9598
7029
7063
9599
7030
7064
9600
7031
7065
9601
7032
7066
9602
7033
7067
9603
7034
7068
9604
7035
7069
9605
7036
7070
9606
7037
7071
9607
7038
7072
9608
7039
7073
9609
7040
7074
9610
7041
7075
9611
7042
7076
9612
7043
7077
9613
7044
7078
9614
7045
7079
9615
7046
7080
9616
7047
7081
9617
7048
7082
9618
7049
7083
9619
7050
7084
9620
7051
7085
9621
7052
7086
9622
7053
7087
9623
7054
7088
9624
7055
7089
9625
7090
9626
7057
7091
9628
7058
7092
9629
7059
7093
9630
7060
7094
9631
7061
7095
9632
7062
7096
9633
7063
7097
9634
7064
7098
9635
7065
7099
9636
7066
7100
9637
7067
7101
9638
7068
7102
9639
7069
7103
9640
7070
7104
9641
7071
7105
9642
7072
7106
9643
7073
7107
9644
7074
7108
9645
7075
7109
9646
7076
7110
9647
7077
7111
9648
7078
7112
9649
7079
7113
9650
7080
7114
9651
7081
7115
9652
7082
7116
9653
7083
7117
9654
7084
7118
9655
7085
7119
9656
7086
7120
9657
7087
7121
9658
7088
7122
9659
7089
7123
9660
7090
7124
9661
7125
9662
7092
7127
9665
7093
7128
9666
7094
7129
9667
7095
7130
9668
7096
7131
9669
7097
7132
9670
7098
7133
9671
7099
7134
9672
7100
7135
9673
7101
7136
9674
7102
7137
9675
7103
7138
9676
7104
7139
9677
7105
7140
9678
7106
7141
9679
7107
7142
9680
7108
7143
9681
7109
7144
9682
7110
7145
9683
7111
7146
9684
7112
7147
9685
7113
7148
9686
7114
7149
9687
7115
7150
9688
7116
7151
9689
7117
7152
9690
7118
7153
9691
7119
7154
9692
7120
7155
9693
7121
7156
9694
7122
7157
9695
7123
7158
9696
7124
7159
9697
7125
7160
9698
7126
7161
9699
7162
9700
7128
7164
9703
7129
7165
9704
7130
7166
9705
7131
7167
9706
7132
7168
9707
7133
7169
9708
7134
7170
9709
7135
7171
9710
7136
7172
9711
7137
7173
9712
7138
7174
9713
7139
7175
9714
7140
7176
9715
7141
7177
9716
7142
7178
9717
7143
7179
9718
7144
7180
9719
7145
7181
9720
7146
7182
9721
7147
7183
9722
7148
7184
9723
7149
7185
9724
7150
7186
9725
7151
7187
9726
7152
7188
9727
7153
7189
9728
7154
7190
9729
7155
7191
9730
7156
7192
9731
7157
7193
9732
7158
7194
9733
7159
7195
9734
7160
7196
9735
7161
7197
9736
7162
7198
9737
7163
7199
9738
7200
9739
7165
7202
9741
7166
7203
9742
7167
7204
9743
7168
7205
9744
7169
7206
9745
7170
7207
9746
7171
7208
9747
7172
7209
9748
7173
7210
9749
7174
7211
9750
7175
7212
9751
7176
7213
9752
7177
7214
9753
7178
7215
9754
7179
7216
9755
7180
7217
9756
7181
7218
9757
7182
7219
9758
7183
7220
9759
7184
7221
9760
7185
7222
9761
7186
7223
9762
7187
7224
9763
7188
7225
9764
7189
7226
9765
7190
7227
9766
7191
7228
9767
7192
7229
9768
7193
7230
9769
7194
7231
9770
7195
7232
9771
7196
7233
9772
7197
7234
9773
7198
7235
9774
7199
7236
9775
7200
7237
9776
7201
7238
9777
7239
9778
7203
7241
9780
7204
7242
9781
7205
7243
9782
7206
7244
9783
7207
7245
9784
7208
7246
9785
7209
7247
9786
7210
7248
9787
7211
7249
9788
7212
7250
9789
7213
7251
9790
7214
7252
9791
7215
7253
9792
7216
7254
9793
7217
7255
9794
7218
7256
9795
7219
7257
9796
7220
7258
9797
7221
7259
9798
7222
7260
9799
7223
7261
9800
7224
7262
9801
7225
7263
9802
7226
7264
9803
7227
7265
9804
7228
7266
9805
7229
7267
9806
7230
7268
9807
7231
7269
9808
7232
7270
9809
7233
7271
9810
7234
7272
9811
7235
7273
9812
7236
7274
9813
7237
7275
9814
7238
7276
9815
7239
7277
9816
7240
7278
9817
7279
9818
7242
7282
9821
7243
7283
9822
7244
7284
9823
7245
7285
9824
7246
7286
9825
7247
7287
9826
7248
7288
9827
7249
7289
9828
7250
7290
9829
7251
7291
9830
7252
7292
9831
7253
7293
9832
7254
7294
9833
7255
7295
9834
7256
7296
9835
7257
7297
9836
7258
7298
9837
7259
7299
9838
7260
7300
9839
7261
7301
9840
7262
7302
9841
7263
7303
9842
7264
7304
9843
7265
7305
9844
7266
7306
9845
7267
7307
9846
7268
7308
9847
7269
7309
9848
7270
7310
9849
7271
7311
9850
7272
7312
9851
7273
7313
9852
7274
7314
9853
7275
7315
9854
7276
7316
9855
7277
7317
9856
7278
7318
9857
7279
7319
9858
7280
7320
9859
7281
7321
9860
7322
9861
7283
7284
7325
9863
7285
7326
9864
7286
7327
9865
7287
7328
9866
7288
7329
9867
7289
7330
9868
7290
7331
9869
7291
7332
9870
7292
7333
9871
7293
7334
9872
7294
7335
9873
7295
7336
9874
7296
7337
9875
7297
7338
9876
7298
7339
9877
7299
7340
9878
7300
7341
9879
7301
7342
9880
7302
7343
9881
7303
7344
9882
7304
7345
9883
7305
7346
9884
7306
7347
9885
7307
7348
9886
7308
7349
9887
7309
7350
9888
7310
7351
9889
7311
7352
9890
7312
7353
9891
7313
7354
9892
7314
7355
9893
7315
7356
9894
7316
7357
9895
7317
7358
9896
7318
7359
9897
7319
7360
9898
7320
7361
9899
7321
7362
9900
7322
7363
9901
7323
7364
9902
7324
7365
9903
7366
9904
7326
7372
9906
7327
7373
9907
7328
7374
9908
7329
7375
9909
7330
7376
9910
7331
7377
9911
7332
7378
9912
7333
7379
9913
7334
7380
9914
7335
7381
9915
7336
7382
9916
7337
7383
9917
7338
7384
9918
7339
7385
9919
7340
7386
9920
7341
7387
9921
7342
7388
9922
7343
7389
9923
7344
7390
9924
7345
7391
9925
7346
7392
9926
7347
7393
9927
7348
7394
9928
7349
7395
9929
7350
7396
9930
7351
7397
9931
7352
7398
9932
7353
7399
9933
7354
7400
9934
7355
7401
9935
7356
7402
9936
7357
7403
9937
7358
7404
9938
7359
7405
9939
7360
7406
9940
7361
7407
9941
7362
7408
9942
7363
7409
9943
7364
7410
9944
7365
7411
9945
7366
7412
9946
7367
7413
9947
7368
7414
9948
7369
7415
9949
7370
7416
9950
7371
7417
9951
7418
9952
7373
7419
9953
7374
7420
9954
7375
7421
9955
7376
7422
9956
7377
7423
9957
7378
7424
9958
7379
7425
9959
7380
7426
9960
7381
7427
9961
7382
7428
9962
7383
7429
9963
7384
7430
9964
7385
7431
9965
7386
7432
9966
7387
7433
9967
7388
7434
9968
7389
7435
9969
7390
7436
9970
7391
7437
9971
7392
7438
9972
7393
7439
9973
7394
7440
9974
7395
7441
9975
7396
7442
9976
7397
7443
9977
7398
7444
9978
7399
7445
9979
7400
7446
9980
7401
7447
9981
7402
7448
9982
7403
7449
9983
7404
7450
9984
7405
7451
9985
7406
7452
9986
7407
7453
9987
7408
7454
9988
7409
7455
9989
7410
7456
9990
7411
7457
9991
7412
7458
9992
7413
7459
9993
7414
7460
9994
7415
7461
9995
7416
7462
9996
7417
7463
9997
7418
7464
9998
7465
9999
7420
7466
10000
7421
7467
10001
7422
7468
10002
7423
7469
10003
7424
7470
10004
7425
7471
10005
7426
7472
10006
7427
7473
10007
7428
7474
10008
7429
7475
10009
7430
7476
10010
7431
7477
10011
7432
7478
10012
7433
7479
10013
7434
7480
10014
7435
7481
10015
7436
7482
10016
7437
7483
10017
7438
7484
10018
7439
7485
10019
7440
7486
10020
7441
7487
10021
7442
7488
10022
7443
7489
10023
7444
7490
10024
7445
7491
10025
7446
7492
10026
7447
7493
10027
7448
7494
10028
7449
7495
10029
7450
7496
10030
7451
7497
10031
7452
7498
10032
7453
7499
10033
7454
7500
10034
7455
7501
10035
7456
7502
10036
7457
7503
10037
7458
7504
10038
7459
7505
10039
7460
7506
10040
7461
7507
10041
7462
7508
10042
7463
7509
10043
7464
7510
10044
7465
7511
10045
7512
10046
7467
7513
10047
7468
7514
10048
7469
7515
10049
7470
7516
10050
7471
7517
10051
7472
7518
10052
7473
7519
10053
7474
7520
10054
7475
7521
10055
7476
7522
10056
7477
7523
10057
7478
7524
10058
7479
7525
10059
7480
7526
10060
7481
7527
10061
7482
7528
10062
7483
7529
10063
7484
7530
10064
7485
7531
10065
7486
7532
10066
7487
7533
10067
7488
7534
10068
7489
7535
10069
7490
7536
10070
7491
7537
10071
7492
7538
10072
7493
7539
10073
7494
7540
10074
7495
7541
10075
7496
7542
10076
7497
7543
10077
7498
7544
10078
7499
7545
10079
7500
7546
10080
7501
7547
10081
7502
7548
10082
7503
7549
10083
7504
7550
10084
7505
7551
10085
7506
7552
10086
7507
7553
10087
7508
7554
10088
7509
7555
10089
7510
7556
10090
7511
7557
10091
7512
7558
10092
7559
10093
7514
7560
10094
7515
7561
10095
7516
7562
10096
7517
7563
10097
7518
7564
10098
7519
7565
10099
7520
7566
10100
7521
7567
10101
7522
7568
10102
7523
7569
10103
7524
7570
10104
7525
7571
10105
7526
7572
10106
7527
7573
10107
7528
7574
10108
7529
7575
10109
7530
7576
10110
7531
7577
10111
7532
7578
10112
7533
7579
10113
7534
7580
10114
7535
7581
10115
7536
7582
10116
7537
7583
10117
7538
7584
10118
7539
7585
10119
7540
7586
10120
7541
7587
10121
7542
7588
10122
7543
7589
10123
7544
7590
10124
7545
7591
10125
7546
7592
10126
7547
7593
10127
7548
7594
10128
7549
7595
10129
7550
7596
10130
7551
7597
10131
7552
7598
10132
7553
7599
10133
7554
7600
10134
7555
7601
10135
7556
7602
10136
7557
7603
10137
7558
7604
10138
7559
7605
10139
7606
10140
7561
7607
10141
7562
7608
10142
7563
7609
10143
7564
7610
10144
7565
7611
10145
7566
7612
10146
7567
7613
10147
7568
7614
10148
7569
7615
10149
7570
7616
10150
7571
7617
10151
7572
7618
10152
7573
7619
10153
7574
7620
10154
7575
7621
10155
7576
7622
10156
7577
7623
10157
7578
7624
10158
7579
7625
10159
7580
7626
10160
7581
7627
10161
7582
7628
10162
7583
7629
10163
7584
7630
10164
7585
7631
10165
7586
7632
10166
7587
7633
10167
7588
7634
10168
7589
7635
10169
7590
7636
10170
7591
7637
10171
7592
7638
10172
7593
7639
10173
7594
7640
10174
7595
7641
10175
7596
7642
10176
7597
7643
10177
7598
7644
10178
7599
7645
10179
7600
7646
10180
7601
7647
10181
7602
7648
10182
7603
7649
10183
7604
7650
10184
7605
7651
10185
7606
7652
10186
7653
10187
7608
7654
10188
7609
7655
10189
7610
7656
10190
7611
7657
10191
7612
7658
10192
7613
7659
10193
7614
7660
10194
7615
7661
10195
7616
7662
10196
7617
7663
10197
7618
7664
10198
7619
7665
10199
7620
7666
10200
7621
7667
10201
7622
7668
10202
7623
7669
10203
7624
7670
10204
7625
7671
10205
7626
7672
10206
7627
7673
10207
7628
7674
10208
7629
7675
10209
7630
7676
10210
7631
7677
10211
7632
7678
10212
7633
7679
10213
7634
7680
10214
7635
7681
10215
7636
7682
10216
7637
7683
10217
7638
7684
10218
7639
7685
10219
7640
7686
10220
7641
7687
10221
7642
7688
10222
7643
7689
10223
7644
7690
10224
7645
7691
10225
7646
7692
10226
7647
7693
10227
7648
7694
10228
7649
7695
10229
7650
7696
10230
7651
7697
10231
7652
7698
10232
7653
7699
10233
7700
10234
7655
7701
10235
7656
7702
10236
7657
7703
10237
7658
7704
10238
7659
7705
10239
7660
7706
10240
7661
7707
10241
7662
7708
10242
7663
7709
10243
7664
7710
10244
7665
7711
10245
7666
7712
10246
7667
7713
10247
7668
7714
10248
7669
7715
10249
7670
7716
10250
7671
7717
10251
7672
7718
10252
7673
7719
10253
7674
7720
10254
7675
7721
10255
7676
7722
10256
7677
7723
10257
7678
7724
10258
7679
7725
10259
7680
7726
10260
7681
7727
10261
7682
7728
10262
7683
7729
10263
7684
7730
10264
7685
7731
10265
7686
7732
10266
7687
7733
10267
7688
7734
10268
7689
7735
10269
7690
7736
10270
7691
7737
10271
7692
7738
10272
7693
7739
10273
7694
7740
10274
7695
7741
10275
7696
7742
10276
7697
7743
10277
7698
7744
10278
7699
7745
10279
7700
7746
10280
7747
10281
7702
7748
10282
7703
7749
10283
7704
7750
10284
7705
7751
10285
7706
7752
10286
7707
7753
10287
7708
7754
10288
7709
7755
10289
7710
7756
10290
7711
7757
10291
7712
7758
10292
7713
7759
10293
7714
7760
10294
7715
7761
10295
7716
7762
10296
7717
7763
10297
7718
7764
10298
7719
7765
10299
7720
7766
10300
7721
7767
10301
7722
7768
10302
7723
7769
10303
7724
7770
10304
7725
7771
10305
7726
7772
10306
7727
7773
10307
7728
7774
10308
7729
7775
10309
7730
7776
10310
7731
7777
10311
7732
7778
10312
7733
7779
10313
7734
7780
10314
7735
7781
10315
7736
7782
10316
7737
7783
10317
7738
7784
10318
7739
7785
10319
7740
7786
10320
7741
7787
10321
7742
7788
10322
7743
7789
10323
7744
7790
10324
7745
7791
10325
7746
7792
10326
7747
7793
10327
7794
10328
7749
7795
10329
7750
7796
10330
7751
7797
10331
7752
7798
10332
7753
7799
10333
7754
7800
10334
7755
7801
10335
7756
7802
10336
7757
7803
10337
7758
7804
10338
7759
7805
10339
7760
7806
10340
7761
7807
10341
7762
7808
10342
7763
7809
10343
7764
7810
10344
7765
7811
10345
7766
7812
10346
7767
7813
10347
7768
7814
10348
7769
7815
10349
7770
7816
10350
7771
7817
10351
7772
7818
10352
7773
7819
10353
7774
7820
10354
7775
7821
10355
7776
7822
10356
7777
7823
10357
7778
7824
10358
7779
7825
10359
7780
7826
10360
7781
7827
10361
7782
7828
10362
7783
7829
10363
7784
7830
10364
7785
7831
10365
7786
7832
10366
7787
7833
10367
7788
7834
10368
7789
7835
10369
7790
7836
10370
7791
7837
10371
7792
7838
10372
7793
7839
10373
7794
7840
10374
7841
10375
7796
7842
10376
7797
7843
10377
7798
7844
10378
7799
7845
10379
7800
7846
10380
7801
7847
10381
7802
7848
10382
7803
7849
10383
7804
7850
10384
7805
7851
10385
7806
7852
10386
7807
7853
10387
7808
7854
10388
7809
7855
10389
7810
7856
10390
7811
7857
10391
7812
7858
10392
7813
7859
10393
7814
7860
10394
7815
7861
10395
7816
7862
10396
7817
7863
10397
7818
7864
10398
7819
7865
10399
7820
7866
10400
7821
7867
10401
7822
7868
10402
7823
7869
10403
7824
7870
10404
7825
7871
10405
7826
7872
10406
7827
7873
10407
7828
7874
10408
7829
7875
10409
7830
7876
10410
7831
7877
10411
7832
7878
10412
7833
7879
10413
7834
7880
10414
7835
7881
10415
7836
7882
10416
7837
7883
10417
7838
7884
10418
7839
7885
10419
7840
7886
10420
7841
7887
10421
7888
10422
7843
7889
10423
7844
7890
10424
7845
7891
10425
7846
7892
10426
7847
7893
10427
7848
7894
10428
7849
7895
10429
7850
7896
10430
7851
7897
10431
7852
7898
10432
7853
7899
10433
7854
7900
10434
7855
7901
10435
7856
7902
10436
7857
7903
10437
7858
7904
10438
7859
7905
10439
7860
7906
10440
7861
7907
10441
7862
7908
10442
7863
7909
10443
7864
7910
10444
7865
7911
10445
7866
7912
10446
7867
7913
10447
7868
7914
10448
7869
7915
10449
7870
7916
10450
7871
7917
10451
7872
7918
10452
7873
7919
10453
7874
7920
10454
7875
7921
10455
7876
7922
10456
7877
7923
10457
7878
7924
10458
7879
7925
10459
7880
7926
10460
7881
7927
10461
7882
7928
10462
7883
7929
10463
7884
7930
10464
7885
7931
10465
7886
7932
10466
7887
7933
10467
7888
7934
10468
7935
10469
7890
7936
10470
7891
7937
10471
7892
7938
10472
7893
7939
10473
7894
7940
10474
7895
7941
10475
7896
7942
10476
7897
7943
10477
7898
7944
10478
7899
7945
10479
7900
7946
10480
7901
7947
10481
7902
7948
10482
7903
7949
10483
7904
7950
10484
7905
7951
10485
7906
7952
10486
7907
7953
10487
7908
7954
10488
7909
7955
10489
7910
7956
10490
7911
7957
10491
7912
7958
10492
7913
7959
10493
7914
7960
10494
7915
7961
10495
7916
7962
10496
7917
7963
10497
7918
7964
10498
7919
7965
10499
7920
7966
10500
7921
7967
10501
7922
7968
10502
7923
7969
10503
7924
7970
10504
7925
7971
10505
7926
7972
10506
7927
7973
10507
7928
7974
10508
7929
7975
10509
7930
7976
10510
7931
7977
10511
7932
7978
10512
7933
7979
10513
7934
7980
10514
7935
7981
10515
7982
10516
7937
7983
10517
7938
7984
10518
7939
7985
10519
7940
7986
10520
7941
7987
10521
7942
7988
10522
7943
7989
10523
7944
7990
10524
7945
7991
10525
7946
7992
10526
7947
7993
10527
7948
7994
10528
7949
7995
10529
7950
7996
10530
7951
7997
10531
7952
7998
10532
7953
7999
10533
7954
8000
10534
7955
8001
10535
7956
8002
10536
7957
8003
10537
7958
8004
10538
7959
8005
10539
7960
8006
10540
7961
8007
10541
7962
8008
10542
7963
8009
10543
7964
8010
10544
7965
8011
10545
7966
8012
10546
7967
8013
10547
7968
8014
10548
7969
8015
10549
7970
8016
10550
7971
8017
10551
7972
8018
10552
7973
8019
10553
7974
8020
10554
7975
8021
10555
7976
8022
10556
7977
8023
10557
7978
8024
10558
7979
8025
10559
7980
8026
10560
7981
8027
10561
7982
8028
10562
8029
10563
7984
8030
10564
7985
8031
10565
7986
8032
10566
7987
8033
10567
7988
8034
10568
7989
8035
10569
7990
8036
10570
7991
8037
10571
7992
8038
10572
7993
8039
10573
7994
8040
10574
7995
8041
10575
7996
8042
10576
7997
8043
10577
7998
8044
10578
7999
8045
10579
8000
8046
10580
8001
8047
10581
8002
8048
10582
8003
8049
10583
8004
8050
10584
8005
8051
10585
8006
8052
10586
8007
8053
10587
8008
8054
10588
8009
8055
10589
8010
8056
10590
8011
8057
10591
8012
8058
10592
8013
8059
10593
8014
8060
10594
8015
8061
10595
8016
8062
10596
8017
8063
10597
8018
8064
10598
8019
8065
10599
8020
8066
10600
8021
8067
10601
8022
8068
10602
8023
8069
10603
8024
8070
10604
8025
8071
10605
8026
8072
10606
8027
8073
10607
8028
8074
10608
8029
8075
10609
8076
10610
8031
8077
10611
8032
8078
10612
8033
8079
10613
8034
8080
10614
8035
8081
10615
8036
8082
10616
8037
8083
10617
8038
8084
10618
8039
8085
10619
8040
8086
10620
8041
8087
10621
8042
8088
10622
8043
8089
10623
8044
8090
10624
8045
8091
10625
8046
8092
10626
8047
8093
10627
8048
8094
10628
8049
8095
10629
8050
8096
10630
8051
8097
10631
8052
8098
10632
8053
8099
10633
8054
8100
10634
8055
8101
10635
8056
8102
10636
8057
8103
10637
8058
8104
10638
8059
8105
10639
8060
8106
10640
8061
8107
10641
8062
8108
10642
8063
8109
10643
8064
8110
10644
8065
8111
10645
8066
8112
10646
8067
8113
10647
8068
8114
10648
8069
8115
10649
8070
8116
10650
8071
8117
10651
8072
8118
10652
8073
8119
10653
8074
8120
10654
8075
8121
10655
8076
8122
10656
8123
10657
8078
8124
10658
8079
8125
10659
8080
8126
10660
8081
8127
10661
8082
8128
10662
8083
8129
10663
8084
8130
10664
8085
8131
10665
8086
8132
10666
8087
8133
10667
8088
8134
10668
8089
8135
10669
8090
8136
10670
8091
8137
10671
8092
8138
10672
8093
8139
10673
8094
8140
10674
8095
8141
10675
8096
8142
10676
8097
8143
10677
8098
8144
10678
8099
8145
10679
8100
8146
10680
8101
8147
10681
8102
8148
10682
8103
8149
10683
8104
8150
10684
8105
8151
10685
8106
8152
10686
8107
8153
10687
8108
8154
10688
8109
8155
10689
8110
8156
10690
8111
8157
10691
8112
8158
10692
8113
8159
10693
8114
8160
10694
8115
8161
10695
8116
8162
10696
8117
8163
10697
8118
8164
10698
8119
8165
10699
8120
8166
10700
8121
8167
10701
8122
8168
10702
8123
8169
10703
8170
10704
8125
8171
10705
8126
8172
10706
8127
8173
10707
8128
8174
10708
8129
8175
10709
8130
8176
10710
8131
8177
10711
8132
8178
10712
8133
8179
10713
8134
8180
10714
8135
8181
10715
8136
8182
10716
8137
8183
10717
8138
8184
10718
8139
8185
10719
8140
8186
10720
8141
8187
10721
8142
8188
10722
8143
8189
10723
8144
8190
10724
8145
8191
10725
8146
8192
10726
8147
8193
10727
8148
8194
10728
8149
8195
10729
8150
8196
10730
8151
8197
10731
8152
8198
10732
8153
8199
10733
8154
8200
10734
8155
8201
10735
8156
8202
10736
8157
8203
10737
8158
8204
10738
8159
8205
10739
8160
8206
10740
8161
8207
10741
8162
8208
10742
8163
8209
10743
8164
8210
10744
8165
8211
10745
8166
8212
10746
8167
8213
10747
8168
8214
10748
8169
8215
10749
8170
8216
10750
8217
10751
8172
8218
10752
8173
8219
10753
8174
8220
10754
8175
8221
10755
8176
8222
10756
8177
8223
10757
8178
8224
10758
8179
8225
10759
8180
8226
10760
8181
8227
10761
8182
8228
10762
8183
8229
10763
8184
8230
10764
8185
8231
10765
8186
8232
10766
8187
8233
10767
8188
8234
10768
8189
8235
10769
8190
8236
10770
8191
8237
10771
8192
8238
10772
8193
8239
10773
8194
8240
10774
8195
8241
10775
8196
8242
10776
8197
8243
10777
8198
8244
10778
8199
8245
10779
8200
8246
10780
8201
8247
10781
8202
8248
10782
8203
8249
10783
8204
8250
10784
8205
8251
10785
8206
8252
10786
8207
8253
10787
8208
8254
10788
8209
8255
10789
8210
8256
10790
8211
8257
10791
8212
8258
10792
8213
8259
10793
8214
8260
10794
8215
8261
10795
8216
8262
10796
8217
8263
10797
8264
10798
8219
8265
10799
8220
8266
10800
8221
8267
10801
8222
8268
10802
8223
8269
10803
8224
8270
10804
8225
8271
10805
8226
8272
10806
8227
8273
10807
8228
8274
10808
8229
8275
10809
8230
8276
10810
8231
8277
10811
8232
8278
10812
8233
8279
10813
8234
8280
10814
8235
8281
10815
8236
8282
10816
8237
8283
10817
8238
8284
10818
8239
8285
10819
8240
8286
10820
8241
8287
10821
8242
8288
10822
8243
8289
10823
8244
8290
10824
8245
8291
10825
8246
8292
10826
8247
8293
10827
8248
8294
10828
8249
8295
10829
8250
8296
10830
8251
8297
10831
8252
8298
10832
8253
8299
10833
8254
8300
10834
8255
8301
10835
8256
8302
10836
8257
8303
10837
8258
8304
10838
8259
8305
10839
8260
8306
10840
8261
8307
10841
8262
8308
10842
8263
8309
10843
8264
8310
10844
8311
10845
8266
8313
10846
8267
8314
10847
8268
8315
10848
8269
8316
10849
8270
8317
10850
8271
8318
10851
8272
8319
10852
8273
8320
10853
8274
8321
10854
8275
8322
10855
8276
8323
10856
8277
8324
10857
8278
8325
10858
8279
8326
10859
8280
8327
10860
8281
8328
10861
8282
8329
10862
8283
8330
10863
8284
8331
10864
8285
8332
10865
8286
8333
10866
8287
8334
10867
8288
8335
10868
8289
8336
10869
8290
8337
10870
8291
8338
10871
8292
8339
10872
8293
8340
10873
8294
8341
10874
8295
8342
10875
8296
8343
10876
8297
8344
10877
8298
8345
10878
8299
8346
10879
8300
8347
10880
8301
8348
10881
8302
8349
10882
8303
8350
10883
8304
8351
10884
8305
8352
10885
8306
8353
10886
8307
8354
10887
8308
8355
10888
8309
8356
10889
8310
8357
10890
8311
8358
10891
8359
10892
8313
8360
8314
8361
10893
8315
8362
10894
8316
8363
10895
8317
8364
10896
8318
8365
10897
8319
8366
10898
8320
8367
10899
8321
8368
10900
8322
8369
10901
8323
8370
10902
8324
8371
10903
8325
8372
10904
8326
8373
10905
8327
8374
10906
8328
8375
10907
8329
8376
10908
8330
8377
10909
8331
8378
10910
8332
8379
10911
8333
8380
10912
8334
8381
10913
8335
8382
10914
8336
8383
10915
8337
8384
10916
8338
8385
10917
8339
8386
10918
8340
8387
10919
8341
8388
10920
8342
8389
10921
8343
8390
10922
8344
8391
10923
8345
8392
10924
8346
8393
10925
8347
8394
10926
8348
8395
10927
8349
8396
10928
8350
8397
10929
8351
8398
10930
8352
8399
10931
8353
8400
10932
8354
8401
10933
8355
8402
10934
8356
8403
10935
8357
8404
10936
8358
8405
10937
8359
8406
10938
8407
10939
8361
8408
10940
8362
8409
10941
8363
8410
10942
8364
8411
10943
8365
8412
10944
8366
8413
10945
8367
8414
10946
8368
8415
10947
8369
8416
10948
8370
8417
10949
8371
8418
10950
8372
8419
10951
8373
8420
10952
8374
8421
10953
8375
8422
10954
8376
8423
10955
8377
8424
10956
8378
8425
10957
8379
8426
10958
8380
8427
10959
8381
8428
10960
8382
8429
10961
8383
8430
10962
8384
8431
10963
8385
8432
10964
8386
8433
10965
8387
8434
10966
8388
8435
10967
8389
8436
10968
8390
8437
10969
8391
8438
10970
8392
8439
10971
8393
8440
10972
8394
8441
10973
8395
8442
10974
8396
8443
10975
8397
8444
10976
8398
8445
10977
8399
8446
10978
8400
8447
10979
8401
8448
10980
8402
8449
10981
8403
8450
10982
8404
8451
10983
8405
8452
10984
8406
8453
10985
8407
8454
10986
8455
10987
8409
8456
10988
8410
8457
10989
8411
8458
10990
8412
8459
10991
8413
8460
10992
8414
8461
10993
8415
8462
10994
8416
8463
10995
8417
8464
10996
8418
8465
10997
8419
8466
10998
8420
8467
10999
8421
8468
11000
8422
8469
11001
8423
8470
11002
8424
8471
11003
8425
8472
11004
8426
8473
11005
8427
8474
11006
8428
8475
11007
8429
8476
11008
8430
8477
11009
8431
8478
11010
8432
8479
11011
8433
8480
11012
8434
8481
11013
8435
8482
11014
8436
8483
11015
8437
8484
11016
8438
8485
11017
8439
8486
11018
8440
8487
11019
8441
8488
11020
8442
8489
11021
8443
8490
11022
8444
8491
11023
8445
8492
11024
8446
8493
11025
8447
8494
11026
8448
8495
11027
8449
8496
11028
8450
8497
11029
8451
8498
11030
8452
8499
11031
8453
8500
11032
8454
8501
11033
8455
8502
11034
8503
11035
8457
8504
11036
8458
8505
11037
8459
8506
11038
8460
8507
11039
8461
8508
11040
8462
8509
11041
8463
8510
11042
8464
8511
11043
8465
8512
11044
8466
8513
11045
8467
8514
11046
8468
8515
11047
8469
8516
11048
8470
8517
11049
8471
8518
11050
8472
8519
11051
8473
8520
11052
8474
8521
11053
8475
8522
11054
8476
8523
11055
8477
8524
11056
8478
8525
11057
8479
8526
11058
8480
8527
11059
8481
8528
11060
8482
8529
11061
8483
8530
11062
8484
8531
11063
8485
8532
11064
8486
8533
11065
8487
8534
11066
8488
8535
11067
8489
8536
11068
8490
8537
11069
8491
8538
11070
8492
8539
11071
8493
8540
11072
8494
8541
11073
8495
8542
11074
8496
8543
11075
8497
8544
11076
8498
8545
11077
8499
8546
11078
8500
8547
11079
8501
8548
11080
8502
8549
11081
8503
8550
11082
8551
11083
8505
8552
11084
8506
8553
11085
8507
8554
11086
8508
8555
11087
8509
8556
11088
8510
8557
11089
8511
8558
11090
8512
8559
11091
8513
8560
11092
8514
8561
11093
8515
8562
11094
8516
8563
11095
8517
8564
11096
8518
8565
11097
8519
8566
11098
8520
8567
11099
8521
8568
11100
8522
8569
11101
8523
8570
11102
8524
8571
11103
8525
8572
11104
8526
8573
11105
8527
8574
11106
8528
8575
11107
8529
8576
11108
8530
8577
11109
8531
8578
11110
8532
8579
11111
8533
8580
11112
8534
8581
11113
8535
8582
11114
8536
8583
11115
8537
8584
11116
8538
8585
11117
8539
8586
11118
8540
8587
11119
8541
8588
11120
8542
8589
11121
8543
8590
11122
8544
8591
11123
8545
8592
11124
8546
8593
11125
8547
8594
11126
8548
8595
11127
8549
8596
11128
8550
8597
11129
8551
8598
11130
8599
11131
8553
8600
11132
8554
8601
11133
8555
8602
11134
8556
8603
11135
8557
8604
11136
8558
8605
11137
8559
8606
11138
8560
8607
11139
8561
8608
11140
8562
8609
11141
8563
8610
11142
8564
8611
11143
8565
8612
11144
8566
8613
11145
8567
8614
11146
8568
8615
11147
8569
8616
11148
8570
8617
11149
8571
8618
11150
8572
8619
11151
8573
8620
11152
8574
8621
11153
8575
8622
11154
8576
8623
11155
8577
8624
11156
8578
8625
11157
8579
8626
11158
8580
8627
11159
8581
8628
11160
8582
8629
11161
8583
8630
11162
8584
8631
11163
8585
8632
11164
8586
8633
11165
8587
8634
11166
8588
8635
11167
8589
8636
11168
8590
8637
11169
8591
8638
11170
8592
8639
11171
8593
8640
11172
8594
8641
11173
8595
8642
11174
8596
8643
11175
8597
8644
11176
8598
8645
11177
8599
8646
11178
8647
11179
8601
8648
11180
8602
8649
11181
8603
8650
11182
8604
8651
11183
8605
8652
11184
8606
8653
11185
8607
8654
11186
8608
8655
11187
8609
8656
11188
8610
8657
11189
8611
8658
11190
8612
8659
11191
8613
8660
11192
8614
8661
11193
8615
8662
11194
8616
8663
11195
8617
8664
11196
8618
8665
11197
8619
8666
11198
8620
8667
11199
8621
8668
11200
8622
8669
11201
8623
8670
11202
8624
8671
11203
8625
8672
11204
8626
8673
11205
8627
8674
11206
8628
8675
11207
8629
8676
11208
8630
8677
11209
8631
8678
11210
8632
8679
11211
8633
8680
11212
8634
8681
11213
8635
8682
11214
8636
8683
11215
8637
8684
11216
8638
8685
11217
8639
8686
11218
8640
8687
11219
8641
8688
11220
8642
8689
11221
8643
8690
11222
8644
8691
11223
8645
8692
11224
8646
8693
11225
8647
8694
11226
8695
11227
8649
8696
11228
8650
8697
11229
8651
8698
11230
8652
8699
11231
8653
8700
11232
8654
8701
11233
8655
8702
11234
8656
8703
11235
8657
8704
11236
8658
8705
11237
8659
8706
11238
8660
8707
11239
8661
8708
11240
8662
8709
11241
8663
8710
11242
8664
8711
11243
8665
8712
11244
8666
8713
11245
8667
8714
11246
8668
8715
11247
8669
8716
11248
8670
8717
11249
8671
8718
11250
8672
8719
11251
8673
8720
11252
8674
8721
11253
8675
8722
11254
8676
8723
11255
8677
8724
11256
8678
8725
11257
8679
8726
11258
8680
8727
11259
8681
8728
11260
8682
8729
11261
8683
8730
11262
8684
8731
11263
8685
8732
11264
8686
8733
11265
8687
8734
11266
8688
8735
11267
8689
8736
11268
8690
8737
11269
8691
8738
11270
8692
8739
11271
8693
8740
11272
8694
8741
11273
8695
8742
11274
8743
11275
8697
8744
11276
8698
8745
11277
8699
8746
11278
8700
8747
11279
8701
8748
11280
8702
8749
11281
8703
8750
11282
8704
8751
11283
8705
8752
11284
8706
8753
11285
8707
8754
11286
8708
8755
11287
8709
8756
11288
8710
8757
11289
8711
8758
11290
8712
8759
11291
8713
8760
11292
8714
8761
11293
8715
8762
11294
8716
8763
11295
8717
8764
11296
8718
8765
11297
8719
8766
11298
8720
8767
11299
8721
8768
11300
8722
8769
11301
8723
8770
11302
8724
8771
11303
8725
8772
11304
8726
8773
11305
8727
8774
11306
8728
8775
11307
8729
8776
11308
8730
8777
11309
8731
8778
11310
8732
8779
11311
8733
8780
11312
8734
8781
11313
8735
8782
11314
8736
8783
11315
8737
8784
11316
8738
8785
11317
8739
8786
11318
8740
8787
11319
8741
8788
11320
8742
8789
11321
8743
8790
11322
8791
11323
8745
8792
11324
8746
8793
11325
8747
8794
11326
8748
8795
11327
8749
8796
11328
8750
8797
11329
8751
8798
11330
8752
8799
11331
8753
8800
11332
8754
8801
11333
8755
8802
11334
8756
8803
11335
8757
8804
11336
8758
8805
11337
8759
8806
11338
8760
8807
11339
8761
8808
11340
8762
8809
11341
8763
8810
11342
8764
8811
11343
8765
8812
11344
8766
8813
11345
8767
8814
11346
8768
8815
11347
8769
8816
11348
8770
8817
11349
8771
8818
11350
8772
8819
11351
8773
8820
11352
8774
8821
11353
8775
8822
11354
8776
8823
11355
8777
8824
11356
8778
8825
11357
8779
8826
11358
8780
8827
11359
8781
8828
11360
8782
8829
11361
8783
8830
11362
8784
8831
11363
8785
8832
11364
8786
8833
11365
8787
8834
11366
8788
8835
11367
8789
8836
11368
8790
8837
11369
8791
8838
11370
8839
11371
8793
8840
11372
8794
8841
11373
8795
8842
11374
8796
8843
11375
8797
8844
11376
8798
8845
11377
8799
8846
11378
8800
8847
11379
8801
8848
11380
8802
8849
11381
8803
8850
11382
8804
8851
11383
8805
8852
11384
8806
8853
11385
8807
8854
11386
8808
8855
11387
8809
8856
11388
8810
8857
11389
8811
8858
11390
8812
8859
11391
8813
8860
11392
8814
8861
11393
8815
8862
11394
8816
8863
11395
8817
8864
11396
8818
8865
11397
8819
8866
11398
8820
8867
11399
8821
8868
11400
8822
8869
11401
8823
8870
11402
8824
8871
11403
8825
8872
11404
8826
8873
11405
8827
8874
11406
8828
8875
11407
8829
8876
11408
8830
8877
11409
8831
8878
11410
8832
8879
11411
8833
8880
11412
8834
8881
11413
8835
8882
11414
8836
8883
11415
8837
8884
11416
8838
8885
11417
8839
8886
11418
8887
11419
8841
11420
8842
11421
8843
11422
8844
11423
8845
11424
8846
11425
8847
11426
8848
11427
8849
11428
8850
11429
8851
11430
8852
11431
8853
11432
8854
11433
8855
11434
8856
11435
8857
11436
8858
11437
8859
11438
8860
11439
8861
11440
8862
11441
8863
11442
8864
11443
8865
11444
8866
11445
8867
11446
8868
11447
8869
11448
8870
11449
8871
11450
8872
11451
8873
11452
8874
11453
8875
11454
8876
11455
8877
11456
8878
11457
8879
11458
8880
11459
8881
11460
8882
11461
8883
11462
8884
11463
8885
11464
8886
11465
8887
11466
11467
8889
8896
11420
11468
8890
8897
11469
8891
8898
11470
8892
8899
11471
8893
8900
11472
8894
8901
11473
8895
8902
11474
11475
8897
8903
11372
11476
8898
8904
11477
8899
8905
11478
8900
8906
11479
8901
8907
11480
8902
8908
11481
8909
11482
8904
8910
11324
11483
8905
8911
11484
8906
8912
11485
8907
8913
11486
8908
8914
11487
8909
8915
11488
11489
8911
8916
11276
11490
8912
8917
11491
8913
8918
11492
8914
8919
11493
8915
8920
11494
11495
8917
8921
11228
11496
8918
8922
11497
8919
8923
11498
8920
11499
8922
8924
11180
11500
8923
8925
11501
11502
8925
8926
11132
11503
11504
8927
11084
11505
11036
8929
8952
11556
8930
8953
11557
8931
8954
11558
8932
8955
11559
8933
8956
11560
8934
8957
11561
8935
8958
11562
8936
8959
11563
8937
8960
11564
8938
8961
11565
8939
8962
11566
8940
8963
11567
8941
8964
11568
8942
8965
11569
8943
8966
11570
8944
8967
11571
8945
8968
11572
8946
8969
11573
8947
8970
11574
8948
8971
11575
8949
8972
11576
8950
8973
11577
8951
8974
11578
8975
11579
8953
8978
11584
8954
8979
11585
8955
8980
11586
8956
8981
11587
8957
8982
11588
8958
8983
11589
8959
8984
11590
8960
8985
11591
8961
8986
11592
8962
8987
11593
8963
8988
11594
8964
8989
11595
8965
8990
11596
8966
8991
11597
8967
8992
11598
8968
8993
11599
8969
8994
11600
8970
8995
11601
8971
8996
11602
8972
8997
11603
8973
8998
11604
8974
8999
11605
8975
9000
11606
8976
9001
11607
8977
9002
11608
9003
11609
8979
9006
11613
8980
9007
11614
8981
9008
11615
8982
9009
11616
8983
9010
11617
8984
9011
11618
8985
9012
11619
8986
9013
11620
8987
9014
11621
8988
9015
11622
8989
9016
11623
8990
9017
11624
8991
9018
11625
8992
9019
11626
8993
9020
11627
8994
9021
11628
8995
9022
11629
8996
9023
11630
8997
9024
11631
8998
9025
11632
8999
9026
11633
9000
9027
11634
9001
9028
11635
9002
9029
11636
9003
9030
11637
9004
9031
11638
9005
9032
11639
9033
11640
9007
9035
11643
9008
9036
11644
9009
9037
11645
9010
9038
11646
9011
9039
11647
9012
9040
11648
9013
9041
11649
9014
9042
11650
9015
9043
11651
9016
9044
11652
9017
9045
11653
9018
9046
11654
9019
9047
11655
9020
9048
11656
9021
9049
11657
9022
9050
11658
9023
9051
11659
9024
9052
11660
9025
9053
11661
9026
9054
11662
9027
9055
11663
9028
9056
11664
9029
9057
11665
9030
9058
11666
9031
9059
11667
9032
9060
11668
9033
9061
11669
9034
9062
11670
9063
11671
9036
9065
11674
9037
9066
11675
9038
9067
11676
9039
9068
11677
9040
9069
11678
9041
9070
11679
9042
9071
11680
9043
9072
11681
9044
9073
11682
9045
9074
11683
9046
9075
11684
9047
9076
11685
9048
9077
11686
9049
9078
11687
9050
9079
11688
9051
9080
11689
9052
9081
11690
9053
9082
11691
9054
9083
11692
9055
9084
11693
9056
9085
11694
9057
9086
11695
9058
9087
11696
9059
9088
11697
9060
9089
11698
9061
9090
11699
9062
9091
11700
9063
9092
11701
9064
9093
11702
9094
11703
9066
9095
11705
9067
9096
11706
9068
9097
11707
9069
9098
11708
9070
9099
11709
9071
9100
11710
9072
9101
11711
9073
9102
11712
9074
9103
11713
9075
9104
11714
9076
9105
11715
9077
9106
11716
9078
9107
11717
9079
9108
11718
9080
9109
11719
9081
9110
11720
9082
9111
11721
9083
9112
11722
9084
9113
11723
9085
9114
11724
9086
9115
11725
9087
9116
11726
9088
9117
11727
9089
9118
11728
9090
9119
11729
9091
9120
11730
9092
9121
11731
9093
9122
11732
9094
9123
11733
9124
11734
9096
9126
11737
9097
9127
11738
9098
9128
11739
9099
9129
11740
9100
9130
11741
9101
9131
11742
9102
9132
11743
9103
9133
11744
9104
9134
11745
9105
9135
11746
9106
9136
11747
9107
9137
11748
9108
9138
11749
9109
9139
11750
9110
9140
11751
9111
9141
11752
9112
9142
11753
9113
9143
11754
9114
9144
11755
9115
9145
11756
9116
9146
11757
9117
9147
11758
9118
9148
11759
9119
9149
11760
9120
9150
11761
9121
9151
11762
9122
9152
11763
9123
9153
11764
9124
9154
11765
9125
9155
11766
9156
11767
9127
9157
11769
9128
9158
11770
9129
9159
11771
9130
9160
11772
9131
9161
11773
9132
9162
11774
9133
9163
11775
9134
9164
11776
9135
9165
11777
9136
9166
11778
9137
9167
11779
9138
9168
11780
9139
9169
11781
9140
9170
11782
9141
9171
11783
9142
9172
11784
9143
9173
11785
9144
9174
11786
9145
9175
11787
9146
9176
11788
9147
9177
11789
9148
9178
11790
9149
9179
11791
9150
9180
11792
9151
9181
11793
9152
9182
11794
9153
9183
11795
9154
9184
11796
9155
9185
11797
9156
9186
11798
9187
11799
9158
9188
11802
9159
9189
11803
9160
9190
11804
9161
9191
11805
9162
9192
11806
9163
9193
11807
9164
9194
11808
9165
9195
11809
9166
9196
11810
9167
9197
11811
9168
9198
11812
9169
9199
11813
9170
9200
11814
9171
9201
11815
9172
9202
11816
9173
9203
11817
9174
9204
11818
9175
9205
11819
9176
9206
11820
9177
9207
11821
9178
9208
11822
9179
9209
11823
9180
9210
11824
9181
9211
11825
9182
9212
11826
9183
9213
11827
9184
9214
11828
9185
9215
11829
9186
9216
11830
9187
9217
11831
9218
11832
9189
9220
11835
9190
9221
11836
9191
9222
11837
9192
9223
11838
9193
9224
11839
9194
9225
11840
9195
9226
11841
9196
9227
11842
9197
9228
11843
9198
9229
11844
9199
9230
11845
9200
9231
11846
9201
9232
11847
9202
9233
11848
9203
9234
11849
9204
9235
11850
9205
9236
11851
9206
9237
11852
9207
9238
11853
9208
9239
11854
9209
9240
11855
9210
9241
11856
9211
9242
11857
9212
9243
11858
9213
9244
11859
9214
9245
11860
9215
9246
11861
9216
9247
11862
9217
9248
11863
9218
9249
11864
9219
9250
11865
9251
11866
9221
9252
11868
9222
9253
11869
9223
9254
11870
9224
9255
11871
9225
9256
11872
9226
9257
11873
9227
9258
11874
9228
9259
11875
9229
9260
11876
9230
9261
11877
9231
9262
11878
9232
9263
11879
9233
9264
11880
9234
9265
11881
9235
9266
11882
9236
9267
11883
9237
9268
11884
9238
9269
11885
9239
9270
11886
9240
9271
11887
9241
9272
11888
9242
9273
11889
9243
9274
11890
9244
9275
11891
9245
9276
11892
9246
9277
11893
9247
9278
11894
9248
9279
11895
9249
9280
11896
9250
9281
11897
9251
9282
11898
9283
11899
9253
9284
11901
9254
9285
11902
9255
9286
11903
9256
9287
11904
9257
9288
11905
9258
9289
11906
9259
9290
11907
9260
9291
11908
9261
9292
11909
9262
9293
11910
9263
9294
11911
9264
9295
11912
9265
9296
11913
9266
9297
11914
9267
9298
11915
9268
9299
11916
9269
9300
11917
9270
9301
11918
9271
9302
11919
9272
9303
11920
9273
9304
11921
9274
9305
11922
9275
9306
11923
9276
9307
11924
9277
9308
11925
9278
9309
11926
9279
9310
11927
9280
9311
11928
9281
9312
11929
9282
9313
11930
9283
9314
11931
9315
11932
9285
9317
11935
9286
9318
11936
9287
9319
11937
9288
9320
11938
9289
9321
11939
9290
9322
11940
9291
9323
11941
9292
9324
11942
9293
9325
11943
9294
9326
11944
9295
9327
11945
9296
9328
11946
9297
9329
11947
9298
9330
11948
9299
9331
11949
9300
9332
11950
9301
9333
11951
9302
9334
11952
9303
9335
11953
9304
9336
11954
9305
9337
11955
9306
9338
11956
9307
9339
11957
9308
9340
11958
9309
9341
11959
9310
9342
11960
9311
9343
11961
9312
9344
11962
9313
9345
11963
9314
9346
11964
9315
9347
11965
9316
9348
11966
9349
11967
9318
9350
11969
9319
9351
11970
9320
9352
11971
9321
9353
11972
9322
9354
11973
9323
9355
11974
9324
9356
11975
9325
9357
11976
9326
9358
11977
9327
9359
11978
9328
9360
11979
9329
9361
11980
9330
9362
11981
9331
9363
11982
9332
9364
11983
9333
9365
11984
9334
9366
11985
9335
9367
11986
9336
9368
11987
9337
9369
11988
9338
9370
11989
9339
9371
11990
9340
9372
11991
9341
9373
11992
9342
9374
11993
9343
9375
11994
9344
9376
11995
9345
9377
11996
9346
9378
11997
9347
9379
11998
9348
9380
11999
9349
9381
12000
9382
12001
9351
9383
12003
9352
9384
12004
9353
9385
12005
9354
9386
12006
9355
9387
12007
9356
9388
12008
9357
9389
12009
9358
9390
12010
9359
9391
12011
9360
9392
12012
9361
9393
12013
9362
9394
12014
9363
9395
12015
9364
9396
12016
9365
9397
12017
9366
9398
12018
9367
9399
12019
9368
9400
12020
9369
9401
12021
9370
9402
12022
9371
9403
12023
9372
9404
12024
9373
9405
12025
9374
9406
12026
9375
9407
12027
9376
9408
12028
9377
9409
12029
9378
9410
12030
9379
9411
12031
9380
9412
12032
9381
9413
12033
9382
9414
12034
9415
12035
9384
9417
12038
9385
9418
12039
9386
9419
12040
9387
9420
12041
9388
9421
12042
9389
9422
12043
9390
9423
12044
9391
9424
12045
9392
9425
12046
9393
9426
12047
9394
9427
12048
9395
9428
12049
9396
9429
12050
9397
9430
12051
9398
9431
12052
9399
9432
12053
9400
9433
12054
9401
9434
12055
9402
9435
12056
9403
9436
12057
9404
9437
12058
9405
9438
12059
9406
9439
12060
9407
9440
12061
9408
9441
12062
9409
9442
12063
9410
9443
12064
9411
9444
12065
9412
9445
12066
9413
9446
12067
9414
9447
12068
9415
9448
12069
9416
9449
12070
9450
12071
9418
9451
12073
9419
9452
12074
9420
9453
12075
9421
9454
12076
9422
9455
12077
9423
9456
12078
9424
9457
12079
9425
9458
12080
9426
9459
12081
9427
9460
12082
9428
9461
12083
9429
9462
12084
9430
9463
12085
9431
9464
12086
9432
9465
12087
9433
9466
12088
9434
9467
12089
9435
9468
12090
9436
9469
12091
9437
9470
12092
9438
9471
12093
9439
9472
12094
9440
9473
12095
9441
9474
12096
9442
9475
12097
9443
9476
12098
9444
9477
12099
9445
9478
12100
9446
9479
12101
9447
9480
12102
9448
9481
12103
9449
9482
12104
9450
9483
12105
9484
12106
9452
9486
12108
9453
9487
12109
9454
9488
12110
9455
9489
12111
9456
9490
12112
9457
9491
12113
9458
9492
12114
9459
9493
12115
9460
9494
12116
9461
9495
12117
9462
9496
12118
9463
9497
12119
9464
9498
12120
9465
9499
12121
9466
9500
12122
9467
9501
12123
9468
9502
12124
9469
9503
12125
9470
9504
12126
9471
9505
12127
9472
9506
12128
9473
9507
12129
9474
9508
12130
9475
9509
12131
9476
9510
12132
9477
9511
12133
9478
9512
12134
9479
9513
12135
9480
9514
12136
9481
9515
12137
9482
9516
12138
9483
9517
12139
9484
9518
12140
9485
9519
12141
9520
12142
9487
9521
12144
9488
9522
12145
9489
9523
12146
9490
9524
12147
9491
9525
12148
9492
9526
12149
9493
9527
12150
9494
9528
12151
9495
9529
12152
9496
9530
12153
9497
9531
12154
9498
9532
12155
9499
9533
12156
9500
9534
12157
9501
9535
12158
9502
9536
12159
9503
9537
12160
9504
9538
12161
9505
9539
12162
9506
9540
12163
9507
9541
12164
9508
9542
12165
9509
9543
12166
9510
9544
12167
9511
9545
12168
9512
9546
12169
9513
9547
12170
9514
9548
12171
9515
9549
12172
9516
9550
12173
9517
9551
12174
9518
9552
12175
9519
9553
12176
9520
9554
12177
9555
12178
9522
9556
12180
9523
9557
12181
9524
9558
12182
9525
9559
12183
9526
9560
12184
9527
9561
12185
9528
9562
12186
9529
9563
12187
9530
9564
12188
9531
9565
12189
9532
9566
12190
9533
9567
12191
9534
9568
12192
9535
9569
12193
9536
9570
12194
9537
9571
12195
9538
9572
12196
9539
9573
12197
9540
9574
12198
9541
9575
12199
9542
9576
12200
9543
9577
12201
9544
9578
12202
9545
9579
12203
9546
9580
12204
9547
9581
12205
9548
9582
12206
9549
9583
12207
9550
9584
12208
9551
9585
12209
9552
9586
12210
9553
9587
12211
9554
9588
12212
9555
9589
12213
9590
12214
9557
9592
12217
9558
9593
12218
9559
9594
12219
9560
9595
12220
9561
9596
12221
9562
9597
12222
9563
9598
12223
9564
9599
12224
9565
9600
12225
9566
9601
12226
9567
9602
12227
9568
9603
12228
9569
9604
12229
9570
9605
12230
9571
9606
12231
9572
9607
12232
9573
9608
12233
9574
9609
12234
9575
9610
12235
9576
9611
12236
9577
9612
12237
9578
9613
12238
9579
9614
12239
9580
9615
12240
9581
9616
12241
9582
9617
12242
9583
9618
12243
9584
9619
12244
9585
9620
12245
9586
9621
12246
9587
9622
12247
9588
9623
12248
9589
9624
12249
9590
9625
12250
9591
9626
12251
9627
12252
9593
9628
12254
9594
9629
12255
9595
9630
12256
9596
9631
12257
9597
9632
12258
9598
9633
12259
9599
9634
12260
9600
9635
12261
9601
9636
12262
9602
9637
12263
9603
9638
12264
9604
9639
12265
9605
9640
12266
9606
9641
12267
9607
9642
12268
9608
9643
12269
9609
9644
12270
9610
9645
12271
9611
9646
12272
9612
9647
12273
9613
9648
12274
9614
9649
12275
9615
9650
12276
9616
9651
12277
9617
9652
12278
9618
9653
12279
9619
9654
12280
9620
9655
12281
9621
9656
12282
9622
9657
12283
9623
9658
12284
9624
9659
12285
9625
9660
12286
9626
9661
12287
9627
9662
12288
9663
12289
9629
9665
12292
9630
9666
12293
9631
9667
12294
9632
9668
12295
9633
9669
12296
9634
9670
12297
9635
9671
12298
9636
9672
12299
9637
9673
12300
9638
9674
12301
9639
9675
12302
9640
9676
12303
9641
9677
12304
9642
9678
12305
9643
9679
12306
9644
9680
12307
9645
9681
12308
9646
9682
12309
9647
9683
12310
9648
9684
12311
9649
9685
12312
9650
9686
12313
9651
9687
12314
9652
9688
12315
9653
9689
12316
9654
9690
12317
9655
9691
12318
9656
9692
12319
9657
9693
12320
9658
9694
12321
9659
9695
12322
9660
9696
12323
9661
9697
12324
9662
9698
12325
9663
9699
12326
9664
9700
12327
9701
12328
9666
9703
12330
9667
9704
12331
9668
9705
12332
9669
9706
12333
9670
9707
12334
9671
9708
12335
9672
9709
12336
9673
9710
12337
9674
9711
12338
9675
9712
12339
9676
9713
12340
9677
9714
12341
9678
9715
12342
9679
9716
12343
9680
9717
12344
9681
9718
12345
9682
9719
12346
9683
9720
12347
9684
9721
12348
9685
9722
12349
9686
9723
12350
9687
9724
12351
9688
9725
12352
9689
9726
12353
9690
9727
12354
9691
9728
12355
9692
9729
12356
9693
9730
12357
9694
9731
12358
9695
9732
12359
9696
9733
12360
9697
9734
12361
9698
9735
12362
9699
9736
12363
9700
9737
12364
9701
9738
12365
9702
9739
12366
9740
12367
9704
9741
12369
9705
9742
12370
9706
9743
12371
9707
9744
12372
9708
9745
12373
9709
9746
12374
9710
9747
12375
9711
9748
12376
9712
9749
12377
9713
9750
12378
9714
9751
12379
9715
9752
12380
9716
9753
12381
9717
9754
12382
9718
9755
12383
9719
9756
12384
9720
9757
12385
9721
9758
12386
9722
9759
12387
9723
9760
12388
9724
9761
12389
9725
9762
12390
9726
9763
12391
9727
9764
12392
9728
9765
12393
9729
9766
12394
9730
9767
12395
9731
9768
12396
9732
9769
12397
9733
9770
12398
9734
9771
12399
9735
9772
12400
9736
9773
12401
9737
9774
12402
9738
9775
12403
9739
9776
12404
9740
9777
12405
9778
12406
9742
9780
12409
9743
9781
12410
9744
9782
12411
9745
9783
12412
9746
9784
12413
9747
9785
12414
9748
9786
12415
9749
9787
12416
9750
9788
12417
9751
9789
12418
9752
9790
12419
9753
9791
12420
9754
9792
12421
9755
9793
12422
9756
9794
12423
9757
9795
12424
9758
9796
12425
9759
9797
12426
9760
9798
12427
9761
9799
12428
9762
9800
12429
9763
9801
12430
9764
9802
12431
9765
9803
12432
9766
9804
12433
9767
9805
12434
9768
9806
12435
9769
9807
12436
9770
9808
12437
9771
9809
12438
9772
9810
12439
9773
9811
12440
9774
9812
12441
9775
9813
12442
9776
9814
12443
9777
9815
12444
9778
9816
12445
9779
9817
12446
9818
12447
9781
9821
12449
9782
9822
12450
9783
9823
12451
9784
9824
12452
9785
9825
12453
9786
9826
12454
9787
9827
12455
9788
9828
12456
9789
9829
12457
9790
9830
12458
9791
9831
12459
9792
9832
12460
9793
9833
12461
9794
9834
12462
9795
9835
12463
9796
9836
12464
9797
9837
12465
9798
9838
12466
9799
9839
12467
9800
9840
12468
9801
9841
12469
9802
9842
12470
9803
9843
12471
9804
9844
12472
9805
9845
12473
9806
9846
12474
9807
9847
12475
9808
9848
12476
9809
9849
12477
9810
9850
12478
9811
9851
12479
9812
9852
12480
9813
9853
12481
9814
9854
12482
9815
9855
12483
9816
9856
12484
9817
9857
12485
9818
9858
12486
9819
9859
12487
9820
9860
12488
9861
12489
9822
9823
9863
12491
9824
9864
12492
9825
9865
12493
9826
9866
12494
9827
9867
12495
9828
9868
12496
9829
9869
12497
9830
9870
12498
9831
9871
12499
9832
9872
12500
9833
9873
12501
9834
9874
12502
9835
9875
12503
9836
9876
12504
9837
9877
12505
9838
9878
12506
9839
9879
12507
9840
9880
12508
9841
9881
12509
9842
9882
12510
9843
9883
12511
9844
9884
12512
9845
9885
12513
9846
9886
12514
9847
9887
12515
9848
9888
12516
9849
9889
12517
9850
9890
12518
9851
9891
12519
9852
9892
12520
9853
9893
12521
9854
9894
12522
9855
9895
12523
9856
9896
12524
9857
9897
12525
9858
9898
12526
9859
9899
12527
9860
9900
12528
9861
9901
12529
9862
9902
12530
9903
12531
9864
9906
12533
9865
9907
12534
9866
9908
12535
9867
9909
12536
9868
9910
12537
9869
9911
12538
9870
9912
12539
9871
9913
12540
9872
9914
12541
9873
9915
12542
9874
9916
12543
9875
9917
12544
9876
9918
12545
9877
9919
12546
9878
9920
12547
9879
9921
12548
9880
9922
12549
9881
9923
12550
9882
9924
12551
9883
9925
12552
9884
9926
12553
9885
9927
12554
9886
9928
12555
9887
9929
12556
9888
9930
12557
9889
9931
12558
9890
9932
12559
9891
9933
12560
9892
9934
12561
9893
9935
12562
9894
9936
12563
9895
9937
12564
9896
9938
12565
9897
9939
12566
9898
9940
12567
9899
9941
12568
9900
9942
12569
9901
9943
12570
9902
9944
12571
9903
9945
12572
9904
9946
12573
9905
9947
12574
9948
12575
9907
9953
12577
9908
9954
12578
9909
9955
12579
9910
9956
12580
9911
9957
12581
9912
9958
12582
9913
9959
12583
9914
9960
12584
9915
9961
12585
9916
9962
12586
9917
9963
12587
9918
9964
12588
9919
9965
12589
9920
9966
12590
9921
9967
12591
9922
9968
12592
9923
9969
12593
9924
9970
12594
9925
9971
12595
9926
9972
12596
9927
9973
12597
9928
9974
12598
9929
9975
12599
9930
9976
12600
9931
9977
12601
9932
9978
12602
9933
9979
12603
9934
9980
12604
9935
9981
12605
9936
9982
12606
9937
9983
12607
9938
9984
12608
9939
9985
12609
9940
9986
12610
9941
9987
12611
9942
9988
12612
9943
9989
12613
9944
9990
12614
9945
9991
12615
9946
9992
12616
9947
9993
12617
9948
9994
12618
9949
9995
12619
9950
9996
12620
9951
9997
12621
9952
9998
12622
9999
12623
9954
10000
9955
10001
12624
9956
10002
12625
9957
10003
12626
9958
10004
12627
9959
10005
12628
9960
10006
12629
9961
10007
12630
9962
10008
12631
9963
10009
12632
9964
10010
12633
9965
10011
12634
9966
10012
12635
9967
10013
12636
9968
10014
12637
9969
10015
12638
9970
10016
12639
9971
10017
12640
9972
10018
12641
9973
10019
12642
9974
10020
12643
9975
10021
12644
9976
10022
12645
9977
10023
12646
9978
10024
12647
9979
10025
12648
9980
10026
12649
9981
10027
12650
9982
10028
12651
9983
10029
12652
9984
10030
12653
9985
10031
12654
9986
10032
12655
9987
10033
12656
9988
10034
12657
9989
10035
12658
9990
10036
12659
9991
10037
12660
9992
10038
12661
9993
10039
12662
9994
10040
12663
9995
10041
12664
9996
10042
12665
9997
10043
12666
9998
10044
12667
9999
10045
12668
10046
12669
10001
10047
12670
10002
10048
12671
10003
10049
12672
10004
10050
12673
10005
10051
12674
10006
10052
12675
10007
10053
12676
10008
10054
12677
10009
10055
12678
10010
10056
12679
10011
10057
12680
10012
10058
12681
10013
10059
12682
10014
10060
12683
10015
10061
12684
10016
10062
12685
10017
10063
12686
10018
10064
12687
10019
10065
12688
10020
10066
12689
10021
10067
12690
10022
10068
12691
10023
10069
12692
10024
10070
12693
10025
10071
12694
10026
10072
12695
10027
10073
12696
10028
10074
12697
10029
10075
12698
10030
10076
12699
10031
10077
12700
10032
10078
12701
10033
10079
12702
10034
10080
12703
10035
10081
12704
10036
10082
12705
10037
10083
12706
10038
10084
12707
10039
10085
12708
10040
10086
12709
10041
10087
12710
10042
10088
12711
10043
10089
12712
10044
10090
12713
10045
10091
12714
10046
10092
12715
10093
12716
10048
10094
12717
10049
10095
12718
10050
10096
12719
10051
10097
12720
10052
10098
12721
10053
10099
12722
10054
10100
12723
10055
10101
12724
10056
10102
12725
10057
10103
12726
10058
10104
12727
10059
10105
12728
10060
10106
12729
10061
10107
12730
10062
10108
12731
10063
10109
12732
10064
10110
12733
10065
10111
12734
10066
10112
12735
10067
10113
12736
10068
10114
12737
10069
10115
12738
10070
10116
12739
10071
10117
12740
10072
10118
12741
10073
10119
12742
10074
10120
12743
10075
10121
12744
10076
10122
12745
10077
10123
12746
10078
10124
12747
10079
10125
12748
10080
10126
12749
10081
10127
12750
10082
10128
12751
10083
10129
12752
10084
10130
12753
10085
10131
12754
10086
10132
12755
10087
10133
12756
10088
10134
12757
10089
10135
12758
10090
10136
12759
10091
10137
12760
10092
10138
12761
10093
10139
12762
10140
12763
10095
10141
12764
10096
10142
12765
10097
10143
12766
10098
10144
12767
10099
10145
12768
10100
10146
12769
10101
10147
12770
10102
10148
12771
10103
10149
12772
10104
10150
12773
10105
10151
12774
10106
10152
12775
10107
10153
12776
10108
10154
12777
10109
10155
12778
10110
10156
12779
10111
10157
12780
10112
10158
12781
10113
10159
12782
10114
10160
12783
10115
10161
12784
10116
10162
12785
10117
10163
12786
10118
10164
12787
10119
10165
12788
10120
10166
12789
10121
10167
12790
10122
10168
12791
10123
10169
12792
10124
10170
12793
10125
10171
12794
10126
10172
12795
10127
10173
12796
10128
10174
12797
10129
10175
12798
10130
10176
12799
10131
10177
12800
10132
10178
12801
10133
10179
12802
10134
10180
12803
10135
10181
12804
10136
10182
12805
10137
10183
12806
10138
10184
12807
10139
10185
12808
10140
10186
12809
10187
12810
10142
10188
12811
10143
10189
12812
10144
10190
12813
10145
10191
12814
10146
10192
12815
10147
10193
12816
10148
10194
12817
10149
10195
12818
10150
10196
12819
10151
10197
12820
10152
10198
12821
10153
10199
12822
10154
10200
12823
10155
10201
12824
10156
10202
12825
10157
10203
12826
10158
10204
12827
10159
10205
12828
10160
10206
12829
10161
10207
12830
10162
10208
12831
10163
10209
12832
10164
10210
12833
10165
10211
12834
10166
10212
12835
10167
10213
12836
10168
10214
12837
10169
10215
12838
10170
10216
12839
10171
10217
12840
10172
10218
12841
10173
10219
12842
10174
10220
12843
10175
10221
12844
10176
10222
12845
10177
10223
12846
10178
10224
12847
10179
10225
12848
10180
10226
12849
10181
10227
12850
10182
10228
12851
10183
10229
12852
10184
10230
12853
10185
10231
12854
10186
10232
12855
10187
10233
12856
10234
12857
10189
10235
12858
10190
10236
12859
10191
10237
12860
10192
10238
12861
10193
10239
12862
10194
10240
12863
10195
10241
12864
10196
10242
12865
10197
10243
12866
10198
10244
12867
10199
10245
12868
10200
10246
12869
10201
10247
12870
10202
10248
12871
10203
10249
12872
10204
10250
12873
10205
10251
12874
10206
10252
12875
10207
10253
12876
10208
10254
12877
10209
10255
12878
10210
10256
12879
10211
10257
12880
10212
10258
12881
10213
10259
12882
10214
10260
12883
10215
10261
12884
10216
10262
12885
10217
10263
12886
10218
10264
12887
10219
10265
12888
10220
10266
12889
10221
10267
12890
10222
10268
12891
10223
10269
12892
10224
10270
12893
10225
10271
12894
10226
10272
12895
10227
10273
12896
10228
10274
12897
10229
10275
12898
10230
10276
12899
10231
10277
12900
10232
10278
12901
10233
10279
12902
10234
10280
12903
10281
12904
10236
10282
12905
10237
10283
12906
10238
10284
12907
10239
10285
12908
10240
10286
12909
10241
10287
12910
10242
10288
12911
10243
10289
12912
10244
10290
12913
10245
10291
12914
10246
10292
12915
10247
10293
12916
10248
10294
12917
10249
10295
12918
10250
10296
12919
10251
10297
12920
10252
10298
12921
10253
10299
12922
10254
10300
12923
10255
10301
12924
10256
10302
12925
10257
10303
12926
10258
10304
12927
10259
10305
12928
10260
10306
12929
10261
10307
12930
10262
10308
12931
10263
10309
12932
10264
10310
12933
10265
10311
12934
10266
10312
12935
10267
10313
12936
10268
10314
12937
10269
10315
12938
10270
10316
12939
10271
10317
12940
10272
10318
12941
10273
10319
12942
10274
10320
12943
10275
10321
12944
10276
10322
12945
10277
10323
12946
10278
10324
12947
10279
10325
12948
10280
10326
12949
10281
10327
12950
10328
12951
10283
10329
12952
10284
10330
12953
10285
10331
12954
10286
10332
12955
10287
10333
12956
10288
10334
12957
10289
10335
12958
10290
10336
12959
10291
10337
12960
10292
10338
12961
10293
10339
12962
10294
10340
12963
10295
10341
12964
10296
10342
12965
10297
10343
12966
10298
10344
12967
10299
10345
12968
10300
10346
12969
10301
10347
12970
10302
10348
12971
10303
10349
12972
10304
10350
12973
10305
10351
12974
10306
10352
12975
10307
10353
12976
10308
10354
12977
10309
10355
12978
10310
10356
12979
10311
10357
12980
10312
10358
12981
10313
10359
12982
10314
10360
12983
10315
10361
12984
10316
10362
12985
10317
10363
12986
10318
10364
12987
10319
10365
12988
10320
10366
12989
10321
10367
12990
10322
10368
12991
10323
10369
12992
10324
10370
12993
10325
10371
12994
10326
10372
12995
10327
10373
12996
10328
10374
12997
10375
12998
10330
10376
12999
10331
10377
13000
10332
10378
13001
10333
10379
13002
10334
10380
13003
10335
10381
13004
10336
10382
13005
10337
10383
13006
10338
10384
13007
10339
10385
13008
10340
10386
13009
10341
10387
13010
10342
10388
13011
10343
10389
13012
10344
10390
13013
10345
10391
13014
10346
10392
13015
10347
10393
13016
10348
10394
13017
10349
10395
13018
10350
10396
13019
10351
10397
13020
10352
10398
13021
10353
10399
13022
10354
10400
13023
10355
10401
13024
10356
10402
13025
10357
10403
13026
10358
10404
13027
10359
10405
13028
10360
10406
13029
10361
10407
13030
10362
10408
13031
10363
10409
13032
10364
10410
13033
10365
10411
13034
10366
10412
13035
10367
10413
13036
10368
10414
13037
10369
10415
13038
10370
10416
13039
10371
10417
13040
10372
10418
13041
10373
10419
13042
10374
10420
13043
10375
10421
13044
10422
13045
10377
10423
13046
10378
10424
13047
10379
10425
13048
10380
10426
13049
10381
10427
13050
10382
10428
13051
10383
10429
13052
10384
10430
13053
10385
10431
13054
10386
10432
13055
10387
10433
13056
10388
10434
13057
10389
10435
13058
10390
10436
13059
10391
10437
13060
10392
10438
13061
10393
10439
13062
10394
10440
13063
10395
10441
13064
10396
10442
13065
10397
10443
13066
10398
10444
13067
10399
10445
13068
10400
10446
13069
10401
10447
13070
10402
10448
13071
10403
10449
13072
10404
10450
13073
10405
10451
13074
10406
10452
13075
10407
10453
13076
10408
10454
13077
10409
10455
13078
10410
10456
13079
10411
10457
13080
10412
10458
13081
10413
10459
13082
10414
10460
13083
10415
10461
13084
10416
10462
13085
10417
10463
13086
10418
10464
13087
10419
10465
13088
10420
10466
13089
10421
10467
13090
10422
10468
13091
10469
13092
10424
10470
13093
10425
10471
13094
10426
10472
13095
10427
10473
13096
10428
10474
13097
10429
10475
13098
10430
10476
13099
10431
10477
13100
10432
10478
13101
10433
10479
13102
10434
10480
13103
10435
10481
13104
10436
10482
13105
10437
10483
13106
10438
10484
13107
10439
10485
13108
10440
10486
13109
10441
10487
13110
10442
10488
13111
10443
10489
13112
10444
10490
13113
10445
10491
13114
10446
10492
13115
10447
10493
13116
10448
10494
13117
10449
10495
13118
10450
10496
13119
10451
10497
13120
10452
10498
13121
10453
10499
13122
10454
10500
13123
10455
10501
13124
10456
10502
13125
10457
10503
13126
10458
10504
13127
10459
10505
13128
10460
10506
13129
10461
10507
13130
10462
10508
13131
10463
10509
13132
10464
10510
13133
10465
10511
13134
10466
10512
13135
10467
10513
13136
10468
10514
13137
10469
10515
13138
10516
13139
10471
10517
13140
10472
10518
13141
10473
10519
13142
10474
10520
13143
10475
10521
13144
10476
10522
13145
10477
10523
13146
10478
10524
13147
10479
10525
13148
10480
10526
13149
10481
10527
13150
10482
10528
13151
10483
10529
13152
10484
10530
13153
10485
10531
13154
10486
10532
13155
10487
10533
13156
10488
10534
13157
10489
10535
13158
10490
10536
13159
10491
10537
13160
10492
10538
13161
10493
10539
13162
10494
10540
13163
10495
10541
13164
10496
10542
13165
10497
10543
13166
10498
10544
13167
10499
10545
13168
10500
10546
13169
10501
10547
13170
10502
10548
13171
10503
10549
13172
10504
10550
13173
10505
10551
13174
10506
10552
13175
10507
10553
13176
10508
10554
13177
10509
10555
13178
10510
10556
13179
10511
10557
13180
10512
10558
13181
10513
10559
13182
10514
10560
13183
10515
10561
13184
10516
10562
13185
10563
13186
10518
10564
13187
10519
10565
13188
10520
10566
13189
10521
10567
13190
10522
10568
13191
10523
10569
13192
10524
10570
13193
10525
10571
13194
10526
10572
13195
10527
10573
13196
10528
10574
13197
10529
10575
13198
10530
10576
13199
10531
10577
13200
10532
10578
13201
10533
10579
13202
10534
10580
13203
10535
10581
13204
10536
10582
13205
10537
10583
13206
10538
10584
13207
10539
10585
13208
10540
10586
13209
10541
10587
13210
10542
10588
13211
10543
10589
13212
10544
10590
13213
10545
10591
13214
10546
10592
13215
10547
10593
13216
10548
10594
13217
10549
10595
13218
10550
10596
13219
10551
10597
13220
10552
10598
13221
10553
10599
13222
10554
10600
13223
10555
10601
13224
10556
10602
13225
10557
10603
13226
10558
10604
13227
10559
10605
13228
10560
10606
13229
10561
10607
13230
10562
10608
13231
10563
10609
13232
10610
13233
10565
10611
13234
10566
10612
13235
10567
10613
13236
10568
10614
13237
10569
10615
13238
10570
10616
13239
10571
10617
13240
10572
10618
13241
10573
10619
13242
10574
10620
13243
10575
10621
13244
10576
10622
13245
10577
10623
13246
10578
10624
13247
10579
10625
13248
10580
10626
13249
10581
10627
13250
10582
10628
13251
10583
10629
13252
10584
10630
13253
10585
10631
13254
10586
10632
13255
10587
10633
13256
10588
10634
13257
10589
10635
13258
10590
10636
13259
10591
10637
13260
10592
10638
13261
10593
10639
13262
10594
10640
13263
10595
10641
13264
10596
10642
13265
10597
10643
13266
10598
10644
13267
10599
10645
13268
10600
10646
13269
10601
10647
13270
10602
10648
13271
10603
10649
13272
10604
10650
13273
10605
10651
13274
10606
10652
13275
10607
10653
13276
10608
10654
13277
10609
10655
13278
10610
10656
13279
10657
13280
10612
10658
13281
10613
10659
13282
10614
10660
13283
10615
10661
13284
10616
10662
13285
10617
10663
13286
10618
10664
13287
10619
10665
13288
10620
10666
13289
10621
10667
13290
10622
10668
13291
10623
10669
13292
10624
10670
13293
10625
10671
13294
10626
10672
13295
10627
10673
13296
10628
10674
13297
10629
10675
13298
10630
10676
13299
10631
10677
13300
10632
10678
13301
10633
10679
13302
10634
10680
13303
10635
10681
13304
10636
10682
13305
10637
10683
13306
10638
10684
13307
10639
10685
13308
10640
10686
13309
10641
10687
13310
10642
10688
13311
10643
10689
13312
10644
10690
13313
10645
10691
13314
10646
10692
13315
10647
10693
13316
10648
10694
13317
10649
10695
13318
10650
10696
13319
10651
10697
13320
10652
10698
13321
10653
10699
13322
10654
10700
13323
10655
10701
13324
10656
10702
13325
10657
10703
13326
10704
13327
10659
10705
13328
10660
10706
13329
10661
10707
13330
10662
10708
13331
10663
10709
13332
10664
10710
13333
10665
10711
13334
10666
10712
13335
10667
10713
13336
10668
10714
13337
10669
10715
13338
10670
10716
13339
10671
10717
13340
10672
10718
13341
10673
10719
13342
10674
10720
13343
10675
10721
13344
10676
10722
13345
10677
10723
13346
10678
10724
13347
10679
10725
13348
10680
10726
13349
10681
10727
13350
10682
10728
13351
10683
10729
13352
10684
10730
13353
10685
10731
13354
10686
10732
13355
10687
10733
13356
10688
10734
13357
10689
10735
13358
10690
10736
13359
10691
10737
13360
10692
10738
13361
10693
10739
13362
10694
10740
13363
10695
10741
13364
10696
10742
13365
10697
10743
13366
10698
10744
13367
10699
10745
13368
10700
10746
13369
10701
10747
13370
10702
10748
13371
10703
10749
13372
10704
10750
13373
10751
13374
10706
10752
13375
10707
10753
13376
10708
10754
13377
10709
10755
13378
10710
10756
13379
10711
10757
13380
10712
10758
13381
10713
10759
13382
10714
10760
13383
10715
10761
13384
10716
10762
13385
10717
10763
13386
10718
10764
13387
10719
10765
13388
10720
10766
13389
10721
10767
13390
10722
10768
13391
10723
10769
13392
10724
10770
13393
10725
10771
13394
10726
10772
13395
10727
10773
13396
10728
10774
13397
10729
10775
13398
10730
10776
13399
10731
10777
13400
10732
10778
13401
10733
10779
13402
10734
10780
13403
10735
10781
13404
10736
10782
13405
10737
10783
13406
10738
10784
13407
10739
10785
13408
10740
10786
13409
10741
10787
13410
10742
10788
13411
10743
10789
13412
10744
10790
13413
10745
10791
13414
10746
10792
13415
10747
10793
13416
10748
10794
13417
10749
10795
13418
10750
10796
13419
10751
10797
13420
10798
13421
10753
10799
13422
10754
10800
13423
10755
10801
13424
10756
10802
13425
10757
10803
13426
10758
10804
13427
10759
10805
13428
10760
10806
13429
10761
10807
13430
10762
10808
13431
10763
10809
13432
10764
10810
13433
10765
10811
13434
10766
10812
13435
10767
10813
13436
10768
10814
13437
10769
10815
13438
10770
10816
13439
10771
10817
13440
10772
10818
13441
10773
10819
13442
10774
10820
13443
10775
10821
13444
10776
10822
13445
10777
10823
13446
10778
10824
13447
10779
10825
13448
10780
10826
13449
10781
10827
13450
10782
10828
13451
10783
10829
13452
10784
10830
13453
10785
10831
13454
10786
10832
13455
10787
10833
13456
10788
10834
13457
10789
10835
13458
10790
10836
13459
10791
10837
13460
10792
10838
13461
10793
10839
13462
10794
10840
13463
10795
10841
13464
10796
10842
13465
10797
10843
13466
10798
10844
13467
10845
13468
10800
10846
13469
10801
10847
13470
10802
10848
13471
10803
10849
13472
10804
10850
13473
10805
10851
13474
10806
10852
13475
10807
10853
13476
10808
10854
13477
10809
10855
13478
10810
10856
13479
10811
10857
13480
10812
10858
13481
10813
10859
13482
10814
10860
13483
10815
10861
13484
10816
10862
13485
10817
10863
13486
10818
10864
13487
10819
10865
13488
10820
10866
13489
10821
10867
13490
10822
10868
13491
10823
10869
13492
10824
10870
13493
10825
10871
13494
10826
10872
13495
10827
10873
13496
10828
10874
13497
10829
10875
13498
10830
10876
13499
10831
10877
13500
10832
10878
13501
10833
10879
13502
10834
10880
13503
10835
10881
13504
10836
10882
13505
10837
10883
13506
10838
10884
13507
10839
10885
13508
10840
10886
13509
10841
10887
13510
10842
10888
13511
10843
10889
13512
10844
10890
13513
10845
10891
13514
10892
13515
10847
10893
13516
10848
10894
13517
10849
10895
13518
10850
10896
13519
10851
10897
13520
10852
10898
13521
10853
10899
13522
10854
10900
13523
10855
10901
13524
10856
10902
13525
10857
10903
13526
10858
10904
13527
10859
10905
13528
10860
10906
13529
10861
10907
13530
10862
10908
13531
10863
10909
13532
10864
10910
13533
10865
10911
13534
10866
10912
13535
10867
10913
13536
10868
10914
13537
10869
10915
13538
10870
10916
13539
10871
10917
13540
10872
10918
13541
10873
10919
13542
10874
10920
13543
10875
10921
13544
10876
10922
13545
10877
10923
13546
10878
10924
13547
10879
10925
13548
10880
10926
13549
10881
10927
13550
10882
10928
13551
10883
10929
13552
10884
10930
13553
10885
10931
13554
10886
10932
13555
10887
10933
13556
10888
10934
13557
10889
10935
13558
10890
10936
13559
10891
10937
13560
10892
10938
13561
10939
13562
10894
10941
13563
10895
10942
13564
10896
10943
13565
10897
10944
13566
10898
10945
13567
10899
10946
13568
10900
10947
13569
10901
10948
13570
10902
10949
13571
10903
10950
13572
10904
10951
13573
10905
10952
13574
10906
10953
13575
10907
10954
13576
10908
10955
13577
10909
10956
13578
10910
10957
13579
10911
10958
13580
10912
10959
13581
10913
10960
13582
10914
10961
13583
10915
10962
13584
10916
10963
13585
10917
10964
13586
10918
10965
13587
10919
10966
13588
10920
10967
13589
10921
10968
13590
10922
10969
13591
10923
10970
13592
10924
10971
13593
10925
10972
13594
10926
10973
13595
10927
10974
13596
10928
10975
13597
10929
10976
13598
10930
10977
13599
10931
10978
13600
10932
10979
13601
10933
10980
13602
10934
10981
13603
10935
10982
13604
10936
10983
13605
10937
10984
13606
10938
10985
13607
10939
10986
13608
10987
13609
10941
10988
10942
10989
13610
10943
10990
13611
10944
10991
13612
10945
10992
13613
10946
10993
13614
10947
10994
13615
10948
10995
13616
10949
10996
13617
10950
10997
13618
10951
10998
13619
10952
10999
13620
10953
11000
13621
10954
11001
13622
10955
11002
13623
10956
11003
13624
10957
11004
13625
10958
11005
13626
10959
11006
13627
10960
11007
13628
10961
11008
13629
10962
11009
13630
10963
11010
13631
10964
11011
13632
10965
11012
13633
10966
11013
13634
10967
11014
13635
10968
11015
13636
10969
11016
13637
10970
11017
13638
10971
11018
13639
10972
11019
13640
10973
11020
13641
10974
11021
13642
10975
11022
13643
10976
11023
13644
10977
11024
13645
10978
11025
13646
10979
11026
13647
10980
11027
13648
10981
11028
13649
10982
11029
13650
10983
11030
13651
10984
11031
13652
10985
11032
13653
10986
11033
13654
10987
11034
13655
11035
13656
10989
11036
13657
10990
11037
13658
10991
11038
13659
10992
11039
13660
10993
11040
13661
10994
11041
13662
10995
11042
13663
10996
11043
13664
10997
11044
13665
10998
11045
13666
10999
11046
13667
11000
11047
13668
11001
11048
13669
11002
11049
13670
11003
11050
13671
11004
11051
13672
11005
11052
13673
11006
11053
13674
11007
11054
13675
11008
11055
13676
11009
11056
13677
11010
11057
13678
11011
11058
13679
11012
11059
13680
11013
11060
13681
11014
11061
13682
11015
11062
13683
11016
11063
13684
11017
11064
13685
11018
11065
13686
11019
11066
13687
11020
11067
13688
11021
11068
13689
11022
11069
13690
11023
11070
13691
11024
11071
13692
11025
11072
13693
11026
11073
13694
11027
11074
13695
11028
11075
13696
11029
11076
13697
11030
11077
13698
11031
11078
13699
11032
11079
13700
11033
11080
13701
11034
11081
13702
11035
11082
13703
11083
13704
11037
11084
13705
11038
11085
13706
11039
11086
13707
11040
11087
13708
11041
11088
13709
11042
11089
13710
11043
11090
13711
11044
11091
13712
11045
11092
13713
11046
11093
13714
11047
11094
13715
11048
11095
13716
11049
11096
13717
11050
11097
13718
11051
11098
13719
11052
11099
13720
11053
11100
13721
11054
11101
13722
11055
11102
13723
11056
11103
13724
11057
11104
13725
11058
11105
13726
11059
11106
13727
11060
11107
13728
11061
11108
13729
11062
11109
13730
11063
11110
13731
11064
11111
13732
11065
11112
13733
11066
11113
13734
11067
11114
13735
11068
11115
13736
11069
11116
13737
11070
11117
13738
11071
11118
13739
11072
11119
13740
11073
11120
13741
11074
11121
13742
11075
11122
13743
11076
11123
13744
11077
11124
13745
11078
11125
13746
11079
11126
13747
11080
11127
13748
11081
11128
13749
11082
11129
13750
11083
11130
13751
11131
13752
11085
11132
13753
11086
11133
13754
11087
11134
13755
11088
11135
13756
11089
11136
13757
11090
11137
13758
11091
11138
13759
11092
11139
13760
11093
11140
13761
11094
11141
13762
11095
11142
13763
11096
11143
13764
11097
11144
13765
11098
11145
13766
11099
11146
13767
11100
11147
13768
11101
11148
13769
11102
11149
13770
11103
11150
13771
11104
11151
13772
11105
11152
13773
11106
11153
13774
11107
11154
13775
11108
11155
13776
11109
11156
13777
11110
11157
13778
11111
11158
13779
11112
11159
13780
11113
11160
13781
11114
11161
13782
11115
11162
13783
11116
11163
13784
11117
11164
13785
11118
11165
13786
11119
11166
13787
11120
11167
13788
11121
11168
13789
11122
11169
13790
11123
11170
13791
11124
11171
13792
11125
11172
13793
11126
11173
13794
11127
11174
13795
11128
11175
13796
11129
11176
13797
11130
11177
13798
11131
11178
13799
11179
13800
11133
11180
13801
11134
11181
13802
11135
11182
13803
11136
11183
13804
11137
11184
13805
11138
11185
13806
11139
11186
13807
11140
11187
13808
11141
11188
13809
11142
11189
13810
11143
11190
13811
11144
11191
13812
11145
11192
13813
11146
11193
13814
11147
11194
13815
11148
11195
13816
11149
11196
13817
11150
11197
13818
11151
11198
13819
11152
11199
13820
11153
11200
13821
11154
11201
13822
11155
11202
13823
11156
11203
13824
11157
11204
13825
11158
11205
13826
11159
11206
13827
11160
11207
13828
11161
11208
13829
11162
11209
13830
11163
11210
13831
11164
11211
13832
11165
11212
13833
11166
11213
13834
11167
11214
13835
11168
11215
13836
11169
11216
13837
11170
11217
13838
11171
11218
13839
11172
11219
13840
11173
11220
13841
11174
11221
13842
11175
11222
13843
11176
11223
13844
11177
11224
13845
11178
11225
13846
11179
11226
13847
11227
13848
11181
11228
13849
11182
11229
13850
11183
11230
13851
11184
11231
13852
11185
11232
13853
11186
11233
13854
11187
11234
13855
11188
11235
13856
11189
11236
13857
11190
11237
13858
11191
11238
13859
11192
11239
13860
11193
11240
13861
11194
11241
13862
11195
11242
13863
11196
11243
13864
11197
11244
13865
11198
11245
13866
11199
11246
13867
11200
11247
13868
11201
11248
13869
11202
11249
13870
11203
11250
13871
11204
11251
13872
11205
11252
13873
11206
11253
13874
11207
11254
13875
11208
11255
13876
11209
11256
13877
11210
11257
13878
11211
11258
13879
11212
11259
13880
11213
11260
13881
11214
11261
13882
11215
11262
13883
11216
11263
13884
11217
11264
13885
11218
11265
13886
11219
11266
13887
11220
11267
13888
11221
11268
13889
11222
11269
13890
11223
11270
13891
11224
11271
13892
11225
11272
13893
11226
11273
13894
11227
11274
13895
11275
13896
11229
11276
13897
11230
11277
13898
11231
11278
13899
11232
11279
13900
11233
11280
13901
11234
11281
13902
11235
11282
13903
11236
11283
13904
11237
11284
13905
11238
11285
13906
11239
11286
13907
11240
11287
13908
11241
11288
13909
11242
11289
13910
11243
11290
13911
11244
11291
13912
11245
11292
13913
11246
11293
13914
11247
11294
13915
11248
11295
13916
11249
11296
13917
11250
11297
13918
11251
11298
13919
11252
11299
13920
11253
11300
13921
11254
11301
13922
11255
11302
13923
11256
11303
13924
11257
11304
13925
11258
11305
13926
11259
11306
13927
11260
11307
13928
11261
11308
13929
11262
11309
13930
11263
11310
13931
11264
11311
13932
11265
11312
13933
11266
11313
13934
11267
11314
13935
11268
11315
13936
11269
11316
13937
11270
11317
13938
11271
11318
13939
11272
11319
13940
11273
11320
13941
11274
11321
13942
11275
11322
13943
11323
13944
11277
11324
13945
11278
11325
13946
11279
11326
13947
11280
11327
13948
11281
11328
13949
11282
11329
13950
11283
11330
13951
11284
11331
13952
11285
11332
13953
11286
11333
13954
11287
11334
13955
11288
11335
13956
11289
11336
13957
11290
11337
13958
11291
11338
13959
11292
11339
13960
11293
11340
13961
11294
11341
13962
11295
11342
13963
11296
11343
13964
11297
11344
13965
11298
11345
13966
11299
11346
13967
11300
11347
13968
11301
11348
13969
11302
11349
13970
11303
11350
13971
11304
11351
13972
11305
11352
13973
11306
11353
13974
11307
11354
13975
11308
11355
13976
11309
11356
13977
11310
11357
13978
11311
11358
13979
11312
11359
13980
11313
11360
13981
11314
11361
13982
11315
11362
13983
11316
11363
13984
11317
11364
13985
11318
11365
13986
11319
11366
13987
11320
11367
13988
11321
11368
13989
11322
11369
13990
11323
11370
13991
11371
13992
11325
11372
13993
11326
11373
13994
11327
11374
13995
11328
11375
13996
11329
11376
13997
11330
11377
13998
11331
11378
13999
11332
11379
14000
11333
11380
14001
11334
11381
14002
11335
11382
14003
11336
11383
14004
11337
11384
14005
11338
11385
14006
11339
11386
14007
11340
11387
14008
11341
11388
14009
11342
11389
14010
11343
11390
14011
11344
11391
14012
11345
11392
14013
11346
11393
14014
11347
11394
14015
11348
11395
14016
11349
11396
14017
11350
11397
14018
11351
11398
14019
11352
11399
14020
11353
11400
14021
11354
11401
14022
11355
11402
14023
11356
11403
14024
11357
11404
14025
11358
11405
14026
11359
11406
14027
11360
11407
14028
11361
11408
14029
11362
11409
14030
11363
11410
14031
11364
11411
14032
11365
11412
14033
11366
11413
14034
11367
11414
14035
11368
11415
14036
11369
11416
14037
11370
11417
14038
11371
11418
14039
11419
14040
11373
11420
14041
11374
11421
14042
11375
11422
14043
11376
11423
14044
11377
11424
14045
11378
11425
14046
11379
11426
14047
11380
11427
14048
11381
11428
14049
11382
11429
14050
11383
11430
14051
11384
11431
14052
11385
11432
14053
11386
11433
14054
11387
11434
14055
11388
11435
14056
11389
11436
14057
11390
11437
14058
11391
11438
14059
11392
11439
14060
11393
11440
14061
11394
11441
14062
11395
11442
14063
11396
11443
14064
11397
11444
14065
11398
11445
14066
11399
11446
14067
11400
11447
14068
11401
11448
14069
11402
11449
14070
11403
11450
14071
11404
11451
14072
11405
11452
14073
11406
11453
14074
11407
11454
14075
11408
11455
14076
11409
11456
14077
11410
11457
14078
11411
11458
14079
11412
11459
14080
11413
11460
14081
11414
11461
14082
11415
11462
14083
11416
11463
14084
11417
11464
14085
11418
11465
14086
11419
11466
14087
11467
14088
11421
14089
11422
14090
11423
14091
11424
14092
11425
14093
11426
14094
11427
14095
11428
14096
11429
14097
11430
14098
11431
14099
11432
14100
11433
14101
11434
14102
11435
14103
11436
14104
11437
14105
11438
14106
11439
14107
11440
14108
11441
14109
11442
14110
11443
14111
11444
14112
11445
14113
11446
14114
11447
14115
11448
14116
11449
14117
11450
14118
11451
14119
11452
14120
11453
14121
11454
14122
11455
14123
11456
14124
11457
14125
11458
14126
11459
14127
11460
14128
11461
14129
11462
14130
11463
14131
11464
14132
11465
14133
11466
14134
11467
14135
14136
11469
11476
14089
14137
11470
11477
14138
11471
11478
14139
11472
11479
14140
11473
11480
14141
11474
11481
14142
11475
11482
14143
14144
11477
11483
14041
14145
11478
11484
14146
11479
11485
14147
11480
11486
14148
11481
11487
14149
11482
11488
14150
11489
14151
11484
11490
13993
14152
11485
11491
14153
11486
11492
14154
11487
11493
14155
11488
11494
14156
11489
11495
14157
14158
11491
11496
13945
14159
11492
11497
14160
11493
11498
14161
11494
11499
14162
11495
14163
14164
11497
11500
13897
14165
11498
11501
14166
11499
11502
14167
14168
11501
11503
13849
14169
11502
11504
14170
14171
11504
11505
13801
14172
14173
13753
14174
11507
11530
14222
11508
11531
14223
11509
11532
14224
11510
11533
14225
11511
11534
14226
11512
11535
14227
11513
11536
14228
11514
11537
14229
11515
11538
14230
11516
11539
14231
11517
11540
14232
11518
11541
14233
11519
11542
14234
11520
11543
14235
11521
11544
14236
11522
11545
14237
11523
11546
14238
11524
11547
14239
11525
11548
14240
11526
11549
14241
11527
11550
14242
11528
11551
14243
11529
11552
14244
11553
14245
11531
11556
14249
11532
11557
14250
11533
11558
14251
11534
11559
14252
11535
11560
14253
11536
11561
14254
11537
11562
14255
11538
11563
14256
11539
11564
14257
11540
11565
14258
11541
11566
14259
11542
11567
14260
11543
11568
14261
11544
11569
14262
11545
11570
14263
11546
11571
14264
11547
11572
14265
11548
11573
14266
11549
11574
14267
11550
11575
14268
11551
11576
14269
11552
11577
14270
11553
11578
14271
11554
11579
14272
11555
11580
14273
11581
14274
11557
11584
14277
11558
11585
14278
11559
11586
14279
11560
11587
14280
11561
11588
14281
11562
11589
14282
11563
11590
14283
11564
11591
14284
11565
11592
14285
11566
11593
14286
11567
11594
14287
11568
11595
14288
11569
11596
14289
11570
11597
14290
11571
11598
14291
11572
11599
14292
11573
11600
14293
11574
11601
14294
11575
11602
14295
11576
11603
14296
11577
11604
14297
11578
11605
14298
11579
11606
14299
11580
11607
14300
11581
11608
14301
11582
11609
14302
11583
11610
14303
11611
14304
11585
11613
14306
11586
11614
14307
11587
11615
14308
11588
11616
14309
11589
11617
14310
11590
11618
14311
11591
11619
14312
11592
11620
14313
11593
11621
14314
11594
11622
14315
11595
11623
14316
11596
11624
14317
11597
11625
14318
11598
11626
14319
11599
11627
14320
11600
11628
14321
11601
11629
14322
11602
11630
14323
11603
11631
14324
11604
11632
14325
11605
11633
14326
11606
11634
14327
11607
11635
14328
11608
11636
14329
11609
11637
14330
11610
11638
14331
11611
11639
14332
11612
11640
14333
11641
14334
11614
11643
14336
11615
11644
14337
11616
11645
14338
11617
11646
14339
11618
11647
14340
11619
11648
14341
11620
11649
14342
11621
11650
14343
11622
11651
14344
11623
11652
14345
11624
11653
14346
11625
11654
14347
11626
11655
14348
11627
11656
14349
11628
11657
14350
11629
11658
14351
11630
11659
14352
11631
11660
14353
11632
11661
14354
11633
11662
14355
11634
11663
14356
11635
11664
14357
11636
11665
14358
11637
11666
14359
11638
11667
14360
11639
11668
14361
11640
11669
14362
11641
11670
14363
11642
11671
14364
11672
14365
11644
11674
14367
11645
11675
14368
11646
11676
14369
11647
11677
14370
11648
11678
14371
11649
11679
14372
11650
11680
14373
11651
11681
14374
11652
11682
14375
11653
11683
14376
11654
11684
14377
11655
11685
14378
11656
11686
14379
11657
11687
14380
11658
11688
14381
11659
11689
14382
11660
11690
14383
11661
11691
14384
11662
11692
14385
11663
11693
14386
11664
11694
14387
11665
11695
14388
11666
11696
14389
11667
11697
14390
11668
11698
14391
11669
11699
14392
11670
11700
14393
11671
11701
14394
11672
11702
14395
11673
11703
14396
11704
14397
11675
11705
14399
11676
11706
14400
11677
11707
14401
11678
11708
14402
11679
11709
14403
11680
11710
14404
11681
11711
14405
11682
11712
14406
11683
11713
14407
11684
11714
14408
11685
11715
14409
11686
11716
14410
11687
11717
14411
11688
11718
14412
11689
11719
14413
11690
11720
14414
11691
11721
14415
11692
11722
14416
11693
11723
14417
11694
11724
14418
11695
11725
14419
11696
11726
14420
11697
11727
14421
11698
11728
14422
11699
11729
14423
11700
11730
14424
11701
11731
14425
11702
11732
14426
11703
11733
14427
11704
11734
14428
11735
14429
11706
11737
14431
11707
11738
14432
11708
11739
14433
11709
11740
14434
11710
11741
14435
11711
11742
14436
11712
11743
14437
11713
11744
14438
11714
11745
14439
11715
11746
14440
11716
11747
14441
11717
11748
14442
11718
11749
14443
11719
11750
14444
11720
11751
14445
11721
11752
14446
11722
11753
14447
11723
11754
14448
11724
11755
14449
11725
11756
14450
11726
11757
14451
11727
11758
14452
11728
11759
14453
11729
11760
14454
11730
11761
14455
11731
11762
14456
11732
11763
14457
11733
11764
14458
11734
11765
14459
11735
11766
14460
11736
11767
14461
11768
14462
11738
11769
14464
11739
11770
14465
11740
11771
14466
11741
11772
14467
11742
11773
14468
11743
11774
14469
11744
11775
14470
11745
11776
14471
11746
11777
14472
11747
11778
14473
11748
11779
14474
11749
11780
14475
11750
11781
14476
11751
11782
14477
11752
11783
14478
11753
11784
14479
11754
11785
14480
11755
11786
14481
11756
11787
14482
11757
11788
14483
11758
11789
14484
11759
11790
14485
11760
11791
14486
11761
11792
14487
11762
11793
14488
11763
11794
14489
11764
11795
14490
11765
11796
14491
11766
11797
14492
11767
11798
14493
11768
11799
14494
11800
14495
11770
11802
14497
11771
11803
14498
11772
11804
14499
11773
11805
14500
11774
11806
14501
11775
11807
14502
11776
11808
14503
11777
11809
14504
11778
11810
14505
11779
11811
14506
11780
11812
14507
11781
11813
14508
11782
11814
14509
11783
11815
14510
11784
11816
14511
11785
11817
14512
11786
11818
14513
11787
11819
14514
11788
11820
14515
11789
11821
14516
11790
11822
14517
11791
11823
14518
11792
11824
14519
11793
11825
14520
11794
11826
14521
11795
11827
14522
11796
11828
14523
11797
11829
14524
11798
11830
14525
11799
11831
14526
11800
11832
14527
11801
11833
14528
11834
14529
11803
11835
14531
11804
11836
14532
11805
11837
14533
11806
11838
14534
11807
11839
14535
11808
11840
14536
11809
11841
14537
11810
11842
14538
11811
11843
14539
11812
11844
14540
11813
11845
14541
11814
11846
14542
11815
11847
14543
11816
11848
14544
11817
11849
14545
11818
11850
14546
11819
11851
14547
11820
11852
14548
11821
11853
14549
11822
11854
14550
11823
11855
14551
11824
11856
14552
11825
11857
14553
11826
11858
14554
11827
11859
14555
11828
11860
14556
11829
11861
14557
11830
11862
14558
11831
11863
14559
11832
11864
14560
11833
11865
14561
11834
11866
14562
11867
14563
11836
11868
14565
11837
11869
14566
11838
11870
14567
11839
11871
14568
11840
11872
14569
11841
11873
14570
11842
11874
14571
11843
11875
14572
11844
11876
14573
11845
11877
14574
11846
11878
14575
11847
11879
14576
11848
11880
14577
11849
11881
14578
11850
11882
14579
11851
11883
14580
11852
11884
14581
11853
11885
14582
11854
11886
14583
11855
11887
14584
11856
11888
14585
11857
11889
14586
11858
11890
14587
11859
11891
14588
11860
11892
14589
11861
11893
14590
11862
11894
14591
11863
11895
14592
11864
11896
14593
11865
11897
14594
11866
11898
14595
11867
11899
14596
11900
14597
11869
11901
14599
11870
11902
14600
11871
11903
14601
11872
11904
14602
11873
11905
14603
11874
11906
14604
11875
11907
14605
11876
11908
14606
11877
11909
14607
11878
11910
14608
11879
11911
14609
11880
11912
14610
11881
11913
14611
11882
11914
14612
11883
11915
14613
11884
11916
14614
11885
11917
14615
11886
11918
14616
11887
11919
14617
11888
11920
14618
11889
11921
14619
11890
11922
14620
11891
11923
14621
11892
11924
14622
11893
11925
14623
11894
11926
14624
11895
11927
14625
11896
11928
14626
11897
11929
14627
11898
11930
14628
11899
11931
14629
11900
11932
14630
11933
14631
11902
11935
14633
11903
11936
14634
11904
11937
14635
11905
11938
14636
11906
11939
14637
11907
11940
14638
11908
11941
14639
11909
11942
14640
11910
11943
14641
11911
11944
14642
11912
11945
14643
11913
11946
14644
11914
11947
14645
11915
11948
14646
11916
11949
14647
11917
11950
14648
11918
11951
14649
11919
11952
14650
11920
11953
14651
11921
11954
14652
11922
11955
14653
11923
11956
14654
11924
11957
14655
11925
11958
14656
11926
11959
14657
11927
11960
14658
11928
11961
14659
11929
11962
14660
11930
11963
14661
11931
11964
14662
11932
11965
14663
11933
11966
14664
11934
11967
14665
11968
14666
11936
11969
14668
11937
11970
14669
11938
11971
14670
11939
11972
14671
11940
11973
14672
11941
11974
14673
11942
11975
14674
11943
11976
14675
11944
11977
14676
11945
11978
14677
11946
11979
14678
11947
11980
14679
11948
11981
14680
11949
11982
14681
11950
11983
14682
11951
11984
14683
11952
11985
14684
11953
11986
14685
11954
11987
14686
11955
11988
14687
11956
11989
14688
11957
11990
14689
11958
11991
14690
11959
11992
14691
11960
11993
14692
11961
11994
14693
11962
11995
14694
11963
11996
14695
11964
11997
14696
11965
11998
14697
11966
11999
14698
11967
12000
14699
11968
12001
14700
12002
14701
11970
12003
14703
11971
12004
14704
11972
12005
14705
11973
12006
14706
11974
12007
14707
11975
12008
14708
11976
12009
14709
11977
12010
14710
11978
12011
14711
11979
12012
14712
11980
12013
14713
11981
12014
14714
11982
12015
14715
11983
12016
14716
11984
12017
14717
11985
12018
14718
11986
12019
14719
11987
12020
14720
11988
12021
14721
11989
12022
14722
11990
12023
14723
11991
12024
14724
11992
12025
14725
11993
12026
14726
11994
12027
14727
11995
12028
14728
11996
12029
14729
11997
12030
14730
11998
12031
14731
11999
12032
14732
12000
12033
14733
12001
12034
14734
12002
12035
14735
12036
14736
12004
12038
14738
12005
12039
14739
12006
12040
14740
12007
12041
14741
12008
12042
14742
12009
12043
14743
12010
12044
14744
12011
12045
14745
12012
12046
14746
12013
12047
14747
12014
12048
14748
12015
12049
14749
12016
12050
14750
12017
12051
14751
12018
12052
14752
12019
12053
14753
12020
12054
14754
12021
12055
14755
12022
12056
14756
12023
12057
14757
12024
12058
14758
12025
12059
14759
12026
12060
14760
12027
12061
14761
12028
12062
14762
12029
12063
14763
12030
12064
14764
12031
12065
14765
12032
12066
14766
12033
12067
14767
12034
12068
14768
12035
12069
14769
12036
12070
14770
12037
12071
14771
12072
14772
12039
12073
14774
12040
12074
14775
12041
12075
14776
12042
12076
14777
12043
12077
14778
12044
12078
14779
12045
12079
14780
12046
12080
14781
12047
12081
14782
12048
12082
14783
12049
12083
14784
12050
12084
14785
12051
12085
14786
12052
12086
14787
12053
12087
14788
12054
12088
14789
12055
12089
14790
12056
12090
14791
12057
12091
14792
12058
12092
14793
12059
12093
14794
12060
12094
14795
12061
12095
14796
12062
12096
14797
12063
12097
14798
12064
12098
14799
12065
12099
14800
12066
12100
14801
12067
12101
14802
12068
12102
14803
12069
12103
14804
12070
12104
14805
12071
12105
14806
12072
12106
14807
12107
14808
12074
12108
14810
12075
12109
14811
12076
12110
14812
12077
12111
14813
12078
12112
14814
12079
12113
14815
12080
12114
14816
12081
12115
14817
12082
12116
14818
12083
12117
14819
12084
12118
14820
12085
12119
14821
12086
12120
14822
12087
12121
14823
12088
12122
14824
12089
12123
14825
12090
12124
14826
12091
12125
14827
12092
12126
14828
12093
12127
14829
12094
12128
14830
12095
12129
14831
12096
12130
14832
12097
12131
14833
12098
12132
14834
12099
12133
14835
12100
12134
14836
12101
12135
14837
12102
12136
14838
12103
12137
14839
12104
12138
14840
12105
12139
14841
12106
12140
14842
12107
12141
14843
12142
14844
12109
12144
14846
12110
12145
14847
12111
12146
14848
12112
12147
14849
12113
12148
14850
12114
12149
14851
12115
12150
14852
12116
12151
14853
12117
12152
14854
12118
12153
14855
12119
12154
14856
12120
12155
14857
12121
12156
14858
12122
12157
14859
12123
12158
14860
12124
12159
14861
12125
12160
14862
12126
12161
14863
12127
12162
14864
12128
12163
14865
12129
12164
14866
12130
12165
14867
12131
12166
14868
12132
12167
14869
12133
12168
14870
12134
12169
14871
12135
12170
14872
12136
12171
14873
12137
12172
14874
12138
12173
14875
12139
12174
14876
12140
12175
14877
12141
12176
14878
12142
12177
14879
12143
12178
14880
12179
14881
12145
12180
14883
12146
12181
14884
12147
12182
14885
12148
12183
14886
12149
12184
14887
12150
12185
14888
12151
12186
14889
12152
12187
14890
12153
12188
14891
12154
12189
14892
12155
12190
14893
12156
12191
14894
12157
12192
14895
12158
12193
14896
12159
12194
14897
12160
12195
14898
12161
12196
14899
12162
12197
14900
12163
12198
14901
12164
12199
14902
12165
12200
14903
12166
12201
14904
12167
12202
14905
12168
12203
14906
12169
12204
14907
12170
12205
14908
12171
12206
14909
12172
12207
14910
12173
12208
14911
12174
12209
14912
12175
12210
14913
12176
12211
14914
12177
12212
14915
12178
12213
14916
12179
12214
14917
12215
14918
12181
12217
14920
12182
12218
14921
12183
12219
14922
12184
12220
14923
12185
12221
14924
12186
12222
14925
12187
12223
14926
12188
12224
14927
12189
12225
14928
12190
12226
14929
12191
12227
14930
12192
12228
14931
12193
12229
14932
12194
12230
14933
12195
12231
14934
12196
12232
14935
12197
12233
14936
12198
12234
14937
12199
12235
14938
12200
12236
14939
12201
12237
14940
12202
12238
14941
12203
12239
14942
12204
12240
14943
12205
12241
14944
12206
12242
14945
12207
12243
14946
12208
12244
14947
12209
12245
14948
12210
12246
14949
12211
12247
14950
12212
12248
14951
12213
12249
14952
12214
12250
14953
12215
12251
14954
12216
12252
14955
12253
14956
12218
12254
14957
12219
12255
14958
12220
12256
14959
12221
12257
14960
12222
12258
14961
12223
12259
14962
12224
12260
14963
12225
12261
14964
12226
12262
14965
12227
12263
14966
12228
12264
14967
12229
12265
14968
12230
12266
14969
12231
12267
14970
12232
12268
14971
12233
12269
14972
12234
12270
14973
12235
12271
14974
12236
12272
14975
12237
12273
14976
12238
12274
14977
12239
12275
14978
12240
12276
14979
12241
12277
14980
12242
12278
14981
12243
12279
14982
12244
12280
14983
12245
12281
14984
12246
12282
14985
12247
12283
14986
12248
12284
14987
12249
12285
14988
12250
12286
14989
12251
12287
14990
12252
12288
14991
12253
12289
14992
12290
14993
12255
12292
14995
12256
12293
14996
12257
12294
14997
12258
12295
14998
12259
12296
14999
12260
12297
15000
12261
12298
15001
12262
12299
15002
12263
12300
15003
12264
12301
15004
12265
12302
15005
12266
12303
15006
12267
12304
15007
12268
12305
15008
12269
12306
15009
12270
12307
15010
12271
12308
15011
12272
12309
15012
12273
12310
15013
12274
12311
15014
12275
12312
15015
12276
12313
15016
12277
12314
15017
12278
12315
15018
12279
12316
15019
12280
12317
15020
12281
12318
15021
12282
12319
15022
12283
12320
15023
12284
12321
15024
12285
12322
15025
12286
12323
15026
12287
12324
15027
12288
12325
15028
12289
12326
15029
12290
12327
15030
12291
12328
15031
12329
15032
12293
12330
15033
12294
12331
15034
12295
12332
15035
12296
12333
15036
12297
12334
15037
12298
12335
15038
12299
12336
15039
12300
12337
15040
12301
12338
15041
12302
12339
15042
12303
12340
15043
12304
12341
15044
12305
12342
15045
12306
12343
15046
12307
12344
15047
12308
12345
15048
12309
12346
15049
12310
12347
15050
12311
12348
15051
12312
12349
15052
12313
12350
15053
12314
12351
15054
12315
12352
15055
12316
12353
15056
12317
12354
15057
12318
12355
15058
12319
12356
15059
12320
12357
15060
12321
12358
15061
12322
12359
15062
12323
12360
15063
12324
12361
15064
12325
12362
15065
12326
12363
15066
12327
12364
15067
12328
12365
15068
12329
12366
15069
12367
15070
12331
12369
15072
12332
12370
15073
12333
12371
15074
12334
12372
15075
12335
12373
15076
12336
12374
15077
12337
12375
15078
12338
12376
15079
12339
12377
15080
12340
12378
15081
12341
12379
15082
12342
12380
15083
12343
12381
15084
12344
12382
15085
12345
12383
15086
12346
12384
15087
12347
12385
15088
12348
12386
15089
12349
12387
15090
12350
12388
15091
12351
12389
15092
12352
12390
15093
12353
12391
15094
12354
12392
15095
12355
12393
15096
12356
12394
15097
12357
12395
15098
12358
12396
15099
12359
12397
15100
12360
12398
15101
12361
12399
15102
12362
12400
15103
12363
12401
15104
12364
12402
15105
12365
12403
15106
12366
12404
15107
12367
12405
15108
12368
12406
15109
12407
15110
12370
12409
15112
12371
12410
15113
12372
12411
15114
12373
12412
15115
12374
12413
15116
12375
12414
15117
12376
12415
15118
12377
12416
15119
12378
12417
15120
12379
12418
15121
12380
12419
15122
12381
12420
15123
12382
12421
15124
12383
12422
15125
12384
12423
15126
12385
12424
15127
12386
12425
15128
12387
12426
15129
12388
12427
15130
12389
12428
15131
12390
12429
15132
12391
12430
15133
12392
12431
15134
12393
12432
15135
12394
12433
15136
12395
12434
15137
12396
12435
15138
12397
12436
15139
12398
12437
15140
12399
12438
15141
12400
12439
15142
12401
12440
15143
12402
12441
15144
12403
12442
15145
12404
12443
15146
12405
12444
15147
12406
12445
15148
12407
12446
15149
12408
12447
15150
12448
15151
12410
12449
15152
12411
12450
15153
12412
12451
15154
12413
12452
15155
12414
12453
15156
12415
12454
15157
12416
12455
15158
12417
12456
15159
12418
12457
15160
12419
12458
15161
12420
12459
15162
12421
12460
15163
12422
12461
15164
12423
12462
15165
12424
12463
15166
12425
12464
15167
12426
12465
15168
12427
12466
15169
12428
12467
15170
12429
12468
15171
12430
12469
15172
12431
12470
15173
12432
12471
15174
12433
12472
15175
12434
12473
15176
12435
12474
15177
12436
12475
15178
12437
12476
15179
12438
12477
15180
12439
12478
15181
12440
12479
15182
12441
12480
15183
12442
12481
15184
12443
12482
15185
12444
12483
15186
12445
12484
15187
12446
12485
15188
12447
12486
15189
12448
12487
15190
12488
15191
12450
15193
12451
12491
15194
12452
12492
15195
12453
12493
15196
12454
12494
15197
12455
12495
15198
12456
12496
15199
12457
12497
15200
12458
12498
15201
12459
12499
15202
12460
12500
15203
12461
12501
15204
12462
12502
15205
12463
12503
15206
12464
12504
15207
12465
12505
15208
12466
12506
15209
12467
12507
15210
12468
12508
15211
12469
12509
15212
12470
12510
15213
12471
12511
15214
12472
12512
15215
12473
12513
15216
12474
12514
15217
12475
12515
15218
12476
12516
15219
12477
12517
15220
12478
12518
15221
12479
12519
15222
12480
12520
15223
12481
12521
15224
12482
12522
15225
12483
12523
15226
12484
12524
15227
12485
12525
15228
12486
12526
15229
12487
12527
15230
12488
12528
15231
12489
12529
15232
12490
12530
15233
12531
15234
12492
12533
15235
12493
12534
15236
12494
12535
15237
12495
12536
15238
12496
12537
15239
12497
12538
15240
12498
12539
15241
12499
12540
15242
12500
12541
15243
12501
12542
15244
12502
12543
15245
12503
12544
15246
12504
12545
15247
12505
12546
15248
12506
12547
15249
12507
12548
15250
12508
12549
15251
12509
12550
15252
12510
12551
15253
12511
12552
15254
12512
12553
15255
12513
12554
15256
12514
12555
15257
12515
12556
15258
12516
12557
15259
12517
12558
15260
12518
12559
15261
12519
12560
15262
12520
12561
15263
12521
12562
15264
12522
12563
15265
12523
12564
15266
12524
12565
15267
12525
12566
15268
12526
12567
15269
12527
12568
15270
12528
12569
15271
12529
12570
15272
12530
12571
15273
12531
12572
15274
12532
12573
15275
12574
15276
12534
12577
15278
12535
12578
15279
12536
12579
15280
12537
12580
15281
12538
12581
15282
12539
12582
15283
12540
12583
15284
12541
12584
15285
12542
12585
15286
12543
12586
15287
12544
12587
15288
12545
12588
15289
12546
12589
15290
12547
12590
15291
12548
12591
15292
12549
12592
15293
12550
12593
15294
12551
12594
15295
12552
12595
15296
12553
12596
15297
12554
12597
15298
12555
12598
15299
12556
12599
15300
12557
12600
15301
12558
12601
15302
12559
12602
15303
12560
12603
15304
12561
12604
15305
12562
12605
15306
12563
12606
15307
12564
12607
15308
12565
12608
15309
12566
12609
15310
12567
12610
15311
12568
12611
15312
12569
12612
15313
12570
12613
15314
12571
12614
15315
12572
12615
15316
12573
12616
15317
12574
12617
15318
12575
12618
15319
12576
12619
15320
12620
15321
12578
12579
12624
15322
12580
12625
15323
12581
12626
15324
12582
12627
15325
12583
12628
15326
12584
12629
15327
12585
12630
15328
12586
12631
15329
12587
12632
15330
12588
12633
15331
12589
12634
15332
12590
12635
15333
12591
12636
15334
12592
12637
15335
12593
12638
15336
12594
12639
15337
12595
12640
15338
12596
12641
15339
12597
12642
15340
12598
12643
15341
12599
12644
15342
12600
12645
15343
12601
12646
15344
12602
12647
15345
12603
12648
15346
12604
12649
15347
12605
12650
15348
12606
12651
15349
12607
12652
15350
12608
12653
15351
12609
12654
15352
12610
12655
15353
12611
12656
15354
12612
12657
15355
12613
12658
15356
12614
12659
15357
12615
12660
15358
12616
12661
15359
12617
12662
15360
12618
12663
15361
12619
12664
15362
12620
12665
15363
12621
12666
15364
12622
12667
15365
12623
12668
15366
12669
15367
12625
12671
15368
12626
12672
15369
12627
12673
15370
12628
12674
15371
12629
12675
15372
12630
12676
15373
12631
12677
15374
12632
12678
15375
12633
12679
15376
12634
12680
15377
12635
12681
15378
12636
12682
15379
12637
12683
15380
12638
12684
15381
12639
12685
15382
12640
12686
15383
12641
12687
15384
12642
12688
15385
12643
12689
15386
12644
12690
15387
12645
12691
15388
12646
12692
15389
12647
12693
15390
12648
12694
15391
12649
12695
15392
12650
12696
15393
12651
12697
15394
12652
12698
15395
12653
12699
15396
12654
12700
15397
12655
12701
15398
12656
12702
15399
12657
12703
15400
12658
12704
15401
12659
12705
15402
12660
12706
15403
12661
12707
15404
12662
12708
15405
12663
12709
15406
12664
12710
15407
12665
12711
15408
12666
12712
15409
12667
12713
15410
12668
12714
15411
12669
12715
15412
12716
15413
12671
12717
12672
12718
15414
12673
12719
15415
12674
12720
15416
12675
12721
15417
12676
12722
15418
12677
12723
15419
12678
12724
15420
12679
12725
15421
12680
12726
15422
12681
12727
15423
12682
12728
15424
12683
12729
15425
12684
12730
15426
12685
12731
15427
12686
12732
15428
12687
12733
15429
12688
12734
15430
12689
12735
15431
12690
12736
15432
12691
12737
15433
12692
12738
15434
12693
12739
15435
12694
12740
15436
12695
12741
15437
12696
12742
15438
12697
12743
15439
12698
12744
15440
12699
12745
15441
12700
12746
15442
12701
12747
15443
12702
12748
15444
12703
12749
15445
12704
12750
15446
12705
12751
15447
12706
12752
15448
12707
12753
15449
12708
12754
15450
12709
12755
15451
12710
12756
15452
12711
12757
15453
12712
12758
15454
12713
12759
15455
12714
12760
15456
12715
12761
15457
12716
12762
15458
12763
15459
12718
12764
12719
12765
15460
12720
12766
15461
12721
12767
15462
12722
12768
15463
12723
12769
15464
12724
12770
15465
12725
12771
15466
12726
12772
15467
12727
12773
15468
12728
12774
15469
12729
12775
15470
12730
12776
15471
12731
12777
15472
12732
12778
15473
12733
12779
15474
12734
12780
15475
12735
12781
15476
12736
12782
15477
12737
12783
15478
12738
12784
15479
12739
12785
15480
12740
12786
15481
12741
12787
15482
12742
12788
15483
12743
12789
15484
12744
12790
15485
12745
12791
15486
12746
12792
15487
12747
12793
15488
12748
12794
15489
12749
12795
15490
12750
12796
15491
12751
12797
15492
12752
12798
15493
12753
12799
15494
12754
12800
15495
12755
12801
15496
12756
12802
15497
12757
12803
15498
12758
12804
15499
12759
12805
15500
12760
12806
15501
12761
12807
15502
12762
12808
15503
12763
12809
15504
12810
15505
12765
12811
12766
12812
15506
12767
12813
15507
12768
12814
15508
12769
12815
15509
12770
12816
15510
12771
12817
15511
12772
12818
15512
12773
12819
15513
12774
12820
15514
12775
12821
15515
12776
12822
15516
12777
12823
15517
12778
12824
15518
12779
12825
15519
12780
12826
15520
12781
12827
15521
12782
12828
15522
12783
12829
15523
12784
12830
15524
12785
12831
15525
12786
12832
15526
12787
12833
15527
12788
12834
15528
12789
12835
15529
12790
12836
15530
12791
12837
15531
12792
12838
15532
12793
12839
15533
12794
12840
15534
12795
12841
15535
12796
12842
15536
12797
12843
15537
12798
12844
15538
12799
12845
15539
12800
12846
15540
12801
12847
15541
12802
12848
15542
12803
12849
15543
12804
12850
15544
12805
12851
15545
12806
12852
15546
12807
12853
15547
12808
12854
15548
12809
12855
15549
12810
12856
15550
12857
15551
12812
12858
12813
12859
15552
12814
12860
15553
12815
12861
15554
12816
12862
15555
12817
12863
15556
12818
12864
15557
12819
12865
15558
12820
12866
15559
12821
12867
15560
12822
12868
15561
12823
12869
15562
12824
12870
15563
12825
12871
15564
12826
12872
15565
12827
12873
15566
12828
12874
15567
12829
12875
15568
12830
12876
15569
12831
12877
15570
12832
12878
15571
12833
12879
15572
12834
12880
15573
12835
12881
15574
12836
12882
15575
12837
12883
15576
12838
12884
15577
12839
12885
15578
12840
12886
15579
12841
12887
15580
12842
12888
15581
12843
12889
15582
12844
12890
15583
12845
12891
15584
12846
12892
15585
12847
12893
15586
12848
12894
15587
12849
12895
15588
12850
12896
15589
12851
12897
15590
12852
12898
15591
12853
12899
15592
12854
12900
15593
12855
12901
15594
12856
12902
15595
12857
12903
15596
12904
15597
12859
12905
12860
12906
15598
12861
12907
15599
12862
12908
15600
12863
12909
15601
12864
12910
15602
12865
12911
15603
12866
12912
15604
12867
12913
15605
12868
12914
15606
12869
12915
15607
12870
12916
15608
12871
12917
15609
12872
12918
15610
12873
12919
15611
12874
12920
15612
12875
12921
15613
12876
12922
15614
12877
12923
15615
12878
12924
15616
12879
12925
15617
12880
12926
15618
12881
12927
15619
12882
12928
15620
12883
12929
15621
12884
12930
15622
12885
12931
15623
12886
12932
15624
12887
12933
15625
12888
12934
15626
12889
12935
15627
12890
12936
15628
12891
12937
15629
12892
12938
15630
12893
12939
15631
12894
12940
15632
12895
12941
15633
12896
12942
15634
12897
12943
15635
12898
12944
15636
12899
12945
15637
12900
12946
15638
12901
12947
15639
12902
12948
15640
12903
12949
15641
12904
12950
15642
12951
15643
12906
12952
12907
12953
15644
12908
12954
15645
12909
12955
15646
12910
12956
15647
12911
12957
15648
12912
12958
15649
12913
12959
15650
12914
12960
15651
12915
12961
15652
12916
12962
15653
12917
12963
15654
12918
12964
15655
12919
12965
15656
12920
12966
15657
12921
12967
15658
12922
12968
15659
12923
12969
15660
12924
12970
15661
12925
12971
15662
12926
12972
15663
12927
12973
15664
12928
12974
15665
12929
12975
15666
12930
12976
15667
12931
12977
15668
12932
12978
15669
12933
12979
15670
12934
12980
15671
12935
12981
15672
12936
12982
15673
12937
12983
15674
12938
12984
15675
12939
12985
15676
12940
12986
15677
12941
12987
15678
12942
12988
15679
12943
12989
15680
12944
12990
15681
12945
12991
15682
12946
12992
15683
12947
12993
15684
12948
12994
15685
12949
12995
15686
12950
12996
15687
12951
12997
15688
12998
15689
12953
12999
12954
13000
15690
12955
13001
15691
12956
13002
15692
12957
13003
15693
12958
13004
15694
12959
13005
15695
12960
13006
15696
12961
13007
15697
12962
13008
15698
12963
13009
15699
12964
13010
15700
12965
13011
15701
12966
13012
15702
12967
13013
15703
12968
13014
15704
12969
13015
15705
12970
13016
15706
12971
13017
15707
12972
13018
15708
12973
13019
15709
12974
13020
15710
12975
13021
15711
12976
13022
15712
12977
13023
15713
12978
13024
15714
12979
13025
15715
12980
13026
15716
12981
13027
15717
12982
13028
15718
12983
13029
15719
12984
13030
15720
12985
13031
15721
12986
13032
15722
12987
13033
15723
12988
13034
15724
12989
13035
15725
12990
13036
15726
12991
13037
15727
12992
13038
15728
12993
13039
15729
12994
13040
15730
12995
13041
15731
12996
13042
15732
12997
13043
15733
12998
13044
15734
13045
15735
13000
13046
13001
13047
15736
13002
13048
15737
13003
13049
15738
13004
13050
15739
13005
13051
15740
13006
13052
15741
13007
13053
15742
13008
13054
15743
13009
13055
15744
13010
13056
15745
13011
13057
15746
13012
13058
15747
13013
13059
15748
13014
13060
15749
13015
13061
15750
13016
13062
15751
13017
13063
15752
13018
13064
15753
13019
13065
15754
13020
13066
15755
13021
13067
15756
13022
13068
15757
13023
13069
15758
13024
13070
15759
13025
13071
15760
13026
13072
15761
13027
13073
15762
13028
13074
15763
13029
13075
15764
13030
13076
15765
13031
13077
15766
13032
13078
15767
13033
13079
15768
13034
13080
15769
13035
13081
15770
13036
13082
15771
13037
13083
15772
13038
13084
15773
13039
13085
15774
13040
13086
15775
13041
13087
15776
13042
13088
15777
13043
13089
15778
13044
13090
15779
13045
13091
15780
13092
15781
13047
13093
13048
13094
15782
13049
13095
15783
13050
13096
15784
13051
13097
15785
13052
13098
15786
13053
13099
15787
13054
13100
15788
13055
13101
15789
13056
13102
15790
13057
13103
15791
13058
13104
15792
13059
13105
15793
13060
13106
15794
13061
13107
15795
13062
13108
15796
13063
13109
15797
13064
13110
15798
13065
13111
15799
13066
13112
15800
13067
13113
15801
13068
13114
15802
13069
13115
15803
13070
13116
15804
13071
13117
15805
13072
13118
15806
13073
13119
15807
13074
13120
15808
13075
13121
15809
13076
13122
15810
13077
13123
15811
13078
13124
15812
13079
13125
15813
13080
13126
15814
13081
13127
15815
13082
13128
15816
13083
13129
15817
13084
13130
15818
13085
13131
15819
13086
13132
15820
13087
13133
15821
13088
13134
15822
13089
13135
15823
13090
13136
15824
13091
13137
15825
13092
13138
15826
13139
15827
13094
13140
13095
13141
15828
13096
13142
15829
13097
13143
15830
13098
13144
15831
13099
13145
15832
13100
13146
15833
13101
13147
15834
13102
13148
15835
13103
13149
15836
13104
13150
15837
13105
13151
15838
13106
13152
15839
13107
13153
15840
13108
13154
15841
13109
13155
15842
13110
13156
15843
13111
13157
15844
13112
13158
15845
13113
13159
15846
13114
13160
15847
13115
13161
15848
13116
13162
15849
13117
13163
15850
13118
13164
15851
13119
13165
15852
13120
13166
15853
13121
13167
15854
13122
13168
15855
13123
13169
15856
13124
13170
15857
13125
13171
15858
13126
13172
15859
13127
13173
15860
13128
13174
15861
13129
13175
15862
13130
13176
15863
13131
13177
15864
13132
13178
15865
13133
13179
15866
13134
13180
15867
13135
13181
15868
13136
13182
15869
13137
13183
15870
13138
13184
15871
13139
13185
15872
13186
15873
13141
13187
13142
13188
15874
13143
13189
15875
13144
13190
15876
13145
13191
15877
13146
13192
15878
13147
13193
15879
13148
13194
15880
13149
13195
15881
13150
13196
15882
13151
13197
15883
13152
13198
15884
13153
13199
15885
13154
13200
15886
13155
13201
15887
13156
13202
15888
13157
13203
15889
13158
13204
15890
13159
13205
15891
13160
13206
15892
13161
13207
15893
13162
13208
15894
13163
13209
15895
13164
13210
15896
13165
13211
15897
13166
13212
15898
13167
13213
15899
13168
13214
15900
13169
13215
15901
13170
13216
15902
13171
13217
15903
13172
13218
15904
13173
13219
15905
13174
13220
15906
13175
13221
15907
13176
13222
15908
13177
13223
15909
13178
13224
15910
13179
13225
15911
13180
13226
15912
13181
13227
15913
13182
13228
15914
13183
13229
15915
13184
13230
15916
13185
13231
15917
13186
13232
15918
13233
15919
13188
13234
13189
13235
15920
13190
13236
15921
13191
13237
15922
13192
13238
15923
13193
13239
15924
13194
13240
15925
13195
13241
15926
13196
13242
15927
13197
13243
15928
13198
13244
15929
13199
13245
15930
13200
13246
15931
13201
13247
15932
13202
13248
15933
13203
13249
15934
13204
13250
15935
13205
13251
15936
13206
13252
15937
13207
13253
15938
13208
13254
15939
13209
13255
15940
13210
13256
15941
13211
13257
15942
13212
13258
15943
13213
13259
15944
13214
13260
15945
13215
13261
15946
13216
13262
15947
13217
13263
15948
13218
13264
15949
13219
13265
15950
13220
13266
15951
13221
13267
15952
13222
13268
15953
13223
13269
15954
13224
13270
15955
13225
13271
15956
13226
13272
15957
13227
13273
15958
13228
13274
15959
13229
13275
15960
13230
13276
15961
13231
13277
15962
13232
13278
15963
13233
13279
15964
13280
15965
13235
13281
13236
13282
15966
13237
13283
15967
13238
13284
15968
13239
13285
15969
13240
13286
15970
13241
13287
15971
13242
13288
15972
13243
13289
15973
13244
13290
15974
13245
13291
15975
13246
13292
15976
13247
13293
15977
13248
13294
15978
13249
13295
15979
13250
13296
15980
13251
13297
15981
13252
13298
15982
13253
13299
15983
13254
13300
15984
13255
13301
15985
13256
13302
15986
13257
13303
15987
13258
13304
15988
13259
13305
15989
13260
13306
15990
13261
13307
15991
13262
13308
15992
13263
13309
15993
13264
13310
15994
13265
13311
15995
13266
13312
15996
13267
13313
15997
13268
13314
15998
13269
13315
15999
13270
13316
16000
13271
13317
16001
13272
13318
16002
13273
13319
16003
13274
13320
16004
13275
13321
16005
13276
13322
16006
13277
13323
16007
13278
13324
16008
13279
13325
16009
13280
13326
16010
13327
16011
13282
13328
13283
13329
16012
13284
13330
16013
13285
13331
16014
13286
13332
16015
13287
13333
16016
13288
13334
16017
13289
13335
16018
13290
13336
16019
13291
13337
16020
13292
13338
16021
13293
13339
16022
13294
13340
16023
13295
13341
16024
13296
13342
16025
13297
13343
16026
13298
13344
16027
13299
13345
16028
13300
13346
16029
13301
13347
16030
13302
13348
16031
13303
13349
16032
13304
13350
16033
13305
13351
16034
13306
13352
16035
13307
13353
16036
13308
13354
16037
13309
13355
16038
13310
13356
16039
13311
13357
16040
13312
13358
16041
13313
13359
16042
13314
13360
16043
13315
13361
16044
13316
13362
16045
13317
13363
16046
13318
13364
16047
13319
13365
16048
13320
13366
16049
13321
13367
16050
13322
13368
16051
13323
13369
16052
13324
13370
16053
13325
13371
16054
13326
13372
16055
13327
13373
16056
13374
16057
13329
13375
13330
13376
16058
13331
13377
16059
13332
13378
16060
13333
13379
16061
13334
13380
16062
13335
13381
16063
13336
13382
16064
13337
13383
16065
13338
13384
16066
13339
13385
16067
13340
13386
16068
13341
13387
16069
13342
13388
16070
13343
13389
16071
13344
13390
16072
13345
13391
16073
13346
13392
16074
13347
13393
16075
13348
13394
16076
13349
13395
16077
13350
13396
16078
13351
13397
16079
13352
13398
16080
13353
13399
16081
13354
13400
16082
13355
13401
16083
13356
13402
16084
13357
13403
16085
13358
13404
16086
13359
13405
16087
13360
13406
16088
13361
13407
16089
13362
13408
16090
13363
13409
16091
13364
13410
16092
13365
13411
16093
13366
13412
16094
13367
13413
16095
13368
13414
16096
13369
13415
16097
13370
13416
16098
13371
13417
16099
13372
13418
16100
13373
13419
16101
13374
13420
16102
13421
16103
13376
13422
13377
13423
16104
13378
13424
16105
13379
13425
16106
13380
13426
16107
13381
13427
16108
13382
13428
16109
13383
13429
16110
13384
13430
16111
13385
13431
16112
13386
13432
16113
13387
13433
16114
13388
13434
16115
13389
13435
16116
13390
13436
16117
13391
13437
16118
13392
13438
16119
13393
13439
16120
13394
13440
16121
13395
13441
16122
13396
13442
16123
13397
13443
16124
13398
13444
16125
13399
13445
16126
13400
13446
16127
13401
13447
16128
13402
13448
16129
13403
13449
16130
13404
13450
16131
13405
13451
16132
13406
13452
16133
13407
13453
16134
13408
13454
16135
13409
13455
16136
13410
13456
16137
13411
13457
16138
13412
13458
16139
13413
13459
16140
13414
13460
16141
13415
13461
16142
13416
13462
16143
13417
13463
16144
13418
13464
16145
13419
13465
16146
13420
13466
16147
13421
13467
16148
13468
16149
13423
13469
16150
13424
13470
16151
13425
13471
16152
13426
13472
16153
13427
13473
16154
13428
13474
16155
13429
13475
16156
13430
13476
16157
13431
13477
16158
13432
13478
16159
13433
13479
16160
13434
13480
16161
13435
13481
16162
13436
13482
16163
13437
13483
16164
13438
13484
16165
13439
13485
16166
13440
13486
16167
13441
13487
16168
13442
13488
16169
13443
13489
16170
13444
13490
16171
13445
13491
16172
13446
13492
16173
13447
13493
16174
13448
13494
16175
13449
13495
16176
13450
13496
16177
13451
13497
16178
13452
13498
16179
13453
13499
16180
13454
13500
16181
13455
13501
16182
13456
13502
16183
13457
13503
16184
13458
13504
16185
13459
13505
16186
13460
13506
16187
13461
13507
16188
13462
13508
16189
13463
13509
16190
13464
13510
16191
13465
13511
16192
13466
13512
16193
13467
13513
16194
13468
13514
16195
13515
16196
13470
13516
16197
13471
13517
16198
13472
13518
16199
13473
13519
16200
13474
13520
16201
13475
13521
16202
13476
13522
16203
13477
13523
16204
13478
13524
16205
13479
13525
16206
13480
13526
16207
13481
13527
16208
13482
13528
16209
13483
13529
16210
13484
13530
16211
13485
13531
16212
13486
13532
16213
13487
13533
16214
13488
13534
16215
13489
13535
16216
13490
13536
16217
13491
13537
16218
13492
13538
16219
13493
13539
16220
13494
13540
16221
13495
13541
16222
13496
13542
16223
13497
13543
16224
13498
13544
16225
13499
13545
16226
13500
13546
16227
13501
13547
16228
13502
13548
16229
13503
13549
16230
13504
13550
16231
13505
13551
16232
13506
13552
16233
13507
13553
16234
13508
13554
16235
13509
13555
16236
13510
13556
16237
13511
13557
16238
13512
13558
16239
13513
13559
16240
13514
13560
16241
13515
13561
16242
13562
16243
13517
13563
16244
13518
13564
16245
13519
13565
16246
13520
13566
16247
13521
13567
16248
13522
13568
16249
13523
13569
16250
13524
13570
16251
13525
13571
16252
13526
13572
16253
13527
13573
16254
13528
13574
16255
13529
13575
16256
13530
13576
16257
13531
13577
16258
13532
13578
16259
13533
13579
16260
13534
13580
16261
13535
13581
16262
13536
13582
16263
13537
13583
16264
13538
13584
16265
13539
13585
16266
13540
13586
16267
13541
13587
16268
13542
13588
16269
13543
13589
16270
13544
13590
16271
13545
13591
16272
13546
13592
16273
13547
13593
16274
13548
13594
16275
13549
13595
16276
13550
13596
16277
13551
13597
16278
13552
13598
16279
13553
13599
16280
13554
13600
16281
13555
13601
16282
13556
13602
16283
13557
13603
16284
13558
13604
16285
13559
13605
16286
13560
13606
16287
13561
13607
16288
13562
13608
16289
13609
16290
13564
13610
16291
13565
13611
16292
13566
13612
16293
13567
13613
16294
13568
13614
16295
13569
13615
16296
13570
13616
16297
13571
13617
16298
13572
13618
16299
13573
13619
16300
13574
13620
16301
13575
13621
16302
13576
13622
16303
13577
13623
16304
13578
13624
16305
13579
13625
16306
13580
13626
16307
13581
13627
16308
13582
13628
16309
13583
13629
16310
13584
13630
16311
13585
13631
16312
13586
13632
16313
13587
13633
16314
13588
13634
16315
13589
13635
16316
13590
13636
16317
13591
13637
16318
13592
13638
16319
13593
13639
16320
13594
13640
16321
13595
13641
16322
13596
13642
16323
13597
13643
16324
13598
13644
16325
13599
13645
16326
13600
13646
16327
13601
13647
16328
13602
13648
16329
13603
13649
16330
13604
13650
16331
13605
13651
16332
13606
13652
16333
13607
13653
16334
13608
13654
16335
13609
13655
16336
13656
16337
13611
13658
16338
13612
13659
16339
13613
13660
16340
13614
13661
16341
13615
13662
16342
13616
13663
16343
13617
13664
16344
13618
13665
16345
13619
13666
16346
13620
13667
16347
13621
13668
16348
13622
13669
16349
13623
13670
16350
13624
13671
16351
13625
13672
16352
13626
13673
16353
13627
13674
16354
13628
13675
16355
13629
13676
16356
13630
13677
16357
13631
13678
16358
13632
13679
16359
13633
13680
16360
13634
13681
16361
13635
13682
16362
13636
13683
16363
13637
13684
16364
13638
13685
16365
13639
13686
16366
13640
13687
16367
13641
13688
16368
13642
13689
16369
13643
13690
16370
13644
13691
16371
13645
13692
16372
13646
13693
16373
13647
13694
16374
13648
13695
16375
13649
13696
16376
13650
13697
16377
13651
13698
16378
13652
13699
16379
13653
13700
16380
13654
13701
16381
13655
13702
16382
13656
13703
16383
13704
16384
13658
13705
13659
13706
16385
13660
13707
16386
13661
13708
16387
13662
13709
16388
13663
13710
16389
13664
13711
16390
13665
13712
16391
13666
13713
16392
13667
13714
16393
13668
13715
16394
13669
13716
16395
13670
13717
16396
13671
13718
16397
13672
13719
16398
13673
13720
16399
13674
13721
16400
13675
13722
16401
13676
13723
16402
13677
13724
16403
13678
13725
16404
13679
13726
16405
13680
13727
16406
13681
13728
16407
13682
13729
16408
13683
13730
16409
13684
13731
16410
13685
13732
16411
13686
13733
16412
13687
13734
16413
13688
13735
16414
13689
13736
16415
13690
13737
16416
13691
13738
16417
13692
13739
16418
13693
13740
16419
13694
13741
16420
13695
13742
16421
13696
13743
16422
13697
13744
16423
13698
13745
16424
13699
13746
16425
13700
13747
16426
13701
13748
16427
13702
13749
16428
13703
13750
16429
13704
13751
16430
13752
16431
13706
13753
16432
13707
13754
16433
13708
13755
16434
13709
13756
16435
13710
13757
16436
13711
13758
16437
13712
13759
16438
13713
13760
16439
13714
13761
16440
13715
13762
16441
13716
13763
16442
13717
13764
16443
13718
13765
16444
13719
13766
16445
13720
13767
16446
13721
13768
16447
13722
13769
16448
13723
13770
16449
13724
13771
16450
13725
13772
16451
13726
13773
16452
13727
13774
16453
13728
13775
16454
13729
13776
16455
13730
13777
16456
13731
13778
16457
13732
13779
16458
13733
13780
16459
13734
13781
16460
13735
13782
16461
13736
13783
16462
13737
13784
16463
13738
13785
16464
13739
13786
16465
13740
13787
16466
13741
13788
16467
13742
13789
16468
13743
13790
16469
13744
13791
16470
13745
13792
16471
13746
13793
16472
13747
13794
16473
13748
13795
16474
13749
13796
16475
13750
13797
16476
13751
13798
16477
13752
13799
16478
13800
16479
13754
13801
16480
13755
13802
16481
13756
13803
16482
13757
13804
16483
13758
13805
16484
13759
13806
16485
13760
13807
16486
13761
13808
16487
13762
13809
16488
13763
13810
16489
13764
13811
16490
13765
13812
16491
13766
13813
16492
13767
13814
16493
13768
13815
16494
13769
13816
16495
13770
13817
16496
13771
13818
16497
13772
13819
16498
13773
13820
16499
13774
13821
16500
13775
13822
16501
13776
13823
16502
13777
13824
16503
13778
13825
16504
13779
13826
16505
13780
13827
16506
13781
13828
16507
13782
13829
16508
13783
13830
16509
13784
13831
16510
13785
13832
16511
13786
13833
16512
13787
13834
16513
13788
13835
16514
13789
13836
16515
13790
13837
16516
13791
13838
16517
13792
13839
16518
13793
13840
16519
13794
13841
16520
13795
13842
16521
13796
13843
16522
13797
13844
16523
13798
13845
16524
13799
13846
16525
13800
13847
16526
13848
16527
13802
13849
16528
13803
13850
16529
13804
13851
16530
13805
13852
16531
13806
13853
16532
13807
13854
16533
13808
13855
16534
13809
13856
16535
13810
13857
16536
13811
13858
16537
13812
13859
16538
13813
13860
16539
13814
13861
16540
13815
13862
16541
13816
13863
16542
13817
13864
16543
13818
13865
16544
13819
13866
16545
13820
13867
16546
13821
13868
16547
13822
13869
16548
13823
13870
16549
13824
13871
16550
13825
13872
16551
13826
13873
16552
13827
13874
16553
13828
13875
16554
13829
13876
16555
13830
13877
16556
13831
13878
16557
13832
13879
16558
13833
13880
16559
13834
13881
16560
13835
13882
16561
13836
13883
16562
13837
13884
16563
13838
13885
16564
13839
13886
16565
13840
13887
16566
13841
13888
16567
13842
13889
16568
13843
13890
16569
13844
13891
16570
13845
13892
16571
13846
13893
16572
13847
13894
16573
13848
13895
16574
13896
16575
13850
13897
16576
13851
13898
16577
13852
13899
16578
13853
13900
16579
13854
13901
16580
13855
13902
16581
13856
13903
16582
13857
13904
16583
13858
13905
16584
13859
13906
16585
13860
13907
16586
13861
13908
16587
13862
13909
16588
13863
13910
16589
13864
13911
16590
13865
13912
16591
13866
13913
16592
13867
13914
16593
13868
13915
16594
13869
13916
16595
13870
13917
16596
13871
13918
16597
13872
13919
16598
13873
13920
16599
13874
13921
16600
13875
13922
16601
13876
13923
16602
13877
13924
16603
13878
13925
16604
13879
13926
16605
13880
13927
16606
13881
13928
16607
13882
13929
16608
13883
13930
16609
13884
13931
16610
13885
13932
16611
13886
13933
16612
13887
13934
16613
13888
13935
16614
13889
13936
16615
13890
13937
16616
13891
13938
16617
13892
13939
16618
13893
13940
16619
13894
13941
16620
13895
13942
16621
13896
13943
16622
13944
16623
13898
13945
16624
13899
13946
16625
13900
13947
16626
13901
13948
16627
13902
13949
16628
13903
13950
16629
13904
13951
16630
13905
13952
16631
13906
13953
16632
13907
13954
16633
13908
13955
16634
13909
13956
16635
13910
13957
16636
13911
13958
16637
13912
13959
16638
13913
13960
16639
13914
13961
16640
13915
13962
16641
13916
13963
16642
13917
13964
16643
13918
13965
16644
13919
13966
16645
13920
13967
16646
13921
13968
16647
13922
13969
16648
13923
13970
16649
13924
13971
16650
13925
13972
16651
13926
13973
16652
13927
13974
16653
13928
13975
16654
13929
13976
16655
13930
13977
16656
13931
13978
16657
13932
13979
16658
13933
13980
16659
13934
13981
16660
13935
13982
16661
13936
13983
16662
13937
13984
16663
13938
13985
16664
13939
13986
16665
13940
13987
16666
13941
13988
16667
13942
13989
16668
13943
13990
16669
13944
13991
16670
13992
16671
13946
13993
16672
13947
13994
16673
13948
13995
16674
13949
13996
16675
13950
13997
16676
13951
13998
16677
13952
13999
16678
13953
14000
16679
13954
14001
16680
13955
14002
16681
13956
14003
16682
13957
14004
16683
13958
14005
16684
13959
14006
16685
13960
14007
16686
13961
14008
16687
13962
14009
16688
13963
14010
16689
13964
14011
16690
13965
14012
16691
13966
14013
16692
13967
14014
16693
13968
14015
16694
13969
14016
16695
13970
14017
16696
13971
14018
16697
13972
14019
16698
13973
14020
16699
13974
14021
16700
13975
14022
16701
13976
14023
16702
13977
14024
16703
13978
14025
16704
13979
14026
16705
13980
14027
16706
13981
14028
16707
13982
14029
16708
13983
14030
16709
13984
14031
16710
13985
14032
16711
13986
14033
16712
13987
14034
16713
13988
14035
16714
13989
14036
16715
13990
14037
16716
13991
14038
16717
13992
14039
16718
14040
16719
13994
14041
16720
13995
14042
16721
13996
14043
16722
13997
14044
16723
13998
14045
16724
13999
14046
16725
14000
14047
16726
14001
14048
16727
14002
14049
16728
14003
14050
16729
14004
14051
16730
14005
14052
16731
14006
14053
16732
14007
14054
16733
14008
14055
16734
14009
14056
16735
14010
14057
16736
14011
14058
16737
14012
14059
16738
14013
14060
16739
14014
14061
16740
14015
14062
16741
14016
14063
16742
14017
14064
16743
14018
14065
16744
14019
14066
16745
14020
14067
16746
14021
14068
16747
14022
14069
16748
14023
14070
16749
14024
14071
16750
14025
14072
16751
14026
14073
16752
14027
14074
16753
14028
14075
16754
14029
14076
16755
14030
14077
16756
14031
14078
16757
14032
14079
16758
14033
14080
16759
14034
14081
16760
14035
14082
16761
14036
14083
16762
14037
14084
16763
14038
14085
16764
14039
14086
16765
14040
14087
16766
14088
16767
14042
14089
16768
14043
14090
16769
14044
14091
16770
14045
14092
16771
14046
14093
16772
14047
14094
16773
14048
14095
16774
14049
14096
16775
14050
14097
16776
14051
14098
16777
14052
14099
16778
14053
14100
16779
14054
14101
16780
14055
14102
16781
14056
14103
16782
14057
14104
16783
14058
14105
16784
14059
14106
16785
14060
14107
16786
14061
14108
16787
14062
14109
16788
14063
14110
16789
14064
14111
16790
14065
14112
16791
14066
14113
16792
14067
14114
16793
14068
14115
16794
14069
14116
16795
14070
14117
16796
14071
14118
16797
14072
14119
16798
14073
14120
16799
14074
14121
16800
14075
14122
16801
14076
14123
16802
14077
14124
16803
14078
14125
16804
14079
14126
16805
14080
14127
16806
14081
14128
16807
14082
14129
16808
14083
14130
16809
14084
14131
16810
14085
14132
16811
14086
14133
16812
14087
14134
16813
14088
14135
16814
14136
16815
14090
16816
14091
16817
14092
16818
14093
16819
14094
16820
14095
16821
14096
16822
14097
16823
14098
16824
14099
16825
14100
16826
14101
16827
14102
16828
14103
16829
14104
16830
14105
16831
14106
16832
14107
16833
14108
16834
14109
16835
14110
16836
14111
16837
14112
16838
14113
16839
14114
16840
14115
16841
14116
16842
14117
16843
14118
16844
14119
16845
14120
16846
14121
16847
14122
16848
14123
16849
14124
16850
14125
16851
14126
16852
14127
16853
14128
16854
14129
16855
14130
16856
14131
16857
14132
16858
14133
16859
14134
16860
14135
16861
14136
16862
16863
14138
14145
16816
16864
14139
14146
16865
14140
14147
16866
14141
14148
16867
14142
14149
16868
14143
14150
16869
14144
14151
16870
16871
14146
14152
16768
16872
14147
14153
16873
14148
14154
16874
14149
14155
16875
14150
14156
16876
14151
14157
16877
14158
16878
14153
14159
16720
16879
14154
14160
16880
14155
14161
16881
14156
14162
16882
14157
14163
16883
14158
14164
16884
16885
14160
14165
16672
16886
14161
14166
16887
14162
14167
16888
14163
14168
16889
14164
16890
14166
14169
16624
16891
14167
14170
16892
14168
14171
16893
16894
14170
14172
16576
16895
14171
14173
16896
16897
14173
14174
16528
16898
16899
16480
16900
14176
14197
16924
14177
14198
16925
14178
14199
16926
14179
14200
16927
14180
14201
16928
14181
14202
16929
14182
14203
16930
14183
14204
16931
14184
14205
16932
14185
14206
16933
14186
14207
16934
14187
14208
16935
14188
14209
16936
14189
14210
16937
14190
14211
16938
14191
14212
16939
14192
14213
16940
14193
14214
16941
14194
14215
16942
14195
14216
16943
14196
14217
16944
14218
16945
14198
14222
16950
14199
14223
16951
14200
14224
16952
14201
14225
16953
14202
14226
16954
14203
14227
16955
14204
14228
16956
14205
14229
16957
14206
14230
16958
14207
14231
16959
14208
14232
16960
14209
14233
16961
14210
14234
16962
14211
14235
16963
14212
14236
16964
14213
14237
16965
14214
14238
16966
14215
14239
16967
14216
14240
16968
14217
14241
16969
14218
14242
16970
14219
14243
16971
14220
14244
16972
14221
14245
16973
14246
16974
14223
14249
16977
14224
14250
16978
14225
14251
16979
14226
14252
16980
14227
14253
16981
14228
14254
16982
14229
14255
16983
14230
14256
16984
14231
14257
16985
14232
14258
16986
14233
14259
16987
14234
14260
16988
14235
14261
16989
14236
14262
16990
14237
14263
16991
14238
14264
16992
14239
14265
16993
14240
14266
16994
14241
14267
16995
14242
14268
16996
14243
14269
16997
14244
14270
16998
14245
14271
16999
14246
14272
17000
14247
14273
17001
14248
14274
17002
14275
17003
14250
14277
17006
14251
14278
17007
14252
14279
17008
14253
14280
17009
14254
14281
17010
14255
14282
17011
14256
14283
17012
14257
14284
17013
14258
14285
17014
14259
14286
17015
14260
14287
17016
14261
14288
17017
14262
14289
17018
14263
14290
17019
14264
14291
17020
14265
14292
17021
14266
14293
17022
14267
14294
17023
14268
14295
17024
14269
14296
17025
14270
14297
17026
14271
14298
17027
14272
14299
17028
14273
14300
17029
14274
14301
17030
14275
14302
17031
14276
14303
17032
14304
17033
14278
14306
17036
14279
14307
17037
14280
14308
17038
14281
14309
17039
14282
14310
17040
14283
14311
17041
14284
14312
17042
14285
14313
17043
14286
14314
17044
14287
14315
17045
14288
14316
17046
14289
14317
17047
14290
14318
17048
14291
14319
17049
14292
14320
17050
14293
14321
17051
14294
14322
17052
14295
14323
17053
14296
14324
17054
14297
14325
17055
14298
14326
17056
14299
14327
17057
14300
14328
17058
14301
14329
17059
14302
14330
17060
14303
14331
17061
14304
14332
17062
14305
14333
17063
14334
17064
14307
14336
17067
14308
14337
17068
14309
14338
17069
14310
14339
17070
14311
14340
17071
14312
14341
17072
14313
14342
17073
14314
14343
17074
14315
14344
17075
14316
14345
17076
14317
14346
17077
14318
14347
17078
14319
14348
17079
14320
14349
17080
14321
14350
17081
14322
14351
17082
14323
14352
17083
14324
14353
17084
14325
14354
17085
14326
14355
17086
14327
14356
17087
14328
14357
17088
14329
14358
17089
14330
14359
17090
14331
14360
17091
14332
14361
17092
14333
14362
17093
14334
14363
17094
14335
14364
17095
14365
17096
14337
14367
17098
14338
14368
17099
14339
14369
17100
14340
14370
17101
14341
14371
17102
14342
14372
17103
14343
14373
17104
14344
14374
17105
14345
14375
17106
14346
14376
17107
14347
14377
17108
14348
14378
17109
14349
14379
17110
14350
14380
17111
14351
14381
17112
14352
14382
17113
14353
14383
17114
14354
14384
17115
14355
14385
17116
14356
14386
17117
14357
14387
17118
14358
14388
17119
14359
14389
17120
14360
14390
17121
14361
14391
17122
14362
14392
17123
14363
14393
17124
14364
14394
17125
14365
14395
17126
14366
14396
17127
14397
17128
14368
14399
17130
14369
14400
17131
14370
14401
17132
14371
14402
17133
14372
14403
17134
14373
14404
17135
14374
14405
17136
14375
14406
17137
14376
14407
17138
14377
14408
17139
14378
14409
17140
14379
14410
17141
14380
14411
17142
14381
14412
17143
14382
14413
17144
14383
14414
17145
14384
14415
17146
14385
14416
17147
14386
14417
17148
14387
14418
17149
14388
14419
17150
14389
14420
17151
14390
14421
17152
14391
14422
17153
14392
14423
17154
14393
14424
17155
14394
14425
17156
14395
14426
17157
14396
14427
17158
14397
14428
17159
14398
14429
17160
14430
17161
14400
14431
17163
14401
14432
17164
14402
14433
17165
14403
14434
17166
14404
14435
17167
14405
14436
17168
14406
14437
17169
14407
14438
17170
14408
14439
17171
14409
14440
17172
14410
14441
17173
14411
14442
17174
14412
14443
17175
14413
14444
17176
14414
14445
17177
14415
14446
17178
14416
14447
17179
14417
14448
17180
14418
14449
17181
14419
14450
17182
14420
14451
17183
14421
14452
17184
14422
14453
17185
14423
14454
17186
14424
14455
17187
14425
14456
17188
14426
14457
17189
14427
14458
17190
14428
14459
17191
14429
14460
17192
14430
14461
17193
14462
17194
14432
14464
17196
14433
14465
17197
14434
14466
17198
14435
14467
17199
14436
14468
17200
14437
14469
17201
14438
14470
17202
14439
14471
17203
14440
14472
17204
14441
14473
17205
14442
14474
17206
14443
14475
17207
14444
14476
17208
14445
14477
17209
14446
14478
17210
14447
14479
17211
14448
14480
17212
14449
14481
17213
14450
14482
17214
14451
14483
17215
14452
14484
17216
14453
14485
17217
14454
14486
17218
14455
14487
17219
14456
14488
17220
14457
14489
17221
14458
14490
17222
14459
14491
17223
14460
14492
17224
14461
14493
17225
14462
14494
17226
14463
14495
17227
14496
17228
14465
14497
17230
14466
14498
17231
14467
14499
17232
14468
14500
17233
14469
14501
17234
14470
14502
17235
14471
14503
17236
14472
14504
17237
14473
14505
17238
14474
14506
17239
14475
14507
17240
14476
14508
17241
14477
14509
17242
14478
14510
17243
14479
14511
17244
14480
14512
17245
14481
14513
17246
14482
14514
17247
14483
14515
17248
14484
14516
17249
14485
14517
17250
14486
14518
17251
14487
14519
17252
14488
14520
17253
14489
14521
17254
14490
14522
17255
14491
14523
17256
14492
14524
17257
14493
14525
17258
14494
14526
17259
14495
14527
17260
14496
14528
17261
14529
17262
14498
14531
17264
14499
14532
17265
14500
14533
17266
14501
14534
17267
14502
14535
17268
14503
14536
17269
14504
14537
17270
14505
14538
17271
14506
14539
17272
14507
14540
17273
14508
14541
17274
14509
14542
17275
14510
14543
17276
14511
14544
17277
14512
14545
17278
14513
14546
17279
14514
14547
17280
14515
14548
17281
14516
14549
17282
14517
14550
17283
14518
14551
17284
14519
14552
17285
14520
14553
17286
14521
14554
17287
14522
14555
17288
14523
14556
17289
14524
14557
17290
14525
14558
17291
14526
14559
17292
14527
14560
17293
14528
14561
17294
14529
14562
17295
14530
14563
17296
14564
17297
14532
14565
17298
14533
14566
17299
14534
14567
17300
14535
14568
17301
14536
14569
17302
14537
14570
17303
14538
14571
17304
14539
14572
17305
14540
14573
17306
14541
14574
17307
14542
14575
17308
14543
14576
17309
14544
14577
17310
14545
14578
17311
14546
14579
17312
14547
14580
17313
14548
14581
17314
14549
14582
17315
14550
14583
17316
14551
14584
17317
14552
14585
17318
14553
14586
17319
14554
14587
17320
14555
14588
17321
14556
14589
17322
14557
14590
17323
14558
14591
17324
14559
14592
17325
14560
14593
17326
14561
14594
17327
14562
14595
17328
14563
14596
17329
14564
14597
17330
14598
17331
14566
14599
17333
14567
14600
17334
14568
14601
17335
14569
14602
17336
14570
14603
17337
14571
14604
17338
14572
14605
17339
14573
14606
17340
14574
14607
17341
14575
14608
17342
14576
14609
17343
14577
14610
17344
14578
14611
17345
14579
14612
17346
14580
14613
17347
14581
14614
17348
14582
14615
17349
14583
14616
17350
14584
14617
17351
14585
14618
17352
14586
14619
17353
14587
14620
17354
14588
14621
17355
14589
14622
17356
14590
14623
17357
14591
14624
17358
14592
14625
17359
14593
14626
17360
14594
14627
17361
14595
14628
17362
14596
14629
17363
14597
14630
17364
14598
14631
17365
14632
17366
14600
14633
17368
14601
14634
17369
14602
14635
17370
14603
14636
17371
14604
14637
17372
14605
14638
17373
14606
14639
17374
14607
14640
17375
14608
14641
17376
14609
14642
17377
14610
14643
17378
14611
14644
17379
14612
14645
17380
14613
14646
17381
14614
14647
17382
14615
14648
17383
14616
14649
17384
14617
14650
17385
14618
14651
17386
14619
14652
17387
14620
14653
17388
14621
14654
17389
14622
14655
17390
14623
14656
17391
14624
14657
17392
14625
14658
17393
14626
14659
17394
14627
14660
17395
14628
14661
17396
14629
14662
17397
14630
14663
17398
14631
14664
17399
14632
14665
17400
14666
17401
14634
14668
17403
14635
14669
17404
14636
14670
17405
14637
14671
17406
14638
14672
17407
14639
14673
17408
14640
14674
17409
14641
14675
17410
14642
14676
17411
14643
14677
17412
14644
14678
17413
14645
14679
17414
14646
14680
17415
14647
14681
17416
14648
14682
17417
14649
14683
17418
14650
14684
17419
14651
14685
17420
14652
14686
17421
14653
14687
17422
14654
14688
17423
14655
14689
17424
14656
14690
17425
14657
14691
17426
14658
14692
17427
14659
14693
17428
14660
14694
17429
14661
14695
17430
14662
14696
17431
14663
14697
17432
14664
14698
17433
14665
14699
17434
14666
14700
17435
14667
14701
17436
14702
17437
14669
14703
17438
14670
14704
17439
14671
14705
17440
14672
14706
17441
14673
14707
17442
14674
14708
17443
14675
14709
17444
14676
14710
17445
14677
14711
17446
14678
14712
17447
14679
14713
17448
14680
14714
17449
14681
14715
17450
14682
14716
17451
14683
14717
17452
14684
14718
17453
14685
14719
17454
14686
14720
17455
14687
14721
17456
14688
14722
17457
14689
14723
17458
14690
14724
17459
14691
14725
17460
14692
14726
17461
14693
14727
17462
14694
14728
17463
14695
14729
17464
14696
14730
17465
14697
14731
17466
14698
14732
17467
14699
14733
17468
14700
14734
17469
14701
14735
17470
14702
14736
17471
14737
17472
14704
14738
17474
14705
14739
17475
14706
14740
17476
14707
14741
17477
14708
14742
17478
14709
14743
17479
14710
14744
17480
14711
14745
17481
14712
14746
17482
14713
14747
17483
14714
14748
17484
14715
14749
17485
14716
14750
17486
14717
14751
17487
14718
14752
17488
14719
14753
17489
14720
14754
17490
14721
14755
17491
14722
14756
17492
14723
14757
17493
14724
14758
17494
14725
14759
17495
14726
14760
17496
14727
14761
17497
14728
14762
17498
14729
14763
17499
14730
14764
17500
14731
14765
17501
14732
14766
17502
14733
14767
17503
14734
14768
17504
14735
14769
17505
14736
14770
17506
14737
14771
17507
14772
17508
14739
14774
17510
14740
14775
17511
14741
14776
17512
14742
14777
17513
14743
14778
17514
14744
14779
17515
14745
14780
17516
14746
14781
17517
14747
14782
17518
14748
14783
17519
14749
14784
17520
14750
14785
17521
14751
14786
17522
14752
14787
17523
14753
14788
17524
14754
14789
17525
14755
14790
17526
14756
14791
17527
14757
14792
17528
14758
14793
17529
14759
14794
17530
14760
14795
17531
14761
14796
17532
14762
14797
17533
14763
14798
17534
14764
14799
17535
14765
14800
17536
14766
14801
17537
14767
14802
17538
14768
14803
17539
14769
14804
17540
14770
14805
17541
14771
14806
17542
14772
14807
17543
14773
14808
17544
14809
17545
14775
14810
17546
14776
14811
17547
14777
14812
17548
14778
14813
17549
14779
14814
17550
14780
14815
17551
14781
14816
17552
14782
14817
17553
14783
14818
17554
14784
14819
17555
14785
14820
17556
14786
14821
17557
14787
14822
17558
14788
14823
17559
14789
14824
17560
14790
14825
17561
14791
14826
17562
14792
14827
17563
14793
14828
17564
14794
14829
17565
14795
14830
17566
14796
14831
17567
14797
14832
17568
14798
14833
17569
14799
14834
17570
14800
14835
17571
14801
14836
17572
14802
14837
17573
14803
14838
17574
14804
14839
17575
14805
14840
17576
14806
14841
17577
14807
14842
17578
14808
14843
17579
14809
14844
17580
14845
17581
14811
14846
17583
14812
14847
17584
14813
14848
17585
14814
14849
17586
14815
14850
17587
14816
14851
17588
14817
14852
17589
14818
14853
17590
14819
14854
17591
14820
14855
17592
14821
14856
17593
14822
14857
17594
14823
14858
17595
14824
14859
17596
14825
14860
17597
14826
14861
17598
14827
14862
17599
14828
14863
17600
14829
14864
17601
14830
14865
17602
14831
14866
17603
14832
14867
17604
14833
14868
17605
14834
14869
17606
14835
14870
17607
14836
14871
17608
14837
14872
17609
14838
14873
17610
14839
14874
17611
14840
14875
17612
14841
14876
17613
14842
14877
17614
14843
14878
17615
14844
14879
17616
14845
14880
17617
14881
17618
14847
14883
17620
14848
14884
17621
14849
14885
17622
14850
14886
17623
14851
14887
17624
14852
14888
17625
14853
14889
17626
14854
14890
17627
14855
14891
17628
14856
14892
17629
14857
14893
17630
14858
14894
17631
14859
14895
17632
14860
14896
17633
14861
14897
17634
14862
14898
17635
14863
14899
17636
14864
14900
17637
14865
14901
17638
14866
14902
17639
14867
14903
17640
14868
14904
17641
14869
14905
17642
14870
14906
17643
14871
14907
17644
14872
14908
17645
14873
14909
17646
14874
14910
17647
14875
14911
17648
14876
14912
17649
14877
14913
17650
14878
14914
17651
14879
14915
17652
14880
14916
17653
14881
14917
17654
14882
14918
17655
14919
17656
14884
14920
17657
14885
14921
17658
14886
14922
17659
14887
14923
17660
14888
14924
17661
14889
14925
17662
14890
14926
17663
14891
14927
17664
14892
14928
17665
14893
14929
17666
14894
14930
17667
14895
14931
17668
14896
14932
17669
14897
14933
17670
14898
14934
17671
14899
14935
17672
14900
14936
17673
14901
14937
17674
14902
14938
17675
14903
14939
17676
14904
14940
17677
14905
14941
17678
14906
14942
17679
14907
14943
17680
14908
14944
17681
14909
14945
17682
14910
14946
17683
14911
14947
17684
14912
14948
17685
14913
14949
17686
14914
14950
17687
14915
14951
17688
14916
14952
17689
14917
14953
17690
14918
14954
17691
14919
14955
17692
14956
17693
14921
14957
17695
14922
14958
17696
14923
14959
17697
14924
14960
17698
14925
14961
17699
14926
14962
17700
14927
14963
17701
14928
14964
17702
14929
14965
17703
14930
14966
17704
14931
14967
17705
14932
14968
17706
14933
14969
17707
14934
14970
17708
14935
14971
17709
14936
14972
17710
14937
14973
17711
14938
14974
17712
14939
14975
17713
14940
14976
17714
14941
14977
17715
14942
14978
17716
14943
14979
17717
14944
14980
17718
14945
14981
17719
14946
14982
17720
14947
14983
17721
14948
14984
17722
14949
14985
17723
14950
14986
17724
14951
14987
17725
14952
14988
17726
14953
14989
17727
14954
14990
17728
14955
14991
17729
14956
14992
17730
14993
17731
14958
14995
17733
14959
14996
17734
14960
14997
17735
14961
14998
17736
14962
14999
17737
14963
15000
17738
14964
15001
17739
14965
15002
17740
14966
15003
17741
14967
15004
17742
14968
15005
17743
14969
15006
17744
14970
15007
17745
14971
15008
17746
14972
15009
17747
14973
15010
17748
14974
15011
17749
14975
15012
17750
14976
15013
17751
14977
15014
17752
14978
15015
17753
14979
15016
17754
14980
15017
17755
14981
15018
17756
14982
15019
17757
14983
15020
17758
14984
15021
17759
14985
15022
17760
14986
15023
17761
14987
15024
17762
14988
15025
17763
14989
15026
17764
14990
15027
17765
14991
15028
17766
14992
15029
17767
14993
15030
17768
14994
15031
17769
15032
17770
14996
15033
17772
14997
15034
17773
14998
15035
17774
14999
15036
17775
15000
15037
17776
15001
15038
17777
15002
15039
17778
15003
15040
17779
15004
15041
17780
15005
15042
17781
15006
15043
17782
15007
15044
17783
15008
15045
17784
15009
15046
17785
15010
15047
17786
15011
15048
17787
15012
15049
17788
15013
15050
17789
15014
15051
17790
15015
15052
17791
15016
15053
17792
15017
15054
17793
15018
15055
17794
15019
15056
17795
15020
15057
17796
15021
15058
17797
15022
15059
17798
15023
15060
17799
15024
15061
17800
15025
15062
17801
15026
15063
17802
15027
15064
17803
15028
15065
17804
15029
15066
17805
15030
15067
17806
15031
15068
17807
15032
15069
17808
15070
17809
15034
15072
15035
15073
17811
15036
15074
17812
15037
15075
17813
15038
15076
17814
15039
15077
17815
15040
15078
17816
15041
15079
17817
15042
15080
17818
15043
15081
17819
15044
15082
17820
15045
15083
17821
15046
15084
17822
15047
15085
17823
15048
15086
17824
15049
15087
17825
15050
15088
17826
15051
15089
17827
15052
15090
17828
15053
15091
17829
15054
15092
17830
15055
15093
17831
15056
15094
17832
15057
15095
17833
15058
15096
17834
15059
15097
17835
15060
15098
17836
15061
15099
17837
15062
15100
17838
15063
15101
17839
15064
15102
17840
15065
15103
17841
15066
15104
17842
15067
15105
17843
15068
15106
17844
15069
15107
17845
15070
15108
17846
15071
15109
17847
15110
17848
15073
15112
15074
15113
17850
15075
15114
17851
15076
15115
17852
15077
15116
17853
15078
15117
17854
15079
15118
17855
15080
15119
17856
15081
15120
17857
15082
15121
17858
15083
15122
17859
15084
15123
17860
15085
15124
17861
15086
15125
17862
15087
15126
17863
15088
15127
17864
15089
15128
17865
15090
15129
17866
15091
15130
17867
15092
15131
17868
15093
15132
17869
15094
15133
17870
15095
15134
17871
15096
15135
17872
15097
15136
17873
15098
15137
17874
15099
15138
17875
15100
15139
17876
15101
15140
17877
15102
15141
17878
15103
15142
17879
15104
15143
17880
15105
15144
17881
15106
15145
17882
15107
15146
17883
15108
15147
17884
15109
15148
17885
15110
15149
17886
15111
15150
17887
15151
17888
15113
15152
15114
15153
17889
15115
15154
17890
15116
15155
17891
15117
15156
17892
15118
15157
17893
15119
15158
17894
15120
15159
17895
15121
15160
17896
15122
15161
17897
15123
15162
17898
15124
15163
17899
15125
15164
17900
15126
15165
17901
15127
15166
17902
15128
15167
17903
15129
15168
17904
15130
15169
17905
15131
15170
17906
15132
15171
17907
15133
15172
17908
15134
15173
17909
15135
15174
17910
15136
15175
17911
15137
15176
17912
15138
15177
17913
15139
15178
17914
15140
15179
17915
15141
15180
17916
15142
15181
17917
15143
15182
17918
15144
15183
17919
15145
15184
17920
15146
15185
17921
15147
15186
17922
15148
15187
17923
15149
15188
17924
15150
15189
17925
15151
15190
17926
15191
17927
15153
15193
15154
15194
17929
15155
15195
17930
15156
15196
17931
15157
15197
17932
15158
15198
17933
15159
15199
17934
15160
15200
17935
15161
15201
17936
15162
15202
17937
15163
15203
17938
15164
15204
17939
15165
15205
17940
15166
15206
17941
15167
15207
17942
15168
15208
17943
15169
15209
17944
15170
15210
17945
15171
15211
17946
15172
15212
17947
15173
15213
17948
15174
15214
17949
15175
15215
17950
15176
15216
17951
15177
15217
17952
15178
15218
17953
15179
15219
17954
15180
15220
17955
15181
15221
17956
15182
15222
17957
15183
15223
17958
15184
15224
17959
15185
15225
17960
15186
15226
17961
15187
15227
17962
15188
15228
17963
15189
15229
17964
15190
15230
17965
15191
15231
17966
15192
15232
17967
15233
17968
15194
15195
15235
17970
15196
15236
17971
15197
15237
17972
15198
15238
17973
15199
15239
17974
15200
15240
17975
15201
15241
17976
15202
15242
17977
15203
15243
17978
15204
15244
17979
15205
15245
17980
15206
15246
17981
15207
15247
17982
15208
15248
17983
15209
15249
17984
15210
15250
17985
15211
15251
17986
15212
15252
17987
15213
15253
17988
15214
15254
17989
15215
15255
17990
15216
15256
17991
15217
15257
17992
15218
15258
17993
15219
15259
17994
15220
15260
17995
15221
15261
17996
15222
15262
17997
15223
15263
17998
15224
15264
17999
15225
15265
18000
15226
15266
18001
15227
15267
18002
15228
15268
18003
15229
15269
18004
15230
15270
18005
15231
15271
18006
15232
15272
18007
15233
15273
18008
15234
15274
18009
15275
18010
15236
15278
18012
15237
15279
18013
15238
15280
18014
15239
15281
18015
15240
15282
18016
15241
15283
18017
15242
15284
18018
15243
15285
18019
15244
15286
18020
15245
15287
18021
15246
15288
18022
15247
15289
18023
15248
15290
18024
15249
15291
18025
15250
15292
18026
15251
15293
18027
15252
15294
18028
15253
15295
18029
15254
15296
18030
15255
15297
18031
15256
15298
18032
15257
15299
18033
15258
15300
18034
15259
15301
18035
15260
15302
18036
15261
15303
18037
15262
15304
18038
15263
15305
18039
15264
15306
18040
15265
15307
18041
15266
15308
18042
15267
15309
18043
15268
15310
18044
15269
15311
18045
15270
15312
18046
15271
15313
18047
15272
15314
18048
15273
15315
18049
15274
15316
18050
15275
15317
18051
15276
15318
18052
15277
15319
18053
15320
18054
15279
18055
15280
15322
18056
15281
15323
18057
15282
15324
18058
15283
15325
18059
15284
15326
18060
15285
15327
18061
15286
15328
18062
15287
15329
18063
15288
15330
18064
15289
15331
18065
15290
15332
18066
15291
15333
18067
15292
15334
18068
15293
15335
18069
15294
15336
18070
15295
15337
18071
15296
15338
18072
15297
15339
18073
15298
15340
18074
15299
15341
18075
15300
15342
18076
15301
15343
18077
15302
15344
18078
15303
15345
18079
15304
15346
18080
15305
15347
18081
15306
15348
18082
15307
15349
18083
15308
15350
18084
15309
15351
18085
15310
15352
18086
15311
15353
18087
15312
15354
18088
15313
15355
18089
15314
15356
18090
15315
15357
18091
15316
15358
18092
15317
15359
18093
15318
15360
18094
15319
15361
18095
15320
15362
18096
15321
15363
18097
15364
18098
15323
15368
18100
15324
15369
18101
15325
15370
18102
15326
15371
18103
15327
15372
18104
15328
15373
18105
15329
15374
18106
15330
15375
18107
15331
15376
18108
15332
15377
18109
15333
15378
18110
15334
15379
18111
15335
15380
18112
15336
15381
18113
15337
15382
18114
15338
15383
18115
15339
15384
18116
15340
15385
18117
15341
15386
18118
15342
15387
18119
15343
15388
18120
15344
15389
18121
15345
15390
18122
15346
15391
18123
15347
15392
18124
15348
15393
18125
15349
15394
18126
15350
15395
18127
15351
15396
18128
15352
15397
18129
15353
15398
18130
15354
15399
18131
15355
15400
18132
15356
15401
18133
15357
15402
18134
15358
15403
18135
15359
15404
18136
15360
15405
18137
15361
15406
18138
15362
15407
18139
15363
15408
18140
15364
15409
18141
15365
15410
18142
15366
15411
18143
15367
15412
18144
15413
18145
15369
15414
18146
15370
15415
18147
15371
15416
18148
15372
15417
18149
15373
15418
18150
15374
15419
18151
15375
15420
18152
15376
15421
18153
15377
15422
18154
15378
15423
18155
15379
15424
18156
15380
15425
18157
15381
15426
18158
15382
15427
18159
15383
15428
18160
15384
15429
18161
15385
15430
18162
15386
15431
18163
15387
15432
18164
15388
15433
18165
15389
15434
18166
15390
15435
18167
15391
15436
18168
15392
15437
18169
15393
15438
18170
15394
15439
18171
15395
15440
18172
15396
15441
18173
15397
15442
18174
15398
15443
18175
15399
15444
18176
15400
15445
18177
15401
15446
18178
15402
15447
18179
15403
15448
18180
15404
15449
18181
15405
15450
18182
15406
15451
18183
15407
15452
18184
15408
15453
18185
15409
15454
18186
15410
15455
18187
15411
15456
18188
15412
15457
18189
15413
15458
18190
15459
18191
15415
15460
18192
15416
15461
18193
15417
15462
18194
15418
15463
18195
15419
15464
18196
15420
15465
18197
15421
15466
18198
15422
15467
18199
15423
15468
18200
15424
15469
18201
15425
15470
18202
15426
15471
18203
15427
15472
18204
15428
15473
18205
15429
15474
18206
15430
15475
18207
15431
15476
18208
15432
15477
18209
15433
15478
18210
15434
15479
18211
15435
15480
18212
15436
15481
18213
15437
15482
18214
15438
15483
18215
15439
15484
18216
15440
15485
18217
15441
15486
18218
15442
15487
18219
15443
15488
18220
15444
15489
18221
15445
15490
18222
15446
15491
18223
15447
15492
18224
15448
15493
18225
15449
15494
18226
15450
15495
18227
15451
15496
18228
15452
15497
18229
15453
15498
18230
15454
15499
18231
15455
15500
18232
15456
15501
18233
15457
15502
18234
15458
15503
18235
15459
15504
18236
15505
18237
15461
15506
18238
15462
15507
18239
15463
15508
18240
15464
15509
18241
15465
15510
18242
15466
15511
18243
15467
15512
18244
15468
15513
18245
15469
15514
18246
15470
15515
18247
15471
15516
18248
15472
15517
18249
15473
15518
18250
15474
15519
18251
15475
15520
18252
15476
15521
18253
15477
15522
18254
15478
15523
18255
15479
15524
18256
15480
15525
18257
15481
15526
18258
15482
15527
18259
15483
15528
18260
15484
15529
18261
15485
15530
18262
15486
15531
18263
15487
15532
18264
15488
15533
18265
15489
15534
18266
15490
15535
18267
15491
15536
18268
15492
15537
18269
15493
15538
18270
15494
15539
18271
15495
15540
18272
15496
15541
18273
15497
15542
18274
15498
15543
18275
15499
15544
18276
15500
15545
18277
15501
15546
18278
15502
15547
18279
15503
15548
18280
15504
15549
18281
15505
15550
18282
15551
18283
15507
15552
18284
15508
15553
18285
15509
15554
18286
15510
15555
18287
15511
15556
18288
15512
15557
18289
15513
15558
18290
15514
15559
18291
15515
15560
18292
15516
15561
18293
15517
15562
18294
15518
15563
18295
15519
15564
18296
15520
15565
18297
15521
15566
18298
15522
15567
18299
15523
15568
18300
15524
15569
18301
15525
15570
18302
15526
15571
18303
15527
15572
18304
15528
15573
18305
15529
15574
18306
15530
15575
18307
15531
15576
18308
15532
15577
18309
15533
15578
18310
15534
15579
18311
15535
15580
18312
15536
15581
18313
15537
15582
18314
15538
15583
18315
15539
15584
18316
15540
15585
18317
15541
15586
18318
15542
15587
18319
15543
15588
18320
15544
15589
18321
15545
15590
18322
15546
15591
18323
15547
15592
18324
15548
15593
18325
15549
15594
18326
15550
15595
18327
15551
15596
18328
15597
18329
15553
15598
18330
15554
15599
18331
15555
15600
18332
15556
15601
18333
15557
15602
18334
15558
15603
18335
15559
15604
18336
15560
15605
18337
15561
15606
18338
15562
15607
18339
15563
15608
18340
15564
15609
18341
15565
15610
18342
15566
15611
18343
15567
15612
18344
15568
15613
18345
15569
15614
18346
15570
15615
18347
15571
15616
18348
15572
15617
18349
15573
15618
18350
15574
15619
18351
15575
15620
18352
15576
15621
18353
15577
15622
18354
15578
15623
18355
15579
15624
18356
15580
15625
18357
15581
15626
18358
15582
15627
18359
15583
15628
18360
15584
15629
18361
15585
15630
18362
15586
15631
18363
15587
15632
18364
15588
15633
18365
15589
15634
18366
15590
15635
18367
15591
15636
18368
15592
15637
18369
15593
15638
18370
15594
15639
18371
15595
15640
18372
15596
15641
18373
15597
15642
18374
15643
18375
15599
15644
18376
15600
15645
18377
15601
15646
18378
15602
15647
18379
15603
15648
18380
15604
15649
18381
15605
15650
18382
15606
15651
18383
15607
15652
18384
15608
15653
18385
15609
15654
18386
15610
15655
18387
15611
15656
18388
15612
15657
18389
15613
15658
18390
15614
15659
18391
15615
15660
18392
15616
15661
18393
15617
15662
18394
15618
15663
18395
15619
15664
18396
15620
15665
18397
15621
15666
18398
15622
15667
18399
15623
15668
18400
15624
15669
18401
15625
15670
18402
15626
15671
18403
15627
15672
18404
15628
15673
18405
15629
15674
18406
15630
15675
18407
15631
15676
18408
15632
15677
18409
15633
15678
18410
15634
15679
18411
15635
15680
18412
15636
15681
18413
15637
15682
18414
15638
15683
18415
15639
15684
18416
15640
15685
18417
15641
15686
18418
15642
15687
18419
15643
15688
18420
15689
18421
15645
15690
18422
15646
15691
18423
15647
15692
18424
15648
15693
18425
15649
15694
18426
15650
15695
18427
15651
15696
18428
15652
15697
18429
15653
15698
18430
15654
15699
18431
15655
15700
18432
15656
15701
18433
15657
15702
18434
15658
15703
18435
15659
15704
18436
15660
15705
18437
15661
15706
18438
15662
15707
18439
15663
15708
18440
15664
15709
18441
15665
15710
18442
15666
15711
18443
15667
15712
18444
15668
15713
18445
15669
15714
18446
15670
15715
18447
15671
15716
18448
15672
15717
18449
15673
15718
18450
15674
15719
18451
15675
15720
18452
15676
15721
18453
15677
15722
18454
15678
15723
18455
15679
15724
18456
15680
15725
18457
15681
15726
18458
15682
15727
18459
15683
15728
18460
15684
15729
18461
15685
15730
18462
15686
15731
18463
15687
15732
18464
15688
15733
18465
15689
15734
18466
15735
18467
15691
15736
18468
15692
15737
18469
15693
15738
18470
15694
15739
18471
15695
15740
18472
15696
15741
18473
15697
15742
18474
15698
15743
18475
15699
15744
18476
15700
15745
18477
15701
15746
18478
15702
15747
18479
15703
15748
18480
15704
15749
18481
15705
15750
18482
15706
15751
18483
15707
15752
18484
15708
15753
18485
15709
15754
18486
15710
15755
18487
15711
15756
18488
15712
15757
18489
15713
15758
18490
15714
15759
18491
15715
15760
18492
15716
15761
18493
15717
15762
18494
15718
15763
18495
15719
15764
18496
15720
15765
18497
15721
15766
18498
15722
15767
18499
15723
15768
18500
15724
15769
18501
15725
15770
18502
15726
15771
18503
15727
15772
18504
15728
15773
18505
15729
15774
18506
15730
15775
18507
15731
15776
18508
15732
15777
18509
15733
15778
18510
15734
15779
18511
15735
15780
18512
15781
18513
15737
15782
18514
15738
15783
18515
15739
15784
18516
15740
15785
18517
15741
15786
18518
15742
15787
18519
15743
15788
18520
15744
15789
18521
15745
15790
18522
15746
15791
18523
15747
15792
18524
15748
15793
18525
15749
15794
18526
15750
15795
18527
15751
15796
18528
15752
15797
18529
15753
15798
18530
15754
15799
18531
15755
15800
18532
15756
15801
18533
15757
15802
18534
15758
15803
18535
15759
15804
18536
15760
15805
18537
15761
15806
18538
15762
15807
18539
15763
15808
18540
15764
15809
18541
15765
15810
18542
15766
15811
18543
15767
15812
18544
15768
15813
18545
15769
15814
18546
15770
15815
18547
15771
15816
18548
15772
15817
18549
15773
15818
18550
15774
15819
18551
15775
15820
18552
15776
15821
18553
15777
15822
18554
15778
15823
18555
15779
15824
18556
15780
15825
18557
15781
15826
18558
15827
18559
15783
15828
18560
15784
15829
18561
15785
15830
18562
15786
15831
18563
15787
15832
18564
15788
15833
18565
15789
15834
18566
15790
15835
18567
15791
15836
18568
15792
15837
18569
15793
15838
18570
15794
15839
18571
15795
15840
18572
15796
15841
18573
15797
15842
18574
15798
15843
18575
15799
15844
18576
15800
15845
18577
15801
15846
18578
15802
15847
18579
15803
15848
18580
15804
15849
18581
15805
15850
18582
15806
15851
18583
15807
15852
18584
15808
15853
18585
15809
15854
18586
15810
15855
18587
15811
15856
18588
15812
15857
18589
15813
15858
18590
15814
15859
18591
15815
15860
18592
15816
15861
18593
15817
15862
18594
15818
15863
18595
15819
15864
18596
15820
15865
18597
15821
15866
18598
15822
15867
18599
15823
15868
18600
15824
15869
18601
15825
15870
18602
15826
15871
18603
15827
15872
18604
15873
18605
15829
15874
18606
15830
15875
18607
15831
15876
18608
15832
15877
18609
15833
15878
18610
15834
15879
18611
15835
15880
18612
15836
15881
18613
15837
15882
18614
15838
15883
18615
15839
15884
18616
15840
15885
18617
15841
15886
18618
15842
15887
18619
15843
15888
18620
15844
15889
18621
15845
15890
18622
15846
15891
18623
15847
15892
18624
15848
15893
18625
15849
15894
18626
15850
15895
18627
15851
15896
18628
15852
15897
18629
15853
15898
18630
15854
15899
18631
15855
15900
18632
15856
15901
18633
15857
15902
18634
15858
15903
18635
15859
15904
18636
15860
15905
18637
15861
15906
18638
15862
15907
18639
15863
15908
18640
15864
15909
18641
15865
15910
18642
15866
15911
18643
15867
15912
18644
15868
15913
18645
15869
15914
18646
15870
15915
18647
15871
15916
18648
15872
15917
18649
15873
15918
18650
15919
18651
15875
15920
18652
15876
15921
18653
15877
15922
18654
15878
15923
18655
15879
15924
18656
15880
15925
18657
15881
15926
18658
15882
15927
18659
15883
15928
18660
15884
15929
18661
15885
15930
18662
15886
15931
18663
15887
15932
18664
15888
15933
18665
15889
15934
18666
15890
15935
18667
15891
15936
18668
15892
15937
18669
15893
15938
18670
15894
15939
18671
15895
15940
18672
15896
15941
18673
15897
15942
18674
15898
15943
18675
15899
15944
18676
15900
15945
18677
15901
15946
18678
15902
15947
18679
15903
15948
18680
15904
15949
18681
15905
15950
18682
15906
15951
18683
15907
15952
18684
15908
15953
18685
15909
15954
18686
15910
15955
18687
15911
15956
18688
15912
15957
18689
15913
15958
18690
15914
15959
18691
15915
15960
18692
15916
15961
18693
15917
15962
18694
15918
15963
18695
15919
15964
18696
15965
18697
15921
15966
18698
15922
15967
18699
15923
15968
18700
15924
15969
18701
15925
15970
18702
15926
15971
18703
15927
15972
18704
15928
15973
18705
15929
15974
18706
15930
15975
18707
15931
15976
18708
15932
15977
18709
15933
15978
18710
15934
15979
18711
15935
15980
18712
15936
15981
18713
15937
15982
18714
15938
15983
18715
15939
15984
18716
15940
15985
18717
15941
15986
18718
15942
15987
18719
15943
15988
18720
15944
15989
18721
15945
15990
18722
15946
15991
18723
15947
15992
18724
15948
15993
18725
15949
15994
18726
15950
15995
18727
15951
15996
18728
15952
15997
18729
15953
15998
18730
15954
15999
18731
15955
16000
18732
15956
16001
18733
15957
16002
18734
15958
16003
18735
15959
16004
18736
15960
16005
18737
15961
16006
18738
15962
16007
18739
15963
16008
18740
15964
16009
18741
15965
16010
18742
16011
18743
15967
16012
18744
15968
16013
18745
15969
16014
18746
15970
16015
18747
15971
16016
18748
15972
16017
18749
15973
16018
18750
15974
16019
18751
15975
16020
18752
15976
16021
18753
15977
16022
18754
15978
16023
18755
15979
16024
18756
15980
16025
18757
15981
16026
18758
15982
16027
18759
15983
16028
18760
15984
16029
18761
15985
16030
18762
15986
16031
18763
15987
16032
18764
15988
16033
18765
15989
16034
18766
15990
16035
18767
15991
16036
18768
15992
16037
18769
15993
16038
18770
15994
16039
18771
15995
16040
18772
15996
16041
18773
15997
16042
18774
15998
16043
18775
15999
16044
18776
16000
16045
18777
16001
16046
18778
16002
16047
18779
16003
16048
18780
16004
16049
18781
16005
16050
18782
16006
16051
18783
16007
16052
18784
16008
16053
18785
16009
16054
18786
16010
16055
18787
16011
16056
18788
16057
18789
16013
16058
18790
16014
16059
18791
16015
16060
18792
16016
16061
18793
16017
16062
18794
16018
16063
18795
16019
16064
18796
16020
16065
18797
16021
16066
18798
16022
16067
18799
16023
16068
18800
16024
16069
18801
16025
16070
18802
16026
16071
18803
16027
16072
18804
16028
16073
18805
16029
16074
18806
16030
16075
18807
16031
16076
18808
16032
16077
18809
16033
16078
18810
16034
16079
18811
16035
16080
18812
16036
16081
18813
16037
16082
18814
16038
16083
18815
16039
16084
18816
16040
16085
18817
16041
16086
18818
16042
16087
18819
16043
16088
18820
16044
16089
18821
16045
16090
18822
16046
16091
18823
16047
16092
18824
16048
16093
18825
16049
16094
18826
16050
16095
18827
16051
16096
18828
16052
16097
18829
16053
16098
18830
16054
16099
18831
16055
16100
18832
16056
16101
18833
16057
16102
18834
16103
18835
16059
16104
18836
16060
16105
18837
16061
16106
18838
16062
16107
18839
16063
16108
18840
16064
16109
18841
16065
16110
18842
16066
16111
18843
16067
16112
18844
16068
16113
18845
16069
16114
18846
16070
16115
18847
16071
16116
18848
16072
16117
18849
16073
16118
18850
16074
16119
18851
16075
16120
18852
16076
16121
18853
16077
16122
18854
16078
16123
18855
16079
16124
18856
16080
16125
18857
16081
16126
18858
16082
16127
18859
16083
16128
18860
16084
16129
18861
16085
16130
18862
16086
16131
18863
16087
16132
18864
16088
16133
18865
16089
16134
18866
16090
16135
18867
16091
16136
18868
16092
16137
18869
16093
16138
18870
16094
16139
18871
16095
16140
18872
16096
16141
18873
16097
16142
18874
16098
16143
18875
16099
16144
18876
16100
16145
18877
16101
16146
18878
16102
16147
18879
16103
16148
18880
16149
18881
16105
16151
18882
16106
16152
18883
16107
16153
18884
16108
16154
18885
16109
16155
18886
16110
16156
18887
16111
16157
18888
16112
16158
18889
16113
16159
18890
16114
16160
18891
16115
16161
18892
16116
16162
18893
16117
16163
18894
16118
16164
18895
16119
16165
18896
16120
16166
18897
16121
16167
18898
16122
16168
18899
16123
16169
18900
16124
16170
18901
16125
16171
18902
16126
16172
18903
16127
16173
18904
16128
16174
18905
16129
16175
18906
16130
16176
18907
16131
16177
18908
16132
16178
18909
16133
16179
18910
16134
16180
18911
16135
16181
18912
16136
16182
18913
16137
16183
18914
16138
16184
18915
16139
16185
18916
16140
16186
18917
16141
16187
18918
16142
16188
18919
16143
16189
18920
16144
16190
18921
16145
16191
18922
16146
16192
18923
16147
16193
18924
16148
16194
18925
16149
16195
18926
16196
18927
16151
16197
16152
16198
18928
16153
16199
18929
16154
16200
18930
16155
16201
18931
16156
16202
18932
16157
16203
18933
16158
16204
18934
16159
16205
18935
16160
16206
18936
16161
16207
18937
16162
16208
18938
16163
16209
18939
16164
16210
18940
16165
16211
18941
16166
16212
18942
16167
16213
18943
16168
16214
18944
16169
16215
18945
16170
16216
18946
16171
16217
18947
16172
16218
18948
16173
16219
18949
16174
16220
18950
16175
16221
18951
16176
16222
18952
16177
16223
18953
16178
16224
18954
16179
16225
18955
16180
16226
18956
16181
16227
18957
16182
16228
18958
16183
16229
18959
16184
16230
18960
16185
16231
18961
16186
16232
18962
16187
16233
18963
16188
16234
18964
16189
16235
18965
16190
16236
18966
16191
16237
18967
16192
16238
18968
16193
16239
18969
16194
16240
18970
16195
16241
18971
16196
16242
18972
16243
18973
16198
16244
16199
16245
18974
16200
16246
18975
16201
16247
18976
16202
16248
18977
16203
16249
18978
16204
16250
18979
16205
16251
18980
16206
16252
18981
16207
16253
18982
16208
16254
18983
16209
16255
18984
16210
16256
18985
16211
16257
18986
16212
16258
18987
16213
16259
18988
16214
16260
18989
16215
16261
18990
16216
16262
18991
16217
16263
18992
16218
16264
18993
16219
16265
18994
16220
16266
18995
16221
16267
18996
16222
16268
18997
16223
16269
18998
16224
16270
18999
16225
16271
19000
16226
16272
19001
16227
16273
19002
16228
16274
19003
16229
16275
19004
16230
16276
19005
16231
16277
19006
16232
16278
19007
16233
16279
19008
16234
16280
19009
16235
16281
19010
16236
16282
19011
16237
16283
19012
16238
16284
19013
16239
16285
19014
16240
16286
19015
16241
16287
19016
16242
16288
19017
16243
16289
19018
16290
19019
16245
16291
16246
16292
19020
16247
16293
19021
16248
16294
19022
16249
16295
19023
16250
16296
19024
16251
16297
19025
16252
16298
19026
16253
16299
19027
16254
16300
19028
16255
16301
19029
16256
16302
19030
16257
16303
19031
16258
16304
19032
16259
16305
19033
16260
16306
19034
16261
16307
19035
16262
16308
19036
16263
16309
19037
16264
16310
19038
16265
16311
19039
16266
16312
19040
16267
16313
19041
16268
16314
19042
16269
16315
19043
16270
16316
19044
16271
16317
19045
16272
16318
19046
16273
16319
19047
16274
16320
19048
16275
16321
19049
16276
16322
19050
16277
16323
19051
16278
16324
19052
16279
16325
19053
16280
16326
19054
16281
16327
19055
16282
16328
19056
16283
16329
19057
16284
16330
19058
16285
16331
19059
16286
16332
19060
16287
16333
19061
16288
16334
19062
16289
16335
19063
16290
16336
19064
16337
19065
16292
16338
19066
16293
16339
19067
16294
16340
19068
16295
16341
19069
16296
16342
19070
16297
16343
19071
16298
16344
19072
16299
16345
19073
16300
16346
19074
16301
16347
19075
16302
16348
19076
16303
16349
19077
16304
16350
19078
16305
16351
19079
16306
16352
19080
16307
16353
19081
16308
16354
19082
16309
16355
19083
16310
16356
19084
16311
16357
19085
16312
16358
19086
16313
16359
19087
16314
16360
19088
16315
16361
19089
16316
16362
19090
16317
16363
19091
16318
16364
19092
16319
16365
19093
16320
16366
19094
16321
16367
19095
16322
16368
19096
16323
16369
19097
16324
16370
19098
16325
16371
19099
16326
16372
19100
16327
16373
19101
16328
16374
19102
16329
16375
19103
16330
16376
19104
16331
16377
19105
16332
16378
19106
16333
16379
19107
16334
16380
19108
16335
16381
19109
16336
16382
19110
16337
16383
19111
16384
19112
16339
16385
19113
16340
16386
19114
16341
16387
19115
16342
16388
19116
16343
16389
19117
16344
16390
19118
16345
16391
19119
16346
16392
19120
16347
16393
19121
16348
16394
19122
16349
16395
19123
16350
16396
19124
16351
16397
19125
16352
16398
19126
16353
16399
19127
16354
16400
19128
16355
16401
19129
16356
16402
19130
16357
16403
19131
16358
16404
19132
16359
16405
19133
16360
16406
19134
16361
16407
19135
16362
16408
19136
16363
16409
19137
16364
16410
19138
16365
16411
19139
16366
16412
19140
16367
16413
19141
16368
16414
19142
16369
16415
19143
16370
16416
19144
16371
16417
19145
16372
16418
19146
16373
16419
19147
16374
16420
19148
16375
16421
19149
16376
16422
19150
16377
16423
19151
16378
16424
19152
16379
16425
19153
16380
16426
19154
16381
16427
19155
16382
16428
19156
16383
16429
19157
16384
16430
19158
16431
19159
16386
16433
19160
16387
16434
19161
16388
16435
19162
16389
16436
19163
16390
16437
19164
16391
16438
19165
16392
16439
19166
16393
16440
19167
16394
16441
19168
16395
16442
19169
16396
16443
19170
16397
16444
19171
16398
16445
19172
16399
16446
19173
16400
16447
19174
16401
16448
19175
16402
16449
19176
16403
16450
19177
16404
16451
19178
16405
16452
19179
16406
16453
19180
16407
16454
19181
16408
16455
19182
16409
16456
19183
16410
16457
19184
16411
16458
19185
16412
16459
19186
16413
16460
19187
16414
16461
19188
16415
16462
19189
16416
16463
19190
16417
16464
19191
16418
16465
19192
16419
16466
19193
16420
16467
19194
16421
16468
19195
16422
16469
19196
16423
16470
19197
16424
16471
19198
16425
16472
19199
16426
16473
19200
16427
16474
19201
16428
16475
19202
16429
16476
19203
16430
16477
19204
16431
16478
19205
16479
19206
16433
16480
19207
16434
16481
19208
16435
16482
19209
16436
16483
19210
16437
16484
19211
16438
16485
19212
16439
16486
19213
16440
16487
19214
16441
16488
19215
16442
16489
19216
16443
16490
19217
16444
16491
19218
16445
16492
19219
16446
16493
19220
16447
16494
19221
16448
16495
19222
16449
16496
19223
16450
16497
19224
16451
16498
19225
16452
16499
19226
16453
16500
19227
16454
16501
19228
16455
16502
19229
16456
16503
19230
16457
16504
19231
16458
16505
19232
16459
16506
19233
16460
16507
19234
16461
16508
19235
16462
16509
19236
16463
16510
19237
16464
16511
19238
16465
16512
19239
16466
16513
19240
16467
16514
19241
16468
16515
19242
16469
16516
19243
16470
16517
19244
16471
16518
19245
16472
16519
19246
16473
16520
19247
16474
16521
19248
16475
16522
19249
16476
16523
19250
16477
16524
19251
16478
16525
19252
16479
16526
19253
16527
19254
16481
16528
19255
16482
16529
19256
16483
16530
19257
16484
16531
19258
16485
16532
19259
16486
16533
19260
16487
16534
19261
16488
16535
19262
16489
16536
19263
16490
16537
19264
16491
16538
19265
16492
16539
19266
16493
16540
19267
16494
16541
19268
16495
16542
19269
16496
16543
19270
16497
16544
19271
16498
16545
19272
16499
16546
19273
16500
16547
19274
16501
16548
19275
16502
16549
19276
16503
16550
19277
16504
16551
19278
16505
16552
19279
16506
16553
19280
16507
16554
19281
16508
16555
19282
16509
16556
19283
16510
16557
19284
16511
16558
19285
16512
16559
19286
16513
16560
19287
16514
16561
19288
16515
16562
19289
16516
16563
19290
16517
16564
19291
16518
16565
19292
16519
16566
19293
16520
16567
19294
16521
16568
19295
16522
16569
19296
16523
16570
19297
16524
16571
19298
16525
16572
19299
16526
16573
19300
16527
16574
19301
16575
19302
16529
16576
19303
16530
16577
19304
16531
16578
19305
16532
16579
19306
16533
16580
19307
16534
16581
19308
16535
16582
19309
16536
16583
19310
16537
16584
19311
16538
16585
19312
16539
16586
19313
16540
16587
19314
16541
16588
19315
16542
16589
19316
16543
16590
19317
16544
16591
19318
16545
16592
19319
16546
16593
19320
16547
16594
19321
16548
16595
19322
16549
16596
19323
16550
16597
19324
16551
16598
19325
16552
16599
19326
16553
16600
19327
16554
16601
19328
16555
16602
19329
16556
16603
19330
16557
16604
19331
16558
16605
19332
16559
16606
19333
16560
16607
19334
16561
16608
19335
16562
16609
19336
16563
16610
19337
16564
16611
19338
16565
16612
19339
16566
16613
19340
16567
16614
19341
16568
16615
19342
16569
16616
19343
16570
16617
19344
16571
16618
19345
16572
16619
19346
16573
16620
19347
16574
16621
19348
16575
16622
19349
16623
19350
16577
16624
19351
16578
16625
19352
16579
16626
19353
16580
16627
19354
16581
16628
19355
16582
16629
19356
16583
16630
19357
16584
16631
19358
16585
16632
19359
16586
16633
19360
16587
16634
19361
16588
16635
19362
16589
16636
19363
16590
16637
19364
16591
16638
19365
16592
16639
19366
16593
16640
19367
16594
16641
19368
16595
16642
19369
16596
16643
19370
16597
16644
19371
16598
16645
19372
16599
16646
19373
16600
16647
19374
16601
16648
19375
16602
16649
19376
16603
16650
19377
16604
16651
19378
16605
16652
19379
16606
16653
19380
16607
16654
19381
16608
16655
19382
16609
16656
19383
16610
16657
19384
16611
16658
19385
16612
16659
19386
16613
16660
19387
16614
16661
19388
16615
16662
19389
16616
16663
19390
16617
16664
19391
16618
16665
19392
16619
16666
19393
16620
16667
19394
16621
16668
19395
16622
16669
19396
16623
16670
19397
16671
19398
16625
16672
19399
16626
16673
19400
16627
16674
19401
16628
16675
19402
16629
16676
19403
16630
16677
19404
16631
16678
19405
16632
16679
19406
16633
16680
19407
16634
16681
19408
16635
16682
19409
16636
16683
19410
16637
16684
19411
16638
16685
19412
16639
16686
19413
16640
16687
19414
16641
16688
19415
16642
16689
19416
16643
16690
19417
16644
16691
19418
16645
16692
19419
16646
16693
19420
16647
16694
19421
16648
16695
19422
16649
16696
19423
16650
16697
19424
16651
16698
19425
16652
16699
19426
16653
16700
19427
16654
16701
19428
16655
16702
19429
16656
16703
19430
16657
16704
19431
16658
16705
19432
16659
16706
19433
16660
16707
19434
16661
16708
19435
16662
16709
19436
16663
16710
19437
16664
16711
19438
16665
16712
19439
16666
16713
19440
16667
16714
19441
16668
16715
19442
16669
16716
19443
16670
16717
19444
16671
16718
19445
16719
19446
16673
16720
19447
16674
16721
19448
16675
16722
19449
16676
16723
19450
16677
16724
19451
16678
16725
19452
16679
16726
19453
16680
16727
19454
16681
16728
19455
16682
16729
19456
16683
16730
19457
16684
16731
19458
16685
16732
19459
16686
16733
19460
16687
16734
19461
16688
16735
19462
16689
16736
19463
16690
16737
19464
16691
16738
19465
16692
16739
19466
16693
16740
19467
16694
16741
19468
16695
16742
19469
16696
16743
19470
16697
16744
19471
16698
16745
19472
16699
16746
19473
16700
16747
19474
16701
16748
19475
16702
16749
19476
16703
16750
19477
16704
16751
19478
16705
16752
19479
16706
16753
19480
16707
16754
19481
16708
16755
19482
16709
16756
19483
16710
16757
19484
16711
16758
19485
16712
16759
19486
16713
16760
19487
16714
16761
19488
16715
16762
19489
16716
16763
19490
16717
16764
19491
16718
16765
19492
16719
16766
19493
16767
19494
16721
16768
19495
16722
16769
19496
16723
16770
19497
16724
16771
19498
16725
16772
19499
16726
16773
19500
16727
16774
19501
16728
16775
19502
16729
16776
19503
16730
16777
19504
16731
16778
19505
16732
16779
19506
16733
16780
19507
16734
16781
19508
16735
16782
19509
16736
16783
19510
16737
16784
19511
16738
16785
19512
16739
16786
19513
16740
16787
19514
16741
16788
19515
16742
16789
19516
16743
16790
19517
16744
16791
19518
16745
16792
19519
16746
16793
19520
16747
16794
19521
16748
16795
19522
16749
16796
19523
16750
16797
19524
16751
16798
19525
16752
16799
19526
16753
16800
19527
16754
16801
19528
16755
16802
19529
16756
16803
19530
16757
16804
19531
16758
16805
19532
16759
16806
19533
16760
16807
19534
16761
16808
19535
16762
16809
19536
16763
16810
19537
16764
16811
19538
16765
16812
19539
16766
16813
19540
16767
16814
19541
16815
19542
16769
16816
19543
16770
16817
19544
16771
16818
19545
16772
16819
19546
16773
16820
19547
16774
16821
19548
16775
16822
19549
16776
16823
19550
16777
16824
19551
16778
16825
19552
16779
16826
19553
16780
16827
19554
16781
16828
19555
16782
16829
19556
16783
16830
19557
16784
16831
19558
16785
16832
19559
16786
16833
19560
16787
16834
19561
16788
16835
19562
16789
16836
19563
16790
16837
19564
16791
16838
19565
16792
16839
19566
16793
16840
19567
16794
16841
19568
16795
16842
19569
16796
16843
19570
16797
16844
19571
16798
16845
19572
16799
16846
19573
16800
16847
19574
16801
16848
19575
16802
16849
19576
16803
16850
19577
16804
16851
19578
16805
16852
19579
16806
16853
19580
16807
16854
19581
16808
16855
19582
16809
16856
19583
16810
16857
19584
16811
16858
19585
16812
16859
19586
16813
16860
19587
16814
16861
19588
16815
16862
19589
16863
19590
16817
19591
16818
19592
16819
19593
16820
19594
16821
19595
16822
19596
16823
19597
16824
19598
16825
19599
16826
19600
16827
19601
16828
19602
16829
19603
16830
19604
16831
19605
16832
19606
16833
19607
16834
19608
16835
19609
16836
19610
16837
19611
16838
19612
16839
19613
16840
19614
16841
19615
16842
19616
16843
19617
16844
19618
16845
19619
16846
19620
16847
19621
16848
19622
16849
19623
16850
19624
16851
19625
16852
19626
16853
19627
16854
19628
16855
19629
16856
19630
16857
19631
16858
19632
16859
19633
16860
19634
16861
19635
16862
19636
16863
19637
19638
16865
16872
19591
19639
16866
16873
19640
16867
16874
19641
16868
16875
19642
16869
16876
19643
16870
16877
19644
16871
16878
19645
19646
16873
16879
19543
19647
16874
16880
19648
16875
16881
19649
16876
16882
19650
16877
16883
19651
16878
16884
19652
16885
19653
16880
16886
19495
19654
16881
16887
19655
16882
16888
19656
16883
16889
19657
16884
16890
19658
16885
19659
16887
16891
19447
19660
16888
16892
19661
16889
16893
19662
16890
16894
19663
19664
16892
16895
19399
19665
16893
16896
19666
16894
16897
19667
19668
16896
16898
19351
19669
16897
16899
19670
16899
16900
19303
19671
19255
16902
16924
19711
16903
16925
19712
16904
16926
19713
16905
16927
19714
16906
16928
19715
16907
16929
19716
16908
16930
19717
16909
16931
19718
16910
16932
19719
16911
16933
19720
16912
16934
19721
16913
16935
19722
16914
16936
19723
16915
16937
19724
16916
16938
19725
16917
16939
19726
16918
16940
19727
16919
16941
19728
16920
16942
19729
16921
16943
19730
16922
16944
19731
16923
16945
19732
16946
19733
16925
16950
19736
16926
16951
19737
16927
16952
19738
16928
16953
19739
16929
16954
19740
16930
16955
19741
16931
16956
19742
16932
16957
19743
16933
16958
19744
16934
16959
19745
16935
16960
19746
16936
16961
19747
16937
16962
19748
16938
16963
19749
16939
16964
19750
16940
16965
19751
16941
16966
19752
16942
16967
19753
16943
16968
19754
16944
16969
19755
16945
16970
19756
16946
16971
19757
16947
16972
19758
16948
16973
19759
16949
16974
19760
16975
19761
16951
16977
19763
16952
16978
19764
16953
16979
19765
16954
16980
19766
16955
16981
19767
16956
16982
19768
16957
16983
19769
16958
16984
19770
16959
16985
19771
16960
16986
19772
16961
16987
19773
16962
16988
19774
16963
16989
19775
16964
16990
19776
16965
16991
19777
16966
16992
19778
16967
16993
19779
16968
16994
19780
16969
16995
19781
16970
16996
19782
16971
16997
19783
16972
16998
19784
16973
16999
19785
16974
17000
19786
16975
17001
19787
16976
17002
19788
17003
19789
16978
17006
19791
16979
17007
19792
16980
17008
19793
16981
17009
19794
16982
17010
19795
16983
17011
19796
16984
17012
19797
16985
17013
19798
16986
17014
19799
16987
17015
19800
16988
17016
19801
16989
17017
19802
16990
17018
19803
16991
17019
19804
16992
17020
19805
16993
17021
19806
16994
17022
19807
16995
17023
19808
16996
17024
19809
16997
17025
19810
16998
17026
19811
16999
17027
19812
17000
17028
19813
17001
17029
19814
17002
17030
19815
17003
17031
19816
17004
17032
19817
17005
17033
19818
17034
19819
17007
17036
19821
17008
17037
19822
17009
17038
19823
17010
17039
19824
17011
17040
19825
17012
17041
19826
17013
17042
19827
17014
17043
19828
17015
17044
19829
17016
17045
19830
17017
17046
19831
17018
17047
19832
17019
17048
19833
17020
17049
19834
17021
17050
19835
17022
17051
19836
17023
17052
19837
17024
17053
19838
17025
17054
19839
17026
17055
19840
17027
17056
19841
17028
17057
19842
17029
17058
19843
17030
17059
19844
17031
17060
19845
17032
17061
19846
17033
17062
19847
17034
17063
19848
17035
17064
19849
17065
19850
17037
17067
19852
17038
17068
19853
17039
17069
19854
17040
17070
19855
17041
17071
19856
17042
17072
19857
17043
17073
19858
17044
17074
19859
17045
17075
19860
17046
17076
19861
17047
17077
19862
17048
17078
19863
17049
17079
19864
17050
17080
19865
17051
17081
19866
17052
17082
19867
17053
17083
19868
17054
17084
19869
17055
17085
19870
17056
17086
19871
17057
17087
19872
17058
17088
19873
17059
17089
19874
17060
17090
19875
17061
17091
19876
17062
17092
19877
17063
17093
19878
17064
17094
19879
17065
17095
19880
17066
17096
19881
17097
19882
17068
17098
19883
17069
17099
19884
17070
17100
19885
17071
17101
19886
17072
17102
19887
17073
17103
19888
17074
17104
19889
17075
17105
19890
17076
17106
19891
17077
17107
19892
17078
17108
19893
17079
17109
19894
17080
17110
19895
17081
17111
19896
17082
17112
19897
17083
17113
19898
17084
17114
19899
17085
17115
19900
17086
17116
19901
17087
17117
19902
17088
17118
19903
17089
17119
19904
17090
17120
19905
17091
17121
19906
17092
17122
19907
17093
17123
19908
17094
17124
19909
17095
17125
19910
17096
17126
19911
17097
17127
19912
17128
19913
17099
17130
19915
17100
17131
19916
17101
17132
19917
17102
17133
19918
17103
17134
19919
17104
17135
19920
17105
17136
19921
17106
17137
19922
17107
17138
19923
17108
17139
19924
17109
17140
19925
17110
17141
19926
17111
17142
19927
17112
17143
19928
17113
17144
19929
17114
17145
19930
17115
17146
19931
17116
17147
19932
17117
17148
19933
17118
17149
19934
17119
17150
19935
17120
17151
19936
17121
17152
19937
17122
17153
19938
17123
17154
19939
17124
17155
19940
17125
17156
19941
17126
17157
19942
17127
17158
19943
17128
17159
19944
17129
17160
19945
17161
19946
17131
17163
19948
17132
17164
19949
17133
17165
19950
17134
17166
19951
17135
17167
19952
17136
17168
19953
17137
17169
19954
17138
17170
19955
17139
17171
19956
17140
17172
19957
17141
17173
19958
17142
17174
19959
17143
17175
19960
17144
17176
19961
17145
17177
19962
17146
17178
19963
17147
17179
19964
17148
17180
19965
17149
17181
19966
17150
17182
19967
17151
17183
19968
17152
17184
19969
17153
17185
19970
17154
17186
19971
17155
17187
19972
17156
17188
19973
17157
17189
19974
17158
17190
19975
17159
17191
19976
17160
17192
19977
17161
17193
19978
17162
17194
19979
17195
19980
17164
17196
19981
17165
17197
19982
17166
17198
19983
17167
17199
19984
17168
17200
19985
17169
17201
19986
17170
17202
19987
17171
17203
19988
17172
17204
19989
17173
17205
19990
17174
17206
19991
17175
17207
19992
17176
17208
19993
17177
17209
19994
17178
17210
19995
17179
17211
19996
17180
17212
19997
17181
17213
19998
17182
17214
19999
17183
17215
20000
17184
17216
20001
17185
17217
20002
17186
17218
20003
17187
17219
20004
17188
17220
20005
17189
17221
20006
17190
17222
20007
17191
17223
20008
17192
17224
20009
17193
17225
20010
17194
17226
20011
17195
17227
20012
17228
20013
17197
17230
20015
17198
17231
20016
17199
17232
20017
17200
17233
20018
17201
17234
20019
17202
17235
20020
17203
17236
20021
17204
17237
20022
17205
17238
20023
17206
17239
20024
17207
17240
20025
17208
17241
20026
17209
17242
20027
17210
17243
20028
17211
17244
20029
17212
17245
20030
17213
17246
20031
17214
17247
20032
17215
17248
20033
17216
17249
20034
17217
17250
20035
17218
17251
20036
17219
17252
20037
17220
17253
20038
17221
17254
20039
17222
17255
20040
17223
17256
20041
17224
17257
20042
17225
17258
20043
17226
17259
20044
17227
17260
20045
17228
17261
20046
17229
17262
20047
17263
20048
17231
17264
20049
17232
17265
20050
17233
17266
20051
17234
17267
20052
17235
17268
20053
17236
17269
20054
17237
17270
20055
17238
17271
20056
17239
17272
20057
17240
17273
20058
17241
17274
20059
17242
17275
20060
17243
17276
20061
17244
17277
20062
17245
17278
20063
17246
17279
20064
17247
17280
20065
17248
17281
20066
17249
17282
20067
17250
17283
20068
17251
17284
20069
17252
17285
20070
17253
17286
20071
17254
17287
20072
17255
17288
20073
17256
17289
20074
17257
17290
20075
17258
17291
20076
17259
17292
20077
17260
17293
20078
17261
17294
20079
17262
17295
20080
17263
17296
20081
17297
20082
17265
17298
20084
17266
17299
20085
17267
17300
20086
17268
17301
20087
17269
17302
20088
17270
17303
20089
17271
17304
20090
17272
17305
20091
17273
17306
20092
17274
17307
20093
17275
17308
20094
17276
17309
20095
17277
17310
20096
17278
17311
20097
17279
17312
20098
17280
17313
20099
17281
17314
20100
17282
17315
20101
17283
17316
20102
17284
17317
20103
17285
17318
20104
17286
17319
20105
17287
17320
20106
17288
17321
20107
17289
17322
20108
17290
17323
20109
17291
17324
20110
17292
17325
20111
17293
17326
20112
17294
17327
20113
17295
17328
20114
17296
17329
20115
17297
17330
20116
17331
20117
17299
17333
20119
17300
17334
20120
17301
17335
20121
17302
17336
20122
17303
17337
20123
17304
17338
20124
17305
17339
20125
17306
17340
20126
17307
17341
20127
17308
17342
20128
17309
17343
20129
17310
17344
20130
17311
17345
20131
17312
17346
20132
17313
17347
20133
17314
17348
20134
17315
17349
20135
17316
17350
20136
17317
17351
20137
17318
17352
20138
17319
17353
20139
17320
17354
20140
17321
17355
20141
17322
17356
20142
17323
17357
20143
17324
17358
20144
17325
17359
20145
17326
17360
20146
17327
17361
20147
17328
17362
20148
17329
17363
20149
17330
17364
20150
17331
17365
20151
17332
17366
20152
17367
20153
17334
17368
20154
17335
17369
20155
17336
17370
20156
17337
17371
20157
17338
17372
20158
17339
17373
20159
17340
17374
20160
17341
17375
20161
17342
17376
20162
17343
17377
20163
17344
17378
20164
17345
17379
20165
17346
17380
20166
17347
17381
20167
17348
17382
20168
17349
17383
20169
17350
17384
20170
17351
17385
20171
17352
17386
20172
17353
17387
20173
17354
17388
20174
17355
17389
20175
17356
17390
20176
17357
17391
20177
17358
17392
20178
17359
17393
20179
17360
17394
20180
17361
17395
20181
17362
17396
20182
17363
17397
20183
17364
17398
20184
17365
17399
20185
17366
17400
20186
17367
17401
20187
17402
20188
17369
17403
20189
17370
17404
20190
17371
17405
20191
17372
17406
20192
17373
17407
20193
17374
17408
20194
17375
17409
20195
17376
17410
20196
17377
17411
20197
17378
17412
20198
17379
17413
20199
17380
17414
20200
17381
17415
20201
17382
17416
20202
17383
17417
20203
17384
17418
20204
17385
17419
20205
17386
17420
20206
17387
17421
20207
17388
17422
20208
17389
17423
20209
17390
17424
20210
17391
17425
20211
17392
17426
20212
17393
17427
20213
17394
17428
20214
17395
17429
20215
17396
17430
20216
17397
17431
20217
17398
17432
20218
17399
17433
20219
17400
17434
20220
17401
17435
20221
17402
17436
20222
17437
20223
17404
17438
20225
17405
17439
20226
17406
17440
20227
17407
17441
20228
17408
17442
20229
17409
17443
20230
17410
17444
20231
17411
17445
20232
17412
17446
20233
17413
17447
20234
17414
17448
20235
17415
17449
20236
17416
17450
20237
17417
17451
20238
17418
17452
20239
17419
17453
20240
17420
17454
20241
17421
17455
20242
17422
17456
20243
17423
17457
20244
17424
17458
20245
17425
17459
20246
17426
17460
20247
17427
17461
20248
17428
17462
20249
17429
17463
20250
17430
17464
20251
17431
17465
20252
17432
17466
20253
17433
17467
20254
17434
17468
20255
17435
17469
20256
17436
17470
20257
17437
17471
20258
17472
20259
17439
17474
20261
17440
17475
20262
17441
17476
20263
17442
17477
20264
17443
17478
20265
17444
17479
20266
17445
17480
20267
17446
17481
20268
17447
17482
20269
17448
17483
20270
17449
17484
20271
17450
17485
20272
17451
17486
20273
17452
17487
20274
17453
17488
20275
17454
17489
20276
17455
17490
20277
17456
17491
20278
17457
17492
20279
17458
17493
20280
17459
17494
20281
17460
17495
20282
17461
17496
20283
17462
17497
20284
17463
17498
20285
17464
17499
20286
17465
17500
20287
17466
17501
20288
17467
17502
20289
17468
17503
20290
17469
17504
20291
17470
17505
20292
17471
17506
20293
17472
17507
20294
17473
17508
20295
17509
20296
17475
17510
20297
17476
17511
20298
17477
17512
20299
17478
17513
20300
17479
17514
20301
17480
17515
20302
17481
17516
20303
17482
17517
20304
17483
17518
20305
17484
17519
20306
17485
17520
20307
17486
17521
20308
17487
17522
20309
17488
17523
20310
17489
17524
20311
17490
17525
20312
17491
17526
20313
17492
17527
20314
17493
17528
20315
17494
17529
20316
17495
17530
20317
17496
17531
20318
17497
17532
20319
17498
17533
20320
17499
17534
20321
17500
17535
20322
17501
17536
20323
17502
17537
20324
17503
17538
20325
17504
17539
20326
17505
17540
20327
17506
17541
20328
17507
17542
20329
17508
17543
20330
17509
17544
20331
17545
20332
17511
17546
20334
17512
17547
20335
17513
17548
20336
17514
17549
20337
17515
17550
20338
17516
17551
20339
17517
17552
20340
17518
17553
20341
17519
17554
20342
17520
17555
20343
17521
17556
20344
17522
17557
20345
17523
17558
20346
17524
17559
20347
17525
17560
20348
17526
17561
20349
17527
17562
20350
17528
17563
20351
17529
17564
20352
17530
17565
20353
17531
17566
20354
17532
17567
20355
17533
17568
20356
17534
17569
20357
17535
17570
20358
17536
17571
20359
17537
17572
20360
17538
17573
20361
17539
17574
20362
17540
17575
20363
17541
17576
20364
17542
17577
20365
17543
17578
20366
17544
17579
20367
17545
17580
20368
17581
20369
17547
17583
20371
17548
17584
20372
17549
17585
20373
17550
17586
20374
17551
17587
20375
17552
17588
20376
17553
17589
20377
17554
17590
20378
17555
17591
20379
17556
17592
20380
17557
17593
20381
17558
17594
20382
17559
17595
20383
17560
17596
20384
17561
17597
20385
17562
17598
20386
17563
17599
20387
17564
17600
20388
17565
17601
20389
17566
17602
20390
17567
17603
20391
17568
17604
20392
17569
17605
20393
17570
17606
20394
17571
17607
20395
17572
17608
20396
17573
17609
20397
17574
17610
20398
17575
17611
20399
17576
17612
20400
17577
17613
20401
17578
17614
20402
17579
17615
20403
17580
17616
20404
17581
17617
20405
17582
17618
20406
17619
20407
17584
17620
20408
17585
17621
20409
17586
17622
20410
17587
17623
20411
17588
17624
20412
17589
17625
20413
17590
17626
20414
17591
17627
20415
17592
17628
20416
17593
17629
20417
17594
17630
20418
17595
17631
20419
17596
17632
20420
17597
17633
20421
17598
17634
20422
17599
17635
20423
17600
17636
20424
17601
17637
20425
17602
17638
20426
17603
17639
20427
17604
17640
20428
17605
17641
20429
17606
17642
20430
17607
17643
20431
17608
17644
20432
17609
17645
20433
17610
17646
20434
17611
17647
20435
17612
17648
20436
17613
17649
20437
17614
17650
20438
17615
17651
20439
17616
17652
20440
17617
17653
20441
17618
17654
20442
17619
17655
20443
17656
20444
17621
17657
20445
17622
17658
20446
17623
17659
20447
17624
17660
20448
17625
17661
20449
17626
17662
20450
17627
17663
20451
17628
17664
20452
17629
17665
20453
17630
17666
20454
17631
17667
20455
17632
17668
20456
17633
17669
20457
17634
17670
20458
17635
17671
20459
17636
17672
20460
17637
17673
20461
17638
17674
20462
17639
17675
20463
17640
17676
20464
17641
17677
20465
17642
17678
20466
17643
17679
20467
17644
17680
20468
17645
17681
20469
17646
17682
20470
17647
17683
20471
17648
17684
20472
17649
17685
20473
17650
17686
20474
17651
17687
20475
17652
17688
20476
17653
17689
20477
17654
17690
20478
17655
17691
20479
17656
17692
20480
17693
20481
17658
17695
17659
17696
20483
17660
17697
20484
17661
17698
20485
17662
17699
20486
17663
17700
20487
17664
17701
20488
17665
17702
20489
17666
17703
20490
17667
17704
20491
17668
17705
20492
17669
17706
20493
17670
17707
20494
17671
17708
20495
17672
17709
20496
17673
17710
20497
17674
17711
20498
17675
17712
20499
17676
17713
20500
17677
17714
20501
17678
17715
20502
17679
17716
20503
17680
17717
20504
17681
17718
20505
17682
17719
20506
17683
17720
20507
17684
17721
20508
17685
17722
20509
17686
17723
20510
17687
17724
20511
17688
17725
20512
17689
17726
20513
17690
17727
20514
17691
17728
20515
17692
17729
20516
17693
17730
20517
17694
17731
20518
17732
20519
17696
17733
17697
17734
20520
17698
17735
20521
17699
17736
20522
17700
17737
20523
17701
17738
20524
17702
17739
20525
17703
17740
20526
17704
17741
20527
17705
17742
20528
17706
17743
20529
17707
17744
20530
17708
17745
20531
17709
17746
20532
17710
17747
20533
17711
17748
20534
17712
17749
20535
17713
17750
20536
17714
17751
20537
17715
17752
20538
17716
17753
20539
17717
17754
20540
17718
17755
20541
17719
17756
20542
17720
17757
20543
17721
17758
20544
17722
17759
20545
17723
17760
20546
17724
17761
20547
17725
17762
20548
17726
17763
20549
17727
17764
20550
17728
17765
20551
17729
17766
20552
17730
17767
20553
17731
17768
20554
17732
17769
20555
17770
20556
17734
17772
17735
17773
20558
17736
17774
20559
17737
17775
20560
17738
17776
20561
17739
17777
20562
17740
17778
20563
17741
17779
20564
17742
17780
20565
17743
17781
20566
17744
17782
20567
17745
17783
20568
17746
17784
20569
17747
17785
20570
17748
17786
20571
17749
17787
20572
17750
17788
20573
17751
17789
20574
17752
17790
20575
17753
17791
20576
17754
17792
20577
17755
17793
20578
17756
17794
20579
17757
17795
20580
17758
17796
20581
17759
17797
20582
17760
17798
20583
17761
17799
20584
17762
17800
20585
17763
17801
20586
17764
17802
20587
17765
17803
20588
17766
17804
20589
17767
17805
20590
17768
17806
20591
17769
17807
20592
17770
17808
20593
17771
17809
20594
17810
20595
17773
17774
17811
20596
17775
17812
20597
17776
17813
20598
17777
17814
20599
17778
17815
20600
17779
17816
20601
17780
17817
20602
17781
17818
20603
17782
17819
20604
17783
17820
20605
17784
17821
20606
17785
17822
20607
17786
17823
20608
17787
17824
20609
17788
17825
20610
17789
17826
20611
17790
17827
20612
17791
17828
20613
17792
17829
20614
17793
17830
20615
17794
17831
20616
17795
17832
20617
17796
17833
20618
17797
17834
20619
17798
17835
20620
17799
17836
20621
17800
17837
20622
17801
17838
20623
17802
17839
20624
17803
17840
20625
17804
17841
20626
17805
17842
20627
17806
17843
20628
17807
17844
20629
17808
17845
20630
17809
17846
20631
17810
17847
20632
17848
20633
17812
17850
20635
17813
17851
20636
17814
17852
20637
17815
17853
20638
17816
17854
20639
17817
17855
20640
17818
17856
20641
17819
17857
20642
17820
17858
20643
17821
17859
20644
17822
17860
20645
17823
17861
20646
17824
17862
20647
17825
17863
20648
17826
17864
20649
17827
17865
20650
17828
17866
20651
17829
17867
20652
17830
17868
20653
17831
17869
20654
17832
17870
20655
17833
17871
20656
17834
17872
20657
17835
17873
20658
17836
17874
20659
17837
17875
20660
17838
17876
20661
17839
17877
20662
17840
17878
20663
17841
17879
20664
17842
17880
20665
17843
17881
20666
17844
17882
20667
17845
17883
20668
17846
17884
20669
17847
17885
20670
17848
17886
20671
17849
17887
20672
17888
20673
17851
17889
20674
17852
17890
20675
17853
17891
20676
17854
17892
20677
17855
17893
20678
17856
17894
20679
17857
17895
20680
17858
17896
20681
17859
17897
20682
17860
17898
20683
17861
17899
20684
17862
17900
20685
17863
17901
20686
17864
17902
20687
17865
17903
20688
17866
17904
20689
17867
17905
20690
17868
17906
20691
17869
17907
20692
17870
17908
20693
17871
17909
20694
17872
17910
20695
17873
17911
20696
17874
17912
20697
17875
17913
20698
17876
17914
20699
17877
17915
20700
17878
17916
20701
17879
17917
20702
17880
17918
20703
17881
17919
20704
17882
17920
20705
17883
17921
20706
17884
17922
20707
17885
17923
20708
17886
17924
20709
17887
17925
20710
17888
17926
20711
17927
20712
17890
17929
20714
17891
17930
20715
17892
17931
20716
17893
17932
20717
17894
17933
20718
17895
17934
20719
17896
17935
20720
17897
17936
20721
17898
17937
20722
17899
17938
20723
17900
17939
20724
17901
17940
20725
17902
17941
20726
17903
17942
20727
17904
17943
20728
17905
17944
20729
17906
17945
20730
17907
17946
20731
17908
17947
20732
17909
17948
20733
17910
17949
20734
17911
17950
20735
17912
17951
20736
17913
17952
20737
17914
17953
20738
17915
17954
20739
17916
17955
20740
17917
17956
20741
17918
17957
20742
17919
17958
20743
17920
17959
20744
17921
17960
20745
17922
17961
20746
17923
17962
20747
17924
17963
20748
17925
17964
20749
17926
17965
20750
17927
17966
20751
17928
17967
20752
17968
20753
17930
17970
20754
17931
17971
20755
17932
17972
20756
17933
17973
20757
17934
17974
20758
17935
17975
20759
17936
17976
20760
17937
17977
20761
17938
17978
20762
17939
17979
20763
17940
17980
20764
17941
17981
20765
17942
17982
20766
17943
17983
20767
17944
17984
20768
17945
17985
20769
17946
17986
20770
17947
17987
20771
17948
17988
20772
17949
17989
20773
17950
17990
20774
17951
17991
20775
17952
17992
20776
17953
17993
20777
17954
17994
20778
17955
17995
20779
17956
17996
20780
17957
17997
20781
17958
17998
20782
17959
17999
20783
17960
18000
20784
17961
18001
20785
17962
18002
20786
17963
18003
20787
17964
18004
20788
17965
18005
20789
17966
18006
20790
17967
18007
20791
17968
18008
20792
17969
18009
20793
18010
20794
17971
18012
20795
17972
18013
20796
17973
18014
20797
17974
18015
20798
17975
18016
20799
17976
18017
20800
17977
18018
20801
17978
18019
20802
17979
18020
20803
17980
18021
20804
17981
18022
20805
17982
18023
20806
17983
18024
20807
17984
18025
20808
17985
18026
20809
17986
18027
20810
17987
18028
20811
17988
18029
20812
17989
18030
20813
17990
18031
20814
17991
18032
20815
17992
18033
20816
17993
18034
20817
17994
18035
20818
17995
18036
20819
17996
18037
20820
17997
18038
20821
17998
18039
20822
17999
18040
20823
18000
18041
20824
18001
18042
20825
18002
18043
20826
18003
18044
20827
18004
18045
20828
18005
18046
20829
18006
18047
20830
18007
18048
20831
18008
18049
20832
18009
18050
20833
18010
18051
20834
18011
18052
20835
18053
20836
18013
18055
20837
18014
18056
20838
18015
18057
20839
18016
18058
20840
18017
18059
20841
18018
18060
20842
18019
18061
20843
18020
18062
20844
18021
18063
20845
18022
18064
20846
18023
18065
20847
18024
18066
20848
18025
18067
20849
18026
18068
20850
18027
18069
20851
18028
18070
20852
18029
18071
20853
18030
18072
20854
18031
18073
20855
18032
18074
20856
18033
18075
20857
18034
18076
20858
18035
18077
20859
18036
18078
20860
18037
18079
20861
18038
18080
20862
18039
18081
20863
18040
18082
20864
18041
18083
20865
18042
18084
20866
18043
18085
20867
18044
18086
20868
18045
18087
20869
18046
18088
20870
18047
18089
20871
18048
18090
20872
18049
18091
20873
18050
18092
20874
18051
18093
20875
18052
18094
20876
18053
18095
20877
18054
18096
20878
18097
20879
18056
18057
18100
20880
18058
18101
20881
18059
18102
20882
18060
18103
20883
18061
18104
20884
18062
18105
20885
18063
18106
20886
18064
18107
20887
18065
18108
20888
18066
18109
20889
18067
18110
20890
18068
18111
20891
18069
18112
20892
18070
18113
20893
18071
18114
20894
18072
18115
20895
18073
18116
20896
18074
18117
20897
18075
18118
20898
18076
18119
20899
18077
18120
20900
18078
18121
20901
18079
18122
20902
18080
18123
20903
18081
18124
20904
18082
18125
20905
18083
18126
20906
18084
18127
20907
18085
18128
20908
18086
18129
20909
18087
18130
20910
18088
18131
20911
18089
18132
20912
18090
18133
20913
18091
18134
20914
18092
18135
20915
18093
18136
20916
18094
18137
20917
18095
18138
20918
18096
18139
20919
18097
18140
20920
18098
18141
20921
18099
18142
20922
18143
20923
18101
18146
20924
18102
18147
20925
18103
18148
20926
18104
18149
20927
18105
18150
20928
18106
18151
20929
18107
18152
20930
18108
18153
20931
18109
18154
20932
18110
18155
20933
18111
18156
20934
18112
18157
20935
18113
18158
20936
18114
18159
20937
18115
18160
20938
18116
18161
20939
18117
18162
20940
18118
18163
20941
18119
18164
20942
18120
18165
20943
18121
18166
20944
18122
18167
20945
18123
18168
20946
18124
18169
20947
18125
18170
20948
18126
18171
20949
18127
18172
20950
18128
18173
20951
18129
18174
20952
18130
18175
20953
18131
18176
20954
18132
18177
20955
18133
18178
20956
18134
18179
20957
18135
18180
20958
18136
18181
20959
18137
18182
20960
18138
18183
20961
18139
18184
20962
18140
18185
20963
18141
18186
20964
18142
18187
20965
18143
18188
20966
18144
18189
20967
18145
18190
20968
18191
20969
18147
18192
20970
18148
18193
20971
18149
18194
20972
18150
18195
20973
18151
18196
20974
18152
18197
20975
18153
18198
20976
18154
18199
20977
18155
18200
20978
18156
18201
20979
18157
18202
20980
18158
18203
20981
18159
18204
20982
18160
18205
20983
18161
18206
20984
18162
18207
20985
18163
18208
20986
18164
18209
20987
18165
18210
20988
18166
18211
20989
18167
18212
20990
18168
18213
20991
18169
18214
20992
18170
18215
20993
18171
18216
20994
18172
18217
20995
18173
18218
20996
18174
18219
20997
18175
18220
20998
18176
18221
20999
18177
18222
21000
18178
18223
21001
18179
18224
21002
18180
18225
21003
18181
18226
21004
18182
18227
21005
18183
18228
21006
18184
18229
21007
18185
18230
21008
18186
18231
21009
18187
18232
21010
18188
18233
21011
18189
18234
21012
18190
18235
21013
18191
18236
21014
18237
21015
18193
18238
21016
18194
18239
21017
18195
18240
21018
18196
18241
21019
18197
18242
21020
18198
18243
21021
18199
18244
21022
18200
18245
21023
18201
18246
21024
18202
18247
21025
18203
18248
21026
18204
18249
21027
18205
18250
21028
18206
18251
21029
18207
18252
21030
18208
18253
21031
18209
18254
21032
18210
18255
21033
18211
18256
21034
18212
18257
21035
18213
18258
21036
18214
18259
21037
18215
18260
21038
18216
18261
21039
18217
18262
21040
18218
18263
21041
18219
18264
21042
18220
18265
21043
18221
18266
21044
18222
18267
21045
18223
18268
21046
18224
18269
21047
18225
18270
21048
18226
18271
21049
18227
18272
21050
18228
18273
21051
18229
18274
21052
18230
18275
21053
18231
18276
21054
18232
18277
21055
18233
18278
21056
18234
18279
21057
18235
18280
21058
18236
18281
21059
18237
18282
21060
18283
21061
18239
18284
21062
18240
18285
21063
18241
18286
21064
18242
18287
21065
18243
18288
21066
18244
18289
21067
18245
18290
21068
18246
18291
21069
18247
18292
21070
18248
18293
21071
18249
18294
21072
18250
18295
21073
18251
18296
21074
18252
18297
21075
18253
18298
21076
18254
18299
21077
18255
18300
21078
18256
18301
21079
18257
18302
21080
18258
18303
21081
18259
18304
21082
18260
18305
21083
18261
18306
21084
18262
18307
21085
18263
18308
21086
18264
18309
21087
18265
18310
21088
18266
18311
21089
18267
18312
21090
18268
18313
21091
18269
18314
21092
18270
18315
21093
18271
18316
21094
18272
18317
21095
18273
18318
21096
18274
18319
21097
18275
18320
21098
18276
18321
21099
18277
18322
21100
18278
18323
21101
18279
18324
21102
18280
18325
21103
18281
18326
21104
18282
18327
21105
18283
18328
21106
18329
21107
18285
18330
21108
18286
18331
21109
18287
18332
21110
18288
18333
21111
18289
18334
21112
18290
18335
21113
18291
18336
21114
18292
18337
21115
18293
18338
21116
18294
18339
21117
18295
18340
21118
18296
18341
21119
18297
18342
21120
18298
18343
21121
18299
18344
21122
18300
18345
21123
18301
18346
21124
18302
18347
21125
18303
18348
21126
18304
18349
21127
18305
18350
21128
18306
18351
21129
18307
18352
21130
18308
18353
21131
18309
18354
21132
18310
18355
21133
18311
18356
21134
18312
18357
21135
18313
18358
21136
18314
18359
21137
18315
18360
21138
18316
18361
21139
18317
18362
21140
18318
18363
21141
18319
18364
21142
18320
18365
21143
18321
18366
21144
18322
18367
21145
18323
18368
21146
18324
18369
21147
18325
18370
21148
18326
18371
21149
18327
18372
21150
18328
18373
21151
18329
18374
21152
18375
21153
18331
18376
21154
18332
18377
21155
18333
18378
21156
18334
18379
21157
18335
18380
21158
18336
18381
21159
18337
18382
21160
18338
18383
21161
18339
18384
21162
18340
18385
21163
18341
18386
21164
18342
18387
21165
18343
18388
21166
18344
18389
21167
18345
18390
21168
18346
18391
21169
18347
18392
21170
18348
18393
21171
18349
18394
21172
18350
18395
21173
18351
18396
21174
18352
18397
21175
18353
18398
21176
18354
18399
21177
18355
18400
21178
18356
18401
21179
18357
18402
21180
18358
18403
21181
18359
18404
21182
18360
18405
21183
18361
18406
21184
18362
18407
21185
18363
18408
21186
18364
18409
21187
18365
18410
21188
18366
18411
21189
18367
18412
21190
18368
18413
21191
18369
18414
21192
18370
18415
21193
18371
18416
21194
18372
18417
21195
18373
18418
21196
18374
18419
21197
18375
18420
21198
18421
21199
18377
18422
21200
18378
18423
21201
18379
18424
21202
18380
18425
21203
18381
18426
21204
18382
18427
21205
18383
18428
21206
18384
18429
21207
18385
18430
21208
18386
18431
21209
18387
18432
21210
18388
18433
21211
18389
18434
21212
18390
18435
21213
18391
18436
21214
18392
18437
21215
18393
18438
21216
18394
18439
21217
18395
18440
21218
18396
18441
21219
18397
18442
21220
18398
18443
21221
18399
18444
21222
18400
18445
21223
18401
18446
21224
18402
18447
21225
18403
18448
21226
18404
18449
21227
18405
18450
21228
18406
18451
21229
18407
18452
21230
18408
18453
21231
18409
18454
21232
18410
18455
21233
18411
18456
21234
18412
18457
21235
18413
18458
21236
18414
18459
21237
18415
18460
21238
18416
18461
21239
18417
18462
21240
18418
18463
21241
18419
18464
21242
18420
18465
21243
18421
18466
21244
18467
21245
18423
18468
21246
18424
18469
21247
18425
18470
21248
18426
18471
21249
18427
18472
21250
18428
18473
21251
18429
18474
21252
18430
18475
21253
18431
18476
21254
18432
18477
21255
18433
18478
21256
18434
18479
21257
18435
18480
21258
18436
18481
21259
18437
18482
21260
18438
18483
21261
18439
18484
21262
18440
18485
21263
18441
18486
21264
18442
18487
21265
18443
18488
21266
18444
18489
21267
18445
18490
21268
18446
18491
21269
18447
18492
21270
18448
18493
21271
18449
18494
21272
18450
18495
21273
18451
18496
21274
18452
18497
21275
18453
18498
21276
18454
18499
21277
18455
18500
21278
18456
18501
21279
18457
18502
21280
18458
18503
21281
18459
18504
21282
18460
18505
21283
18461
18506
21284
18462
18507
21285
18463
18508
21286
18464
18509
21287
18465
18510
21288
18466
18511
21289
18467
18512
21290
18513
21291
18469
18514
21292
18470
18515
21293
18471
18516
21294
18472
18517
21295
18473
18518
21296
18474
18519
21297
18475
18520
21298
18476
18521
21299
18477
18522
21300
18478
18523
21301
18479
18524
21302
18480
18525
21303
18481
18526
21304
18482
18527
21305
18483
18528
21306
18484
18529
21307
18485
18530
21308
18486
18531
21309
18487
18532
21310
18488
18533
21311
18489
18534
21312
18490
18535
21313
18491
18536
21314
18492
18537
21315
18493
18538
21316
18494
18539
21317
18495
18540
21318
18496
18541
21319
18497
18542
21320
18498
18543
21321
18499
18544
21322
18500
18545
21323
18501
18546
21324
18502
18547
21325
18503
18548
21326
18504
18549
21327
18505
18550
21328
18506
18551
21329
18507
18552
21330
18508
18553
21331
18509
18554
21332
18510
18555
21333
18511
18556
21334
18512
18557
21335
18513
18558
21336
18559
21337
18515
18560
21338
18516
18561
21339
18517
18562
21340
18518
18563
21341
18519
18564
21342
18520
18565
21343
18521
18566
21344
18522
18567
21345
18523
18568
21346
18524
18569
21347
18525
18570
21348
18526
18571
21349
18527
18572
21350
18528
18573
21351
18529
18574
21352
18530
18575
21353
18531
18576
21354
18532
18577
21355
18533
18578
21356
18534
18579
21357
18535
18580
21358
18536
18581
21359
18537
18582
21360
18538
18583
21361
18539
18584
21362
18540
18585
21363
18541
18586
21364
18542
18587
21365
18543
18588
21366
18544
18589
21367
18545
18590
21368
18546
18591
21369
18547
18592
21370
18548
18593
21371
18549
18594
21372
18550
18595
21373
18551
18596
21374
18552
18597
21375
18553
18598
21376
18554
18599
21377
18555
18600
21378
18556
18601
21379
18557
18602
21380
18558
18603
21381
18559
18604
21382
18605
21383
18561
18606
21384
18562
18607
21385
18563
18608
21386
18564
18609
21387
18565
18610
21388
18566
18611
21389
18567
18612
21390
18568
18613
21391
18569
18614
21392
18570
18615
21393
18571
18616
21394
18572
18617
21395
18573
18618
21396
18574
18619
21397
18575
18620
21398
18576
18621
21399
18577
18622
21400
18578
18623
21401
18579
18624
21402
18580
18625
21403
18581
18626
21404
18582
18627
21405
18583
18628
21406
18584
18629
21407
18585
18630
21408
18586
18631
21409
18587
18632
21410
18588
18633
21411
18589
18634
21412
18590
18635
21413
18591
18636
21414
18592
18637
21415
18593
18638
21416
18594
18639
21417
18595
18640
21418
18596
18641
21419
18597
18642
21420
18598
18643
21421
18599
18644
21422
18600
18645
21423
18601
18646
21424
18602
18647
21425
18603
18648
21426
18604
18649
21427
18605
18650
21428
18651
21429
18607
18652
21430
18608
18653
21431
18609
18654
21432
18610
18655
21433
18611
18656
21434
18612
18657
21435
18613
18658
21436
18614
18659
21437
18615
18660
21438
18616
18661
21439
18617
18662
21440
18618
18663
21441
18619
18664
21442
18620
18665
21443
18621
18666
21444
18622
18667
21445
18623
18668
21446
18624
18669
21447
18625
18670
21448
18626
18671
21449
18627
18672
21450
18628
18673
21451
18629
18674
21452
18630
18675
21453
18631
18676
21454
18632
18677
21455
18633
18678
21456
18634
18679
21457
18635
18680
21458
18636
18681
21459
18637
18682
21460
18638
18683
21461
18639
18684
21462
18640
18685
21463
18641
18686
21464
18642
18687
21465
18643
18688
21466
18644
18689
21467
18645
18690
21468
18646
18691
21469
18647
18692
21470
18648
18693
21471
18649
18694
21472
18650
18695
21473
18651
18696
21474
18697
21475
18653
18698
21476
18654
18699
21477
18655
18700
21478
18656
18701
21479
18657
18702
21480
18658
18703
21481
18659
18704
21482
18660
18705
21483
18661
18706
21484
18662
18707
21485
18663
18708
21486
18664
18709
21487
18665
18710
21488
18666
18711
21489
18667
18712
21490
18668
18713
21491
18669
18714
21492
18670
18715
21493
18671
18716
21494
18672
18717
21495
18673
18718
21496
18674
18719
21497
18675
18720
21498
18676
18721
21499
18677
18722
21500
18678
18723
21501
18679
18724
21502
18680
18725
21503
18681
18726
21504
18682
18727
21505
18683
18728
21506
18684
18729
21507
18685
18730
21508
18686
18731
21509
18687
18732
21510
18688
18733
21511
18689
18734
21512
18690
18735
21513
18691
18736
21514
18692
18737
21515
18693
18738
21516
18694
18739
21517
18695
18740
21518
18696
18741
21519
18697
18742
21520
18743
21521
18699
18744
21522
18700
18745
21523
18701
18746
21524
18702
18747
21525
18703
18748
21526
18704
18749
21527
18705
18750
21528
18706
18751
21529
18707
18752
21530
18708
18753
21531
18709
18754
21532
18710
18755
21533
18711
18756
21534
18712
18757
21535
18713
18758
21536
18714
18759
21537
18715
18760
21538
18716
18761
21539
18717
18762
21540
18718
18763
21541
18719
18764
21542
18720
18765
21543
18721
18766
21544
18722
18767
21545
18723
18768
21546
18724
18769
21547
18725
18770
21548
18726
18771
21549
18727
18772
21550
18728
18773
21551
18729
18774
21552
18730
18775
21553
18731
18776
21554
18732
18777
21555
18733
18778
21556
18734
18779
21557
18735
18780
21558
18736
18781
21559
18737
18782
21560
18738
18783
21561
18739
18784
21562
18740
18785
21563
18741
18786
21564
18742
18787
21565
18743
18788
21566
18789
21567
18745
18790
21568
18746
18791
21569
18747
18792
21570
18748
18793
21571
18749
18794
21572
18750
18795
21573
18751
18796
21574
18752
18797
21575
18753
18798
21576
18754
18799
21577
18755
18800
21578
18756
18801
21579
18757
18802
21580
18758
18803
21581
18759
18804
21582
18760
18805
21583
18761
18806
21584
18762
18807
21585
18763
18808
21586
18764
18809
21587
18765
18810
21588
18766
18811
21589
18767
18812
21590
18768
18813
21591
18769
18814
21592
18770
18815
21593
18771
18816
21594
18772
18817
21595
18773
18818
21596
18774
18819
21597
18775
18820
21598
18776
18821
21599
18777
18822
21600
18778
18823
21601
18779
18824
21602
18780
18825
21603
18781
18826
21604
18782
18827
21605
18783
18828
21606
18784
18829
21607
18785
18830
21608
18786
18831
21609
18787
18832
21610
18788
18833
21611
18789
18834
21612
18835
21613
18791
18836
21614
18792
18837
21615
18793
18838
21616
18794
18839
21617
18795
18840
21618
18796
18841
21619
18797
18842
21620
18798
18843
21621
18799
18844
21622
18800
18845
21623
18801
18846
21624
18802
18847
21625
18803
18848
21626
18804
18849
21627
18805
18850
21628
18806
18851
21629
18807
18852
21630
18808
18853
21631
18809
18854
21632
18810
18855
21633
18811
18856
21634
18812
18857
21635
18813
18858
21636
18814
18859
21637
18815
18860
21638
18816
18861
21639
18817
18862
21640
18818
18863
21641
18819
18864
21642
18820
18865
21643
18821
18866
21644
18822
18867
21645
18823
18868
21646
18824
18869
21647
18825
18870
21648
18826
18871
21649
18827
18872
21650
18828
18873
21651
18829
18874
21652
18830
18875
21653
18831
18876
21654
18832
18877
21655
18833
18878
21656
18834
18879
21657
18835
18880
21658
18881
21659
18837
18882
21660
18838
18883
21661
18839
18884
21662
18840
18885
21663
18841
18886
21664
18842
18887
21665
18843
18888
21666
18844
18889
21667
18845
18890
21668
18846
18891
21669
18847
18892
21670
18848
18893
21671
18849
18894
21672
18850
18895
21673
18851
18896
21674
18852
18897
21675
18853
18898
21676
18854
18899
21677
18855
18900
21678
18856
18901
21679
18857
18902
21680
18858
18903
21681
18859
18904
21682
18860
18905
21683
18861
18906
21684
18862
18907
21685
18863
18908
21686
18864
18909
21687
18865
18910
21688
18866
18911
21689
18867
18912
21690
18868
18913
21691
18869
18914
21692
18870
18915
21693
18871
18916
21694
18872
18917
21695
18873
18918
21696
18874
18919
21697
18875
18920
21698
18876
18921
21699
18877
18922
21700
18878
18923
21701
18879
18924
21702
18880
18925
21703
18881
18926
21704
18927
21705
18883
18928
21706
18884
18929
21707
18885
18930
21708
18886
18931
21709
18887
18932
21710
18888
18933
21711
18889
18934
21712
18890
18935
21713
18891
18936
21714
18892
18937
21715
18893
18938
21716
18894
18939
21717
18895
18940
21718
18896
18941
21719
18897
18942
21720
18898
18943
21721
18899
18944
21722
18900
18945
21723
18901
18946
21724
18902
18947
21725
18903
18948
21726
18904
18949
21727
18905
18950
21728
18906
18951
21729
18907
18952
21730
18908
18953
21731
18909
18954
21732
18910
18955
21733
18911
18956
21734
18912
18957
21735
18913
18958
21736
18914
18959
21737
18915
18960
21738
18916
18961
21739
18917
18962
21740
18918
18963
21741
18919
18964
21742
18920
18965
21743
18921
18966
21744
18922
18967
21745
18923
18968
21746
18924
18969
21747
18925
18970
21748
18926
18971
21749
18927
18972
21750
18973
21751
18929
18974
21752
18930
18975
21753
18931
18976
21754
18932
18977
21755
18933
18978
21756
18934
18979
21757
18935
18980
21758
18936
18981
21759
18937
18982
21760
18938
18983
21761
18939
18984
21762
18940
18985
21763
18941
18986
21764
18942
18987
21765
18943
18988
21766
18944
18989
21767
18945
18990
21768
18946
18991
21769
18947
18992
21770
18948
18993
21771
18949
18994
21772
18950
18995
21773
18951
18996
21774
18952
18997
21775
18953
18998
21776
18954
18999
21777
18955
19000
21778
18956
19001
21779
18957
19002
21780
18958
19003
21781
18959
19004
21782
18960
19005
21783
18961
19006
21784
18962
19007
21785
18963
19008
21786
18964
19009
21787
18965
19010
21788
18966
19011
21789
18967
19012
21790
18968
19013
21791
18969
19014
21792
18970
19015
21793
18971
19016
21794
18972
19017
21795
18973
19018
21796
19019
21797
18975
19020
21798
18976
19021
21799
18977
19022
21800
18978
19023
21801
18979
19024
21802
18980
19025
21803
18981
19026
21804
18982
19027
21805
18983
19028
21806
18984
19029
21807
18985
19030
21808
18986
19031
21809
18987
19032
21810
18988
19033
21811
18989
19034
21812
18990
19035
21813
18991
19036
21814
18992
19037
21815
18993
19038
21816
18994
19039
21817
18995
19040
21818
18996
19041
21819
18997
19042
21820
18998
19043
21821
18999
19044
21822
19000
19045
21823
19001
19046
21824
19002
19047
21825
19003
19048
21826
19004
19049
21827
19005
19050
21828
19006
19051
21829
19007
19052
21830
19008
19053
21831
19009
19054
21832
19010
19055
21833
19011
19056
21834
19012
19057
21835
19013
19058
21836
19014
19059
21837
19015
19060
21838
19016
19061
21839
19017
19062
21840
19018
19063
21841
19019
19064
21842
19065
21843
19021
19067
21844
19022
19068
21845
19023
19069
21846
19024
19070
21847
19025
19071
21848
19026
19072
21849
19027
19073
21850
19028
19074
21851
19029
19075
21852
19030
19076
21853
19031
19077
21854
19032
19078
21855
19033
19079
21856
19034
19080
21857
19035
19081
21858
19036
19082
21859
19037
19083
21860
19038
19084
21861
19039
19085
21862
19040
19086
21863
19041
19087
21864
19042
19088
21865
19043
19089
21866
19044
19090
21867
19045
19091
21868
19046
19092
21869
19047
19093
21870
19048
19094
21871
19049
19095
21872
19050
19096
21873
19051
19097
21874
19052
19098
21875
19053
19099
21876
19054
19100
21877
19055
19101
21878
19056
19102
21879
19057
19103
21880
19058
19104
21881
19059
19105
21882
19060
19106
21883
19061
19107
21884
19062
19108
21885
19063
19109
21886
19064
19110
21887
19065
19111
21888
19112
21889
19067
19113
19068
19114
21890
19069
19115
21891
19070
19116
21892
19071
19117
21893
19072
19118
21894
19073
19119
21895
19074
19120
21896
19075
19121
21897
19076
19122
21898
19077
19123
21899
19078
19124
21900
19079
19125
21901
19080
19126
21902
19081
19127
21903
19082
19128
21904
19083
19129
21905
19084
19130
21906
19085
19131
21907
19086
19132
21908
19087
19133
21909
19088
19134
21910
19089
19135
21911
19090
19136
21912
19091
19137
21913
19092
19138
21914
19093
19139
21915
19094
19140
21916
19095
19141
21917
19096
19142
21918
19097
19143
21919
19098
19144
21920
19099
19145
21921
19100
19146
21922
19101
19147
21923
19102
19148
21924
19103
19149
21925
19104
19150
21926
19105
19151
21927
19106
19152
21928
19107
19153
21929
19108
19154
21930
19109
19155
21931
19110
19156
21932
19111
19157
21933
19112
19158
21934
19159
21935
19114
19160
21936
19115
19161
21937
19116
19162
21938
19117
19163
21939
19118
19164
21940
19119
19165
21941
19120
19166
21942
19121
19167
21943
19122
19168
21944
19123
19169
21945
19124
19170
21946
19125
19171
21947
19126
19172
21948
19127
19173
21949
19128
19174
21950
19129
19175
21951
19130
19176
21952
19131
19177
21953
19132
19178
21954
19133
19179
21955
19134
19180
21956
19135
19181
21957
19136
19182
21958
19137
19183
21959
19138
19184
21960
19139
19185
21961
19140
19186
21962
19141
19187
21963
19142
19188
21964
19143
19189
21965
19144
19190
21966
19145
19191
21967
19146
19192
21968
19147
19193
21969
19148
19194
21970
19149
19195
21971
19150
19196
21972
19151
19197
21973
19152
19198
21974
19153
19199
21975
19154
19200
21976
19155
19201
21977
19156
19202
21978
19157
19203
21979
19158
19204
21980
19159
19205
21981
19206
21982
19161
19208
21983
19162
19209
21984
19163
19210
21985
19164
19211
21986
19165
19212
21987
19166
19213
21988
19167
19214
21989
19168
19215
21990
19169
19216
21991
19170
19217
21992
19171
19218
21993
19172
19219
21994
19173
19220
21995
19174
19221
21996
19175
19222
21997
19176
19223
21998
19177
19224
21999
19178
19225
22000
19179
19226
22001
19180
19227
22002
19181
19228
22003
19182
19229
22004
19183
19230
22005
19184
19231
22006
19185
19232
22007
19186
19233
22008
19187
19234
22009
19188
19235
22010
19189
19236
22011
19190
19237
22012
19191
19238
22013
19192
19239
22014
19193
19240
22015
19194
19241
22016
19195
19242
22017
19196
19243
22018
19197
19244
22019
19198
19245
22020
19199
19246
22021
19200
19247
22022
19201
19248
22023
19202
19249
22024
19203
19250
22025
19204
19251
22026
19205
19252
22027
19206
19253
22028
19254
22029
19208
19255
19209
19256
22030
19210
19257
22031
19211
19258
22032
19212
19259
22033
19213
19260
22034
19214
19261
22035
19215
19262
22036
19216
19263
22037
19217
19264
22038
19218
19265
22039
19219
19266
22040
19220
19267
22041
19221
19268
22042
19222
19269
22043
19223
19270
22044
19224
19271
22045
19225
19272
22046
19226
19273
22047
19227
19274
22048
19228
19275
22049
19229
19276
22050
19230
19277
22051
19231
19278
22052
19232
19279
22053
19233
19280
22054
19234
19281
22055
19235
19282
22056
19236
19283
22057
19237
19284
22058
19238
19285
22059
19239
19286
22060
19240
19287
22061
19241
19288
22062
19242
19289
22063
19243
19290
22064
19244
19291
22065
19245
19292
22066
19246
19293
22067
19247
19294
22068
19248
19295
22069
19249
19296
22070
19250
19297
22071
19251
19298
22072
19252
19299
22073
19253
19300
22074
19254
19301
22075
19302
22076
19256
19303
22077
19257
19304
22078
19258
19305
22079
19259
19306
22080
19260
19307
22081
19261
19308
22082
19262
19309
22083
19263
19310
22084
19264
19311
22085
19265
19312
22086
19266
19313
22087
19267
19314
22088
19268
19315
22089
19269
19316
22090
19270
19317
22091
19271
19318
22092
19272
19319
22093
19273
19320
22094
19274
19321
22095
19275
19322
22096
19276
19323
22097
19277
19324
22098
19278
19325
22099
19279
19326
22100
19280
19327
22101
19281
19328
22102
19282
19329
22103
19283
19330
22104
19284
19331
22105
19285
19332
22106
19286
19333
22107
19287
19334
22108
19288
19335
22109
19289
19336
22110
19290
19337
22111
19291
19338
22112
19292
19339
22113
19293
19340
22114
19294
19341
22115
19295
19342
22116
19296
19343
22117
19297
19344
22118
19298
19345
22119
19299
19346
22120
19300
19347
22121
19301
19348
22122
19302
19349
22123
19350
22124
19304
19351
22125
19305
19352
22126
19306
19353
22127
19307
19354
22128
19308
19355
22129
19309
19356
22130
19310
19357
22131
19311
19358
22132
19312
19359
22133
19313
19360
22134
19314
19361
22135
19315
19362
22136
19316
19363
22137
19317
19364
22138
19318
19365
22139
19319
19366
22140
19320
19367
22141
19321
19368
22142
19322
19369
22143
19323
19370
22144
19324
19371
22145
19325
19372
22146
19326
19373
22147
19327
19374
22148
19328
19375
22149
19329
19376
22150
19330
19377
22151
19331
19378
22152
19332
19379
22153
19333
19380
22154
19334
19381
22155
19335
19382
22156
19336
19383
22157
19337
19384
22158
19338
19385
22159
19339
19386
22160
19340
19387
22161
19341
19388
22162
19342
19389
22163
19343
19390
22164
19344
19391
22165
19345
19392
22166
19346
19393
22167
19347
19394
22168
19348
19395
22169
19349
19396
22170
19350
19397
22171
19398
22172
19352
19399
22173
19353
19400
22174
19354
19401
22175
19355
19402
22176
19356
19403
22177
19357
19404
22178
19358
19405
22179
19359
19406
22180
19360
19407
22181
19361
19408
22182
19362
19409
22183
19363
19410
22184
19364
19411
22185
19365
19412
22186
19366
19413
22187
19367
19414
22188
19368
19415
22189
19369
19416
22190
19370
19417
22191
19371
19418
22192
19372
19419
22193
19373
19420
22194
19374
19421
22195
19375
19422
22196
19376
19423
22197
19377
19424
22198
19378
19425
22199
19379
19426
22200
19380
19427
22201
19381
19428
22202
19382
19429
22203
19383
19430
22204
19384
19431
22205
19385
19432
22206
19386
19433
22207
19387
19434
22208
19388
19435
22209
19389
19436
22210
19390
19437
22211
19391
19438
22212
19392
19439
22213
19393
19440
22214
19394
19441
22215
19395
19442
22216
19396
19443
22217
19397
19444
22218
19398
19445
22219
19446
22220
19400
19447
22221
19401
19448
22222
19402
19449
22223
19403
19450
22224
19404
19451
22225
19405
19452
22226
19406
19453
22227
19407
19454
22228
19408
19455
22229
19409
19456
22230
19410
19457
22231
19411
19458
22232
19412
19459
22233
19413
19460
22234
19414
19461
22235
19415
19462
22236
19416
19463
22237
19417
19464
22238
19418
19465
22239
19419
19466
22240
19420
19467
22241
19421
19468
22242
19422
19469
22243
19423
19470
22244
19424
19471
22245
19425
19472
22246
19426
19473
22247
19427
19474
22248
19428
19475
22249
19429
19476
22250
19430
19477
22251
19431
19478
22252
19432
19479
22253
19433
19480
22254
19434
19481
22255
19435
19482
22256
19436
19483
22257
19437
19484
22258
19438
19485
22259
19439
19486
22260
19440
19487
22261
19441
19488
22262
19442
19489
22263
19443
19490
22264
19444
19491
22265
19445
19492
22266
19446
19493
22267
19494
22268
19448
19495
22269
19449
19496
22270
19450
19497
22271
19451
19498
22272
19452
19499
22273
19453
19500
22274
19454
19501
22275
19455
19502
22276
19456
19503
22277
19457
19504
22278
19458
19505
22279
19459
19506
22280
19460
19507
22281
19461
19508
22282
19462
19509
22283
19463
19510
22284
19464
19511
22285
19465
19512
22286
19466
19513
22287
19467
19514
22288
19468
19515
22289
19469
19516
22290
19470
19517
22291
19471
19518
22292
19472
19519
22293
19473
19520
22294
19474
19521
22295
19475
19522
22296
19476
19523
22297
19477
19524
22298
19478
19525
22299
19479
19526
22300
19480
19527
22301
19481
19528
22302
19482
19529
22303
19483
19530
22304
19484
19531
22305
19485
19532
22306
19486
19533
22307
19487
19534
22308
19488
19535
22309
19489
19536
22310
19490
19537
22311
19491
19538
22312
19492
19539
22313
19493
19540
22314
19494
19541
22315
19542
22316
19496
19543
22317
19497
19544
22318
19498
19545
22319
19499
19546
22320
19500
19547
22321
19501
19548
22322
19502
19549
22323
19503
19550
22324
19504
19551
22325
19505
19552
22326
19506
19553
22327
19507
19554
22328
19508
19555
22329
19509
19556
22330
19510
19557
22331
19511
19558
22332
19512
19559
22333
19513
19560
22334
19514
19561
22335
19515
19562
22336
19516
19563
22337
19517
19564
22338
19518
19565
22339
19519
19566
22340
19520
19567
22341
19521
19568
22342
19522
19569
22343
19523
19570
22344
19524
19571
22345
19525
19572
22346
19526
19573
22347
19527
19574
22348
19528
19575
22349
19529
19576
22350
19530
19577
22351
19531
19578
22352
19532
19579
22353
19533
19580
22354
19534
19581
22355
19535
19582
22356
19536
19583
22357
19537
19584
22358
19538
19585
22359
19539
19586
22360
19540
19587
22361
19541
19588
22362
19542
19589
22363
19590
22364
19544
19591
22365
19545
19592
22366
19546
19593
22367
19547
19594
22368
19548
19595
22369
19549
19596
22370
19550
19597
22371
19551
19598
22372
19552
19599
22373
19553
19600
22374
19554
19601
22375
19555
19602
22376
19556
19603
22377
19557
19604
22378
19558
19605
22379
19559
19606
22380
19560
19607
22381
19561
19608
22382
19562
19609
22383
19563
19610
22384
19564
19611
22385
19565
19612
22386
19566
19613
22387
19567
19614
22388
19568
19615
22389
19569
19616
22390
19570
19617
22391
19571
19618
22392
19572
19619
22393
19573
19620
22394
19574
19621
22395
19575
19622
22396
19576
19623
22397
19577
19624
22398
19578
19625
22399
19579
19626
22400
19580
19627
22401
19581
19628
22402
19582
19629
22403
19583
19630
22404
19584
19631
22405
19585
19632
22406
19586
19633
22407
19587
19634
22408
19588
19635
22409
19589
19636
22410
19590
19637
22411
19638
22412
19592
22413
19593
22414
19594
22415
19595
22416
19596
22417
19597
22418
19598
22419
19599
22420
19600
22421
19601
22422
19602
22423
19603
22424
19604
22425
19605
22426
19606
22427
19607
22428
19608
22429
19609
22430
19610
22431
19611
22432
19612
22433
19613
22434
19614
22435
19615
22436
19616
22437
19617
22438
19618
22439
19619
22440
19620
22441
19621
22442
19622
22443
19623
22444
19624
22445
19625
22446
19626
22447
19627
22448
19628
22449
19629
22450
19630
22451
19631
22452
19632
22453
19633
22454
19634
22455
19635
22456
19636
22457
19637
22458
19638
22459
22460
19640
19647
22413
22461
19641
19648
22462
19642
19649
22463
19643
19650
22464
19644
19651
22465
19645
19652
22466
19646
19653
22467
19648
19654
22365
22468
19649
19655
22469
19650
19656
22470
19651
19657
22471
19652
19658
22472
19653
19659
22473
22474
19655
19660
22317
22475
19656
19661
22476
19657
19662
22477
19658
19663
22478
19659
19664
22479
22480
19661
19665
22269
22481
19662
19666
22482
19663
19667
22483
19664
19668
22484
22485
19666
19669
22221
22486
19667
19670
22487
19668
22488
22489
19670
19671
22173
22490
22491
22125
22492
19673
19688
22512
19674
19689
22513
19675
19690
22514
19676
19691
22515
19677
19692
22516
19678
19693
22517
19679
19694
22518
19680
19695
22519
19681
19696
22520
19682
19697
22521
19683
19698
22522
19684
19699
22523
19685
19700
22524
19686
19701
22525
19687
19702
22526
19703
22527
19689
19711
22535
19690
19712
22536
19691
19713
22537
19692
19714
22538
19693
19715
22539
19694
19716
22540
19695
19717
22541
19696
19718
22542
19697
19719
22543
19698
19720
22544
19699
19721
22545
19700
19722
22546
19701
19723
22547
19702
19724
22548
19703
19725
22549
19704
19726
22550
19705
19727
22551
19706
19728
22552
19707
19729
22553
19708
19730
22554
19709
19731
22555
19710
19732
22556
19733
22557
19712
19736
22560
19713
19737
22561
19714
19738
22562
19715
19739
22563
19716
19740
22564
19717
19741
22565
19718
19742
22566
19719
19743
22567
19720
19744
22568
19721
19745
22569
19722
19746
22570
19723
19747
22571
19724
19748
22572
19725
19749
22573
19726
19750
22574
19727
19751
22575
19728
19752
22576
19729
19753
22577
19730
19754
22578
19731
19755
22579
19732
19756
22580
19733
19757
22581
19734
19758
22582
19735
19759
22583
19760
22584
19737
19763
22587
19738
19764
22588
19739
19765
22589
19740
19766
22590
19741
19767
22591
19742
19768
22592
19743
19769
22593
19744
19770
22594
19745
19771
22595
19746
19772
22596
19747
19773
22597
19748
19774
22598
19749
19775
22599
19750
19776
22600
19751
19777
22601
19752
19778
22602
19753
19779
22603
19754
19780
22604
19755
19781
22605
19756
19782
22606
19757
19783
22607
19758
19784
22608
19759
19785
22609
19760
19786
22610
19761
19787
22611
19762
19788
22612
19789
22613
19764
19791
22615
19765
19792
22616
19766
19793
22617
19767
19794
22618
19768
19795
22619
19769
19796
22620
19770
19797
22621
19771
19798
22622
19772
19799
22623
19773
19800
22624
19774
19801
22625
19775
19802
22626
19776
19803
22627
19777
19804
22628
19778
19805
22629
19779
19806
22630
19780
19807
22631
19781
19808
22632
19782
19809
22633
19783
19810
22634
19784
19811
22635
19785
19812
22636
19786
19813
22637
19787
19814
22638
19788
19815
22639
19789
19816
22640
19790
19817
22641
19818
22642
19792
19821
22644
19793
19822
22645
19794
19823
22646
19795
19824
22647
19796
19825
22648
19797
19826
22649
19798
19827
22650
19799
19828
22651
19800
19829
22652
19801
19830
22653
19802
19831
22654
19803
19832
22655
19804
19833
22656
19805
19834
22657
19806
19835
22658
19807
19836
22659
19808
19837
22660
19809
19838
22661
19810
19839
22662
19811
19840
22663
19812
19841
22664
19813
19842
22665
19814
19843
22666
19815
19844
22667
19816
19845
22668
19817
19846
22669
19818
19847
22670
19819
19848
22671
19820
19849
22672
19850
22673
19822
19852
22674
19823
19853
22675
19824
19854
22676
19825
19855
22677
19826
19856
22678
19827
19857
22679
19828
19858
22680
19829
19859
22681
19830
19860
22682
19831
19861
22683
19832
19862
22684
19833
19863
22685
19834
19864
22686
19835
19865
22687
19836
19866
22688
19837
19867
22689
19838
19868
22690
19839
19869
22691
19840
19870
22692
19841
19871
22693
19842
19872
22694
19843
19873
22695
19844
19874
22696
19845
19875
22697
19846
19876
22698
19847
19877
22699
19848
19878
22700
19849
19879
22701
19850
19880
22702
19851
19881
22703
19882
22704
19853
19883
22705
19854
19884
22706
19855
19885
22707
19856
19886
22708
19857
19887
22709
19858
19888
22710
19859
19889
22711
19860
19890
22712
19861
19891
22713
19862
19892
22714
19863
19893
22715
19864
19894
22716
19865
19895
22717
19866
19896
22718
19867
19897
22719
19868
19898
22720
19869
19899
22721
19870
19900
22722
19871
19901
22723
19872
19902
22724
19873
19903
22725
19874
19904
22726
19875
19905
22727
19876
19906
22728
19877
19907
22729
19878
19908
22730
19879
19909
22731
19880
19910
22732
19881
19911
22733
19882
19912
22734
19913
22735
19884
19915
22737
19885
19916
22738
19886
19917
22739
19887
19918
22740
19888
19919
22741
19889
19920
22742
19890
19921
22743
19891
19922
22744
19892
19923
22745
19893
19924
22746
19894
19925
22747
19895
19926
22748
19896
19927
22749
19897
19928
22750
19898
19929
22751
19899
19930
22752
19900
19931
22753
19901
19932
22754
19902
19933
22755
19903
19934
22756
19904
19935
22757
19905
19936
22758
19906
19937
22759
19907
19938
22760
19908
19939
22761
19909
19940
22762
19910
19941
22763
19911
19942
22764
19912
19943
22765
19913
19944
22766
19914
19945
22767
19946
22768
19916
19948
22770
19917
19949
22771
19918
19950
22772
19919
19951
22773
19920
19952
22774
19921
19953
22775
19922
19954
22776
19923
19955
22777
19924
19956
22778
19925
19957
22779
19926
19958
22780
19927
19959
22781
19928
19960
22782
19929
19961
22783
19930
19962
22784
19931
19963
22785
19932
19964
22786
19933
19965
22787
19934
19966
22788
19935
19967
22789
19936
19968
22790
19937
19969
22791
19938
19970
22792
19939
19971
22793
19940
19972
22794
19941
19973
22795
19942
19974
22796
19943
19975
22797
19944
19976
22798
19945
19977
22799
19946
19978
22800
19947
19979
22801
19980
22802
19949
19981
22803
19950
19982
22804
19951
19983
22805
19952
19984
22806
19953
19985
22807
19954
19986
22808
19955
19987
22809
19956
19988
22810
19957
19989
22811
19958
19990
22812
19959
19991
22813
19960
19992
22814
19961
19993
22815
19962
19994
22816
19963
19995
22817
19964
19996
22818
19965
19997
22819
19966
19998
22820
19967
19999
22821
19968
20000
22822
19969
20001
22823
19970
20002
22824
19971
20003
22825
19972
20004
22826
19973
20005
22827
19974
20006
22828
19975
20007
22829
19976
20008
22830
19977
20009
22831
19978
20010
22832
19979
20011
22833
19980
20012
22834
20013
22835
19982
20015
22837
19983
20016
22838
19984
20017
22839
19985
20018
22840
19986
20019
22841
19987
20020
22842
19988
20021
22843
19989
20022
22844
19990
20023
22845
19991
20024
22846
19992
20025
22847
19993
20026
22848
19994
20027
22849
19995
20028
22850
19996
20029
22851
19997
20030
22852
19998
20031
22853
19999
20032
22854
20000
20033
22855
20001
20034
22856
20002
20035
22857
20003
20036
22858
20004
20037
22859
20005
20038
22860
20006
20039
22861
20007
20040
22862
20008
20041
22863
20009
20042
22864
20010
20043
22865
20011
20044
22866
20012
20045
22867
20013
20046
22868
20014
20047
22869
20048
22870
20016
20049
22871
20017
20050
22872
20018
20051
22873
20019
20052
22874
20020
20053
22875
20021
20054
22876
20022
20055
22877
20023
20056
22878
20024
20057
22879
20025
20058
22880
20026
20059
22881
20027
20060
22882
20028
20061
22883
20029
20062
22884
20030
20063
22885
20031
20064
22886
20032
20065
22887
20033
20066
22888
20034
20067
22889
20035
20068
22890
20036
20069
22891
20037
20070
22892
20038
20071
22893
20039
20072
22894
20040
20073
22895
20041
20074
22896
20042
20075
22897
20043
20076
22898
20044
20077
22899
20045
20078
22900
20046
20079
22901
20047
20080
22902
20048
20081
22903
20082
22904
20050
20084
22906
20051
20085
22907
20052
20086
22908
20053
20087
22909
20054
20088
22910
20055
20089
22911
20056
20090
22912
20057
20091
22913
20058
20092
22914
20059
20093
22915
20060
20094
22916
20061
20095
22917
20062
20096
22918
20063
20097
22919
20064
20098
22920
20065
20099
22921
20066
20100
22922
20067
20101
22923
20068
20102
22924
20069
20103
22925
20070
20104
22926
20071
20105
22927
20072
20106
22928
20073
20107
22929
20074
20108
22930
20075
20109
22931
20076
20110
22932
20077
20111
22933
20078
20112
22934
20079
20113
22935
20080
20114
22936
20081
20115
22937
20082
20116
22938
20083
20117
22939
20118
22940
20085
20119
22941
20086
20120
22942
20087
20121
22943
20088
20122
22944
20089
20123
22945
20090
20124
22946
20091
20125
22947
20092
20126
22948
20093
20127
22949
20094
20128
22950
20095
20129
22951
20096
20130
22952
20097
20131
22953
20098
20132
22954
20099
20133
22955
20100
20134
22956
20101
20135
22957
20102
20136
22958
20103
20137
22959
20104
20138
22960
20105
20139
22961
20106
20140
22962
20107
20141
22963
20108
20142
22964
20109
20143
22965
20110
20144
22966
20111
20145
22967
20112
20146
22968
20113
20147
22969
20114
20148
22970
20115
20149
22971
20116
20150
22972
20117
20151
22973
20118
20152
22974
20153
22975
20120
20154
22976
20121
20155
22977
20122
20156
22978
20123
20157
22979
20124
20158
22980
20125
20159
22981
20126
20160
22982
20127
20161
22983
20128
20162
22984
20129
20163
22985
20130
20164
22986
20131
20165
22987
20132
20166
22988
20133
20167
22989
20134
20168
22990
20135
20169
22991
20136
20170
22992
20137
20171
22993
20138
20172
22994
20139
20173
22995
20140
20174
22996
20141
20175
22997
20142
20176
22998
20143
20177
22999
20144
20178
23000
20145
20179
23001
20146
20180
23002
20147
20181
23003
20148
20182
23004
20149
20183
23005
20150
20184
23006
20151
20185
23007
20152
20186
23008
20153
20187
23009
20188
23010
20155
20189
23012
20156
20190
23013
20157
20191
23014
20158
20192
23015
20159
20193
23016
20160
20194
23017
20161
20195
23018
20162
20196
23019
20163
20197
23020
20164
20198
23021
20165
20199
23022
20166
20200
23023
20167
20201
23024
20168
20202
23025
20169
20203
23026
20170
20204
23027
20171
20205
23028
20172
20206
23029
20173
20207
23030
20174
20208
23031
20175
20209
23032
20176
20210
23033
20177
20211
23034
20178
20212
23035
20179
20213
23036
20180
20214
23037
20181
20215
23038
20182
20216
23039
20183
20217
23040
20184
20218
23041
20185
20219
23042
20186
20220
23043
20187
20221
23044
20188
20222
23045
20223
23046
20190
20225
23048
20191
20226
23049
20192
20227
23050
20193
20228
23051
20194
20229
23052
20195
20230
23053
20196
20231
23054
20197
20232
23055
20198
20233
23056
20199
20234
23057
20200
20235
23058
20201
20236
23059
20202
20237
23060
20203
20238
23061
20204
20239
23062
20205
20240
23063
20206
20241
23064
20207
20242
23065
20208
20243
23066
20209
20244
23067
20210
20245
23068
20211
20246
23069
20212
20247
23070
20213
20248
23071
20214
20249
23072
20215
20250
23073
20216
20251
23074
20217
20252
23075
20218
20253
23076
20219
20254
23077
20220
20255
23078
20221
20256
23079
20222
20257
23080
20223
20258
23081
20224
20259
23082
20260
23083
20226
20261
23084
20227
20262
23085
20228
20263
23086
20229
20264
23087
20230
20265
23088
20231
20266
23089
20232
20267
23090
20233
20268
23091
20234
20269
23092
20235
20270
23093
20236
20271
23094
20237
20272
23095
20238
20273
23096
20239
20274
23097
20240
20275
23098
20241
20276
23099
20242
20277
23100
20243
20278
23101
20244
20279
23102
20245
20280
23103
20246
20281
23104
20247
20282
23105
20248
20283
23106
20249
20284
23107
20250
20285
23108
20251
20286
23109
20252
20287
23110
20253
20288
23111
20254
20289
23112
20255
20290
23113
20256
20291
23114
20257
20292
23115
20258
20293
23116
20259
20294
23117
20260
20295
23118
20296
23119
20262
20297
23120
20263
20298
23121
20264
20299
23122
20265
20300
23123
20266
20301
23124
20267
20302
23125
20268
20303
23126
20269
20304
23127
20270
20305
23128
20271
20306
23129
20272
20307
23130
20273
20308
23131
20274
20309
23132
20275
20310
23133
20276
20311
23134
20277
20312
23135
20278
20313
23136
20279
20314
23137
20280
20315
23138
20281
20316
23139
20282
20317
23140
20283
20318
23141
20284
20319
23142
20285
20320
23143
20286
20321
23144
20287
20322
23145
20288
20323
23146
20289
20324
23147
20290
20325
23148
20291
20326
23149
20292
20327
23150
20293
20328
23151
20294
20329
23152
20295
20330
23153
20296
20331
23154
20332
23155
20298
20334
23157
20299
20335
23158
20300
20336
23159
20301
20337
23160
20302
20338
23161
20303
20339
23162
20304
20340
23163
20305
20341
23164
20306
20342
23165
20307
20343
23166
20308
20344
23167
20309
20345
23168
20310
20346
23169
20311
20347
23170
20312
20348
23171
20313
20349
23172
20314
20350
23173
20315
20351
23174
20316
20352
23175
20317
20353
23176
20318
20354
23177
20319
20355
23178
20320
20356
23179
20321
20357
23180
20322
20358
23181
20323
20359
23182
20324
20360
23183
20325
20361
23184
20326
20362
23185
20327
20363
23186
20328
20364
23187
20329
20365
23188
20330
20366
23189
20331
20367
23190
20332
20368
23191
20333
20369
23192
20370
23193
20335
20371
23194
20336
20372
23195
20337
20373
23196
20338
20374
23197
20339
20375
23198
20340
20376
23199
20341
20377
23200
20342
20378
23201
20343
20379
23202
20344
20380
23203
20345
20381
23204
20346
20382
23205
20347
20383
23206
20348
20384
23207
20349
20385
23208
20350
20386
23209
20351
20387
23210
20352
20388
23211
20353
20389
23212
20354
20390
23213
20355
20391
23214
20356
20392
23215
20357
20393
23216
20358
20394
23217
20359
20395
23218
20360
20396
23219
20361
20397
23220
20362
20398
23221
20363
20399
23222
20364
20400
23223
20365
20401
23224
20366
20402
23225
20367
20403
23226
20368
20404
23227
20369
20405
23228
20370
20406
23229
20407
23230
20372
20408
20373
20409
23231
20374
20410
23232
20375
20411
23233
20376
20412
23234
20377
20413
23235
20378
20414
23236
20379
20415
23237
20380
20416
23238
20381
20417
23239
20382
20418
23240
20383
20419
23241
20384
20420
23242
20385
20421
23243
20386
20422
23244
20387
20423
23245
20388
20424
23246
20389
20425
23247
20390
20426
23248
20391
20427
23249
20392
20428
23250
20393
20429
23251
20394
20430
23252
20395
20431
23253
20396
20432
23254
20397
20433
23255
20398
20434
23256
20399
20435
23257
20400
20436
23258
20401
20437
23259
20402
20438
23260
20403
20439
23261
20404
20440
23262
20405
20441
23263
20406
20442
23264
20407
20443
23265
20444
23266
20409
20445
20410
20446
23268
20411
20447
23269
20412
20448
23270
20413
20449
23271
20414
20450
23272
20415
20451
23273
20416
20452
23274
20417
20453
23275
20418
20454
23276
20419
20455
23277
20420
20456
23278
20421
20457
23279
20422
20458
23280
20423
20459
23281
20424
20460
23282
20425
20461
23283
20426
20462
23284
20427
20463
23285
20428
20464
23286
20429
20465
23287
20430
20466
23288
20431
20467
23289
20432
20468
23290
20433
20469
23291
20434
20470
23292
20435
20471
23293
20436
20472
23294
20437
20473
23295
20438
20474
23296
20439
20475
23297
20440
20476
23298
20441
20477
23299
20442
20478
23300
20443
20479
23301
20444
20480
23302
20481
23303
20446
20447
20483
23305
20448
20484
23306
20449
20485
23307
20450
20486
23308
20451
20487
23309
20452
20488
23310
20453
20489
23311
20454
20490
23312
20455
20491
23313
20456
20492
23314
20457
20493
23315
20458
20494
23316
20459
20495
23317
20460
20496
23318
20461
20497
23319
20462
20498
23320
20463
20499
23321
20464
20500
23322
20465
20501
23323
20466
20502
23324
20467
20503
23325
20468
20504
23326
20469
20505
23327
20470
20506
23328
20471
20507
23329
20472
20508
23330
20473
20509
23331
20474
20510
23332
20475
20511
23333
20476
20512
23334
20477
20513
23335
20478
20514
23336
20479
20515
23337
20480
20516
23338
20481
20517
23339
20482
20518
23340
20519
23341
20484
20520
23342
20485
20521
23343
20486
20522
23344
20487
20523
23345
20488
20524
23346
20489
20525
23347
20490
20526
23348
20491
20527
23349
20492
20528
23350
20493
20529
23351
20494
20530
23352
20495
20531
23353
20496
20532
23354
20497
20533
23355
20498
20534
23356
20499
20535
23357
20500
20536
23358
20501
20537
23359
20502
20538
23360
20503
20539
23361
20504
20540
23362
20505
20541
23363
20506
20542
23364
20507
20543
23365
20508
20544
23366
20509
20545
23367
20510
20546
23368
20511
20547
23369
20512
20548
23370
20513
20549
23371
20514
20550
23372
20515
20551
23373
20516
20552
23374
20517
20553
23375
20518
20554
23376
20519
20555
23377
20556
23378
20521
20558
23380
20522
20559
23381
20523
20560
23382
20524
20561
23383
20525
20562
23384
20526
20563
23385
20527
20564
23386
20528
20565
23387
20529
20566
23388
20530
20567
23389
20531
20568
23390
20532
20569
23391
20533
20570
23392
20534
20571
23393
20535
20572
23394
20536
20573
23395
20537
20574
23396
20538
20575
23397
20539
20576
23398
20540
20577
23399
20541
20578
23400
20542
20579
23401
20543
20580
23402
20544
20581
23403
20545
20582
23404
20546
20583
23405
20547
20584
23406
20548
20585
23407
20549
20586
23408
20550
20587
23409
20551
20588
23410
20552
20589
23411
20553
20590
23412
20554
20591
23413
20555
20592
23414
20556
20593
23415
20557
20594
23416
20595
23417
20559
20596
23418
20560
20597
23419
20561
20598
23420
20562
20599
23421
20563
20600
23422
20564
20601
23423
20565
20602
23424
20566
20603
23425
20567
20604
23426
20568
20605
23427
20569
20606
23428
20570
20607
23429
20571
20608
23430
20572
20609
23431
20573
20610
23432
20574
20611
23433
20575
20612
23434
20576
20613
23435
20577
20614
23436
20578
20615
23437
20579
20616
23438
20580
20617
23439
20581
20618
23440
20582
20619
23441
20583
20620
23442
20584
20621
23443
20585
20622
23444
20586
20623
23445
20587
20624
23446
20588
20625
23447
20589
20626
23448
20590
20627
23449
20591
20628
23450
20592
20629
23451
20593
20630
23452
20594
20631
23453
20595
20632
23454
20633
23455
20597
20635
23457
20598
20636
23458
20599
20637
23459
20600
20638
23460
20601
20639
23461
20602
20640
23462
20603
20641
23463
20604
20642
23464
20605
20643
23465
20606
20644
23466
20607
20645
23467
20608
20646
23468
20609
20647
23469
20610
20648
23470
20611
20649
23471
20612
20650
23472
20613
20651
23473
20614
20652
23474
20615
20653
23475
20616
20654
23476
20617
20655
23477
20618
20656
23478
20619
20657
23479
20620
20658
23480
20621
20659
23481
20622
20660
23482
20623
20661
23483
20624
20662
23484
20625
20663
23485
20626
20664
23486
20627
20665
23487
20628
20666
23488
20629
20667
23489
20630
20668
23490
20631
20669
23491
20632
20670
23492
20633
20671
23493
20634
20672
23494
20673
23495
20636
20674
23496
20637
20675
23497
20638
20676
23498
20639
20677
23499
20640
20678
23500
20641
20679
23501
20642
20680
23502
20643
20681
23503
20644
20682
23504
20645
20683
23505
20646
20684
23506
20647
20685
23507
20648
20686
23508
20649
20687
23509
20650
20688
23510
20651
20689
23511
20652
20690
23512
20653
20691
23513
20654
20692
23514
20655
20693
23515
20656
20694
23516
20657
20695
23517
20658
20696
23518
20659
20697
23519
20660
20698
23520
20661
20699
23521
20662
20700
23522
20663
20701
23523
20664
20702
23524
20665
20703
23525
20666
20704
23526
20667
20705
23527
20668
20706
23528
20669
20707
23529
20670
20708
23530
20671
20709
23531
20672
20710
23532
20673
20711
23533
20712
23534
20675
20714
23536
20676
20715
23537
20677
20716
23538
20678
20717
23539
20679
20718
23540
20680
20719
23541
20681
20720
23542
20682
20721
23543
20683
20722
23544
20684
20723
23545
20685
20724
23546
20686
20725
23547
20687
20726
23548
20688
20727
23549
20689
20728
23550
20690
20729
23551
20691
20730
23552
20692
20731
23553
20693
20732
23554
20694
20733
23555
20695
20734
23556
20696
20735
23557
20697
20736
23558
20698
20737
23559
20699
20738
23560
20700
20739
23561
20701
20740
23562
20702
20741
23563
20703
20742
23564
20704
20743
23565
20705
20744
23566
20706
20745
23567
20707
20746
23568
20708
20747
23569
20709
20748
23570
20710
20749
23571
20711
20750
23572
20712
20751
23573
20713
20752
23574
20753
23575
20715
20754
23576
20716
20755
23577
20717
20756
23578
20718
20757
23579
20719
20758
23580
20720
20759
23581
20721
20760
23582
20722
20761
23583
20723
20762
23584
20724
20763
23585
20725
20764
23586
20726
20765
23587
20727
20766
23588
20728
20767
23589
20729
20768
23590
20730
20769
23591
20731
20770
23592
20732
20771
23593
20733
20772
23594
20734
20773
23595
20735
20774
23596
20736
20775
23597
20737
20776
23598
20738
20777
23599
20739
20778
23600
20740
20779
23601
20741
20780
23602
20742
20781
23603
20743
20782
23604
20744
20783
23605
20745
20784
23606
20746
20785
23607
20747
20786
23608
20748
20787
23609
20749
20788
23610
20750
20789
23611
20751
20790
23612
20752
20791
23613
20753
20792
23614
20793
23615
20755
20795
23617
20756
20796
23618
20757
20797
23619
20758
20798
23620
20759
20799
23621
20760
20800
23622
20761
20801
23623
20762
20802
23624
20763
20803
23625
20764
20804
23626
20765
20805
23627
20766
20806
23628
20767
20807
23629
20768
20808
23630
20769
20809
23631
20770
20810
23632
20771
20811
23633
20772
20812
23634
20773
20813
23635
20774
20814
23636
20775
20815
23637
20776
20816
23638
20777
20817
23639
20778
20818
23640
20779
20819
23641
20780
20820
23642
20781
20821
23643
20782
20822
23644
20783
20823
23645
20784
20824
23646
20785
20825
23647
20786
20826
23648
20787
20827
23649
20788
20828
23650
20789
20829
23651
20790
20830
23652
20791
20831
23653
20792
20832
23654
20793
20833
23655
20794
20834
23656
20835
23657
20796
20837
23659
20797
20838
23660
20798
20839
23661
20799
20840
23662
20800
20841
23663
20801
20842
23664
20802
20843
23665
20803
20844
23666
20804
20845
23667
20805
20846
23668
20806
20847
23669
20807
20848
23670
20808
20849
23671
20809
20850
23672
20810
20851
23673
20811
20852
23674
20812
20853
23675
20813
20854
23676
20814
20855
23677
20815
20856
23678
20816
20857
23679
20817
20858
23680
20818
20859
23681
20819
20860
23682
20820
20861
23683
20821
20862
23684
20822
20863
23685
20823
20864
23686
20824
20865
23687
20825
20866
23688
20826
20867
23689
20827
20868
23690
20828
20869
23691
20829
20870
23692
20830
20871
23693
20831
20872
23694
20832
20873
23695
20833
20874
23696
20834
20875
23697
20835
20876
23698
20836
20877
23699
20878
23700
20838
20839
20880
23701
20840
20881
23702
20841
20882
23703
20842
20883
23704
20843
20884
23705
20844
20885
23706
20845
20886
23707
20846
20887
23708
20847
20888
23709
20848
20889
23710
20849
20890
23711
20850
20891
23712
20851
20892
23713
20852
20893
23714
20853
20894
23715
20854
20895
23716
20855
20896
23717
20856
20897
23718
20857
20898
23719
20858
20899
23720
20859
20900
23721
20860
20901
23722
20861
20902
23723
20862
20903
23724
20863
20904
23725
20864
20905
23726
20865
20906
23727
20866
20907
23728
20867
20908
23729
20868
20909
23730
20869
20910
23731
20870
20911
23732
20871
20912
23733
20872
20913
23734
20873
20914
23735
20874
20915
23736
20875
20916
23737
20876
20917
23738
20877
20918
23739
20878
20919
23740
20879
20920
23741
20921
23742
20881
20924
23744
20882
20925
23745
20883
20926
23746
20884
20927
23747
20885
20928
23748
20886
20929
23749
20887
20930
23750
20888
20931
23751
20889
20932
23752
20890
20933
23753
20891
20934
23754
20892
20935
23755
20893
20936
23756
20894
20937
23757
20895
20938
23758
20896
20939
23759
20897
20940
23760
20898
20941
23761
20899
20942
23762
20900
20943
23763
20901
20944
23764
20902
20945
23765
20903
20946
23766
20904
20947
23767
20905
20948
23768
20906
20949
23769
20907
20950
23770
20908
20951
23771
20909
20952
23772
20910
20953
23773
20911
20954
23774
20912
20955
23775
20913
20956
23776
20914
20957
23777
20915
20958
23778
20916
20959
23779
20917
20960
23780
20918
20961
23781
20919
20962
23782
20920
20963
23783
20921
20964
23784
20922
20965
23785
20923
20966
23786
20967
23787
20925
20970
23788
20926
20971
23789
20927
20972
23790
20928
20973
23791
20929
20974
23792
20930
20975
23793
20931
20976
23794
20932
20977
23795
20933
20978
23796
20934
20979
23797
20935
20980
23798
20936
20981
23799
20937
20982
23800
20938
20983
23801
20939
20984
23802
20940
20985
23803
20941
20986
23804
20942
20987
23805
20943
20988
23806
20944
20989
23807
20945
20990
23808
20946
20991
23809
20947
20992
23810
20948
20993
23811
20949
20994
23812
20950
20995
23813
20951
20996
23814
20952
20997
23815
20953
20998
23816
20954
20999
23817
20955
21000
23818
20956
21001
23819
20957
21002
23820
20958
21003
23821
20959
21004
23822
20960
21005
23823
20961
21006
23824
20962
21007
23825
20963
21008
23826
20964
21009
23827
20965
21010
23828
20966
21011
23829
20967
21012
23830
20968
21013
23831
20969
21014
23832
21015
23833
20971
21016
23834
20972
21017
23835
20973
21018
23836
20974
21019
23837
20975
21020
23838
20976
21021
23839
20977
21022
23840
20978
21023
23841
20979
21024
23842
20980
21025
23843
20981
21026
23844
20982
21027
23845
20983
21028
23846
20984
21029
23847
20985
21030
23848
20986
21031
23849
20987
21032
23850
20988
21033
23851
20989
21034
23852
20990
21035
23853
20991
21036
23854
20992
21037
23855
20993
21038
23856
20994
21039
23857
20995
21040
23858
20996
21041
23859
20997
21042
23860
20998
21043
23861
20999
21044
23862
21000
21045
23863
21001
21046
23864
21002
21047
23865
21003
21048
23866
21004
21049
23867
21005
21050
23868
21006
21051
23869
21007
21052
23870
21008
21053
23871
21009
21054
23872
21010
21055
23873
21011
21056
23874
21012
21057
23875
21013
21058
23876
21014
21059
23877
21015
21060
23878
21061
23879
21017
21062
23880
21018
21063
23881
21019
21064
23882
21020
21065
23883
21021
21066
23884
21022
21067
23885
21023
21068
23886
21024
21069
23887
21025
21070
23888
21026
21071
23889
21027
21072
23890
21028
21073
23891
21029
21074
23892
21030
21075
23893
21031
21076
23894
21032
21077
23895
21033
21078
23896
21034
21079
23897
21035
21080
23898
21036
21081
23899
21037
21082
23900
21038
21083
23901
21039
21084
23902
21040
21085
23903
21041
21086
23904
21042
21087
23905
21043
21088
23906
21044
21089
23907
21045
21090
23908
21046
21091
23909
21047
21092
23910
21048
21093
23911
21049
21094
23912
21050
21095
23913
21051
21096
23914
21052
21097
23915
21053
21098
23916
21054
21099
23917
21055
21100
23918
21056
21101
23919
21057
21102
23920
21058
21103
23921
21059
21104
23922
21060
21105
23923
21061
21106
23924
21107
23925
21063
21108
23926
21064
21109
23927
21065
21110
23928
21066
21111
23929
21067
21112
23930
21068
21113
23931
21069
21114
23932
21070
21115
23933
21071
21116
23934
21072
21117
23935
21073
21118
23936
21074
21119
23937
21075
21120
23938
21076
21121
23939
21077
21122
23940
21078
21123
23941
21079
21124
23942
21080
21125
23943
21081
21126
23944
21082
21127
23945
21083
21128
23946
21084
21129
23947
21085
21130
23948
21086
21131
23949
21087
21132
23950
21088
21133
23951
21089
21134
23952
21090
21135
23953
21091
21136
23954
21092
21137
23955
21093
21138
23956
21094
21139
23957
21095
21140
23958
21096
21141
23959
21097
21142
23960
21098
21143
23961
21099
21144
23962
21100
21145
23963
21101
21146
23964
21102
21147
23965
21103
21148
23966
21104
21149
23967
21105
21150
23968
21106
21151
23969
21107
21152
23970
21153
23971
21109
21154
23972
21110
21155
23973
21111
21156
23974
21112
21157
23975
21113
21158
23976
21114
21159
23977
21115
21160
23978
21116
21161
23979
21117
21162
23980
21118
21163
23981
21119
21164
23982
21120
21165
23983
21121
21166
23984
21122
21167
23985
21123
21168
23986
21124
21169
23987
21125
21170
23988
21126
21171
23989
21127
21172
23990
21128
21173
23991
21129
21174
23992
21130
21175
23993
21131
21176
23994
21132
21177
23995
21133
21178
23996
21134
21179
23997
21135
21180
23998
21136
21181
23999
21137
21182
24000
21138
21183
24001
21139
21184
24002
21140
21185
24003
21141
21186
24004
21142
21187
24005
21143
21188
24006
21144
21189
24007
21145
21190
24008
21146
21191
24009
21147
21192
24010
21148
21193
24011
21149
21194
24012
21150
21195
24013
21151
21196
24014
21152
21197
24015
21153
21198
24016
21199
24017
21155
21200
24018
21156
21201
24019
21157
21202
24020
21158
21203
24021
21159
21204
24022
21160
21205
24023
21161
21206
24024
21162
21207
24025
21163
21208
24026
21164
21209
24027
21165
21210
24028
21166
21211
24029
21167
21212
24030
21168
21213
24031
21169
21214
24032
21170
21215
24033
21171
21216
24034
21172
21217
24035
21173
21218
24036
21174
21219
24037
21175
21220
24038
21176
21221
24039
21177
21222
24040
21178
21223
24041
21179
21224
24042
21180
21225
24043
21181
21226
24044
21182
21227
24045
21183
21228
24046
21184
21229
24047
21185
21230
24048
21186
21231
24049
21187
21232
24050
21188
21233
24051
21189
21234
24052
21190
21235
24053
21191
21236
24054
21192
21237
24055
21193
21238
24056
21194
21239
24057
21195
21240
24058
21196
21241
24059
21197
21242
24060
21198
21243
24061
21199
21244
24062
21245
24063
21201
21246
24064
21202
21247
24065
21203
21248
24066
21204
21249
24067
21205
21250
24068
21206
21251
24069
21207
21252
24070
21208
21253
24071
21209
21254
24072
21210
21255
24073
21211
21256
24074
21212
21257
24075
21213
21258
24076
21214
21259
24077
21215
21260
24078
21216
21261
24079
21217
21262
24080
21218
21263
24081
21219
21264
24082
21220
21265
24083
21221
21266
24084
21222
21267
24085
21223
21268
24086
21224
21269
24087
21225
21270
24088
21226
21271
24089
21227
21272
24090
21228
21273
24091
21229
21274
24092
21230
21275
24093
21231
21276
24094
21232
21277
24095
21233
21278
24096
21234
21279
24097
21235
21280
24098
21236
21281
24099
21237
21282
24100
21238
21283
24101
21239
21284
24102
21240
21285
24103
21241
21286
24104
21242
21287
24105
21243
21288
24106
21244
21289
24107
21245
21290
24108
21291
24109
21247
21292
24110
21248
21293
24111
21249
21294
24112
21250
21295
24113
21251
21296
24114
21252
21297
24115
21253
21298
24116
21254
21299
24117
21255
21300
24118
21256
21301
24119
21257
21302
24120
21258
21303
24121
21259
21304
24122
21260
21305
24123
21261
21306
24124
21262
21307
24125
21263
21308
24126
21264
21309
24127
21265
21310
24128
21266
21311
24129
21267
21312
24130
21268
21313
24131
21269
21314
24132
21270
21315
24133
21271
21316
24134
21272
21317
24135
21273
21318
24136
21274
21319
24137
21275
21320
24138
21276
21321
24139
21277
21322
24140
21278
21323
24141
21279
21324
24142
21280
21325
24143
21281
21326
24144
21282
21327
24145
21283
21328
24146
21284
21329
24147
21285
21330
24148
21286
21331
24149
21287
21332
24150
21288
21333
24151
21289
21334
24152
21290
21335
24153
21291
21336
24154
21337
24155
21293
21338
24156
21294
21339
24157
21295
21340
24158
21296
21341
24159
21297
21342
24160
21298
21343
24161
21299
21344
24162
21300
21345
24163
21301
21346
24164
21302
21347
24165
21303
21348
24166
21304
21349
24167
21305
21350
24168
21306
21351
24169
21307
21352
24170
21308
21353
24171
21309
21354
24172
21310
21355
24173
21311
21356
24174
21312
21357
24175
21313
21358
24176
21314
21359
24177
21315
21360
24178
21316
21361
24179
21317
21362
24180
21318
21363
24181
21319
21364
24182
21320
21365
24183
21321
21366
24184
21322
21367
24185
21323
21368
24186
21324
21369
24187
21325
21370
24188
21326
21371
24189
21327
21372
24190
21328
21373
24191
21329
21374
24192
21330
21375
24193
21331
21376
24194
21332
21377
24195
21333
21378
24196
21334
21379
24197
21335
21380
24198
21336
21381
24199
21337
21382
24200
21383
24201
21339
21384
24202
21340
21385
24203
21341
21386
24204
21342
21387
24205
21343
21388
24206
21344
21389
24207
21345
21390
24208
21346
21391
24209
21347
21392
24210
21348
21393
24211
21349
21394
24212
21350
21395
24213
21351
21396
24214
21352
21397
24215
21353
21398
24216
21354
21399
24217
21355
21400
24218
21356
21401
24219
21357
21402
24220
21358
21403
24221
21359
21404
24222
21360
21405
24223
21361
21406
24224
21362
21407
24225
21363
21408
24226
21364
21409
24227
21365
21410
24228
21366
21411
24229
21367
21412
24230
21368
21413
24231
21369
21414
24232
21370
21415
24233
21371
21416
24234
21372
21417
24235
21373
21418
24236
21374
21419
24237
21375
21420
24238
21376
21421
24239
21377
21422
24240
21378
21423
24241
21379
21424
24242
21380
21425
24243
21381
21426
24244
21382
21427
24245
21383
21428
24246
21429
24247
21385
21430
24248
21386
21431
24249
21387
21432
24250
21388
21433
24251
21389
21434
24252
21390
21435
24253
21391
21436
24254
21392
21437
24255
21393
21438
24256
21394
21439
24257
21395
21440
24258
21396
21441
24259
21397
21442
24260
21398
21443
24261
21399
21444
24262
21400
21445
24263
21401
21446
24264
21402
21447
24265
21403
21448
24266
21404
21449
24267
21405
21450
24268
21406
21451
24269
21407
21452
24270
21408
21453
24271
21409
21454
24272
21410
21455
24273
21411
21456
24274
21412
21457
24275
21413
21458
24276
21414
21459
24277
21415
21460
24278
21416
21461
24279
21417
21462
24280
21418
21463
24281
21419
21464
24282
21420
21465
24283
21421
21466
24284
21422
21467
24285
21423
21468
24286
21424
21469
24287
21425
21470
24288
21426
21471
24289
21427
21472
24290
21428
21473
24291
21429
21474
24292
21475
24293
21431
21476
24294
21432
21477
24295
21433
21478
24296
21434
21479
24297
21435
21480
24298
21436
21481
24299
21437
21482
24300
21438
21483
24301
21439
21484
24302
21440
21485
24303
21441
21486
24304
21442
21487
24305
21443
21488
24306
21444
21489
24307
21445
21490
24308
21446
21491
24309
21447
21492
24310
21448
21493
24311
21449
21494
24312
21450
21495
24313
21451
21496
24314
21452
21497
24315
21453
21498
24316
21454
21499
24317
21455
21500
24318
21456
21501
24319
21457
21502
24320
21458
21503
24321
21459
21504
24322
21460
21505
24323
21461
21506
24324
21462
21507
24325
21463
21508
24326
21464
21509
24327
21465
21510
24328
21466
21511
24329
21467
21512
24330
21468
21513
24331
21469
21514
24332
21470
21515
24333
21471
21516
24334
21472
21517
24335
21473
21518
24336
21474
21519
24337
21475
21520
24338
21521
24339
21477
21522
24340
21478
21523
24341
21479
21524
24342
21480
21525
24343
21481
21526
24344
21482
21527
24345
21483
21528
24346
21484
21529
24347
21485
21530
24348
21486
21531
24349
21487
21532
24350
21488
21533
24351
21489
21534
24352
21490
21535
24353
21491
21536
24354
21492
21537
24355
21493
21538
24356
21494
21539
24357
21495
21540
24358
21496
21541
24359
21497
21542
24360
21498
21543
24361
21499
21544
24362
21500
21545
24363
21501
21546
24364
21502
21547
24365
21503
21548
24366
21504
21549
24367
21505
21550
24368
21506
21551
24369
21507
21552
24370
21508
21553
24371
21509
21554
24372
21510
21555
24373
21511
21556
24374
21512
21557
24375
21513
21558
24376
21514
21559
24377
21515
21560
24378
21516
21561
24379
21517
21562
24380
21518
21563
24381
21519
21564
24382
21520
21565
24383
21521
21566
24384
21567
24385
21523
21568
24386
21524
21569
24387
21525
21570
24388
21526
21571
24389
21527
21572
24390
21528
21573
24391
21529
21574
24392
21530
21575
24393
21531
21576
24394
21532
21577
24395
21533
21578
24396
21534
21579
24397
21535
21580
24398
21536
21581
24399
21537
21582
24400
21538
21583
24401
21539
21584
24402
21540
21585
24403
21541
21586
24404
21542
21587
24405
21543
21588
24406
21544
21589
24407
21545
21590
24408
21546
21591
24409
21547
21592
24410
21548
21593
24411
21549
21594
24412
21550
21595
24413
21551
21596
24414
21552
21597
24415
21553
21598
24416
21554
21599
24417
21555
21600
24418
21556
21601
24419
21557
21602
24420
21558
21603
24421
21559
21604
24422
21560
21605
24423
21561
21606
24424
21562
21607
24425
21563
21608
24426
21564
21609
24427
21565
21610
24428
21566
21611
24429
21567
21612
24430
21613
24431
21569
21614
24432
21570
21615
24433
21571
21616
24434
21572
21617
24435
21573
21618
24436
21574
21619
24437
21575
21620
24438
21576
21621
24439
21577
21622
24440
21578
21623
24441
21579
21624
24442
21580
21625
24443
21581
21626
24444
21582
21627
24445
21583
21628
24446
21584
21629
24447
21585
21630
24448
21586
21631
24449
21587
21632
24450
21588
21633
24451
21589
21634
24452
21590
21635
24453
21591
21636
24454
21592
21637
24455
21593
21638
24456
21594
21639
24457
21595
21640
24458
21596
21641
24459
21597
21642
24460
21598
21643
24461
21599
21644
24462
21600
21645
24463
21601
21646
24464
21602
21647
24465
21603
21648
24466
21604
21649
24467
21605
21650
24468
21606
21651
24469
21607
21652
24470
21608
21653
24471
21609
21654
24472
21610
21655
24473
21611
21656
24474
21612
21657
24475
21613
21658
24476
21659
24477
21615
21660
24478
21616
21661
24479
21617
21662
24480
21618
21663
24481
21619
21664
24482
21620
21665
24483
21621
21666
24484
21622
21667
24485
21623
21668
24486
21624
21669
24487
21625
21670
24488
21626
21671
24489
21627
21672
24490
21628
21673
24491
21629
21674
24492
21630
21675
24493
21631
21676
24494
21632
21677
24495
21633
21678
24496
21634
21679
24497
21635
21680
24498
21636
21681
24499
21637
21682
24500
21638
21683
24501
21639
21684
24502
21640
21685
24503
21641
21686
24504
21642
21687
24505
21643
21688
24506
21644
21689
24507
21645
21690
24508
21646
21691
24509
21647
21692
24510
21648
21693
24511
21649
21694
24512
21650
21695
24513
21651
21696
24514
21652
21697
24515
21653
21698
24516
21654
21699
24517
21655
21700
24518
21656
21701
24519
21657
21702
24520
21658
21703
24521
21659
21704
24522
21705
24523
21661
21706
24524
21662
21707
24525
21663
21708
24526
21664
21709
24527
21665
21710
24528
21666
21711
24529
21667
21712
24530
21668
21713
24531
21669
21714
24532
21670
21715
24533
21671
21716
24534
21672
21717
24535
21673
21718
24536
21674
21719
24537
21675
21720
24538
21676
21721
24539
21677
21722
24540
21678
21723
24541
21679
21724
24542
21680
21725
24543
21681
21726
24544
21682
21727
24545
21683
21728
24546
21684
21729
24547
21685
21730
24548
21686
21731
24549
21687
21732
24550
21688
21733
24551
21689
21734
24552
21690
21735
24553
21691
21736
24554
21692
21737
24555
21693
21738
24556
21694
21739
24557
21695
21740
24558
21696
21741
24559
21697
21742
24560
21698
21743
24561
21699
21744
24562
21700
21745
24563
21701
21746
24564
21702
21747
24565
21703
21748
24566
21704
21749
24567
21705
21750
24568
21751
24569
21707
21752
24570
21708
21753
24571
21709
21754
24572
21710
21755
24573
21711
21756
24574
21712
21757
24575
21713
21758
24576
21714
21759
24577
21715
21760
24578
21716
21761
24579
21717
21762
24580
21718
21763
24581
21719
21764
24582
21720
21765
24583
21721
21766
24584
21722
21767
24585
21723
21768
24586
21724
21769
24587
21725
21770
24588
21726
21771
24589
21727
21772
24590
21728
21773
24591
21729
21774
24592
21730
21775
24593
21731
21776
24594
21732
21777
24595
21733
21778
24596
21734
21779
24597
21735
21780
24598
21736
21781
24599
21737
21782
24600
21738
21783
24601
21739
21784
24602
21740
21785
24603
21741
21786
24604
21742
21787
24605
21743
21788
24606
21744
21789
24607
21745
21790
24608
21746
21791
24609
21747
21792
24610
21748
21793
24611
21749
21794
24612
21750
21795
24613
21751
21796
24614
21797
24615
21753
21798
24616
21754
21799
24617
21755
21800
24618
21756
21801
24619
21757
21802
24620
21758
21803
24621
21759
21804
24622
21760
21805
24623
21761
21806
24624
21762
21807
24625
21763
21808
24626
21764
21809
24627
21765
21810
24628
21766
21811
24629
21767
21812
24630
21768
21813
24631
21769
21814
24632
21770
21815
24633
21771
21816
24634
21772
21817
24635
21773
21818
24636
21774
21819
24637
21775
21820
24638
21776
21821
24639
21777
21822
24640
21778
21823
24641
21779
21824
24642
21780
21825
24643
21781
21826
24644
21782
21827
24645
21783
21828
24646
21784
21829
24647
21785
21830
24648
21786
21831
24649
21787
21832
24650
21788
21833
24651
21789
21834
24652
21790
21835
24653
21791
21836
24654
21792
21837
24655
21793
21838
24656
21794
21839
24657
21795
21840
24658
21796
21841
24659
21797
21842
24660
21843
24661
21799
21844
24662
21800
21845
24663
21801
21846
24664
21802
21847
24665
21803
21848
24666
21804
21849
24667
21805
21850
24668
21806
21851
24669
21807
21852
24670
21808
21853
24671
21809
21854
24672
21810
21855
24673
21811
21856
24674
21812
21857
24675
21813
21858
24676
21814
21859
24677
21815
21860
24678
21816
21861
24679
21817
21862
24680
21818
21863
24681
21819
21864
24682
21820
21865
24683
21821
21866
24684
21822
21867
24685
21823
21868
24686
21824
21869
24687
21825
21870
24688
21826
21871
24689
21827
21872
24690
21828
21873
24691
21829
21874
24692
21830
21875
24693
21831
21876
24694
21832
21877
24695
21833
21878
24696
21834
21879
24697
21835
21880
24698
21836
21881
24699
21837
21882
24700
21838
21883
24701
21839
21884
24702
21840
21885
24703
21841
21886
24704
21842
21887
24705
21843
21888
24706
21889
24707
21845
21890
24708
21846
21891
24709
21847
21892
24710
21848
21893
24711
21849
21894
24712
21850
21895
24713
21851
21896
24714
21852
21897
24715
21853
21898
24716
21854
21899
24717
21855
21900
24718
21856
21901
24719
21857
21902
24720
21858
21903
24721
21859
21904
24722
21860
21905
24723
21861
21906
24724
21862
21907
24725
21863
21908
24726
21864
21909
24727
21865
21910
24728
21866
21911
24729
21867
21912
24730
21868
21913
24731
21869
21914
24732
21870
21915
24733
21871
21916
24734
21872
21917
24735
21873
21918
24736
21874
21919
24737
21875
21920
24738
21876
21921
24739
21877
21922
24740
21878
21923
24741
21879
21924
24742
21880
21925
24743
21881
21926
24744
21882
21927
24745
21883
21928
24746
21884
21929
24747
21885
21930
24748
21886
21931
24749
21887
21932
24750
21888
21933
24751
21889
21934
24752
21935
24753
21891
21937
24754
21892
21938
24755
21893
21939
24756
21894
21940
24757
21895
21941
24758
21896
21942
24759
21897
21943
24760
21898
21944
24761
21899
21945
24762
21900
21946
24763
21901
21947
24764
21902
21948
24765
21903
21949
24766
21904
21950
24767
21905
21951
24768
21906
21952
24769
21907
21953
24770
21908
21954
24771
21909
21955
24772
21910
21956
24773
21911
21957
24774
21912
21958
24775
21913
21959
24776
21914
21960
24777
21915
21961
24778
21916
21962
24779
21917
21963
24780
21918
21964
24781
21919
21965
24782
21920
21966
24783
21921
21967
24784
21922
21968
24785
21923
21969
24786
21924
21970
24787
21925
21971
24788
21926
21972
24789
21927
21973
24790
21928
21974
24791
21929
21975
24792
21930
21976
24793
21931
21977
24794
21932
21978
24795
21933
21979
24796
21934
21980
24797
21935
21981
24798
21982
24799
21937
21983
21938
21984
24800
21939
21985
24801
21940
21986
24802
21941
21987
24803
21942
21988
24804
21943
21989
24805
21944
21990
24806
21945
21991
24807
21946
21992
24808
21947
21993
24809
21948
21994
24810
21949
21995
24811
21950
21996
24812
21951
21997
24813
21952
21998
24814
21953
21999
24815
21954
22000
24816
21955
22001
24817
21956
22002
24818
21957
22003
24819
21958
22004
24820
21959
22005
24821
21960
22006
24822
21961
22007
24823
21962
22008
24824
21963
22009
24825
21964
22010
24826
21965
22011
24827
21966
22012
24828
21967
22013
24829
21968
22014
24830
21969
22015
24831
21970
22016
24832
21971
22017
24833
21972
22018
24834
21973
22019
24835
21974
22020
24836
21975
22021
24837
21976
22022
24838
21977
22023
24839
21978
22024
24840
21979
22025
24841
21980
22026
24842
21981
22027
24843
21982
22028
24844
22029
24845
21984
22030
24846
21985
22031
24847
21986
22032
24848
21987
22033
24849
21988
22034
24850
21989
22035
24851
21990
22036
24852
21991
22037
24853
21992
22038
24854
21993
22039
24855
21994
22040
24856
21995
22041
24857
21996
22042
24858
21997
22043
24859
21998
22044
24860
21999
22045
24861
22000
22046
24862
22001
22047
24863
22002
22048
24864
22003
22049
24865
22004
22050
24866
22005
22051
24867
22006
22052
24868
22007
22053
24869
22008
22054
24870
22009
22055
24871
22010
22056
24872
22011
22057
24873
22012
22058
24874
22013
22059
24875
22014
22060
24876
22015
22061
24877
22016
22062
24878
22017
22063
24879
22018
22064
24880
22019
22065
24881
22020
22066
24882
22021
22067
24883
22022
22068
24884
22023
22069
24885
22024
22070
24886
22025
22071
24887
22026
22072
24888
22027
22073
24889
22028
22074
24890
22029
22075
24891
22076
24892
22031
22078
24893
22032
22079
24894
22033
22080
24895
22034
22081
24896
22035
22082
24897
22036
22083
24898
22037
22084
24899
22038
22085
24900
22039
22086
24901
22040
22087
24902
22041
22088
24903
22042
22089
24904
22043
22090
24905
22044
22091
24906
22045
22092
24907
22046
22093
24908
22047
22094
24909
22048
22095
24910
22049
22096
24911
22050
22097
24912
22051
22098
24913
22052
22099
24914
22053
22100
24915
22054
22101
24916
22055
22102
24917
22056
22103
24918
22057
22104
24919
22058
22105
24920
22059
22106
24921
22060
22107
24922
22061
22108
24923
22062
22109
24924
22063
22110
24925
22064
22111
24926
22065
22112
24927
22066
22113
24928
22067
22114
24929
22068
22115
24930
22069
22116
24931
22070
22117
24932
22071
22118
24933
22072
22119
24934
22073
22120
24935
22074
22121
24936
22075
22122
24937
22076
22123
24938
22124
24939
22078
22125
24940
22079
22126
24941
22080
22127
24942
22081
22128
24943
22082
22129
24944
22083
22130
24945
22084
22131
24946
22085
22132
24947
22086
22133
24948
22087
22134
24949
22088
22135
24950
22089
22136
24951
22090
22137
24952
22091
22138
24953
22092
22139
24954
22093
22140
24955
22094
22141
24956
22095
22142
24957
22096
22143
24958
22097
22144
24959
22098
22145
24960
22099
22146
24961
22100
22147
24962
22101
22148
24963
22102
22149
24964
22103
22150
24965
22104
22151
24966
22105
22152
24967
22106
22153
24968
22107
22154
24969
22108
22155
24970
22109
22156
24971
22110
22157
24972
22111
22158
24973
22112
22159
24974
22113
22160
24975
22114
22161
24976
22115
22162
24977
22116
22163
24978
22117
22164
24979
22118
22165
24980
22119
22166
24981
22120
22167
24982
22121
22168
24983
22122
22169
24984
22123
22170
24985
22124
22171
24986
22172
24987
22126
22173
24988
22127
22174
24989
22128
22175
24990
22129
22176
24991
22130
22177
24992
22131
22178
24993
22132
22179
24994
22133
22180
24995
22134
22181
24996
22135
22182
24997
22136
22183
24998
22137
22184
24999
22138
22185
25000
22139
22186
25001
22140
22187
25002
22141
22188
25003
22142
22189
25004
22143
22190
25005
22144
22191
25006
22145
22192
25007
22146
22193
25008
22147
22194
25009
22148
22195
25010
22149
22196
25011
22150
22197
25012
22151
22198
25013
22152
22199
25014
22153
22200
25015
22154
22201
25016
22155
22202
25017
22156
22203
25018
22157
22204
25019
22158
22205
25020
22159
22206
25021
22160
22207
25022
22161
22208
25023
22162
22209
25024
22163
22210
25025
22164
22211
25026
22165
22212
25027
22166
22213
25028
22167
22214
25029
22168
22215
25030
22169
22216
25031
22170
22217
25032
22171
22218
25033
22172
22219
25034
22220
25035
22174
22221
25036
22175
22222
25037
22176
22223
25038
22177
22224
25039
22178
22225
25040
22179
22226
25041
22180
22227
25042
22181
22228
25043
22182
22229
25044
22183
22230
25045
22184
22231
25046
22185
22232
25047
22186
22233
25048
22187
22234
25049
22188
22235
25050
22189
22236
25051
22190
22237
25052
22191
22238
25053
22192
22239
25054
22193
22240
25055
22194
22241
25056
22195
22242
25057
22196
22243
25058
22197
22244
25059
22198
22245
25060
22199
22246
25061
22200
22247
25062
22201
22248
25063
22202
22249
25064
22203
22250
25065
22204
22251
25066
22205
22252
25067
22206
22253
25068
22207
22254
25069
22208
22255
25070
22209
22256
25071
22210
22257
25072
22211
22258
25073
22212
22259
25074
22213
22260
25075
22214
22261
25076
22215
22262
25077
22216
22263
25078
22217
22264
25079
22218
22265
25080
22219
22266
25081
22220
22267
25082
22268
25083
22222
22269
25084
22223
22270
25085
22224
22271
25086
22225
22272
25087
22226
22273
25088
22227
22274
25089
22228
22275
25090
22229
22276
25091
22230
22277
25092
22231
22278
25093
22232
22279
25094
22233
22280
25095
22234
22281
25096
22235
22282
25097
22236
22283
25098
22237
22284
25099
22238
22285
25100
22239
22286
25101
22240
22287
25102
22241
22288
25103
22242
22289
25104
22243
22290
25105
22244
22291
25106
22245
22292
25107
22246
22293
25108
22247
22294
25109
22248
22295
25110
22249
22296
25111
22250
22297
25112
22251
22298
25113
22252
22299
25114
22253
22300
25115
22254
22301
25116
22255
22302
25117
22256
22303
25118
22257
22304
25119
22258
22305
25120
22259
22306
25121
22260
22307
25122
22261
22308
25123
22262
22309
25124
22263
22310
25125
22264
22311
25126
22265
22312
25127
22266
22313
25128
22267
22314
25129
22268
22315
25130
22316
25131
22270
22317
25132
22271
22318
25133
22272
22319
25134
22273
22320
25135
22274
22321
25136
22275
22322
25137
22276
22323
25138
22277
22324
25139
22278
22325
25140
22279
22326
25141
22280
22327
25142
22281
22328
25143
22282
22329
25144
22283
22330
25145
22284
22331
25146
22285
22332
25147
22286
22333
25148
22287
22334
25149
22288
22335
25150
22289
22336
25151
22290
22337
25152
22291
22338
25153
22292
22339
25154
22293
22340
25155
22294
22341
25156
22295
22342
25157
22296
22343
25158
22297
22344
25159
22298
22345
25160
22299
22346
25161
22300
22347
25162
22301
22348
25163
22302
22349
25164
22303
22350
25165
22304
22351
25166
22305
22352
25167
22306
22353
25168
22307
22354
25169
22308
22355
25170
22309
22356
25171
22310
22357
25172
22311
22358
25173
22312
22359
25174
22313
22360
25175
22314
22361
25176
22315
22362
25177
22316
22363
25178
22364
25179
22318
22365
25180
22319
22366
25181
22320
22367
25182
22321
22368
25183
22322
22369
25184
22323
22370
25185
22324
22371
25186
22325
22372
25187
22326
22373
25188
22327
22374
25189
22328
22375
25190
22329
22376
25191
22330
22377
25192
22331
22378
25193
22332
22379
25194
22333
22380
25195
22334
22381
25196
22335
22382
25197
22336
22383
25198
22337
22384
25199
22338
22385
25200
22339
22386
25201
22340
22387
25202
22341
22388
25203
22342
22389
25204
22343
22390
25205
22344
22391
25206
22345
22392
25207
22346
22393
25208
22347
22394
25209
22348
22395
25210
22349
22396
25211
22350
22397
25212
22351
22398
25213
22352
22399
25214
22353
22400
25215
22354
22401
25216
22355
22402
25217
22356
22403
25218
22357
22404
25219
22358
22405
25220
22359
22406
25221
22360
22407
25222
22361
22408
25223
22362
22409
25224
22363
22410
25225
22364
22411
25226
22412
25227
22366
22413
25228
22367
22414
25229
22368
22415
25230
22369
22416
25231
22370
22417
25232
22371
22418
25233
22372
22419
25234
22373
22420
25235
22374
22421
25236
22375
22422
25237
22376
22423
25238
22377
22424
25239
22378
22425
25240
22379
22426
25241
22380
22427
25242
22381
22428
25243
22382
22429
25244
22383
22430
25245
22384
22431
25246
22385
22432
25247
22386
22433
25248
22387
22434
25249
22388
22435
25250
22389
22436
25251
22390
22437
25252
22391
22438
25253
22392
22439
25254
22393
22440
25255
22394
22441
25256
22395
22442
25257
22396
22443
25258
22397
22444
25259
22398
22445
25260
22399
22446
25261
22400
22447
25262
22401
22448
25263
22402
22449
25264
22403
22450
25265
22404
22451
25266
22405
22452
25267
22406
22453
25268
22407
22454
25269
22408
22455
25270
22409
22456
25271
22410
22457
25272
22411
22458
25273
22412
22459
25274
22460
25275
22414
25276
22415
25277
22416
25278
22417
25279
22418
25280
22419
25281
22420
25282
22421
25283
22422
25284
22423
25285
22424
25286
22425
25287
22426
25288
22427
25289
22428
25290
22429
25291
22430
25292
22431
25293
22432
25294
22433
25295
22434
25296
22435
25297
22436
25298
22437
25299
22438
25300
22439
25301
22440
25302
22441
25303
22442
25304
22443
25305
22444
25306
22445
25307
22446
25308
22447
25309
22448
25310
22449
25311
22450
25312
22451
25313
22452
25314
22453
25315
22454
25316
22455
25317
22456
25318
22457
25319
22458
25320
22459
25321
22460
25322
25323
22462
22468
25276
25324
22463
22469
25325
22464
22470
25326
22465
22471
25327
22466
22472
25328
22467
22473
25329
22474
25330
22469
22475
25228
25331
22470
22476
25332
22471
22477
25333
22472
22478
25334
22473
22479
25335
22474
22480
25336
25337
22476
22481
25180
25338
22477
22482
25339
22478
22483
25340
22479
22484
25341
22480
22485
25342
25343
22482
22486
25132
25344
22483
22487
25345
22484
22488
25346
22485
22489
25347
25348
22487
22490
25084
25349
22488
22491
25350
22489
25351
25352
22491
22492
25036
25353
25354
24988
25355
22494
22512
25394
22495
22513
25395
22496
22514
25396
22497
22515
25397
22498
22516
25398
22499
22517
25399
22500
22518
25400
22501
22519
25401
22502
22520
25402
22503
22521
25403
22504
22522
25404
22505
22523
25405
22506
22524
25406
22507
22525
25407
22508
22526
25408
22509
22527
25409
22510
22528
25410
22511
22529
25411
22530
25412
22513
22535
25417
22514
22536
25418
22515
22537
25419
22516
22538
25420
22517
22539
25421
22518
22540
25422
22519
22541
25423
22520
22542
25424
22521
22543
25425
22522
22544
25426
22523
22545
25427
22524
22546
25428
22525
22547
25429
22526
22548
25430
22527
22549
25431
22528
22550
25432
22529
22551
25433
22530
22552
25434
22531
22553
25435
22532
22554
25436
22533
22555
25437
22534
22556
25438
22557
25439
22536
22560
25442
22537
22561
25443
22538
22562
25444
22539
22563
25445
22540
22564
25446
22541
22565
25447
22542
22566
25448
22543
22567
25449
22544
22568
25450
22545
22569
25451
22546
22570
25452
22547
22571
25453
22548
22572
25454
22549
22573
25455
22550
22574
25456
22551
22575
25457
22552
22576
25458
22553
22577
25459
22554
22578
25460
22555
22579
25461
22556
22580
25462
22557
22581
25463
22558
22582
25464
22559
22583
25465
22584
25466
22561
22587
25468
22562
22588
25469
22563
22589
25470
22564
22590
25471
22565
22591
25472
22566
22592
25473
22567
22593
25474
22568
22594
25475
22569
22595
25476
22570
22596
25477
22571
22597
25478
22572
22598
25479
22573
22599
25480
22574
22600
25481
22575
22601
25482
22576
22602
25483
22577
22603
25484
22578
22604
25485
22579
22605
25486
22580
22606
25487
22581
22607
25488
22582
22608
25489
22583
22609
25490
22584
22610
25491
22585
22611
25492
22586
22612
25493
22613
25494
22588
22615
25496
22589
22616
25497
22590
22617
25498
22591
22618
25499
22592
22619
25500
22593
22620
25501
22594
22621
25502
22595
22622
25503
22596
22623
25504
22597
22624
25505
22598
22625
25506
22599
22626
25507
22600
22627
25508
22601
22628
25509
22602
22629
25510
22603
22630
25511
22604
22631
25512
22605
22632
25513
22606
22633
25514
22607
22634
25515
22608
22635
25516
22609
22636
25517
22610
22637
25518
22611
22638
25519
22612
22639
25520
22613
22640
25521
22614
22641
25522
22642
25523
22616
22644
25525
22617
22645
25526
22618
22646
25527
22619
22647
25528
22620
22648
25529
22621
22649
25530
22622
22650
25531
22623
22651
25532
22624
22652
25533
22625
22653
25534
22626
22654
25535
22627
22655
25536
22628
22656
25537
22629
22657
25538
22630
22658
25539
22631
22659
25540
22632
22660
25541
22633
22661
25542
22634
22662
25543
22635
22663
25544
22636
22664
25545
22637
22665
25546
22638
22666
25547
22639
22667
25548
22640
22668
25549
22641
22669
25550
22642
22670
25551
22643
22671
25552
22672
25553
22645
22674
25555
22646
22675
25556
22647
22676
25557
22648
22677
25558
22649
22678
25559
22650
22679
25560
22651
22680
25561
22652
22681
25562
22653
22682
25563
22654
22683
25564
22655
22684
25565
22656
22685
25566
22657
22686
25567
22658
22687
25568
22659
22688
25569
22660
22689
25570
22661
22690
25571
22662
22691
25572
22663
22692
25573
22664
22693
25574
22665
22694
25575
22666
22695
25576
22667
22696
25577
22668
22697
25578
22669
22698
25579
22670
22699
25580
22671
22700
25581
22672
22701
25582
22673
22702
25583
22703
25584
22675
22705
25586
22676
22706
25587
22677
22707
25588
22678
22708
25589
22679
22709
25590
22680
22710
25591
22681
22711
25592
22682
22712
25593
22683
22713
25594
22684
22714
25595
22685
22715
25596
22686
22716
25597
22687
22717
25598
22688
22718
25599
22689
22719
25600
22690
22720
25601
22691
22721
25602
22692
22722
25603
22693
22723
25604
22694
22724
25605
22695
22725
25606
22696
22726
25607
22697
22727
25608
22698
22728
25609
22699
22729
25610
22700
22730
25611
22701
22731
25612
22702
22732
25613
22703
22733
25614
22704
22734
25615
22735
25616
22706
22737
25618
22707
22738
25619
22708
22739
25620
22709
22740
25621
22710
22741
25622
22711
22742
25623
22712
22743
25624
22713
22744
25625
22714
22745
25626
22715
22746
25627
22716
22747
25628
22717
22748
25629
22718
22749
25630
22719
22750
25631
22720
22751
25632
22721
22752
25633
22722
22753
25634
22723
22754
25635
22724
22755
25636
22725
22756
25637
22726
22757
25638
22727
22758
25639
22728
22759
25640
22729
22760
25641
22730
22761
25642
22731
22762
25643
22732
22763
25644
22733
22764
25645
22734
22765
25646
22735
22766
25647
22736
22767
25648
22768
25649
22738
22770
25651
22739
22771
25652
22740
22772
25653
22741
22773
25654
22742
22774
25655
22743
22775
25656
22744
22776
25657
22745
22777
25658
22746
22778
25659
22747
22779
25660
22748
22780
25661
22749
22781
25662
22750
22782
25663
22751
22783
25664
22752
22784
25665
22753
22785
25666
22754
22786
25667
22755
22787
25668
22756
22788
25669
22757
22789
25670
22758
22790
25671
22759
22791
25672
22760
22792
25673
22761
22793
25674
22762
22794
25675
22763
22795
25676
22764
22796
25677
22765
22797
25678
22766
22798
25679
22767
22799
25680
22768
22800
25681
22769
22801
25682
22802
25683
22771
22803
25684
22772
22804
25685
22773
22805
25686
22774
22806
25687
22775
22807
25688
22776
22808
25689
22777
22809
25690
22778
22810
25691
22779
22811
25692
22780
22812
25693
22781
22813
25694
22782
22814
25695
22783
22815
25696
22784
22816
25697
22785
22817
25698
22786
22818
25699
22787
22819
25700
22788
22820
25701
22789
22821
25702
22790
22822
25703
22791
22823
25704
22792
22824
25705
22793
22825
25706
22794
22826
25707
22795
22827
25708
22796
22828
25709
22797
22829
25710
22798
22830
25711
22799
22831
25712
22800
22832
25713
22801
22833
25714
22802
22834
25715
22835
25716
22804
22837
25718
22805
22838
25719
22806
22839
25720
22807
22840
25721
22808
22841
25722
22809
22842
25723
22810
22843
25724
22811
22844
25725
22812
22845
25726
22813
22846
25727
22814
22847
25728
22815
22848
25729
22816
22849
25730
22817
22850
25731
22818
22851
25732
22819
22852
25733
22820
22853
25734
22821
22854
25735
22822
22855
25736
22823
22856
25737
22824
22857
25738
22825
22858
25739
22826
22859
25740
22827
22860
25741
22828
22861
25742
22829
22862
25743
22830
22863
25744
22831
22864
25745
22832
22865
25746
22833
22866
25747
22834
22867
25748
22835
22868
25749
22836
22869
25750
22870
25751
22838
22871
25752
22839
22872
25753
22840
22873
25754
22841
22874
25755
22842
22875
25756
22843
22876
25757
22844
22877
25758
22845
22878
25759
22846
22879
25760
22847
22880
25761
22848
22881
25762
22849
22882
25763
22850
22883
25764
22851
22884
25765
22852
22885
25766
22853
22886
25767
22854
22887
25768
22855
22888
25769
22856
22889
25770
22857
22890
25771
22858
22891
25772
22859
22892
25773
22860
22893
25774
22861
22894
25775
22862
22895
25776
22863
22896
25777
22864
22897
25778
22865
22898
25779
22866
22899
25780
22867
22900
25781
22868
22901
25782
22869
22902
25783
22870
22903
25784
22904
25785
22872
22906
25787
22873
22907
25788
22874
22908
25789
22875
22909
25790
22876
22910
25791
22877
22911
25792
22878
22912
25793
22879
22913
25794
22880
22914
25795
22881
22915
25796
22882
22916
25797
22883
22917
25798
22884
22918
25799
22885
22919
25800
22886
22920
25801
22887
22921
25802
22888
22922
25803
22889
22923
25804
22890
22924
25805
22891
22925
25806
22892
22926
25807
22893
22927
25808
22894
22928
25809
22895
22929
25810
22896
22930
25811
22897
22931
25812
22898
22932
25813
22899
22933
25814
22900
22934
25815
22901
22935
25816
22902
22936
25817
22903
22937
25818
22904
22938
25819
22905
22939
25820
22940
25821
22907
22941
25822
22908
22942
25823
22909
22943
25824
22910
22944
25825
22911
22945
25826
22912
22946
25827
22913
22947
25828
22914
22948
25829
22915
22949
25830
22916
22950
25831
22917
22951
25832
22918
22952
25833
22919
22953
25834
22920
22954
25835
22921
22955
25836
22922
22956
25837
22923
22957
25838
22924
22958
25839
22925
22959
25840
22926
22960
25841
22927
22961
25842
22928
22962
25843
22929
22963
25844
22930
22964
25845
22931
22965
25846
22932
22966
25847
22933
22967
25848
22934
22968
25849
22935
22969
25850
22936
22970
25851
22937
22971
25852
22938
22972
25853
22939
22973
25854
22940
22974
25855
22975
25856
22942
22976
25858
22943
22977
25859
22944
22978
25860
22945
22979
25861
22946
22980
25862
22947
22981
25863
22948
22982
25864
22949
22983
25865
22950
22984
25866
22951
22985
25867
22952
22986
25868
22953
22987
25869
22954
22988
25870
22955
22989
25871
22956
22990
25872
22957
22991
25873
22958
22992
25874
22959
22993
25875
22960
22994
25876
22961
22995
25877
22962
22996
25878
22963
22997
25879
22964
22998
25880
22965
22999
25881
22966
23000
25882
22967
23001
25883
22968
23002
25884
22969
23003
25885
22970
23004
25886
22971
23005
25887
22972
23006
25888
22973
23007
25889
22974
23008
25890
22975
23009
25891
23010
25892
22977
23012
25894
22978
23013
25895
22979
23014
25896
22980
23015
25897
22981
23016
25898
22982
23017
25899
22983
23018
25900
22984
23019
25901
22985
23020
25902
22986
23021
25903
22987
23022
25904
22988
23023
25905
22989
23024
25906
22990
23025
25907
22991
23026
25908
22992
23027
25909
22993
23028
25910
22994
23029
25911
22995
23030
25912
22996
23031
25913
22997
23032
25914
22998
23033
25915
22999
23034
25916
23000
23035
25917
23001
23036
25918
23002
23037
25919
23003
23038
25920
23004
23039
25921
23005
23040
25922
23006
23041
25923
23007
23042
25924
23008
23043
25925
23009
23044
25926
23010
23045
25927
23011
23046
25928
23047
25929
23013
23048
25930
23014
23049
25931
23015
23050
25932
23016
23051
25933
23017
23052
25934
23018
23053
25935
23019
23054
25936
23020
23055
25937
23021
23056
25938
23022
23057
25939
23023
23058
25940
23024
23059
25941
23025
23060
25942
23026
23061
25943
23027
23062
25944
23028
23063
25945
23029
23064
25946
23030
23065
25947
23031
23066
25948
23032
23067
25949
23033
23068
25950
23034
23069
25951
23035
23070
25952
23036
23071
25953
23037
23072
25954
23038
23073
25955
23039
23074
25956
23040
23075
25957
23041
23076
25958
23042
23077
25959
23043
23078
25960
23044
23079
25961
23045
23080
25962
23046
23081
25963
23047
23082
25964
23083
25965
23049
23084
25966
23050
23085
25967
23051
23086
25968
23052
23087
25969
23053
23088
25970
23054
23089
25971
23055
23090
25972
23056
23091
25973
23057
23092
25974
23058
23093
25975
23059
23094
25976
23060
23095
25977
23061
23096
25978
23062
23097
25979
23063
23098
25980
23064
23099
25981
23065
23100
25982
23066
23101
25983
23067
23102
25984
23068
23103
25985
23069
23104
25986
23070
23105
25987
23071
23106
25988
23072
23107
25989
23073
23108
25990
23074
23109
25991
23075
23110
25992
23076
23111
25993
23077
23112
25994
23078
23113
25995
23079
23114
25996
23080
23115
25997
23081
23116
25998
23082
23117
25999
23083
23118
26000
23119
26001
23085
23120
26003
23086
23121
26004
23087
23122
26005
23088
23123
26006
23089
23124
26007
23090
23125
26008
23091
23126
26009
23092
23127
26010
23093
23128
26011
23094
23129
26012
23095
23130
26013
23096
23131
26014
23097
23132
26015
23098
23133
26016
23099
23134
26017
23100
23135
26018
23101
23136
26019
23102
23137
26020
23103
23138
26021
23104
23139
26022
23105
23140
26023
23106
23141
26024
23107
23142
26025
23108
23143
26026
23109
23144
26027
23110
23145
26028
23111
23146
26029
23112
23147
26030
23113
23148
26031
23114
23149
26032
23115
23150
26033
23116
23151
26034
23117
23152
26035
23118
23153
26036
23119
23154
26037
23155
26038
23121
23157
26040
23122
23158
26041
23123
23159
26042
23124
23160
26043
23125
23161
26044
23126
23162
26045
23127
23163
26046
23128
23164
26047
23129
23165
26048
23130
23166
26049
23131
23167
26050
23132
23168
26051
23133
23169
26052
23134
23170
26053
23135
23171
26054
23136
23172
26055
23137
23173
26056
23138
23174
26057
23139
23175
26058
23140
23176
26059
23141
23177
26060
23142
23178
26061
23143
23179
26062
23144
23180
26063
23145
23181
26064
23146
23182
26065
23147
23183
26066
23148
23184
26067
23149
23185
26068
23150
23186
26069
23151
23187
26070
23152
23188
26071
23153
23189
26072
23154
23190
26073
23155
23191
26074
23156
23192
26075
23193
26076
23158
23194
23159
23195
26077
23160
23196
26078
23161
23197
26079
23162
23198
26080
23163
23199
26081
23164
23200
26082
23165
23201
26083
23166
23202
26084
23167
23203
26085
23168
23204
26086
23169
23205
26087
23170
23206
26088
23171
23207
26089
23172
23208
26090
23173
23209
26091
23174
23210
26092
23175
23211
26093
23176
23212
26094
23177
23213
26095
23178
23214
26096
23179
23215
26097
23180
23216
26098
23181
23217
26099
23182
23218
26100
23183
23219
26101
23184
23220
26102
23185
23221
26103
23186
23222
26104
23187
23223
26105
23188
23224
26106
23189
23225
26107
23190
23226
26108
23191
23227
26109
23192
23228
26110
23193
23229
26111
23230
26112
23195
23196
23231
26113
23197
23232
26114
23198
23233
26115
23199
23234
26116
23200
23235
26117
23201
23236
26118
23202
23237
26119
23203
23238
26120
23204
23239
26121
23205
23240
26122
23206
23241
26123
23207
23242
26124
23208
23243
26125
23209
23244
26126
23210
23245
26127
23211
23246
26128
23212
23247
26129
23213
23248
26130
23214
23249
26131
23215
23250
26132
23216
23251
26133
23217
23252
26134
23218
23253
26135
23219
23254
26136
23220
23255
26137
23221
23256
26138
23222
23257
26139
23223
23258
26140
23224
23259
26141
23225
23260
26142
23226
23261
26143
23227
23262
26144
23228
23263
26145
23229
23264
26146
23230
23265
26147
23266
26148
23232
23268
26150
23233
23269
26151
23234
23270
26152
23235
23271
26153
23236
23272
26154
23237
23273
26155
23238
23274
26156
23239
23275
26157
23240
23276
26158
23241
23277
26159
23242
23278
26160
23243
23279
26161
23244
23280
26162
23245
23281
26163
23246
23282
26164
23247
23283
26165
23248
23284
26166
23249
23285
26167
23250
23286
26168
23251
23287
26169
23252
23288
26170
23253
23289
26171
23254
23290
26172
23255
23291
26173
23256
23292
26174
23257
23293
26175
23258
23294
26176
23259
23295
26177
23260
23296
26178
23261
23297
26179
23262
23298
26180
23263
23299
26181
23264
23300
26182
23265
23301
26183
23266
23302
26184
23267
23303
26185
23304
26186
23269
23305
26187
23270
23306
26188
23271
23307
26189
23272
23308
26190
23273
23309
26191
23274
23310
26192
23275
23311
26193
23276
23312
26194
23277
23313
26195
23278
23314
26196
23279
23315
26197
23280
23316
26198
23281
23317
26199
23282
23318
26200
23283
23319
26201
23284
23320
26202
23285
23321
26203
23286
23322
26204
23287
23323
26205
23288
23324
26206
23289
23325
26207
23290
23326
26208
23291
23327
26209
23292
23328
26210
23293
23329
26211
23294
23330
26212
23295
23331
26213
23296
23332
26214
23297
23333
26215
23298
23334
26216
23299
23335
26217
23300
23336
26218
23301
23337
26219
23302
23338
26220
23303
23339
26221
23304
23340
26222
23341
26223
23306
23342
26224
23307
23343
26225
23308
23344
26226
23309
23345
26227
23310
23346
26228
23311
23347
26229
23312
23348
26230
23313
23349
26231
23314
23350
26232
23315
23351
26233
23316
23352
26234
23317
23353
26235
23318
23354
26236
23319
23355
26237
23320
23356
26238
23321
23357
26239
23322
23358
26240
23323
23359
26241
23324
23360
26242
23325
23361
26243
23326
23362
26244
23327
23363
26245
23328
23364
26246
23329
23365
26247
23330
23366
26248
23331
23367
26249
23332
23368
26250
23333
23369
26251
23334
23370
26252
23335
23371
26253
23336
23372
26254
23337
23373
26255
23338
23374
26256
23339
23375
26257
23340
23376
26258
23341
23377
26259
23378
26260
23343
23380
26262
23344
23381
26263
23345
23382
26264
23346
23383
26265
23347
23384
26266
23348
23385
26267
23349
23386
26268
23350
23387
26269
23351
23388
26270
23352
23389
26271
23353
23390
26272
23354
23391
26273
23355
23392
26274
23356
23393
26275
23357
23394
26276
23358
23395
26277
23359
23396
26278
23360
23397
26279
23361
23398
26280
23362
23399
26281
23363
23400
26282
23364
23401
26283
23365
23402
26284
23366
23403
26285
23367
23404
26286
23368
23405
26287
23369
23406
26288
23370
23407
26289
23371
23408
26290
23372
23409
26291
23373
23410
26292
23374
23411
26293
23375
23412
26294
23376
23413
26295
23377
23414
26296
23378
23415
26297
23379
23416
26298
23417
26299
23381
23418
26300
23382
23419
26301
23383
23420
26302
23384
23421
26303
23385
23422
26304
23386
23423
26305
23387
23424
26306
23388
23425
26307
23389
23426
26308
23390
23427
26309
23391
23428
26310
23392
23429
26311
23393
23430
26312
23394
23431
26313
23395
23432
26314
23396
23433
26315
23397
23434
26316
23398
23435
26317
23399
23436
26318
23400
23437
26319
23401
23438
26320
23402
23439
26321
23403
23440
26322
23404
23441
26323
23405
23442
26324
23406
23443
26325
23407
23444
26326
23408
23445
26327
23409
23446
26328
23410
23447
26329
23411
23448
26330
23412
23449
26331
23413
23450
26332
23414
23451
26333
23415
23452
26334
23416
23453
26335
23417
23454
26336
23455
26337
23419
23457
26338
23420
23458
26339
23421
23459
26340
23422
23460
26341
23423
23461
26342
23424
23462
26343
23425
23463
26344
23426
23464
26345
23427
23465
26346
23428
23466
26347
23429
23467
26348
23430
23468
26349
23431
23469
26350
23432
23470
26351
23433
23471
26352
23434
23472
26353
23435
23473
26354
23436
23474
26355
23437
23475
26356
23438
23476
26357
23439
23477
26358
23440
23478
26359
23441
23479
26360
23442
23480
26361
23443
23481
26362
23444
23482
26363
23445
23483
26364
23446
23484
26365
23447
23485
26366
23448
23486
26367
23449
23487
26368
23450
23488
26369
23451
23489
26370
23452
23490
26371
23453
23491
26372
23454
23492
26373
23455
23493
26374
23456
23494
26375
23495
26376
23458
23496
26377
23459
23497
26378
23460
23498
26379
23461
23499
26380
23462
23500
26381
23463
23501
26382
23464
23502
26383
23465
23503
26384
23466
23504
26385
23467
23505
26386
23468
23506
26387
23469
23507
26388
23470
23508
26389
23471
23509
26390
23472
23510
26391
23473
23511
26392
23474
23512
26393
23475
23513
26394
23476
23514
26395
23477
23515
26396
23478
23516
26397
23479
23517
26398
23480
23518
26399
23481
23519
26400
23482
23520
26401
23483
23521
26402
23484
23522
26403
23485
23523
26404
23486
23524
26405
23487
23525
26406
23488
23526
26407
23489
23527
26408
23490
23528
26409
23491
23529
26410
23492
23530
26411
23493
23531
26412
23494
23532
26413
23495
23533
26414
23534
26415
23497
23536
26416
23498
23537
26417
23499
23538
26418
23500
23539
26419
23501
23540
26420
23502
23541
26421
23503
23542
26422
23504
23543
26423
23505
23544
26424
23506
23545
26425
23507
23546
26426
23508
23547
26427
23509
23548
26428
23510
23549
26429
23511
23550
26430
23512
23551
26431
23513
23552
26432
23514
23553
26433
23515
23554
26434
23516
23555
26435
23517
23556
26436
23518
23557
26437
23519
23558
26438
23520
23559
26439
23521
23560
26440
23522
23561
26441
23523
23562
26442
23524
23563
26443
23525
23564
26444
23526
23565
26445
23527
23566
26446
23528
23567
26447
23529
23568
26448
23530
23569
26449
23531
23570
26450
23532
23571
26451
23533
23572
26452
23534
23573
26453
23535
23574
26454
23575
26455
23537
23576
26456
23538
23577
26457
23539
23578
26458
23540
23579
26459
23541
23580
26460
23542
23581
26461
23543
23582
26462
23544
23583
26463
23545
23584
26464
23546
23585
26465
23547
23586
26466
23548
23587
26467
23549
23588
26468
23550
23589
26469
23551
23590
26470
23552
23591
26471
23553
23592
26472
23554
23593
26473
23555
23594
26474
23556
23595
26475
23557
23596
26476
23558
23597
26477
23559
23598
26478
23560
23599
26479
23561
23600
26480
23562
23601
26481
23563
23602
26482
23564
23603
26483
23565
23604
26484
23566
23605
26485
23567
23606
26486
23568
23607
26487
23569
23608
26488
23570
23609
26489
23571
23610
26490
23572
23611
26491
23573
23612
26492
23574
23613
26493
23575
23614
26494
23615
26495
23577
23617
23578
23618
26496
23579
23619
26497
23580
23620
26498
23581
23621
26499
23582
23622
26500
23583
23623
26501
23584
23624
26502
23585
23625
26503
23586
23626
26504
23587
23627
26505
23588
23628
26506
23589
23629
26507
23590
23630
26508
23591
23631
26509
23592
23632
26510
23593
23633
26511
23594
23634
26512
23595
23635
26513
23596
23636
26514
23597
23637
26515
23598
23638
26516
23599
23639
26517
23600
23640
26518
23601
23641
26519
23602
23642
26520
23603
23643
26521
23604
23644
26522
23605
23645
26523
23606
23646
26524
23607
23647
26525
23608
23648
26526
23609
23649
26527
23610
23650
26528
23611
23651
26529
23612
23652
26530
23613
23653
26531
23614
23654
26532
23615
23655
26533
23616
23656
26534
23657
26535
23618
23659
23619
23660
26536
23620
23661
26537
23621
23662
26538
23622
23663
26539
23623
23664
26540
23624
23665
26541
23625
23666
26542
23626
23667
26543
23627
23668
26544
23628
23669
26545
23629
23670
26546
23630
23671
26547
23631
23672
26548
23632
23673
26549
23633
23674
26550
23634
23675
26551
23635
23676
26552
23636
23677
26553
23637
23678
26554
23638
23679
26555
23639
23680
26556
23640
23681
26557
23641
23682
26558
23642
23683
26559
23643
23684
26560
23644
23685
26561
23645
23686
26562
23646
23687
26563
23647
23688
26564
23648
23689
26565
23649
23690
26566
23650
23691
26567
23651
23692
26568
23652
23693
26569
23653
23694
26570
23654
23695
26571
23655
23696
26572
23656
23697
26573
23657
23698
26574
23658
23699
26575
23700
26576
23660
23661
23701
26577
23662
23702
26578
23663
23703
26579
23664
23704
26580
23665
23705
26581
23666
23706
26582
23667
23707
26583
23668
23708
26584
23669
23709
26585
23670
23710
26586
23671
23711
26587
23672
23712
26588
23673
23713
26589
23674
23714
26590
23675
23715
26591
23676
23716
26592
23677
23717
26593
23678
23718
26594
23679
23719
26595
23680
23720
26596
23681
23721
26597
23682
23722
26598
23683
23723
26599
23684
23724
26600
23685
23725
26601
23686
23726
26602
23687
23727
26603
23688
23728
26604
23689
23729
26605
23690
23730
26606
23691
23731
26607
23692
23732
26608
23693
23733
26609
23694
23734
26610
23695
23735
26611
23696
23736
26612
23697
23737
26613
23698
23738
26614
23699
23739
26615
23700
23740
26616
23741
26617
23702
23744
26619
23703
23745
26620
23704
23746
26621
23705
23747
26622
23706
23748
26623
23707
23749
26624
23708
23750
26625
23709
23751
26626
23710
23752
26627
23711
23753
26628
23712
23754
26629
23713
23755
26630
23714
23756
26631
23715
23757
26632
23716
23758
26633
23717
23759
26634
23718
23760
26635
23719
23761
26636
23720
23762
26637
23721
23763
26638
23722
23764
26639
23723
23765
26640
23724
23766
26641
23725
23767
26642
23726
23768
26643
23727
23769
26644
23728
23770
26645
23729
23771
26646
23730
23772
26647
23731
23773
26648
23732
23774
26649
23733
23775
26650
23734
23776
26651
23735
23777
26652
23736
23778
26653
23737
23779
26654
23738
23780
26655
23739
23781
26656
23740
23782
26657
23741
23783
26658
23742
23784
26659
23743
23785
26660
23786
26661
23745
23788
26662
23746
23789
26663
23747
23790
26664
23748
23791
26665
23749
23792
26666
23750
23793
26667
23751
23794
26668
23752
23795
26669
23753
23796
26670
23754
23797
26671
23755
23798
26672
23756
23799
26673
23757
23800
26674
23758
23801
26675
23759
23802
26676
23760
23803
26677
23761
23804
26678
23762
23805
26679
23763
23806
26680
23764
23807
26681
23765
23808
26682
23766
23809
26683
23767
23810
26684
23768
23811
26685
23769
23812
26686
23770
23813
26687
23771
23814
26688
23772
23815
26689
23773
23816
26690
23774
23817
26691
23775
23818
26692
23776
23819
26693
23777
23820
26694
23778
23821
26695
23779
23822
26696
23780
23823
26697
23781
23824
26698
23782
23825
26699
23783
23826
26700
23784
23827
26701
23785
23828
26702
23786
23829
26703
23787
23830
26704
23831
26705
23789
23834
26706
23790
23835
26707
23791
23836
26708
23792
23837
26709
23793
23838
26710
23794
23839
26711
23795
23840
26712
23796
23841
26713
23797
23842
26714
23798
23843
26715
23799
23844
26716
23800
23845
26717
23801
23846
26718
23802
23847
26719
23803
23848
26720
23804
23849
26721
23805
23850
26722
23806
23851
26723
23807
23852
26724
23808
23853
26725
23809
23854
26726
23810
23855
26727
23811
23856
26728
23812
23857
26729
23813
23858
26730
23814
23859
26731
23815
23860
26732
23816
23861
26733
23817
23862
26734
23818
23863
26735
23819
23864
26736
23820
23865
26737
23821
23866
26738
23822
23867
26739
23823
23868
26740
23824
23869
26741
23825
23870
26742
23826
23871
26743
23827
23872
26744
23828
23873
26745
23829
23874
26746
23830
23875
26747
23831
23876
26748
23832
23877
26749
23833
23878
26750
23879
26751
23835
23880
26752
23836
23881
26753
23837
23882
26754
23838
23883
26755
23839
23884
26756
23840
23885
26757
23841
23886
26758
23842
23887
26759
23843
23888
26760
23844
23889
26761
23845
23890
26762
23846
23891
26763
23847
23892
26764
23848
23893
26765
23849
23894
26766
23850
23895
26767
23851
23896
26768
23852
23897
26769
23853
23898
26770
23854
23899
26771
23855
23900
26772
23856
23901
26773
23857
23902
26774
23858
23903
26775
23859
23904
26776
23860
23905
26777
23861
23906
26778
23862
23907
26779
23863
23908
26780
23864
23909
26781
23865
23910
26782
23866
23911
26783
23867
23912
26784
23868
23913
26785
23869
23914
26786
23870
23915
26787
23871
23916
26788
23872
23917
26789
23873
23918
26790
23874
23919
26791
23875
23920
26792
23876
23921
26793
23877
23922
26794
23878
23923
26795
23879
23924
26796
23925
26797
23881
23926
26798
23882
23927
26799
23883
23928
26800
23884
23929
26801
23885
23930
26802
23886
23931
26803
23887
23932
26804
23888
23933
26805
23889
23934
26806
23890
23935
26807
23891
23936
26808
23892
23937
26809
23893
23938
26810
23894
23939
26811
23895
23940
26812
23896
23941
26813
23897
23942
26814
23898
23943
26815
23899
23944
26816
23900
23945
26817
23901
23946
26818
23902
23947
26819
23903
23948
26820
23904
23949
26821
23905
23950
26822
23906
23951
26823
23907
23952
26824
23908
23953
26825
23909
23954
26826
23910
23955
26827
23911
23956
26828
23912
23957
26829
23913
23958
26830
23914
23959
26831
23915
23960
26832
23916
23961
26833
23917
23962
26834
23918
23963
26835
23919
23964
26836
23920
23965
26837
23921
23966
26838
23922
23967
26839
23923
23968
26840
23924
23969
26841
23925
23970
26842
23971
26843
23927
23972
26844
23928
23973
26845
23929
23974
26846
23930
23975
26847
23931
23976
26848
23932
23977
26849
23933
23978
26850
23934
23979
26851
23935
23980
26852
23936
23981
26853
23937
23982
26854
23938
23983
26855
23939
23984
26856
23940
23985
26857
23941
23986
26858
23942
23987
26859
23943
23988
26860
23944
23989
26861
23945
23990
26862
23946
23991
26863
23947
23992
26864
23948
23993
26865
23949
23994
26866
23950
23995
26867
23951
23996
26868
23952
23997
26869
23953
23998
26870
23954
23999
26871
23955
24000
26872
23956
24001
26873
23957
24002
26874
23958
24003
26875
23959
24004
26876
23960
24005
26877
23961
24006
26878
23962
24007
26879
23963
24008
26880
23964
24009
26881
23965
24010
26882
23966
24011
26883
23967
24012
26884
23968
24013
26885
23969
24014
26886
23970
24015
26887
23971
24016
26888
24017
26889
23973
24018
26890
23974
24019
26891
23975
24020
26892
23976
24021
26893
23977
24022
26894
23978
24023
26895
23979
24024
26896
23980
24025
26897
23981
24026
26898
23982
24027
26899
23983
24028
26900
23984
24029
26901
23985
24030
26902
23986
24031
26903
23987
24032
26904
23988
24033
26905
23989
24034
26906
23990
24035
26907
23991
24036
26908
23992
24037
26909
23993
24038
26910
23994
24039
26911
23995
24040
26912
23996
24041
26913
23997
24042
26914
23998
24043
26915
23999
24044
26916
24000
24045
26917
24001
24046
26918
24002
24047
26919
24003
24048
26920
24004
24049
26921
24005
24050
26922
24006
24051
26923
24007
24052
26924
24008
24053
26925
24009
24054
26926
24010
24055
26927
24011
24056
26928
24012
24057
26929
24013
24058
26930
24014
24059
26931
24015
24060
26932
24016
24061
26933
24017
24062
26934
24063
26935
24019
24064
26936
24020
24065
26937
24021
24066
26938
24022
24067
26939
24023
24068
26940
24024
24069
26941
24025
24070
26942
24026
24071
26943
24027
24072
26944
24028
24073
26945
24029
24074
26946
24030
24075
26947
24031
24076
26948
24032
24077
26949
24033
24078
26950
24034
24079
26951
24035
24080
26952
24036
24081
26953
24037
24082
26954
24038
24083
26955
24039
24084
26956
24040
24085
26957
24041
24086
26958
24042
24087
26959
24043
24088
26960
24044
24089
26961
24045
24090
26962
24046
24091
26963
24047
24092
26964
24048
24093
26965
24049
24094
26966
24050
24095
26967
24051
24096
26968
24052
24097
26969
24053
24098
26970
24054
24099
26971
24055
24100
26972
24056
24101
26973
24057
24102
26974
24058
24103
26975
24059
24104
26976
24060
24105
26977
24061
24106
26978
24062
24107
26979
24063
24108
26980
24109
26981
24065
24110
26982
24066
24111
26983
24067
24112
26984
24068
24113
26985
24069
24114
26986
24070
24115
26987
24071
24116
26988
24072
24117
26989
24073
24118
26990
24074
24119
26991
24075
24120
26992
24076
24121
26993
24077
24122
26994
24078
24123
26995
24079
24124
26996
24080
24125
26997
24081
24126
26998
24082
24127
26999
24083
24128
27000
24084
24129
27001
24085
24130
27002
24086
24131
27003
24087
24132
27004
24088
24133
27005
24089
24134
27006
24090
24135
27007
24091
24136
27008
24092
24137
27009
24093
24138
27010
24094
24139
27011
24095
24140
27012
24096
24141
27013
24097
24142
27014
24098
24143
27015
24099
24144
27016
24100
24145
27017
24101
24146
27018
24102
24147
27019
24103
24148
27020
24104
24149
27021
24105
24150
27022
24106
24151
27023
24107
24152
27024
24108
24153
27025
24109
24154
27026
24155
27027
24111
24156
27028
24112
24157
27029
24113
24158
27030
24114
24159
27031
24115
24160
27032
24116
24161
27033
24117
24162
27034
24118
24163
27035
24119
24164
27036
24120
24165
27037
24121
24166
27038
24122
24167
27039
24123
24168
27040
24124
24169
27041
24125
24170
27042
24126
24171
27043
24127
24172
27044
24128
24173
27045
24129
24174
27046
24130
24175
27047
24131
24176
27048
24132
24177
27049
24133
24178
27050
24134
24179
27051
24135
24180
27052
24136
24181
27053
24137
24182
27054
24138
24183
27055
24139
24184
27056
24140
24185
27057
24141
24186
27058
24142
24187
27059
24143
24188
27060
24144
24189
27061
24145
24190
27062
24146
24191
27063
24147
24192
27064
24148
24193
27065
24149
24194
27066
24150
24195
27067
24151
24196
27068
24152
24197
27069
24153
24198
27070
24154
24199
27071
24155
24200
27072
24201
27073
24157
24202
27074
24158
24203
27075
24159
24204
27076
24160
24205
27077
24161
24206
27078
24162
24207
27079
24163
24208
27080
24164
24209
27081
24165
24210
27082
24166
24211
27083
24167
24212
27084
24168
24213
27085
24169
24214
27086
24170
24215
27087
24171
24216
27088
24172
24217
27089
24173
24218
27090
24174
24219
27091
24175
24220
27092
24176
24221
27093
24177
24222
27094
24178
24223
27095
24179
24224
27096
24180
24225
27097
24181
24226
27098
24182
24227
27099
24183
24228
27100
24184
24229
27101
24185
24230
27102
24186
24231
27103
24187
24232
27104
24188
24233
27105
24189
24234
27106
24190
24235
27107
24191
24236
27108
24192
24237
27109
24193
24238
27110
24194
24239
27111
24195
24240
27112
24196
24241
27113
24197
24242
27114
24198
24243
27115
24199
24244
27116
24200
24245
27117
24201
24246
27118
24247
27119
24203
24248
27120
24204
24249
27121
24205
24250
27122
24206
24251
27123
24207
24252
27124
24208
24253
27125
24209
24254
27126
24210
24255
27127
24211
24256
27128
24212
24257
27129
24213
24258
27130
24214
24259
27131
24215
24260
27132
24216
24261
27133
24217
24262
27134
24218
24263
27135
24219
24264
27136
24220
24265
27137
24221
24266
27138
24222
24267
27139
24223
24268
27140
24224
24269
27141
24225
24270
27142
24226
24271
27143
24227
24272
27144
24228
24273
27145
24229
24274
27146
24230
24275
27147
24231
24276
27148
24232
24277
27149
24233
24278
27150
24234
24279
27151
24235
24280
27152
24236
24281
27153
24237
24282
27154
24238
24283
27155
24239
24284
27156
24240
24285
27157
24241
24286
27158
24242
24287
27159
24243
24288
27160
24244
24289
27161
24245
24290
27162
24246
24291
27163
24247
24292
27164
24293
27165
24249
24294
27166
24250
24295
27167
24251
24296
27168
24252
24297
27169
24253
24298
27170
24254
24299
27171
24255
24300
27172
24256
24301
27173
24257
24302
27174
24258
24303
27175
24259
24304
27176
24260
24305
27177
24261
24306
27178
24262
24307
27179
24263
24308
27180
24264
24309
27181
24265
24310
27182
24266
24311
27183
24267
24312
27184
24268
24313
27185
24269
24314
27186
24270
24315
27187
24271
24316
27188
24272
24317
27189
24273
24318
27190
24274
24319
27191
24275
24320
27192
24276
24321
27193
24277
24322
27194
24278
24323
27195
24279
24324
27196
24280
24325
27197
24281
24326
27198
24282
24327
27199
24283
24328
27200
24284
24329
27201
24285
24330
27202
24286
24331
27203
24287
24332
27204
24288
24333
27205
24289
24334
27206
24290
24335
27207
24291
24336
27208
24292
24337
27209
24293
24338
27210
24339
27211
24295
24340
27212
24296
24341
27213
24297
24342
27214
24298
24343
27215
24299
24344
27216
24300
24345
27217
24301
24346
27218
24302
24347
27219
24303
24348
27220
24304
24349
27221
24305
24350
27222
24306
24351
27223
24307
24352
27224
24308
24353
27225
24309
24354
27226
24310
24355
27227
24311
24356
27228
24312
24357
27229
24313
24358
27230
24314
24359
27231
24315
24360
27232
24316
24361
27233
24317
24362
27234
24318
24363
27235
24319
24364
27236
24320
24365
27237
24321
24366
27238
24322
24367
27239
24323
24368
27240
24324
24369
27241
24325
24370
27242
24326
24371
27243
24327
24372
27244
24328
24373
27245
24329
24374
27246
24330
24375
27247
24331
24376
27248
24332
24377
27249
24333
24378
27250
24334
24379
27251
24335
24380
27252
24336
24381
27253
24337
24382
27254
24338
24383
27255
24339
24384
27256
24385
27257
24341
24386
27258
24342
24387
27259
24343
24388
27260
24344
24389
27261
24345
24390
27262
24346
24391
27263
24347
24392
27264
24348
24393
27265
24349
24394
27266
24350
24395
27267
24351
24396
27268
24352
24397
27269
24353
24398
27270
24354
24399
27271
24355
24400
27272
24356
24401
27273
24357
24402
27274
24358
24403
27275
24359
24404
27276
24360
24405
27277
24361
24406
27278
24362
24407
27279
24363
24408
27280
24364
24409
27281
24365
24410
27282
24366
24411
27283
24367
24412
27284
24368
24413
27285
24369
24414
27286
24370
24415
27287
24371
24416
27288
24372
24417
27289
24373
24418
27290
24374
24419
27291
24375
24420
27292
24376
24421
27293
24377
24422
27294
24378
24423
27295
24379
24424
27296
24380
24425
27297
24381
24426
27298
24382
24427
27299
24383
24428
27300
24384
24429
27301
24385
24430
27302
24431
27303
24387
24432
27304
24388
24433
27305
24389
24434
27306
24390
24435
27307
24391
24436
27308
24392
24437
27309
24393
24438
27310
24394
24439
27311
24395
24440
27312
24396
24441
27313
24397
24442
27314
24398
24443
27315
24399
24444
27316
24400
24445
27317
24401
24446
27318
24402
24447
27319
24403
24448
27320
24404
24449
27321
24405
24450
27322
24406
24451
27323
24407
24452
27324
24408
24453
27325
24409
24454
27326
24410
24455
27327
24411
24456
27328
24412
24457
27329
24413
24458
27330
24414
24459
27331
24415
24460
27332
24416
24461
27333
24417
24462
27334
24418
24463
27335
24419
24464
27336
24420
24465
27337
24421
24466
27338
24422
24467
27339
24423
24468
27340
24424
24469
27341
24425
24470
27342
24426
24471
27343
24427
24472
27344
24428
24473
27345
24429
24474
27346
24430
24475
27347
24431
24476
27348
24477
27349
24433
24478
27350
24434
24479
27351
24435
24480
27352
24436
24481
27353
24437
24482
27354
24438
24483
27355
24439
24484
27356
24440
24485
27357
24441
24486
27358
24442
24487
27359
24443
24488
27360
24444
24489
27361
24445
24490
27362
24446
24491
27363
24447
24492
27364
24448
24493
27365
24449
24494
27366
24450
24495
27367
24451
24496
27368
24452
24497
27369
24453
24498
27370
24454
24499
27371
24455
24500
27372
24456
24501
27373
24457
24502
27374
24458
24503
27375
24459
24504
27376
24460
24505
27377
24461
24506
27378
24462
24507
27379
24463
24508
27380
24464
24509
27381
24465
24510
27382
24466
24511
27383
24467
24512
27384
24468
24513
27385
24469
24514
27386
24470
24515
27387
24471
24516
27388
24472
24517
27389
24473
24518
27390
24474
24519
27391
24475
24520
27392
24476
24521
27393
24477
24522
27394
24523
27395
24479
24524
27396
24480
24525
27397
24481
24526
27398
24482
24527
27399
24483
24528
27400
24484
24529
27401
24485
24530
27402
24486
24531
27403
24487
24532
27404
24488
24533
27405
24489
24534
27406
24490
24535
27407
24491
24536
27408
24492
24537
27409
24493
24538
27410
24494
24539
27411
24495
24540
27412
24496
24541
27413
24497
24542
27414
24498
24543
27415
24499
24544
27416
24500
24545
27417
24501
24546
27418
24502
24547
27419
24503
24548
27420
24504
24549
27421
24505
24550
27422
24506
24551
27423
24507
24552
27424
24508
24553
27425
24509
24554
27426
24510
24555
27427
24511
24556
27428
24512
24557
27429
24513
24558
27430
24514
24559
27431
24515
24560
27432
24516
24561
27433
24517
24562
27434
24518
24563
27435
24519
24564
27436
24520
24565
27437
24521
24566
27438
24522
24567
27439
24523
24568
27440
24569
27441
24525
24570
27442
24526
24571
27443
24527
24572
27444
24528
24573
27445
24529
24574
27446
24530
24575
27447
24531
24576
27448
24532
24577
27449
24533
24578
27450
24534
24579
27451
24535
24580
27452
24536
24581
27453
24537
24582
27454
24538
24583
27455
24539
24584
27456
24540
24585
27457
24541
24586
27458
24542
24587
27459
24543
24588
27460
24544
24589
27461
24545
24590
27462
24546
24591
27463
24547
24592
27464
24548
24593
27465
24549
24594
27466
24550
24595
27467
24551
24596
27468
24552
24597
27469
24553
24598
27470
24554
24599
27471
24555
24600
27472
24556
24601
27473
24557
24602
27474
24558
24603
27475
24559
24604
27476
24560
24605
27477
24561
24606
27478
24562
24607
27479
24563
24608
27480
24564
24609
27481
24565
24610
27482
24566
24611
27483
24567
24612
27484
24568
24613
27485
24569
24614
27486
24615
27487
24571
24616
27488
24572
24617
27489
24573
24618
27490
24574
24619
27491
24575
24620
27492
24576
24621
27493
24577
24622
27494
24578
24623
27495
24579
24624
27496
24580
24625
27497
24581
24626
27498
24582
24627
27499
24583
24628
27500
24584
24629
27501
24585
24630
27502
24586
24631
27503
24587
24632
27504
24588
24633
27505
24589
24634
27506
24590
24635
27507
24591
24636
27508
24592
24637
27509
24593
24638
27510
24594
24639
27511
24595
24640
27512
24596
24641
27513
24597
24642
27514
24598
24643
27515
24599
24644
27516
24600
24645
27517
24601
24646
27518
24602
24647
27519
24603
24648
27520
24604
24649
27521
24605
24650
27522
24606
24651
27523
24607
24652
27524
24608
24653
27525
24609
24654
27526
24610
24655
27527
24611
24656
27528
24612
24657
27529
24613
24658
27530
24614
24659
27531
24615
24660
27532
24661
27533
24617
24662
27534
24618
24663
27535
24619
24664
27536
24620
24665
27537
24621
24666
27538
24622
24667
27539
24623
24668
27540
24624
24669
27541
24625
24670
27542
24626
24671
27543
24627
24672
27544
24628
24673
27545
24629
24674
27546
24630
24675
27547
24631
24676
27548
24632
24677
27549
24633
24678
27550
24634
24679
27551
24635
24680
27552
24636
24681
27553
24637
24682
27554
24638
24683
27555
24639
24684
27556
24640
24685
27557
24641
24686
27558
24642
24687
27559
24643
24688
27560
24644
24689
27561
24645
24690
27562
24646
24691
27563
24647
24692
27564
24648
24693
27565
24649
24694
27566
24650
24695
27567
24651
24696
27568
24652
24697
27569
24653
24698
27570
24654
24699
27571
24655
24700
27572
24656
24701
27573
24657
24702
27574
24658
24703
27575
24659
24704
27576
24660
24705
27577
24661
24706
27578
24707
27579
24663
24708
27580
24664
24709
27581
24665
24710
27582
24666
24711
27583
24667
24712
27584
24668
24713
27585
24669
24714
27586
24670
24715
27587
24671
24716
27588
24672
24717
27589
24673
24718
27590
24674
24719
27591
24675
24720
27592
24676
24721
27593
24677
24722
27594
24678
24723
27595
24679
24724
27596
24680
24725
27597
24681
24726
27598
24682
24727
27599
24683
24728
27600
24684
24729
27601
24685
24730
27602
24686
24731
27603
24687
24732
27604
24688
24733
27605
24689
24734
27606
24690
24735
27607
24691
24736
27608
24692
24737
27609
24693
24738
27610
24694
24739
27611
24695
24740
27612
24696
24741
27613
24697
24742
27614
24698
24743
27615
24699
24744
27616
24700
24745
27617
24701
24746
27618
24702
24747
27619
24703
24748
27620
24704
24749
27621
24705
24750
27622
24706
24751
27623
24707
24752
27624
24753
27625
24709
24754
27626
24710
24755
27627
24711
24756
27628
24712
24757
27629
24713
24758
27630
24714
24759
27631
24715
24760
27632
24716
24761
27633
24717
24762
27634
24718
24763
27635
24719
24764
27636
24720
24765
27637
24721
24766
27638
24722
24767
27639
24723
24768
27640
24724
24769
27641
24725
24770
27642
24726
24771
27643
24727
24772
27644
24728
24773
27645
24729
24774
27646
24730
24775
27647
24731
24776
27648
24732
24777
27649
24733
24778
27650
24734
24779
27651
24735
24780
27652
24736
24781
27653
24737
24782
27654
24738
24783
27655
24739
24784
27656
24740
24785
27657
24741
24786
27658
24742
24787
27659
24743
24788
27660
24744
24789
27661
24745
24790
27662
24746
24791
27663
24747
24792
27664
24748
24793
27665
24749
24794
27666
24750
24795
27667
24751
24796
27668
24752
24797
27669
24753
24798
27670
24799
27671
24755
24800
27672
24756
24801
27673
24757
24802
27674
24758
24803
27675
24759
24804
27676
24760
24805
27677
24761
24806
27678
24762
24807
27679
24763
24808
27680
24764
24809
27681
24765
24810
27682
24766
24811
27683
24767
24812
27684
24768
24813
27685
24769
24814
27686
24770
24815
27687
24771
24816
27688
24772
24817
27689
24773
24818
27690
24774
24819
27691
24775
24820
27692
24776
24821
27693
24777
24822
27694
24778
24823
27695
24779
24824
27696
24780
24825
27697
24781
24826
27698
24782
24827
27699
24783
24828
27700
24784
24829
27701
24785
24830
27702
24786
24831
27703
24787
24832
27704
24788
24833
27705
24789
24834
27706
24790
24835
27707
24791
24836
27708
24792
24837
27709
24793
24838
27710
24794
24839
27711
24795
24840
27712
24796
24841
27713
24797
24842
27714
24798
24843
27715
24799
24844
27716
24845
27717
24801
24847
27718
24802
24848
27719
24803
24849
27720
24804
24850
27721
24805
24851
27722
24806
24852
27723
24807
24853
27724
24808
24854
27725
24809
24855
27726
24810
24856
27727
24811
24857
27728
24812
24858
27729
24813
24859
27730
24814
24860
27731
24815
24861
27732
24816
24862
27733
24817
24863
27734
24818
24864
27735
24819
24865
27736
24820
24866
27737
24821
24867
27738
24822
24868
27739
24823
24869
27740
24824
24870
27741
24825
24871
27742
24826
24872
27743
24827
24873
27744
24828
24874
27745
24829
24875
27746
24830
24876
27747
24831
24877
27748
24832
24878
27749
24833
24879
27750
24834
24880
27751
24835
24881
27752
24836
24882
27753
24837
24883
27754
24838
24884
27755
24839
24885
27756
24840
24886
27757
24841
24887
27758
24842
24888
27759
24843
24889
27760
24844
24890
27761
24845
24891
27762
24892
27763
24847
24893
27764
24848
24894
27765
24849
24895
27766
24850
24896
27767
24851
24897
27768
24852
24898
27769
24853
24899
27770
24854
24900
27771
24855
24901
27772
24856
24902
27773
24857
24903
27774
24858
24904
27775
24859
24905
27776
24860
24906
27777
24861
24907
27778
24862
24908
27779
24863
24909
27780
24864
24910
27781
24865
24911
27782
24866
24912
27783
24867
24913
27784
24868
24914
27785
24869
24915
27786
24870
24916
27787
24871
24917
27788
24872
24918
27789
24873
24919
27790
24874
24920
27791
24875
24921
27792
24876
24922
27793
24877
24923
27794
24878
24924
27795
24879
24925
27796
24880
24926
27797
24881
24927
27798
24882
24928
27799
24883
24929
27800
24884
24930
27801
24885
24931
27802
24886
24932
27803
24887
24933
27804
24888
24934
27805
24889
24935
27806
24890
24936
27807
24891
24937
27808
24892
24938
27809
24939
27810
24894
24941
27811
24895
24942
27812
24896
24943
27813
24897
24944
27814
24898
24945
27815
24899
24946
27816
24900
24947
27817
24901
24948
27818
24902
24949
27819
24903
24950
27820
24904
24951
27821
24905
24952
27822
24906
24953
27823
24907
24954
27824
24908
24955
27825
24909
24956
27826
24910
24957
27827
24911
24958
27828
24912
24959
27829
24913
24960
27830
24914
24961
27831
24915
24962
27832
24916
24963
27833
24917
24964
27834
24918
24965
27835
24919
24966
27836
24920
24967
27837
24921
24968
27838
24922
24969
27839
24923
24970
27840
24924
24971
27841
24925
24972
27842
24926
24973
27843
24927
24974
27844
24928
24975
27845
24929
24976
27846
24930
24977
27847
24931
24978
27848
24932
24979
27849
24933
24980
27850
24934
24981
27851
24935
24982
27852
24936
24983
27853
24937
24984
27854
24938
24985
27855
24939
24986
27856
24987
27857
24941
24988
27858
24942
24989
27859
24943
24990
27860
24944
24991
27861
24945
24992
27862
24946
24993
27863
24947
24994
27864
24948
24995
27865
24949
24996
27866
24950
24997
27867
24951
24998
27868
24952
24999
27869
24953
25000
27870
24954
25001
27871
24955
25002
27872
24956
25003
27873
24957
25004
27874
24958
25005
27875
24959
25006
27876
24960
25007
27877
24961
25008
27878
24962
25009
27879
24963
25010
27880
24964
25011
27881
24965
25012
27882
24966
25013
27883
24967
25014
27884
24968
25015
27885
24969
25016
27886
24970
25017
27887
24971
25018
27888
24972
25019
27889
24973
25020
27890
24974
25021
27891
24975
25022
27892
24976
25023
27893
24977
25024
27894
24978
25025
27895
24979
25026
27896
24980
25027
27897
24981
25028
27898
24982
25029
27899
24983
25030
27900
24984
25031
27901
24985
25032
27902
24986
25033
27903
24987
25034
27904
25035
27905
24989
25036
27906
24990
25037
27907
24991
25038
27908
24992
25039
27909
24993
25040
27910
24994
25041
27911
24995
25042
27912
24996
25043
27913
24997
25044
27914
24998
25045
27915
24999
25046
27916
25000
25047
27917
25001
25048
27918
25002
25049
27919
25003
25050
27920
25004
25051
27921
25005
25052
27922
25006
25053
27923
25007
25054
27924
25008
25055
27925
25009
25056
27926
25010
25057
27927
25011
25058
27928
25012
25059
27929
25013
25060
27930
25014
25061
27931
25015
25062
27932
25016
25063
27933
25017
25064
27934
25018
25065
27935
25019
25066
27936
25020
25067
27937
25021
25068
27938
25022
25069
27939
25023
25070
27940
25024
25071
27941
25025
25072
27942
25026
25073
27943
25027
25074
27944
25028
25075
27945
25029
25076
27946
25030
25077
27947
25031
25078
27948
25032
25079
27949
25033
25080
27950
25034
25081
27951
25035
25082
27952
25083
27953
25037
25084
27954
25038
25085
27955
25039
25086
27956
25040
25087
27957
25041
25088
27958
25042
25089
27959
25043
25090
27960
25044
25091
27961
25045
25092
27962
25046
25093
27963
25047
25094
27964
25048
25095
27965
25049
25096
27966
25050
25097
27967
25051
25098
27968
25052
25099
27969
25053
25100
27970
25054
25101
27971
25055
25102
27972
25056
25103
27973
25057
25104
27974
25058
25105
27975
25059
25106
27976
25060
25107
27977
25061
25108
27978
25062
25109
27979
25063
25110
27980
25064
25111
27981
25065
25112
27982
25066
25113
27983
25067
25114
27984
25068
25115
27985
25069
25116
27986
25070
25117
27987
25071
25118
27988
25072
25119
27989
25073
25120
27990
25074
25121
27991
25075
25122
27992
25076
25123
27993
25077
25124
27994
25078
25125
27995
25079
25126
27996
25080
25127
27997
25081
25128
27998
25082
25129
27999
25083
25130
28000
25131
28001
25085
25132
28002
25086
25133
28003
25087
25134
28004
25088
25135
28005
25089
25136
28006
25090
25137
28007
25091
25138
28008
25092
25139
28009
25093
25140
28010
25094
25141
28011
25095
25142
28012
25096
25143
28013
25097
25144
28014
25098
25145
28015
25099
25146
28016
25100
25147
28017
25101
25148
28018
25102
25149
28019
25103
25150
28020
25104
25151
28021
25105
25152
28022
25106
25153
28023
25107
25154
28024
25108
25155
28025
25109
25156
28026
25110
25157
28027
25111
25158
28028
25112
25159
28029
25113
25160
28030
25114
25161
28031
25115
25162
28032
25116
25163
28033
25117
25164
28034
25118
25165
28035
25119
25166
28036
25120
25167
28037
25121
25168
28038
25122
25169
28039
25123
25170
28040
25124
25171
28041
25125
25172
28042
25126
25173
28043
25127
25174
28044
25128
25175
28045
25129
25176
28046
25130
25177
28047
25131
25178
28048
25179
28049
25133
25180
28050
25134
25181
28051
25135
25182
28052
25136
25183
28053
25137
25184
28054
25138
25185
28055
25139
25186
28056
25140
25187
28057
25141
25188
28058
25142
25189
28059
25143
25190
28060
25144
25191
28061
25145
25192
28062
25146
25193
28063
25147
25194
28064
25148
25195
28065
25149
25196
28066
25150
25197
28067
25151
25198
28068
25152
25199
28069
25153
25200
28070
25154
25201
28071
25155
25202
28072
25156
25203
28073
25157
25204
28074
25158
25205
28075
25159
25206
28076
25160
25207
28077
25161
25208
28078
25162
25209
28079
25163
25210
28080
25164
25211
28081
25165
25212
28082
25166
25213
28083
25167
25214
28084
25168
25215
28085
25169
25216
28086
25170
25217
28087
25171
25218
28088
25172
25219
28089
25173
25220
28090
25174
25221
28091
25175
25222
28092
25176
25223
28093
25177
25224
28094
25178
25225
28095
25179
25226
28096
25227
28097
25181
25228
28098
25182
25229
28099
25183
25230
28100
25184
25231
28101
25185
25232
28102
25186
25233
28103
25187
25234
28104
25188
25235
28105
25189
25236
28106
25190
25237
28107
25191
25238
28108
25192
25239
28109
25193
25240
28110
25194
25241
28111
25195
25242
28112
25196
25243
28113
25197
25244
28114
25198
25245
28115
25199
25246
28116
25200
25247
28117
25201
25248
28118
25202
25249
28119
25203
25250
28120
25204
25251
28121
25205
25252
28122
25206
25253
28123
25207
25254
28124
25208
25255
28125
25209
25256
28126
25210
25257
28127
25211
25258
28128
25212
25259
28129
25213
25260
28130
25214
25261
28131
25215
25262
28132
25216
25263
28133
25217
25264
28134
25218
25265
28135
25219
25266
28136
25220
25267
28137
25221
25268
28138
25222
25269
28139
25223
25270
28140
25224
25271
28141
25225
25272
28142
25226
25273
28143
25227
25274
28144
25275
28145
25229
25276
28146
25230
25277
28147
25231
25278
28148
25232
25279
28149
25233
25280
28150
25234
25281
28151
25235
25282
28152
25236
25283
28153
25237
25284
28154
25238
25285
28155
25239
25286
28156
25240
25287
28157
25241
25288
28158
25242
25289
28159
25243
25290
28160
25244
25291
28161
25245
25292
28162
25246
25293
28163
25247
25294
28164
25248
25295
28165
25249
25296
28166
25250
25297
28167
25251
25298
28168
25252
25299
28169
25253
25300
28170
25254
25301
28171
25255
25302
28172
25256
25303
28173
25257
25304
28174
25258
25305
28175
25259
25306
28176
25260
25307
28177
25261
25308
28178
25262
25309
28179
25263
25310
28180
25264
25311
28181
25265
25312
28182
25266
25313
28183
25267
25314
28184
25268
25315
28185
25269
25316
28186
25270
25317
28187
25271
25318
28188
25272
25319
28189
25273
25320
28190
25274
25321
28191
25275
25322
28192
25323
28193
25277
28194
25278
28195
25279
28196
25280
28197
25281
28198
25282
28199
25283
28200
25284
28201
25285
28202
25286
28203
25287
28204
25288
28205
25289
28206
25290
28207
25291
28208
25292
28209
25293
28210
25294
28211
25295
28212
25296
28213
25297
28214
25298
28215
25299
28216
25300
28217
25301
28218
25302
28219
25303
28220
25304
28221
25305
28222
25306
28223
25307
28224
25308
28225
25309
28226
25310
28227
25311
28228
25312
28229
25313
28230
25314
28231
25315
28232
25316
28233
25317
28234
25318
28235
25319
28236
25320
28237
25321
28238
25322
28239
25323
28240
28241
25325
25331
28194
28242
25326
25332
28243
25327
25333
28244
25328
25334
28245
25329
25335
28246
25330
25336
28247
25337
28248
25332
25338
28146
28249
25333
25339
28250
25334
25340
28251
25335
25341
28252
25336
25342
28253
25337
25343
28254
28255
25339
25344
28098
28256
25340
25345
28257
25341
25346
28258
25342
25347
28259
25343
25348
28260
28261
25345
25349
28050
28262
25346
25350
28263
25347
25351
28264
25348
25352
28265
28266
25350
25353
28002
28267
25351
25354
28268
25352
28269
25354
25355
27954
28270
28271
27906
28272
25357
25373
28360
25358
25374
28361
25359
25375
28362
25360
25376
28363
25361
25377
28364
25362
25378
28365
25363
25379
28366
25364
25380
28367
25365
25381
28368
25366
25382
28369
25367
25383
28370
25368
25384
28371
25369
25385
28372
25370
25386
28373
25371
25387
28374
25372
25388
28375
25389
28376
25374
25394
28382
25375
25395
28383
25376
25396
28384
25377
25397
28385
25378
25398
28386
25379
25399
28387
25380
25400
28388
25381
25401
28389
25382
25402
28390
25383
25403
28391
25384
25404
28392
25385
25405
28393
25386
25406
28394
25387
25407
28395
25388
25408
28396
25389
25409
28397
25390
25410
28398
25391
25411
28399
25392
25412
28400
25393
25413
28401
25414
28402
25395
25417
28405
25396
25418
28406
25397
25419
28407
25398
25420
28408
25399
25421
28409
25400
25422
28410
25401
25423
28411
25402
25424
28412
25403
25425
28413
25404
25426
28414
25405
25427
28415
25406
25428
28416
25407
25429
28417
25408
25430
28418
25409
25431
28419
25410
25432
28420
25411
25433
28421
25412
25434
28422
25413
25435
28423
25414
25436
28424
25415
25437
28425
25416
25438
28426
25439
28427
25418
25442
28429
25419
25443
28430
25420
25444
28431
25421
25445
28432
25422
25446
28433
25423
25447
28434
25424
25448
28435
25425
25449
28436
25426
25450
28437
25427
25451
28438
25428
25452
28439
25429
25453
28440
25430
25454
28441
25431
25455
28442
25432
25456
28443
25433
25457
28444
25434
25458
28445
25435
25459
28446
25436
25460
28447
25437
25461
28448
25438
25462
28449
25439
25463
28450
25440
25464
28451
25441
25465
28452
25466
28453
25443
25468
28455
25444
25469
28456
25445
25470
28457
25446
25471
28458
25447
25472
28459
25448
25473
28460
25449
25474
28461
25450
25475
28462
25451
25476
28463
25452
25477
28464
25453
25478
28465
25454
25479
28466
25455
25480
28467
25456
25481
28468
25457
25482
28469
25458
25483
28470
25459
25484
28471
25460
25485
28472
25461
25486
28473
25462
25487
28474
25463
25488
28475
25464
25489
28476
25465
25490
28477
25466
25491
28478
25467
25492
28479
25493
28480
25469
25496
28482
25470
25497
28483
25471
25498
28484
25472
25499
28485
25473
25500
28486
25474
25501
28487
25475
25502
28488
25476
25503
28489
25477
25504
28490
25478
25505
28491
25479
25506
28492
25480
25507
28493
25481
25508
28494
25482
25509
28495
25483
25510
28496
25484
25511
28497
25485
25512
28498
25486
25513
28499
25487
25514
28500
25488
25515
28501
25489
25516
28502
25490
25517
28503
25491
25518
28504
25492
25519
28505
25493
25520
28506
25494
25521
28507
25495
25522
28508
25523
28509
25497
25525
28510
25498
25526
28511
25499
25527
28512
25500
25528
28513
25501
25529
28514
25502
25530
28515
25503
25531
28516
25504
25532
28517
25505
25533
28518
25506
25534
28519
25507
25535
28520
25508
25536
28521
25509
25537
28522
25510
25538
28523
25511
25539
28524
25512
25540
28525
25513
25541
28526
25514
25542
28527
25515
25543
28528
25516
25544
28529
25517
25545
28530
25518
25546
28531
25519
25547
28532
25520
25548
28533
25521
25549
28534
25522
25550
28535
25523
25551
28536
25524
25552
28537
25553
28538
25526
25555
28540
25527
25556
28541
25528
25557
28542
25529
25558
28543
25530
25559
28544
25531
25560
28545
25532
25561
28546
25533
25562
28547
25534
25563
28548
25535
25564
28549
25536
25565
28550
25537
25566
28551
25538
25567
28552
25539
25568
28553
25540
25569
28554
25541
25570
28555
25542
25571
28556
25543
25572
28557
25544
25573
28558
25545
25574
28559
25546
25575
28560
25547
25576
28561
25548
25577
28562
25549
25578
28563
25550
25579
28564
25551
25580
28565
25552
25581
28566
25553
25582
28567
25554
25583
28568
25584
28569
25556
25586
28571
25557
25587
28572
25558
25588
28573
25559
25589
28574
25560
25590
28575
25561
25591
28576
25562
25592
28577
25563
25593
28578
25564
25594
28579
25565
25595
28580
25566
25596
28581
25567
25597
28582
25568
25598
28583
25569
25599
28584
25570
25600
28585
25571
25601
28586
25572
25602
28587
25573
25603
28588
25574
25604
28589
25575
25605
28590
25576
25606
28591
25577
25607
28592
25578
25608
28593
25579
25609
28594
25580
25610
28595
25581
25611
28596
25582
25612
28597
25583
25613
28598
25584
25614
28599
25585
25615
28600
25616
28601
25587
25618
28602
25588
25619
28603
25589
25620
28604
25590
25621
28605
25591
25622
28606
25592
25623
28607
25593
25624
28608
25594
25625
28609
25595
25626
28610
25596
25627
28611
25597
25628
28612
25598
25629
28613
25599
25630
28614
25600
25631
28615
25601
25632
28616
25602
25633
28617
25603
25634
28618
25604
25635
28619
25605
25636
28620
25606
25637
28621
25607
25638
28622
25608
25639
28623
25609
25640
28624
25610
25641
28625
25611
25642
28626
25612
25643
28627
25613
25644
28628
25614
25645
28629
25615
25646
28630
25616
25647
28631
25617
25648
28632
25649
28633
25619
25651
28634
25620
25652
28635
25621
25653
28636
25622
25654
28637
25623
25655
28638
25624
25656
28639
25625
25657
28640
25626
25658
28641
25627
25659
28642
25628
25660
28643
25629
25661
28644
25630
25662
28645
25631
25663
28646
25632
25664
28647
25633
25665
28648
25634
25666
28649
25635
25667
28650
25636
25668
28651
25637
25669
28652
25638
25670
28653
25639
25671
28654
25640
25672
28655
25641
25673
28656
25642
25674
28657
25643
25675
28658
25644
25676
28659
25645
25677
28660
25646
25678
28661
25647
25679
28662
25648
25680
28663
25649
25681
28664
25650
25682
28665
25683
28666
25652
25684
28667
25653
25685
28668
25654
25686
28669
25655
25687
28670
25656
25688
28671
25657
25689
28672
25658
25690
28673
25659
25691
28674
25660
25692
28675
25661
25693
28676
25662
25694
28677
25663
25695
28678
25664
25696
28679
25665
25697
28680
25666
25698
28681
25667
25699
28682
25668
25700
28683
25669
25701
28684
25670
25702
28685
25671
25703
28686
25672
25704
28687
25673
25705
28688
25674
25706
28689
25675
25707
28690
25676
25708
28691
25677
25709
28692
25678
25710
28693
25679
25711
28694
25680
25712
28695
25681
25713
28696
25682
25714
28697
25683
25715
28698
25716
28699
25685
25718
28701
25686
25719
28702
25687
25720
28703
25688
25721
28704
25689
25722
28705
25690
25723
28706
25691
25724
28707
25692
25725
28708
25693
25726
28709
25694
25727
28710
25695
25728
28711
25696
25729
28712
25697
25730
28713
25698
25731
28714
25699
25732
28715
25700
25733
28716
25701
25734
28717
25702
25735
28718
25703
25736
28719
25704
25737
28720
25705
25738
28721
25706
25739
28722
25707
25740
28723
25708
25741
28724
25709
25742
28725
25710
25743
28726
25711
25744
28727
25712
25745
28728
25713
25746
28729
25714
25747
28730
25715
25748
28731
25716
25749
28732
25717
25750
28733
25751
28734
25719
25752
28735
25720
25753
28736
25721
25754
28737
25722
25755
28738
25723
25756
28739
25724
25757
28740
25725
25758
28741
25726
25759
28742
25727
25760
28743
25728
25761
28744
25729
25762
28745
25730
25763
28746
25731
25764
28747
25732
25765
28748
25733
25766
28749
25734
25767
28750
25735
25768
28751
25736
25769
28752
25737
25770
28753
25738
25771
28754
25739
25772
28755
25740
25773
28756
25741
25774
28757
25742
25775
28758
25743
25776
28759
25744
25777
28760
25745
25778
28761
25746
25779
28762
25747
25780
28763
25748
25781
28764
25749
25782
28765
25750
25783
28766
25751
25784
28767
25785
28768
25753
25787
28770
25754
25788
28771
25755
25789
28772
25756
25790
28773
25757
25791
28774
25758
25792
28775
25759
25793
28776
25760
25794
28777
25761
25795
28778
25762
25796
28779
25763
25797
28780
25764
25798
28781
25765
25799
28782
25766
25800
28783
25767
25801
28784
25768
25802
28785
25769
25803
28786
25770
25804
28787
25771
25805
28788
25772
25806
28789
25773
25807
28790
25774
25808
28791
25775
25809
28792
25776
25810
28793
25777
25811
28794
25778
25812
28795
25779
25813
28796
25780
25814
28797
25781
25815
28798
25782
25816
28799
25783
25817
28800
25784
25818
28801
25785
25819
28802
25786
25820
28803
25821
28804
25788
25822
28805
25789
25823
28806
25790
25824
28807
25791
25825
28808
25792
25826
28809
25793
25827
28810
25794
25828
28811
25795
25829
28812
25796
25830
28813
25797
25831
28814
25798
25832
28815
25799
25833
28816
25800
25834
28817
25801
25835
28818
25802
25836
28819
25803
25837
28820
25804
25838
28821
25805
25839
28822
25806
25840
28823
25807
25841
28824
25808
25842
28825
25809
25843
28826
25810
25844
28827
25811
25845
28828
25812
25846
28829
25813
25847
28830
25814
25848
28831
25815
25849
28832
25816
25850
28833
25817
25851
28834
25818
25852
28835
25819
25853
28836
25820
25854
28837
25821
25855
28838
25856
28839
25823
25858
28841
25824
25859
28842
25825
25860
28843
25826
25861
28844
25827
25862
28845
25828
25863
28846
25829
25864
28847
25830
25865
28848
25831
25866
28849
25832
25867
28850
25833
25868
28851
25834
25869
28852
25835
25870
28853
25836
25871
28854
25837
25872
28855
25838
25873
28856
25839
25874
28857
25840
25875
28858
25841
25876
28859
25842
25877
28860
25843
25878
28861
25844
25879
28862
25845
25880
28863
25846
25881
28864
25847
25882
28865
25848
25883
28866
25849
25884
28867
25850
25885
28868
25851
25886
28869
25852
25887
28870
25853
25888
28871
25854
25889
28872
25855
25890
28873
25856
25891
28874
25857
25892
28875
25893
28876
25859
25894
28877
25860
25895
28878
25861
25896
28879
25862
25897
28880
25863
25898
28881
25864
25899
28882
25865
25900
28883
25866
25901
28884
25867
25902
28885
25868
25903
28886
25869
25904
28887
25870
25905
28888
25871
25906
28889
25872
25907
28890
25873
25908
28891
25874
25909
28892
25875
25910
28893
25876
25911
28894
25877
25912
28895
25878
25913
28896
25879
25914
28897
25880
25915
28898
25881
25916
28899
25882
25917
28900
25883
25918
28901
25884
25919
28902
25885
25920
28903
25886
25921
28904
25887
25922
28905
25888
25923
28906
25889
25924
28907
25890
25925
28908
25891
25926
28909
25892
25927
28910
25893
25928
28911
25929
28912
25895
25930
28913
25896
25931
28914
25897
25932
28915
25898
25933
28916
25899
25934
28917
25900
25935
28918
25901
25936
28919
25902
25937
28920
25903
25938
28921
25904
25939
28922
25905
25940
28923
25906
25941
28924
25907
25942
28925
25908
25943
28926
25909
25944
28927
25910
25945
28928
25911
25946
28929
25912
25947
28930
25913
25948
28931
25914
25949
28932
25915
25950
28933
25916
25951
28934
25917
25952
28935
25918
25953
28936
25919
25954
28937
25920
25955
28938
25921
25956
28939
25922
25957
28940
25923
25958
28941
25924
25959
28942
25925
25960
28943
25926
25961
28944
25927
25962
28945
25928
25963
28946
25929
25964
28947
25965
28948
25931
25966
28949
25932
25967
28950
25933
25968
28951
25934
25969
28952
25935
25970
28953
25936
25971
28954
25937
25972
28955
25938
25973
28956
25939
25974
28957
25940
25975
28958
25941
25976
28959
25942
25977
28960
25943
25978
28961
25944
25979
28962
25945
25980
28963
25946
25981
28964
25947
25982
28965
25948
25983
28966
25949
25984
28967
25950
25985
28968
25951
25986
28969
25952
25987
28970
25953
25988
28971
25954
25989
28972
25955
25990
28973
25956
25991
28974
25957
25992
28975
25958
25993
28976
25959
25994
28977
25960
25995
28978
25961
25996
28979
25962
25997
28980
25963
25998
28981
25964
25999
28982
25965
26000
28983
26001
28984
25967
26003
28986
25968
26004
28987
25969
26005
28988
25970
26006
28989
25971
26007
28990
25972
26008
28991
25973
26009
28992
25974
26010
28993
25975
26011
28994
25976
26012
28995
25977
26013
28996
25978
26014
28997
25979
26015
28998
25980
26016
28999
25981
26017
29000
25982
26018
29001
25983
26019
29002
25984
26020
29003
25985
26021
29004
25986
26022
29005
25987
26023
29006
25988
26024
29007
25989
26025
29008
25990
26026
29009
25991
26027
29010
25992
26028
29011
25993
26029
29012
25994
26030
29013
25995
26031
29014
25996
26032
29015
25997
26033
29016
25998
26034
29017
25999
26035
29018
26000
26036
29019
26001
26037
29020
26002
26038
29021
26039
29022
26004
26040
29023
26005
26041
29024
26006
26042
29025
26007
26043
29026
26008
26044
29027
26009
26045
29028
26010
26046
29029
26011
26047
29030
26012
26048
29031
26013
26049
29032
26014
26050
29033
26015
26051
29034
26016
26052
29035
26017
26053
29036
26018
26054
29037
26019
26055
29038
26020
26056
29039
26021
26057
29040
26022
26058
29041
26023
26059
29042
26024
26060
29043
26025
26061
29044
26026
26062
29045
26027
26063
29046
26028
26064
29047
26029
26065
29048
26030
26066
29049
26031
26067
29050
26032
26068
29051
26033
26069
29052
26034
26070
29053
26035
26071
29054
26036
26072
29055
26037
26073
29056
26038
26074
29057
26039
26075
29058
26076
29059
26041
26042
26077
29060
26043
26078
29061
26044
26079
29062
26045
26080
29063
26046
26081
29064
26047
26082
29065
26048
26083
29066
26049
26084
29067
26050
26085
29068
26051
26086
29069
26052
26087
29070
26053
26088
29071
26054
26089
29072
26055
26090
29073
26056
26091
29074
26057
26092
29075
26058
26093
29076
26059
26094
29077
26060
26095
29078
26061
26096
29079
26062
26097
29080
26063
26098
29081
26064
26099
29082
26065
26100
29083
26066
26101
29084
26067
26102
29085
26068
26103
29086
26069
26104
29087
26070
26105
29088
26071
26106
29089
26072
26107
29090
26073
26108
29091
26074
26109
29092
26075
26110
29093
26076
26111
29094
26112
29095
26078
26113
29096
26079
26114
29097
26080
26115
29098
26081
26116
29099
26082
26117
29100
26083
26118
29101
26084
26119
29102
26085
26120
29103
26086
26121
29104
26087
26122
29105
26088
26123
29106
26089
26124
29107
26090
26125
29108
26091
26126
29109
26092
26127
29110
26093
26128
29111
26094
26129
29112
26095
26130
29113
26096
26131
29114
26097
26132
29115
26098
26133
29116
26099
26134
29117
26100
26135
29118
26101
26136
29119
26102
26137
29120
26103
26138
29121
26104
26139
29122
26105
26140
29123
26106
26141
29124
26107
26142
29125
26108
26143
29126
26109
26144
29127
26110
26145
29128
26111
26146
29129
26112
26147
29130
26148
29131
26114
26150
29133
26115
26151
29134
26116
26152
29135
26117
26153
29136
26118
26154
29137
26119
26155
29138
26120
26156
29139
26121
26157
29140
26122
26158
29141
26123
26159
29142
26124
26160
29143
26125
26161
29144
26126
26162
29145
26127
26163
29146
26128
26164
29147
26129
26165
29148
26130
26166
29149
26131
26167
29150
26132
26168
29151
26133
26169
29152
26134
26170
29153
26135
26171
29154
26136
26172
29155
26137
26173
29156
26138
26174
29157
26139
26175
29158
26140
26176
29159
26141
26177
29160
26142
26178
29161
26143
26179
29162
26144
26180
29163
26145
26181
29164
26146
26182
29165
26147
26183
29166
26148
26184
29167
26149
26185
29168
26186
29169
26151
26187
29170
26152
26188
29171
26153
26189
29172
26154
26190
29173
26155
26191
29174
26156
26192
29175
26157
26193
29176
26158
26194
29177
26159
26195
29178
26160
26196
29179
26161
26197
29180
26162
26198
29181
26163
26199
29182
26164
26200
29183
26165
26201
29184
26166
26202
29185
26167
26203
29186
26168
26204
29187
26169
26205
29188
26170
26206
29189
26171
26207
29190
26172
26208
29191
26173
26209
29192
26174
26210
29193
26175
26211
29194
26176
26212
29195
26177
26213
29196
26178
26214
29197
26179
26215
29198
26180
26216
29199
26181
26217
29200
26182
26218
29201
26183
26219
29202
26184
26220
29203
26185
26221
29204
26186
26222
29205
26223
29206
26188
26224
29207
26189
26225
29208
26190
26226
29209
26191
26227
29210
26192
26228
29211
26193
26229
29212
26194
26230
29213
26195
26231
29214
26196
26232
29215
26197
26233
29216
26198
26234
29217
26199
26235
29218
26200
26236
29219
26201
26237
29220
26202
26238
29221
26203
26239
29222
26204
26240
29223
26205
26241
29224
26206
26242
29225
26207
26243
29226
26208
26244
29227
26209
26245
29228
26210
26246
29229
26211
26247
29230
26212
26248
29231
26213
26249
29232
26214
26250
29233
26215
26251
29234
26216
26252
29235
26217
26253
29236
26218
26254
29237
26219
26255
29238
26220
26256
29239
26221
26257
29240
26222
26258
29241
26223
26259
29242
26260
29243
26225
26262
29245
26226
26263
29246
26227
26264
29247
26228
26265
29248
26229
26266
29249
26230
26267
29250
26231
26268
29251
26232
26269
29252
26233
26270
29253
26234
26271
29254
26235
26272
29255
26236
26273
29256
26237
26274
29257
26238
26275
29258
26239
26276
29259
26240
26277
29260
26241
26278
29261
26242
26279
29262
26243
26280
29263
26244
26281
29264
26245
26282
29265
26246
26283
29266
26247
26284
29267
26248
26285
29268
26249
26286
29269
26250
26287
29270
26251
26288
29271
26252
26289
29272
26253
26290
29273
26254
26291
29274
26255
26292
29275
26256
26293
29276
26257
26294
29277
26258
26295
29278
26259
26296
29279
26260
26297
29280
26261
26298
29281
26299
29282
26263
26300
26264
26301
29283
26265
26302
29284
26266
26303
29285
26267
26304
29286
26268
26305
29287
26269
26306
29288
26270
26307
29289
26271
26308
29290
26272
26309
29291
26273
26310
29292
26274
26311
29293
26275
26312
29294
26276
26313
29295
26277
26314
29296
26278
26315
29297
26279
26316
29298
26280
26317
29299
26281
26318
29300
26282
26319
29301
26283
26320
29302
26284
26321
29303
26285
26322
29304
26286
26323
29305
26287
26324
29306
26288
26325
29307
26289
26326
29308
26290
26327
29309
26291
26328
29310
26292
26329
29311
26293
26330
29312
26294
26331
29313
26295
26332
29314
26296
26333
29315
26297
26334
29316
26298
26335
29317
26299
26336
29318
26337
29319
26301
26338
26302
26339
29320
26303
26340
29321
26304
26341
29322
26305
26342
29323
26306
26343
29324
26307
26344
29325
26308
26345
29326
26309
26346
29327
26310
26347
29328
26311
26348
29329
26312
26349
29330
26313
26350
29331
26314
26351
29332
26315
26352
29333
26316
26353
29334
26317
26354
29335
26318
26355
29336
26319
26356
29337
26320
26357
29338
26321
26358
29339
26322
26359
29340
26323
26360
29341
26324
26361
29342
26325
26362
29343
26326
26363
29344
26327
26364
29345
26328
26365
29346
26329
26366
29347
26330
26367
29348
26331
26368
29349
26332
26369
29350
26333
26370
29351
26334
26371
29352
26335
26372
29353
26336
26373
29354
26337
26374
29355
26375
29356
26339
26377
26340
26378
29358
26341
26379
29359
26342
26380
29360
26343
26381
29361
26344
26382
29362
26345
26383
29363
26346
26384
29364
26347
26385
29365
26348
26386
29366
26349
26387
29367
26350
26388
29368
26351
26389
29369
26352
26390
29370
26353
26391
29371
26354
26392
29372
26355
26393
29373
26356
26394
29374
26357
26395
29375
26358
26396
29376
26359
26397
29377
26360
26398
29378
26361
26399
29379
26362
26400
29380
26363
26401
29381
26364
26402
29382
26365
26403
29383
26366
26404
29384
26367
26405
29385
26368
26406
29386
26369
26407
29387
26370
26408
29388
26371
26409
29389
26372
26410
29390
26373
26411
29391
26374
26412
29392
26375
26413
29393
26376
26414
29394
26415
29395
26378
26416
26379
26417
29396
26380
26418
29397
26381
26419
29398
26382
26420
29399
26383
26421
29400
26384
26422
29401
26385
26423
29402
26386
26424
29403
26387
26425
29404
26388
26426
29405
26389
26427
29406
26390
26428
29407
26391
26429
29408
26392
26430
29409
26393
26431
29410
26394
26432
29411
26395
26433
29412
26396
26434
29413
26397
26435
29414
26398
26436
29415
26399
26437
29416
26400
26438
29417
26401
26439
29418
26402
26440
29419
26403
26441
29420
26404
26442
29421
26405
26443
29422
26406
26444
29423
26407
26445
29424
26408
26446
29425
26409
26447
29426
26410
26448
29427
26411
26449
29428
26412
26450
29429
26413
26451
29430
26414
26452
29431
26415
26453
29432
26454
29433
26417
26456
26418
26457
29435
26419
26458
29436
26420
26459
29437
26421
26460
29438
26422
26461
29439
26423
26462
29440
26424
26463
29441
26425
26464
29442
26426
26465
29443
26427
26466
29444
26428
26467
29445
26429
26468
29446
26430
26469
29447
26431
26470
29448
26432
26471
29449
26433
26472
29450
26434
26473
29451
26435
26474
29452
26436
26475
29453
26437
26476
29454
26438
26477
29455
26439
26478
29456
26440
26479
29457
26441
26480
29458
26442
26481
29459
26443
26482
29460
26444
26483
29461
26445
26484
29462
26446
26485
29463
26447
26486
29464
26448
26487
29465
26449
26488
29466
26450
26489
29467
26451
26490
29468
26452
26491
29469
26453
26492
29470
26454
26493
29471
26455
26494
29472
26495
29473
26457
26458
26496
29474
26459
26497
29475
26460
26498
29476
26461
26499
29477
26462
26500
29478
26463
26501
29479
26464
26502
29480
26465
26503
29481
26466
26504
29482
26467
26505
29483
26468
26506
29484
26469
26507
29485
26470
26508
29486
26471
26509
29487
26472
26510
29488
26473
26511
29489
26474
26512
29490
26475
26513
29491
26476
26514
29492
26477
26515
29493
26478
26516
29494
26479
26517
29495
26480
26518
29496
26481
26519
29497
26482
26520
29498
26483
26521
29499
26484
26522
29500
26485
26523
29501
26486
26524
29502
26487
26525
29503
26488
26526
29504
26489
26527
29505
26490
26528
29506
26491
26529
29507
26492
26530
29508
26493
26531
29509
26494
26532
29510
26495
26533
29511
26534
29512
26497
26536
29514
26498
26537
29515
26499
26538
29516
26500
26539
29517
26501
26540
29518
26502
26541
29519
26503
26542
29520
26504
26543
29521
26505
26544
29522
26506
26545
29523
26507
26546
29524
26508
26547
29525
26509
26548
29526
26510
26549
29527
26511
26550
29528
26512
26551
29529
26513
26552
29530
26514
26553
29531
26515
26554
29532
26516
26555
29533
26517
26556
29534
26518
26557
29535
26519
26558
29536
26520
26559
29537
26521
26560
29538
26522
26561
29539
26523
26562
29540
26524
26563
29541
26525
26564
29542
26526
26565
29543
26527
26566
29544
26528
26567
29545
26529
26568
29546
26530
26569
29547
26531
26570
29548
26532
26571
29549
26533
26572
29550
26534
26573
29551
26535
26574
29552
26575
29553
26537
26577
29554
26538
26578
29555
26539
26579
29556
26540
26580
29557
26541
26581
29558
26542
26582
29559
26543
26583
29560
26544
26584
29561
26545
26585
29562
26546
26586
29563
26547
26587
29564
26548
26588
29565
26549
26589
29566
26550
26590
29567
26551
26591
29568
26552
26592
29569
26553
26593
29570
26554
26594
29571
26555
26595
29572
26556
26596
29573
26557
26597
29574
26558
26598
29575
26559
26599
29576
26560
26600
29577
26561
26601
29578
26562
26602
29579
26563
26603
29580
26564
26604
29581
26565
26605
29582
26566
26606
29583
26567
26607
29584
26568
26608
29585
26569
26609
29586
26570
26610
29587
26571
26611
29588
26572
26612
29589
26573
26613
29590
26574
26614
29591
26575
26615
29592
26576
26616
29593
26617
29594
26578
26619
29595
26579
26620
29596
26580
26621
29597
26581
26622
29598
26582
26623
29599
26583
26624
29600
26584
26625
29601
26585
26626
29602
26586
26627
29603
26587
26628
29604
26588
26629
29605
26589
26630
29606
26590
26631
29607
26591
26632
29608
26592
26633
29609
26593
26634
29610
26594
26635
29611
26595
26636
29612
26596
26637
29613
26597
26638
29614
26598
26639
29615
26599
26640
29616
26600
26641
29617
26601
26642
29618
26602
26643
29619
26603
26644
29620
26604
26645
29621
26605
26646
29622
26606
26647
29623
26607
26648
29624
26608
26649
29625
26609
26650
29626
26610
26651
29627
26611
26652
29628
26612
26653
29629
26613
26654
29630
26614
26655
29631
26615
26656
29632
26616
26657
29633
26617
26658
29634
26618
26659
29635
26660
29636
26620
26662
29637
26621
26663
29638
26622
26664
29639
26623
26665
29640
26624
26666
29641
26625
26667
29642
26626
26668
29643
26627
26669
29644
26628
26670
29645
26629
26671
29646
26630
26672
29647
26631
26673
29648
26632
26674
29649
26633
26675
29650
26634
26676
29651
26635
26677
29652
26636
26678
29653
26637
26679
29654
26638
26680
29655
26639
26681
29656
26640
26682
29657
26641
26683
29658
26642
26684
29659
26643
26685
29660
26644
26686
29661
26645
26687
29662
26646
26688
29663
26647
26689
29664
26648
26690
29665
26649
26691
29666
26650
26692
29667
26651
26693
29668
26652
26694
29669
26653
26695
29670
26654
26696
29671
26655
26697
29672
26656
26698
29673
26657
26699
29674
26658
26700
29675
26659
26701
29676
26660
26702
29677
26661
26703
29678
26704
29679
26663
26706
29680
26664
26707
29681
26665
26708
29682
26666
26709
29683
26667
26710
29684
26668
26711
29685
26669
26712
29686
26670
26713
29687
26671
26714
29688
26672
26715
29689
26673
26716
29690
26674
26717
29691
26675
26718
29692
26676
26719
29693
26677
26720
29694
26678
26721
29695
26679
26722
29696
26680
26723
29697
26681
26724
29698
26682
26725
29699
26683
26726
29700
26684
26727
29701
26685
26728
29702
26686
26729
29703
26687
26730
29704
26688
26731
29705
26689
26732
29706
26690
26733
29707
26691
26734
29708
26692
26735
29709
26693
26736
29710
26694
26737
29711
26695
26738
29712
26696
26739
29713
26697
26740
29714
26698
26741
29715
26699
26742
29716
26700
26743
29717
26701
26744
29718
26702
26745
29719
26703
26746
29720
26704
26747
29721
26705
26748
29722
26749
29723
26707
26752
29724
26708
26753
29725
26709
26754
29726
26710
26755
29727
26711
26756
29728
26712
26757
29729
26713
26758
29730
26714
26759
29731
26715
26760
29732
26716
26761
29733
26717
26762
29734
26718
26763
29735
26719
26764
29736
26720
26765
29737
26721
26766
29738
26722
26767
29739
26723
26768
29740
26724
26769
29741
26725
26770
29742
26726
26771
29743
26727
26772
29744
26728
26773
29745
26729
26774
29746
26730
26775
29747
26731
26776
29748
26732
26777
29749
26733
26778
29750
26734
26779
29751
26735
26780
29752
26736
26781
29753
26737
26782
29754
26738
26783
29755
26739
26784
29756
26740
26785
29757
26741
26786
29758
26742
26787
29759
26743
26788
29760
26744
26789
29761
26745
26790
29762
26746
26791
29763
26747
26792
29764
26748
26793
29765
26749
26794
29766
26750
26795
29767
26751
26796
29768
26797
29769
26753
26798
29770
26754
26799
29771
26755
26800
29772
26756
26801
29773
26757
26802
29774
26758
26803
29775
26759
26804
29776
26760
26805
29777
26761
26806
29778
26762
26807
29779
26763
26808
29780
26764
26809
29781
26765
26810
29782
26766
26811
29783
26767
26812
29784
26768
26813
29785
26769
26814
29786
26770
26815
29787
26771
26816
29788
26772
26817
29789
26773
26818
29790
26774
26819
29791
26775
26820
29792
26776
26821
29793
26777
26822
29794
26778
26823
29795
26779
26824
29796
26780
26825
29797
26781
26826
29798
26782
26827
29799
26783
26828
29800
26784
26829
29801
26785
26830
29802
26786
26831
29803
26787
26832
29804
26788
26833
29805
26789
26834
29806
26790
26835
29807
26791
26836
29808
26792
26837
29809
26793
26838
29810
26794
26839
29811
26795
26840
29812
26796
26841
29813
26797
26842
29814
26843
29815
26799
26844
29816
26800
26845
29817
26801
26846
29818
26802
26847
29819
26803
26848
29820
26804
26849
29821
26805
26850
29822
26806
26851
29823
26807
26852
29824
26808
26853
29825
26809
26854
29826
26810
26855
29827
26811
26856
29828
26812
26857
29829
26813
26858
29830
26814
26859
29831
26815
26860
29832
26816
26861
29833
26817
26862
29834
26818
26863
29835
26819
26864
29836
26820
26865
29837
26821
26866
29838
26822
26867
29839
26823
26868
29840
26824
26869
29841
26825
26870
29842
26826
26871
29843
26827
26872
29844
26828
26873
29845
26829
26874
29846
26830
26875
29847
26831
26876
29848
26832
26877
29849
26833
26878
29850
26834
26879
29851
26835
26880
29852
26836
26881
29853
26837
26882
29854
26838
26883
29855
26839
26884
29856
26840
26885
29857
26841
26886
29858
26842
26887
29859
26843
26888
29860
26889
29861
26845
26890
29862
26846
26891
29863
26847
26892
29864
26848
26893
29865
26849
26894
29866
26850
26895
29867
26851
26896
29868
26852
26897
29869
26853
26898
29870
26854
26899
29871
26855
26900
29872
26856
26901
29873
26857
26902
29874
26858
26903
29875
26859
26904
29876
26860
26905
29877
26861
26906
29878
26862
26907
29879
26863
26908
29880
26864
26909
29881
26865
26910
29882
26866
26911
29883
26867
26912
29884
26868
26913
29885
26869
26914
29886
26870
26915
29887
26871
26916
29888
26872
26917
29889
26873
26918
29890
26874
26919
29891
26875
26920
29892
26876
26921
29893
26877
26922
29894
26878
26923
29895
26879
26924
29896
26880
26925
29897
26881
26926
29898
26882
26927
29899
26883
26928
29900
26884
26929
29901
26885
26930
29902
26886
26931
29903
26887
26932
29904
26888
26933
29905
26889
26934
29906
26935
29907
26891
26936
29908
26892
26937
29909
26893
26938
29910
26894
26939
29911
26895
26940
29912
26896
26941
29913
26897
26942
29914
26898
26943
29915
26899
26944
29916
26900
26945
29917
26901
26946
29918
26902
26947
29919
26903
26948
29920
26904
26949
29921
26905
26950
29922
26906
26951
29923
26907
26952
29924
26908
26953
29925
26909
26954
29926
26910
26955
29927
26911
26956
29928
26912
26957
29929
26913
26958
29930
26914
26959
29931
26915
26960
29932
26916
26961
29933
26917
26962
29934
26918
26963
29935
26919
26964
29936
26920
26965
29937
26921
26966
29938
26922
26967
29939
26923
26968
29940
26924
26969
29941
26925
26970
29942
26926
26971
29943
26927
26972
29944
26928
26973
29945
26929
26974
29946
26930
26975
29947
26931
26976
29948
26932
26977
29949
26933
26978
29950
26934
26979
29951
26935
26980
29952
26981
29953
26937
26982
29954
26938
26983
29955
26939
26984
29956
26940
26985
29957
26941
26986
29958
26942
26987
29959
26943
26988
29960
26944
26989
29961
26945
26990
29962
26946
26991
29963
26947
26992
29964
26948
26993
29965
26949
26994
29966
26950
26995
29967
26951
26996
29968
26952
26997
29969
26953
26998
29970
26954
26999
29971
26955
27000
29972
26956
27001
29973
26957
27002
29974
26958
27003
29975
26959
27004
29976
26960
27005
29977
26961
27006
29978
26962
27007
29979
26963
27008
29980
26964
27009
29981
26965
27010
29982
26966
27011
29983
26967
27012
29984
26968
27013
29985
26969
27014
29986
26970
27015
29987
26971
27016
29988
26972
27017
29989
26973
27018
29990
26974
27019
29991
26975
27020
29992
26976
27021
29993
26977
27022
29994
26978
27023
29995
26979
27024
29996
26980
27025
29997
26981
27026
29998
27027
29999
26983
27028
30000
26984
27029
30001
26985
27030
30002
26986
27031
30003
26987
27032
30004
26988
27033
30005
26989
27034
30006
26990
27035
30007
26991
27036
30008
26992
27037
30009
26993
27038
30010
26994
27039
30011
26995
27040
30012
26996
27041
30013
26997
27042
30014
26998
27043
30015
26999
27044
30016
27000
27045
30017
27001
27046
30018
27002
27047
30019
27003
27048
30020
27004
27049
30021
27005
27050
30022
27006
27051
30023
27007
27052
30024
27008
27053
30025
27009
27054
30026
27010
27055
30027
27011
27056
30028
27012
27057
30029
27013
27058
30030
27014
27059
30031
27015
27060
30032
27016
27061
30033
27017
27062
30034
27018
27063
30035
27019
27064
30036
27020
27065
30037
27021
27066
30038
27022
27067
30039
27023
27068
30040
27024
27069
30041
27025
27070
30042
27026
27071
30043
27027
27072
30044
27073
30045
27029
27074
30046
27030
27075
30047
27031
27076
30048
27032
27077
30049
27033
27078
30050
27034
27079
30051
27035
27080
30052
27036
27081
30053
27037
27082
30054
27038
27083
30055
27039
27084
30056
27040
27085
30057
27041
27086
30058
27042
27087
30059
27043
27088
30060
27044
27089
30061
27045
27090
30062
27046
27091
30063
27047
27092
30064
27048
27093
30065
27049
27094
30066
27050
27095
30067
27051
27096
30068
27052
27097
30069
27053
27098
30070
27054
27099
30071
27055
27100
30072
27056
27101
30073
27057
27102
30074
27058
27103
30075
27059
27104
30076
27060
27105
30077
27061
27106
30078
27062
27107
30079
27063
27108
30080
27064
27109
30081
27065
27110
30082
27066
27111
30083
27067
27112
30084
27068
27113
30085
27069
27114
30086
27070
27115
30087
27071
27116
30088
27072
27117
30089
27073
27118
30090
27119
30091
27075
27120
30092
27076
27121
30093
27077
27122
30094
27078
27123
30095
27079
27124
30096
27080
27125
30097
27081
27126
30098
27082
27127
30099
27083
27128
30100
27084
27129
30101
27085
27130
30102
27086
27131
30103
27087
27132
30104
27088
27133
30105
27089
27134
30106
27090
27135
30107
27091
27136
30108
27092
27137
30109
27093
27138
30110
27094
27139
30111
27095
27140
30112
27096
27141
30113
27097
27142
30114
27098
27143
30115
27099
27144
30116
27100
27145
30117
27101
27146
30118
27102
27147
30119
27103
27148
30120
27104
27149
30121
27105
27150
30122
27106
27151
30123
27107
27152
30124
27108
27153
30125
27109
27154
30126
27110
27155
30127
27111
27156
30128
27112
27157
30129
27113
27158
30130
27114
27159
30131
27115
27160
30132
27116
27161
30133
27117
27162
30134
27118
27163
30135
27119
27164
30136
27165
30137
27121
27166
30138
27122
27167
30139
27123
27168
30140
27124
27169
30141
27125
27170
30142
27126
27171
30143
27127
27172
30144
27128
27173
30145
27129
27174
30146
27130
27175
30147
27131
27176
30148
27132
27177
30149
27133
27178
30150
27134
27179
30151
27135
27180
30152
27136
27181
30153
27137
27182
30154
27138
27183
30155
27139
27184
30156
27140
27185
30157
27141
27186
30158
27142
27187
30159
27143
27188
30160
27144
27189
30161
27145
27190
30162
27146
27191
30163
27147
27192
30164
27148
27193
30165
27149
27194
30166
27150
27195
30167
27151
27196
30168
27152
27197
30169
27153
27198
30170
27154
27199
30171
27155
27200
30172
27156
27201
30173
27157
27202
30174
27158
27203
30175
27159
27204
30176
27160
27205
30177
27161
27206
30178
27162
27207
30179
27163
27208
30180
27164
27209
30181
27165
27210
30182
27211
30183
27167
27212
30184
27168
27213
30185
27169
27214
30186
27170
27215
30187
27171
27216
30188
27172
27217
30189
27173
27218
30190
27174
27219
30191
27175
27220
30192
27176
27221
30193
27177
27222
30194
27178
27223
30195
27179
27224
30196
27180
27225
30197
27181
27226
30198
27182
27227
30199
27183
27228
30200
27184
27229
30201
27185
27230
30202
27186
27231
30203
27187
27232
30204
27188
27233
30205
27189
27234
30206
27190
27235
30207
27191
27236
30208
27192
27237
30209
27193
27238
30210
27194
27239
30211
27195
27240
30212
27196
27241
30213
27197
27242
30214
27198
27243
30215
27199
27244
30216
27200
27245
30217
27201
27246
30218
27202
27247
30219
27203
27248
30220
27204
27249
30221
27205
27250
30222
27206
27251
30223
27207
27252
30224
27208
27253
30225
27209
27254
30226
27210
27255
30227
27211
27256
30228
27257
30229
27213
27258
30230
27214
27259
30231
27215
27260
30232
27216
27261
30233
27217
27262
30234
27218
27263
30235
27219
27264
30236
27220
27265
30237
27221
27266
30238
27222
27267
30239
27223
27268
30240
27224
27269
30241
27225
27270
30242
27226
27271
30243
27227
27272
30244
27228
27273
30245
27229
27274
30246
27230
27275
30247
27231
27276
30248
27232
27277
30249
27233
27278
30250
27234
27279
30251
27235
27280
30252
27236
27281
30253
27237
27282
30254
27238
27283
30255
27239
27284
30256
27240
27285
30257
27241
27286
30258
27242
27287
30259
27243
27288
30260
27244
27289
30261
27245
27290
30262
27246
27291
30263
27247
27292
30264
27248
27293
30265
27249
27294
30266
27250
27295
30267
27251
27296
30268
27252
27297
30269
27253
27298
30270
27254
27299
30271
27255
27300
30272
27256
27301
30273
27257
27302
30274
27303
30275
27259
27304
30276
27260
27305
30277
27261
27306
30278
27262
27307
30279
27263
27308
30280
27264
27309
30281
27265
27310
30282
27266
27311
30283
27267
27312
30284
27268
27313
30285
27269
27314
30286
27270
27315
30287
27271
27316
30288
27272
27317
30289
27273
27318
30290
27274
27319
30291
27275
27320
30292
27276
27321
30293
27277
27322
30294
27278
27323
30295
27279
27324
30296
27280
27325
30297
27281
27326
30298
27282
27327
30299
27283
27328
30300
27284
27329
30301
27285
27330
30302
27286
27331
30303
27287
27332
30304
27288
27333
30305
27289
27334
30306
27290
27335
30307
27291
27336
30308
27292
27337
30309
27293
27338
30310
27294
27339
30311
27295
27340
30312
27296
27341
30313
27297
27342
30314
27298
27343
30315
27299
27344
30316
27300
27345
30317
27301
27346
30318
27302
27347
30319
27303
27348
30320
27349
30321
27305
27350
30322
27306
27351
30323
27307
27352
30324
27308
27353
30325
27309
27354
30326
27310
27355
30327
27311
27356
30328
27312
27357
30329
27313
27358
30330
27314
27359
30331
27315
27360
30332
27316
27361
30333
27317
27362
30334
27318
27363
30335
27319
27364
30336
27320
27365
30337
27321
27366
30338
27322
27367
30339
27323
27368
30340
27324
27369
30341
27325
27370
30342
27326
27371
30343
27327
27372
30344
27328
27373
30345
27329
27374
30346
27330
27375
30347
27331
27376
30348
27332
27377
30349
27333
27378
30350
27334
27379
30351
27335
27380
30352
27336
27381
30353
27337
27382
30354
27338
27383
30355
27339
27384
30356
27340
27385
30357
27341
27386
30358
27342
27387
30359
27343
27388
30360
27344
27389
30361
27345
27390
30362
27346
27391
30363
27347
27392
30364
27348
27393
30365
27349
27394
30366
27395
30367
27351
27396
30368
27352
27397
30369
27353
27398
30370
27354
27399
30371
27355
27400
30372
27356
27401
30373
27357
27402
30374
27358
27403
30375
27359
27404
30376
27360
27405
30377
27361
27406
30378
27362
27407
30379
27363
27408
30380
27364
27409
30381
27365
27410
30382
27366
27411
30383
27367
27412
30384
27368
27413
30385
27369
27414
30386
27370
27415
30387
27371
27416
30388
27372
27417
30389
27373
27418
30390
27374
27419
30391
27375
27420
30392
27376
27421
30393
27377
27422
30394
27378
27423
30395
27379
27424
30396
27380
27425
30397
27381
27426
30398
27382
27427
30399
27383
27428
30400
27384
27429
30401
27385
27430
30402
27386
27431
30403
27387
27432
30404
27388
27433
30405
27389
27434
30406
27390
27435
30407
27391
27436
30408
27392
27437
30409
27393
27438
30410
27394
27439
30411
27395
27440
30412
27441
30413
27397
27442
30414
27398
27443
30415
27399
27444
30416
27400
27445
30417
27401
27446
30418
27402
27447
30419
27403
27448
30420
27404
27449
30421
27405
27450
30422
27406
27451
30423
27407
27452
30424
27408
27453
30425
27409
27454
30426
27410
27455
30427
27411
27456
30428
27412
27457
30429
27413
27458
30430
27414
27459
30431
27415
27460
30432
27416
27461
30433
27417
27462
30434
27418
27463
30435
27419
27464
30436
27420
27465
30437
27421
27466
30438
27422
27467
30439
27423
27468
30440
27424
27469
30441
27425
27470
30442
27426
27471
30443
27427
27472
30444
27428
27473
30445
27429
27474
30446
27430
27475
30447
27431
27476
30448
27432
27477
30449
27433
27478
30450
27434
27479
30451
27435
27480
30452
27436
27481
30453
27437
27482
30454
27438
27483
30455
27439
27484
30456
27440
27485
30457
27441
27486
30458
27487
30459
27443
27488
30460
27444
27489
30461
27445
27490
30462
27446
27491
30463
27447
27492
30464
27448
27493
30465
27449
27494
30466
27450
27495
30467
27451
27496
30468
27452
27497
30469
27453
27498
30470
27454
27499
30471
27455
27500
30472
27456
27501
30473
27457
27502
30474
27458
27503
30475
27459
27504
30476
27460
27505
30477
27461
27506
30478
27462
27507
30479
27463
27508
30480
27464
27509
30481
27465
27510
30482
27466
27511
30483
27467
27512
30484
27468
27513
30485
27469
27514
30486
27470
27515
30487
27471
27516
30488
27472
27517
30489
27473
27518
30490
27474
27519
30491
27475
27520
30492
27476
27521
30493
27477
27522
30494
27478
27523
30495
27479
27524
30496
27480
27525
30497
27481
27526
30498
27482
27527
30499
27483
27528
30500
27484
27529
30501
27485
27530
30502
27486
27531
30503
27487
27532
30504
27533
30505
27489
27534
30506
27490
27535
30507
27491
27536
30508
27492
27537
30509
27493
27538
30510
27494
27539
30511
27495
27540
30512
27496
27541
30513
27497
27542
30514
27498
27543
30515
27499
27544
30516
27500
27545
30517
27501
27546
30518
27502
27547
30519
27503
27548
30520
27504
27549
30521
27505
27550
30522
27506
27551
30523
27507
27552
30524
27508
27553
30525
27509
27554
30526
27510
27555
30527
27511
27556
30528
27512
27557
30529
27513
27558
30530
27514
27559
30531
27515
27560
30532
27516
27561
30533
27517
27562
30534
27518
27563
30535
27519
27564
30536
27520
27565
30537
27521
27566
30538
27522
27567
30539
27523
27568
30540
27524
27569
30541
27525
27570
30542
27526
27571
30543
27527
27572
30544
27528
27573
30545
27529
27574
30546
27530
27575
30547
27531
27576
30548
27532
27577
30549
27533
27578
30550
27579
30551
27535
27580
30552
27536
27581
30553
27537
27582
30554
27538
27583
30555
27539
27584
30556
27540
27585
30557
27541
27586
30558
27542
27587
30559
27543
27588
30560
27544
27589
30561
27545
27590
30562
27546
27591
30563
27547
27592
30564
27548
27593
30565
27549
27594
30566
27550
27595
30567
27551
27596
30568
27552
27597
30569
27553
27598
30570
27554
27599
30571
27555
27600
30572
27556
27601
30573
27557
27602
30574
27558
27603
30575
27559
27604
30576
27560
27605
30577
27561
27606
30578
27562
27607
30579
27563
27608
30580
27564
27609
30581
27565
27610
30582
27566
27611
30583
27567
27612
30584
27568
27613
30585
27569
27614
30586
27570
27615
30587
27571
27616
30588
27572
27617
30589
27573
27618
30590
27574
27619
30591
27575
27620
30592
27576
27621
30593
27577
27622
30594
27578
27623
30595
27579
27624
30596
27625
30597
27581
27626
30598
27582
27627
30599
27583
27628
30600
27584
27629
30601
27585
27630
30602
27586
27631
30603
27587
27632
30604
27588
27633
30605
27589
27634
30606
27590
27635
30607
27591
27636
30608
27592
27637
30609
27593
27638
30610
27594
27639
30611
27595
27640
30612
27596
27641
30613
27597
27642
30614
27598
27643
30615
27599
27644
30616
27600
27645
30617
27601
27646
30618
27602
27647
30619
27603
27648
30620
27604
27649
30621
27605
27650
30622
27606
27651
30623
27607
27652
30624
27608
27653
30625
27609
27654
30626
27610
27655
30627
27611
27656
30628
27612
27657
30629
27613
27658
30630
27614
27659
30631
27615
27660
30632
27616
27661
30633
27617
27662
30634
27618
27663
30635
27619
27664
30636
27620
27665
30637
27621
27666
30638
27622
27667
30639
27623
27668
30640
27624
27669
30641
27625
27670
30642
27671
30643
27627
27672
30644
27628
27673
30645
27629
27674
30646
27630
27675
30647
27631
27676
30648
27632
27677
30649
27633
27678
30650
27634
27679
30651
27635
27680
30652
27636
27681
30653
27637
27682
30654
27638
27683
30655
27639
27684
30656
27640
27685
30657
27641
27686
30658
27642
27687
30659
27643
27688
30660
27644
27689
30661
27645
27690
30662
27646
27691
30663
27647
27692
30664
27648
27693
30665
27649
27694
30666
27650
27695
30667
27651
27696
30668
27652
27697
30669
27653
27698
30670
27654
27699
30671
27655
27700
30672
27656
27701
30673
27657
27702
30674
27658
27703
30675
27659
27704
30676
27660
27705
30677
27661
27706
30678
27662
27707
30679
27663
27708
30680
27664
27709
30681
27665
27710
30682
27666
27711
30683
27667
27712
30684
27668
27713
30685
27669
27714
30686
27670
27715
30687
27671
27716
30688
27717
30689
27673
27718
30690
27674
27719
30691
27675
27720
30692
27676
27721
30693
27677
27722
30694
27678
27723
30695
27679
27724
30696
27680
27725
30697
27681
27726
30698
27682
27727
30699
27683
27728
30700
27684
27729
30701
27685
27730
30702
27686
27731
30703
27687
27732
30704
27688
27733
30705
27689
27734
30706
27690
27735
30707
27691
27736
30708
27692
27737
30709
27693
27738
30710
27694
27739
30711
27695
27740
30712
27696
27741
30713
27697
27742
30714
27698
27743
30715
27699
27744
30716
27700
27745
30717
27701
27746
30718
27702
27747
30719
27703
27748
30720
27704
27749
30721
27705
27750
30722
27706
27751
30723
27707
27752
30724
27708
27753
30725
27709
27754
30726
27710
27755
30727
27711
27756
30728
27712
27757
30729
27713
27758
30730
27714
27759
30731
27715
27760
30732
27716
27761
30733
27717
27762
30734
27763
30735
27719
27765
30736
27720
27766
30737
27721
27767
30738
27722
27768
30739
27723
27769
30740
27724
27770
30741
27725
27771
30742
27726
27772
30743
27727
27773
30744
27728
27774
30745
27729
27775
30746
27730
27776
30747
27731
27777
30748
27732
27778
30749
27733
27779
30750
27734
27780
30751
27735
27781
30752
27736
27782
30753
27737
27783
30754
27738
27784
30755
27739
27785
30756
27740
27786
30757
27741
27787
30758
27742
27788
30759
27743
27789
30760
27744
27790
30761
27745
27791
30762
27746
27792
30763
27747
27793
30764
27748
27794
30765
27749
27795
30766
27750
27796
30767
27751
27797
30768
27752
27798
30769
27753
27799
30770
27754
27800
30771
27755
27801
30772
27756
27802
30773
27757
27803
30774
27758
27804
30775
27759
27805
30776
27760
27806
30777
27761
27807
30778
27762
27808
30779
27763
27809
30780
27810
30781
27765
27811
27766
27812
30782
27767
27813
30783
27768
27814
30784
27769
27815
30785
27770
27816
30786
27771
27817
30787
27772
27818
30788
27773
27819
30789
27774
27820
30790
27775
27821
30791
27776
27822
30792
27777
27823
30793
27778
27824
30794
27779
27825
30795
27780
27826
30796
27781
27827
30797
27782
27828
30798
27783
27829
30799
27784
27830
30800
27785
27831
30801
27786
27832
30802
27787
27833
30803
27788
27834
30804
27789
27835
30805
27790
27836
30806
27791
27837
30807
27792
27838
30808
27793
27839
30809
27794
27840
30810
27795
27841
30811
27796
27842
30812
27797
27843
30813
27798
27844
30814
27799
27845
30815
27800
27846
30816
27801
27847
30817
27802
27848
30818
27803
27849
30819
27804
27850
30820
27805
27851
30821
27806
27852
30822
27807
27853
30823
27808
27854
30824
27809
27855
30825
27810
27856
30826
27857
30827
27812
27859
30828
27813
27860
30829
27814
27861
30830
27815
27862
30831
27816
27863
30832
27817
27864
30833
27818
27865
30834
27819
27866
30835
27820
27867
30836
27821
27868
30837
27822
27869
30838
27823
27870
30839
27824
27871
30840
27825
27872
30841
27826
27873
30842
27827
27874
30843
27828
27875
30844
27829
27876
30845
27830
27877
30846
27831
27878
30847
27832
27879
30848
27833
27880
30849
27834
27881
30850
27835
27882
30851
27836
27883
30852
27837
27884
30853
27838
27885
30854
27839
27886
30855
27840
27887
30856
27841
27888
30857
27842
27889
30858
27843
27890
30859
27844
27891
30860
27845
27892
30861
27846
27893
30862
27847
27894
30863
27848
27895
30864
27849
27896
30865
27850
27897
30866
27851
27898
30867
27852
27899
30868
27853
27900
30869
27854
27901
30870
27855
27902
30871
27856
27903
30872
27857
27904
30873
27905
30874
27859
27906
30875
27860
27907
30876
27861
27908
30877
27862
27909
30878
27863
27910
30879
27864
27911
30880
27865
27912
30881
27866
27913
30882
27867
27914
30883
27868
27915
30884
27869
27916
30885
27870
27917
30886
27871
27918
30887
27872
27919
30888
27873
27920
30889
27874
27921
30890
27875
27922
30891
27876
27923
30892
27877
27924
30893
27878
27925
30894
27879
27926
30895
27880
27927
30896
27881
27928
30897
27882
27929
30898
27883
27930
30899
27884
27931
30900
27885
27932
30901
27886
27933
30902
27887
27934
30903
27888
27935
30904
27889
27936
30905
27890
27937
30906
27891
27938
30907
27892
27939
30908
27893
27940
30909
27894
27941
30910
27895
27942
30911
27896
27943
30912
27897
27944
30913
27898
27945
30914
27899
27946
30915
27900
27947
30916
27901
27948
30917
27902
27949
30918
27903
27950
30919
27904
27951
30920
27905
27952
30921
27953
30922
27907
27954
30923
27908
27955
30924
27909
27956
30925
27910
27957
30926
27911
27958
30927
27912
27959
30928
27913
27960
30929
27914
27961
30930
27915
27962
30931
27916
27963
30932
27917
27964
30933
27918
27965
30934
27919
27966
30935
27920
27967
30936
27921
27968
30937
27922
27969
30938
27923
27970
30939
27924
27971
30940
27925
27972
30941
27926
27973
30942
27927
27974
30943
27928
27975
30944
27929
27976
30945
27930
27977
30946
27931
27978
30947
27932
27979
30948
27933
27980
30949
27934
27981
30950
27935
27982
30951
27936
27983
30952
27937
27984
30953
27938
27985
30954
27939
27986
30955
27940
27987
30956
27941
27988
30957
27942
27989
30958
27943
27990
30959
27944
27991
30960
27945
27992
30961
27946
27993
30962
27947
27994
30963
27948
27995
30964
27949
27996
30965
27950
27997
30966
27951
27998
30967
27952
27999
30968
27953
28000
30969
28001
30970
27955
28002
30971
27956
28003
30972
27957
28004
30973
27958
28005
30974
27959
28006
30975
27960
28007
30976
27961
28008
30977
27962
28009
30978
27963
28010
30979
27964
28011
30980
27965
28012
30981
27966
28013
30982
27967
28014
30983
27968
28015
30984
27969
28016
30985
27970
28017
30986
27971
28018
30987
27972
28019
30988
27973
28020
30989
27974
28021
30990
27975
28022
30991
27976
28023
30992
27977
28024
30993
27978
28025
30994
27979
28026
30995
27980
28027
30996
27981
28028
30997
27982
28029
30998
27983
28030
30999
27984
28031
31000
27985
28032
31001
27986
28033
31002
27987
28034
31003
27988
28035
31004
27989
28036
31005
27990
28037
31006
27991
28038
31007
27992
28039
31008
27993
28040
31009
27994
28041
31010
27995
28042
31011
27996
28043
31012
27997
28044
31013
27998
28045
31014
27999
28046
31015
28000
28047
31016
28001
28048
31017
28049
31018
28003
28050
31019
28004
28051
31020
28005
28052
31021
28006
28053
31022
28007
28054
31023
28008
28055
31024
28009
28056
31025
28010
28057
31026
28011
28058
31027
28012
28059
31028
28013
28060
31029
28014
28061
31030
28015
28062
31031
28016
28063
31032
28017
28064
31033
28018
28065
31034
28019
28066
31035
28020
28067
31036
28021
28068
31037
28022
28069
31038
28023
28070
31039
28024
28071
31040
28025
28072
31041
28026
28073
31042
28027
28074
31043
28028
28075
31044
28029
28076
31045
28030
28077
31046
28031
28078
31047
28032
28079
31048
28033
28080
31049
28034
28081
31050
28035
28082
31051
28036
28083
31052
28037
28084
31053
28038
28085
31054
28039
28086
31055
28040
28087
31056
28041
28088
31057
28042
28089
31058
28043
28090
31059
28044
28091
31060
28045
28092
31061
28046
28093
31062
28047
28094
31063
28048
28095
31064
28049
28096
31065
28097
31066
28051
28098
31067
28052
28099
31068
28053
28100
31069
28054
28101
31070
28055
28102
31071
28056
28103
31072
28057
28104
31073
28058
28105
31074
28059
28106
31075
28060
28107
31076
28061
28108
31077
28062
28109
31078
28063
28110
31079
28064
28111
31080
28065
28112
31081
28066
28113
31082
28067
28114
31083
28068
28115
31084
28069
28116
31085
28070
28117
31086
28071
28118
31087
28072
28119
31088
28073
28120
31089
28074
28121
31090
28075
28122
31091
28076
28123
31092
28077
28124
31093
28078
28125
31094
28079
28126
31095
28080
28127
31096
28081
28128
31097
28082
28129
31098
28083
28130
31099
28084
28131
31100
28085
28132
31101
28086
28133
31102
28087
28134
31103
28088
28135
31104
28089
28136
31105
28090
28137
31106
28091
28138
31107
28092
28139
31108
28093
28140
31109
28094
28141
31110
28095
28142
31111
28096
28143
31112
28097
28144
31113
28145
31114
28099
28146
31115
28100
28147
31116
28101
28148
31117
28102
28149
31118
28103
28150
31119
28104
28151
31120
28105
28152
31121
28106
28153
31122
28107
28154
31123
28108
28155
31124
28109
28156
31125
28110
28157
31126
28111
28158
31127
28112
28159
31128
28113
28160
31129
28114
28161
31130
28115
28162
31131
28116
28163
31132
28117
28164
31133
28118
28165
31134
28119
28166
31135
28120
28167
31136
28121
28168
31137
28122
28169
31138
28123
28170
31139
28124
28171
31140
28125
28172
31141
28126
28173
31142
28127
28174
31143
28128
28175
31144
28129
28176
31145
28130
28177
31146
28131
28178
31147
28132
28179
31148
28133
28180
31149
28134
28181
31150
28135
28182
31151
28136
28183
31152
28137
28184
31153
28138
28185
31154
28139
28186
31155
28140
28187
31156
28141
28188
31157
28142
28189
31158
28143
28190
31159
28144
28191
31160
28145
28192
31161
28193
31162
28147
28194
31163
28148
28195
31164
28149
28196
31165
28150
28197
31166
28151
28198
31167
28152
28199
31168
28153
28200
31169
28154
28201
31170
28155
28202
31171
28156
28203
31172
28157
28204
31173
28158
28205
31174
28159
28206
31175
28160
28207
31176
28161
28208
31177
28162
28209
31178
28163
28210
31179
28164
28211
31180
28165
28212
31181
28166
28213
31182
28167
28214
31183
28168
28215
31184
28169
28216
31185
28170
28217
31186
28171
28218
31187
28172
28219
31188
28173
28220
31189
28174
28221
31190
28175
28222
31191
28176
28223
31192
28177
28224
31193
28178
28225
31194
28179
28226
31195
28180
28227
31196
28181
28228
31197
28182
28229
31198
28183
28230
31199
28184
28231
31200
28185
28232
31201
28186
28233
31202
28187
28234
31203
28188
28235
31204
28189
28236
31205
28190
28237
31206
28191
28238
31207
28192
28239
31208
28193
28240
31209
28241
31210
28195
31211
28196
31212
28197
31213
28198
31214
28199
31215
28200
31216
28201
31217
28202
31218
28203
31219
28204
31220
28205
31221
28206
31222
28207
31223
28208
31224
28209
31225
28210
31226
28211
31227
28212
31228
28213
31229
28214
31230
28215
31231
28216
31232
28217
31233
28218
31234
28219
31235
28220
31236
28221
31237
28222
31238
28223
31239
28224
31240
28225
31241
28226
31242
28227
31243
28228
31244
28229
31245
28230
31246
28231
31247
28232
31248
28233
31249
28234
31250
28235
31251
28236
31252
28237
31253
28238
31254
28239
31255
28240
31256
28241
31257
31258
28243
28249
31211
31259
28244
28250
31260
28245
28251
31261
28246
28252
31262
28247
28253
31263
28248
28254
31264
28255
31265
28250
28256
31163
31266
28251
28257
31267
28252
28258
31268
28253
28259
31269
28254
28260
31270
28255
28261
31271
31272
28257
28262
31115
31273
28258
28263
31274
28259
28264
31275
28260
28265
31276
28261
28266
31277
31278
28263
28267
31067
31279
28264
28268
31280
28265
28269
31281
28266
31282
31283
28268
28270
31019
31284
28269
28271
31285
31286
28271
28272
30971
31287
31288
30923
28274
28279
31478
28275
28280
31479
28276
28281
31480
28277
28282
31481
28278
28283
31482
28284
31483
28280
28290
31496
28281
28291
31497
28282
28292
31498
28283
28293
31499
28284
28294
31500
28285
28295
31501
28286
28296
31502
28287
28297
31503
28288
28298
31504
28289
28299
31505
28300
31506
28291
28304
31515
28292
28305
31516
28293
28306
31517
28294
28307
31518
28295
28308
31519
28296
28309
31520
28297
28310
31521
28298
28311
31522
28299
28312
31523
28300
28313
31524
28301
28314
31525
28302
28315
31526
28303
28316
31527
28317
31528
28305
28321
31535
28306
28322
31536
28307
28323
31537
28308
28324
31538
28309
28325
31539
28310
28326
31540
28311
28327
31541
28312
28328
31542
28313
28329
31543
28314
28330
31544
28315
28331
31545
28316
28332
31546
28317
28333
31547
28318
28334
31548
28319
28335
31549
28320
28336
31550
28337
31551
28322
28340
31556
28323
28341
31557
28324
28342
31558
28325
28343
31559
28326
28344
31560
28327
28345
31561
28328
28346
31562
28329
28347
31563
28330
28348
31564
28331
28349
31565
28332
28350
31566
28333
28351
31567
28334
28352
31568
28335
28353
31569
28336
28354
31570
28337
28355
31571
28338
28356
31572
28339
28357
31573
28358
31574
28341
28360
31578
28342
28361
31579
28343
28362
31580
28344
28363
31581
28345
28364
31582
28346
28365
31583
28347
28366
31584
28348
28367
31585
28349
28368
31586
28350
28369
31587
28351
28370
31588
28352
28371
31589
28353
28372
31590
28354
28373
31591
28355
28374
31592
28356
28375
31593
28357
28376
31594
28358
28377
31595
28359
28378
31596
28379
31597
28361
28382
31601
28362
28383
31602
28363
28384
31603
28364
28385
31604
28365
28386
31605
28366
28387
31606
28367
28388
31607
28368
28389
31608
28369
28390
31609
28370
28391
31610
28371
28392
31611
28372
28393
31612
28373
28394
31613
28374
28395
31614
28375
28396
31615
28376
28397
31616
28377
28398
31617
28378
28399
31618
28379
28400
31619
28380
28401
31620
28381
28402
31621
28403
31622
28383
28405
31625
28384
28406
31626
28385
28407
31627
28386
28408
31628
28387
28409
31629
28388
28410
31630
28389
28411
31631
28390
28412
31632
28391
28413
31633
28392
28414
31634
28393
28415
31635
28394
28416
31636
28395
28417
31637
28396
28418
31638
28397
28419
31639
28398
28420
31640
28399
28421
31641
28400
28422
31642
28401
28423
31643
28402
28424
31644
28403
28425
31645
28404
28426
31646
28427
31647
28406
28429
31649
28407
28430
31650
28408
28431
31651
28409
28432
31652
28410
28433
31653
28411
28434
31654
28412
28435
31655
28413
28436
31656
28414
28437
31657
28415
28438
31658
28416
28439
31659
28417
28440
31660
28418
28441
31661
28419
28442
31662
28420
28443
31663
28421
28444
31664
28422
28445
31665
28423
28446
31666
28424
28447
31667
28425
28448
31668
28426
28449
31669
28427
28450
31670
28428
28451
31671
28452
31672
28430
28455
31674
28431
28456
31675
28432
28457
31676
28433
28458
31677
28434
28459
31678
28435
28460
31679
28436
28461
31680
28437
28462
31681
28438
28463
31682
28439
28464
31683
28440
28465
31684
28441
28466
31685
28442
28467
31686
28443
28468
31687
28444
28469
31688
28445
28470
31689
28446
28471
31690
28447
28472
31691
28448
28473
31692
28449
28474
31693
28450
28475
31694
28451
28476
31695
28452
28477
31696
28453
28478
31697
28454
28479
31698
28480
31699
28456
28482
31701
28457
28483
31702
28458
28484
31703
28459
28485
31704
28460
28486
31705
28461
28487
31706
28462
28488
31707
28463
28489
31708
28464
28490
31709
28465
28491
31710
28466
28492
31711
28467
28493
31712
28468
28494
31713
28469
28495
31714
28470
28496
31715
28471
28497
31716
28472
28498
31717
28473
28499
31718
28474
28500
31719
28475
28501
31720
28476
28502
31721
28477
28503
31722
28478
28504
31723
28479
28505
31724
28480
28506
31725
28481
28507
31726
28508
31727
28483
28510
31729
28484
28511
31730
28485
28512
31731
28486
28513
31732
28487
28514
31733
28488
28515
31734
28489
28516
31735
28490
28517
31736
28491
28518
31737
28492
28519
31738
28493
28520
31739
28494
28521
31740
28495
28522
31741
28496
28523
31742
28497
28524
31743
28498
28525
31744
28499
28526
31745
28500
28527
31746
28501
28528
31747
28502
28529
31748
28503
28530
31749
28504
28531
31750
28505
28532
31751
28506
28533
31752
28507
28534
31753
28508
28535
31754
28509
28536
31755
28537
31756
28511
28540
31758
28512
28541
31759
28513
28542
31760
28514
28543
31761
28515
28544
31762
28516
28545
31763
28517
28546
31764
28518
28547
31765
28519
28548
31766
28520
28549
31767
28521
28550
31768
28522
28551
31769
28523
28552
31770
28524
28553
31771
28525
28554
31772
28526
28555
31773
28527
28556
31774
28528
28557
31775
28529
28558
31776
28530
28559
31777
28531
28560
31778
28532
28561
31779
28533
28562
31780
28534
28563
31781
28535
28564
31782
28536
28565
31783
28537
28566
31784
28538
28567
31785
28539
28568
31786
28569
31787
28541
28571
31788
28542
28572
31789
28543
28573
31790
28544
28574
31791
28545
28575
31792
28546
28576
31793
28547
28577
31794
28548
28578
31795
28549
28579
31796
28550
28580
31797
28551
28581
31798
28552
28582
31799
28553
28583
31800
28554
28584
31801
28555
28585
31802
28556
28586
31803
28557
28587
31804
28558
28588
31805
28559
28589
31806
28560
28590
31807
28561
28591
31808
28562
28592
31809
28563
28593
31810
28564
28594
31811
28565
28595
31812
28566
28596
31813
28567
28597
31814
28568
28598
31815
28569
28599
31816
28570
28600
31817
28601
31818
28572
28602
31819
28573
28603
31820
28574
28604
31821
28575
28605
31822
28576
28606
31823
28577
28607
31824
28578
28608
31825
28579
28609
31826
28580
28610
31827
28581
28611
31828
28582
28612
31829
28583
28613
31830
28584
28614
31831
28585
28615
31832
28586
28616
31833
28587
28617
31834
28588
28618
31835
28589
28619
31836
28590
28620
31837
28591
28621
31838
28592
28622
31839
28593
28623
31840
28594
28624
31841
28595
28625
31842
28596
28626
31843
28597
28627
31844
28598
28628
31845
28599
28629
31846
28600
28630
31847
28601
28631
31848
28632
31849
28603
28634
31851
28604
28635
31852
28605
28636
31853
28606
28637
31854
28607
28638
31855
28608
28639
31856
28609
28640
31857
28610
28641
31858
28611
28642
31859
28612
28643
31860
28613
28644
31861
28614
28645
31862
28615
28646
31863
28616
28647
31864
28617
28648
31865
28618
28649
31866
28619
28650
31867
28620
28651
31868
28621
28652
31869
28622
28653
31870
28623
28654
31871
28624
28655
31872
28625
28656
31873
28626
28657
31874
28627
28658
31875
28628
28659
31876
28629
28660
31877
28630
28661
31878
28631
28662
31879
28632
28663
31880
28633
28664
31881
28665
31882
28635
28667
31884
28636
28668
31885
28637
28669
31886
28638
28670
31887
28639
28671
31888
28640
28672
31889
28641
28673
31890
28642
28674
31891
28643
28675
31892
28644
28676
31893
28645
28677
31894
28646
28678
31895
28647
28679
31896
28648
28680
31897
28649
28681
31898
28650
28682
31899
28651
28683
31900
28652
28684
31901
28653
28685
31902
28654
28686
31903
28655
28687
31904
28656
28688
31905
28657
28689
31906
28658
28690
31907
28659
28691
31908
28660
28692
31909
28661
28693
31910
28662
28694
31911
28663
28695
31912
28664
28696
31913
28665
28697
31914
28666
28698
31915
28699
31916
28668
28701
31917
28669
28702
31918
28670
28703
31919
28671
28704
31920
28672
28705
31921
28673
28706
31922
28674
28707
31923
28675
28708
31924
28676
28709
31925
28677
28710
31926
28678
28711
31927
28679
28712
31928
28680
28713
31929
28681
28714
31930
28682
28715
31931
28683
28716
31932
28684
28717
31933
28685
28718
31934
28686
28719
31935
28687
28720
31936
28688
28721
31937
28689
28722
31938
28690
28723
31939
28691
28724
31940
28692
28725
31941
28693
28726
31942
28694
28727
31943
28695
28728
31944
28696
28729
31945
28697
28730
31946
28698
28731
31947
28699
28732
31948
28700
28733
31949
28734
31950
28702
28735
31951
28703
28736
31952
28704
28737
31953
28705
28738
31954
28706
28739
31955
28707
28740
31956
28708
28741
31957
28709
28742
31958
28710
28743
31959
28711
28744
31960
28712
28745
31961
28713
28746
31962
28714
28747
31963
28715
28748
31964
28716
28749
31965
28717
28750
31966
28718
28751
31967
28719
28752
31968
28720
28753
31969
28721
28754
31970
28722
28755
31971
28723
28756
31972
28724
28757
31973
28725
28758
31974
28726
28759
31975
28727
28760
31976
28728
28761
31977
28729
28762
31978
28730
28763
31979
28731
28764
31980
28732
28765
31981
28733
28766
31982
28734
28767
31983
28768
31984
28736
28770
31986
28737
28771
31987
28738
28772
31988
28739
28773
31989
28740
28774
31990
28741
28775
31991
28742
28776
31992
28743
28777
31993
28744
28778
31994
28745
28779
31995
28746
28780
31996
28747
28781
31997
28748
28782
31998
28749
28783
31999
28750
28784
32000
28751
28785
32001
28752
28786
32002
28753
28787
32003
28754
28788
32004
28755
28789
32005
28756
28790
32006
28757
28791
32007
28758
28792
32008
28759
28793
32009
28760
28794
32010
28761
28795
32011
28762
28796
32012
28763
28797
32013
28764
28798
32014
28765
28799
32015
28766
28800
32016
28767
28801
32017
28768
28802
32018
28769
28803
32019
28804
32020
28771
28805
32021
28772
28806
32022
28773
28807
32023
28774
28808
32024
28775
28809
32025
28776
28810
32026
28777
28811
32027
28778
28812
32028
28779
28813
32029
28780
28814
32030
28781
28815
32031
28782
28816
32032
28783
28817
32033
28784
28818
32034
28785
28819
32035
28786
28820
32036
28787
28821
32037
28788
28822
32038
28789
28823
32039
28790
28824
32040
28791
28825
32041
28792
28826
32042
28793
28827
32043
28794
28828
32044
28795
28829
32045
28796
28830
32046
28797
28831
32047
28798
28832
32048
28799
28833
32049
28800
28834
32050
28801
28835
32051
28802
28836
32052
28803
28837
32053
28804
28838
32054
28839
32055
28806
28841
32057
28807
28842
32058
28808
28843
32059
28809
28844
32060
28810
28845
32061
28811
28846
32062
28812
28847
32063
28813
28848
32064
28814
28849
32065
28815
28850
32066
28816
28851
32067
28817
28852
32068
28818
28853
32069
28819
28854
32070
28820
28855
32071
28821
28856
32072
28822
28857
32073
28823
28858
32074
28824
28859
32075
28825
28860
32076
28826
28861
32077
28827
28862
32078
28828
28863
32079
28829
28864
32080
28830
28865
32081
28831
28866
32082
28832
28867
32083
28833
28868
32084
28834
28869
32085
28835
28870
32086
28836
28871
32087
28837
28872
32088
28838
28873
32089
28839
28874
32090
28840
28875
32091
28876
32092
28842
28877
32093
28843
28878
32094
28844
28879
32095
28845
28880
32096
28846
28881
32097
28847
28882
32098
28848
28883
32099
28849
28884
32100
28850
28885
32101
28851
28886
32102
28852
28887
32103
28853
28888
32104
28854
28889
32105
28855
28890
32106
28856
28891
32107
28857
28892
32108
28858
28893
32109
28859
28894
32110
28860
28895
32111
28861
28896
32112
28862
28897
32113
28863
28898
32114
28864
28899
32115
28865
28900
32116
28866
28901
32117
28867
28902
32118
28868
28903
32119
28869
28904
32120
28870
28905
32121
28871
28906
32122
28872
28907
32123
28873
28908
32124
28874
28909
32125
28875
28910
32126
28876
28911
32127
28912
32128
28878
28913
32129
28879
28914
32130
28880
28915
32131
28881
28916
32132
28882
28917
32133
28883
28918
32134
28884
28919
32135
28885
28920
32136
28886
28921
32137
28887
28922
32138
28888
28923
32139
28889
28924
32140
28890
28925
32141
28891
28926
32142
28892
28927
32143
28893
28928
32144
28894
28929
32145
28895
28930
32146
28896
28931
32147
28897
28932
32148
28898
28933
32149
28899
28934
32150
28900
28935
32151
28901
28936
32152
28902
28937
32153
28903
28938
32154
28904
28939
32155
28905
28940
32156
28906
28941
32157
28907
28942
32158
28908
28943
32159
28909
28944
32160
28910
28945
32161
28911
28946
32162
28912
28947
32163
28948
32164
28914
28949
32166
28915
28950
32167
28916
28951
32168
28917
28952
32169
28918
28953
32170
28919
28954
32171
28920
28955
32172
28921
28956
32173
28922
28957
32174
28923
28958
32175
28924
28959
32176
28925
28960
32177
28926
28961
32178
28927
28962
32179
28928
28963
32180
28929
28964
32181
28930
28965
32182
28931
28966
32183
28932
28967
32184
28933
28968
32185
28934
28969
32186
28935
28970
32187
28936
28971
32188
28937
28972
32189
28938
28973
32190
28939
28974
32191
28940
28975
32192
28941
28976
32193
28942
28977
32194
28943
28978
32195
28944
28979
32196
28945
28980
32197
28946
28981
32198
28947
28982
32199
28948
28983
32200
28984
32201
28950
28986
32203
28951
28987
32204
28952
28988
32205
28953
28989
32206
28954
28990
32207
28955
28991
32208
28956
28992
32209
28957
28993
32210
28958
28994
32211
28959
28995
32212
28960
28996
32213
28961
28997
32214
28962
28998
32215
28963
28999
32216
28964
29000
32217
28965
29001
32218
28966
29002
32219
28967
29003
32220
28968
29004
32221
28969
29005
32222
28970
29006
32223
28971
29007
32224
28972
29008
32225
28973
29009
32226
28974
29010
32227
28975
29011
32228
28976
29012
32229
28977
29013
32230
28978
29014
32231
28979
29015
32232
28980
29016
32233
28981
29017
32234
28982
29018
32235
28983
29019
32236
28984
29020
32237
28985
29021
32238
29022
32239
28987
29023
32240
28988
29024
32241
28989
29025
32242
28990
29026
32243
28991
29027
32244
28992
29028
32245
28993
29029
32246
28994
29030
32247
28995
29031
32248
28996
29032
32249
28997
29033
32250
28998
29034
32251
28999
29035
32252
29000
29036
32253
29001
29037
32254
29002
29038
32255
29003
29039
32256
29004
29040
32257
29005
29041
32258
29006
29042
32259
29007
29043
32260
29008
29044
32261
29009
29045
32262
29010
29046
32263
29011
29047
32264
29012
29048
32265
29013
29049
32266
29014
29050
32267
29015
29051
32268
29016
29052
32269
29017
29053
32270
29018
29054
32271
29019
29055
32272
29020
29056
32273
29021
29057
32274
29022
29058
32275
29059
32276
29024
29025
29060
32277
29026
29061
32278
29027
29062
32279
29028
29063
32280
29029
29064
32281
29030
29065
32282
29031
29066
32283
29032
29067
32284
29033
29068
32285
29034
29069
32286
29035
29070
32287
29036
29071
32288
29037
29072
32289
29038
29073
32290
29039
29074
32291
29040
29075
32292
29041
29076
32293
29042
29077
32294
29043
29078
32295
29044
29079
32296
29045
29080
32297
29046
29081
32298
29047
29082
32299
29048
29083
32300
29049
29084
32301
29050
29085
32302
29051
29086
32303
29052
29087
32304
29053
29088
32305
29054
29089
32306
29055
29090
32307
29056
29091
32308
29057
29092
32309
29058
29093
32310
29059
29094
32311
29095
32312
29061
29096
32313
29062
29097
32314
29063
29098
32315
29064
29099
32316
29065
29100
32317
29066
29101
32318
29067
29102
32319
29068
29103
32320
29069
29104
32321
29070
29105
32322
29071
29106
32323
29072
29107
32324
29073
29108
32325
29074
29109
32326
29075
29110
32327
29076
29111
32328
29077
29112
32329
29078
29113
32330
29079
29114
32331
29080
29115
32332
29081
29116
32333
29082
29117
32334
29083
29118
32335
29084
29119
32336
29085
29120
32337
29086
29121
32338
29087
29122
32339
29088
29123
32340
29089
29124
32341
29090
29125
32342
29091
29126
32343
29092
29127
32344
29093
29128
32345
29094
29129
32346
29095
29130
32347
29131
32348
29097
29133
32350
29098
29134
32351
29099
29135
32352
29100
29136
32353
29101
29137
32354
29102
29138
32355
29103
29139
32356
29104
29140
32357
29105
29141
32358
29106
29142
32359
29107
29143
32360
29108
29144
32361
29109
29145
32362
29110
29146
32363
29111
29147
32364
29112
29148
32365
29113
29149
32366
29114
29150
32367
29115
29151
32368
29116
29152
32369
29117
29153
32370
29118
29154
32371
29119
29155
32372
29120
29156
32373
29121
29157
32374
29122
29158
32375
29123
29159
32376
29124
29160
32377
29125
29161
32378
29126
29162
32379
29127
29163
32380
29128
29164
32381
29129
29165
32382
29130
29166
32383
29131
29167
32384
29132
29168
32385
29169
32386
29134
29170
32387
29135
29171
32388
29136
29172
32389
29137
29173
32390
29138
29174
32391
29139
29175
32392
29140
29176
32393
29141
29177
32394
29142
29178
32395
29143
29179
32396
29144
29180
32397
29145
29181
32398
29146
29182
32399
29147
29183
32400
29148
29184
32401
29149
29185
32402
29150
29186
32403
29151
29187
32404
29152
29188
32405
29153
29189
32406
29154
29190
32407
29155
29191
32408
29156
29192
32409
29157
29193
32410
29158
29194
32411
29159
29195
32412
29160
29196
32413
29161
29197
32414
29162
29198
32415
29163
29199
32416
29164
29200
32417
29165
29201
32418
29166
29202
32419
29167
29203
32420
29168
29204
32421
29169
29205
32422
29206
32423
29171
29207
32424
29172
29208
32425
29173
29209
32426
29174
29210
32427
29175
29211
32428
29176
29212
32429
29177
29213
32430
29178
29214
32431
29179
29215
32432
29180
29216
32433
29181
29217
32434
29182
29218
32435
29183
29219
32436
29184
29220
32437
29185
29221
32438
29186
29222
32439
29187
29223
32440
29188
29224
32441
29189
29225
32442
29190
29226
32443
29191
29227
32444
29192
29228
32445
29193
29229
32446
29194
29230
32447
29195
29231
32448
29196
29232
32449
29197
29233
32450
29198
29234
32451
29199
29235
32452
29200
29236
32453
29201
29237
32454
29202
29238
32455
29203
29239
32456
29204
29240
32457
29205
29241
32458
29206
29242
32459
29243
32460
29208
29245
29209
29246
32462
29210
29247
32463
29211
29248
32464
29212
29249
32465
29213
29250
32466
29214
29251
32467
29215
29252
32468
29216
29253
32469
29217
29254
32470
29218
29255
32471
29219
29256
32472
29220
29257
32473
29221
29258
32474
29222
29259
32475
29223
29260
32476
29224
29261
32477
29225
29262
32478
29226
29263
32479
29227
29264
32480
29228
29265
32481
29229
29266
32482
29230
29267
32483
29231
29268
32484
29232
29269
32485
29233
29270
32486
29234
29271
32487
29235
29272
32488
29236
29273
32489
29237
29274
32490
29238
29275
32491
29239
29276
32492
29240
29277
32493
29241
29278
32494
29242
29279
32495
29243
29280
32496
29244
29281
32497
29282
32498
29246
29247
29283
32499
29248
29284
32500
29249
29285
32501
29250
29286
32502
29251
29287
32503
29252
29288
32504
29253
29289
32505
29254
29290
32506
29255
29291
32507
29256
29292
32508
29257
29293
32509
29258
29294
32510
29259
29295
32511
29260
29296
32512
29261
29297
32513
29262
29298
32514
29263
29299
32515
29264
29300
32516
29265
29301
32517
29266
29302
32518
29267
29303
32519
29268
29304
32520
29269
29305
32521
29270
29306
32522
29271
29307
32523
29272
29308
32524
29273
29309
32525
29274
29310
32526
29275
29311
32527
29276
29312
32528
29277
29313
32529
29278
29314
32530
29279
29315
32531
29280
29316
32532
29281
29317
32533
29282
29318
32534
29319
32535
29284
29320
32536
29285
29321
32537
29286
29322
32538
29287
29323
32539
29288
29324
32540
29289
29325
32541
29290
29326
32542
29291
29327
32543
29292
29328
32544
29293
29329
32545
29294
29330
32546
29295
29331
32547
29296
29332
32548
29297
29333
32549
29298
29334
32550
29299
29335
32551
29300
29336
32552
29301
29337
32553
29302
29338
32554
29303
29339
32555
29304
29340
32556
29305
29341
32557
29306
29342
32558
29307
29343
32559
29308
29344
32560
29309
29345
32561
29310
29346
32562
29311
29347
32563
29312
29348
32564
29313
29349
32565
29314
29350
32566
29315
29351
32567
29316
29352
32568
29317
29353
32569
29318
29354
32570
29319
29355
32571
29356
32572
29321
29358
32574
29322
29359
32575
29323
29360
32576
29324
29361
32577
29325
29362
32578
29326
29363
32579
29327
29364
32580
29328
29365
32581
29329
29366
32582
29330
29367
32583
29331
29368
32584
29332
29369
32585
29333
29370
32586
29334
29371
32587
29335
29372
32588
29336
29373
32589
29337
29374
32590
29338
29375
32591
29339
29376
32592
29340
29377
32593
29341
29378
32594
29342
29379
32595
29343
29380
32596
29344
29381
32597
29345
29382
32598
29346
29383
32599
29347
29384
32600
29348
29385
32601
29349
29386
32602
29350
29387
32603
29351
29388
32604
29352
29389
32605
29353
29390
32606
29354
29391
32607
29355
29392
32608
29356
29393
32609
29357
29394
32610
29395
32611
29359
29396
32612
29360
29397
32613
29361
29398
32614
29362
29399
32615
29363
29400
32616
29364
29401
32617
29365
29402
32618
29366
29403
32619
29367
29404
32620
29368
29405
32621
29369
29406
32622
29370
29407
32623
29371
29408
32624
29372
29409
32625
29373
29410
32626
29374
29411
32627
29375
29412
32628
29376
29413
32629
29377
29414
32630
29378
29415
32631
29379
29416
32632
29380
29417
32633
29381
29418
32634
29382
29419
32635
29383
29420
32636
29384
29421
32637
29385
29422
32638
29386
29423
32639
29387
29424
32640
29388
29425
32641
29389
29426
32642
29390
29427
32643
29391
29428
32644
29392
29429
32645
29393
29430
32646
29394
29431
32647
29395
29432
32648
29433
32649
29397
29435
32650
29398
29436
32651
29399
29437
32652
29400
29438
32653
29401
29439
32654
29402
29440
32655
29403
29441
32656
29404
29442
32657
29405
29443
32658
29406
29444
32659
29407
29445
32660
29408
29446
32661
29409
29447
32662
29410
29448
32663
29411
29449
32664
29412
29450
32665
29413
29451
32666
29414
29452
32667
29415
29453
32668
29416
29454
32669
29417
29455
32670
29418
29456
32671
29419
29457
32672
29420
29458
32673
29421
29459
32674
29422
29460
32675
29423
29461
32676
29424
29462
32677
29425
29463
32678
29426
29464
32679
29427
29465
32680
29428
29466
32681
29429
29467
32682
29430
29468
32683
29431
29469
32684
29432
29470
32685
29433
29471
32686
29434
29472
32687
29473
32688
29436
29474
32689
29437
29475
32690
29438
29476
32691
29439
29477
32692
29440
29478
32693
29441
29479
32694
29442
29480
32695
29443
29481
32696
29444
29482
32697
29445
29483
32698
29446
29484
32699
29447
29485
32700
29448
29486
32701
29449
29487
32702
29450
29488
32703
29451
29489
32704
29452
29490
32705
29453
29491
32706
29454
29492
32707
29455
29493
32708
29456
29494
32709
29457
29495
32710
29458
29496
32711
29459
29497
32712
29460
29498
32713
29461
29499
32714
29462
29500
32715
29463
29501
32716
29464
29502
32717
29465
29503
32718
29466
29504
32719
29467
29505
32720
29468
29506
32721
29469
29507
32722
29470
29508
32723
29471
29509
32724
29472
29510
32725
29473
29511
32726
29512
32727
29475
29514
32728
29476
29515
32729
29477
29516
32730
29478
29517
32731
29479
29518
32732
29480
29519
32733
29481
29520
32734
29482
29521
32735
29483
29522
32736
29484
29523
32737
29485
29524
32738
29486
29525
32739
29487
29526
32740
29488
29527
32741
29489
29528
32742
29490
29529
32743
29491
29530
32744
29492
29531
32745
29493
29532
32746
29494
29533
32747
29495
29534
32748
29496
29535
32749
29497
29536
32750
29498
29537
32751
29499
29538
32752
29500
29539
32753
29501
29540
32754
29502
29541
32755
29503
29542
32756
29504
29543
32757
29505
29544
32758
29506
29545
32759
29507
29546
32760
29508
29547
32761
29509
29548
32762
29510
29549
32763
29511
29550
32764
29512
29551
32765
29513
29552
32766
29553
32767
29515
29554
32768
29516
29555
32769
29517
29556
32770
29518
29557
32771
29519
29558
32772
29520
29559
32773
29521
29560
32774
29522
29561
32775
29523
29562
32776
29524
29563
32777
29525
29564
32778
29526
29565
32779
29527
29566
32780
29528
29567
32781
29529
29568
32782
29530
29569
32783
29531
29570
32784
29532
29571
32785
29533
29572
32786
29534
29573
32787
29535
29574
32788
29536
29575
32789
29537
29576
32790
29538
29577
32791
29539
29578
32792
29540
29579
32793
29541
29580
32794
29542
29581
32795
29543
29582
32796
29544
29583
32797
29545
29584
32798
29546
29585
32799
29547
29586
32800
29548
29587
32801
29549
29588
32802
29550
29589
32803
29551
29590
32804
29552
29591
32805
29553
29592
32806
29593
32807
29555
29595
32809
29556
29596
32810
29557
29597
32811
29558
29598
32812
29559
29599
32813
29560
29600
32814
29561
29601
32815
29562
29602
32816
29563
29603
32817
29564
29604
32818
29565
29605
32819
29566
29606
32820
29567
29607
32821
29568
29608
32822
29569
29609
32823
29570
29610
32824
29571
29611
32825
29572
29612
32826
29573
29613
32827
29574
29614
32828
29575
29615
32829
29576
29616
32830
29577
29617
32831
29578
29618
32832
29579
29619
32833
29580
29620
32834
29581
29621
32835
29582
29622
32836
29583
29623
32837
29584
29624
32838
29585
29625
32839
29586
29626
32840
29587
29627
32841
29588
29628
32842
29589
29629
32843
29590
29630
32844
29591
29631
32845
29592
29632
32846
29593
29633
32847
29594
29634
32848
29635
32849
29596
29637
32850
29597
29638
32851
29598
29639
32852
29599
29640
32853
29600
29641
32854
29601
29642
32855
29602
29643
32856
29603
29644
32857
29604
29645
32858
29605
29646
32859
29606
29647
32860
29607
29648
32861
29608
29649
32862
29609
29650
32863
29610
29651
32864
29611
29652
32865
29612
29653
32866
29613
29654
32867
29614
29655
32868
29615
29656
32869
29616
29657
32870
29617
29658
32871
29618
29659
32872
29619
29660
32873
29620
29661
32874
29621
29662
32875
29622
29663
32876
29623
29664
32877
29624
29665
32878
29625
29666
32879
29626
29667
32880
29627
29668
32881
29628
29669
32882
29629
29670
32883
29630
29671
32884
29631
29672
32885
29632
29673
32886
29633
29674
32887
29634
29675
32888
29635
29676
32889
29636
29677
32890
29678
32891
29638
29680
32892
29639
29681
32893
29640
29682
32894
29641
29683
32895
29642
29684
32896
29643
29685
32897
29644
29686
32898
29645
29687
32899
29646
29688
32900
29647
29689
32901
29648
29690
32902
29649
29691
32903
29650
29692
32904
29651
29693
32905
29652
29694
32906
29653
29695
32907
29654
29696
32908
29655
29697
32909
29656
29698
32910
29657
29699
32911
29658
29700
32912
29659
29701
32913
29660
29702
32914
29661
29703
32915
29662
29704
32916
29663
29705
32917
29664
29706
32918
29665
29707
32919
29666
29708
32920
29667
29709
32921
29668
29710
32922
29669
29711
32923
29670
29712
32924
29671
29713
32925
29672
29714
32926
29673
29715
32927
29674
29716
32928
29675
29717
32929
29676
29718
32930
29677
29719
32931
29678
29720
32932
29679
29721
32933
29722
32934
29681
29724
32935
29682
29725
32936
29683
29726
32937
29684
29727
32938
29685
29728
32939
29686
29729
32940
29687
29730
32941
29688
29731
32942
29689
29732
32943
29690
29733
32944
29691
29734
32945
29692
29735
32946
29693
29736
32947
29694
29737
32948
29695
29738
32949
29696
29739
32950
29697
29740
32951
29698
29741
32952
29699
29742
32953
29700
29743
32954
29701
29744
32955
29702
29745
32956
29703
29746
32957
29704
29747
32958
29705
29748
32959
29706
29749
32960
29707
29750
32961
29708
29751
32962
29709
29752
32963
29710
29753
32964
29711
29754
32965
29712
29755
32966
29713
29756
32967
29714
29757
32968
29715
29758
32969
29716
29759
32970
29717
29760
32971
29718
29761
32972
29719
29762
32973
29720
29763
32974
29721
29764
32975
29722
29765
32976
29723
29766
32977
29767
32978
29725
29770
29726
29771
32979
29727
29772
32980
29728
29773
32981
29729
29774
32982
29730
29775
32983
29731
29776
32984
29732
29777
32985
29733
29778
32986
29734
29779
32987
29735
29780
32988
29736
29781
32989
29737
29782
32990
29738
29783
32991
29739
29784
32992
29740
29785
32993
29741
29786
32994
29742
29787
32995
29743
29788
32996
29744
29789
32997
29745
29790
32998
29746
29791
32999
29747
29792
33000
29748
29793
33001
29749
29794
33002
29750
29795
33003
29751
29796
33004
29752
29797
33005
29753
29798
33006
29754
29799
33007
29755
29800
33008
29756
29801
33009
29757
29802
33010
29758
29803
33011
29759
29804
33012
29760
29805
33013
29761
29806
33014
29762
29807
33015
29763
29808
33016
29764
29809
33017
29765
29810
33018
29766
29811
33019
29767
29812
33020
29768
29813
33021
29769
29814
33022
29815
33023
29771
29816
29772
29817
33024
29773
29818
33025
29774
29819
33026
29775
29820
33027
29776
29821
33028
29777
29822
33029
29778
29823
33030
29779
29824
33031
29780
29825
33032
29781
29826
33033
29782
29827
33034
29783
29828
33035
29784
29829
33036
29785
29830
33037
29786
29831
33038
29787
29832
33039
29788
29833
33040
29789
29834
33041
29790
29835
33042
29791
29836
33043
29792
29837
33044
29793
29838
33045
29794
29839
33046
29795
29840
33047
29796
29841
33048
29797
29842
33049
29798
29843
33050
29799
29844
33051
29800
29845
33052
29801
29846
33053
29802
29847
33054
29803
29848
33055
29804
29849
33056
29805
29850
33057
29806
29851
33058
29807
29852
33059
29808
29853
33060
29809
29854
33061
29810
29855
33062
29811
29856
33063
29812
29857
33064
29813
29858
33065
29814
29859
33066
29815
29860
33067
29861
33068
29817
29862
29818
29863
33069
29819
29864
33070
29820
29865
33071
29821
29866
33072
29822
29867
33073
29823
29868
33074
29824
29869
33075
29825
29870
33076
29826
29871
33077
29827
29872
33078
29828
29873
33079
29829
29874
33080
29830
29875
33081
29831
29876
33082
29832
29877
33083
29833
29878
33084
29834
29879
33085
29835
29880
33086
29836
29881
33087
29837
29882
33088
29838
29883
33089
29839
29884
33090
29840
29885
33091
29841
29886
33092
29842
29887
33093
29843
29888
33094
29844
29889
33095
29845
29890
33096
29846
29891
33097
29847
29892
33098
29848
29893
33099
29849
29894
33100
29850
29895
33101
29851
29896
33102
29852
29897
33103
29853
29898
33104
29854
29899
33105
29855
29900
33106
29856
29901
33107
29857
29902
33108
29858
29903
33109
29859
29904
33110
29860
29905
33111
29861
29906
33112
29907
33113
29863
29908
29864
29909
33114
29865
29910
33115
29866
29911
33116
29867
29912
33117
29868
29913
33118
29869
29914
33119
29870
29915
33120
29871
29916
33121
29872
29917
33122
29873
29918
33123
29874
29919
33124
29875
29920
33125
29876
29921
33126
29877
29922
33127
29878
29923
33128
29879
29924
33129
29880
29925
33130
29881
29926
33131
29882
29927
33132
29883
29928
33133
29884
29929
33134
29885
29930
33135
29886
29931
33136
29887
29932
33137
29888
29933
33138
29889
29934
33139
29890
29935
33140
29891
29936
33141
29892
29937
33142
29893
29938
33143
29894
29939
33144
29895
29940
33145
29896
29941
33146
29897
29942
33147
29898
29943
33148
29899
29944
33149
29900
29945
33150
29901
29946
33151
29902
29947
33152
29903
29948
33153
29904
29949
33154
29905
29950
33155
29906
29951
33156
29907
29952
33157
29953
33158
29909
29954
29910
29955
33159
29911
29956
33160
29912
29957
33161
29913
29958
33162
29914
29959
33163
29915
29960
33164
29916
29961
33165
29917
29962
33166
29918
29963
33167
29919
29964
33168
29920
29965
33169
29921
29966
33170
29922
29967
33171
29923
29968
33172
29924
29969
33173
29925
29970
33174
29926
29971
33175
29927
29972
33176
29928
29973
33177
29929
29974
33178
29930
29975
33179
29931
29976
33180
29932
29977
33181
29933
29978
33182
29934
29979
33183
29935
29980
33184
29936
29981
33185
29937
29982
33186
29938
29983
33187
29939
29984
33188
29940
29985
33189
29941
29986
33190
29942
29987
33191
29943
29988
33192
29944
29989
33193
29945
29990
33194
29946
29991
33195
29947
29992
33196
29948
29993
33197
29949
29994
33198
29950
29995
33199
29951
29996
33200
29952
29997
33201
29953
29998
33202
29999
33203
29955
30000
29956
30001
33204
29957
30002
33205
29958
30003
33206
29959
30004
33207
29960
30005
33208
29961
30006
33209
29962
30007
33210
29963
30008
33211
29964
30009
33212
29965
30010
33213
29966
30011
33214
29967
30012
33215
29968
30013
33216
29969
30014
33217
29970
30015
33218
29971
30016
33219
29972
30017
33220
29973
30018
33221
29974
30019
33222
29975
30020
33223
29976
30021
33224
29977
30022
33225
29978
30023
33226
29979
30024
33227
29980
30025
33228
29981
30026
33229
29982
30027
33230
29983
30028
33231
29984
30029
33232
29985
30030
33233
29986
30031
33234
29987
30032
33235
29988
30033
33236
29989
30034
33237
29990
30035
33238
29991
30036
33239
29992
30037
33240
29993
30038
33241
29994
30039
33242
29995
30040
33243
29996
30041
33244
29997
30042
33245
29998
30043
33246
29999
30044
33247
30045
33248
30001
30046
30002
30047
33249
30003
30048
33250
30004
30049
33251
30005
30050
33252
30006
30051
33253
30007
30052
33254
30008
30053
33255
30009
30054
33256
30010
30055
33257
30011
30056
33258
30012
30057
33259
30013
30058
33260
30014
30059
33261
30015
30060
33262
30016
30061
33263
30017
30062
33264
30018
30063
33265
30019
30064
33266
30020
30065
33267
30021
30066
33268
30022
30067
33269
30023
30068
33270
30024
30069
33271
30025
30070
33272
30026
30071
33273
30027
30072
33274
30028
30073
33275
30029
30074
33276
30030
30075
33277
30031
30076
33278
30032
30077
33279
30033
30078
33280
30034
30079
33281
30035
30080
33282
30036
30081
33283
30037
30082
33284
30038
30083
33285
30039
30084
33286
30040
30085
33287
30041
30086
33288
30042
30087
33289
30043
30088
33290
30044
30089
33291
30045
30090
33292
30091
33293
30047
30092
30048
30093
33294
30049
30094
33295
30050
30095
33296
30051
30096
33297
30052
30097
33298
30053
30098
33299
30054
30099
33300
30055
30100
33301
30056
30101
33302
30057
30102
33303
30058
30103
33304
30059
30104
33305
30060
30105
33306
30061
30106
33307
30062
30107
33308
30063
30108
33309
30064
30109
33310
30065
30110
33311
30066
30111
33312
30067
30112
33313
30068
30113
33314
30069
30114
33315
30070
30115
33316
30071
30116
33317
30072
30117
33318
30073
30118
33319
30074
30119
33320
30075
30120
33321
30076
30121
33322
30077
30122
33323
30078
30123
33324
30079
30124
33325
30080
30125
33326
30081
30126
33327
30082
30127
33328
30083
30128
33329
30084
30129
33330
30085
30130
33331
30086
30131
33332
30087
30132
33333
30088
30133
33334
30089
30134
33335
30090
30135
33336
30091
30136
33337
30137
33338
30093
30138
30094
30139
33339
30095
30140
33340
30096
30141
33341
30097
30142
33342
30098
30143
33343
30099
30144
33344
30100
30145
33345
30101
30146
33346
30102
30147
33347
30103
30148
33348
30104
30149
33349
30105
30150
33350
30106
30151
33351
30107
30152
33352
30108
30153
33353
30109
30154
33354
30110
30155
33355
30111
30156
33356
30112
30157
33357
30113
30158
33358
30114
30159
33359
30115
30160
33360
30116
30161
33361
30117
30162
33362
30118
30163
33363
30119
30164
33364
30120
30165
33365
30121
30166
33366
30122
30167
33367
30123
30168
33368
30124
30169
33369
30125
30170
33370
30126
30171
33371
30127
30172
33372
30128
30173
33373
30129
30174
33374
30130
30175
33375
30131
30176
33376
30132
30177
33377
30133
30178
33378
30134
30179
33379
30135
30180
33380
30136
30181
33381
30137
30182
33382
30183
33383
30139
30184
30140
30185
33384
30141
30186
33385
30142
30187
33386
30143
30188
33387
30144
30189
33388
30145
30190
33389
30146
30191
33390
30147
30192
33391
30148
30193
33392
30149
30194
33393
30150
30195
33394
30151
30196
33395
30152
30197
33396
30153
30198
33397
30154
30199
33398
30155
30200
33399
30156
30201
33400
30157
30202
33401
30158
30203
33402
30159
30204
33403
30160
30205
33404
30161
30206
33405
30162
30207
33406
30163
30208
33407
30164
30209
33408
30165
30210
33409
30166
30211
33410
30167
30212
33411
30168
30213
33412
30169
30214
33413
30170
30215
33414
30171
30216
33415
30172
30217
33416
30173
30218
33417
30174
30219
33418
30175
30220
33419
30176
30221
33420
30177
30222
33421
30178
30223
33422
30179
30224
33423
30180
30225
33424
30181
30226
33425
30182
30227
33426
30183
30228
33427
30229
33428
30185
30230
30186
30231
33429
30187
30232
33430
30188
30233
33431
30189
30234
33432
30190
30235
33433
30191
30236
33434
30192
30237
33435
30193
30238
33436
30194
30239
33437
30195
30240
33438
30196
30241
33439
30197
30242
33440
30198
30243
33441
30199
30244
33442
30200
30245
33443
30201
30246
33444
30202
30247
33445
30203
30248
33446
30204
30249
33447
30205
30250
33448
30206
30251
33449
30207
30252
33450
30208
30253
33451
30209
30254
33452
30210
30255
33453
30211
30256
33454
30212
30257
33455
30213
30258
33456
30214
30259
33457
30215
30260
33458
30216
30261
33459
30217
30262
33460
30218
30263
33461
30219
30264
33462
30220
30265
33463
30221
30266
33464
30222
30267
33465
30223
30268
33466
30224
30269
33467
30225
30270
33468
30226
30271
33469
30227
30272
33470
30228
30273
33471
30229
30274
33472
30275
33473
30231
30276
30232
30277
33474
30233
30278
33475
30234
30279
33476
30235
30280
33477
30236
30281
33478
30237
30282
33479
30238
30283
33480
30239
30284
33481
30240
30285
33482
30241
30286
33483
30242
30287
33484
30243
30288
33485
30244
30289
33486
30245
30290
33487
30246
30291
33488
30247
30292
33489
30248
30293
33490
30249
30294
33491
30250
30295
33492
30251
30296
33493
30252
30297
33494
30253
30298
33495
30254
30299
33496
30255
30300
33497
30256
30301
33498
30257
30302
33499
30258
30303
33500
30259
30304
33501
30260
30305
33502
30261
30306
33503
30262
30307
33504
30263
30308
33505
30264
30309
33506
30265
30310
33507
30266
30311
33508
30267
30312
33509
30268
30313
33510
30269
30314
33511
30270
30315
33512
30271
30316
33513
30272
30317
33514
30273
30318
33515
30274
30319
33516
30275
30320
33517
30321
33518
30277
30322
30278
30323
33519
30279
30324
33520
30280
30325
33521
30281
30326
33522
30282
30327
33523
30283
30328
33524
30284
30329
33525
30285
30330
33526
30286
30331
33527
30287
30332
33528
30288
30333
33529
30289
30334
33530
30290
30335
33531
30291
30336
33532
30292
30337
33533
30293
30338
33534
30294
30339
33535
30295
30340
33536
30296
30341
33537
30297
30342
33538
30298
30343
33539
30299
30344
33540
30300
30345
33541
30301
30346
33542
30302
30347
33543
30303
30348
33544
30304
30349
33545
30305
30350
33546
30306
30351
33547
30307
30352
33548
30308
30353
33549
30309
30354
33550
30310
30355
33551
30311
30356
33552
30312
30357
33553
30313
30358
33554
30314
30359
33555
30315
30360
33556
30316
30361
33557
30317
30362
33558
30318
30363
33559
30319
30364
33560
30320
30365
33561
30321
30366
33562
30367
33563
30323
30368
30324
30369
33564
30325
30370
33565
30326
30371
33566
30327
30372
33567
30328
30373
33568
30329
30374
33569
30330
30375
33570
30331
30376
33571
30332
30377
33572
30333
30378
33573
30334
30379
33574
30335
30380
33575
30336
30381
33576
30337
30382
33577
30338
30383
33578
30339
30384
33579
30340
30385
33580
30341
30386
33581
30342
30387
33582
30343
30388
33583
30344
30389
33584
30345
30390
33585
30346
30391
33586
30347
30392
33587
30348
30393
33588
30349
30394
33589
30350
30395
33590
30351
30396
33591
30352
30397
33592
30353
30398
33593
30354
30399
33594
30355
30400
33595
30356
30401
33596
30357
30402
33597
30358
30403
33598
30359
30404
33599
30360
30405
33600
30361
30406
33601
30362
30407
33602
30363
30408
33603
30364
30409
33604
30365
30410
33605
30366
30411
33606
30367
30412
33607
30413
33608
30369
30414
30370
30415
33609
30371
30416
33610
30372
30417
33611
30373
30418
33612
30374
30419
33613
30375
30420
33614
30376
30421
33615
30377
30422
33616
30378
30423
33617
30379
30424
33618
30380
30425
33619
30381
30426
33620
30382
30427
33621
30383
30428
33622
30384
30429
33623
30385
30430
33624
30386
30431
33625
30387
30432
33626
30388
30433
33627
30389
30434
33628
30390
30435
33629
30391
30436
33630
30392
30437
33631
30393
30438
33632
30394
30439
33633
30395
30440
33634
30396
30441
33635
30397
30442
33636
30398
30443
33637
30399
30444
33638
30400
30445
33639
30401
30446
33640
30402
30447
33641
30403
30448
33642
30404
30449
33643
30405
30450
33644
30406
30451
33645
30407
30452
33646
30408
30453
33647
30409
30454
33648
30410
30455
33649
30411
30456
33650
30412
30457
33651
30413
30458
33652
30459
33653
30415
30460
30416
30461
33654
30417
30462
33655
30418
30463
33656
30419
30464
33657
30420
30465
33658
30421
30466
33659
30422
30467
33660
30423
30468
33661
30424
30469
33662
30425
30470
33663
30426
30471
33664
30427
30472
33665
30428
30473
33666
30429
30474
33667
30430
30475
33668
30431
30476
33669
30432
30477
33670
30433
30478
33671
30434
30479
33672
30435
30480
33673
30436
30481
33674
30437
30482
33675
30438
30483
33676
30439
30484
33677
30440
30485
33678
30441
30486
33679
30442
30487
33680
30443
30488
33681
30444
30489
33682
30445
30490
33683
30446
30491
33684
30447
30492
33685
30448
30493
33686
30449
30494
33687
30450
30495
33688
30451
30496
33689
30452
30497
33690
30453
30498
33691
30454
30499
33692
30455
30500
33693
30456
30501
33694
30457
30502
33695
30458
30503
33696
30459
30504
33697
30505
33698
30461
30506
30462
30507
33699
30463
30508
33700
30464
30509
33701
30465
30510
33702
30466
30511
33703
30467
30512
33704
30468
30513
33705
30469
30514
33706
30470
30515
33707
30471
30516
33708
30472
30517
33709
30473
30518
33710
30474
30519
33711
30475
30520
33712
30476
30521
33713
30477
30522
33714
30478
30523
33715
30479
30524
33716
30480
30525
33717
30481
30526
33718
30482
30527
33719
30483
30528
33720
30484
30529
33721
30485
30530
33722
30486
30531
33723
30487
30532
33724
30488
30533
33725
30489
30534
33726
30490
30535
33727
30491
30536
33728
30492
30537
33729
30493
30538
33730
30494
30539
33731
30495
30540
33732
30496
30541
33733
30497
30542
33734
30498
30543
33735
30499
30544
33736
30500
30545
33737
30501
30546
33738
30502
30547
33739
30503
30548
33740
30504
30549
33741
30505
30550
33742
30551
33743
30507
30552
33744
30508
30553
33745
30509
30554
33746
30510
30555
33747
30511
30556
33748
30512
30557
33749
30513
30558
33750
30514
30559
33751
30515
30560
33752
30516
30561
33753
30517
30562
33754
30518
30563
33755
30519
30564
33756
30520
30565
33757
30521
30566
33758
30522
30567
33759
30523
30568
33760
30524
30569
33761
30525
30570
33762
30526
30571
33763
30527
30572
33764
30528
30573
33765
30529
30574
33766
30530
30575
33767
30531
30576
33768
30532
30577
33769
30533
30578
33770
30534
30579
33771
30535
30580
33772
30536
30581
33773
30537
30582
33774
30538
30583
33775
30539
30584
33776
30540
30585
33777
30541
30586
33778
30542
30587
33779
30543
30588
33780
30544
30589
33781
30545
30590
33782
30546
30591
33783
30547
30592
33784
30548
30593
33785
30549
30594
33786
30550
30595
33787
30551
30596
33788
30597
33789
30553
30598
33790
30554
30599
33791
30555
30600
33792
30556
30601
33793
30557
30602
33794
30558
30603
33795
30559
30604
33796
30560
30605
33797
30561
30606
33798
30562
30607
33799
30563
30608
33800
30564
30609
33801
30565
30610
33802
30566
30611
33803
30567
30612
33804
30568
30613
33805
30569
30614
33806
30570
30615
33807
30571
30616
33808
30572
30617
33809
30573
30618
33810
30574
30619
33811
30575
30620
33812
30576
30621
33813
30577
30622
33814
30578
30623
33815
30579
30624
33816
30580
30625
33817
30581
30626
33818
30582
30627
33819
30583
30628
33820
30584
30629
33821
30585
30630
33822
30586
30631
33823
30587
30632
33824
30588
30633
33825
30589
30634
33826
30590
30635
33827
30591
30636
33828
30592
30637
33829
30593
30638
33830
30594
30639
33831
30595
30640
33832
30596
30641
33833
30597
30642
33834
30643
33835
30599
30644
33836
30600
30645
33837
30601
30646
33838
30602
30647
33839
30603
30648
33840
30604
30649
33841
30605
30650
33842
30606
30651
33843
30607
30652
33844
30608
30653
33845
30609
30654
33846
30610
30655
33847
30611
30656
33848
30612
30657
33849
30613
30658
33850
30614
30659
33851
30615
30660
33852
30616
30661
33853
30617
30662
33854
30618
30663
33855
30619
30664
33856
30620
30665
33857
30621
30666
33858
30622
30667
33859
30623
30668
33860
30624
30669
33861
30625
30670
33862
30626
30671
33863
30627
30672
33864
30628
30673
33865
30629
30674
33866
30630
30675
33867
30631
30676
33868
30632
30677
33869
30633
30678
33870
30634
30679
33871
30635
30680
33872
30636
30681
33873
30637
30682
33874
30638
30683
33875
30639
30684
33876
30640
30685
33877
30641
30686
33878
30642
30687
33879
30643
30688
33880
30689
33881
30645
30690
33882
30646
30691
33883
30647
30692
33884
30648
30693
33885
30649
30694
33886
30650
30695
33887
30651
30696
33888
30652
30697
33889
30653
30698
33890
30654
30699
33891
30655
30700
33892
30656
30701
33893
30657
30702
33894
30658
30703
33895
30659
30704
33896
30660
30705
33897
30661
30706
33898
30662
30707
33899
30663
30708
33900
30664
30709
33901
30665
30710
33902
30666
30711
33903
30667
30712
33904
30668
30713
33905
30669
30714
33906
30670
30715
33907
30671
30716
33908
30672
30717
33909
30673
30718
33910
30674
30719
33911
30675
30720
33912
30676
30721
33913
30677
30722
33914
30678
30723
33915
30679
30724
33916
30680
30725
33917
30681
30726
33918
30682
30727
33919
30683
30728
33920
30684
30729
33921
30685
30730
33922
30686
30731
33923
30687
30732
33924
30688
30733
33925
30689
30734
33926
30735
33927
30691
30736
33928
30692
30737
33929
30693
30738
33930
30694
30739
33931
30695
30740
33932
30696
30741
33933
30697
30742
33934
30698
30743
33935
30699
30744
33936
30700
30745
33937
30701
30746
33938
30702
30747
33939
30703
30748
33940
30704
30749
33941
30705
30750
33942
30706
30751
33943
30707
30752
33944
30708
30753
33945
30709
30754
33946
30710
30755
33947
30711
30756
33948
30712
30757
33949
30713
30758
33950
30714
30759
33951
30715
30760
33952
30716
30761
33953
30717
30762
33954
30718
30763
33955
30719
30764
33956
30720
30765
33957
30721
30766
33958
30722
30767
33959
30723
30768
33960
30724
30769
33961
30725
30770
33962
30726
30771
33963
30727
30772
33964
30728
30773
33965
30729
30774
33966
30730
30775
33967
30731
30776
33968
30732
30777
33969
30733
30778
33970
30734
30779
33971
30735
30780
33972
30781
33973
30737
30782
33974
30738
30783
33975
30739
30784
33976
30740
30785
33977
30741
30786
33978
30742
30787
33979
30743
30788
33980
30744
30789
33981
30745
30790
33982
30746
30791
33983
30747
30792
33984
30748
30793
33985
30749
30794
33986
30750
30795
33987
30751
30796
33988
30752
30797
33989
30753
30798
33990
30754
30799
33991
30755
30800
33992
30756
30801
33993
30757
30802
33994
30758
30803
33995
30759
30804
33996
30760
30805
33997
30761
30806
33998
30762
30807
33999
30763
30808
34000
30764
30809
34001
30765
30810
34002
30766
30811
34003
30767
30812
34004
30768
30813
34005
30769
30814
34006
30770
30815
34007
30771
30816
34008
30772
30817
34009
30773
30818
34010
30774
30819
34011
30775
30820
34012
30776
30821
34013
30777
30822
34014
30778
30823
34015
30779
30824
34016
30780
30825
34017
30781
30826
34018
30827
34019
30783
30829
34020
30784
30830
34021
30785
30831
34022
30786
30832
34023
30787
30833
34024
30788
30834
34025
30789
30835
34026
30790
30836
34027
30791
30837
34028
30792
30838
34029
30793
30839
34030
30794
30840
34031
30795
30841
34032
30796
30842
34033
30797
30843
34034
30798
30844
34035
30799
30845
34036
30800
30846
34037
30801
30847
34038
30802
30848
34039
30803
30849
34040
30804
30850
34041
30805
30851
34042
30806
30852
34043
30807
30853
34044
30808
30854
34045
30809
30855
34046
30810
30856
34047
30811
30857
34048
30812
30858
34049
30813
30859
34050
30814
30860
34051
30815
30861
34052
30816
30862
34053
30817
30863
34054
30818
30864
34055
30819
30865
34056
30820
30866
34057
30821
30867
34058
30822
30868
34059
30823
30869
34060
30824
30870
34061
30825
30871
34062
30826
30872
34063
30827
30873
34064
30874
34065
30829
30876
34066
30830
30877
34067
30831
30878
34068
30832
30879
34069
30833
30880
34070
30834
30881
34071
30835
30882
34072
30836
30883
34073
30837
30884
34074
30838
30885
34075
30839
30886
34076
30840
30887
34077
30841
30888
34078
30842
30889
34079
30843
30890
34080
30844
30891
34081
30845
30892
34082
30846
30893
34083
30847
30894
34084
30848
30895
34085
30849
30896
34086
30850
30897
34087
30851
30898
34088
30852
30899
34089
30853
30900
34090
30854
30901
34091
30855
30902
34092
30856
30903
34093
30857
30904
34094
30858
30905
34095
30859
30906
34096
30860
30907
34097
30861
30908
34098
30862
30909
34099
30863
30910
34100
30864
30911
34101
30865
30912
34102
30866
30913
34103
30867
30914
34104
30868
30915
34105
30869
30916
34106
30870
30917
34107
30871
30918
34108
30872
30919
34109
30873
30920
34110
30874
30921
34111
30922
34112
30876
30923
30877
30924
34113
30878
30925
34114
30879
30926
34115
30880
30927
34116
30881
30928
34117
30882
30929
34118
30883
30930
34119
30884
30931
34120
30885
30932
34121
30886
30933
34122
30887
30934
34123
30888
30935
34124
30889
30936
34125
30890
30937
34126
30891
30938
34127
30892
30939
34128
30893
30940
34129
30894
30941
34130
30895
30942
34131
30896
30943
34132
30897
30944
34133
30898
30945
34134
30899
30946
34135
30900
30947
34136
30901
30948
34137
30902
30949
34138
30903
30950
34139
30904
30951
34140
30905
30952
34141
30906
30953
34142
30907
30954
34143
30908
30955
34144
30909
30956
34145
30910
30957
34146
30911
30958
34147
30912
30959
34148
30913
30960
34149
30914
30961
34150
30915
30962
34151
30916
30963
34152
30917
30964
34153
30918
30965
34154
30919
30966
34155
30920
30967
34156
30921
30968
34157
30922
30969
34158
30970
34159
30924
30971
34160
30925
30972
34161
30926
30973
34162
30927
30974
34163
30928
30975
34164
30929
30976
34165
30930
30977
34166
30931
30978
34167
30932
30979
34168
30933
30980
34169
30934
30981
34170
30935
30982
34171
30936
30983
34172
30937
30984
34173
30938
30985
34174
30939
30986
34175
30940
30987
34176
30941
30988
34177
30942
30989
34178
30943
30990
34179
30944
30991
34180
30945
30992
34181
30946
30993
34182
30947
30994
34183
30948
30995
34184
30949
30996
34185
30950
30997
34186
30951
30998
34187
30952
30999
34188
30953
31000
34189
30954
31001
34190
30955
31002
34191
30956
31003
34192
30957
31004
34193
30958
31005
34194
30959
31006
34195
30960
31007
34196
30961
31008
34197
30962
31009
34198
30963
31010
34199
30964
31011
34200
30965
31012
34201
30966
31013
34202
30967
31014
34203
30968
31015
34204
30969
31016
34205
30970
31017
34206
31018
34207
30972
31019
34208
30973
31020
34209
30974
31021
34210
30975
31022
34211
30976
31023
34212
30977
31024
34213
30978
31025
34214
30979
31026
34215
30980
31027
34216
30981
31028
34217
30982
31029
34218
30983
31030
34219
30984
31031
34220
30985
31032
34221
30986
31033
34222
30987
31034
34223
30988
31035
34224
30989
31036
34225
30990
31037
34226
30991
31038
34227
30992
31039
34228
30993
31040
34229
30994
31041
34230
30995
31042
34231
30996
31043
34232
30997
31044
34233
30998
31045
34234
30999
31046
34235
31000
31047
34236
31001
31048
34237
31002
31049
34238
31003
31050
34239
31004
31051
34240
31005
31052
34241
31006
31053
34242
31007
31054
34243
31008
31055
34244
31009
31056
34245
31010
31057
34246
31011
31058
34247
31012
31059
34248
31013
31060
34249
31014
31061
34250
31015
31062
34251
31016
31063
34252
31017
31064
34253
31018
31065
34254
31066
34255
31020
31067
34256
31021
31068
34257
31022
31069
34258
31023
31070
34259
31024
31071
34260
31025
31072
34261
31026
31073
34262
31027
31074
34263
31028
31075
34264
31029
31076
34265
31030
31077
34266
31031
31078
34267
31032
31079
34268
31033
31080
34269
31034
31081
34270
31035
31082
34271
31036
31083
34272
31037
31084
34273
31038
31085
34274
31039
31086
34275
31040
31087
34276
31041
31088
34277
31042
31089
34278
31043
31090
34279
31044
31091
34280
31045
31092
34281
31046
31093
34282
31047
31094
34283
31048
31095
34284
31049
31096
34285
31050
31097
34286
31051
31098
34287
31052
31099
34288
31053
31100
34289
31054
31101
34290
31055
31102
34291
31056
31103
34292
31057
31104
34293
31058
31105
34294
31059
31106
34295
31060
31107
34296
31061
31108
34297
31062
31109
34298
31063
31110
34299
31064
31111
34300
31065
31112
34301
31066
31113
34302
31114
34303
31068
31115
34304
31069
31116
34305
31070
31117
34306
31071
31118
34307
31072
31119
34308
31073
31120
34309
31074
31121
34310
31075
31122
34311
31076
31123
34312
31077
31124
34313
31078
31125
34314
31079
31126
34315
31080
31127
34316
31081
31128
34317
31082
31129
34318
31083
31130
34319
31084
31131
34320
31085
31132
34321
31086
31133
34322
31087
31134
34323
31088
31135
34324
31089
31136
34325
31090
31137
34326
31091
31138
34327
31092
31139
34328
31093
31140
34329
31094
31141
34330
31095
31142
34331
31096
31143
34332
31097
31144
34333
31098
31145
34334
31099
31146
34335
31100
31147
34336
31101
31148
34337
31102
31149
34338
31103
31150
34339
31104
31151
34340
31105
31152
34341
31106
31153
34342
31107
31154
34343
31108
31155
34344
31109
31156
34345
31110
31157
34346
31111
31158
34347
31112
31159
34348
31113
31160
34349
31114
31161
34350
31162
34351
31116
31163
34352
31117
31164
34353
31118
31165
34354
31119
31166
34355
31120
31167
34356
31121
31168
34357
31122
31169
34358
31123
31170
34359
31124
31171
34360
31125
31172
34361
31126
31173
34362
31127
31174
34363
31128
31175
34364
31129
31176
34365
31130
31177
34366
31131
31178
34367
31132
31179
34368
31133
31180
34369
31134
31181
34370
31135
31182
34371
31136
31183
34372
31137
31184
34373
31138
31185
34374
31139
31186
34375
31140
31187
34376
31141
31188
34377
31142
31189
34378
31143
31190
34379
31144
31191
34380
31145
31192
34381
31146
31193
34382
31147
31194
34383
31148
31195
34384
31149
31196
34385
31150
31197
34386
31151
31198
34387
31152
31199
34388
31153
31200
34389
31154
31201
34390
31155
31202
34391
31156
31203
34392
31157
31204
34393
31158
31205
34394
31159
31206
34395
31160
31207
34396
31161
31208
34397
31162
31209
34398
31210
34399
31164
31211
34400
31165
31212
34401
31166
31213
34402
31167
31214
34403
31168
31215
34404
31169
31216
34405
31170
31217
34406
31171
31218
34407
31172
31219
34408
31173
31220
34409
31174
31221
34410
31175
31222
34411
31176
31223
34412
31177
31224
34413
31178
31225
34414
31179
31226
34415
31180
31227
34416
31181
31228
34417
31182
31229
34418
31183
31230
34419
31184
31231
34420
31185
31232
34421
31186
31233
34422
31187
31234
34423
31188
31235
34424
31189
31236
34425
31190
31237
34426
31191
31238
34427
31192
31239
34428
31193
31240
34429
31194
31241
34430
31195
31242
34431
31196
31243
34432
31197
31244
34433
31198
31245
34434
31199
31246
34435
31200
31247
34436
31201
31248
34437
31202
31249
34438
31203
31250
34439
31204
31251
34440
31205
31252
34441
31206
31253
34442
31207
31254
34443
31208
31255
34444
31209
31256
34445
31210
31257
34446
31258
34447
31212
34448
31213
34449
31214
34450
31215
34451
31216
34452
31217
34453
31218
34454
31219
34455
31220
34456
31221
34457
31222
34458
31223
34459
31224
34460
31225
34461
31226
34462
31227
34463
31228
34464
31229
34465
31230
34466
31231
34467
31232
34468
31233
34469
31234
34470
31235
34471
31236
34472
31237
34473
31238
34474
31239
34475
31240
34476
31241
34477
31242
34478
31243
34479
31244
34480
31245
34481
31246
34482
31247
34483
31248
34484
31249
34485
31250
34486
31251
34487
31252
34488
31253
34489
31254
34490
31255
34491
31256
34492
31257
34493
31258
34494
34495
31260
31266
34448
34496
31261
31267
34497
31262
31268
34498
31263
31269
34499
31264
31270
34500
31265
31271
34501
31272
34502
31267
31273
34400
34503
31268
31274
34504
31269
31275
34505
31270
31276
34506
31271
31277
34507
31272
31278
34508
34509
31274
31279
34352
34510
31275
31280
34511
31276
31281
34512
31277
31282
34513
31278
31283
34514
34515
31280
31284
34304
34516
31281
31285
34517
31282
31286
34518
31283
34519
34520
31285
31287
34256
34521
31286
31288
34522
34523
31288
34208
34524
34525
31292
34531
31291
31294
31292
31295
34536
31296
34537
31294
31299
34542
31295
31300
34543
31296
31301
34544
31302
34545
31298
31305
34550
31299
31306
34551
31300
31307
34552
31301
31308
34553
31302
31309
34554
31310
34555
31304
31313
31305
31314
34560
31306
31315
34561
31307
31316
34562
31308
31317
34563
31309
31318
34564
31310
31319
34565
31320
34566
31312
31325
31313
31326
34571
31314
31327
34572
31315
31328
34573
31316
31329
34574
31317
31330
34575
31318
31331
34576
31319
31332
34577
31320
31333
34578
31321
31334
34579
31335
34580
31323
31337
31324
31338
31325
31339
34584
31326
31340
34585
31327
31341
34586
31328
31342
34587
31329
31343
34588
31330
31344
34589
31331
31345
34590
31332
31346
34591
31333
31347
34592
31334
31348
34593
31335
31349
34594
31350
34595
31337
31351
34600
31338
31352
34601
31339
31353
34602
31340
31354
34603
31341
31355
34604
31342
31356
34605
31343
31357
34606
31344
31358
34607
31345
31359
34608
31346
31360
34609
31347
31361
34610
31348
31362
34611
31349
31363
34612
31350
31364
34613
31365
34614
31352
31366
34619
31353
31367
34620
31354
31368
34621
31355
31369
34622
31356
31370
34623
31357
31371
34624
31358
31372
34625
31359
31373
34626
31360
31374
34627
31361
31375
34628
31362
31376
34629
31363
31377
34630
31364
31378
34631
31365
31379
34632
31380
34633
31367
31381
34638
31368
31382
34639
31369
31383
34640
31370
31384
34641
31371
31385
34642
31372
31386
34643
31373
31387
34644
31374
31388
34645
31375
31389
34646
31376
31390
34647
31377
31391
34648
31378
31392
34649
31379
31393
34650
31380
31394
34651
31395
34652
31382
31396
34657
31383
31397
34658
31384
31398
34659
31385
31399
34660
31386
31400
34661
31387
31401
34662
31388
31402
34663
31389
31403
34664
31390
31404
34665
31391
31405
34666
31392
31406
34667
31393
31407
34668
31394
31408
34669
31395
31409
34670
31410
34671
31397
31411
34676
31398
31412
34677
31399
31413
34678
31400
31414
34679
31401
31415
34680
31402
31416
34681
31403
31417
34682
31404
31418
34683
31405
31419
34684
31406
31420
34685
31407
31421
34686
31408
31422
34687
31409
31423
34688
31410
31424
34689
31425
34690
31412
31427
34695
31413
31428
34696
31414
31429
34697
31415
31430
34698
31416
31431
34699
31417
31432
34700
31418
31433
34701
31419
31434
34702
31420
31435
34703
31421
31436
34704
31422
31437
34705
31423
31438
34706
31424
31439
34707
31425
31440
34708
31426
31441
34709
31442
34710
31428
31443
34714
31429
31444
34715
31430
31445
34716
31431
31446
34717
31432
31447
34718
31433
31448
34719
31434
31449
34720
31435
31450
34721
31436
31451
34722
31437
31452
34723
31438
31453
34724
31439
31454
34725
31440
31455
34726
31441
31456
34727
31442
31457
34728
31458
34729
31444
31460
34734
31445
31461
34735
31446
31462
34736
31447
31463
34737
31448
31464
34738
31449
31465
34739
31450
31466
34740
31451
31467
34741
31452
31468
34742
31453
31469
34743
31454
31470
34744
31455
31471
34745
31456
31472
34746
31457
31473
34747
31458
31474
34748
31459
31475
34749
31476
34750
31461
31478
34754
31462
31479
34755
31463
31480
34756
31464
31481
34757
31465
31482
34758
31466
31483
34759
31467
31484
34760
31468
31485
34761
31469
31486
34762
31470
31487
34763
31471
31488
34764
31472
31489
34765
31473
31490
34766
31474
31491
34767
31475
31492
34768
31476
31493
34769
31477
31494
34770
31495
34771
31479
31496
34775
31480
31497
34776
31481
31498
34777
31482
31499
34778
31483
31500
34779
31484
31501
34780
31485
31502
34781
31486
31503
34782
31487
31504
34783
31488
31505
34784
31489
31506
34785
31490
31507
34786
31491
31508
34787
31492
31509
34788
31493
31510
34789
31494
31511
34790
31495
31512
34791
31513
34792
31497
31515
34796
31498
31516
34797
31499
31517
34798
31500
31518
34799
31501
31519
34800
31502
31520
34801
31503
31521
34802
31504
31522
34803
31505
31523
34804
31506
31524
34805
31507
31525
34806
31508
31526
34807
31509
31527
34808
31510
31528
34809
31511
31529
34810
31512
31530
34811
31513
31531
34812
31514
31532
34813
31533
34814
31516
31535
34818
31517
31536
34819
31518
31537
34820
31519
31538
34821
31520
31539
34822
31521
31540
34823
31522
31541
34824
31523
31542
34825
31524
31543
34826
31525
31544
34827
31526
31545
34828
31527
31546
34829
31528
31547
34830
31529
31548
34831
31530
31549
34832
31531
31550
34833
31532
31551
34834
31533
31552
34835
31534
31553
34836
31554
34837
31536
31556
34840
31537
31557
34841
31538
31558
34842
31539
31559
34843
31540
31560
34844
31541
31561
34845
31542
31562
34846
31543
31563
34847
31544
31564
34848
31545
31565
34849
31546
31566
34850
31547
31567
34851
31548
31568
34852
31549
31569
34853
31550
31570
34854
31551
31571
34855
31552
31572
34856
31553
31573
34857
31554
31574
34858
31555
31575
34859
31576
34860
31557
31578
34863
31558
31579
34864
31559
31580
34865
31560
31581
34866
31561
31582
34867
31562
31583
34868
31563
31584
34869
31564
31585
34870
31565
31586
34871
31566
31587
34872
31567
31588
34873
31568
31589
34874
31569
31590
34875
31570
31591
34876
31571
31592
34877
31572
31593
34878
31573
31594
34879
31574
31595
34880
31575
31596
34881
31576
31597
34882
31577
31598
34883
31599
34884
31579
31601
34886
31580
31602
34887
31581
31603
34888
31582
31604
34889
31583
31605
34890
31584
31606
34891
31585
31607
34892
31586
31608
34893
31587
31609
34894
31588
31610
34895
31589
31611
34896
31590
31612
34897
31591
31613
34898
31592
31614
34899
31593
31615
34900
31594
31616
34901
31595
31617
34902
31596
31618
34903
31597
31619
34904
31598
31620
34905
31599
31621
34906
31600
31622
34907
31623
34908
31602
31625
34910
31603
31626
34911
31604
31627
34912
31605
31628
34913
31606
31629
34914
31607
31630
34915
31608
31631
34916
31609
31632
34917
31610
31633
34918
31611
31634
34919
31612
31635
34920
31613
31636
34921
31614
31637
34922
31615
31638
34923
31616
31639
34924
31617
31640
34925
31618
31641
34926
31619
31642
34927
31620
31643
34928
31621
31644
34929
31622
31645
34930
31623
31646
34931
31624
31647
34932
31648
34933
31626
31649
34935
31627
31650
34936
31628
31651
34937
31629
31652
34938
31630
31653
34939
31631
31654
34940
31632
31655
34941
31633
31656
34942
31634
31657
34943
31635
31658
34944
31636
31659
34945
31637
31660
34946
31638
31661
34947
31639
31662
34948
31640
31663
34949
31641
31664
34950
31642
31665
34951
31643
31666
34952
31644
31667
34953
31645
31668
34954
31646
31669
34955
31647
31670
34956
31648
31671
34957
31672
34958
31650
31674
34960
31651
31675
34961
31652
31676
34962
31653
31677
34963
31654
31678
34964
31655
31679
34965
31656
31680
34966
31657
31681
34967
31658
31682
34968
31659
31683
34969
31660
31684
34970
31661
31685
34971
31662
31686
34972
31663
31687
34973
31664
31688
34974
31665
31689
34975
31666
31690
34976
31667
31691
34977
31668
31692
34978
31669
31693
34979
31670
31694
34980
31671
31695
34981
31672
31696
34982
31673
31697
34983
31698
34984
31675
31701
34986
31676
31702
34987
31677
31703
34988
31678
31704
34989
31679
31705
34990
31680
31706
34991
31681
31707
34992
31682
31708
34993
31683
31709
34994
31684
31710
34995
31685
31711
34996
31686
31712
34997
31687
31713
34998
31688
31714
34999
31689
31715
35000
31690
31716
35001
31691
31717
35002
31692
31718
35003
31693
31719
35004
31694
31720
35005
31695
31721
35006
31696
31722
35007
31697
31723
35008
31698
31724
35009
31699
31725
35010
31700
31726
35011
31727
35012
31702
31729
35013
31703
31730
35014
31704
31731
35015
31705
31732
35016
31706
31733
35017
31707
31734
35018
31708
31735
35019
31709
31736
35020
31710
31737
35021
31711
31738
35022
31712
31739
35023
31713
31740
35024
31714
31741
35025
31715
31742
35026
31716
31743
35027
31717
31744
35028
31718
31745
35029
31719
31746
35030
31720
31747
35031
31721
31748
35032
31722
31749
35033
31723
31750
35034
31724
31751
35035
31725
31752
35036
31726
31753
35037
31727
31754
35038
31728
31755
35039
31756
35040
31730
31758
35041
31731
31759
35042
31732
31760
35043
31733
31761
35044
31734
31762
35045
31735
31763
35046
31736
31764
35047
31737
31765
35048
31738
31766
35049
31739
31767
35050
31740
31768
35051
31741
31769
35052
31742
31770
35053
31743
31771
35054
31744
31772
35055
31745
31773
35056
31746
31774
35057
31747
31775
35058
31748
31776
35059
31749
31777
35060
31750
31778
35061
31751
31779
35062
31752
31780
35063
31753
31781
35064
31754
31782
35065
31755
31783
35066
31756
31784
35067
31757
31785
35068
31786
35069
31759
31788
35070
31760
31789
35071
31761
31790
35072
31762
31791
35073
31763
31792
35074
31764
31793
35075
31765
31794
35076
31766
31795
35077
31767
31796
35078
31768
31797
35079
31769
31798
35080
31770
31799
35081
31771
31800
35082
31772
31801
35083
31773
31802
35084
31774
31803
35085
31775
31804
35086
31776
31805
35087
31777
31806
35088
31778
31807
35089
31779
31808
35090
31780
31809
35091
31781
31810
35092
31782
31811
35093
31783
31812
35094
31784
31813
35095
31785
31814
35096
31786
31815
35097
31787
31816
35098
31817
35099
31789
31819
35100
31790
31820
35101
31791
31821
35102
31792
31822
35103
31793
31823
35104
31794
31824
35105
31795
31825
35106
31796
31826
35107
31797
31827
35108
31798
31828
35109
31799
31829
35110
31800
31830
35111
31801
31831
35112
31802
31832
35113
31803
31833
35114
31804
31834
35115
31805
31835
35116
31806
31836
35117
31807
31837
35118
31808
31838
35119
31809
31839
35120
31810
31840
35121
31811
31841
35122
31812
31842
35123
31813
31843
35124
31814
31844
35125
31815
31845
35126
31816
31846
35127
31817
31847
35128
31818
31848
35129
31849
35130
31820
31851
35131
31821
31852
35132
31822
31853
35133
31823
31854
35134
31824
31855
35135
31825
31856
35136
31826
31857
35137
31827
31858
35138
31828
31859
35139
31829
31860
35140
31830
31861
35141
31831
31862
35142
31832
31863
35143
31833
31864
35144
31834
31865
35145
31835
31866
35146
31836
31867
35147
31837
31868
35148
31838
31869
35149
31839
31870
35150
31840
31871
35151
31841
31872
35152
31842
31873
35153
31843
31874
35154
31844
31875
35155
31845
31876
35156
31846
31877
35157
31847
31878
35158
31848
31879
35159
31849
31880
35160
31850
31881
35161
31882
35162
31852
31884
35163
31853
31885
35164
31854
31886
35165
31855
31887
35166
31856
31888
35167
31857
31889
35168
31858
31890
35169
31859
31891
35170
31860
31892
35171
31861
31893
35172
31862
31894
35173
31863
31895
35174
31864
31896
35175
31865
31897
35176
31866
31898
35177
31867
31899
35178
31868
31900
35179
31869
31901
35180
31870
31902
35181
31871
31903
35182
31872
31904
35183
31873
31905
35184
31874
31906
35185
31875
31907
35186
31876
31908
35187
31877
31909
35188
31878
31910
35189
31879
31911
35190
31880
31912
35191
31881
31913
35192
31882
31914
35193
31883
31915
35194
31916
35195
31885
31917
35196
31886
31918
35197
31887
31919
35198
31888
31920
35199
31889
31921
35200
31890
31922
35201
31891
31923
35202
31892
31924
35203
31893
31925
35204
31894
31926
35205
31895
31927
35206
31896
31928
35207
31897
31929
35208
31898
31930
35209
31899
31931
35210
31900
31932
35211
31901
31933
35212
31902
31934
35213
31903
31935
35214
31904
31936
35215
31905
31937
35216
31906
31938
35217
31907
31939
35218
31908
31940
35219
31909
31941
35220
31910
31942
35221
31911
31943
35222
31912
31944
35223
31913
31945
35224
31914
31946
35225
31915
31947
35226
31916
31948
35227
31949
35228
31918
31951
35230
31919
31952
35231
31920
31953
35232
31921
31954
35233
31922
31955
35234
31923
31956
35235
31924
31957
35236
31925
31958
35237
31926
31959
35238
31927
31960
35239
31928
31961
35240
31929
31962
35241
31930
31963
35242
31931
31964
35243
31932
31965
35244
31933
31966
35245
31934
31967
35246
31935
31968
35247
31936
31969
35248
31937
31970
35249
31938
31971
35250
31939
31972
35251
31940
31973
35252
31941
31974
35253
31942
31975
35254
31943
31976
35255
31944
31977
35256
31945
31978
35257
31946
31979
35258
31947
31980
35259
31948
31981
35260
31949
31982
35261
31950
31983
35262
31984
35263
31952
31986
35264
31953
31987
35265
31954
31988
35266
31955
31989
35267
31956
31990
35268
31957
31991
35269
31958
31992
35270
31959
31993
35271
31960
31994
35272
31961
31995
35273
31962
31996
35274
31963
31997
35275
31964
31998
35276
31965
31999
35277
31966
32000
35278
31967
32001
35279
31968
32002
35280
31969
32003
35281
31970
32004
35282
31971
32005
35283
31972
32006
35284
31973
32007
35285
31974
32008
35286
31975
32009
35287
31976
32010
35288
31977
32011
35289
31978
32012
35290
31979
32013
35291
31980
32014
35292
31981
32015
35293
31982
32016
35294
31983
32017
35295
31984
32018
35296
31985
32019
35297
32020
35298
31987
32021
35299
31988
32022
35300
31989
32023
35301
31990
32024
35302
31991
32025
35303
31992
32026
35304
31993
32027
35305
31994
32028
35306
31995
32029
35307
31996
32030
35308
31997
32031
35309
31998
32032
35310
31999
32033
35311
32000
32034
35312
32001
32035
35313
32002
32036
35314
32003
32037
35315
32004
32038
35316
32005
32039
35317
32006
32040
35318
32007
32041
35319
32008
32042
35320
32009
32043
35321
32010
32044
35322
32011
32045
35323
32012
32046
35324
32013
32047
35325
32014
32048
35326
32015
32049
35327
32016
32050
35328
32017
32051
35329
32018
32052
35330
32019
32053
35331
32020
32054
35332
32055
35333
32022
32057
35334
32023
32058
35335
32024
32059
35336
32025
32060
35337
32026
32061
35338
32027
32062
35339
32028
32063
35340
32029
32064
35341
32030
32065
35342
32031
32066
35343
32032
32067
35344
32033
32068
35345
32034
32069
35346
32035
32070
35347
32036
32071
35348
32037
32072
35349
32038
32073
35350
32039
32074
35351
32040
32075
35352
32041
32076
35353
32042
32077
35354
32043
32078
35355
32044
32079
35356
32045
32080
35357
32046
32081
35358
32047
32082
35359
32048
32083
35360
32049
32084
35361
32050
32085
35362
32051
32086
35363
32052
32087
35364
32053
32088
35365
32054
32089
35366
32055
32090
35367
32056
32091
35368
32092
35369
32058
32093
35370
32059
32094
35371
32060
32095
35372
32061
32096
35373
32062
32097
35374
32063
32098
35375
32064
32099
35376
32065
32100
35377
32066
32101
35378
32067
32102
35379
32068
32103
35380
32069
32104
35381
32070
32105
35382
32071
32106
35383
32072
32107
35384
32073
32108
35385
32074
32109
35386
32075
32110
35387
32076
32111
35388
32077
32112
35389
32078
32113
35390
32079
32114
35391
32080
32115
35392
32081
32116
35393
32082
32117
35394
32083
32118
35395
32084
32119
35396
32085
32120
35397
32086
32121
35398
32087
32122
35399
32088
32123
35400
32089
32124
35401
32090
32125
35402
32091
32126
35403
32092
32127
35404
32128
35405
32094
32129
35406
32095
32130
35407
32096
32131
35408
32097
32132
35409
32098
32133
35410
32099
32134
35411
32100
32135
35412
32101
32136
35413
32102
32137
35414
32103
32138
35415
32104
32139
35416
32105
32140
35417
32106
32141
35418
32107
32142
35419
32108
32143
35420
32109
32144
35421
32110
32145
35422
32111
32146
35423
32112
32147
35424
32113
32148
35425
32114
32149
35426
32115
32150
35427
32116
32151
35428
32117
32152
35429
32118
32153
35430
32119
32154
35431
32120
32155
35432
32121
32156
35433
32122
32157
35434
32123
32158
35435
32124
32159
35436
32125
32160
35437
32126
32161
35438
32127
32162
35439
32128
32163
35440
32164
35441
32130
32166
35443
32131
32167
35444
32132
32168
35445
32133
32169
35446
32134
32170
35447
32135
32171
35448
32136
32172
35449
32137
32173
35450
32138
32174
35451
32139
32175
35452
32140
32176
35453
32141
32177
35454
32142
32178
35455
32143
32179
35456
32144
32180
35457
32145
32181
35458
32146
32182
35459
32147
32183
35460
32148
32184
35461
32149
32185
35462
32150
32186
35463
32151
32187
35464
32152
32188
35465
32153
32189
35466
32154
32190
35467
32155
32191
35468
32156
32192
35469
32157
32193
35470
32158
32194
35471
32159
32195
35472
32160
32196
35473
32161
32197
35474
32162
32198
35475
32163
32199
35476
32164
32200
35477
32165
32201
35478
32202
35479
32167
32203
35480
32168
32204
35481
32169
32205
35482
32170
32206
35483
32171
32207
35484
32172
32208
35485
32173
32209
35486
32174
32210
35487
32175
32211
35488
32176
32212
35489
32177
32213
35490
32178
32214
35491
32179
32215
35492
32180
32216
35493
32181
32217
35494
32182
32218
35495
32183
32219
35496
32184
32220
35497
32185
32221
35498
32186
32222
35499
32187
32223
35500
32188
32224
35501
32189
32225
35502
32190
32226
35503
32191
32227
35504
32192
32228
35505
32193
32229
35506
32194
32230
35507
32195
32231
35508
32196
32232
35509
32197
32233
35510
32198
32234
35511
32199
32235
35512
32200
32236
35513
32201
32237
35514
32202
32238
35515
32239
35516
32204
32240
35517
32205
32241
35518
32206
32242
35519
32207
32243
35520
32208
32244
35521
32209
32245
35522
32210
32246
35523
32211
32247
35524
32212
32248
35525
32213
32249
35526
32214
32250
35527
32215
32251
35528
32216
32252
35529
32217
32253
35530
32218
32254
35531
32219
32255
35532
32220
32256
35533
32221
32257
35534
32222
32258
35535
32223
32259
35536
32224
32260
35537
32225
32261
35538
32226
32262
35539
32227
32263
35540
32228
32264
35541
32229
32265
35542
32230
32266
35543
32231
32267
35544
32232
32268
35545
32233
32269
35546
32234
32270
35547
32235
32271
35548
32236
32272
35549
32237
32273
35550
32238
32274
35551
32239
32275
35552
32276
35553
32241
32242
32277
35554
32243
32278
35555
32244
32279
35556
32245
32280
35557
32246
32281
35558
32247
32282
35559
32248
32283
35560
32249
32284
35561
32250
32285
35562
32251
32286
35563
32252
32287
35564
32253
32288
35565
32254
32289
35566
32255
32290
35567
32256
32291
35568
32257
32292
35569
32258
32293
35570
32259
32294
35571
32260
32295
35572
32261
32296
35573
32262
32297
35574
32263
32298
35575
32264
32299
35576
32265
32300
35577
32266
32301
35578
32267
32302
35579
32268
32303
35580
32269
32304
35581
32270
32305
35582
32271
32306
35583
32272
32307
35584
32273
32308
35585
32274
32309
35586
32275
32310
35587
32276
32311
35588
32312
35589
32278
32313
35591
32279
32314
35592
32280
32315
35593
32281
32316
35594
32282
32317
35595
32283
32318
35596
32284
32319
35597
32285
32320
35598
32286
32321
35599
32287
32322
35600
32288
32323
35601
32289
32324
35602
32290
32325
35603
32291
32326
35604
32292
32327
35605
32293
32328
35606
32294
32329
35607
32295
32330
35608
32296
32331
35609
32297
32332
35610
32298
32333
35611
32299
32334
35612
32300
32335
35613
32301
32336
35614
32302
32337
35615
32303
32338
35616
32304
32339
35617
32305
32340
35618
32306
32341
35619
32307
32342
35620
32308
32343
35621
32309
32344
35622
32310
32345
35623
32311
32346
35624
32312
32347
35625
32348
35626
32314
32350
35628
32315
32351
35629
32316
32352
35630
32317
32353
35631
32318
32354
35632
32319
32355
35633
32320
32356
35634
32321
32357
35635
32322
32358
35636
32323
32359
35637
32324
32360
35638
32325
32361
35639
32326
32362
35640
32327
32363
35641
32328
32364
35642
32329
32365
35643
32330
32366
35644
32331
32367
35645
32332
32368
35646
32333
32369
35647
32334
32370
35648
32335
32371
35649
32336
32372
35650
32337
32373
35651
32338
32374
35652
32339
32375
35653
32340
32376
35654
32341
32377
35655
32342
32378
35656
32343
32379
35657
32344
32380
35658
32345
32381
35659
32346
32382
35660
32347
32383
35661
32348
32384
35662
32349
32385
35663
32386
35664
32351
32387
35665
32352
32388
35666
32353
32389
35667
32354
32390
35668
32355
32391
35669
32356
32392
35670
32357
32393
35671
32358
32394
35672
32359
32395
35673
32360
32396
35674
32361
32397
35675
32362
32398
35676
32363
32399
35677
32364
32400
35678
32365
32401
35679
32366
32402
35680
32367
32403
35681
32368
32404
35682
32369
32405
35683
32370
32406
35684
32371
32407
35685
32372
32408
35686
32373
32409
35687
32374
32410
35688
32375
32411
35689
32376
32412
35690
32377
32413
35691
32378
32414
35692
32379
32415
35693
32380
32416
35694
32381
32417
35695
32382
32418
35696
32383
32419
35697
32384
32420
35698
32385
32421
35699
32386
32422
35700
32423
35701
32388
32424
32389
32425
35702
32390
32426
35703
32391
32427
35704
32392
32428
35705
32393
32429
35706
32394
32430
35707
32395
32431
35708
32396
32432
35709
32397
32433
35710
32398
32434
35711
32399
32435
35712
32400
32436
35713
32401
32437
35714
32402
32438
35715
32403
32439
35716
32404
32440
35717
32405
32441
35718
32406
32442
35719
32407
32443
35720
32408
32444
35721
32409
32445
35722
32410
32446
35723
32411
32447
35724
32412
32448
35725
32413
32449
35726
32414
32450
35727
32415
32451
35728
32416
32452
35729
32417
32453
35730
32418
32454
35731
32419
32455
35732
32420
32456
35733
32421
32457
35734
32422
32458
35735
32423
32459
35736
32460
35737
32425
32426
32462
35739
32427
32463
35740
32428
32464
35741
32429
32465
35742
32430
32466
35743
32431
32467
35744
32432
32468
35745
32433
32469
35746
32434
32470
35747
32435
32471
35748
32436
32472
35749
32437
32473
35750
32438
32474
35751
32439
32475
35752
32440
32476
35753
32441
32477
35754
32442
32478
35755
32443
32479
35756
32444
32480
35757
32445
32481
35758
32446
32482
35759
32447
32483
35760
32448
32484
35761
32449
32485
35762
32450
32486
35763
32451
32487
35764
32452
32488
35765
32453
32489
35766
32454
32490
35767
32455
32491
35768
32456
32492
35769
32457
32493
35770
32458
32494
35771
32459
32495
35772
32460
32496
35773
32461
32497
35774
32498
35775
32463
32499
35776
32464
32500
35777
32465
32501
35778
32466
32502
35779
32467
32503
35780
32468
32504
35781
32469
32505
35782
32470
32506
35783
32471
32507
35784
32472
32508
35785
32473
32509
35786
32474
32510
35787
32475
32511
35788
32476
32512
35789
32477
32513
35790
32478
32514
35791
32479
32515
35792
32480
32516
35793
32481
32517
35794
32482
32518
35795
32483
32519
35796
32484
32520
35797
32485
32521
35798
32486
32522
35799
32487
32523
35800
32488
32524
35801
32489
32525
35802
32490
32526
35803
32491
32527
35804
32492
32528
35805
32493
32529
35806
32494
32530
35807
32495
32531
35808
32496
32532
35809
32497
32533
35810
32498
32534
35811
32535
35812
32500
32536
35813
32501
32537
35814
32502
32538
35815
32503
32539
35816
32504
32540
35817
32505
32541
35818
32506
32542
35819
32507
32543
35820
32508
32544
35821
32509
32545
35822
32510
32546
35823
32511
32547
35824
32512
32548
35825
32513
32549
35826
32514
32550
35827
32515
32551
35828
32516
32552
35829
32517
32553
35830
32518
32554
35831
32519
32555
35832
32520
32556
35833
32521
32557
35834
32522
32558
35835
32523
32559
35836
32524
32560
35837
32525
32561
35838
32526
32562
35839
32527
32563
35840
32528
32564
35841
32529
32565
35842
32530
32566
35843
32531
32567
35844
32532
32568
35845
32533
32569
35846
32534
32570
35847
32535
32571
35848
32572
35849
32537
32574
35850
32538
32575
35851
32539
32576
35852
32540
32577
35853
32541
32578
35854
32542
32579
35855
32543
32580
35856
32544
32581
35857
32545
32582
35858
32546
32583
35859
32547
32584
35860
32548
32585
35861
32549
32586
35862
32550
32587
35863
32551
32588
35864
32552
32589
35865
32553
32590
35866
32554
32591
35867
32555
32592
35868
32556
32593
35869
32557
32594
35870
32558
32595
35871
32559
32596
35872
32560
32597
35873
32561
32598
35874
32562
32599
35875
32563
32600
35876
32564
32601
35877
32565
32602
35878
32566
32603
35879
32567
32604
35880
32568
32605
35881
32569
32606
35882
32570
32607
35883
32571
32608
35884
32572
32609
35885
32573
32610
35886
32611
35887
32575
32612
35888
32576
32613
35889
32577
32614
35890
32578
32615
35891
32579
32616
35892
32580
32617
35893
32581
32618
35894
32582
32619
35895
32583
32620
35896
32584
32621
35897
32585
32622
35898
32586
32623
35899
32587
32624
35900
32588
32625
35901
32589
32626
35902
32590
32627
35903
32591
32628
35904
32592
32629
35905
32593
32630
35906
32594
32631
35907
32595
32632
35908
32596
32633
35909
32597
32634
35910
32598
32635
35911
32599
32636
35912
32600
32637
35913
32601
32638
35914
32602
32639
35915
32603
32640
35916
32604
32641
35917
32605
32642
35918
32606
32643
35919
32607
32644
35920
32608
32645
35921
32609
32646
35922
32610
32647
35923
32611
32648
35924
32649
35925
32613
32650
35926
32614
32651
35927
32615
32652
35928
32616
32653
35929
32617
32654
35930
32618
32655
35931
32619
32656
35932
32620
32657
35933
32621
32658
35934
32622
32659
35935
32623
32660
35936
32624
32661
35937
32625
32662
35938
32626
32663
35939
32627
32664
35940
32628
32665
35941
32629
32666
35942
32630
32667
35943
32631
32668
35944
32632
32669
35945
32633
32670
35946
32634
32671
35947
32635
32672
35948
32636
32673
35949
32637
32674
35950
32638
32675
35951
32639
32676
35952
32640
32677
35953
32641
32678
35954
32642
32679
35955
32643
32680
35956
32644
32681
35957
32645
32682
35958
32646
32683
35959
32647
32684
35960
32648
32685
35961
32649
32686
35962
32687
35963
32651
32689
35965
32652
32690
35966
32653
32691
35967
32654
32692
35968
32655
32693
35969
32656
32694
35970
32657
32695
35971
32658
32696
35972
32659
32697
35973
32660
32698
35974
32661
32699
35975
32662
32700
35976
32663
32701
35977
32664
32702
35978
32665
32703
35979
32666
32704
35980
32667
32705
35981
32668
32706
35982
32669
32707
35983
32670
32708
35984
32671
32709
35985
32672
32710
35986
32673
32711
35987
32674
32712
35988
32675
32713
35989
32676
32714
35990
32677
32715
35991
32678
32716
35992
32679
32717
35993
32680
32718
35994
32681
32719
35995
32682
32720
35996
32683
32721
35997
32684
32722
35998
32685
32723
35999
32686
32724
36000
32687
32725
36001
32688
32726
36002
32727
36003
32690
32728
36004
32691
32729
36005
32692
32730
36006
32693
32731
36007
32694
32732
36008
32695
32733
36009
32696
32734
36010
32697
32735
36011
32698
32736
36012
32699
32737
36013
32700
32738
36014
32701
32739
36015
32702
32740
36016
32703
32741
36017
32704
32742
36018
32705
32743
36019
32706
32744
36020
32707
32745
36021
32708
32746
36022
32709
32747
36023
32710
32748
36024
32711
32749
36025
32712
32750
36026
32713
32751
36027
32714
32752
36028
32715
32753
36029
32716
32754
36030
32717
32755
36031
32718
32756
36032
32719
32757
36033
32720
32758
36034
32721
32759
36035
32722
32760
36036
32723
32761
36037
32724
32762
36038
32725
32763
36039
32726
32764
36040
32727
32765
36041
32766
36042
32729
32768
36044
32730
32769
36045
32731
32770
36046
32732
32771
36047
32733
32772
36048
32734
32773
36049
32735
32774
36050
32736
32775
36051
32737
32776
36052
32738
32777
36053
32739
32778
36054
32740
32779
36055
32741
32780
36056
32742
32781
36057
32743
32782
36058
32744
32783
36059
32745
32784
36060
32746
32785
36061
32747
32786
36062
32748
32787
36063
32749
32788
36064
32750
32789
36065
32751
32790
36066
32752
32791
36067
32753
32792
36068
32754
32793
36069
32755
32794
36070
32756
32795
36071
32757
32796
36072
32758
32797
36073
32759
32798
36074
32760
32799
36075
32761
32800
36076
32762
32801
36077
32763
32802
36078
32764
32803
36079
32765
32804
36080
32766
32805
36081
32767
32806
36082
32807
36083
32769
32809
36084
32770
32810
36085
32771
32811
36086
32772
32812
36087
32773
32813
36088
32774
32814
36089
32775
32815
36090
32776
32816
36091
32777
32817
36092
32778
32818
36093
32779
32819
36094
32780
32820
36095
32781
32821
36096
32782
32822
36097
32783
32823
36098
32784
32824
36099
32785
32825
36100
32786
32826
36101
32787
32827
36102
32788
32828
36103
32789
32829
36104
32790
32830
36105
32791
32831
36106
32792
32832
36107
32793
32833
36108
32794
32834
36109
32795
32835
36110
32796
32836
36111
32797
32837
36112
32798
32838
36113
32799
32839
36114
32800
32840
36115
32801
32841
36116
32802
32842
36117
32803
32843
36118
32804
32844
36119
32805
32845
36120
32806
32846
36121
32807
32847
36122
32808
32848
36123
32849
36124
32810
32850
36125
32811
32851
36126
32812
32852
36127
32813
32853
36128
32814
32854
36129
32815
32855
36130
32816
32856
36131
32817
32857
36132
32818
32858
36133
32819
32859
36134
32820
32860
36135
32821
32861
36136
32822
32862
36137
32823
32863
36138
32824
32864
36139
32825
32865
36140
32826
32866
36141
32827
32867
36142
32828
32868
36143
32829
32869
36144
32830
32870
36145
32831
32871
36146
32832
32872
36147
32833
32873
36148
32834
32874
36149
32835
32875
36150
32836
32876
36151
32837
32877
36152
32838
32878
36153
32839
32879
36154
32840
32880
36155
32841
32881
36156
32842
32882
36157
32843
32883
36158
32844
32884
36159
32845
32885
36160
32846
32886
36161
32847
32887
36162
32848
32888
36163
32849
32889
36164
32890
36165
32851
32892
36166
32852
32893
36167
32853
32894
36168
32854
32895
36169
32855
32896
36170
32856
32897
36171
32857
32898
36172
32858
32899
36173
32859
32900
36174
32860
32901
36175
32861
32902
36176
32862
32903
36177
32863
32904
36178
32864
32905
36179
32865
32906
36180
32866
32907
36181
32867
32908
36182
32868
32909
36183
32869
32910
36184
32870
32911
36185
32871
32912
36186
32872
32913
36187
32873
32914
36188
32874
32915
36189
32875
32916
36190
32876
32917
36191
32877
32918
36192
32878
32919
36193
32879
32920
36194
32880
32921
36195
32881
32922
36196
32882
32923
36197
32883
32924
36198
32884
32925
36199
32885
32926
36200
32886
32927
36201
32887
32928
36202
32888
32929
36203
32889
32930
36204
32890
32931
36205
32891
32932
36206
32933
36207
32893
32935
36208
32894
32936
36209
32895
32937
36210
32896
32938
36211
32897
32939
36212
32898
32940
36213
32899
32941
36214
32900
32942
36215
32901
32943
36216
32902
32944
36217
32903
32945
36218
32904
32946
36219
32905
32947
36220
32906
32948
36221
32907
32949
36222
32908
32950
36223
32909
32951
36224
32910
32952
36225
32911
32953
36226
32912
32954
36227
32913
32955
36228
32914
32956
36229
32915
32957
36230
32916
32958
36231
32917
32959
36232
32918
32960
36233
32919
32961
36234
32920
32962
36235
32921
32963
36236
32922
32964
36237
32923
32965
36238
32924
32966
36239
32925
32967
36240
32926
32968
36241
32927
32969
36242
32928
32970
36243
32929
32971
36244
32930
32972
36245
32931
32973
36246
32932
32974
36247
32933
32975
36248
32934
32976
36249
32977
36250
32936
36251
32937
32979
36252
32938
32980
36253
32939
32981
36254
32940
32982
36255
32941
32983
36256
32942
32984
36257
32943
32985
36258
32944
32986
36259
32945
32987
36260
32946
32988
36261
32947
32989
36262
32948
32990
36263
32949
32991
36264
32950
32992
36265
32951
32993
36266
32952
32994
36267
32953
32995
36268
32954
32996
36269
32955
32997
36270
32956
32998
36271
32957
32999
36272
32958
33000
36273
32959
33001
36274
32960
33002
36275
32961
33003
36276
32962
33004
36277
32963
33005
36278
32964
33006
36279
32965
33007
36280
32966
33008
36281
32967
33009
36282
32968
33010
36283
32969
33011
36284
32970
33012
36285
32971
33013
36286
32972
33014
36287
32973
33015
36288
32974
33016
36289
32975
33017
36290
32976
33018
36291
32977
33019
36292
32978
33020
36293
33021
36294
32980
33024
36295
32981
33025
36296
32982
33026
36297
32983
33027
36298
32984
33028
36299
32985
33029
36300
32986
33030
36301
32987
33031
36302
32988
33032
36303
32989
33033
36304
32990
33034
36305
32991
33035
36306
32992
33036
36307
32993
33037
36308
32994
33038
36309
32995
33039
36310
32996
33040
36311
32997
33041
36312
32998
33042
36313
32999
33043
36314
33000
33044
36315
33001
33045
36316
33002
33046
36317
33003
33047
36318
33004
33048
36319
33005
33049
36320
33006
33050
36321
33007
33051
36322
33008
33052
36323
33009
33053
36324
33010
33054
36325
33011
33055
36326
33012
33056
36327
33013
33057
36328
33014
33058
36329
33015
33059
36330
33016
33060
36331
33017
33061
36332
33018
33062
36333
33019
33063
36334
33020
33064
36335
33021
33065
36336
33022
33066
36337
33023
33067
36338
33068
36339
33025
33069
36340
33026
33070
36341
33027
33071
36342
33028
33072
36343
33029
33073
36344
33030
33074
36345
33031
33075
36346
33032
33076
36347
33033
33077
36348
33034
33078
36349
33035
33079
36350
33036
33080
36351
33037
33081
36352
33038
33082
36353
33039
33083
36354
33040
33084
36355
33041
33085
36356
33042
33086
36357
33043
33087
36358
33044
33088
36359
33045
33089
36360
33046
33090
36361
33047
33091
36362
33048
33092
36363
33049
33093
36364
33050
33094
36365
33051
33095
36366
33052
33096
36367
33053
33097
36368
33054
33098
36369
33055
33099
36370
33056
33100
36371
33057
33101
36372
33058
33102
36373
33059
33103
36374
33060
33104
36375
33061
33105
36376
33062
33106
36377
33063
33107
36378
33064
33108
36379
33065
33109
36380
33066
33110
36381
33067
33111
36382
33068
33112
36383
33113
36384
33070
33114
36385
33071
33115
36386
33072
33116
36387
33073
33117
36388
33074
33118
36389
33075
33119
36390
33076
33120
36391
33077
33121
36392
33078
33122
36393
33079
33123
36394
33080
33124
36395
33081
33125
36396
33082
33126
36397
33083
33127
36398
33084
33128
36399
33085
33129
36400
33086
33130
36401
33087
33131
36402
33088
33132
36403
33089
33133
36404
33090
33134
36405
33091
33135
36406
33092
33136
36407
33093
33137
36408
33094
33138
36409
33095
33139
36410
33096
33140
36411
33097
33141
36412
33098
33142
36413
33099
33143
36414
33100
33144
36415
33101
33145
36416
33102
33146
36417
33103
33147
36418
33104
33148
36419
33105
33149
36420
33106
33150
36421
33107
33151
36422
33108
33152
36423
33109
33153
36424
33110
33154
36425
33111
33155
36426
33112
33156
36427
33113
33157
36428
33158
36429
33115
33159
36430
33116
33160
36431
33117
33161
36432
33118
33162
36433
33119
33163
36434
33120
33164
36435
33121
33165
36436
33122
33166
36437
33123
33167
36438
33124
33168
36439
33125
33169
36440
33126
33170
36441
33127
33171
36442
33128
33172
36443
33129
33173
36444
33130
33174
36445
33131
33175
36446
33132
33176
36447
33133
33177
36448
33134
33178
36449
33135
33179
36450
33136
33180
36451
33137
33181
36452
33138
33182
36453
33139
33183
36454
33140
33184
36455
33141
33185
36456
33142
33186
36457
33143
33187
36458
33144
33188
36459
33145
33189
36460
33146
33190
36461
33147
33191
36462
33148
33192
36463
33149
33193
36464
33150
33194
36465
33151
33195
36466
33152
33196
36467
33153
33197
36468
33154
33198
36469
33155
33199
36470
33156
33200
36471
33157
33201
36472
33158
33202
36473
33203
36474
33160
33204
36475
33161
33205
36476
33162
33206
36477
33163
33207
36478
33164
33208
36479
33165
33209
36480
33166
33210
36481
33167
33211
36482
33168
33212
36483
33169
33213
36484
33170
33214
36485
33171
33215
36486
33172
33216
36487
33173
33217
36488
33174
33218
36489
33175
33219
36490
33176
33220
36491
33177
33221
36492
33178
33222
36493
33179
33223
36494
33180
33224
36495
33181
33225
36496
33182
33226
36497
33183
33227
36498
33184
33228
36499
33185
33229
36500
33186
33230
36501
33187
33231
36502
33188
33232
36503
33189
33233
36504
33190
33234
36505
33191
33235
36506
33192
33236
36507
33193
33237
36508
33194
33238
36509
33195
33239
36510
33196
33240
36511
33197
33241
36512
33198
33242
36513
33199
33243
36514
33200
33244
36515
33201
33245
36516
33202
33246
36517
33203
33247
36518
33248
36519
33205
33249
36520
33206
33250
36521
33207
33251
36522
33208
33252
36523
33209
33253
36524
33210
33254
36525
33211
33255
36526
33212
33256
36527
33213
33257
36528
33214
33258
36529
33215
33259
36530
33216
33260
36531
33217
33261
36532
33218
33262
36533
33219
33263
36534
33220
33264
36535
33221
33265
36536
33222
33266
36537
33223
33267
36538
33224
33268
36539
33225
33269
36540
33226
33270
36541
33227
33271
36542
33228
33272
36543
33229
33273
36544
33230
33274
36545
33231
33275
36546
33232
33276
36547
33233
33277
36548
33234
33278
36549
33235
33279
36550
33236
33280
36551
33237
33281
36552
33238
33282
36553
33239
33283
36554
33240
33284
36555
33241
33285
36556
33242
33286
36557
33243
33287
36558
33244
33288
36559
33245
33289
36560
33246
33290
36561
33247
33291
36562
33248
33292
36563
33293
36564
33250
33294
36565
33251
33295
36566
33252
33296
36567
33253
33297
36568
33254
33298
36569
33255
33299
36570
33256
33300
36571
33257
33301
36572
33258
33302
36573
33259
33303
36574
33260
33304
36575
33261
33305
36576
33262
33306
36577
33263
33307
36578
33264
33308
36579
33265
33309
36580
33266
33310
36581
33267
33311
36582
33268
33312
36583
33269
33313
36584
33270
33314
36585
33271
33315
36586
33272
33316
36587
33273
33317
36588
33274
33318
36589
33275
33319
36590
33276
33320
36591
33277
33321
36592
33278
33322
36593
33279
33323
36594
33280
33324
36595
33281
33325
36596
33282
33326
36597
33283
33327
36598
33284
33328
36599
33285
33329
36600
33286
33330
36601
33287
33331
36602
33288
33332
36603
33289
33333
36604
33290
33334
36605
33291
33335
36606
33292
33336
36607
33293
33337
36608
33338
36609
33295
33339
36610
33296
33340
36611
33297
33341
36612
33298
33342
36613
33299
33343
36614
33300
33344
36615
33301
33345
36616
33302
33346
36617
33303
33347
36618
33304
33348
36619
33305
33349
36620
33306
33350
36621
33307
33351
36622
33308
33352
36623
33309
33353
36624
33310
33354
36625
33311
33355
36626
33312
33356
36627
33313
33357
36628
33314
33358
36629
33315
33359
36630
33316
33360
36631
33317
33361
36632
33318
33362
36633
33319
33363
36634
33320
33364
36635
33321
33365
36636
33322
33366
36637
33323
33367
36638
33324
33368
36639
33325
33369
36640
33326
33370
36641
33327
33371
36642
33328
33372
36643
33329
33373
36644
33330
33374
36645
33331
33375
36646
33332
33376
36647
33333
33377
36648
33334
33378
36649
33335
33379
36650
33336
33380
36651
33337
33381
36652
33338
33382
36653
33383
36654
33340
33384
36655
33341
33385
36656
33342
33386
36657
33343
33387
36658
33344
33388
36659
33345
33389
36660
33346
33390
36661
33347
33391
36662
33348
33392
36663
33349
33393
36664
33350
33394
36665
33351
33395
36666
33352
33396
36667
33353
33397
36668
33354
33398
36669
33355
33399
36670
33356
33400
36671
33357
33401
36672
33358
33402
36673
33359
33403
36674
33360
33404
36675
33361
33405
36676
33362
33406
36677
33363
33407
36678
33364
33408
36679
33365
33409
36680
33366
33410
36681
33367
33411
36682
33368
33412
36683
33369
33413
36684
33370
33414
36685
33371
33415
36686
33372
33416
36687
33373
33417
36688
33374
33418
36689
33375
33419
36690
33376
33420
36691
33377
33421
36692
33378
33422
36693
33379
33423
36694
33380
33424
36695
33381
33425
36696
33382
33426
36697
33383
33427
36698
33428
36699
33385
33429
36700
33386
33430
36701
33387
33431
36702
33388
33432
36703
33389
33433
36704
33390
33434
36705
33391
33435
36706
33392
33436
36707
33393
33437
36708
33394
33438
36709
33395
33439
36710
33396
33440
36711
33397
33441
36712
33398
33442
36713
33399
33443
36714
33400
33444
36715
33401
33445
36716
33402
33446
36717
33403
33447
36718
33404
33448
36719
33405
33449
36720
33406
33450
36721
33407
33451
36722
33408
33452
36723
33409
33453
36724
33410
33454
36725
33411
33455
36726
33412
33456
36727
33413
33457
36728
33414
33458
36729
33415
33459
36730
33416
33460
36731
33417
33461
36732
33418
33462
36733
33419
33463
36734
33420
33464
36735
33421
33465
36736
33422
33466
36737
33423
33467
36738
33424
33468
36739
33425
33469
36740
33426
33470
36741
33427
33471
36742
33428
33472
36743
33473
36744
33430
33474
36745
33431
33475
36746
33432
33476
36747
33433
33477
36748
33434
33478
36749
33435
33479
36750
33436
33480
36751
33437
33481
36752
33438
33482
36753
33439
33483
36754
33440
33484
36755
33441
33485
36756
33442
33486
36757
33443
33487
36758
33444
33488
36759
33445
33489
36760
33446
33490
36761
33447
33491
36762
33448
33492
36763
33449
33493
36764
33450
33494
36765
33451
33495
36766
33452
33496
36767
33453
33497
36768
33454
33498
36769
33455
33499
36770
33456
33500
36771
33457
33501
36772
33458
33502
36773
33459
33503
36774
33460
33504
36775
33461
33505
36776
33462
33506
36777
33463
33507
36778
33464
33508
36779
33465
33509
36780
33466
33510
36781
33467
33511
36782
33468
33512
36783
33469
33513
36784
33470
33514
36785
33471
33515
36786
33472
33516
36787
33473
33517
36788
33518
36789
33475
33519
36790
33476
33520
36791
33477
33521
36792
33478
33522
36793
33479
33523
36794
33480
33524
36795
33481
33525
36796
33482
33526
36797
33483
33527
36798
33484
33528
36799
33485
33529
36800
33486
33530
36801
33487
33531
36802
33488
33532
36803
33489
33533
36804
33490
33534
36805
33491
33535
36806
33492
33536
36807
33493
33537
36808
33494
33538
36809
33495
33539
36810
33496
33540
36811
33497
33541
36812
33498
33542
36813
33499
33543
36814
33500
33544
36815
33501
33545
36816
33502
33546
36817
33503
33547
36818
33504
33548
36819
33505
33549
36820
33506
33550
36821
33507
33551
36822
33508
33552
36823
33509
33553
36824
33510
33554
36825
33511
33555
36826
33512
33556
36827
33513
33557
36828
33514
33558
36829
33515
33559
36830
33516
33560
36831
33517
33561
36832
33518
33562
36833
33563
36834
33520
33564
36835
33521
33565
36836
33522
33566
36837
33523
33567
36838
33524
33568
36839
33525
33569
36840
33526
33570
36841
33527
33571
36842
33528
33572
36843
33529
33573
36844
33530
33574
36845
33531
33575
36846
33532
33576
36847
33533
33577
36848
33534
33578
36849
33535
33579
36850
33536
33580
36851
33537
33581
36852
33538
33582
36853
33539
33583
36854
33540
33584
36855
33541
33585
36856
33542
33586
36857
33543
33587
36858
33544
33588
36859
33545
33589
36860
33546
33590
36861
33547
33591
36862
33548
33592
36863
33549
33593
36864
33550
33594
36865
33551
33595
36866
33552
33596
36867
33553
33597
36868
33554
33598
36869
33555
33599
36870
33556
33600
36871
33557
33601
36872
33558
33602
36873
33559
33603
36874
33560
33604
36875
33561
33605
36876
33562
33606
36877
33563
33607
36878
33608
36879
33565
33609
36880
33566
33610
36881
33567
33611
36882
33568
33612
36883
33569
33613
36884
33570
33614
36885
33571
33615
36886
33572
33616
36887
33573
33617
36888
33574
33618
36889
33575
33619
36890
33576
33620
36891
33577
33621
36892
33578
33622
36893
33579
33623
36894
33580
33624
36895
33581
33625
36896
33582
33626
36897
33583
33627
36898
33584
33628
36899
33585
33629
36900
33586
33630
36901
33587
33631
36902
33588
33632
36903
33589
33633
36904
33590
33634
36905
33591
33635
36906
33592
33636
36907
33593
33637
36908
33594
33638
36909
33595
33639
36910
33596
33640
36911
33597
33641
36912
33598
33642
36913
33599
33643
36914
33600
33644
36915
33601
33645
36916
33602
33646
36917
33603
33647
36918
33604
33648
36919
33605
33649
36920
33606
33650
36921
33607
33651
36922
33608
33652
36923
33653
36924
33610
33654
36925
33611
33655
36926
33612
33656
36927
33613
33657
36928
33614
33658
36929
33615
33659
36930
33616
33660
36931
33617
33661
36932
33618
33662
36933
33619
33663
36934
33620
33664
36935
33621
33665
36936
33622
33666
36937
33623
33667
36938
33624
33668
36939
33625
33669
36940
33626
33670
36941
33627
33671
36942
33628
33672
36943
33629
33673
36944
33630
33674
36945
33631
33675
36946
33632
33676
36947
33633
33677
36948
33634
33678
36949
33635
33679
36950
33636
33680
36951
33637
33681
36952
33638
33682
36953
33639
33683
36954
33640
33684
36955
33641
33685
36956
33642
33686
36957
33643
33687
36958
33644
33688
36959
33645
33689
36960
33646
33690
36961
33647
33691
36962
33648
33692
36963
33649
33693
36964
33650
33694
36965
33651
33695
36966
33652
33696
36967
33653
33697
36968
33698
36969
33655
33699
36970
33656
33700
36971
33657
33701
36972
33658
33702
36973
33659
33703
36974
33660
33704
36975
33661
33705
36976
33662
33706
36977
33663
33707
36978
33664
33708
36979
33665
33709
36980
33666
33710
36981
33667
33711
36982
33668
33712
36983
33669
33713
36984
33670
33714
36985
33671
33715
36986
33672
33716
36987
33673
33717
36988
33674
33718
36989
33675
33719
36990
33676
33720
36991
33677
33721
36992
33678
33722
36993
33679
33723
36994
33680
33724
36995
33681
33725
36996
33682
33726
36997
33683
33727
36998
33684
33728
36999
33685
33729
37000
33686
33730
37001
33687
33731
37002
33688
33732
37003
33689
33733
37004
33690
33734
37005
33691
33735
37006
33692
33736
37007
33693
33737
37008
33694
33738
37009
33695
33739
37010
33696
33740
37011
33697
33741
37012
33698
33742
37013
33743
37014
33700
33745
37015
33701
33746
37016
33702
33747
37017
33703
33748
37018
33704
33749
37019
33705
33750
37020
33706
33751
37021
33707
33752
37022
33708
33753
37023
33709
33754
37024
33710
33755
37025
33711
33756
37026
33712
33757
37027
33713
33758
37028
33714
33759
37029
33715
33760
37030
33716
33761
37031
33717
33762
37032
33718
33763
37033
33719
33764
37034
33720
33765
37035
33721
33766
37036
33722
33767
37037
33723
33768
37038
33724
33769
37039
33725
33770
37040
33726
33771
37041
33727
33772
37042
33728
33773
37043
33729
33774
37044
33730
33775
37045
33731
33776
37046
33732
33777
37047
33733
33778
37048
33734
33779
37049
33735
33780
37050
33736
33781
37051
33737
33782
37052
33738
33783
37053
33739
33784
37054
33740
33785
37055
33741
33786
37056
33742
33787
37057
33743
33788
37058
33789
37059
33745
33790
33746
33791
37060
33747
33792
37061
33748
33793
37062
33749
33794
37063
33750
33795
37064
33751
33796
37065
33752
33797
37066
33753
33798
37067
33754
33799
37068
33755
33800
37069
33756
33801
37070
33757
33802
37071
33758
33803
37072
33759
33804
37073
33760
33805
37074
33761
33806
37075
33762
33807
37076
33763
33808
37077
33764
33809
37078
33765
33810
37079
33766
33811
37080
33767
33812
37081
33768
33813
37082
33769
33814
37083
33770
33815
37084
33771
33816
37085
33772
33817
37086
33773
33818
37087
33774
33819
37088
33775
33820
37089
33776
33821
37090
33777
33822
37091
33778
33823
37092
33779
33824
37093
33780
33825
37094
33781
33826
37095
33782
33827
37096
33783
33828
37097
33784
33829
37098
33785
33830
37099
33786
33831
37100
33787
33832
37101
33788
33833
37102
33789
33834
37103
33835
37104
33791
33836
33792
33837
37105
33793
33838
37106
33794
33839
37107
33795
33840
37108
33796
33841
37109
33797
33842
37110
33798
33843
37111
33799
33844
37112
33800
33845
37113
33801
33846
37114
33802
33847
37115
33803
33848
37116
33804
33849
37117
33805
33850
37118
33806
33851
37119
33807
33852
37120
33808
33853
37121
33809
33854
37122
33810
33855
37123
33811
33856
37124
33812
33857
37125
33813
33858
37126
33814
33859
37127
33815
33860
37128
33816
33861
37129
33817
33862
37130
33818
33863
37131
33819
33864
37132
33820
33865
37133
33821
33866
37134
33822
33867
37135
33823
33868
37136
33824
33869
37137
33825
33870
37138
33826
33871
37139
33827
33872
37140
33828
33873
37141
33829
33874
37142
33830
33875
37143
33831
33876
37144
33832
33877
37145
33833
33878
37146
33834
33879
37147
33835
33880
37148
33881
37149
33837
33882
37150
33838
33883
37151
33839
33884
37152
33840
33885
37153
33841
33886
37154
33842
33887
37155
33843
33888
37156
33844
33889
37157
33845
33890
37158
33846
33891
37159
33847
33892
37160
33848
33893
37161
33849
33894
37162
33850
33895
37163
33851
33896
37164
33852
33897
37165
33853
33898
37166
33854
33899
37167
33855
33900
37168
33856
33901
37169
33857
33902
37170
33858
33903
37171
33859
33904
37172
33860
33905
37173
33861
33906
37174
33862
33907
37175
33863
33908
37176
33864
33909
37177
33865
33910
37178
33866
33911
37179
33867
33912
37180
33868
33913
37181
33869
33914
37182
33870
33915
37183
33871
33916
37184
33872
33917
37185
33873
33918
37186
33874
33919
37187
33875
33920
37188
33876
33921
37189
33877
33922
37190
33878
33923
37191
33879
33924
37192
33880
33925
37193
33881
33926
37194
33927
37195
33883
33928
37196
33884
33929
37197
33885
33930
37198
33886
33931
37199
33887
33932
37200
33888
33933
37201
33889
33934
37202
33890
33935
37203
33891
33936
37204
33892
33937
37205
33893
33938
37206
33894
33939
37207
33895
33940
37208
33896
33941
37209
33897
33942
37210
33898
33943
37211
33899
33944
37212
33900
33945
37213
33901
33946
37214
33902
33947
37215
33903
33948
37216
33904
33949
37217
33905
33950
37218
33906
33951
37219
33907
33952
37220
33908
33953
37221
33909
33954
37222
33910
33955
37223
33911
33956
37224
33912
33957
37225
33913
33958
37226
33914
33959
37227
33915
33960
37228
33916
33961
37229
33917
33962
37230
33918
33963
37231
33919
33964
37232
33920
33965
37233
33921
33966
37234
33922
33967
37235
33923
33968
37236
33924
33969
37237
33925
33970
37238
33926
33971
37239
33927
33972
37240
33973
37241
33929
33974
37242
33930
33975
37243
33931
33976
37244
33932
33977
37245
33933
33978
37246
33934
33979
37247
33935
33980
37248
33936
33981
37249
33937
33982
37250
33938
33983
37251
33939
33984
37252
33940
33985
37253
33941
33986
37254
33942
33987
37255
33943
33988
37256
33944
33989
37257
33945
33990
37258
33946
33991
37259
33947
33992
37260
33948
33993
37261
33949
33994
37262
33950
33995
37263
33951
33996
37264
33952
33997
37265
33953
33998
37266
33954
33999
37267
33955
34000
37268
33956
34001
37269
33957
34002
37270
33958
34003
37271
33959
34004
37272
33960
34005
37273
33961
34006
37274
33962
34007
37275
33963
34008
37276
33964
34009
37277
33965
34010
37278
33966
34011
37279
33967
34012
37280
33968
34013
37281
33969
34014
37282
33970
34015
37283
33971
34016
37284
33972
34017
37285
33973
34018
37286
34019
37287
33975
34020
37288
33976
34021
37289
33977
34022
37290
33978
34023
37291
33979
34024
37292
33980
34025
37293
33981
34026
37294
33982
34027
37295
33983
34028
37296
33984
34029
37297
33985
34030
37298
33986
34031
37299
33987
34032
37300
33988
34033
37301
33989
34034
37302
33990
34035
37303
33991
34036
37304
33992
34037
37305
33993
34038
37306
33994
34039
37307
33995
34040
37308
33996
34041
37309
33997
34042
37310
33998
34043
37311
33999
34044
37312
34000
34045
37313
34001
34046
37314
34002
34047
37315
34003
34048
37316
34004
34049
37317
34005
34050
37318
34006
34051
37319
34007
34052
37320
34008
34053
37321
34009
34054
37322
34010
34055
37323
34011
34056
37324
34012
34057
37325
34013
34058
37326
34014
34059
37327
34015
34060
37328
34016
34061
37329
34017
34062
37330
34018
34063
37331
34019
34064
37332
34065
37333
34021
34067
37334
34022
34068
37335
34023
34069
37336
34024
34070
37337
34025
34071
37338
34026
34072
37339
34027
34073
37340
34028
34074
37341
34029
34075
37342
34030
34076
37343
34031
34077
37344
34032
34078
37345
34033
34079
37346
34034
34080
37347
34035
34081
37348
34036
34082
37349
34037
34083
37350
34038
34084
37351
34039
34085
37352
34040
34086
37353
34041
34087
37354
34042
34088
37355
34043
34089
37356
34044
34090
37357
34045
34091
37358
34046
34092
37359
34047
34093
37360
34048
34094
37361
34049
34095
37362
34050
34096
37363
34051
34097
37364
34052
34098
37365
34053
34099
37366
34054
34100
37367
34055
34101
37368
34056
34102
37369
34057
34103
37370
34058
34104
37371
34059
34105
37372
34060
34106
37373
34061
34107
37374
34062
34108
37375
34063
34109
37376
34064
34110
37377
34065
34111
37378
34112
37379
34067
34113
37380
34068
34114
37381
34069
34115
37382
34070
34116
37383
34071
34117
37384
34072
34118
37385
34073
34119
37386
34074
34120
37387
34075
34121
37388
34076
34122
37389
34077
34123
37390
34078
34124
37391
34079
34125
37392
34080
34126
37393
34081
34127
37394
34082
34128
37395
34083
34129
37396
34084
34130
37397
34085
34131
37398
34086
34132
37399
34087
34133
37400
34088
34134
37401
34089
34135
37402
34090
34136
37403
34091
34137
37404
34092
34138
37405
34093
34139
37406
34094
34140
37407
34095
34141
37408
34096
34142
37409
34097
34143
37410
34098
34144
37411
34099
34145
37412
34100
34146
37413
34101
34147
37414
34102
34148
37415
34103
34149
37416
34104
34150
37417
34105
34151
37418
34106
34152
37419
34107
34153
37420
34108
34154
37421
34109
34155
37422
34110
34156
37423
34111
34157
37424
34112
34158
37425
34159
37426
34114
34161
37427
34115
34162
37428
34116
34163
37429
34117
34164
37430
34118
34165
37431
34119
34166
37432
34120
34167
37433
34121
34168
37434
34122
34169
37435
34123
34170
37436
34124
34171
37437
34125
34172
37438
34126
34173
37439
34127
34174
37440
34128
34175
37441
34129
34176
37442
34130
34177
37443
34131
34178
37444
34132
34179
37445
34133
34180
37446
34134
34181
37447
34135
34182
37448
34136
34183
37449
34137
34184
37450
34138
34185
37451
34139
34186
37452
34140
34187
37453
34141
34188
37454
34142
34189
37455
34143
34190
37456
34144
34191
37457
34145
34192
37458
34146
34193
37459
34147
34194
37460
34148
34195
37461
34149
34196
37462
34150
34197
37463
34151
34198
37464
34152
34199
37465
34153
34200
37466
34154
34201
37467
34155
34202
37468
34156
34203
37469
34157
34204
37470
34158
34205
37471
34159
34206
37472
34207
37473
34161
34208
37474
34162
34209
37475
34163
34210
37476
34164
34211
37477
34165
34212
37478
34166
34213
37479
34167
34214
37480
34168
34215
37481
34169
34216
37482
34170
34217
37483
34171
34218
37484
34172
34219
37485
34173
34220
37486
34174
34221
37487
34175
34222
37488
34176
34223
37489
34177
34224
37490
34178
34225
37491
34179
34226
37492
34180
34227
37493
34181
34228
37494
34182
34229
37495
34183
34230
37496
34184
34231
37497
34185
34232
37498
34186
34233
37499
34187
34234
37500
34188
34235
37501
34189
34236
37502
34190
34237
37503
34191
34238
37504
34192
34239
37505
34193
34240
37506
34194
34241
37507
34195
34242
37508
34196
34243
37509
34197
34244
37510
34198
34245
37511
34199
34246
37512
34200
34247
37513
34201
34248
37514
34202
34249
37515
34203
34250
37516
34204
34251
37517
34205
34252
37518
34206
34253
37519
34207
34254
37520
34255
37521
34209
34256
37522
34210
34257
37523
34211
34258
37524
34212
34259
37525
34213
34260
37526
34214
34261
37527
34215
34262
37528
34216
34263
37529
34217
34264
37530
34218
34265
37531
34219
34266
37532
34220
34267
37533
34221
34268
37534
34222
34269
37535
34223
34270
37536
34224
34271
37537
34225
34272
37538
34226
34273
37539
34227
34274
37540
34228
34275
37541
34229
34276
37542
34230
34277
37543
34231
34278
37544
34232
34279
37545
34233
34280
37546
34234
34281
37547
34235
34282
37548
34236
34283
37549
34237
34284
37550
34238
34285
37551
34239
34286
37552
34240
34287
37553
34241
34288
37554
34242
34289
37555
34243
34290
37556
34244
34291
37557
34245
34292
37558
34246
34293
37559
34247
34294
37560
34248
34295
37561
34249
34296
37562
34250
34297
37563
34251
34298
37564
34252
34299
37565
34253
34300
37566
34254
34301
37567
34255
34302
37568
34303
37569
34257
34304
37570
34258
34305
37571
34259
34306
37572
34260
34307
37573
34261
34308
37574
34262
34309
37575
34263
34310
37576
34264
34311
37577
34265
34312
37578
34266
34313
37579
34267
34314
37580
34268
34315
37581
34269
34316
37582
34270
34317
37583
34271
34318
37584
34272
34319
37585
34273
34320
37586
34274
34321
37587
34275
34322
37588
34276
34323
37589
34277
34324
37590
34278
34325
37591
34279
34326
37592
34280
34327
37593
34281
34328
37594
34282
34329
37595
34283
34330
37596
34284
34331
37597
34285
34332
37598
34286
34333
37599
34287
34334
37600
34288
34335
37601
34289
34336
37602
34290
34337
37603
34291
34338
37604
34292
34339
37605
34293
34340
37606
34294
34341
37607
34295
34342
37608
34296
34343
37609
34297
34344
37610
34298
34345
37611
34299
34346
37612
34300
34347
37613
34301
34348
37614
34302
34349
37615
34303
34350
37616
34351
37617
34305
34352
37618
34306
34353
37619
34307
34354
37620
34308
34355
37621
34309
34356
37622
34310
34357
37623
34311
34358
37624
34312
34359
37625
34313
34360
37626
34314
34361
37627
34315
34362
37628
34316
34363
37629
34317
34364
37630
34318
34365
37631
34319
34366
37632
34320
34367
37633
34321
34368
37634
34322
34369
37635
34323
34370
37636
34324
34371
37637
34325
34372
37638
34326
34373
37639
34327
34374
37640
34328
34375
37641
34329
34376
37642
34330
34377
37643
34331
34378
37644
34332
34379
37645
34333
34380
37646
34334
34381
37647
34335
34382
37648
34336
34383
37649
34337
34384
37650
34338
34385
37651
34339
34386
37652
34340
34387
37653
34341
34388
37654
34342
34389
37655
34343
34390
37656
34344
34391
37657
34345
34392
37658
34346
34393
37659
34347
34394
37660
34348
34395
37661
34349
34396
37662
34350
34397
37663
34351
34398
37664
34399
37665
34353
34400
37666
34354
34401
37667
34355
34402
37668
34356
34403
37669
34357
34404
37670
34358
34405
37671
34359
34406
37672
34360
34407
37673
34361
34408
37674
34362
34409
37675
34363
34410
37676
34364
34411
37677
34365
34412
37678
34366
34413
37679
34367
34414
37680
34368
34415
37681
34369
34416
37682
34370
34417
37683
34371
34418
37684
34372
34419
37685
34373
34420
37686
34374
34421
37687
34375
34422
37688
34376
34423
37689
34377
34424
37690
34378
34425
37691
34379
34426
37692
34380
34427
37693
34381
34428
37694
34382
34429
37695
34383
34430
37696
34384
34431
37697
34385
34432
37698
34386
34433
37699
34387
34434
37700
34388
34435
37701
34389
34436
37702
34390
34437
37703
34391
34438
37704
34392
34439
37705
34393
34440
37706
34394
34441
37707
34395
34442
37708
34396
34443
37709
34397
34444
37710
34398
34445
37711
34399
34446
37712
34447
37713
34401
34448
37714
34402
34449
37715
34403
34450
37716
34404
34451
37717
34405
34452
37718
34406
34453
37719
34407
34454
37720
34408
34455
37721
34409
34456
37722
34410
34457
37723
34411
34458
37724
34412
34459
37725
34413
34460
37726
34414
34461
37727
34415
34462
37728
34416
34463
37729
34417
34464
37730
34418
34465
37731
34419
34466
37732
34420
34467
37733
34421
34468
37734
34422
34469
37735
34423
34470
37736
34424
34471
37737
34425
34472
37738
34426
34473
37739
34427
34474
37740
34428
34475
37741
34429
34476
37742
34430
34477
37743
34431
34478
37744
34432
34479
37745
34433
34480
37746
34434
34481
37747
34435
34482
37748
34436
34483
37749
34437
34484
37750
34438
34485
37751
34439
34486
37752
34440
34487
37753
34441
34488
37754
34442
34489
37755
34443
34490
37756
34444
34491
37757
34445
34492
37758
34446
34493
37759
34447
34494
37760
34495
37761
34449
37762
34450
37763
34451
37764
34452
37765
34453
37766
34454
37767
34455
37768
34456
37769
34457
37770
34458
37771
34459
37772
34460
37773
34461
37774
34462
37775
34463
37776
34464
37777
34465
37778
34466
37779
34467
37780
34468
37781
34469
37782
34470
37783
34471
37784
34472
37785
34473
37786
34474
37787
34475
37788
34476
37789
34477
37790
34478
37791
34479
37792
34480
37793
34481
37794
34482
37795
34483
37796
34484
37797
34485
37798
34486
37799
34487
37800
34488
37801
34489
37802
34490
37803
34491
37804
34492
37805
34493
37806
34494
37807
34495
37808
37809
34497
34503
37762
37810
34498
34504
37811
34499
34505
37812
34500
34506
37813
34501
34507
37814
34502
34508
37815
34509
37816
34504
34510
37714
37817
34505
34511
37818
34506
34512
37819
34507
34513
37820
34508
34514
37821
34509
34515
37822
34511
34516
37666
37823
34512
34517
37824
34513
34518
37825
34514
34519
37826
34515
34520
37827
37828
34517
34521
37618
37829
34518
34522
37830
34519
34523
37831
34520
37832
37833
34522
34524
37570
37834
34523
34525
37835
37836
34525
37522
37837
34527
34529
37843
34530
37844
34529
34533
37848
34530
34534
37849
34535
37850
34532
34537
37854
34533
34538
37855
34534
34539
37856
34535
34540
37857
34541
37858
34537
34544
37862
34538
34545
37863
34539
34546
37864
34540
34547
37865
34541
34548
37866
34549
37867
34543
34552
37871
34544
34553
37872
34545
34554
37873
34546
34555
37874
34547
34556
37875
34548
34557
37876
34549
34558
37877
34559
37878
34551
34561
34552
34562
37882
34553
34563
37883
34554
34564
37884
34555
34565
37885
34556
34566
37886
34557
34567
37887
34558
34568
37888
34559
34569
37889
34570
37890
34561
34573
37894
34562
34574
37895
34563
34575
37896
34564
34576
37897
34565
34577
37898
34566
34578
37899
34567
34579
37900
34568
34580
37901
34569
34581
37902
34570
34582
37903
34583
37904
34572
34586
37908
34573
34587
37909
34574
34588
37910
34575
34589
37911
34576
34590
37912
34577
34591
37913
34578
34592
37914
34579
34593
37915
34580
34594
37916
34581
34595
37917
34582
34596
37918
34583
34597
37919
34598
37920
34585
34603
34586
34604
37924
34587
34605
37925
34588
34606
37926
34589
34607
37927
34590
34608
37928
34591
34609
37929
34592
34610
37930
34593
34611
37931
34594
34612
37932
34595
34613
37933
34596
34614
37934
34597
34615
37935
34598
34616
37936
34599
34617
37937
34618
37938
34601
34619
34602
34620
37941
34603
34621
37942
34604
34622
37943
34605
34623
37944
34606
34624
37945
34607
34625
37946
34608
34626
37947
34609
34627
37948
34610
34628
37949
34611
34629
37950
34612
34630
37951
34613
34631
37952
34614
34632
37953
34615
34633
37954
34616
34634
37955
34617
34635
37956
34618
34636
37957
34637
37958
34620
34638
37961
34621
34639
37962
34622
34640
37963
34623
34641
37964
34624
34642
37965
34625
34643
37966
34626
34644
37967
34627
34645
37968
34628
34646
37969
34629
34647
37970
34630
34648
37971
34631
34649
37972
34632
34650
37973
34633
34651
37974
34634
34652
37975
34635
34653
37976
34636
34654
37977
34637
34655
37978
34656
37979
34639
34657
37982
34640
34658
37983
34641
34659
37984
34642
34660
37985
34643
34661
37986
34644
34662
37987
34645
34663
37988
34646
34664
37989
34647
34665
37990
34648
34666
37991
34649
34667
37992
34650
34668
37993
34651
34669
37994
34652
34670
37995
34653
34671
37996
34654
34672
37997
34655
34673
37998
34656
34674
37999
34675
38000
34658
34676
38003
34659
34677
38004
34660
34678
38005
34661
34679
38006
34662
34680
38007
34663
34681
38008
34664
34682
38009
34665
34683
38010
34666
34684
38011
34667
34685
38012
34668
34686
38013
34669
34687
38014
34670
34688
38015
34671
34689
38016
34672
34690
38017
34673
34691
38018
34674
34692
38019
34675
34693
38020
34694
38021
34677
34695
38024
34678
34696
38025
34679
34697
38026
34680
34698
38027
34681
34699
38028
34682
34700
38029
34683
34701
38030
34684
34702
38031
34685
34703
38032
34686
34704
38033
34687
34705
38034
34688
34706
38035
34689
34707
38036
34690
34708
38037
34691
34709
38038
34692
34710
38039
34693
34711
38040
34694
34712
38041
34713
38042
34696
34714
38045
34697
34715
38046
34698
34716
38047
34699
34717
38048
34700
34718
38049
34701
34719
38050
34702
34720
38051
34703
34721
38052
34704
34722
38053
34705
34723
38054
34706
34724
38055
34707
34725
38056
34708
34726
38057
34709
34727
38058
34710
34728
38059
34711
34729
38060
34712
34730
38061
34713
34731
38062
34732
38063
34715
34734
38066
34716
34735
38067
34717
34736
38068
34718
34737
38069
34719
34738
38070
34720
34739
38071
34721
34740
38072
34722
34741
38073
34723
34742
38074
34724
34743
38075
34725
34744
38076
34726
34745
38077
34727
34746
38078
34728
34747
38079
34729
34748
38080
34730
34749
38081
34731
34750
38082
34732
34751
38083
34733
34752
38084
34753
38085
34735
34754
38088
34736
34755
38089
34737
34756
38090
34738
34757
38091
34739
34758
38092
34740
34759
38093
34741
34760
38094
34742
34761
38095
34743
34762
38096
34744
34763
38097
34745
34764
38098
34746
34765
38099
34747
34766
38100
34748
34767
38101
34749
34768
38102
34750
34769
38103
34751
34770
38104
34752
34771
38105
34753
34772
38106
34773
38107
34755
34775
38110
34756
34776
38111
34757
34777
38112
34758
34778
38113
34759
34779
38114
34760
34780
38115
34761
34781
38116
34762
34782
38117
34763
34783
38118
34764
34784
38119
34765
34785
38120
34766
34786
38121
34767
34787
38122
34768
34788
38123
34769
34789
38124
34770
34790
38125
34771
34791
38126
34772
34792
38127
34773
34793
38128
34774
34794
38129
34795
38130
34776
34796
38132
34777
34797
38133
34778
34798
38134
34779
34799
38135
34780
34800
38136
34781
34801
38137
34782
34802
38138
34783
34803
38139
34784
34804
38140
34785
34805
38141
34786
34806
38142
34787
34807
38143
34788
34808
38144
34789
34809
38145
34790
34810
38146
34791
34811
38147
34792
34812
38148
34793
34813
38149
34794
34814
38150
34795
34815
38151
34816
38152
34797
34818
38155
34798
34819
38156
34799
34820
38157
34800
34821
38158
34801
34822
38159
34802
34823
38160
34803
34824
38161
34804
34825
38162
34805
34826
38163
34806
34827
38164
34807
34828
38165
34808
34829
38166
34809
34830
38167
34810
34831
38168
34811
34832
38169
34812
34833
38170
34813
34834
38171
34814
34835
38172
34815
34836
38173
34816
34837
38174
34817
34838
38175
34839
38176
34819
34840
38178
34820
34841
38179
34821
34842
38180
34822
34843
38181
34823
34844
38182
34824
34845
38183
34825
34846
38184
34826
34847
38185
34827
34848
38186
34828
34849
38187
34829
34850
38188
34830
34851
38189
34831
34852
38190
34832
34853
38191
34833
34854
38192
34834
34855
38193
34835
34856
38194
34836
34857
38195
34837
34858
38196
34838
34859
38197
34839
34860
38198
34861
38199
34841
34863
38201
34842
34864
38202
34843
34865
38203
34844
34866
38204
34845
34867
38205
34846
34868
38206
34847
34869
38207
34848
34870
38208
34849
34871
38209
34850
34872
38210
34851
34873
38211
34852
34874
38212
34853
34875
38213
34854
34876
38214
34855
34877
38215
34856
34878
38216
34857
34879
38217
34858
34880
38218
34859
34881
38219
34860
34882
38220
34861
34883
38221
34862
34884
38222
34885
38223
34864
34886
38225
34865
34887
38226
34866
34888
38227
34867
34889
38228
34868
34890
38229
34869
34891
38230
34870
34892
38231
34871
34893
38232
34872
34894
38233
34873
34895
38234
34874
34896
38235
34875
34897
38236
34876
34898
38237
34877
34899
38238
34878
34900
38239
34879
34901
38240
34880
34902
38241
34881
34903
38242
34882
34904
38243
34883
34905
38244
34884
34906
38245
34885
34907
38246
34908
38247
34887
34910
38249
34888
34911
38250
34889
34912
38251
34890
34913
38252
34891
34914
38253
34892
34915
38254
34893
34916
38255
34894
34917
38256
34895
34918
38257
34896
34919
38258
34897
34920
38259
34898
34921
38260
34899
34922
38261
34900
34923
38262
34901
34924
38263
34902
34925
38264
34903
34926
38265
34904
34927
38266
34905
34928
38267
34906
34929
38268
34907
34930
38269
34908
34931
38270
34909
34932
38271
34933
38272
34911
34935
38274
34912
34936
38275
34913
34937
38276
34914
34938
38277
34915
34939
38278
34916
34940
38279
34917
34941
38280
34918
34942
38281
34919
34943
38282
34920
34944
38283
34921
34945
38284
34922
34946
38285
34923
34947
38286
34924
34948
38287
34925
34949
38288
34926
34950
38289
34927
34951
38290
34928
34952
38291
34929
34953
38292
34930
34954
38293
34931
34955
38294
34932
34956
38295
34933
34957
38296
34934
34958
38297
34959
38298
34936
34960
38299
34937
34961
38300
34938
34962
38301
34939
34963
38302
34940
34964
38303
34941
34965
38304
34942
34966
38305
34943
34967
38306
34944
34968
38307
34945
34969
38308
34946
34970
38309
34947
34971
38310
34948
34972
38311
34949
34973
38312
34950
34974
38313
34951
34975
38314
34952
34976
38315
34953
34977
38316
34954
34978
38317
34955
34979
38318
34956
34980
38319
34957
34981
38320
34958
34982
38321
34959
34983
38322
34984
38323
34961
34986
38325
34962
34987
38326
34963
34988
38327
34964
34989
38328
34965
34990
38329
34966
34991
38330
34967
34992
38331
34968
34993
38332
34969
34994
38333
34970
34995
38334
34971
34996
38335
34972
34997
38336
34973
34998
38337
34974
34999
38338
34975
35000
38339
34976
35001
38340
34977
35002
38341
34978
35003
38342
34979
35004
38343
34980
35005
38344
34981
35006
38345
34982
35007
38346
34983
35008
38347
34984
35009
38348
34985
35010
38349
35011
38350
34987
35013
38352
34988
35014
38353
34989
35015
38354
34990
35016
38355
34991
35017
38356
34992
35018
38357
34993
35019
38358
34994
35020
38359
34995
35021
38360
34996
35022
38361
34997
35023
38362
34998
35024
38363
34999
35025
38364
35000
35026
38365
35001
35027
38366
35002
35028
38367
35003
35029
38368
35004
35030
38369
35005
35031
38370
35006
35032
38371
35007
35033
38372
35008
35034
38373
35009
35035
38374
35010
35036
38375
35011
35037
38376
35012
35038
38377
35039
38378
35014
35041
38380
35015
35042
38381
35016
35043
38382
35017
35044
38383
35018
35045
38384
35019
35046
38385
35020
35047
38386
35021
35048
38387
35022
35049
38388
35023
35050
38389
35024
35051
38390
35025
35052
38391
35026
35053
38392
35027
35054
38393
35028
35055
38394
35029
35056
38395
35030
35057
38396
35031
35058
38397
35032
35059
38398
35033
35060
38399
35034
35061
38400
35035
35062
38401
35036
35063
38402
35037
35064
38403
35038
35065
38404
35039
35066
38405
35040
35067
38406
35068
38407
35042
35070
38409
35043
35071
38410
35044
35072
38411
35045
35073
38412
35046
35074
38413
35047
35075
38414
35048
35076
38415
35049
35077
38416
35050
35078
38417
35051
35079
38418
35052
35080
38419
35053
35081
38420
35054
35082
38421
35055
35083
38422
35056
35084
38423
35057
35085
38424
35058
35086
38425
35059
35087
38426
35060
35088
38427
35061
35089
38428
35062
35090
38429
35063
35091
38430
35064
35092
38431
35065
35093
38432
35066
35094
38433
35067
35095
38434
35068
35096
38435
35069
35097
38436
35098
38437
35071
35100
38439
35072
35101
38440
35073
35102
38441
35074
35103
38442
35075
35104
38443
35076
35105
38444
35077
35106
38445
35078
35107
38446
35079
35108
38447
35080
35109
38448
35081
35110
38449
35082
35111
38450
35083
35112
38451
35084
35113
38452
35085
35114
38453
35086
35115
38454
35087
35116
38455
35088
35117
38456
35089
35118
38457
35090
35119
38458
35091
35120
38459
35092
35121
38460
35093
35122
38461
35094
35123
38462
35095
35124
38463
35096
35125
38464
35097
35126
38465
35098
35127
38466
35099
35128
38467
35129
38468
35101
35131
38470
35102
35132
38471
35103
35133
38472
35104
35134
38473
35105
35135
38474
35106
35136
38475
35107
35137
38476
35108
35138
38477
35109
35139
38478
35110
35140
38479
35111
35141
38480
35112
35142
38481
35113
35143
38482
35114
35144
38483
35115
35145
38484
35116
35146
38485
35117
35147
38486
35118
35148
38487
35119
35149
38488
35120
35150
38489
35121
35151
38490
35122
35152
38491
35123
35153
38492
35124
35154
38493
35125
35155
38494
35126
35156
38495
35127
35157
38496
35128
35158
38497
35129
35159
38498
35130
35160
38499
35161
38500
35132
35163
38502
35133
35164
38503
35134
35165
38504
35135
35166
38505
35136
35167
38506
35137
35168
38507
35138
35169
38508
35139
35170
38509
35140
35171
38510
35141
35172
38511
35142
35173
38512
35143
35174
38513
35144
35175
38514
35145
35176
38515
35146
35177
38516
35147
35178
38517
35148
35179
38518
35149
35180
38519
35150
35181
38520
35151
35182
38521
35152
35183
38522
35153
35184
38523
35154
35185
38524
35155
35186
38525
35156
35187
38526
35157
35188
38527
35158
35189
38528
35159
35190
38529
35160
35191
38530
35161
35192
38531
35162
35193
38532
35194
38533
35164
35196
38535
35165
35197
38536
35166
35198
38537
35167
35199
38538
35168
35200
38539
35169
35201
38540
35170
35202
38541
35171
35203
38542
35172
35204
38543
35173
35205
38544
35174
35206
38545
35175
35207
38546
35176
35208
38547
35177
35209
38548
35178
35210
38549
35179
35211
38550
35180
35212
38551
35181
35213
38552
35182
35214
38553
35183
35215
38554
35184
35216
38555
35185
35217
38556
35186
35218
38557
35187
35219
38558
35188
35220
38559
35189
35221
38560
35190
35222
38561
35191
35223
38562
35192
35224
38563
35193
35225
38564
35194
35226
38565
35195
35227
38566
35228
38567
35197
35230
38568
35198
35231
38569
35199
35232
38570
35200
35233
38571
35201
35234
38572
35202
35235
38573
35203
35236
38574
35204
35237
38575
35205
35238
38576
35206
35239
38577
35207
35240
38578
35208
35241
38579
35209
35242
38580
35210
35243
38581
35211
35244
38582
35212
35245
38583
35213
35246
38584
35214
35247
38585
35215
35248
38586
35216
35249
38587
35217
35250
38588
35218
35251
38589
35219
35252
38590
35220
35253
38591
35221
35254
38592
35222
35255
38593
35223
35256
38594
35224
35257
38595
35225
35258
38596
35226
35259
38597
35227
35260
38598
35228
35261
38599
35229
35262
38600
35263
38601
35231
35264
38602
35232
35265
38603
35233
35266
38604
35234
35267
38605
35235
35268
38606
35236
35269
38607
35237
35270
38608
35238
35271
38609
35239
35272
38610
35240
35273
38611
35241
35274
38612
35242
35275
38613
35243
35276
38614
35244
35277
38615
35245
35278
38616
35246
35279
38617
35247
35280
38618
35248
35281
38619
35249
35282
38620
35250
35283
38621
35251
35284
38622
35252
35285
38623
35253
35286
38624
35254
35287
38625
35255
35288
38626
35256
35289
38627
35257
35290
38628
35258
35291
38629
35259
35292
38630
35260
35293
38631
35261
35294
38632
35262
35295
38633
35263
35296
38634
35297
38635
35265
35299
38637
35266
35300
38638
35267
35301
38639
35268
35302
38640
35269
35303
38641
35270
35304
38642
35271
35305
38643
35272
35306
38644
35273
35307
38645
35274
35308
38646
35275
35309
38647
35276
35310
38648
35277
35311
38649
35278
35312
38650
35279
35313
38651
35280
35314
38652
35281
35315
38653
35282
35316
38654
35283
35317
38655
35284
35318
38656
35285
35319
38657
35286
35320
38658
35287
35321
38659
35288
35322
38660
35289
35323
38661
35290
35324
38662
35291
35325
38663
35292
35326
38664
35293
35327
38665
35294
35328
38666
35295
35329
38667
35296
35330
38668
35297
35331
38669
35298
35332
38670
35333
38671
35300
35334
38672
35301
35335
38673
35302
35336
38674
35303
35337
38675
35304
35338
38676
35305
35339
38677
35306
35340
38678
35307
35341
38679
35308
35342
38680
35309
35343
38681
35310
35344
38682
35311
35345
38683
35312
35346
38684
35313
35347
38685
35314
35348
38686
35315
35349
38687
35316
35350
38688
35317
35351
38689
35318
35352
38690
35319
35353
38691
35320
35354
38692
35321
35355
38693
35322
35356
38694
35323
35357
38695
35324
35358
38696
35325
35359
38697
35326
35360
38698
35327
35361
38699
35328
35362
38700
35329
35363
38701
35330
35364
38702
35331
35365
38703
35332
35366
38704
35333
35367
38705
35368
38706
35335
35370
38708
35336
35371
38709
35337
35372
38710
35338
35373
38711
35339
35374
38712
35340
35375
38713
35341
35376
38714
35342
35377
38715
35343
35378
38716
35344
35379
38717
35345
35380
38718
35346
35381
38719
35347
35382
38720
35348
35383
38721
35349
35384
38722
35350
35385
38723
35351
35386
38724
35352
35387
38725
35353
35388
38726
35354
35389
38727
35355
35390
38728
35356
35391
38729
35357
35392
38730
35358
35393
38731
35359
35394
38732
35360
35395
38733
35361
35396
38734
35362
35397
38735
35363
35398
38736
35364
35399
38737
35365
35400
38738
35366
35401
38739
35367
35402
38740
35368
35403
38741
35369
35404
38742
35405
38743
35371
35406
38744
35372
35407
38745
35373
35408
38746
35374
35409
38747
35375
35410
38748
35376
35411
38749
35377
35412
38750
35378
35413
38751
35379
35414
38752
35380
35415
38753
35381
35416
38754
35382
35417
38755
35383
35418
38756
35384
35419
38757
35385
35420
38758
35386
35421
38759
35387
35422
38760
35388
35423
38761
35389
35424
38762
35390
35425
38763
35391
35426
38764
35392
35427
38765
35393
35428
38766
35394
35429
38767
35395
35430
38768
35396
35431
38769
35397
35432
38770
35398
35433
38771
35399
35434
38772
35400
35435
38773
35401
35436
38774
35402
35437
38775
35403
35438
38776
35404
35439
38777
35405
35440
38778
35441
38779
35407
35443
38780
35408
35444
38781
35409
35445
38782
35410
35446
38783
35411
35447
38784
35412
35448
38785
35413
35449
38786
35414
35450
38787
35415
35451
38788
35416
35452
38789
35417
35453
38790
35418
35454
38791
35419
35455
38792
35420
35456
38793
35421
35457
38794
35422
35458
38795
35423
35459
38796
35424
35460
38797
35425
35461
38798
35426
35462
38799
35427
35463
38800
35428
35464
38801
35429
35465
38802
35430
35466
38803
35431
35467
38804
35432
35468
38805
35433
35469
38806
35434
35470
38807
35435
35471
38808
35436
35472
38809
35437
35473
38810
35438
35474
38811
35439
35475
38812
35440
35476
38813
35441
35477
38814
35442
35478
38815
35479
38816
35444
35480
38817
35445
35481
38818
35446
35482
38819
35447
35483
38820
35448
35484
38821
35449
35485
38822
35450
35486
38823
35451
35487
38824
35452
35488
38825
35453
35489
38826
35454
35490
38827
35455
35491
38828
35456
35492
38829
35457
35493
38830
35458
35494
38831
35459
35495
38832
35460
35496
38833
35461
35497
38834
35462
35498
38835
35463
35499
38836
35464
35500
38837
35465
35501
38838
35466
35502
38839
35467
35503
38840
35468
35504
38841
35469
35505
38842
35470
35506
38843
35471
35507
38844
35472
35508
38845
35473
35509
38846
35474
35510
38847
35475
35511
38848
35476
35512
38849
35477
35513
38850
35478
35514
38851
35479
35515
38852
35516
38853
35481
35517
38854
35482
35518
38855
35483
35519
38856
35484
35520
38857
35485
35521
38858
35486
35522
38859
35487
35523
38860
35488
35524
38861
35489
35525
38862
35490
35526
38863
35491
35527
38864
35492
35528
38865
35493
35529
38866
35494
35530
38867
35495
35531
38868
35496
35532
38869
35497
35533
38870
35498
35534
38871
35499
35535
38872
35500
35536
38873
35501
35537
38874
35502
35538
38875
35503
35539
38876
35504
35540
38877
35505
35541
38878
35506
35542
38879
35507
35543
38880
35508
35544
38881
35509
35545
38882
35510
35546
38883
35511
35547
38884
35512
35548
38885
35513
35549
38886
35514
35550
38887
35515
35551
38888
35516
35552
38889
35553
38890
35518
35519
35554
38891
35520
35555
38892
35521
35556
38893
35522
35557
38894
35523
35558
38895
35524
35559
38896
35525
35560
38897
35526
35561
38898
35527
35562
38899
35528
35563
38900
35529
35564
38901
35530
35565
38902
35531
35566
38903
35532
35567
38904
35533
35568
38905
35534
35569
38906
35535
35570
38907
35536
35571
38908
35537
35572
38909
35538
35573
38910
35539
35574
38911
35540
35575
38912
35541
35576
38913
35542
35577
38914
35543
35578
38915
35544
35579
38916
35545
35580
38917
35546
35581
38918
35547
35582
38919
35548
35583
38920
35549
35584
38921
35550
35585
38922
35551
35586
38923
35552
35587
38924
35553
35588
38925
35589
38926
35555
35591
38928
35556
35592
38929
35557
35593
38930
35558
35594
38931
35559
35595
38932
35560
35596
38933
35561
35597
38934
35562
35598
38935
35563
35599
38936
35564
35600
38937
35565
35601
38938
35566
35602
38939
35567
35603
38940
35568
35604
38941
35569
35605
38942
35570
35606
38943
35571
35607
38944
35572
35608
38945
35573
35609
38946
35574
35610
38947
35575
35611
38948
35576
35612
38949
35577
35613
38950
35578
35614
38951
35579
35615
38952
35580
35616
38953
35581
35617
38954
35582
35618
38955
35583
35619
38956
35584
35620
38957
35585
35621
38958
35586
35622
38959
35587
35623
38960
35588
35624
38961
35589
35625
38962
35590
35626
38963
35627
38964
35592
35628
38965
35593
35629
38966
35594
35630
38967
35595
35631
38968
35596
35632
38969
35597
35633
38970
35598
35634
38971
35599
35635
38972
35600
35636
38973
35601
35637
38974
35602
35638
38975
35603
35639
38976
35604
35640
38977
35605
35641
38978
35606
35642
38979
35607
35643
38980
35608
35644
38981
35609
35645
38982
35610
35646
38983
35611
35647
38984
35612
35648
38985
35613
35649
38986
35614
35650
38987
35615
35651
38988
35616
35652
38989
35617
35653
38990
35618
35654
38991
35619
35655
38992
35620
35656
38993
35621
35657
38994
35622
35658
38995
35623
35659
38996
35624
35660
38997
35625
35661
38998
35626
35662
38999
35627
35663
39000
35664
39001
35629
35665
35630
35666
39002
35631
35667
39003
35632
35668
39004
35633
35669
39005
35634
35670
39006
35635
35671
39007
35636
35672
39008
35637
35673
39009
35638
35674
39010
35639
35675
39011
35640
35676
39012
35641
35677
39013
35642
35678
39014
35643
35679
39015
35644
35680
39016
35645
35681
39017
35646
35682
39018
35647
35683
39019
35648
35684
39020
35649
35685
39021
35650
35686
39022
35651
35687
39023
35652
35688
39024
35653
35689
39025
35654
35690
39026
35655
35691
39027
35656
35692
39028
35657
35693
39029
35658
35694
39030
35659
35695
39031
35660
35696
39032
35661
35697
39033
35662
35698
39034
35663
35699
39035
35664
35700
39036
35701
39037
35666
35667
35702
39038
35668
35703
39039
35669
35704
39040
35670
35705
39041
35671
35706
39042
35672
35707
39043
35673
35708
39044
35674
35709
39045
35675
35710
39046
35676
35711
39047
35677
35712
39048
35678
35713
39049
35679
35714
39050
35680
35715
39051
35681
35716
39052
35682
35717
39053
35683
35718
39054
35684
35719
39055
35685
35720
39056
35686
35721
39057
35687
35722
39058
35688
35723
39059
35689
35724
39060
35690
35725
39061
35691
35726
39062
35692
35727
39063
35693
35728
39064
35694
35729
39065
35695
35730
39066
35696
35731
39067
35697
35732
39068
35698
35733
39069
35699
35734
39070
35700
35735
39071
35701
35736
39072
35737
39073
35703
35739
39075
35704
35740
39076
35705
35741
39077
35706
35742
39078
35707
35743
39079
35708
35744
39080
35709
35745
39081
35710
35746
39082
35711
35747
39083
35712
35748
39084
35713
35749
39085
35714
35750
39086
35715
35751
39087
35716
35752
39088
35717
35753
39089
35718
35754
39090
35719
35755
39091
35720
35756
39092
35721
35757
39093
35722
35758
39094
35723
35759
39095
35724
35760
39096
35725
35761
39097
35726
35762
39098
35727
35763
39099
35728
35764
39100
35729
35765
39101
35730
35766
39102
35731
35767
39103
35732
35768
39104
35733
35769
39105
35734
35770
39106
35735
35771
39107
35736
35772
39108
35737
35773
39109
35738
35774
39110
35775
39111
35740
35776
39112
35741
35777
39113
35742
35778
39114
35743
35779
39115
35744
35780
39116
35745
35781
39117
35746
35782
39118
35747
35783
39119
35748
35784
39120
35749
35785
39121
35750
35786
39122
35751
35787
39123
35752
35788
39124
35753
35789
39125
35754
35790
39126
35755
35791
39127
35756
35792
39128
35757
35793
39129
35758
35794
39130
35759
35795
39131
35760
35796
39132
35761
35797
39133
35762
35798
39134
35763
35799
39135
35764
35800
39136
35765
35801
39137
35766
35802
39138
35767
35803
39139
35768
35804
39140
35769
35805
39141
35770
35806
39142
35771
35807
39143
35772
35808
39144
35773
35809
39145
35774
35810
39146
35775
35811
39147
35812
39148
35777
35813
39149
35778
35814
39150
35779
35815
39151
35780
35816
39152
35781
35817
39153
35782
35818
39154
35783
35819
39155
35784
35820
39156
35785
35821
39157
35786
35822
39158
35787
35823
39159
35788
35824
39160
35789
35825
39161
35790
35826
39162
35791
35827
39163
35792
35828
39164
35793
35829
39165
35794
35830
39166
35795
35831
39167
35796
35832
39168
35797
35833
39169
35798
35834
39170
35799
35835
39171
35800
35836
39172
35801
35837
39173
35802
35838
39174
35803
35839
39175
35804
35840
39176
35805
35841
39177
35806
35842
39178
35807
35843
39179
35808
35844
39180
35809
35845
39181
35810
35846
39182
35811
35847
39183
35812
35848
39184
35849
39185
35814
35850
39186
35815
35851
39187
35816
35852
39188
35817
35853
39189
35818
35854
39190
35819
35855
39191
35820
35856
39192
35821
35857
39193
35822
35858
39194
35823
35859
39195
35824
35860
39196
35825
35861
39197
35826
35862
39198
35827
35863
39199
35828
35864
39200
35829
35865
39201
35830
35866
39202
35831
35867
39203
35832
35868
39204
35833
35869
39205
35834
35870
39206
35835
35871
39207
35836
35872
39208
35837
35873
39209
35838
35874
39210
35839
35875
39211
35840
35876
39212
35841
35877
39213
35842
35878
39214
35843
35879
39215
35844
35880
39216
35845
35881
39217
35846
35882
39218
35847
35883
39219
35848
35884
39220
35849
35885
39221
35886
39222
35851
35888
39224
35852
35889
39225
35853
35890
39226
35854
35891
39227
35855
35892
39228
35856
35893
39229
35857
35894
39230
35858
35895
39231
35859
35896
39232
35860
35897
39233
35861
35898
39234
35862
35899
39235
35863
35900
39236
35864
35901
39237
35865
35902
39238
35866
35903
39239
35867
35904
39240
35868
35905
39241
35869
35906
39242
35870
35907
39243
35871
35908
39244
35872
35909
39245
35873
35910
39246
35874
35911
39247
35875
35912
39248
35876
35913
39249
35877
35914
39250
35878
35915
39251
35879
35916
39252
35880
35917
39253
35881
35918
39254
35882
35919
39255
35883
35920
39256
35884
35921
39257
35885
35922
39258
35886
35923
39259
35887
35924
39260
35925
39261
35889
35926
39262
35890
35927
39263
35891
35928
39264
35892
35929
39265
35893
35930
39266
35894
35931
39267
35895
35932
39268
35896
35933
39269
35897
35934
39270
35898
35935
39271
35899
35936
39272
35900
35937
39273
35901
35938
39274
35902
35939
39275
35903
35940
39276
35904
35941
39277
35905
35942
39278
35906
35943
39279
35907
35944
39280
35908
35945
39281
35909
35946
39282
35910
35947
39283
35911
35948
39284
35912
35949
39285
35913
35950
39286
35914
35951
39287
35915
35952
39288
35916
35953
39289
35917
35954
39290
35918
35955
39291
35919
35956
39292
35920
35957
39293
35921
35958
39294
35922
35959
39295
35923
35960
39296
35924
35961
39297
35925
35962
39298
35963
39299
35927
35965
39300
35928
35966
39301
35929
35967
39302
35930
35968
39303
35931
35969
39304
35932
35970
39305
35933
35971
39306
35934
35972
39307
35935
35973
39308
35936
35974
39309
35937
35975
39310
35938
35976
39311
35939
35977
39312
35940
35978
39313
35941
35979
39314
35942
35980
39315
35943
35981
39316
35944
35982
39317
35945
35983
39318
35946
35984
39319
35947
35985
39320
35948
35986
39321
35949
35987
39322
35950
35988
39323
35951
35989
39324
35952
35990
39325
35953
35991
39326
35954
35992
39327
35955
35993
39328
35956
35994
39329
35957
35995
39330
35958
35996
39331
35959
35997
39332
35960
35998
39333
35961
35999
39334
35962
36000
39335
35963
36001
39336
35964
36002
39337
36003
39338
35966
36004
39339
35967
36005
39340
35968
36006
39341
35969
36007
39342
35970
36008
39343
35971
36009
39344
35972
36010
39345
35973
36011
39346
35974
36012
39347
35975
36013
39348
35976
36014
39349
35977
36015
39350
35978
36016
39351
35979
36017
39352
35980
36018
39353
35981
36019
39354
35982
36020
39355
35983
36021
39356
35984
36022
39357
35985
36023
39358
35986
36024
39359
35987
36025
39360
35988
36026
39361
35989
36027
39362
35990
36028
39363
35991
36029
39364
35992
36030
39365
35993
36031
39366
35994
36032
39367
35995
36033
39368
35996
36034
39369
35997
36035
39370
35998
36036
39371
35999
36037
39372
36000
36038
39373
36001
36039
39374
36002
36040
39375
36003
36041
39376
36042
39377
36005
36044
39378
36006
36045
39379
36007
36046
39380
36008
36047
39381
36009
36048
39382
36010
36049
39383
36011
36050
39384
36012
36051
39385
36013
36052
39386
36014
36053
39387
36015
36054
39388
36016
36055
39389
36017
36056
39390
36018
36057
39391
36019
36058
39392
36020
36059
39393
36021
36060
39394
36022
36061
39395
36023
36062
39396
36024
36063
39397
36025
36064
39398
36026
36065
39399
36027
36066
39400
36028
36067
39401
36029
36068
39402
36030
36069
39403
36031
36070
39404
36032
36071
39405
36033
36072
39406
36034
36073
39407
36035
36074
39408
36036
36075
39409
36037
36076
39410
36038
36077
39411
36039
36078
39412
36040
36079
39413
36041
36080
39414
36042
36081
39415
36043
36082
39416
36083
39417
36045
36084
39418
36046
36085
39419
36047
36086
39420
36048
36087
39421
36049
36088
39422
36050
36089
39423
36051
36090
39424
36052
36091
39425
36053
36092
39426
36054
36093
39427
36055
36094
39428
36056
36095
39429
36057
36096
39430
36058
36097
39431
36059
36098
39432
36060
36099
39433
36061
36100
39434
36062
36101
39435
36063
36102
39436
36064
36103
39437
36065
36104
39438
36066
36105
39439
36067
36106
39440
36068
36107
39441
36069
36108
39442
36070
36109
39443
36071
36110
39444
36072
36111
39445
36073
36112
39446
36074
36113
39447
36075
36114
39448
36076
36115
39449
36077
36116
39450
36078
36117
39451
36079
36118
39452
36080
36119
39453
36081
36120
39454
36082
36121
39455
36083
36122
39456
36123
39457
36085
36125
39458
36086
36126
39459
36087
36127
39460
36088
36128
39461
36089
36129
39462
36090
36130
39463
36091
36131
39464
36092
36132
39465
36093
36133
39466
36094
36134
39467
36095
36135
39468
36096
36136
39469
36097
36137
39470
36098
36138
39471
36099
36139
39472
36100
36140
39473
36101
36141
39474
36102
36142
39475
36103
36143
39476
36104
36144
39477
36105
36145
39478
36106
36146
39479
36107
36147
39480
36108
36148
39481
36109
36149
39482
36110
36150
39483
36111
36151
39484
36112
36152
39485
36113
36153
39486
36114
36154
39487
36115
36155
39488
36116
36156
39489
36117
36157
39490
36118
36158
39491
36119
36159
39492
36120
36160
39493
36121
36161
39494
36122
36162
39495
36123
36163
39496
36124
36164
39497
36165
39498
36126
36166
39499
36127
36167
39500
36128
36168
39501
36129
36169
39502
36130
36170
39503
36131
36171
39504
36132
36172
39505
36133
36173
39506
36134
36174
39507
36135
36175
39508
36136
36176
39509
36137
36177
39510
36138
36178
39511
36139
36179
39512
36140
36180
39513
36141
36181
39514
36142
36182
39515
36143
36183
39516
36144
36184
39517
36145
36185
39518
36146
36186
39519
36147
36187
39520
36148
36188
39521
36149
36189
39522
36150
36190
39523
36151
36191
39524
36152
36192
39525
36153
36193
39526
36154
36194
39527
36155
36195
39528
36156
36196
39529
36157
36197
39530
36158
36198
39531
36159
36199
39532
36160
36200
39533
36161
36201
39534
36162
36202
39535
36163
36203
39536
36164
36204
39537
36165
36205
39538
36206
39539
36167
36208
39541
36168
36209
39542
36169
36210
39543
36170
36211
39544
36171
36212
39545
36172
36213
39546
36173
36214
39547
36174
36215
39548
36175
36216
39549
36176
36217
39550
36177
36218
39551
36178
36219
39552
36179
36220
39553
36180
36221
39554
36181
36222
39555
36182
36223
39556
36183
36224
39557
36184
36225
39558
36185
36226
39559
36186
36227
39560
36187
36228
39561
36188
36229
39562
36189
36230
39563
36190
36231
39564
36191
36232
39565
36192
36233
39566
36193
36234
39567
36194
36235
39568
36195
36236
39569
36196
36237
39570
36197
36238
39571
36198
36239
39572
36199
36240
39573
36200
36241
39574
36201
36242
39575
36202
36243
39576
36203
36244
39577
36204
36245
39578
36205
36246
39579
36206
36247
39580
36207
36248
39581
36249
39582
36209
36251
39583
36210
36252
39584
36211
36253
39585
36212
36254
39586
36213
36255
39587
36214
36256
39588
36215
36257
39589
36216
36258
39590
36217
36259
39591
36218
36260
39592
36219
36261
39593
36220
36262
39594
36221
36263
39595
36222
36264
39596
36223
36265
39597
36224
36266
39598
36225
36267
39599
36226
36268
39600
36227
36269
39601
36228
36270
39602
36229
36271
39603
36230
36272
39604
36231
36273
39605
36232
36274
39606
36233
36275
39607
36234
36276
39608
36235
36277
39609
36236
36278
39610
36237
36279
39611
36238
36280
39612
36239
36281
39613
36240
36282
39614
36241
36283
39615
36242
36284
39616
36243
36285
39617
36244
36286
39618
36245
36287
39619
36246
36288
39620
36247
36289
39621
36248
36290
39622
36249
36291
39623
36250
36292
39624
36293
39625
36252
36253
36295
39626
36254
36296
39627
36255
36297
39628
36256
36298
39629
36257
36299
39630
36258
36300
39631
36259
36301
39632
36260
36302
39633
36261
36303
39634
36262
36304
39635
36263
36305
39636
36264
36306
39637
36265
36307
39638
36266
36308
39639
36267
36309
39640
36268
36310
39641
36269
36311
39642
36270
36312
39643
36271
36313
39644
36272
36314
39645
36273
36315
39646
36274
36316
39647
36275
36317
39648
36276
36318
39649
36277
36319
39650
36278
36320
39651
36279
36321
39652
36280
36322
39653
36281
36323
39654
36282
36324
39655
36283
36325
39656
36284
36326
39657
36285
36327
39658
36286
36328
39659
36287
36329
39660
36288
36330
39661
36289
36331
39662
36290
36332
39663
36291
36333
39664
36292
36334
39665
36293
36335
39666
36294
36336
39667
36337
39668
36296
36340
39669
36297
36341
39670
36298
36342
39671
36299
36343
39672
36300
36344
39673
36301
36345
39674
36302
36346
39675
36303
36347
39676
36304
36348
39677
36305
36349
39678
36306
36350
39679
36307
36351
39680
36308
36352
39681
36309
36353
39682
36310
36354
39683
36311
36355
39684
36312
36356
39685
36313
36357
39686
36314
36358
39687
36315
36359
39688
36316
36360
39689
36317
36361
39690
36318
36362
39691
36319
36363
39692
36320
36364
39693
36321
36365
39694
36322
36366
39695
36323
36367
39696
36324
36368
39697
36325
36369
39698
36326
36370
39699
36327
36371
39700
36328
36372
39701
36329
36373
39702
36330
36374
39703
36331
36375
39704
36332
36376
39705
36333
36377
39706
36334
36378
39707
36335
36379
39708
36336
36380
39709
36337
36381
39710
36338
36382
39711
36339
36383
39712
36384
39713
36341
36385
39714
36342
36386
39715
36343
36387
39716
36344
36388
39717
36345
36389
39718
36346
36390
39719
36347
36391
39720
36348
36392
39721
36349
36393
39722
36350
36394
39723
36351
36395
39724
36352
36396
39725
36353
36397
39726
36354
36398
39727
36355
36399
39728
36356
36400
39729
36357
36401
39730
36358
36402
39731
36359
36403
39732
36360
36404
39733
36361
36405
39734
36362
36406
39735
36363
36407
39736
36364
36408
39737
36365
36409
39738
36366
36410
39739
36367
36411
39740
36368
36412
39741
36369
36413
39742
36370
36414
39743
36371
36415
39744
36372
36416
39745
36373
36417
39746
36374
36418
39747
36375
36419
39748
36376
36420
39749
36377
36421
39750
36378
36422
39751
36379
36423
39752
36380
36424
39753
36381
36425
39754
36382
36426
39755
36383
36427
39756
36384
36428
39757
36429
39758
36386
36430
39759
36387
36431
39760
36388
36432
39761
36389
36433
39762
36390
36434
39763
36391
36435
39764
36392
36436
39765
36393
36437
39766
36394
36438
39767
36395
36439
39768
36396
36440
39769
36397
36441
39770
36398
36442
39771
36399
36443
39772
36400
36444
39773
36401
36445
39774
36402
36446
39775
36403
36447
39776
36404
36448
39777
36405
36449
39778
36406
36450
39779
36407
36451
39780
36408
36452
39781
36409
36453
39782
36410
36454
39783
36411
36455
39784
36412
36456
39785
36413
36457
39786
36414
36458
39787
36415
36459
39788
36416
36460
39789
36417
36461
39790
36418
36462
39791
36419
36463
39792
36420
36464
39793
36421
36465
39794
36422
36466
39795
36423
36467
39796
36424
36468
39797
36425
36469
39798
36426
36470
39799
36427
36471
39800
36428
36472
39801
36429
36473
39802
36474
39803
36431
36475
39804
36432
36476
39805
36433
36477
39806
36434
36478
39807
36435
36479
39808
36436
36480
39809
36437
36481
39810
36438
36482
39811
36439
36483
39812
36440
36484
39813
36441
36485
39814
36442
36486
39815
36443
36487
39816
36444
36488
39817
36445
36489
39818
36446
36490
39819
36447
36491
39820
36448
36492
39821
36449
36493
39822
36450
36494
39823
36451
36495
39824
36452
36496
39825
36453
36497
39826
36454
36498
39827
36455
36499
39828
36456
36500
39829
36457
36501
39830
36458
36502
39831
36459
36503
39832
36460
36504
39833
36461
36505
39834
36462
36506
39835
36463
36507
39836
36464
36508
39837
36465
36509
39838
36466
36510
39839
36467
36511
39840
36468
36512
39841
36469
36513
39842
36470
36514
39843
36471
36515
39844
36472
36516
39845
36473
36517
39846
36474
36518
39847
36519
39848
36476
36520
39849
36477
36521
39850
36478
36522
39851
36479
36523
39852
36480
36524
39853
36481
36525
39854
36482
36526
39855
36483
36527
39856
36484
36528
39857
36485
36529
39858
36486
36530
39859
36487
36531
39860
36488
36532
39861
36489
36533
39862
36490
36534
39863
36491
36535
39864
36492
36536
39865
36493
36537
39866
36494
36538
39867
36495
36539
39868
36496
36540
39869
36497
36541
39870
36498
36542
39871
36499
36543
39872
36500
36544
39873
36501
36545
39874
36502
36546
39875
36503
36547
39876
36504
36548
39877
36505
36549
39878
36506
36550
39879
36507
36551
39880
36508
36552
39881
36509
36553
39882
36510
36554
39883
36511
36555
39884
36512
36556
39885
36513
36557
39886
36514
36558
39887
36515
36559
39888
36516
36560
39889
36517
36561
39890
36518
36562
39891
36519
36563
39892
36564
39893
36521
36565
39894
36522
36566
39895
36523
36567
39896
36524
36568
39897
36525
36569
39898
36526
36570
39899
36527
36571
39900
36528
36572
39901
36529
36573
39902
36530
36574
39903
36531
36575
39904
36532
36576
39905
36533
36577
39906
36534
36578
39907
36535
36579
39908
36536
36580
39909
36537
36581
39910
36538
36582
39911
36539
36583
39912
36540
36584
39913
36541
36585
39914
36542
36586
39915
36543
36587
39916
36544
36588
39917
36545
36589
39918
36546
36590
39919
36547
36591
39920
36548
36592
39921
36549
36593
39922
36550
36594
39923
36551
36595
39924
36552
36596
39925
36553
36597
39926
36554
36598
39927
36555
36599
39928
36556
36600
39929
36557
36601
39930
36558
36602
39931
36559
36603
39932
36560
36604
39933
36561
36605
39934
36562
36606
39935
36563
36607
39936
36564
36608
39937
36609
39938
36566
36610
39939
36567
36611
39940
36568
36612
39941
36569
36613
39942
36570
36614
39943
36571
36615
39944
36572
36616
39945
36573
36617
39946
36574
36618
39947
36575
36619
39948
36576
36620
39949
36577
36621
39950
36578
36622
39951
36579
36623
39952
36580
36624
39953
36581
36625
39954
36582
36626
39955
36583
36627
39956
36584
36628
39957
36585
36629
39958
36586
36630
39959
36587
36631
39960
36588
36632
39961
36589
36633
39962
36590
36634
39963
36591
36635
39964
36592
36636
39965
36593
36637
39966
36594
36638
39967
36595
36639
39968
36596
36640
39969
36597
36641
39970
36598
36642
39971
36599
36643
39972
36600
36644
39973
36601
36645
39974
36602
36646
39975
36603
36647
39976
36604
36648
39977
36605
36649
39978
36606
36650
39979
36607
36651
39980
36608
36652
39981
36609
36653
39982
36654
39983
36611
36655
39984
36612
36656
39985
36613
36657
39986
36614
36658
39987
36615
36659
39988
36616
36660
39989
36617
36661
39990
36618
36662
39991
36619
36663
39992
36620
36664
39993
36621
36665
39994
36622
36666
39995
36623
36667
39996
36624
36668
39997
36625
36669
39998
36626
36670
39999
36627
36671
40000
36628
36672
40001
36629
36673
40002
36630
36674
40003
36631
36675
40004
36632
36676
40005
36633
36677
40006
36634
36678
40007
36635
36679
40008
36636
36680
40009
36637
36681
40010
36638
36682
40011
36639
36683
40012
36640
36684
40013
36641
36685
40014
36642
36686
40015
36643
36687
40016
36644
36688
40017
36645
36689
40018
36646
36690
40019
36647
36691
40020
36648
36692
40021
36649
36693
40022
36650
36694
40023
36651
36695
40024
36652
36696
40025
36653
36697
40026
36654
36698
40027
36699
40028
36656
36700
40029
36657
36701
40030
36658
36702
40031
36659
36703
40032
36660
36704
40033
36661
36705
40034
36662
36706
40035
36663
36707
40036
36664
36708
40037
36665
36709
40038
36666
36710
40039
36667
36711
40040
36668
36712
40041
36669
36713
40042
36670
36714
40043
36671
36715
40044
36672
36716
40045
36673
36717
40046
36674
36718
40047
36675
36719
40048
36676
36720
40049
36677
36721
40050
36678
36722
40051
36679
36723
40052
36680
36724
40053
36681
36725
40054
36682
36726
40055
36683
36727
40056
36684
36728
40057
36685
36729
40058
36686
36730
40059
36687
36731
40060
36688
36732
40061
36689
36733
40062
36690
36734
40063
36691
36735
40064
36692
36736
40065
36693
36737
40066
36694
36738
40067
36695
36739
40068
36696
36740
40069
36697
36741
40070
36698
36742
40071
36699
36743
40072
36744
40073
36701
36745
40074
36702
36746
40075
36703
36747
40076
36704
36748
40077
36705
36749
40078
36706
36750
40079
36707
36751
40080
36708
36752
40081
36709
36753
40082
36710
36754
40083
36711
36755
40084
36712
36756
40085
36713
36757
40086
36714
36758
40087
36715
36759
40088
36716
36760
40089
36717
36761
40090
36718
36762
40091
36719
36763
40092
36720
36764
40093
36721
36765
40094
36722
36766
40095
36723
36767
40096
36724
36768
40097
36725
36769
40098
36726
36770
40099
36727
36771
40100
36728
36772
40101
36729
36773
40102
36730
36774
40103
36731
36775
40104
36732
36776
40105
36733
36777
40106
36734
36778
40107
36735
36779
40108
36736
36780
40109
36737
36781
40110
36738
36782
40111
36739
36783
40112
36740
36784
40113
36741
36785
40114
36742
36786
40115
36743
36787
40116
36744
36788
40117
36789
40118
36746
36790
40119
36747
36791
40120
36748
36792
40121
36749
36793
40122
36750
36794
40123
36751
36795
40124
36752
36796
40125
36753
36797
40126
36754
36798
40127
36755
36799
40128
36756
36800
40129
36757
36801
40130
36758
36802
40131
36759
36803
40132
36760
36804
40133
36761
36805
40134
36762
36806
40135
36763
36807
40136
36764
36808
40137
36765
36809
40138
36766
36810
40139
36767
36811
40140
36768
36812
40141
36769
36813
40142
36770
36814
40143
36771
36815
40144
36772
36816
40145
36773
36817
40146
36774
36818
40147
36775
36819
40148
36776
36820
40149
36777
36821
40150
36778
36822
40151
36779
36823
40152
36780
36824
40153
36781
36825
40154
36782
36826
40155
36783
36827
40156
36784
36828
40157
36785
36829
40158
36786
36830
40159
36787
36831
40160
36788
36832
40161
36789
36833
40162
36834
40163
36791
36835
40164
36792
36836
40165
36793
36837
40166
36794
36838
40167
36795
36839
40168
36796
36840
40169
36797
36841
40170
36798
36842
40171
36799
36843
40172
36800
36844
40173
36801
36845
40174
36802
36846
40175
36803
36847
40176
36804
36848
40177
36805
36849
40178
36806
36850
40179
36807
36851
40180
36808
36852
40181
36809
36853
40182
36810
36854
40183
36811
36855
40184
36812
36856
40185
36813
36857
40186
36814
36858
40187
36815
36859
40188
36816
36860
40189
36817
36861
40190
36818
36862
40191
36819
36863
40192
36820
36864
40193
36821
36865
40194
36822
36866
40195
36823
36867
40196
36824
36868
40197
36825
36869
40198
36826
36870
40199
36827
36871
40200
36828
36872
40201
36829
36873
40202
36830
36874
40203
36831
36875
40204
36832
36876
40205
36833
36877
40206
36834
36878
40207
36879
40208
36836
36880
40209
36837
36881
40210
36838
36882
40211
36839
36883
40212
36840
36884
40213
36841
36885
40214
36842
36886
40215
36843
36887
40216
36844
36888
40217
36845
36889
40218
36846
36890
40219
36847
36891
40220
36848
36892
40221
36849
36893
40222
36850
36894
40223
36851
36895
40224
36852
36896
40225
36853
36897
40226
36854
36898
40227
36855
36899
40228
36856
36900
40229
36857
36901
40230
36858
36902
40231
36859
36903
40232
36860
36904
40233
36861
36905
40234
36862
36906
40235
36863
36907
40236
36864
36908
40237
36865
36909
40238
36866
36910
40239
36867
36911
40240
36868
36912
40241
36869
36913
40242
36870
36914
40243
36871
36915
40244
36872
36916
40245
36873
36917
40246
36874
36918
40247
36875
36919
40248
36876
36920
40249
36877
36921
40250
36878
36922
40251
36879
36923
40252
36924
40253
36881
36925
40254
36882
36926
40255
36883
36927
40256
36884
36928
40257
36885
36929
40258
36886
36930
40259
36887
36931
40260
36888
36932
40261
36889
36933
40262
36890
36934
40263
36891
36935
40264
36892
36936
40265
36893
36937
40266
36894
36938
40267
36895
36939
40268
36896
36940
40269
36897
36941
40270
36898
36942
40271
36899
36943
40272
36900
36944
40273
36901
36945
40274
36902
36946
40275
36903
36947
40276
36904
36948
40277
36905
36949
40278
36906
36950
40279
36907
36951
40280
36908
36952
40281
36909
36953
40282
36910
36954
40283
36911
36955
40284
36912
36956
40285
36913
36957
40286
36914
36958
40287
36915
36959
40288
36916
36960
40289
36917
36961
40290
36918
36962
40291
36919
36963
40292
36920
36964
40293
36921
36965
40294
36922
36966
40295
36923
36967
40296
36924
36968
40297
36969
40298
36926
36970
40299
36927
36971
40300
36928
36972
40301
36929
36973
40302
36930
36974
40303
36931
36975
40304
36932
36976
40305
36933
36977
40306
36934
36978
40307
36935
36979
40308
36936
36980
40309
36937
36981
40310
36938
36982
40311
36939
36983
40312
36940
36984
40313
36941
36985
40314
36942
36986
40315
36943
36987
40316
36944
36988
40317
36945
36989
40318
36946
36990
40319
36947
36991
40320
36948
36992
40321
36949
36993
40322
36950
36994
40323
36951
36995
40324
36952
36996
40325
36953
36997
40326
36954
36998
40327
36955
36999
40328
36956
37000
40329
36957
37001
40330
36958
37002
40331
36959
37003
40332
36960
37004
40333
36961
37005
40334
36962
37006
40335
36963
37007
40336
36964
37008
40337
36965
37009
40338
36966
37010
40339
36967
37011
40340
36968
37012
40341
36969
37013
40342
37014
40343
36971
37015
40344
36972
37016
40345
36973
37017
40346
36974
37018
40347
36975
37019
40348
36976
37020
40349
36977
37021
40350
36978
37022
40351
36979
37023
40352
36980
37024
40353
36981
37025
40354
36982
37026
40355
36983
37027
40356
36984
37028
40357
36985
37029
40358
36986
37030
40359
36987
37031
40360
36988
37032
40361
36989
37033
40362
36990
37034
40363
36991
37035
40364
36992
37036
40365
36993
37037
40366
36994
37038
40367
36995
37039
40368
36996
37040
40369
36997
37041
40370
36998
37042
40371
36999
37043
40372
37000
37044
40373
37001
37045
40374
37002
37046
40375
37003
37047
40376
37004
37048
40377
37005
37049
40378
37006
37050
40379
37007
37051
40380
37008
37052
40381
37009
37053
40382
37010
37054
40383
37011
37055
40384
37012
37056
40385
37013
37057
40386
37014
37058
40387
37059
40388
37016
37060
40389
37017
37061
40390
37018
37062
40391
37019
37063
40392
37020
37064
40393
37021
37065
40394
37022
37066
40395
37023
37067
40396
37024
37068
40397
37025
37069
40398
37026
37070
40399
37027
37071
40400
37028
37072
40401
37029
37073
40402
37030
37074
40403
37031
37075
40404
37032
37076
40405
37033
37077
40406
37034
37078
40407
37035
37079
40408
37036
37080
40409
37037
37081
40410
37038
37082
40411
37039
37083
40412
37040
37084
40413
37041
37085
40414
37042
37086
40415
37043
37087
40416
37044
37088
40417
37045
37089
40418
37046
37090
40419
37047
37091
40420
37048
37092
40421
37049
37093
40422
37050
37094
40423
37051
37095
40424
37052
37096
40425
37053
37097
40426
37054
37098
40427
37055
37099
40428
37056
37100
40429
37057
37101
40430
37058
37102
40431
37059
37103
40432
37104
40433
37061
37105
40434
37062
37106
40435
37063
37107
40436
37064
37108
40437
37065
37109
40438
37066
37110
40439
37067
37111
40440
37068
37112
40441
37069
37113
40442
37070
37114
40443
37071
37115
40444
37072
37116
40445
37073
37117
40446
37074
37118
40447
37075
37119
40448
37076
37120
40449
37077
37121
40450
37078
37122
40451
37079
37123
40452
37080
37124
40453
37081
37125
40454
37082
37126
40455
37083
37127
40456
37084
37128
40457
37085
37129
40458
37086
37130
40459
37087
37131
40460
37088
37132
40461
37089
37133
40462
37090
37134
40463
37091
37135
40464
37092
37136
40465
37093
37137
40466
37094
37138
40467
37095
37139
40468
37096
37140
40469
37097
37141
40470
37098
37142
40471
37099
37143
40472
37100
37144
40473
37101
37145
40474
37102
37146
40475
37103
37147
40476
37104
37148
40477
37149
40478
37106
37151
40479
37107
37152
40480
37108
37153
40481
37109
37154
40482
37110
37155
40483
37111
37156
40484
37112
37157
40485
37113
37158
40486
37114
37159
40487
37115
37160
40488
37116
37161
40489
37117
37162
40490
37118
37163
40491
37119
37164
40492
37120
37165
40493
37121
37166
40494
37122
37167
40495
37123
37168
40496
37124
37169
40497
37125
37170
40498
37126
37171
40499
37127
37172
40500
37128
37173
40501
37129
37174
40502
37130
37175
40503
37131
37176
40504
37132
37177
40505
37133
37178
40506
37134
37179
40507
37135
37180
40508
37136
37181
40509
37137
37182
40510
37138
37183
40511
37139
37184
40512
37140
37185
40513
37141
37186
40514
37142
37187
40515
37143
37188
40516
37144
37189
40517
37145
37190
40518
37146
37191
40519
37147
37192
40520
37148
37193
40521
37149
37194
40522
37195
40523
37151
37196
37152
37197
40524
37153
37198
40525
37154
37199
40526
37155
37200
40527
37156
37201
40528
37157
37202
40529
37158
37203
40530
37159
37204
40531
37160
37205
40532
37161
37206
40533
37162
37207
40534
37163
37208
40535
37164
37209
40536
37165
37210
40537
37166
37211
40538
37167
37212
40539
37168
37213
40540
37169
37214
40541
37170
37215
40542
37171
37216
40543
37172
37217
40544
37173
37218
40545
37174
37219
40546
37175
37220
40547
37176
37221
40548
37177
37222
40549
37178
37223
40550
37179
37224
40551
37180
37225
40552
37181
37226
40553
37182
37227
40554
37183
37228
40555
37184
37229
40556
37185
37230
40557
37186
37231
40558
37187
37232
40559
37188
37233
40560
37189
37234
40561
37190
37235
40562
37191
37236
40563
37192
37237
40564
37193
37238
40565
37194
37239
40566
37195
37240
40567
37241
40568
37197
37242
40569
37198
37243
40570
37199
37244
40571
37200
37245
40572
37201
37246
40573
37202
37247
40574
37203
37248
40575
37204
37249
40576
37205
37250
40577
37206
37251
40578
37207
37252
40579
37208
37253
40580
37209
37254
40581
37210
37255
40582
37211
37256
40583
37212
37257
40584
37213
37258
40585
37214
37259
40586
37215
37260
40587
37216
37261
40588
37217
37262
40589
37218
37263
40590
37219
37264
40591
37220
37265
40592
37221
37266
40593
37222
37267
40594
37223
37268
40595
37224
37269
40596
37225
37270
40597
37226
37271
40598
37227
37272
40599
37228
37273
40600
37229
37274
40601
37230
37275
40602
37231
37276
40603
37232
37277
40604
37233
37278
40605
37234
37279
40606
37235
37280
40607
37236
37281
40608
37237
37282
40609
37238
37283
40610
37239
37284
40611
37240
37285
40612
37241
37286
40613
37287
40614
37243
37288
40615
37244
37289
40616
37245
37290
40617
37246
37291
40618
37247
37292
40619
37248
37293
40620
37249
37294
40621
37250
37295
40622
37251
37296
40623
37252
37297
40624
37253
37298
40625
37254
37299
40626
37255
37300
40627
37256
37301
40628
37257
37302
40629
37258
37303
40630
37259
37304
40631
37260
37305
40632
37261
37306
40633
37262
37307
40634
37263
37308
40635
37264
37309
40636
37265
37310
40637
37266
37311
40638
37267
37312
40639
37268
37313
40640
37269
37314
40641
37270
37315
40642
37271
37316
40643
37272
37317
40644
37273
37318
40645
37274
37319
40646
37275
37320
40647
37276
37321
40648
37277
37322
40649
37278
37323
40650
37279
37324
40651
37280
37325
40652
37281
37326
40653
37282
37327
40654
37283
37328
40655
37284
37329
40656
37285
37330
40657
37286
37331
40658
37287
37332
40659
37333
40660
37289
37334
40661
37290
37335
40662
37291
37336
40663
37292
37337
40664
37293
37338
40665
37294
37339
40666
37295
37340
40667
37296
37341
40668
37297
37342
40669
37298
37343
40670
37299
37344
40671
37300
37345
40672
37301
37346
40673
37302
37347
40674
37303
37348
40675
37304
37349
40676
37305
37350
40677
37306
37351
40678
37307
37352
40679
37308
37353
40680
37309
37354
40681
37310
37355
40682
37311
37356
40683
37312
37357
40684
37313
37358
40685
37314
37359
40686
37315
37360
40687
37316
37361
40688
37317
37362
40689
37318
37363
40690
37319
37364
40691
37320
37365
40692
37321
37366
40693
37322
37367
40694
37323
37368
40695
37324
37369
40696
37325
37370
40697
37326
37371
40698
37327
37372
40699
37328
37373
40700
37329
37374
40701
37330
37375
40702
37331
37376
40703
37332
37377
40704
37333
37378
40705
37379
40706
37335
37381
40707
37336
37382
40708
37337
37383
40709
37338
37384
40710
37339
37385
40711
37340
37386
40712
37341
37387
40713
37342
37388
40714
37343
37389
40715
37344
37390
40716
37345
37391
40717
37346
37392
40718
37347
37393
40719
37348
37394
40720
37349
37395
40721
37350
37396
40722
37351
37397
40723
37352
37398
40724
37353
37399
40725
37354
37400
40726
37355
37401
40727
37356
37402
40728
37357
37403
40729
37358
37404
40730
37359
37405
40731
37360
37406
40732
37361
37407
40733
37362
37408
40734
37363
37409
40735
37364
37410
40736
37365
37411
40737
37366
37412
40738
37367
37413
40739
37368
37414
40740
37369
37415
40741
37370
37416
40742
37371
37417
40743
37372
37418
40744
37373
37419
40745
37374
37420
40746
37375
37421
40747
37376
37422
40748
37377
37423
40749
37378
37424
40750
37379
37425
40751
37426
40752
37381
37427
37382
37428
40753
37383
37429
40754
37384
37430
40755
37385
37431
40756
37386
37432
40757
37387
37433
40758
37388
37434
40759
37389
37435
40760
37390
37436
40761
37391
37437
40762
37392
37438
40763
37393
37439
40764
37394
37440
40765
37395
37441
40766
37396
37442
40767
37397
37443
40768
37398
37444
40769
37399
37445
40770
37400
37446
40771
37401
37447
40772
37402
37448
40773
37403
37449
40774
37404
37450
40775
37405
37451
40776
37406
37452
40777
37407
37453
40778
37408
37454
40779
37409
37455
40780
37410
37456
40781
37411
37457
40782
37412
37458
40783
37413
37459
40784
37414
37460
40785
37415
37461
40786
37416
37462
40787
37417
37463
40788
37418
37464
40789
37419
37465
40790
37420
37466
40791
37421
37467
40792
37422
37468
40793
37423
37469
40794
37424
37470
40795
37425
37471
40796
37426
37472
40797
37473
40798
37428
37475
40799
37429
37476
40800
37430
37477
40801
37431
37478
40802
37432
37479
40803
37433
37480
40804
37434
37481
40805
37435
37482
40806
37436
37483
40807
37437
37484
40808
37438
37485
40809
37439
37486
40810
37440
37487
40811
37441
37488
40812
37442
37489
40813
37443
37490
40814
37444
37491
40815
37445
37492
40816
37446
37493
40817
37447
37494
40818
37448
37495
40819
37449
37496
40820
37450
37497
40821
37451
37498
40822
37452
37499
40823
37453
37500
40824
37454
37501
40825
37455
37502
40826
37456
37503
40827
37457
37504
40828
37458
37505
40829
37459
37506
40830
37460
37507
40831
37461
37508
40832
37462
37509
40833
37463
37510
40834
37464
37511
40835
37465
37512
40836
37466
37513
40837
37467
37514
40838
37468
37515
40839
37469
37516
40840
37470
37517
40841
37471
37518
40842
37472
37519
40843
37473
37520
40844
37521
40845
37475
37522
40846
37476
37523
40847
37477
37524
40848
37478
37525
40849
37479
37526
40850
37480
37527
40851
37481
37528
40852
37482
37529
40853
37483
37530
40854
37484
37531
40855
37485
37532
40856
37486
37533
40857
37487
37534
40858
37488
37535
40859
37489
37536
40860
37490
37537
40861
37491
37538
40862
37492
37539
40863
37493
37540
40864
37494
37541
40865
37495
37542
40866
37496
37543
40867
37497
37544
40868
37498
37545
40869
37499
37546
40870
37500
37547
40871
37501
37548
40872
37502
37549
40873
37503
37550
40874
37504
37551
40875
37505
37552
40876
37506
37553
40877
37507
37554
40878
37508
37555
40879
37509
37556
40880
37510
37557
40881
37511
37558
40882
37512
37559
40883
37513
37560
40884
37514
37561
40885
37515
37562
40886
37516
37563
40887
37517
37564
40888
37518
37565
40889
37519
37566
40890
37520
37567
40891
37521
37568
40892
37569
40893
37523
37570
40894
37524
37571
40895
37525
37572
40896
37526
37573
40897
37527
37574
40898
37528
37575
40899
37529
37576
40900
37530
37577
40901
37531
37578
40902
37532
37579
40903
37533
37580
40904
37534
37581
40905
37535
37582
40906
37536
37583
40907
37537
37584
40908
37538
37585
40909
37539
37586
40910
37540
37587
40911
37541
37588
40912
37542
37589
40913
37543
37590
40914
37544
37591
40915
37545
37592
40916
37546
37593
40917
37547
37594
40918
37548
37595
40919
37549
37596
40920
37550
37597
40921
37551
37598
40922
37552
37599
40923
37553
37600
40924
37554
37601
40925
37555
37602
40926
37556
37603
40927
37557
37604
40928
37558
37605
40929
37559
37606
40930
37560
37607
40931
37561
37608
40932
37562
37609
40933
37563
37610
40934
37564
37611
40935
37565
37612
40936
37566
37613
40937
37567
37614
40938
37568
37615
40939
37569
37616
40940
37617
40941
37571
37618
40942
37572
37619
40943
37573
37620
40944
37574
37621
40945
37575
37622
40946
37576
37623
40947
37577
37624
40948
37578
37625
40949
37579
37626
40950
37580
37627
40951
37581
37628
40952
37582
37629
40953
37583
37630
40954
37584
37631
40955
37585
37632
40956
37586
37633
40957
37587
37634
40958
37588
37635
40959
37589
37636
40960
37590
37637
40961
37591
37638
40962
37592
37639
40963
37593
37640
40964
37594
37641
40965
37595
37642
40966
37596
37643
40967
37597
37644
40968
37598
37645
40969
37599
37646
40970
37600
37647
40971
37601
37648
40972
37602
37649
40973
37603
37650
40974
37604
37651
40975
37605
37652
40976
37606
37653
40977
37607
37654
40978
37608
37655
40979
37609
37656
40980
37610
37657
40981
37611
37658
40982
37612
37659
40983
37613
37660
40984
37614
37661
40985
37615
37662
40986
37616
37663
40987
37617
37664
40988
37665
40989
37619
37666
40990
37620
37667
40991
37621
37668
40992
37622
37669
40993
37623
37670
40994
37624
37671
40995
37625
37672
40996
37626
37673
40997
37627
37674
40998
37628
37675
40999
37629
37676
41000
37630
37677
41001
37631
37678
41002
37632
37679
41003
37633
37680
41004
37634
37681
41005
37635
37682
41006
37636
37683
41007
37637
37684
41008
37638
37685
41009
37639
37686
41010
37640
37687
41011
37641
37688
41012
37642
37689
41013
37643
37690
41014
37644
37691
41015
37645
37692
41016
37646
37693
41017
37647
37694
41018
37648
37695
41019
37649
37696
41020
37650
37697
41021
37651
37698
41022
37652
37699
41023
37653
37700
41024
37654
37701
41025
37655
37702
41026
37656
37703
41027
37657
37704
41028
37658
37705
41029
37659
37706
41030
37660
37707
41031
37661
37708
41032
37662
37709
41033
37663
37710
41034
37664
37711
41035
37665
37712
41036
37713
41037
37667
37714
41038
37668
37715
41039
37669
37716
41040
37670
37717
41041
37671
37718
41042
37672
37719
41043
37673
37720
41044
37674
37721
41045
37675
37722
41046
37676
37723
41047
37677
37724
41048
37678
37725
41049
37679
37726
41050
37680
37727
41051
37681
37728
41052
37682
37729
41053
37683
37730
41054
37684
37731
41055
37685
37732
41056
37686
37733
41057
37687
37734
41058
37688
37735
41059
37689
37736
41060
37690
37737
41061
37691
37738
41062
37692
37739
41063
37693
37740
41064
37694
37741
41065
37695
37742
41066
37696
37743
41067
37697
37744
41068
37698
37745
41069
37699
37746
41070
37700
37747
41071
37701
37748
41072
37702
37749
41073
37703
37750
41074
37704
37751
41075
37705
37752
41076
37706
37753
41077
37707
37754
41078
37708
37755
41079
37709
37756
41080
37710
37757
41081
37711
37758
41082
37712
37759
41083
37713
37760
41084
37761
41085
37715
37762
41086
37716
37763
41087
37717
37764
41088
37718
37765
41089
37719
37766
41090
37720
37767
41091
37721
37768
41092
37722
37769
41093
37723
37770
41094
37724
37771
41095
37725
37772
41096
37726
37773
41097
37727
37774
41098
37728
37775
41099
37729
37776
41100
37730
37777
41101
37731
37778
41102
37732
37779
41103
37733
37780
41104
37734
37781
41105
37735
37782
41106
37736
37783
41107
37737
37784
41108
37738
37785
41109
37739
37786
41110
37740
37787
41111
37741
37788
41112
37742
37789
41113
37743
37790
41114
37744
37791
41115
37745
37792
41116
37746
37793
41117
37747
37794
41118
37748
37795
41119
37749
37796
41120
37750
37797
41121
37751
37798
41122
37752
37799
41123
37753
37800
41124
37754
37801
41125
37755
37802
41126
37756
37803
41127
37757
37804
41128
37758
37805
41129
37759
37806
41130
37760
37807
41131
37761
37808
41132
37809
41133
37763
41134
37764
41135
37765
41136
37766
41137
37767
41138
37768
41139
37769
41140
37770
41141
37771
41142
37772
41143
37773
41144
37774
41145
37775
41146
37776
41147
37777
41148
37778
41149
37779
41150
37780
41151
37781
41152
37782
41153
37783
41154
37784
41155
37785
41156
37786
41157
37787
41158
37788
41159
37789
41160
37790
41161
37791
41162
37792
41163
37793
41164
37794
41165
37795
41166
37796
41167
37797
41168
37798
41169
37799
41170
37800
41171
37801
41172
37802
41173
37803
41174
37804
41175
37805
41176
37806
41177
37807
41178
37808
41179
37809
41180
41181
37811
37817
41134
41182
37812
37818
41183
37813
37819
41184
37814
37820
41185
37815
37821
41186
37816
37822
41187
41188
37818
37823
41086
41189
37819
37824
41190
37820
37825
41191
37821
37826
41192
37822
37827
41193
37828
41194
37824
37829
41038
41195
37825
37830
41196
37826
37831
41197
37827
37832
41198
37828
37833
41199
41200
37830
37834
40990
41201
37831
37835
41202
37832
37836
41203
37833
41204
41205
37835
37837
40942
41206
37836
41207
41208
40894
41209
37839
37841
41211
37842
41212
37841
37845
41214
37842
37846
41215
37847
41216
37844
37849
37845
37850
41218
37846
37851
41219
37847
37852
41220
37853
41221
37849
37856
41223
37850
37857
41224
37851
37858
41225
37852
37859
41226
37853
37860
41227
37861
41228
37855
37863
37856
37864
41230
37857
37865
41231
37858
37866
41232
37859
37867
41233
37860
37868
41234
37861
37869
41235
37870
41236
37863
37873
41238
37864
37874
41239
37865
37875
41240
37866
37876
41241
37867
37877
41242
37868
37878
41243
37869
37879
41244
37870
37880
41245
37881
41246
37872
37883
37873
37884
41248
37874
37885
41249
37875
37886
41250
37876
37887
41251
37877
37888
41252
37878
37889
41253
37879
37890
41254
37880
37891
41255
37881
37892
41256
37893
41257
37883
37896
41259
37884
37897
41260
37885
37898
41261
37886
37899
41262
37887
37900
41263
37888
37901
41264
37889
37902
41265
37890
37903
41266
37891
37904
41267
37892
37905
41268
37893
37906
41269
37907
41270
37895
37910
37896
37911
41272
37897
37912
41273
37898
37913
41274
37899
37914
41275
37900
37915
41276
37901
37916
41277
37902
37917
41278
37903
37918
41279
37904
37919
41280
37905
37920
41281
37906
37921
41282
37907
37922
41283
37923
41284
37909
37925
37910
37926
41286
37911
37927
41287
37912
37928
41288
37913
37929
41289
37914
37930
41290
37915
37931
41291
37916
37932
41292
37917
37933
41293
37918
37934
41294
37919
37935
41295
37920
37936
41296
37921
37937
41297
37922
37938
41298
37923
37939
41299
37940
41300
37925
37944
41302
37926
37945
41303
37927
37946
41304
37928
37947
41305
37929
37948
41306
37930
37949
41307
37931
37950
41308
37932
37951
41309
37933
37952
41310
37934
37953
41311
37935
37954
41312
37936
37955
41313
37937
37956
41314
37938
37957
41315
37939
37958
41316
37940
37959
41317
37960
41318
37942
37962
37943
37963
41320
37944
37964
41321
37945
37965
41322
37946
37966
41323
37947
37967
41324
37948
37968
41325
37949
37969
41326
37950
37970
41327
37951
37971
41328
37952
37972
41329
37953
37973
41330
37954
37974
41331
37955
37975
41332
37956
37976
41333
37957
37977
41334
37958
37978
41335
37959
37979
41336
37960
37980
41337
37981
41338
37962
37982
41340
37963
37983
41341
37964
37984
41342
37965
37985
41343
37966
37986
41344
37967
37987
41345
37968
37988
41346
37969
37989
41347
37970
37990
41348
37971
37991
41349
37972
37992
41350
37973
37993
41351
37974
37994
41352
37975
37995
41353
37976
37996
41354
37977
37997
41355
37978
37998
41356
37979
37999
41357
37980
38000
41358
37981
38001
41359
38002
41360
37983
38003
41362
37984
38004
41363
37985
38005
41364
37986
38006
41365
37987
38007
41366
37988
38008
41367
37989
38009
41368
37990
38010
41369
37991
38011
41370
37992
38012
41371
37993
38013
41372
37994
38014
41373
37995
38015
41374
37996
38016
41375
37997
38017
41376
37998
38018
41377
37999
38019
41378
38000
38020
41379
38001
38021
41380
38002
38022
41381
38023
41382
38004
38024
41384
38005
38025
41385
38006
38026
41386
38007
38027
41387
38008
38028
41388
38009
38029
41389
38010
38030
41390
38011
38031
41391
38012
38032
41392
38013
38033
41393
38014
38034
41394
38015
38035
41395
38016
38036
41396
38017
38037
41397
38018
38038
41398
38019
38039
41399
38020
38040
41400
38021
38041
41401
38022
38042
41402
38023
38043
41403
38044
41404
38025
38045
41406
38026
38046
41407
38027
38047
41408
38028
38048
41409
38029
38049
41410
38030
38050
41411
38031
38051
41412
38032
38052
41413
38033
38053
41414
38034
38054
41415
38035
38055
41416
38036
38056
41417
38037
38057
41418
38038
38058
41419
38039
38059
41420
38040
38060
41421
38041
38061
41422
38042
38062
41423
38043
38063
41424
38044
38064
41425
38065
41426
38046
38066
41429
38047
38067
41430
38048
38068
41431
38049
38069
41432
38050
38070
41433
38051
38071
41434
38052
38072
41435
38053
38073
41436
38054
38074
41437
38055
38075
41438
38056
38076
41439
38057
38077
41440
38058
38078
41441
38059
38079
41442
38060
38080
41443
38061
38081
41444
38062
38082
41445
38063
38083
41446
38064
38084
41447
38065
38085
41448
38086
41449
38067
38088
41452
38068
38089
41453
38069
38090
41454
38070
38091
41455
38071
38092
41456
38072
38093
41457
38073
38094
41458
38074
38095
41459
38075
38096
41460
38076
38097
41461
38077
38098
41462
38078
38099
41463
38079
38100
41464
38080
38101
41465
38081
38102
41466
38082
38103
41467
38083
38104
41468
38084
38105
41469
38085
38106
41470
38086
38107
41471
38087
38108
41472
38109
41473
38089
38110
41475
38090
38111
41476
38091
38112
41477
38092
38113
41478
38093
38114
41479
38094
38115
41480
38095
38116
41481
38096
38117
41482
38097
38118
41483
38098
38119
41484
38099
38120
41485
38100
38121
41486
38101
38122
41487
38102
38123
41488
38103
38124
41489
38104
38125
41490
38105
38126
41491
38106
38127
41492
38107
38128
41493
38108
38129
41494
38109
38130
41495
38131
41496
38111
38132
41498
38112
38133
41499
38113
38134
41500
38114
38135
41501
38115
38136
41502
38116
38137
41503
38117
38138
41504
38118
38139
41505
38119
38140
41506
38120
38141
41507
38121
38142
41508
38122
38143
41509
38123
38144
41510
38124
38145
41511
38125
38146
41512
38126
38147
41513
38127
38148
41514
38128
38149
41515
38129
38150
41516
38130
38151
41517
38131
38152
41518
38153
41519
38133
38155
41521
38134
38156
41522
38135
38157
41523
38136
38158
41524
38137
38159
41525
38138
38160
41526
38139
38161
41527
38140
38162
41528
38141
38163
41529
38142
38164
41530
38143
38165
41531
38144
38166
41532
38145
38167
41533
38146
38168
41534
38147
38169
41535
38148
38170
41536
38149
38171
41537
38150
38172
41538
38151
38173
41539
38152
38174
41540
38153
38175
41541
38154
38176
41542
38177
41543
38156
38178
41545
38157
38179
41546
38158
38180
41547
38159
38181
41548
38160
38182
41549
38161
38183
41550
38162
38184
41551
38163
38185
41552
38164
38186
41553
38165
38187
41554
38166
38188
41555
38167
38189
41556
38168
38190
41557
38169
38191
41558
38170
38192
41559
38171
38193
41560
38172
38194
41561
38173
38195
41562
38174
38196
41563
38175
38197
41564
38176
38198
41565
38177
38199
41566
38200
41567
38179
38201
41569
38180
38202
41570
38181
38203
41571
38182
38204
41572
38183
38205
41573
38184
38206
41574
38185
38207
41575
38186
38208
41576
38187
38209
41577
38188
38210
41578
38189
38211
41579
38190
38212
41580
38191
38213
41581
38192
38214
41582
38193
38215
41583
38194
38216
41584
38195
38217
41585
38196
38218
41586
38197
38219
41587
38198
38220
41588
38199
38221
41589
38200
38222
41590
38223
41591
38202
38225
41593
38203
38226
41594
38204
38227
41595
38205
38228
41596
38206
38229
41597
38207
38230
41598
38208
38231
41599
38209
38232
41600
38210
38233
41601
38211
38234
41602
38212
38235
41603
38213
38236
41604
38214
38237
41605
38215
38238
41606
38216
38239
41607
38217
38240
41608
38218
38241
41609
38219
38242
41610
38220
38243
41611
38221
38244
41612
38222
38245
41613
38223
38246
41614
38224
38247
41615
38248
41616
38226
38249
41618
38227
38250
41619
38228
38251
41620
38229
38252
41621
38230
38253
41622
38231
38254
41623
38232
38255
41624
38233
38256
41625
38234
38257
41626
38235
38258
41627
38236
38259
41628
38237
38260
41629
38238
38261
41630
38239
38262
41631
38240
38263
41632
38241
38264
41633
38242
38265
41634
38243
38266
41635
38244
38267
41636
38245
38268
41637
38246
38269
41638
38247
38270
41639
38248
38271
41640
38272
41641
38250
38274
41643
38251
38275
41644
38252
38276
41645
38253
38277
41646
38254
38278
41647
38255
38279
41648
38256
38280
41649
38257
38281
41650
38258
38282
41651
38259
38283
41652
38260
38284
41653
38261
38285
41654
38262
38286
41655
38263
38287
41656
38264
38288
41657
38265
38289
41658
38266
38290
41659
38267
38291
41660
38268
38292
41661
38269
38293
41662
38270
38294
41663
38271
38295
41664
38272
38296
41665
38273
38297
41666
38298
41667
38275
38299
41669
38276
38300
41670
38277
38301
41671
38278
38302
41672
38279
38303
41673
38280
38304
41674
38281
38305
41675
38282
38306
41676
38283
38307
41677
38284
38308
41678
38285
38309
41679
38286
38310
41680
38287
38311
41681
38288
38312
41682
38289
38313
41683
38290
38314
41684
38291
38315
41685
38292
38316
41686
38293
38317
41687
38294
38318
41688
38295
38319
41689
38296
38320
41690
38297
38321
41691
38298
38322
41692
38323
41693
38300
38325
41695
38301
38326
41696
38302
38327
41697
38303
38328
41698
38304
38329
41699
38305
38330
41700
38306
38331
41701
38307
38332
41702
38308
38333
41703
38309
38334
41704
38310
38335
41705
38311
38336
41706
38312
38337
41707
38313
38338
41708
38314
38339
41709
38315
38340
41710
38316
38341
41711
38317
38342
41712
38318
38343
41713
38319
38344
41714
38320
38345
41715
38321
38346
41716
38322
38347
41717
38323
38348
41718
38324
38349
41719
38350
41720
38326
38352
41722
38327
38353
41723
38328
38354
41724
38329
38355
41725
38330
38356
41726
38331
38357
41727
38332
38358
41728
38333
38359
41729
38334
38360
41730
38335
38361
41731
38336
38362
41732
38337
38363
41733
38338
38364
41734
38339
38365
41735
38340
38366
41736
38341
38367
41737
38342
38368
41738
38343
38369
41739
38344
38370
41740
38345
38371
41741
38346
38372
41742
38347
38373
41743
38348
38374
41744
38349
38375
41745
38350
38376
41746
38351
38377
41747
38378
41748
38353
38380
41749
38354
38381
41750
38355
38382
41751
38356
38383
41752
38357
38384
41753
38358
38385
41754
38359
38386
41755
38360
38387
41756
38361
38388
41757
38362
38389
41758
38363
38390
41759
38364
38391
41760
38365
38392
41761
38366
38393
41762
38367
38394
41763
38368
38395
41764
38369
38396
41765
38370
38397
41766
38371
38398
41767
38372
38399
41768
38373
38400
41769
38374
38401
41770
38375
38402
41771
38376
38403
41772
38377
38404
41773
38378
38405
41774
38379
38406
41775
38407
41776
38381
38409
41777
38382
38410
41778
38383
38411
41779
38384
38412
41780
38385
38413
41781
38386
38414
41782
38387
38415
41783
38388
38416
41784
38389
38417
41785
38390
38418
41786
38391
38419
41787
38392
38420
41788
38393
38421
41789
38394
38422
41790
38395
38423
41791
38396
38424
41792
38397
38425
41793
38398
38426
41794
38399
38427
41795
38400
38428
41796
38401
38429
41797
38402
38430
41798
38403
38431
41799
38404
38432
41800
38405
38433
41801
38406
38434
41802
38407
38435
41803
38408
38436
41804
38437
41805
38410
38439
41806
38411
38440
41807
38412
38441
41808
38413
38442
41809
38414
38443
41810
38415
38444
41811
38416
38445
41812
38417
38446
41813
38418
38447
41814
38419
38448
41815
38420
38449
41816
38421
38450
41817
38422
38451
41818
38423
38452
41819
38424
38453
41820
38425
38454
41821
38426
38455
41822
38427
38456
41823
38428
38457
41824
38429
38458
41825
38430
38459
41826
38431
38460
41827
38432
38461
41828
38433
38462
41829
38434
38463
41830
38435
38464
41831
38436
38465
41832
38437
38466
41833
38438
38467
41834
38468
41835
38440
38470
41836
38441
38471
41837
38442
38472
41838
38443
38473
41839
38444
38474
41840
38445
38475
41841
38446
38476
41842
38447
38477
41843
38448
38478
41844
38449
38479
41845
38450
38480
41846
38451
38481
41847
38452
38482
41848
38453
38483
41849
38454
38484
41850
38455
38485
41851
38456
38486
41852
38457
38487
41853
38458
38488
41854
38459
38489
41855
38460
38490
41856
38461
38491
41857
38462
38492
41858
38463
38493
41859
38464
38494
41860
38465
38495
41861
38466
38496
41862
38467
38497
41863
38468
38498
41864
38469
38499
41865
38500
41866
38471
38502
41867
38472
38503
41868
38473
38504
41869
38474
38505
41870
38475
38506
41871
38476
38507
41872
38477
38508
41873
38478
38509
41874
38479
38510
41875
38480
38511
41876
38481
38512
41877
38482
38513
41878
38483
38514
41879
38484
38515
41880
38485
38516
41881
38486
38517
41882
38487
38518
41883
38488
38519
41884
38489
38520
41885
38490
38521
41886
38491
38522
41887
38492
38523
41888
38493
38524
41889
38494
38525
41890
38495
38526
41891
38496
38527
41892
38497
38528
41893
38498
38529
41894
38499
38530
41895
38500
38531
41896
38501
38532
41897
38533
41898
38503
38535
41899
38504
38536
41900
38505
38537
41901
38506
38538
41902
38507
38539
41903
38508
38540
41904
38509
38541
41905
38510
38542
41906
38511
38543
41907
38512
38544
41908
38513
38545
41909
38514
38546
41910
38515
38547
41911
38516
38548
41912
38517
38549
41913
38518
38550
41914
38519
38551
41915
38520
38552
41916
38521
38553
41917
38522
38554
41918
38523
38555
41919
38524
38556
41920
38525
38557
41921
38526
38558
41922
38527
38559
41923
38528
38560
41924
38529
38561
41925
38530
38562
41926
38531
38563
41927
38532
38564
41928
38533
38565
41929
38534
38566
41930
38567
41931
38536
38568
41932
38537
38569
41933
38538
38570
41934
38539
38571
41935
38540
38572
41936
38541
38573
41937
38542
38574
41938
38543
38575
41939
38544
38576
41940
38545
38577
41941
38546
38578
41942
38547
38579
41943
38548
38580
41944
38549
38581
41945
38550
38582
41946
38551
38583
41947
38552
38584
41948
38553
38585
41949
38554
38586
41950
38555
38587
41951
38556
38588
41952
38557
38589
41953
38558
38590
41954
38559
38591
41955
38560
38592
41956
38561
38593
41957
38562
38594
41958
38563
38595
41959
38564
38596
41960
38565
38597
41961
38566
38598
41962
38567
38599
41963
38600
41964
38569
38602
41966
38570
38603
41967
38571
38604
41968
38572
38605
41969
38573
38606
41970
38574
38607
41971
38575
38608
41972
38576
38609
41973
38577
38610
41974
38578
38611
41975
38579
38612
41976
38580
38613
41977
38581
38614
41978
38582
38615
41979
38583
38616
41980
38584
38617
41981
38585
38618
41982
38586
38619
41983
38587
38620
41984
38588
38621
41985
38589
38622
41986
38590
38623
41987
38591
38624
41988
38592
38625
41989
38593
38626
41990
38594
38627
41991
38595
38628
41992
38596
38629
41993
38597
38630
41994
38598
38631
41995
38599
38632
41996
38600
38633
41997
38601
38634
41998
38635
41999
38603
38637
42000
38604
38638
42001
38605
38639
42002
38606
38640
42003
38607
38641
42004
38608
38642
42005
38609
38643
42006
38610
38644
42007
38611
38645
42008
38612
38646
42009
38613
38647
42010
38614
38648
42011
38615
38649
42012
38616
38650
42013
38617
38651
42014
38618
38652
42015
38619
38653
42016
38620
38654
42017
38621
38655
42018
38622
38656
42019
38623
38657
42020
38624
38658
42021
38625
38659
42022
38626
38660
42023
38627
38661
42024
38628
38662
42025
38629
38663
42026
38630
38664
42027
38631
38665
42028
38632
38666
42029
38633
38667
42030
38634
38668
42031
38635
38669
42032
38636
38670
42033
38671
42034
38638
38672
42035
38639
38673
42036
38640
38674
42037
38641
38675
42038
38642
38676
42039
38643
38677
42040
38644
38678
42041
38645
38679
42042
38646
38680
42043
38647
38681
42044
38648
38682
42045
38649
38683
42046
38650
38684
42047
38651
38685
42048
38652
38686
42049
38653
38687
42050
38654
38688
42051
38655
38689
42052
38656
38690
42053
38657
38691
42054
38658
38692
42055
38659
38693
42056
38660
38694
42057
38661
38695
42058
38662
38696
42059
38663
38697
42060
38664
38698
42061
38665
38699
42062
38666
38700
42063
38667
38701
42064
38668
38702
42065
38669
38703
42066
38670
38704
42067
38671
38705
42068
38706
42069
38673
38708
42070
38674
38709
42071
38675
38710
42072
38676
38711
42073
38677
38712
42074
38678
38713
42075
38679
38714
42076
38680
38715
42077
38681
38716
42078
38682
38717
42079
38683
38718
42080
38684
38719
42081
38685
38720
42082
38686
38721
42083
38687
38722
42084
38688
38723
42085
38689
38724
42086
38690
38725
42087
38691
38726
42088
38692
38727
42089
38693
38728
42090
38694
38729
42091
38695
38730
42092
38696
38731
42093
38697
38732
42094
38698
38733
42095
38699
38734
42096
38700
38735
42097
38701
38736
42098
38702
38737
42099
38703
38738
42100
38704
38739
42101
38705
38740
42102
38706
38741
42103
38707
38742
42104
38743
42105
38709
38744
42106
38710
38745
42107
38711
38746
42108
38712
38747
42109
38713
38748
42110
38714
38749
42111
38715
38750
42112
38716
38751
42113
38717
38752
42114
38718
38753
42115
38719
38754
42116
38720
38755
42117
38721
38756
42118
38722
38757
42119
38723
38758
42120
38724
38759
42121
38725
38760
42122
38726
38761
42123
38727
38762
42124
38728
38763
42125
38729
38764
42126
38730
38765
42127
38731
38766
42128
38732
38767
42129
38733
38768
42130
38734
38769
42131
38735
38770
42132
38736
38771
42133
38737
38772
42134
38738
38773
42135
38739
38774
42136
38740
38775
42137
38741
38776
42138
38742
38777
42139
38743
38778
42140
38779
42141
38745
38780
42142
38746
38781
42143
38747
38782
42144
38748
38783
42145
38749
38784
42146
38750
38785
42147
38751
38786
42148
38752
38787
42149
38753
38788
42150
38754
38789
42151
38755
38790
42152
38756
38791
42153
38757
38792
42154
38758
38793
42155
38759
38794
42156
38760
38795
42157
38761
38796
42158
38762
38797
42159
38763
38798
42160
38764
38799
42161
38765
38800
42162
38766
38801
42163
38767
38802
42164
38768
38803
42165
38769
38804
42166
38770
38805
42167
38771
38806
42168
38772
38807
42169
38773
38808
42170
38774
38809
42171
38775
38810
42172
38776
38811
42173
38777
38812
42174
38778
38813
42175
38779
38814
42176
38815
42177
38781
38817
42179
38782
38818
42180
38783
38819
42181
38784
38820
42182
38785
38821
42183
38786
38822
42184
38787
38823
42185
38788
38824
42186
38789
38825
42187
38790
38826
42188
38791
38827
42189
38792
38828
42190
38793
38829
42191
38794
38830
42192
38795
38831
42193
38796
38832
42194
38797
38833
42195
38798
38834
42196
38799
38835
42197
38800
38836
42198
38801
38837
42199
38802
38838
42200
38803
38839
42201
38804
38840
42202
38805
38841
42203
38806
38842
42204
38807
38843
42205
38808
38844
42206
38809
38845
42207
38810
38846
42208
38811
38847
42209
38812
38848
42210
38813
38849
42211
38814
38850
42212
38815
38851
42213
38816
38852
42214
38853
42215
38818
38854
42216
38819
38855
42217
38820
38856
42218
38821
38857
42219
38822
38858
42220
38823
38859
42221
38824
38860
42222
38825
38861
42223
38826
38862
42224
38827
38863
42225
38828
38864
42226
38829
38865
42227
38830
38866
42228
38831
38867
42229
38832
38868
42230
38833
38869
42231
38834
38870
42232
38835
38871
42233
38836
38872
42234
38837
38873
42235
38838
38874
42236
38839
38875
42237
38840
38876
42238
38841
38877
42239
38842
38878
42240
38843
38879
42241
38844
38880
42242
38845
38881
42243
38846
38882
42244
38847
38883
42245
38848
38884
42246
38849
38885
42247
38850
38886
42248
38851
38887
42249
38852
38888
42250
38853
38889
42251
38890
42252
38855
38856
38891
42253
38857
38892
42254
38858
38893
42255
38859
38894
42256
38860
38895
42257
38861
38896
42258
38862
38897
42259
38863
38898
42260
38864
38899
42261
38865
38900
42262
38866
38901
42263
38867
38902
42264
38868
38903
42265
38869
38904
42266
38870
38905
42267
38871
38906
42268
38872
38907
42269
38873
38908
42270
38874
38909
42271
38875
38910
42272
38876
38911
42273
38877
38912
42274
38878
38913
42275
38879
38914
42276
38880
38915
42277
38881
38916
42278
38882
38917
42279
38883
38918
42280
38884
38919
42281
38885
38920
42282
38886
38921
42283
38887
38922
42284
38888
38923
42285
38889
38924
42286
38890
38925
42287
38926
42288
38892
38928
42290
38893
38929
42291
38894
38930
42292
38895
38931
42293
38896
38932
42294
38897
38933
42295
38898
38934
42296
38899
38935
42297
38900
38936
42298
38901
38937
42299
38902
38938
42300
38903
38939
42301
38904
38940
42302
38905
38941
42303
38906
38942
42304
38907
38943
42305
38908
38944
42306
38909
38945
42307
38910
38946
42308
38911
38947
42309
38912
38948
42310
38913
38949
42311
38914
38950
42312
38915
38951
42313
38916
38952
42314
38917
38953
42315
38918
38954
42316
38919
38955
42317
38920
38956
42318
38921
38957
42319
38922
38958
42320
38923
38959
42321
38924
38960
42322
38925
38961
42323
38926
38962
42324
38927
38963
42325
38964
42326
38929
38965
42327
38930
38966
42328
38931
38967
42329
38932
38968
42330
38933
38969
42331
38934
38970
42332
38935
38971
42333
38936
38972
42334
38937
38973
42335
38938
38974
42336
38939
38975
42337
38940
38976
42338
38941
38977
42339
38942
38978
42340
38943
38979
42341
38944
38980
42342
38945
38981
42343
38946
38982
42344
38947
38983
42345
38948
38984
42346
38949
38985
42347
38950
38986
42348
38951
38987
42349
38952
38988
42350
38953
38989
42351
38954
38990
42352
38955
38991
42353
38956
38992
42354
38957
38993
42355
38958
38994
42356
38959
38995
42357
38960
38996
42358
38961
38997
42359
38962
38998
42360
38963
38999
42361
38964
39000
42362
39001
42363
38966
38967
39002
42364
38968
39003
42365
38969
39004
42366
38970
39005
42367
38971
39006
42368
38972
39007
42369
38973
39008
42370
38974
39009
42371
38975
39010
42372
38976
39011
42373
38977
39012
42374
38978
39013
42375
38979
39014
42376
38980
39015
42377
38981
39016
42378
38982
39017
42379
38983
39018
42380
38984
39019
42381
38985
39020
42382
38986
39021
42383
38987
39022
42384
38988
39023
42385
38989
39024
42386
38990
39025
42387
38991
39026
42388
38992
39027
42389
38993
39028
42390
38994
39029
42391
38995
39030
42392
38996
39031
42393
38997
39032
42394
38998
39033
42395
38999
39034
42396
39000
39035
42397
39001
39036
42398
39037
42399
39003
39038
42400
39004
39039
42401
39005
39040
42402
39006
39041
42403
39007
39042
42404
39008
39043
42405
39009
39044
42406
39010
39045
42407
39011
39046
42408
39012
39047
42409
39013
39048
42410
39014
39049
42411
39015
39050
42412
39016
39051
42413
39017
39052
42414
39018
39053
42415
39019
39054
42416
39020
39055
42417
39021
39056
42418
39022
39057
42419
39023
39058
42420
39024
39059
42421
39025
39060
42422
39026
39061
42423
39027
39062
42424
39028
39063
42425
39029
39064
42426
39030
39065
42427
39031
39066
42428
39032
39067
42429
39033
39068
42430
39034
39069
42431
39035
39070
42432
39036
39071
42433
39037
39072
42434
39073
42435
39039
39075
42436
39040
39076
42437
39041
39077
42438
39042
39078
42439
39043
39079
42440
39044
39080
42441
39045
39081
42442
39046
39082
42443
39047
39083
42444
39048
39084
42445
39049
39085
42446
39050
39086
42447
39051
39087
42448
39052
39088
42449
39053
39089
42450
39054
39090
42451
39055
39091
42452
39056
39092
42453
39057
39093
42454
39058
39094
42455
39059
39095
42456
39060
39096
42457
39061
39097
42458
39062
39098
42459
39063
39099
42460
39064
39100
42461
39065
39101
42462
39066
39102
42463
39067
39103
42464
39068
39104
42465
39069
39105
42466
39070
39106
42467
39071
39107
42468
39072
39108
42469
39073
39109
42470
39074
39110
42471
39111
42472
39076
39112
42473
39077
39113
42474
39078
39114
42475
39079
39115
42476
39080
39116
42477
39081
39117
42478
39082
39118
42479
39083
39119
42480
39084
39120
42481
39085
39121
42482
39086
39122
42483
39087
39123
42484
39088
39124
42485
39089
39125
42486
39090
39126
42487
39091
39127
42488
39092
39128
42489
39093
39129
42490
39094
39130
42491
39095
39131
42492
39096
39132
42493
39097
39133
42494
39098
39134
42495
39099
39135
42496
39100
39136
42497
39101
39137
42498
39102
39138
42499
39103
39139
42500
39104
39140
42501
39105
39141
42502
39106
39142
42503
39107
39143
42504
39108
39144
42505
39109
39145
42506
39110
39146
42507
39111
39147
42508
39148
42509
39113
39149
42510
39114
39150
42511
39115
39151
42512
39116
39152
42513
39117
39153
42514
39118
39154
42515
39119
39155
42516
39120
39156
42517
39121
39157
42518
39122
39158
42519
39123
39159
42520
39124
39160
42521
39125
39161
42522
39126
39162
42523
39127
39163
42524
39128
39164
42525
39129
39165
42526
39130
39166
42527
39131
39167
42528
39132
39168
42529
39133
39169
42530
39134
39170
42531
39135
39171
42532
39136
39172
42533
39137
39173
42534
39138
39174
42535
39139
39175
42536
39140
39176
42537
39141
39177
42538
39142
39178
42539
39143
39179
42540
39144
39180
42541
39145
39181
42542
39146
39182
42543
39147
39183
42544
39148
39184
42545
39185
42546
39150
39186
42547
39151
39187
42548
39152
39188
42549
39153
39189
42550
39154
39190
42551
39155
39191
42552
39156
39192
42553
39157
39193
42554
39158
39194
42555
39159
39195
42556
39160
39196
42557
39161
39197
42558
39162
39198
42559
39163
39199
42560
39164
39200
42561
39165
39201
42562
39166
39202
42563
39167
39203
42564
39168
39204
42565
39169
39205
42566
39170
39206
42567
39171
39207
42568
39172
39208
42569
39173
39209
42570
39174
39210
42571
39175
39211
42572
39176
39212
42573
39177
39213
42574
39178
39214
42575
39179
39215
42576
39180
39216
42577
39181
39217
42578
39182
39218
42579
39183
39219
42580
39184
39220
42581
39185
39221
42582
39222
42583
39187
39224
42585
39188
39225
42586
39189
39226
42587
39190
39227
42588
39191
39228
42589
39192
39229
42590
39193
39230
42591
39194
39231
42592
39195
39232
42593
39196
39233
42594
39197
39234
42595
39198
39235
42596
39199
39236
42597
39200
39237
42598
39201
39238
42599
39202
39239
42600
39203
39240
42601
39204
39241
42602
39205
39242
42603
39206
39243
42604
39207
39244
42605
39208
39245
42606
39209
39246
42607
39210
39247
42608
39211
39248
42609
39212
39249
42610
39213
39250
42611
39214
39251
42612
39215
39252
42613
39216
39253
42614
39217
39254
42615
39218
39255
42616
39219
39256
42617
39220
39257
42618
39221
39258
42619
39222
39259
42620
39223
39260
42621
39261
42622
39225
39262
42623
39226
39263
42624
39227
39264
42625
39228
39265
42626
39229
39266
42627
39230
39267
42628
39231
39268
42629
39232
39269
42630
39233
39270
42631
39234
39271
42632
39235
39272
42633
39236
39273
42634
39237
39274
42635
39238
39275
42636
39239
39276
42637
39240
39277
42638
39241
39278
42639
39242
39279
42640
39243
39280
42641
39244
39281
42642
39245
39282
42643
39246
39283
42644
39247
39284
42645
39248
39285
42646
39249
39286
42647
39250
39287
42648
39251
39288
42649
39252
39289
42650
39253
39290
42651
39254
39291
42652
39255
39292
42653
39256
39293
42654
39257
39294
42655
39258
39295
42656
39259
39296
42657
39260
39297
42658
39261
39298
42659
39299
42660
39263
39300
42661
39264
39301
42662
39265
39302
42663
39266
39303
42664
39267
39304
42665
39268
39305
42666
39269
39306
42667
39270
39307
42668
39271
39308
42669
39272
39309
42670
39273
39310
42671
39274
39311
42672
39275
39312
42673
39276
39313
42674
39277
39314
42675
39278
39315
42676
39279
39316
42677
39280
39317
42678
39281
39318
42679
39282
39319
42680
39283
39320
42681
39284
39321
42682
39285
39322
42683
39286
39323
42684
39287
39324
42685
39288
39325
42686
39289
39326
42687
39290
39327
42688
39291
39328
42689
39292
39329
42690
39293
39330
42691
39294
39331
42692
39295
39332
42693
39296
39333
42694
39297
39334
42695
39298
39335
42696
39299
39336
42697
39337
42698
39301
39339
42700
39302
39340
42701
39303
39341
42702
39304
39342
42703
39305
39343
42704
39306
39344
42705
39307
39345
42706
39308
39346
42707
39309
39347
42708
39310
39348
42709
39311
39349
42710
39312
39350
42711
39313
39351
42712
39314
39352
42713
39315
39353
42714
39316
39354
42715
39317
39355
42716
39318
39356
42717
39319
39357
42718
39320
39358
42719
39321
39359
42720
39322
39360
42721
39323
39361
42722
39324
39362
42723
39325
39363
42724
39326
39364
42725
39327
39365
42726
39328
39366
42727
39329
39367
42728
39330
39368
42729
39331
39369
42730
39332
39370
42731
39333
39371
42732
39334
39372
42733
39335
39373
42734
39336
39374
42735
39337
39375
42736
39338
39376
42737
39377
42738
39340
39378
42739
39341
39379
42740
39342
39380
42741
39343
39381
42742
39344
39382
42743
39345
39383
42744
39346
39384
42745
39347
39385
42746
39348
39386
42747
39349
39387
42748
39350
39388
42749
39351
39389
42750
39352
39390
42751
39353
39391
42752
39354
39392
42753
39355
39393
42754
39356
39394
42755
39357
39395
42756
39358
39396
42757
39359
39397
42758
39360
39398
42759
39361
39399
42760
39362
39400
42761
39363
39401
42762
39364
39402
42763
39365
39403
42764
39366
39404
42765
39367
39405
42766
39368
39406
42767
39369
39407
42768
39370
39408
42769
39371
39409
42770
39372
39410
42771
39373
39411
42772
39374
39412
42773
39375
39413
42774
39376
39414
42775
39377
39415
42776
39416
42777
39379
39418
42778
39380
39419
42779
39381
39420
42780
39382
39421
42781
39383
39422
42782
39384
39423
42783
39385
39424
42784
39386
39425
42785
39387
39426
42786
39388
39427
42787
39389
39428
42788
39390
39429
42789
39391
39430
42790
39392
39431
42791
39393
39432
42792
39394
39433
42793
39395
39434
42794
39396
39435
42795
39397
39436
42796
39398
39437
42797
39399
39438
42798
39400
39439
42799
39401
39440
42800
39402
39441
42801
39403
39442
42802
39404
39443
42803
39405
39444
42804
39406
39445
42805
39407
39446
42806
39408
39447
42807
39409
39448
42808
39410
39449
42809
39411
39450
42810
39412
39451
42811
39413
39452
42812
39414
39453
42813
39415
39454
42814
39416
39455
42815
39417
39456
42816
39457
42817
39419
39458
42818
39420
39459
42819
39421
39460
42820
39422
39461
42821
39423
39462
42822
39424
39463
42823
39425
39464
42824
39426
39465
42825
39427
39466
42826
39428
39467
42827
39429
39468
42828
39430
39469
42829
39431
39470
42830
39432
39471
42831
39433
39472
42832
39434
39473
42833
39435
39474
42834
39436
39475
42835
39437
39476
42836
39438
39477
42837
39439
39478
42838
39440
39479
42839
39441
39480
42840
39442
39481
42841
39443
39482
42842
39444
39483
42843
39445
39484
42844
39446
39485
42845
39447
39486
42846
39448
39487
42847
39449
39488
42848
39450
39489
42849
39451
39490
42850
39452
39491
42851
39453
39492
42852
39454
39493
42853
39455
39494
42854
39456
39495
42855
39457
39496
42856
39497
42857
39459
39499
42858
39460
39500
42859
39461
39501
42860
39462
39502
42861
39463
39503
42862
39464
39504
42863
39465
39505
42864
39466
39506
42865
39467
39507
42866
39468
39508
42867
39469
39509
42868
39470
39510
42869
39471
39511
42870
39472
39512
42871
39473
39513
42872
39474
39514
42873
39475
39515
42874
39476
39516
42875
39477
39517
42876
39478
39518
42877
39479
39519
42878
39480
39520
42879
39481
39521
42880
39482
39522
42881
39483
39523
42882
39484
39524
42883
39485
39525
42884
39486
39526
42885
39487
39527
42886
39488
39528
42887
39489
39529
42888
39490
39530
42889
39491
39531
42890
39492
39532
42891
39493
39533
42892
39494
39534
42893
39495
39535
42894
39496
39536
42895
39497
39537
42896
39498
39538
42897
39539
42898
39500
39541
42899
39501
39542
42900
39502
39543
42901
39503
39544
42902
39504
39545
42903
39505
39546
42904
39506
39547
42905
39507
39548
42906
39508
39549
42907
39509
39550
42908
39510
39551
42909
39511
39552
42910
39512
39553
42911
39513
39554
42912
39514
39555
42913
39515
39556
42914
39516
39557
42915
39517
39558
42916
39518
39559
42917
39519
39560
42918
39520
39561
42919
39521
39562
42920
39522
39563
42921
39523
39564
42922
39524
39565
42923
39525
39566
42924
39526
39567
42925
39527
39568
42926
39528
39569
42927
39529
39570
42928
39530
39571
42929
39531
39572
42930
39532
39573
42931
39533
39574
42932
39534
39575
42933
39535
39576
42934
39536
39577
42935
39537
39578
42936
39538
39579
42937
39539
39580
42938
39540
39581
42939
39582
42940
39542
39583
42941
39543
39584
42942
39544
39585
42943
39545
39586
42944
39546
39587
42945
39547
39588
42946
39548
39589
42947
39549
39590
42948
39550
39591
42949
39551
39592
42950
39552
39593
42951
39553
39594
42952
39554
39595
42953
39555
39596
42954
39556
39597
42955
39557
39598
42956
39558
39599
42957
39559
39600
42958
39560
39601
42959
39561
39602
42960
39562
39603
42961
39563
39604
42962
39564
39605
42963
39565
39606
42964
39566
39607
42965
39567
39608
42966
39568
39609
42967
39569
39610
42968
39570
39611
42969
39571
39612
42970
39572
39613
42971
39573
39614
42972
39574
39615
42973
39575
39616
42974
39576
39617
42975
39577
39618
42976
39578
39619
42977
39579
39620
42978
39580
39621
42979
39581
39622
42980
39582
39623
42981
39624
42982
39584
39585
39626
42983
39586
39627
42984
39587
39628
42985
39588
39629
42986
39589
39630
42987
39590
39631
42988
39591
39632
42989
39592
39633
42990
39593
39634
42991
39594
39635
42992
39595
39636
42993
39596
39637
42994
39597
39638
42995
39598
39639
42996
39599
39640
42997
39600
39641
42998
39601
39642
42999
39602
39643
43000
39603
39644
43001
39604
39645
43002
39605
39646
43003
39606
39647
43004
39607
39648
43005
39608
39649
43006
39609
39650
43007
39610
39651
43008
39611
39652
43009
39612
39653
43010
39613
39654
43011
39614
39655
43012
39615
39656
43013
39616
39657
43014
39617
39658
43015
39618
39659
43016
39619
39660
43017
39620
39661
43018
39621
39662
43019
39622
39663
43020
39623
39664
43021
39624
39665
43022
39625
39666
43023
39667
43024
39627
39669
43025
39628
39670
43026
39629
39671
43027
39630
39672
43028
39631
39673
43029
39632
39674
43030
39633
39675
43031
39634
39676
43032
39635
39677
43033
39636
39678
43034
39637
39679
43035
39638
39680
43036
39639
39681
43037
39640
39682
43038
39641
39683
43039
39642
39684
43040
39643
39685
43041
39644
39686
43042
39645
39687
43043
39646
39688
43044
39647
39689
43045
39648
39690
43046
39649
39691
43047
39650
39692
43048
39651
39693
43049
39652
39694
43050
39653
39695
43051
39654
39696
43052
39655
39697
43053
39656
39698
43054
39657
39699
43055
39658
39700
43056
39659
39701
43057
39660
39702
43058
39661
39703
43059
39662
39704
43060
39663
39705
43061
39664
39706
43062
39665
39707
43063
39666
39708
43064
39667
39709
43065
39668
39710
43066
39711
43067
39670
39714
43068
39671
39715
43069
39672
39716
43070
39673
39717
43071
39674
39718
43072
39675
39719
43073
39676
39720
43074
39677
39721
43075
39678
39722
43076
39679
39723
43077
39680
39724
43078
39681
39725
43079
39682
39726
43080
39683
39727
43081
39684
39728
43082
39685
39729
43083
39686
39730
43084
39687
39731
43085
39688
39732
43086
39689
39733
43087
39690
39734
43088
39691
39735
43089
39692
39736
43090
39693
39737
43091
39694
39738
43092
39695
39739
43093
39696
39740
43094
39697
39741
43095
39698
39742
43096
39699
39743
43097
39700
39744
43098
39701
39745
43099
39702
39746
43100
39703
39747
43101
39704
39748
43102
39705
39749
43103
39706
39750
43104
39707
39751
43105
39708
39752
43106
39709
39753
43107
39710
39754
43108
39711
39755
43109
39712
39756
43110
39713
39757
43111
39758
43112
39715
39759
43113
39716
39760
43114
39717
39761
43115
39718
39762
43116
39719
39763
43117
39720
39764
43118
39721
39765
43119
39722
39766
43120
39723
39767
43121
39724
39768
43122
39725
39769
43123
39726
39770
43124
39727
39771
43125
39728
39772
43126
39729
39773
43127
39730
39774
43128
39731
39775
43129
39732
39776
43130
39733
39777
43131
39734
39778
43132
39735
39779
43133
39736
39780
43134
39737
39781
43135
39738
39782
43136
39739
39783
43137
39740
39784
43138
39741
39785
43139
39742
39786
43140
39743
39787
43141
39744
39788
43142
39745
39789
43143
39746
39790
43144
39747
39791
43145
39748
39792
43146
39749
39793
43147
39750
39794
43148
39751
39795
43149
39752
39796
43150
39753
39797
43151
39754
39798
43152
39755
39799
43153
39756
39800
43154
39757
39801
43155
39758
39802
43156
39803
43157
39760
39804
43158
39761
39805
43159
39762
39806
43160
39763
39807
43161
39764
39808
43162
39765
39809
43163
39766
39810
43164
39767
39811
43165
39768
39812
43166
39769
39813
43167
39770
39814
43168
39771
39815
43169
39772
39816
43170
39773
39817
43171
39774
39818
43172
39775
39819
43173
39776
39820
43174
39777
39821
43175
39778
39822
43176
39779
39823
43177
39780
39824
43178
39781
39825
43179
39782
39826
43180
39783
39827
43181
39784
39828
43182
39785
39829
43183
39786
39830
43184
39787
39831
43185
39788
39832
43186
39789
39833
43187
39790
39834
43188
39791
39835
43189
39792
39836
43190
39793
39837
43191
39794
39838
43192
39795
39839
43193
39796
39840
43194
39797
39841
43195
39798
39842
43196
39799
39843
43197
39800
39844
43198
39801
39845
43199
39802
39846
43200
39803
39847
43201
39848
43202
39805
39849
43203
39806
39850
43204
39807
39851
43205
39808
39852
43206
39809
39853
43207
39810
39854
43208
39811
39855
43209
39812
39856
43210
39813
39857
43211
39814
39858
43212
39815
39859
43213
39816
39860
43214
39817
39861
43215
39818
39862
43216
39819
39863
43217
39820
39864
43218
39821
39865
43219
39822
39866
43220
39823
39867
43221
39824
39868
43222
39825
39869
43223
39826
39870
43224
39827
39871
43225
39828
39872
43226
39829
39873
43227
39830
39874
43228
39831
39875
43229
39832
39876
43230
39833
39877
43231
39834
39878
43232
39835
39879
43233
39836
39880
43234
39837
39881
43235
39838
39882
43236
39839
39883
43237
39840
39884
43238
39841
39885
43239
39842
39886
43240
39843
39887
43241
39844
39888
43242
39845
39889
43243
39846
39890
43244
39847
39891
43245
39848
39892
43246
39893
43247
39850
39894
43248
39851
39895
43249
39852
39896
43250
39853
39897
43251
39854
39898
43252
39855
39899
43253
39856
39900
43254
39857
39901
43255
39858
39902
43256
39859
39903
43257
39860
39904
43258
39861
39905
43259
39862
39906
43260
39863
39907
43261
39864
39908
43262
39865
39909
43263
39866
39910
43264
39867
39911
43265
39868
39912
43266
39869
39913
43267
39870
39914
43268
39871
39915
43269
39872
39916
43270
39873
39917
43271
39874
39918
43272
39875
39919
43273
39876
39920
43274
39877
39921
43275
39878
39922
43276
39879
39923
43277
39880
39924
43278
39881
39925
43279
39882
39926
43280
39883
39927
43281
39884
39928
43282
39885
39929
43283
39886
39930
43284
39887
39931
43285
39888
39932
43286
39889
39933
43287
39890
39934
43288
39891
39935
43289
39892
39936
43290
39893
39937
43291
39938
43292
39895
39939
43293
39896
39940
43294
39897
39941
43295
39898
39942
43296
39899
39943
43297
39900
39944
43298
39901
39945
43299
39902
39946
43300
39903
39947
43301
39904
39948
43302
39905
39949
43303
39906
39950
43304
39907
39951
43305
39908
39952
43306
39909
39953
43307
39910
39954
43308
39911
39955
43309
39912
39956
43310
39913
39957
43311
39914
39958
43312
39915
39959
43313
39916
39960
43314
39917
39961
43315
39918
39962
43316
39919
39963
43317
39920
39964
43318
39921
39965
43319
39922
39966
43320
39923
39967
43321
39924
39968
43322
39925
39969
43323
39926
39970
43324
39927
39971
43325
39928
39972
43326
39929
39973
43327
39930
39974
43328
39931
39975
43329
39932
39976
43330
39933
39977
43331
39934
39978
43332
39935
39979
43333
39936
39980
43334
39937
39981
43335
39938
39982
43336
39983
43337
39940
39984
43338
39941
39985
43339
39942
39986
43340
39943
39987
43341
39944
39988
43342
39945
39989
43343
39946
39990
43344
39947
39991
43345
39948
39992
43346
39949
39993
43347
39950
39994
43348
39951
39995
43349
39952
39996
43350
39953
39997
43351
39954
39998
43352
39955
39999
43353
39956
40000
43354
39957
40001
43355
39958
40002
43356
39959
40003
43357
39960
40004
43358
39961
40005
43359
39962
40006
43360
39963
40007
43361
39964
40008
43362
39965
40009
43363
39966
40010
43364
39967
40011
43365
39968
40012
43366
39969
40013
43367
39970
40014
43368
39971
40015
43369
39972
40016
43370
39973
40017
43371
39974
40018
43372
39975
40019
43373
39976
40020
43374
39977
40021
43375
39978
40022
43376
39979
40023
43377
39980
40024
43378
39981
40025
43379
39982
40026
43380
39983
40027
43381
40028
43382
39985
40029
43383
39986
40030
43384
39987
40031
43385
39988
40032
43386
39989
40033
43387
39990
40034
43388
39991
40035
43389
39992
40036
43390
39993
40037
43391
39994
40038
43392
39995
40039
43393
39996
40040
43394
39997
40041
43395
39998
40042
43396
39999
40043
43397
40000
40044
43398
40001
40045
43399
40002
40046
43400
40003
40047
43401
40004
40048
43402
40005
40049
43403
40006
40050
43404
40007
40051
43405
40008
40052
43406
40009
40053
43407
40010
40054
43408
40011
40055
43409
40012
40056
43410
40013
40057
43411
40014
40058
43412
40015
40059
43413
40016
40060
43414
40017
40061
43415
40018
40062
43416
40019
40063
43417
40020
40064
43418
40021
40065
43419
40022
40066
43420
40023
40067
43421
40024
40068
43422
40025
40069
43423
40026
40070
43424
40027
40071
43425
40028
40072
43426
40073
43427
40030
40074
43428
40031
40075
43429
40032
40076
43430
40033
40077
43431
40034
40078
43432
40035
40079
43433
40036
40080
43434
40037
40081
43435
40038
40082
43436
40039
40083
43437
40040
40084
43438
40041
40085
43439
40042
40086
43440
40043
40087
43441
40044
40088
43442
40045
40089
43443
40046
40090
43444
40047
40091
43445
40048
40092
43446
40049
40093
43447
40050
40094
43448
40051
40095
43449
40052
40096
43450
40053
40097
43451
40054
40098
43452
40055
40099
43453
40056
40100
43454
40057
40101
43455
40058
40102
43456
40059
40103
43457
40060
40104
43458
40061
40105
43459
40062
40106
43460
40063
40107
43461
40064
40108
43462
40065
40109
43463
40066
40110
43464
40067
40111
43465
40068
40112
43466
40069
40113
43467
40070
40114
43468
40071
40115
43469
40072
40116
43470
40073
40117
43471
40118
43472
40075
40119
43473
40076
40120
43474
40077
40121
43475
40078
40122
43476
40079
40123
43477
40080
40124
43478
40081
40125
43479
40082
40126
43480
40083
40127
43481
40084
40128
43482
40085
40129
43483
40086
40130
43484
40087
40131
43485
40088
40132
43486
40089
40133
43487
40090
40134
43488
40091
40135
43489
40092
40136
43490
40093
40137
43491
40094
40138
43492
40095
40139
43493
40096
40140
43494
40097
40141
43495
40098
40142
43496
40099
40143
43497
40100
40144
43498
40101
40145
43499
40102
40146
43500
40103
40147
43501
40104
40148
43502
40105
40149
43503
40106
40150
43504
40107
40151
43505
40108
40152
43506
40109
40153
43507
40110
40154
43508
40111
40155
43509
40112
40156
43510
40113
40157
43511
40114
40158
43512
40115
40159
43513
40116
40160
43514
40117
40161
43515
40118
40162
43516
40163
43517
40120
40164
43518
40121
40165
43519
40122
40166
43520
40123
40167
43521
40124
40168
43522
40125
40169
43523
40126
40170
43524
40127
40171
43525
40128
40172
43526
40129
40173
43527
40130
40174
43528
40131
40175
43529
40132
40176
43530
40133
40177
43531
40134
40178
43532
40135
40179
43533
40136
40180
43534
40137
40181
43535
40138
40182
43536
40139
40183
43537
40140
40184
43538
40141
40185
43539
40142
40186
43540
40143
40187
43541
40144
40188
43542
40145
40189
43543
40146
40190
43544
40147
40191
43545
40148
40192
43546
40149
40193
43547
40150
40194
43548
40151
40195
43549
40152
40196
43550
40153
40197
43551
40154
40198
43552
40155
40199
43553
40156
40200
43554
40157
40201
43555
40158
40202
43556
40159
40203
43557
40160
40204
43558
40161
40205
43559
40162
40206
43560
40163
40207
43561
40208
43562
40165
40209
43563
40166
40210
43564
40167
40211
43565
40168
40212
43566
40169
40213
43567
40170
40214
43568
40171
40215
43569
40172
40216
43570
40173
40217
43571
40174
40218
43572
40175
40219
43573
40176
40220
43574
40177
40221
43575
40178
40222
43576
40179
40223
43577
40180
40224
43578
40181
40225
43579
40182
40226
43580
40183
40227
43581
40184
40228
43582
40185
40229
43583
40186
40230
43584
40187
40231
43585
40188
40232
43586
40189
40233
43587
40190
40234
43588
40191
40235
43589
40192
40236
43590
40193
40237
43591
40194
40238
43592
40195
40239
43593
40196
40240
43594
40197
40241
43595
40198
40242
43596
40199
40243
43597
40200
40244
43598
40201
40245
43599
40202
40246
43600
40203
40247
43601
40204
40248
43602
40205
40249
43603
40206
40250
43604
40207
40251
43605
40208
40252
43606
40253
43607
40210
40254
43608
40211
40255
43609
40212
40256
43610
40213
40257
43611
40214
40258
43612
40215
40259
43613
40216
40260
43614
40217
40261
43615
40218
40262
43616
40219
40263
43617
40220
40264
43618
40221
40265
43619
40222
40266
43620
40223
40267
43621
40224
40268
43622
40225
40269
43623
40226
40270
43624
40227
40271
43625
40228
40272
43626
40229
40273
43627
40230
40274
43628
40231
40275
43629
40232
40276
43630
40233
40277
43631
40234
40278
43632
40235
40279
43633
40236
40280
43634
40237
40281
43635
40238
40282
43636
40239
40283
43637
40240
40284
43638
40241
40285
43639
40242
40286
43640
40243
40287
43641
40244
40288
43642
40245
40289
43643
40246
40290
43644
40247
40291
43645
40248
40292
43646
40249
40293
43647
40250
40294
43648
40251
40295
43649
40252
40296
43650
40253
40297
43651
40298
43652
40255
40299
43653
40256
40300
43654
40257
40301
43655
40258
40302
43656
40259
40303
43657
40260
40304
43658
40261
40305
43659
40262
40306
43660
40263
40307
43661
40264
40308
43662
40265
40309
43663
40266
40310
43664
40267
40311
43665
40268
40312
43666
40269
40313
43667
40270
40314
43668
40271
40315
43669
40272
40316
43670
40273
40317
43671
40274
40318
43672
40275
40319
43673
40276
40320
43674
40277
40321
43675
40278
40322
43676
40279
40323
43677
40280
40324
43678
40281
40325
43679
40282
40326
43680
40283
40327
43681
40284
40328
43682
40285
40329
43683
40286
40330
43684
40287
40331
43685
40288
40332
43686
40289
40333
43687
40290
40334
43688
40291
40335
43689
40292
40336
43690
40293
40337
43691
40294
40338
43692
40295
40339
43693
40296
40340
43694
40297
40341
43695
40298
40342
43696
40343
43697
40300
40344
43698
40301
40345
43699
40302
40346
43700
40303
40347
43701
40304
40348
43702
40305
40349
43703
40306
40350
43704
40307
40351
43705
40308
40352
43706
40309
40353
43707
40310
40354
43708
40311
40355
43709
40312
40356
43710
40313
40357
43711
40314
40358
43712
40315
40359
43713
40316
40360
43714
40317
40361
43715
40318
40362
43716
40319
40363
43717
40320
40364
43718
40321
40365
43719
40322
40366
43720
40323
40367
43721
40324
40368
43722
40325
40369
43723
40326
40370
43724
40327
40371
43725
40328
40372
43726
40329
40373
43727
40330
40374
43728
40331
40375
43729
40332
40376
43730
40333
40377
43731
40334
40378
43732
40335
40379
43733
40336
40380
43734
40337
40381
43735
40338
40382
43736
40339
40383
43737
40340
40384
43738
40341
40385
43739
40342
40386
43740
40343
40387
43741
40388
43742
40345
40389
43743
40346
40390
43744
40347
40391
43745
40348
40392
43746
40349
40393
43747
40350
40394
43748
40351
40395
43749
40352
40396
43750
40353
40397
43751
40354
40398
43752
40355
40399
43753
40356
40400
43754
40357
40401
43755
40358
40402
43756
40359
40403
43757
40360
40404
43758
40361
40405
43759
40362
40406
43760
40363
40407
43761
40364
40408
43762
40365
40409
43763
40366
40410
43764
40367
40411
43765
40368
40412
43766
40369
40413
43767
40370
40414
43768
40371
40415
43769
40372
40416
43770
40373
40417
43771
40374
40418
43772
40375
40419
43773
40376
40420
43774
40377
40421
43775
40378
40422
43776
40379
40423
43777
40380
40424
43778
40381
40425
43779
40382
40426
43780
40383
40427
43781
40384
40428
43782
40385
40429
43783
40386
40430
43784
40387
40431
43785
40388
40432
43786
40433
43787
40390
40434
43788
40391
40435
43789
40392
40436
43790
40393
40437
43791
40394
40438
43792
40395
40439
43793
40396
40440
43794
40397
40441
43795
40398
40442
43796
40399
40443
43797
40400
40444
43798
40401
40445
43799
40402
40446
43800
40403
40447
43801
40404
40448
43802
40405
40449
43803
40406
40450
43804
40407
40451
43805
40408
40452
43806
40409
40453
43807
40410
40454
43808
40411
40455
43809
40412
40456
43810
40413
40457
43811
40414
40458
43812
40415
40459
43813
40416
40460
43814
40417
40461
43815
40418
40462
43816
40419
40463
43817
40420
40464
43818
40421
40465
43819
40422
40466
43820
40423
40467
43821
40424
40468
43822
40425
40469
43823
40426
40470
43824
40427
40471
43825
40428
40472
43826
40429
40473
43827
40430
40474
43828
40431
40475
43829
40432
40476
43830
40433
40477
43831
40478
43832
40435
40479
43833
40436
40480
43834
40437
40481
43835
40438
40482
43836
40439
40483
43837
40440
40484
43838
40441
40485
43839
40442
40486
43840
40443
40487
43841
40444
40488
43842
40445
40489
43843
40446
40490
43844
40447
40491
43845
40448
40492
43846
40449
40493
43847
40450
40494
43848
40451
40495
43849
40452
40496
43850
40453
40497
43851
40454
40498
43852
40455
40499
43853
40456
40500
43854
40457
40501
43855
40458
40502
43856
40459
40503
43857
40460
40504
43858
40461
40505
43859
40462
40506
43860
40463
40507
43861
40464
40508
43862
40465
40509
43863
40466
40510
43864
40467
40511
43865
40468
40512
43866
40469
40513
43867
40470
40514
43868
40471
40515
43869
40472
40516
43870
40473
40517
43871
40474
40518
43872
40475
40519
43873
40476
40520
43874
40477
40521
43875
40478
40522
43876
40523
43877
40480
40524
43878
40481
40525
43879
40482
40526
43880
40483
40527
43881
40484
40528
43882
40485
40529
43883
40486
40530
43884
40487
40531
43885
40488
40532
43886
40489
40533
43887
40490
40534
43888
40491
40535
43889
40492
40536
43890
40493
40537
43891
40494
40538
43892
40495
40539
43893
40496
40540
43894
40497
40541
43895
40498
40542
43896
40499
40543
43897
40500
40544
43898
40501
40545
43899
40502
40546
43900
40503
40547
43901
40504
40548
43902
40505
40549
43903
40506
40550
43904
40507
40551
43905
40508
40552
43906
40509
40553
43907
40510
40554
43908
40511
40555
43909
40512
40556
43910
40513
40557
43911
40514
40558
43912
40515
40559
43913
40516
40560
43914
40517
40561
43915
40518
40562
43916
40519
40563
43917
40520
40564
43918
40521
40565
43919
40522
40566
43920
40523
40567
43921
40568
43922
40525
40570
43923
40526
40571
43924
40527
40572
43925
40528
40573
43926
40529
40574
43927
40530
40575
43928
40531
40576
43929
40532
40577
43930
40533
40578
43931
40534
40579
43932
40535
40580
43933
40536
40581
43934
40537
40582
43935
40538
40583
43936
40539
40584
43937
40540
40585
43938
40541
40586
43939
40542
40587
43940
40543
40588
43941
40544
40589
43942
40545
40590
43943
40546
40591
43944
40547
40592
43945
40548
40593
43946
40549
40594
43947
40550
40595
43948
40551
40596
43949
40552
40597
43950
40553
40598
43951
40554
40599
43952
40555
40600
43953
40556
40601
43954
40557
40602
43955
40558
40603
43956
40559
40604
43957
40560
40605
43958
40561
40606
43959
40562
40607
43960
40563
40608
43961
40564
40609
43962
40565
40610
43963
40566
40611
43964
40567
40612
43965
40568
40613
43966
40614
43967
40570
40615
40571
40616
43968
40572
40617
43969
40573
40618
43970
40574
40619
43971
40575
40620
43972
40576
40621
43973
40577
40622
43974
40578
40623
43975
40579
40624
43976
40580
40625
43977
40581
40626
43978
40582
40627
43979
40583
40628
43980
40584
40629
43981
40585
40630
43982
40586
40631
43983
40587
40632
43984
40588
40633
43985
40589
40634
43986
40590
40635
43987
40591
40636
43988
40592
40637
43989
40593
40638
43990
40594
40639
43991
40595
40640
43992
40596
40641
43993
40597
40642
43994
40598
40643
43995
40599
40644
43996
40600
40645
43997
40601
40646
43998
40602
40647
43999
40603
40648
44000
40604
40649
44001
40605
40650
44002
40606
40651
44003
40607
40652
44004
40608
40653
44005
40609
40654
44006
40610
40655
44007
40611
40656
44008
40612
40657
44009
40613
40658
44010
40614
40659
44011
40660
44012
40616
40661
44013
40617
40662
44014
40618
40663
44015
40619
40664
44016
40620
40665
44017
40621
40666
44018
40622
40667
44019
40623
40668
44020
40624
40669
44021
40625
40670
44022
40626
40671
44023
40627
40672
44024
40628
40673
44025
40629
40674
44026
40630
40675
44027
40631
40676
44028
40632
40677
44029
40633
40678
44030
40634
40679
44031
40635
40680
44032
40636
40681
44033
40637
40682
44034
40638
40683
44035
40639
40684
44036
40640
40685
44037
40641
40686
44038
40642
40687
44039
40643
40688
44040
40644
40689
44041
40645
40690
44042
40646
40691
44043
40647
40692
44044
40648
40693
44045
40649
40694
44046
40650
40695
44047
40651
40696
44048
40652
40697
44049
40653
40698
44050
40654
40699
44051
40655
40700
44052
40656
40701
44053
40657
40702
44054
40658
40703
44055
40659
40704
44056
40660
40705
44057
40706
44058
40662
40707
44059
40663
40708
44060
40664
40709
44061
40665
40710
44062
40666
40711
44063
40667
40712
44064
40668
40713
44065
40669
40714
44066
40670
40715
44067
40671
40716
44068
40672
40717
44069
40673
40718
44070
40674
40719
44071
40675
40720
44072
40676
40721
44073
40677
40722
44074
40678
40723
44075
40679
40724
44076
40680
40725
44077
40681
40726
44078
40682
40727
44079
40683
40728
44080
40684
40729
44081
40685
40730
44082
40686
40731
44083
40687
40732
44084
40688
40733
44085
40689
40734
44086
40690
40735
44087
40691
40736
44088
40692
40737
44089
40693
40738
44090
40694
40739
44091
40695
40740
44092
40696
40741
44093
40697
40742
44094
40698
40743
44095
40699
40744
44096
40700
40745
44097
40701
40746
44098
40702
40747
44099
40703
40748
44100
40704
40749
44101
40705
40750
44102
40706
40751
44103
40752
44104
40708
40753
44105
40709
40754
44106
40710
40755
44107
40711
40756
44108
40712
40757
44109
40713
40758
44110
40714
40759
44111
40715
40760
44112
40716
40761
44113
40717
40762
44114
40718
40763
44115
40719
40764
44116
40720
40765
44117
40721
40766
44118
40722
40767
44119
40723
40768
44120
40724
40769
44121
40725
40770
44122
40726
40771
44123
40727
40772
44124
40728
40773
44125
40729
40774
44126
40730
40775
44127
40731
40776
44128
40732
40777
44129
40733
40778
44130
40734
40779
44131
40735
40780
44132
40736
40781
44133
40737
40782
44134
40738
40783
44135
40739
40784
44136
40740
40785
44137
40741
40786
44138
40742
40787
44139
40743
40788
44140
40744
40789
44141
40745
40790
44142
40746
40791
44143
40747
40792
44144
40748
40793
44145
40749
40794
44146
40750
40795
44147
40751
40796
44148
40752
40797
44149
40798
44150
40754
40800
44151
40755
40801
44152
40756
40802
44153
40757
40803
44154
40758
40804
44155
40759
40805
44156
40760
40806
44157
40761
40807
44158
40762
40808
44159
40763
40809
44160
40764
40810
44161
40765
40811
44162
40766
40812
44163
40767
40813
44164
40768
40814
44165
40769
40815
44166
40770
40816
44167
40771
40817
44168
40772
40818
44169
40773
40819
44170
40774
40820
44171
40775
40821
44172
40776
40822
44173
40777
40823
44174
40778
40824
44175
40779
40825
44176
40780
40826
44177
40781
40827
44178
40782
40828
44179
40783
40829
44180
40784
40830
44181
40785
40831
44182
40786
40832
44183
40787
40833
44184
40788
40834
44185
40789
40835
44186
40790
40836
44187
40791
40837
44188
40792
40838
44189
40793
40839
44190
40794
40840
44191
40795
40841
44192
40796
40842
44193
40797
40843
44194
40798
40844
44195
40845
44196
40800
40847
44197
40801
40848
44198
40802
40849
44199
40803
40850
44200
40804
40851
44201
40805
40852
44202
40806
40853
44203
40807
40854
44204
40808
40855
44205
40809
40856
44206
40810
40857
44207
40811
40858
44208
40812
40859
44209
40813
40860
44210
40814
40861
44211
40815
40862
44212
40816
40863
44213
40817
40864
44214
40818
40865
44215
40819
40866
44216
40820
40867
44217
40821
40868
44218
40822
40869
44219
40823
40870
44220
40824
40871
44221
40825
40872
44222
40826
40873
44223
40827
40874
44224
40828
40875
44225
40829
40876
44226
40830
40877
44227
40831
40878
44228
40832
40879
44229
40833
40880
44230
40834
40881
44231
40835
40882
44232
40836
40883
44233
40837
40884
44234
40838
40885
44235
40839
40886
44236
40840
40887
44237
40841
40888
44238
40842
40889
44239
40843
40890
44240
40844
40891
44241
40845
40892
44242
40893
44243
40847
40894
44244
40848
40895
44245
40849
40896
44246
40850
40897
44247
40851
40898
44248
40852
40899
44249
40853
40900
44250
40854
40901
44251
40855
40902
44252
40856
40903
44253
40857
40904
44254
40858
40905
44255
40859
40906
44256
40860
40907
44257
40861
40908
44258
40862
40909
44259
40863
40910
44260
40864
40911
44261
40865
40912
44262
40866
40913
44263
40867
40914
44264
40868
40915
44265
40869
40916
44266
40870
40917
44267
40871
40918
44268
40872
40919
44269
40873
40920
44270
40874
40921
44271
40875
40922
44272
40876
40923
44273
40877
40924
44274
40878
40925
44275
40879
40926
44276
40880
40927
44277
40881
40928
44278
40882
40929
44279
40883
40930
44280
40884
40931
44281
40885
40932
44282
40886
40933
44283
40887
40934
44284
40888
40935
44285
40889
40936
44286
40890
40937
44287
40891
40938
44288
40892
40939
44289
40893
40940
44290
40941
44291
40895
40942
44292
40896
40943
44293
40897
40944
44294
40898
40945
44295
40899
40946
44296
40900
40947
44297
40901
40948
44298
40902
40949
44299
40903
40950
44300
40904
40951
44301
40905
40952
44302
40906
40953
44303
40907
40954
44304
40908
40955
44305
40909
40956
44306
40910
40957
44307
40911
40958
44308
40912
40959
44309
40913
40960
44310
40914
40961
44311
40915
40962
44312
40916
40963
44313
40917
40964
44314
40918
40965
44315
40919
40966
44316
40920
40967
44317
40921
40968
44318
40922
40969
44319
40923
40970
44320
40924
40971
44321
40925
40972
44322
40926
40973
44323
40927
40974
44324
40928
40975
44325
40929
40976
44326
40930
40977
44327
40931
40978
44328
40932
40979
44329
40933
40980
44330
40934
40981
44331
40935
40982
44332
40936
40983
44333
40937
40984
44334
40938
40985
44335
40939
40986
44336
40940
40987
44337
40941
40988
44338
40989
44339
40943
40990
44340
40944
40991
44341
40945
40992
44342
40946
40993
44343
40947
40994
44344
40948
40995
44345
40949
40996
44346
40950
40997
44347
40951
40998
44348
40952
40999
44349
40953
41000
44350
40954
41001
44351
40955
41002
44352
40956
41003
44353
40957
41004
44354
40958
41005
44355
40959
41006
44356
40960
41007
44357
40961
41008
44358
40962
41009
44359
40963
41010
44360
40964
41011
44361
40965
41012
44362
40966
41013
44363
40967
41014
44364
40968
41015
44365
40969
41016
44366
40970
41017
44367
40971
41018
44368
40972
41019
44369
40973
41020
44370
40974
41021
44371
40975
41022
44372
40976
41023
44373
40977
41024
44374
40978
41025
44375
40979
41026
44376
40980
41027
44377
40981
41028
44378
40982
41029
44379
40983
41030
44380
40984
41031
44381
40985
41032
44382
40986
41033
44383
40987
41034
44384
40988
41035
44385
40989
41036
44386
41037
44387
40991
41038
44388
40992
41039
44389
40993
41040
44390
40994
41041
44391
40995
41042
44392
40996
41043
44393
40997
41044
44394
40998
41045
44395
40999
41046
44396
41000
41047
44397
41001
41048
44398
41002
41049
44399
41003
41050
44400
41004
41051
44401
41005
41052
44402
41006
41053
44403
41007
41054
44404
41008
41055
44405
41009
41056
44406
41010
41057
44407
41011
41058
44408
41012
41059
44409
41013
41060
44410
41014
41061
44411
41015
41062
44412
41016
41063
44413
41017
41064
44414
41018
41065
44415
41019
41066
44416
41020
41067
44417
41021
41068
44418
41022
41069
44419
41023
41070
44420
41024
41071
44421
41025
41072
44422
41026
41073
44423
41027
41074
44424
41028
41075
44425
41029
41076
44426
41030
41077
44427
41031
41078
44428
41032
41079
44429
41033
41080
44430
41034
41081
44431
41035
41082
44432
41036
41083
44433
41037
41084
44434
41085
44435
41039
41086
44436
41040
41087
44437
41041
41088
44438
41042
41089
44439
41043
41090
44440
41044
41091
44441
41045
41092
44442
41046
41093
44443
41047
41094
44444
41048
41095
44445
41049
41096
44446
41050
41097
44447
41051
41098
44448
41052
41099
44449
41053
41100
44450
41054
41101
44451
41055
41102
44452
41056
41103
44453
41057
41104
44454
41058
41105
44455
41059
41106
44456
41060
41107
44457
41061
41108
44458
41062
41109
44459
41063
41110
44460
41064
41111
44461
41065
41112
44462
41066
41113
44463
41067
41114
44464
41068
41115
44465
41069
41116
44466
41070
41117
44467
41071
41118
44468
41072
41119
44469
41073
41120
44470
41074
41121
44471
41075
41122
44472
41076
41123
44473
41077
41124
44474
41078
41125
44475
41079
41126
44476
41080
41127
44477
41081
41128
44478
41082
41129
44479
41083
41130
44480
41084
41131
44481
41085
41132
44482
41133
44483
41087
41134
44484
41088
41135
44485
41089
41136
44486
41090
41137
44487
41091
41138
44488
41092
41139
44489
41093
41140
44490
41094
41141
44491
41095
41142
44492
41096
41143
44493
41097
41144
44494
41098
41145
44495
41099
41146
44496
41100
41147
44497
41101
41148
44498
41102
41149
44499
41103
41150
44500
41104
41151
44501
41105
41152
44502
41106
41153
44503
41107
41154
44504
41108
41155
44505
41109
41156
44506
41110
41157
44507
41111
41158
44508
41112
41159
44509
41113
41160
44510
41114
41161
44511
41115
41162
44512
41116
41163
44513
41117
41164
44514
41118
41165
44515
41119
41166
44516
41120
41167
44517
41121
41168
44518
41122
41169
44519
41123
41170
44520
41124
41171
44521
41125
41172
44522
41126
41173
44523
41127
41174
44524
41128
41175
44525
41129
41176
44526
41130
41177
44527
41131
41178
44528
41132
41179
44529
41133
41180
44530
41181
44531
41135
44532
41136
44533
41137
44534
41138
44535
41139
44536
41140
44537
41141
44538
41142
44539
41143
44540
41144
44541
41145
44542
41146
44543
41147
44544
41148
44545
41149
44546
41150
44547
41151
44548
41152
44549
41153
44550
41154
44551
41155
44552
41156
44553
41157
44554
41158
44555
41159
44556
41160
44557
41161
44558
41162
44559
41163
44560
41164
44561
41165
44562
41166
44563
41167
44564
41168
44565
41169
44566
41170
44567
41171
44568
41172
44569
41173
44570
41174
44571
41175
44572
41176
44573
41177
44574
41178
44575
41179
44576
41180
44577
41181
44578
44579
41183
41189
44532
44580
41184
41190
44581
41185
41191
44582
41186
41192
44583
41187
41193
44584
41188
41194
44585
44586
41190
41195
44484
44587
41191
41196
44588
41192
41197
44589
41193
41198
44590
41194
41199
44591
41200
44592
41196
41201
44436
44593
41197
41202
44594
41198
41203
44595
41199
41204
44596
41200
41205
44597
44598
41202
41206
44388
44599
41203
41207
44600
41204
41208
44601
41205
44602
41207
41209
44340
44603
41208
44604
44605
44292
44606
41213
44608
41212
41215
44610
41213
41216
44611
41217
44612
41215
41219
44614
41216
41220
44615
41217
41221
44616
41222
44617
41219
41225
44619
41220
41226
44620
41221
41227
44621
41222
41228
44622
41229
44623
41224
41231
44625
41225
41232
44626
41226
41233
44627
41227
41234
44628
41228
41235
44629
41229
41236
44630
41237
44631
41231
41240
44633
41232
41241
44634
41233
41242
44635
41234
41243
44636
41235
41244
44637
41236
41245
44638
41237
41246
44639
41247
44640
41239
41249
44642
41240
41250
44643
41241
41251
44644
41242
41252
44645
41243
41253
44646
41244
41254
44647
41245
41255
44648
41246
41256
44649
41247
41257
44650
41258
44651
41249
41261
44653
41250
41262
44654
41251
41263
44655
41252
41264
44656
41253
41265
44657
41254
41266
44658
41255
41267
44659
41256
41268
44660
41257
41269
44661
41258
41270
44662
41271
44663
41260
41273
41261
41274
44665
41262
41275
44666
41263
41276
44667
41264
41277
44668
41265
41278
44669
41266
41279
44670
41267
41280
44671
41268
41281
44672
41269
41282
44673
41270
41283
44674
41271
41284
44675
41285
44676
41273
41288
44678
41274
41289
44679
41275
41290
44680
41276
41291
44681
41277
41292
44682
41278
41293
44683
41279
41294
44684
41280
41295
44685
41281
41296
44686
41282
41297
44687
41283
41298
44688
41284
41299
44689
41285
41300
44690
41301
44691
41287
41304
41288
41305
44693
41289
41306
44694
41290
41307
44695
41291
41308
44696
41292
41309
44697
41293
41310
44698
41294
41311
44699
41295
41312
44700
41296
41313
44701
41297
41314
44702
41298
41315
44703
41299
41316
44704
41300
41317
44705
41301
41318
44706
41319
44707
41303
41322
41304
41323
44709
41305
41324
44710
41306
41325
44711
41307
41326
44712
41308
41327
44713
41309
41328
44714
41310
41329
44715
41311
41330
44716
41312
41331
44717
41313
41332
44718
41314
41333
44719
41315
41334
44720
41316
41335
44721
41317
41336
44722
41318
41337
44723
41319
41338
44724
41339
44725
41321
41342
41322
41343
44727
41323
41344
44728
41324
41345
44729
41325
41346
44730
41326
41347
44731
41327
41348
44732
41328
41349
44733
41329
41350
44734
41330
41351
44735
41331
41352
44736
41332
41353
44737
41333
41354
44738
41334
41355
44739
41335
41356
44740
41336
41357
44741
41337
41358
44742
41338
41359
44743
41339
41360
44744
41361
44745
41341
41362
41342
41363
44747
41343
41364
44748
41344
41365
44749
41345
41366
44750
41346
41367
44751
41347
41368
44752
41348
41369
44753
41349
41370
44754
41350
41371
44755
41351
41372
44756
41352
41373
44757
41353
41374
44758
41354
41375
44759
41355
41376
44760
41356
41377
44761
41357
41378
44762
41358
41379
44763
41359
41380
44764
41360
41381
44765
41361
41382
44766
41383
44767
41363
41384
44769
41364
41385
44770
41365
41386
44771
41366
41387
44772
41367
41388
44773
41368
41389
44774
41369
41390
44775
41370
41391
44776
41371
41392
44777
41372
41393
44778
41373
41394
44779
41374
41395
44780
41375
41396
44781
41376
41397
44782
41377
41398
44783
41378
41399
44784
41379
41400
44785
41380
41401
44786
41381
41402
44787
41382
41403
44788
41383
41404
44789
41405
44790
41385
41406
44792
41386
41407
44793
41387
41408
44794
41388
41409
44795
41389
41410
44796
41390
41411
44797
41391
41412
44798
41392
41413
44799
41393
41414
44800
41394
41415
44801
41395
41416
44802
41396
41417
44803
41397
41418
44804
41398
41419
44805
41399
41420
44806
41400
41421
44807
41401
41422
44808
41402
41423
44809
41403
41424
44810
41404
41425
44811
41405
41426
44812
41427
44813
41407
41429
44815
41408
41430
44816
41409
41431
44817
41410
41432
44818
41411
41433
44819
41412
41434
44820
41413
41435
44821
41414
41436
44822
41415
41437
44823
41416
41438
44824
41417
41439
44825
41418
41440
44826
41419
41441
44827
41420
41442
44828
41421
41443
44829
41422
41444
44830
41423
41445
44831
41424
41446
44832
41425
41447
44833
41426
41448
44834
41427
41449
44835
41428
41450
44836
41451
44837
41430
41452
44839
41431
41453
44840
41432
41454
44841
41433
41455
44842
41434
41456
44843
41435
41457
44844
41436
41458
44845
41437
41459
44846
41438
41460
44847
41439
41461
44848
41440
41462
44849
41441
41463
44850
41442
41464
44851
41443
41465
44852
41444
41466
44853
41445
41467
44854
41446
41468
44855
41447
41469
44856
41448
41470
44857
41449
41471
44858
41450
41472
44859
41451
41473
44860
41474
44861
41453
41475
44863
41454
41476
44864
41455
41477
44865
41456
41478
44866
41457
41479
44867
41458
41480
44868
41459
41481
44869
41460
41482
44870
41461
41483
44871
41462
41484
44872
41463
41485
44873
41464
41486
44874
41465
41487
44875
41466
41488
44876
41467
41489
44877
41468
41490
44878
41469
41491
44879
41470
41492
44880
41471
41493
44881
41472
41494
44882
41473
41495
44883
41474
41496
44884
41497
44885
41476
41498
44887
41477
41499
44888
41478
41500
44889
41479
41501
44890
41480
41502
44891
41481
41503
44892
41482
41504
44893
41483
41505
44894
41484
41506
44895
41485
41507
44896
41486
41508
44897
41487
41509
44898
41488
41510
44899
41489
41511
44900
41490
41512
44901
41491
41513
44902
41492
41514
44903
41493
41515
44904
41494
41516
44905
41495
41517
44906
41496
41518
44907
41497
41519
44908
41520
44909
41499
41521
44911
41500
41522
44912
41501
41523
44913
41502
41524
44914
41503
41525
44915
41504
41526
44916
41505
41527
44917
41506
41528
44918
41507
41529
44919
41508
41530
44920
41509
41531
44921
41510
41532
44922
41511
41533
44923
41512
41534
44924
41513
41535
44925
41514
41536
44926
41515
41537
44927
41516
41538
44928
41517
41539
44929
41518
41540
44930
41519
41541
44931
41520
41542
44932
41543
44933
41522
41545
44935
41523
41546
44936
41524
41547
44937
41525
41548
44938
41526
41549
44939
41527
41550
44940
41528
41551
44941
41529
41552
44942
41530
41553
44943
41531
41554
44944
41532
41555
44945
41533
41556
44946
41534
41557
44947
41535
41558
44948
41536
41559
44949
41537
41560
44950
41538
41561
44951
41539
41562
44952
41540
41563
44953
41541
41564
44954
41542
41565
44955
41543
41566
44956
41544
41567
44957
41568
44958
41546
41569
44960
41547
41570
44961
41548
41571
44962
41549
41572
44963
41550
41573
44964
41551
41574
44965
41552
41575
44966
41553
41576
44967
41554
41577
44968
41555
41578
44969
41556
41579
44970
41557
41580
44971
41558
41581
44972
41559
41582
44973
41560
41583
44974
41561
41584
44975
41562
41585
44976
41563
41586
44977
41564
41587
44978
41565
41588
44979
41566
41589
44980
41567
41590
44981
41568
41591
44982
41592
44983
41570
41593
44985
41571
41594
44986
41572
41595
44987
41573
41596
44988
41574
41597
44989
41575
41598
44990
41576
41599
44991
41577
41600
44992
41578
41601
44993
41579
41602
44994
41580
41603
44995
41581
41604
44996
41582
41605
44997
41583
41606
44998
41584
41607
44999
41585
41608
45000
41586
41609
45001
41587
41610
45002
41588
41611
45003
41589
41612
45004
41590
41613
45005
41591
41614
45006
41592
41615
45007
41616
45008
41594
41618
45010
41595
41619
45011
41596
41620
45012
41597
41621
45013
41598
41622
45014
41599
41623
45015
41600
41624
45016
41601
41625
45017
41602
41626
45018
41603
41627
45019
41604
41628
45020
41605
41629
45021
41606
41630
45022
41607
41631
45023
41608
41632
45024
41609
41633
45025
41610
41634
45026
41611
41635
45027
41612
41636
45028
41613
41637
45029
41614
41638
45030
41615
41639
45031
41616
41640
45032
41617
41641
45033
41642
45034
41619
41643
45035
41620
41644
45036
41621
41645
45037
41622
41646
45038
41623
41647
45039
41624
41648
45040
41625
41649
45041
41626
41650
45042
41627
41651
45043
41628
41652
45044
41629
41653
45045
41630
41654
45046
41631
41655
45047
41632
41656
45048
41633
41657
45049
41634
41658
45050
41635
41659
45051
41636
41660
45052
41637
41661
45053
41638
41662
45054
41639
41663
45055
41640
41664
45056
41641
41665
45057
41642
41666
45058
41667
45059
41644
41669
45061
41645
41670
45062
41646
41671
45063
41647
41672
45064
41648
41673
45065
41649
41674
45066
41650
41675
45067
41651
41676
45068
41652
41677
45069
41653
41678
45070
41654
41679
45071
41655
41680
45072
41656
41681
45073
41657
41682
45074
41658
41683
45075
41659
41684
45076
41660
41685
45077
41661
41686
45078
41662
41687
45079
41663
41688
45080
41664
41689
45081
41665
41690
45082
41666
41691
45083
41667
41692
45084
41668
41693
45085
41694
45086
41670
41695
45087
41671
41696
45088
41672
41697
45089
41673
41698
45090
41674
41699
45091
41675
41700
45092
41676
41701
45093
41677
41702
45094
41678
41703
45095
41679
41704
45096
41680
41705
45097
41681
41706
45098
41682
41707
45099
41683
41708
45100
41684
41709
45101
41685
41710
45102
41686
41711
45103
41687
41712
45104
41688
41713
45105
41689
41714
45106
41690
41715
45107
41691
41716
45108
41692
41717
45109
41693
41718
45110
41694
41719
45111
41720
45112
41696
41722
45114
41697
41723
45115
41698
41724
45116
41699
41725
45117
41700
41726
45118
41701
41727
45119
41702
41728
45120
41703
41729
45121
41704
41730
45122
41705
41731
45123
41706
41732
45124
41707
41733
45125
41708
41734
45126
41709
41735
45127
41710
41736
45128
41711
41737
45129
41712
41738
45130
41713
41739
45131
41714
41740
45132
41715
41741
45133
41716
41742
45134
41717
41743
45135
41718
41744
45136
41719
41745
45137
41720
41746
45138
41721
41747
45139
41748
45140
41723
41749
45141
41724
41750
45142
41725
41751
45143
41726
41752
45144
41727
41753
45145
41728
41754
45146
41729
41755
45147
41730
41756
45148
41731
41757
45149
41732
41758
45150
41733
41759
45151
41734
41760
45152
41735
41761
45153
41736
41762
45154
41737
41763
45155
41738
41764
45156
41739
41765
45157
41740
41766
45158
41741
41767
45159
41742
41768
45160
41743
41769
45161
41744
41770
45162
41745
41771
45163
41746
41772
45164
41747
41773
45165
41748
41774
45166
41775
45167
41750
41777
45169
41751
41778
45170
41752
41779
45171
41753
41780
45172
41754
41781
45173
41755
41782
45174
41756
41783
45175
41757
41784
45176
41758
41785
45177
41759
41786
45178
41760
41787
45179
41761
41788
45180
41762
41789
45181
41763
41790
45182
41764
41791
45183
41765
41792
45184
41766
41793
45185
41767
41794
45186
41768
41795
45187
41769
41796
45188
41770
41797
45189
41771
41798
45190
41772
41799
45191
41773
41800
45192
41774
41801
45193
41775
41802
45194
41776
41803
45195
41804
45196
41778
41806
45198
41779
41807
45199
41780
41808
45200
41781
41809
45201
41782
41810
45202
41783
41811
45203
41784
41812
45204
41785
41813
45205
41786
41814
45206
41787
41815
45207
41788
41816
45208
41789
41817
45209
41790
41818
45210
41791
41819
45211
41792
41820
45212
41793
41821
45213
41794
41822
45214
41795
41823
45215
41796
41824
45216
41797
41825
45217
41798
41826
45218
41799
41827
45219
41800
41828
45220
41801
41829
45221
41802
41830
45222
41803
41831
45223
41804
41832
45224
41805
41833
45225
41834
45226
41807
41836
45228
41808
41837
45229
41809
41838
45230
41810
41839
45231
41811
41840
45232
41812
41841
45233
41813
41842
45234
41814
41843
45235
41815
41844
45236
41816
41845
45237
41817
41846
45238
41818
41847
45239
41819
41848
45240
41820
41849
45241
41821
41850
45242
41822
41851
45243
41823
41852
45244
41824
41853
45245
41825
41854
45246
41826
41855
45247
41827
41856
45248
41828
41857
45249
41829
41858
45250
41830
41859
45251
41831
41860
45252
41832
41861
45253
41833
41862
45254
41834
41863
45255
41835
41864
45256
41865
45257
41837
41867
45259
41838
41868
45260
41839
41869
45261
41840
41870
45262
41841
41871
45263
41842
41872
45264
41843
41873
45265
41844
41874
45266
41845
41875
45267
41846
41876
45268
41847
41877
45269
41848
41878
45270
41849
41879
45271
41850
41880
45272
41851
41881
45273
41852
41882
45274
41853
41883
45275
41854
41884
45276
41855
41885
45277
41856
41886
45278
41857
41887
45279
41858
41888
45280
41859
41889
45281
41860
41890
45282
41861
41891
45283
41862
41892
45284
41863
41893
45285
41864
41894
45286
41865
41895
45287
41866
41896
45288
41897
45289
41868
41899
45290
41869
41900
45291
41870
41901
45292
41871
41902
45293
41872
41903
45294
41873
41904
45295
41874
41905
45296
41875
41906
45297
41876
41907
45298
41877
41908
45299
41878
41909
45300
41879
41910
45301
41880
41911
45302
41881
41912
45303
41882
41913
45304
41883
41914
45305
41884
41915
45306
41885
41916
45307
41886
41917
45308
41887
41918
45309
41888
41919
45310
41889
41920
45311
41890
41921
45312
41891
41922
45313
41892
41923
45314
41893
41924
45315
41894
41925
45316
41895
41926
45317
41896
41927
45318
41897
41928
45319
41898
41929
45320
41930
45321
41900
41932
45322
41901
41933
45323
41902
41934
45324
41903
41935
45325
41904
41936
45326
41905
41937
45327
41906
41938
45328
41907
41939
45329
41908
41940
45330
41909
41941
45331
41910
41942
45332
41911
41943
45333
41912
41944
45334
41913
41945
45335
41914
41946
45336
41915
41947
45337
41916
41948
45338
41917
41949
45339
41918
41950
45340
41919
41951
45341
41920
41952
45342
41921
41953
45343
41922
41954
45344
41923
41955
45345
41924
41956
45346
41925
41957
45347
41926
41958
45348
41927
41959
45349
41928
41960
45350
41929
41961
45351
41930
41962
45352
41931
41963
45353
41964
45354
41933
41966
45355
41934
41967
45356
41935
41968
45357
41936
41969
45358
41937
41970
45359
41938
41971
45360
41939
41972
45361
41940
41973
45362
41941
41974
45363
41942
41975
45364
41943
41976
45365
41944
41977
45366
41945
41978
45367
41946
41979
45368
41947
41980
45369
41948
41981
45370
41949
41982
45371
41950
41983
45372
41951
41984
45373
41952
41985
45374
41953
41986
45375
41954
41987
45376
41955
41988
45377
41956
41989
45378
41957
41990
45379
41958
41991
45380
41959
41992
45381
41960
41993
45382
41961
41994
45383
41962
41995
45384
41963
41996
45385
41964
41997
45386
41965
41998
45387
41999
45388
41967
42000
45389
41968
42001
45390
41969
42002
45391
41970
42003
45392
41971
42004
45393
41972
42005
45394
41973
42006
45395
41974
42007
45396
41975
42008
45397
41976
42009
45398
41977
42010
45399
41978
42011
45400
41979
42012
45401
41980
42013
45402
41981
42014
45403
41982
42015
45404
41983
42016
45405
41984
42017
45406
41985
42018
45407
41986
42019
45408
41987
42020
45409
41988
42021
45410
41989
42022
45411
41990
42023
45412
41991
42024
45413
41992
42025
45414
41993
42026
45415
41994
42027
45416
41995
42028
45417
41996
42029
45418
41997
42030
45419
41998
42031
45420
41999
42032
45421
42033
45422
42001
42035
45423
42002
42036
45424
42003
42037
45425
42004
42038
45426
42005
42039
45427
42006
42040
45428
42007
42041
45429
42008
42042
45430
42009
42043
45431
42010
42044
45432
42011
42045
45433
42012
42046
45434
42013
42047
45435
42014
42048
45436
42015
42049
45437
42016
42050
45438
42017
42051
45439
42018
42052
45440
42019
42053
45441
42020
42054
45442
42021
42055
45443
42022
42056
45444
42023
42057
45445
42024
42058
45446
42025
42059
45447
42026
42060
45448
42027
42061
45449
42028
42062
45450
42029
42063
45451
42030
42064
45452
42031
42065
45453
42032
42066
45454
42033
42067
45455
42034
42068
45456
42069
45457
42036
42070
45458
42037
42071
45459
42038
42072
45460
42039
42073
45461
42040
42074
45462
42041
42075
45463
42042
42076
45464
42043
42077
45465
42044
42078
45466
42045
42079
45467
42046
42080
45468
42047
42081
45469
42048
42082
45470
42049
42083
45471
42050
42084
45472
42051
42085
45473
42052
42086
45474
42053
42087
45475
42054
42088
45476
42055
42089
45477
42056
42090
45478
42057
42091
45479
42058
42092
45480
42059
42093
45481
42060
42094
45482
42061
42095
45483
42062
42096
45484
42063
42097
45485
42064
42098
45486
42065
42099
45487
42066
42100
45488
42067
42101
45489
42068
42102
45490
42069
42103
45491
42104
45492
42071
42106
45494
42072
42107
45495
42073
42108
45496
42074
42109
45497
42075
42110
45498
42076
42111
45499
42077
42112
45500
42078
42113
45501
42079
42114
45502
42080
42115
45503
42081
42116
45504
42082
42117
45505
42083
42118
45506
42084
42119
45507
42085
42120
45508
42086
42121
45509
42087
42122
45510
42088
42123
45511
42089
42124
45512
42090
42125
45513
42091
42126
45514
42092
42127
45515
42093
42128
45516
42094
42129
45517
42095
42130
45518
42096
42131
45519
42097
42132
45520
42098
42133
45521
42099
42134
45522
42100
42135
45523
42101
42136
45524
42102
42137
45525
42103
42138
45526
42104
42139
45527
42105
42140
45528
42141
45529
42107
42142
45530
42108
42143
45531
42109
42144
45532
42110
42145
45533
42111
42146
45534
42112
42147
45535
42113
42148
45536
42114
42149
45537
42115
42150
45538
42116
42151
45539
42117
42152
45540
42118
42153
45541
42119
42154
45542
42120
42155
45543
42121
42156
45544
42122
42157
45545
42123
42158
45546
42124
42159
45547
42125
42160
45548
42126
42161
45549
42127
42162
45550
42128
42163
45551
42129
42164
45552
42130
42165
45553
42131
42166
45554
42132
42167
45555
42133
42168
45556
42134
42169
45557
42135
42170
45558
42136
42171
45559
42137
42172
45560
42138
42173
45561
42139
42174
45562
42140
42175
45563
42141
42176
45564
42177
45565
42143
42179
45566
42144
42180
45567
42145
42181
45568
42146
42182
45569
42147
42183
45570
42148
42184
45571
42149
42185
45572
42150
42186
45573
42151
42187
45574
42152
42188
45575
42153
42189
45576
42154
42190
45577
42155
42191
45578
42156
42192
45579
42157
42193
45580
42158
42194
45581
42159
42195
45582
42160
42196
45583
42161
42197
45584
42162
42198
45585
42163
42199
45586
42164
42200
45587
42165
42201
45588
42166
42202
45589
42167
42203
45590
42168
42204
45591
42169
42205
45592
42170
42206
45593
42171
42207
45594
42172
42208
45595
42173
42209
45596
42174
42210
45597
42175
42211
45598
42176
42212
45599
42177
42213
45600
42178
42214
45601
42215
45602
42180
42216
45603
42181
42217
45604
42182
42218
45605
42183
42219
45606
42184
42220
45607
42185
42221
45608
42186
42222
45609
42187
42223
45610
42188
42224
45611
42189
42225
45612
42190
42226
45613
42191
42227
45614
42192
42228
45615
42193
42229
45616
42194
42230
45617
42195
42231
45618
42196
42232
45619
42197
42233
45620
42198
42234
45621
42199
42235
45622
42200
42236
45623
42201
42237
45624
42202
42238
45625
42203
42239
45626
42204
42240
45627
42205
42241
45628
42206
42242
45629
42207
42243
45630
42208
42244
45631
42209
42245
45632
42210
42246
45633
42211
42247
45634
42212
42248
45635
42213
42249
45636
42214
42250
45637
42215
42251
45638
42252
45639
42217
42218
42253
45640
42219
42254
45641
42220
42255
45642
42221
42256
45643
42222
42257
45644
42223
42258
45645
42224
42259
45646
42225
42260
45647
42226
42261
45648
42227
42262
45649
42228
42263
45650
42229
42264
45651
42230
42265
45652
42231
42266
45653
42232
42267
45654
42233
42268
45655
42234
42269
45656
42235
42270
45657
42236
42271
45658
42237
42272
45659
42238
42273
45660
42239
42274
45661
42240
42275
45662
42241
42276
45663
42242
42277
45664
42243
42278
45665
42244
42279
45666
42245
42280
45667
42246
42281
45668
42247
42282
45669
42248
42283
45670
42249
42284
45671
42250
42285
45672
42251
42286
45673
42252
42287
45674
42288
45675
42254
42290
45676
42255
42291
45677
42256
42292
45678
42257
42293
45679
42258
42294
45680
42259
42295
45681
42260
42296
45682
42261
42297
45683
42262
42298
45684
42263
42299
45685
42264
42300
45686
42265
42301
45687
42266
42302
45688
42267
42303
45689
42268
42304
45690
42269
42305
45691
42270
42306
45692
42271
42307
45693
42272
42308
45694
42273
42309
45695
42274
42310
45696
42275
42311
45697
42276
42312
45698
42277
42313
45699
42278
42314
45700
42279
42315
45701
42280
42316
45702
42281
42317
45703
42282
42318
45704
42283
42319
45705
42284
42320
45706
42285
42321
45707
42286
42322
45708
42287
42323
45709
42288
42324
45710
42289
42325
45711
42326
45712
42291
42327
45713
42292
42328
45714
42293
42329
45715
42294
42330
45716
42295
42331
45717
42296
42332
45718
42297
42333
45719
42298
42334
45720
42299
42335
45721
42300
42336
45722
42301
42337
45723
42302
42338
45724
42303
42339
45725
42304
42340
45726
42305
42341
45727
42306
42342
45728
42307
42343
45729
42308
42344
45730
42309
42345
45731
42310
42346
45732
42311
42347
45733
42312
42348
45734
42313
42349
45735
42314
42350
45736
42315
42351
45737
42316
42352
45738
42317
42353
45739
42318
42354
45740
42319
42355
45741
42320
42356
45742
42321
42357
45743
42322
42358
45744
42323
42359
45745
42324
42360
45746
42325
42361
45747
42326
42362
45748
42363
45749
42328
42329
42364
45750
42330
42365
45751
42331
42366
45752
42332
42367
45753
42333
42368
45754
42334
42369
45755
42335
42370
45756
42336
42371
45757
42337
42372
45758
42338
42373
45759
42339
42374
45760
42340
42375
45761
42341
42376
45762
42342
42377
45763
42343
42378
45764
42344
42379
45765
42345
42380
45766
42346
42381
45767
42347
42382
45768
42348
42383
45769
42349
42384
45770
42350
42385
45771
42351
42386
45772
42352
42387
45773
42353
42388
45774
42354
42389
45775
42355
42390
45776
42356
42391
45777
42357
42392
45778
42358
42393
45779
42359
42394
45780
42360
42395
45781
42361
42396
45782
42362
42397
45783
42363
42398
45784
42399
45785
42365
42400
45786
42366
42401
45787
42367
42402
45788
42368
42403
45789
42369
42404
45790
42370
42405
45791
42371
42406
45792
42372
42407
45793
42373
42408
45794
42374
42409
45795
42375
42410
45796
42376
42411
45797
42377
42412
45798
42378
42413
45799
42379
42414
45800
42380
42415
45801
42381
42416
45802
42382
42417
45803
42383
42418
45804
42384
42419
45805
42385
42420
45806
42386
42421
45807
42387
42422
45808
42388
42423
45809
42389
42424
45810
42390
42425
45811
42391
42426
45812
42392
42427
45813
42393
42428
45814
42394
42429
45815
42395
42430
45816
42396
42431
45817
42397
42432
45818
42398
42433
45819
42399
42434
45820
42435
45821
42401
42436
45822
42402
42437
45823
42403
42438
45824
42404
42439
45825
42405
42440
45826
42406
42441
45827
42407
42442
45828
42408
42443
45829
42409
42444
45830
42410
42445
45831
42411
42446
45832
42412
42447
45833
42413
42448
45834
42414
42449
45835
42415
42450
45836
42416
42451
45837
42417
42452
45838
42418
42453
45839
42419
42454
45840
42420
42455
45841
42421
42456
45842
42422
42457
45843
42423
42458
45844
42424
42459
45845
42425
42460
45846
42426
42461
45847
42427
42462
45848
42428
42463
45849
42429
42464
45850
42430
42465
45851
42431
42466
45852
42432
42467
45853
42433
42468
45854
42434
42469
45855
42435
42470
45856
42471
45857
42437
42473
45859
42438
42474
45860
42439
42475
45861
42440
42476
45862
42441
42477
45863
42442
42478
45864
42443
42479
45865
42444
42480
45866
42445
42481
45867
42446
42482
45868
42447
42483
45869
42448
42484
45870
42449
42485
45871
42450
42486
45872
42451
42487
45873
42452
42488
45874
42453
42489
45875
42454
42490
45876
42455
42491
45877
42456
42492
45878
42457
42493
45879
42458
42494
45880
42459
42495
45881
42460
42496
45882
42461
42497
45883
42462
42498
45884
42463
42499
45885
42464
42500
45886
42465
42501
45887
42466
42502
45888
42467
42503
45889
42468
42504
45890
42469
42505
45891
42470
42506
45892
42471
42507
45893
42472
42508
45894
42509
45895
42474
42510
45896
42475
42511
45897
42476
42512
45898
42477
42513
45899
42478
42514
45900
42479
42515
45901
42480
42516
45902
42481
42517
45903
42482
42518
45904
42483
42519
45905
42484
42520
45906
42485
42521
45907
42486
42522
45908
42487
42523
45909
42488
42524
45910
42489
42525
45911
42490
42526
45912
42491
42527
45913
42492
42528
45914
42493
42529
45915
42494
42530
45916
42495
42531
45917
42496
42532
45918
42497
42533
45919
42498
42534
45920
42499
42535
45921
42500
42536
45922
42501
42537
45923
42502
42538
45924
42503
42539
45925
42504
42540
45926
42505
42541
45927
42506
42542
45928
42507
42543
45929
42508
42544
45930
42509
42545
45931
42546
45932
42511
42547
45933
42512
42548
45934
42513
42549
45935
42514
42550
45936
42515
42551
45937
42516
42552
45938
42517
42553
45939
42518
42554
45940
42519
42555
45941
42520
42556
45942
42521
42557
45943
42522
42558
45944
42523
42559
45945
42524
42560
45946
42525
42561
45947
42526
42562
45948
42527
42563
45949
42528
42564
45950
42529
42565
45951
42530
42566
45952
42531
42567
45953
42532
42568
45954
42533
42569
45955
42534
42570
45956
42535
42571
45957
42536
42572
45958
42537
42573
45959
42538
42574
45960
42539
42575
45961
42540
42576
45962
42541
42577
45963
42542
42578
45964
42543
42579
45965
42544
42580
45966
42545
42581
45967
42546
42582
45968
42583
45969
42548
42585
45970
42549
42586
45971
42550
42587
45972
42551
42588
45973
42552
42589
45974
42553
42590
45975
42554
42591
45976
42555
42592
45977
42556
42593
45978
42557
42594
45979
42558
42595
45980
42559
42596
45981
42560
42597
45982
42561
42598
45983
42562
42599
45984
42563
42600
45985
42564
42601
45986
42565
42602
45987
42566
42603
45988
42567
42604
45989
42568
42605
45990
42569
42606
45991
42570
42607
45992
42571
42608
45993
42572
42609
45994
42573
42610
45995
42574
42611
45996
42575
42612
45997
42576
42613
45998
42577
42614
45999
42578
42615
46000
42579
42616
46001
42580
42617
46002
42581
42618
46003
42582
42619
46004
42583
42620
46005
42584
42621
46006
42622
46007
42586
42623
46008
42587
42624
46009
42588
42625
46010
42589
42626
46011
42590
42627
46012
42591
42628
46013
42592
42629
46014
42593
42630
46015
42594
42631
46016
42595
42632
46017
42596
42633
46018
42597
42634
46019
42598
42635
46020
42599
42636
46021
42600
42637
46022
42601
42638
46023
42602
42639
46024
42603
42640
46025
42604
42641
46026
42605
42642
46027
42606
42643
46028
42607
42644
46029
42608
42645
46030
42609
42646
46031
42610
42647
46032
42611
42648
46033
42612
42649
46034
42613
42650
46035
42614
42651
46036
42615
42652
46037
42616
42653
46038
42617
42654
46039
42618
42655
46040
42619
42656
46041
42620
42657
46042
42621
42658
46043
42622
42659
46044
42660
46045
42624
42661
46046
42625
42662
46047
42626
42663
46048
42627
42664
46049
42628
42665
46050
42629
42666
46051
42630
42667
46052
42631
42668
46053
42632
42669
46054
42633
42670
46055
42634
42671
46056
42635
42672
46057
42636
42673
46058
42637
42674
46059
42638
42675
46060
42639
42676
46061
42640
42677
46062
42641
42678
46063
42642
42679
46064
42643
42680
46065
42644
42681
46066
42645
42682
46067
42646
42683
46068
42647
42684
46069
42648
42685
46070
42649
42686
46071
42650
42687
46072
42651
42688
46073
42652
42689
46074
42653
42690
46075
42654
42691
46076
42655
42692
46077
42656
42693
46078
42657
42694
46079
42658
42695
46080
42659
42696
46081
42660
42697
46082
42698
46083
42662
42700
46084
42663
42701
46085
42664
42702
46086
42665
42703
46087
42666
42704
46088
42667
42705
46089
42668
42706
46090
42669
42707
46091
42670
42708
46092
42671
42709
46093
42672
42710
46094
42673
42711
46095
42674
42712
46096
42675
42713
46097
42676
42714
46098
42677
42715
46099
42678
42716
46100
42679
42717
46101
42680
42718
46102
42681
42719
46103
42682
42720
46104
42683
42721
46105
42684
42722
46106
42685
42723
46107
42686
42724
46108
42687
42725
46109
42688
42726
46110
42689
42727
46111
42690
42728
46112
42691
42729
46113
42692
42730
46114
42693
42731
46115
42694
42732
46116
42695
42733
46117
42696
42734
46118
42697
42735
46119
42698
42736
46120
42699
42737
46121
42738
46122
42701
42739
46123
42702
42740
46124
42703
42741
46125
42704
42742
46126
42705
42743
46127
42706
42744
46128
42707
42745
46129
42708
42746
46130
42709
42747
46131
42710
42748
46132
42711
42749
46133
42712
42750
46134
42713
42751
46135
42714
42752
46136
42715
42753
46137
42716
42754
46138
42717
42755
46139
42718
42756
46140
42719
42757
46141
42720
42758
46142
42721
42759
46143
42722
42760
46144
42723
42761
46145
42724
42762
46146
42725
42763
46147
42726
42764
46148
42727
42765
46149
42728
42766
46150
42729
42767
46151
42730
42768
46152
42731
42769
46153
42732
42770
46154
42733
42771
46155
42734
42772
46156
42735
42773
46157
42736
42774
46158
42737
42775
46159
42738
42776
46160
42777
46161
42740
42778
42741
42779
46162
42742
42780
46163
42743
42781
46164
42744
42782
46165
42745
42783
46166
42746
42784
46167
42747
42785
46168
42748
42786
46169
42749
42787
46170
42750
42788
46171
42751
42789
46172
42752
42790
46173
42753
42791
46174
42754
42792
46175
42755
42793
46176
42756
42794
46177
42757
42795
46178
42758
42796
46179
42759
42797
46180
42760
42798
46181
42761
42799
46182
42762
42800
46183
42763
42801
46184
42764
42802
46185
42765
42803
46186
42766
42804
46187
42767
42805
46188
42768
42806
46189
42769
42807
46190
42770
42808
46191
42771
42809
46192
42772
42810
46193
42773
42811
46194
42774
42812
46195
42775
42813
46196
42776
42814
46197
42777
42815
46198
42816
46199
42779
42818
42780
42819
46201
42781
42820
46202
42782
42821
46203
42783
42822
46204
42784
42823
46205
42785
42824
46206
42786
42825
46207
42787
42826
46208
42788
42827
46209
42789
42828
46210
42790
42829
46211
42791
42830
46212
42792
42831
46213
42793
42832
46214
42794
42833
46215
42795
42834
46216
42796
42835
46217
42797
42836
46218
42798
42837
46219
42799
42838
46220
42800
42839
46221
42801
42840
46222
42802
42841
46223
42803
42842
46224
42804
42843
46225
42805
42844
46226
42806
42845
46227
42807
42846
46228
42808
42847
46229
42809
42848
46230
42810
42849
46231
42811
42850
46232
42812
42851
46233
42813
42852
46234
42814
42853
46235
42815
42854
46236
42816
42855
46237
42817
42856
46238
42857
46239
42819
42858
42820
42859
46240
42821
42860
46241
42822
42861
46242
42823
42862
46243
42824
42863
46244
42825
42864
46245
42826
42865
46246
42827
42866
46247
42828
42867
46248
42829
42868
46249
42830
42869
46250
42831
42870
46251
42832
42871
46252
42833
42872
46253
42834
42873
46254
42835
42874
46255
42836
42875
46256
42837
42876
46257
42838
42877
46258
42839
42878
46259
42840
42879
46260
42841
42880
46261
42842
42881
46262
42843
42882
46263
42844
42883
46264
42845
42884
46265
42846
42885
46266
42847
42886
46267
42848
42887
46268
42849
42888
46269
42850
42889
46270
42851
42890
46271
42852
42891
46272
42853
42892
46273
42854
42893
46274
42855
42894
46275
42856
42895
46276
42857
42896
46277
42897
46278
42859
42899
42860
42900
46280
42861
42901
46281
42862
42902
46282
42863
42903
46283
42864
42904
46284
42865
42905
46285
42866
42906
46286
42867
42907
46287
42868
42908
46288
42869
42909
46289
42870
42910
46290
42871
42911
46291
42872
42912
46292
42873
42913
46293
42874
42914
46294
42875
42915
46295
42876
42916
46296
42877
42917
46297
42878
42918
46298
42879
42919
46299
42880
42920
46300
42881
42921
46301
42882
42922
46302
42883
42923
46303
42884
42924
46304
42885
42925
46305
42886
42926
46306
42887
42927
46307
42888
42928
46308
42889
42929
46309
42890
42930
46310
42891
42931
46311
42892
42932
46312
42893
42933
46313
42894
42934
46314
42895
42935
46315
42896
42936
46316
42897
42937
46317
42898
42938
46318
42939
46319
42900
42941
42901
42942
46320
42902
42943
46321
42903
42944
46322
42904
42945
46323
42905
42946
46324
42906
42947
46325
42907
42948
46326
42908
42949
46327
42909
42950
46328
42910
42951
46329
42911
42952
46330
42912
42953
46331
42913
42954
46332
42914
42955
46333
42915
42956
46334
42916
42957
46335
42917
42958
46336
42918
42959
46337
42919
42960
46338
42920
42961
46339
42921
42962
46340
42922
42963
46341
42923
42964
46342
42924
42965
46343
42925
42966
46344
42926
42967
46345
42927
42968
46346
42928
42969
46347
42929
42970
46348
42930
42971
46349
42931
42972
46350
42932
42973
46351
42933
42974
46352
42934
42975
46353
42935
42976
46354
42936
42977
46355
42937
42978
46356
42938
42979
46357
42939
42980
46358
42940
42981
46359
42982
46360
42942
42943
42983
46361
42944
42984
46362
42945
42985
46363
42946
42986
46364
42947
42987
46365
42948
42988
46366
42949
42989
46367
42950
42990
46368
42951
42991
46369
42952
42992
46370
42953
42993
46371
42954
42994
46372
42955
42995
46373
42956
42996
46374
42957
42997
46375
42958
42998
46376
42959
42999
46377
42960
43000
46378
42961
43001
46379
42962
43002
46380
42963
43003
46381
42964
43004
46382
42965
43005
46383
42966
43006
46384
42967
43007
46385
42968
43008
46386
42969
43009
46387
42970
43010
46388
42971
43011
46389
42972
43012
46390
42973
43013
46391
42974
43014
46392
42975
43015
46393
42976
43016
46394
42977
43017
46395
42978
43018
46396
42979
43019
46397
42980
43020
46398
42981
43021
46399
42982
43022
46400
43023
46401
42984
43025
46403
42985
43026
46404
42986
43027
46405
42987
43028
46406
42988
43029
46407
42989
43030
46408
42990
43031
46409
42991
43032
46410
42992
43033
46411
42993
43034
46412
42994
43035
46413
42995
43036
46414
42996
43037
46415
42997
43038
46416
42998
43039
46417
42999
43040
46418
43000
43041
46419
43001
43042
46420
43002
43043
46421
43003
43044
46422
43004
43045
46423
43005
43046
46424
43006
43047
46425
43007
43048
46426
43008
43049
46427
43009
43050
46428
43010
43051
46429
43011
43052
46430
43012
43053
46431
43013
43054
46432
43014
43055
46433
43015
43056
46434
43016
43057
46435
43017
43058
46436
43018
43059
46437
43019
43060
46438
43020
43061
46439
43021
43062
46440
43022
43063
46441
43023
43064
46442
43024
43065
46443
43066
46444
43026
43068
46445
43027
43069
46446
43028
43070
46447
43029
43071
46448
43030
43072
46449
43031
43073
46450
43032
43074
46451
43033
43075
46452
43034
43076
46453
43035
43077
46454
43036
43078
46455
43037
43079
46456
43038
43080
46457
43039
43081
46458
43040
43082
46459
43041
43083
46460
43042
43084
46461
43043
43085
46462
43044
43086
46463
43045
43087
46464
43046
43088
46465
43047
43089
46466
43048
43090
46467
43049
43091
46468
43050
43092
46469
43051
43093
46470
43052
43094
46471
43053
43095
46472
43054
43096
46473
43055
43097
46474
43056
43098
46475
43057
43099
46476
43058
43100
46477
43059
43101
46478
43060
43102
46479
43061
43103
46480
43062
43104
46481
43063
43105
46482
43064
43106
46483
43065
43107
46484
43066
43108
46485
43067
43109
46486
43110
46487
43069
43113
46489
43070
43114
46490
43071
43115
46491
43072
43116
46492
43073
43117
46493
43074
43118
46494
43075
43119
46495
43076
43120
46496
43077
43121
46497
43078
43122
46498
43079
43123
46499
43080
43124
46500
43081
43125
46501
43082
43126
46502
43083
43127
46503
43084
43128
46504
43085
43129
46505
43086
43130
46506
43087
43131
46507
43088
43132
46508
43089
43133
46509
43090
43134
46510
43091
43135
46511
43092
43136
46512
43093
43137
46513
43094
43138
46514
43095
43139
46515
43096
43140
46516
43097
43141
46517
43098
43142
46518
43099
43143
46519
43100
43144
46520
43101
43145
46521
43102
43146
46522
43103
43147
46523
43104
43148
46524
43105
43149
46525
43106
43150
46526
43107
43151
46527
43108
43152
46528
43109
43153
46529
43110
43154
46530
43111
43155
46531
43112
43156
46532
43157
46533
43114
43158
46534
43115
43159
46535
43116
43160
46536
43117
43161
46537
43118
43162
46538
43119
43163
46539
43120
43164
46540
43121
43165
46541
43122
43166
46542
43123
43167
46543
43124
43168
46544
43125
43169
46545
43126
43170
46546
43127
43171
46547
43128
43172
46548
43129
43173
46549
43130
43174
46550
43131
43175
46551
43132
43176
46552
43133
43177
46553
43134
43178
46554
43135
43179
46555
43136
43180
46556
43137
43181
46557
43138
43182
46558
43139
43183
46559
43140
43184
46560
43141
43185
46561
43142
43186
46562
43143
43187
46563
43144
43188
46564
43145
43189
46565
43146
43190
46566
43147
43191
46567
43148
43192
46568
43149
43193
46569
43150
43194
46570
43151
43195
46571
43152
43196
46572
43153
43197
46573
43154
43198
46574
43155
43199
46575
43156
43200
46576
43157
43201
46577
43202
46578
43159
43203
46579
43160
43204
46580
43161
43205
46581
43162
43206
46582
43163
43207
46583
43164
43208
46584
43165
43209
46585
43166
43210
46586
43167
43211
46587
43168
43212
46588
43169
43213
46589
43170
43214
46590
43171
43215
46591
43172
43216
46592
43173
43217
46593
43174
43218
46594
43175
43219
46595
43176
43220
46596
43177
43221
46597
43178
43222
46598
43179
43223
46599
43180
43224
46600
43181
43225
46601
43182
43226
46602
43183
43227
46603
43184
43228
46604
43185
43229
46605
43186
43230
46606
43187
43231
46607
43188
43232
46608
43189
43233
46609
43190
43234
46610
43191
43235
46611
43192
43236
46612
43193
43237
46613
43194
43238
46614
43195
43239
46615
43196
43240
46616
43197
43241
46617
43198
43242
46618
43199
43243
46619
43200
43244
46620
43201
43245
46621
43202
43246
46622
43247
46623
43204
43248
46624
43205
43249
46625
43206
43250
46626
43207
43251
46627
43208
43252
46628
43209
43253
46629
43210
43254
46630
43211
43255
46631
43212
43256
46632
43213
43257
46633
43214
43258
46634
43215
43259
46635
43216
43260
46636
43217
43261
46637
43218
43262
46638
43219
43263
46639
43220
43264
46640
43221
43265
46641
43222
43266
46642
43223
43267
46643
43224
43268
46644
43225
43269
46645
43226
43270
46646
43227
43271
46647
43228
43272
46648
43229
43273
46649
43230
43274
46650
43231
43275
46651
43232
43276
46652
43233
43277
46653
43234
43278
46654
43235
43279
46655
43236
43280
46656
43237
43281
46657
43238
43282
46658
43239
43283
46659
43240
43284
46660
43241
43285
46661
43242
43286
46662
43243
43287
46663
43244
43288
46664
43245
43289
46665
43246
43290
46666
43247
43291
46667
43292
46668
43249
43293
46669
43250
43294
46670
43251
43295
46671
43252
43296
46672
43253
43297
46673
43254
43298
46674
43255
43299
46675
43256
43300
46676
43257
43301
46677
43258
43302
46678
43259
43303
46679
43260
43304
46680
43261
43305
46681
43262
43306
46682
43263
43307
46683
43264
43308
46684
43265
43309
46685
43266
43310
46686
43267
43311
46687
43268
43312
46688
43269
43313
46689
43270
43314
46690
43271
43315
46691
43272
43316
46692
43273
43317
46693
43274
43318
46694
43275
43319
46695
43276
43320
46696
43277
43321
46697
43278
43322
46698
43279
43323
46699
43280
43324
46700
43281
43325
46701
43282
43326
46702
43283
43327
46703
43284
43328
46704
43285
43329
46705
43286
43330
46706
43287
43331
46707
43288
43332
46708
43289
43333
46709
43290
43334
46710
43291
43335
46711
43292
43336
46712
43337
46713
43294
43338
46714
43295
43339
46715
43296
43340
46716
43297
43341
46717
43298
43342
46718
43299
43343
46719
43300
43344
46720
43301
43345
46721
43302
43346
46722
43303
43347
46723
43304
43348
46724
43305
43349
46725
43306
43350
46726
43307
43351
46727
43308
43352
46728
43309
43353
46729
43310
43354
46730
43311
43355
46731
43312
43356
46732
43313
43357
46733
43314
43358
46734
43315
43359
46735
43316
43360
46736
43317
43361
46737
43318
43362
46738
43319
43363
46739
43320
43364
46740
43321
43365
46741
43322
43366
46742
43323
43367
46743
43324
43368
46744
43325
43369
46745
43326
43370
46746
43327
43371
46747
43328
43372
46748
43329
43373
46749
43330
43374
46750
43331
43375
46751
43332
43376
46752
43333
43377
46753
43334
43378
46754
43335
43379
46755
43336
43380
46756
43337
43381
46757
43382
46758
43339
43383
46759
43340
43384
46760
43341
43385
46761
43342
43386
46762
43343
43387
46763
43344
43388
46764
43345
43389
46765
43346
43390
46766
43347
43391
46767
43348
43392
46768
43349
43393
46769
43350
43394
46770
43351
43395
46771
43352
43396
46772
43353
43397
46773
43354
43398
46774
43355
43399
46775
43356
43400
46776
43357
43401
46777
43358
43402
46778
43359
43403
46779
43360
43404
46780
43361
43405
46781
43362
43406
46782
43363
43407
46783
43364
43408
46784
43365
43409
46785
43366
43410
46786
43367
43411
46787
43368
43412
46788
43369
43413
46789
43370
43414
46790
43371
43415
46791
43372
43416
46792
43373
43417
46793
43374
43418
46794
43375
43419
46795
43376
43420
46796
43377
43421
46797
43378
43422
46798
43379
43423
46799
43380
43424
46800
43381
43425
46801
43382
43426
46802
43427
46803
43384
43428
46804
43385
43429
46805
43386
43430
46806
43387
43431
46807
43388
43432
46808
43389
43433
46809
43390
43434
46810
43391
43435
46811
43392
43436
46812
43393
43437
46813
43394
43438
46814
43395
43439
46815
43396
43440
46816
43397
43441
46817
43398
43442
46818
43399
43443
46819
43400
43444
46820
43401
43445
46821
43402
43446
46822
43403
43447
46823
43404
43448
46824
43405
43449
46825
43406
43450
46826
43407
43451
46827
43408
43452
46828
43409
43453
46829
43410
43454
46830
43411
43455
46831
43412
43456
46832
43413
43457
46833
43414
43458
46834
43415
43459
46835
43416
43460
46836
43417
43461
46837
43418
43462
46838
43419
43463
46839
43420
43464
46840
43421
43465
46841
43422
43466
46842
43423
43467
46843
43424
43468
46844
43425
43469
46845
43426
43470
46846
43427
43471
46847
43472
46848
43429
43473
46849
43430
43474
46850
43431
43475
46851
43432
43476
46852
43433
43477
46853
43434
43478
46854
43435
43479
46855
43436
43480
46856
43437
43481
46857
43438
43482
46858
43439
43483
46859
43440
43484
46860
43441
43485
46861
43442
43486
46862
43443
43487
46863
43444
43488
46864
43445
43489
46865
43446
43490
46866
43447
43491
46867
43448
43492
46868
43449
43493
46869
43450
43494
46870
43451
43495
46871
43452
43496
46872
43453
43497
46873
43454
43498
46874
43455
43499
46875
43456
43500
46876
43457
43501
46877
43458
43502
46878
43459
43503
46879
43460
43504
46880
43461
43505
46881
43462
43506
46882
43463
43507
46883
43464
43508
46884
43465
43509
46885
43466
43510
46886
43467
43511
46887
43468
43512
46888
43469
43513
46889
43470
43514
46890
43471
43515
46891
43472
43516
46892
43517
46893
43474
43518
46894
43475
43519
46895
43476
43520
46896
43477
43521
46897
43478
43522
46898
43479
43523
46899
43480
43524
46900
43481
43525
46901
43482
43526
46902
43483
43527
46903
43484
43528
46904
43485
43529
46905
43486
43530
46906
43487
43531
46907
43488
43532
46908
43489
43533
46909
43490
43534
46910
43491
43535
46911
43492
43536
46912
43493
43537
46913
43494
43538
46914
43495
43539
46915
43496
43540
46916
43497
43541
46917
43498
43542
46918
43499
43543
46919
43500
43544
46920
43501
43545
46921
43502
43546
46922
43503
43547
46923
43504
43548
46924
43505
43549
46925
43506
43550
46926
43507
43551
46927
43508
43552
46928
43509
43553
46929
43510
43554
46930
43511
43555
46931
43512
43556
46932
43513
43557
46933
43514
43558
46934
43515
43559
46935
43516
43560
46936
43517
43561
46937
43562
46938
43519
43563
46939
43520
43564
46940
43521
43565
46941
43522
43566
46942
43523
43567
46943
43524
43568
46944
43525
43569
46945
43526
43570
46946
43527
43571
46947
43528
43572
46948
43529
43573
46949
43530
43574
46950
43531
43575
46951
43532
43576
46952
43533
43577
46953
43534
43578
46954
43535
43579
46955
43536
43580
46956
43537
43581
46957
43538
43582
46958
43539
43583
46959
43540
43584
46960
43541
43585
46961
43542
43586
46962
43543
43587
46963
43544
43588
46964
43545
43589
46965
43546
43590
46966
43547
43591
46967
43548
43592
46968
43549
43593
46969
43550
43594
46970
43551
43595
46971
43552
43596
46972
43553
43597
46973
43554
43598
46974
43555
43599
46975
43556
43600
46976
43557
43601
46977
43558
43602
46978
43559
43603
46979
43560
43604
46980
43561
43605
46981
43562
43606
46982
43607
46983
43564
43608
46984
43565
43609
46985
43566
43610
46986
43567
43611
46987
43568
43612
46988
43569
43613
46989
43570
43614
46990
43571
43615
46991
43572
43616
46992
43573
43617
46993
43574
43618
46994
43575
43619
46995
43576
43620
46996
43577
43621
46997
43578
43622
46998
43579
43623
46999
43580
43624
47000
43581
43625
47001
43582
43626
47002
43583
43627
47003
43584
43628
47004
43585
43629
47005
43586
43630
47006
43587
43631
47007
43588
43632
47008
43589
43633
47009
43590
43634
47010
43591
43635
47011
43592
43636
47012
43593
43637
47013
43594
43638
47014
43595
43639
47015
43596
43640
47016
43597
43641
47017
43598
43642
47018
43599
43643
47019
43600
43644
47020
43601
43645
47021
43602
43646
47022
43603
43647
47023
43604
43648
47024
43605
43649
47025
43606
43650
47026
43607
43651
47027
43652
47028
43609
43653
47029
43610
43654
47030
43611
43655
47031
43612
43656
47032
43613
43657
47033
43614
43658
47034
43615
43659
47035
43616
43660
47036
43617
43661
47037
43618
43662
47038
43619
43663
47039
43620
43664
47040
43621
43665
47041
43622
43666
47042
43623
43667
47043
43624
43668
47044
43625
43669
47045
43626
43670
47046
43627
43671
47047
43628
43672
47048
43629
43673
47049
43630
43674
47050
43631
43675
47051
43632
43676
47052
43633
43677
47053
43634
43678
47054
43635
43679
47055
43636
43680
47056
43637
43681
47057
43638
43682
47058
43639
43683
47059
43640
43684
47060
43641
43685
47061
43642
43686
47062
43643
43687
47063
43644
43688
47064
43645
43689
47065
43646
43690
47066
43647
43691
47067
43648
43692
47068
43649
43693
47069
43650
43694
47070
43651
43695
47071
43652
43696
47072
43697
47073
43654
43698
47074
43655
43699
47075
43656
43700
47076
43657
43701
47077
43658
43702
47078
43659
43703
47079
43660
43704
47080
43661
43705
47081
43662
43706
47082
43663
43707
47083
43664
43708
47084
43665
43709
47085
43666
43710
47086
43667
43711
47087
43668
43712
47088
43669
43713
47089
43670
43714
47090
43671
43715
47091
43672
43716
47092
43673
43717
47093
43674
43718
47094
43675
43719
47095
43676
43720
47096
43677
43721
47097
43678
43722
47098
43679
43723
47099
43680
43724
47100
43681
43725
47101
43682
43726
47102
43683
43727
47103
43684
43728
47104
43685
43729
47105
43686
43730
47106
43687
43731
47107
43688
43732
47108
43689
43733
47109
43690
43734
47110
43691
43735
47111
43692
43736
47112
43693
43737
47113
43694
43738
47114
43695
43739
47115
43696
43740
47116
43697
43741
47117
43742
47118
43699
43743
47119
43700
43744
47120
43701
43745
47121
43702
43746
47122
43703
43747
47123
43704
43748
47124
43705
43749
47125
43706
43750
47126
43707
43751
47127
43708
43752
47128
43709
43753
47129
43710
43754
47130
43711
43755
47131
43712
43756
47132
43713
43757
47133
43714
43758
47134
43715
43759
47135
43716
43760
47136
43717
43761
47137
43718
43762
47138
43719
43763
47139
43720
43764
47140
43721
43765
47141
43722
43766
47142
43723
43767
47143
43724
43768
47144
43725
43769
47145
43726
43770
47146
43727
43771
47147
43728
43772
47148
43729
43773
47149
43730
43774
47150
43731
43775
47151
43732
43776
47152
43733
43777
47153
43734
43778
47154
43735
43779
47155
43736
43780
47156
43737
43781
47157
43738
43782
47158
43739
43783
47159
43740
43784
47160
43741
43785
47161
43742
43786
47162
43787
47163
43744
43788
47164
43745
43789
47165
43746
43790
47166
43747
43791
47167
43748
43792
47168
43749
43793
47169
43750
43794
47170
43751
43795
47171
43752
43796
47172
43753
43797
47173
43754
43798
47174
43755
43799
47175
43756
43800
47176
43757
43801
47177
43758
43802
47178
43759
43803
47179
43760
43804
47180
43761
43805
47181
43762
43806
47182
43763
43807
47183
43764
43808
47184
43765
43809
47185
43766
43810
47186
43767
43811
47187
43768
43812
47188
43769
43813
47189
43770
43814
47190
43771
43815
47191
43772
43816
47192
43773
43817
47193
43774
43818
47194
43775
43819
47195
43776
43820
47196
43777
43821
47197
43778
43822
47198
43779
43823
47199
43780
43824
47200
43781
43825
47201
43782
43826
47202
43783
43827
47203
43784
43828
47204
43785
43829
47205
43786
43830
47206
43787
43831
47207
43832
47208
43789
43833
47209
43790
43834
47210
43791
43835
47211
43792
43836
47212
43793
43837
47213
43794
43838
47214
43795
43839
47215
43796
43840
47216
43797
43841
47217
43798
43842
47218
43799
43843
47219
43800
43844
47220
43801
43845
47221
43802
43846
47222
43803
43847
47223
43804
43848
47224
43805
43849
47225
43806
43850
47226
43807
43851
47227
43808
43852
47228
43809
43853
47229
43810
43854
47230
43811
43855
47231
43812
43856
47232
43813
43857
47233
43814
43858
47234
43815
43859
47235
43816
43860
47236
43817
43861
47237
43818
43862
47238
43819
43863
47239
43820
43864
47240
43821
43865
47241
43822
43866
47242
43823
43867
47243
43824
43868
47244
43825
43869
47245
43826
43870
47246
43827
43871
47247
43828
43872
47248
43829
43873
47249
43830
43874
47250
43831
43875
47251
43832
43876
47252
43877
47253
43834
43878
47254
43835
43879
47255
43836
43880
47256
43837
43881
47257
43838
43882
47258
43839
43883
47259
43840
43884
47260
43841
43885
47261
43842
43886
47262
43843
43887
47263
43844
43888
47264
43845
43889
47265
43846
43890
47266
43847
43891
47267
43848
43892
47268
43849
43893
47269
43850
43894
47270
43851
43895
47271
43852
43896
47272
43853
43897
47273
43854
43898
47274
43855
43899
47275
43856
43900
47276
43857
43901
47277
43858
43902
47278
43859
43903
47279
43860
43904
47280
43861
43905
47281
43862
43906
47282
43863
43907
47283
43864
43908
47284
43865
43909
47285
43866
43910
47286
43867
43911
47287
43868
43912
47288
43869
43913
47289
43870
43914
47290
43871
43915
47291
43872
43916
47292
43873
43917
47293
43874
43918
47294
43875
43919
47295
43876
43920
47296
43877
43921
47297
43922
47298
43879
43923
47299
43880
43924
47300
43881
43925
47301
43882
43926
47302
43883
43927
47303
43884
43928
47304
43885
43929
47305
43886
43930
47306
43887
43931
47307
43888
43932
47308
43889
43933
47309
43890
43934
47310
43891
43935
47311
43892
43936
47312
43893
43937
47313
43894
43938
47314
43895
43939
47315
43896
43940
47316
43897
43941
47317
43898
43942
47318
43899
43943
47319
43900
43944
47320
43901
43945
47321
43902
43946
47322
43903
43947
47323
43904
43948
47324
43905
43949
47325
43906
43950
47326
43907
43951
47327
43908
43952
47328
43909
43953
47329
43910
43954
47330
43911
43955
47331
43912
43956
47332
43913
43957
47333
43914
43958
47334
43915
43959
47335
43916
43960
47336
43917
43961
47337
43918
43962
47338
43919
43963
47339
43920
43964
47340
43921
43965
47341
43922
43966
47342
43967
47343
43924
43968
47344
43925
43969
47345
43926
43970
47346
43927
43971
47347
43928
43972
47348
43929
43973
47349
43930
43974
47350
43931
43975
47351
43932
43976
47352
43933
43977
47353
43934
43978
47354
43935
43979
47355
43936
43980
47356
43937
43981
47357
43938
43982
47358
43939
43983
47359
43940
43984
47360
43941
43985
47361
43942
43986
47362
43943
43987
47363
43944
43988
47364
43945
43989
47365
43946
43990
47366
43947
43991
47367
43948
43992
47368
43949
43993
47369
43950
43994
47370
43951
43995
47371
43952
43996
47372
43953
43997
47373
43954
43998
47374
43955
43999
47375
43956
44000
47376
43957
44001
47377
43958
44002
47378
43959
44003
47379
43960
44004
47380
43961
44005
47381
43962
44006
47382
43963
44007
47383
43964
44008
47384
43965
44009
47385
43966
44010
47386
43967
44011
47387
44012
47388
43969
44014
47389
43970
44015
47390
43971
44016
47391
43972
44017
47392
43973
44018
47393
43974
44019
47394
43975
44020
47395
43976
44021
47396
43977
44022
47397
43978
44023
47398
43979
44024
47399
43980
44025
47400
43981
44026
47401
43982
44027
47402
43983
44028
47403
43984
44029
47404
43985
44030
47405
43986
44031
47406
43987
44032
47407
43988
44033
47408
43989
44034
47409
43990
44035
47410
43991
44036
47411
43992
44037
47412
43993
44038
47413
43994
44039
47414
43995
44040
47415
43996
44041
47416
43997
44042
47417
43998
44043
47418
43999
44044
47419
44000
44045
47420
44001
44046
47421
44002
44047
47422
44003
44048
47423
44004
44049
47424
44005
44050
47425
44006
44051
47426
44007
44052
47427
44008
44053
47428
44009
44054
47429
44010
44055
47430
44011
44056
47431
44012
44057
47432
44058
47433
44014
44059
44015
44060
47434
44016
44061
47435
44017
44062
47436
44018
44063
47437
44019
44064
47438
44020
44065
47439
44021
44066
47440
44022
44067
47441
44023
44068
47442
44024
44069
47443
44025
44070
47444
44026
44071
47445
44027
44072
47446
44028
44073
47447
44029
44074
47448
44030
44075
47449
44031
44076
47450
44032
44077
47451
44033
44078
47452
44034
44079
47453
44035
44080
47454
44036
44081
47455
44037
44082
47456
44038
44083
47457
44039
44084
47458
44040
44085
47459
44041
44086
47460
44042
44087
47461
44043
44088
47462
44044
44089
47463
44045
44090
47464
44046
44091
47465
44047
44092
47466
44048
44093
47467
44049
44094
47468
44050
44095
47469
44051
44096
47470
44052
44097
47471
44053
44098
47472
44054
44099
47473
44055
44100
47474
44056
44101
47475
44057
44102
47476
44058
44103
47477
44104
47478
44060
44105
47479
44061
44106
47480
44062
44107
47481
44063
44108
47482
44064
44109
47483
44065
44110
47484
44066
44111
47485
44067
44112
47486
44068
44113
47487
44069
44114
47488
44070
44115
47489
44071
44116
47490
44072
44117
47491
44073
44118
47492
44074
44119
47493
44075
44120
47494
44076
44121
47495
44077
44122
47496
44078
44123
47497
44079
44124
47498
44080
44125
47499
44081
44126
47500
44082
44127
47501
44083
44128
47502
44084
44129
47503
44085
44130
47504
44086
44131
47505
44087
44132
47506
44088
44133
47507
44089
44134
47508
44090
44135
47509
44091
44136
47510
44092
44137
47511
44093
44138
47512
44094
44139
47513
44095
44140
47514
44096
44141
47515
44097
44142
47516
44098
44143
47517
44099
44144
47518
44100
44145
47519
44101
44146
47520
44102
44147
47521
44103
44148
47522
44104
44149
47523
44150
47524
44106
44151
47525
44107
44152
47526
44108
44153
47527
44109
44154
47528
44110
44155
47529
44111
44156
47530
44112
44157
47531
44113
44158
47532
44114
44159
47533
44115
44160
47534
44116
44161
47535
44117
44162
47536
44118
44163
47537
44119
44164
47538
44120
44165
47539
44121
44166
47540
44122
44167
47541
44123
44168
47542
44124
44169
47543
44125
44170
47544
44126
44171
47545
44127
44172
47546
44128
44173
47547
44129
44174
47548
44130
44175
47549
44131
44176
47550
44132
44177
47551
44133
44178
47552
44134
44179
47553
44135
44180
47554
44136
44181
47555
44137
44182
47556
44138
44183
47557
44139
44184
47558
44140
44185
47559
44141
44186
47560
44142
44187
47561
44143
44188
47562
44144
44189
47563
44145
44190
47564
44146
44191
47565
44147
44192
47566
44148
44193
47567
44149
44194
47568
44150
44195
47569
44196
47570
44152
44198
47571
44153
44199
47572
44154
44200
47573
44155
44201
47574
44156
44202
47575
44157
44203
47576
44158
44204
47577
44159
44205
47578
44160
44206
47579
44161
44207
47580
44162
44208
47581
44163
44209
47582
44164
44210
47583
44165
44211
47584
44166
44212
47585
44167
44213
47586
44168
44214
47587
44169
44215
47588
44170
44216
47589
44171
44217
47590
44172
44218
47591
44173
44219
47592
44174
44220
47593
44175
44221
47594
44176
44222
47595
44177
44223
47596
44178
44224
47597
44179
44225
47598
44180
44226
47599
44181
44227
47600
44182
44228
47601
44183
44229
47602
44184
44230
47603
44185
44231
47604
44186
44232
47605
44187
44233
47606
44188
44234
47607
44189
44235
47608
44190
44236
47609
44191
44237
47610
44192
44238
47611
44193
44239
47612
44194
44240
47613
44195
44241
47614
44196
44242
47615
44243
47616
44198
44245
47617
44199
44246
47618
44200
44247
47619
44201
44248
47620
44202
44249
47621
44203
44250
47622
44204
44251
47623
44205
44252
47624
44206
44253
47625
44207
44254
47626
44208
44255
47627
44209
44256
47628
44210
44257
47629
44211
44258
47630
44212
44259
47631
44213
44260
47632
44214
44261
47633
44215
44262
47634
44216
44263
47635
44217
44264
47636
44218
44265
47637
44219
44266
47638
44220
44267
47639
44221
44268
47640
44222
44269
47641
44223
44270
47642
44224
44271
47643
44225
44272
47644
44226
44273
47645
44227
44274
47646
44228
44275
47647
44229
44276
47648
44230
44277
47649
44231
44278
47650
44232
44279
47651
44233
44280
47652
44234
44281
47653
44235
44282
47654
44236
44283
47655
44237
44284
47656
44238
44285
47657
44239
44286
47658
44240
44287
47659
44241
44288
47660
44242
44289
47661
44243
44290
47662
44291
47663
44245
44292
47664
44246
44293
47665
44247
44294
47666
44248
44295
47667
44249
44296
47668
44250
44297
47669
44251
44298
47670
44252
44299
47671
44253
44300
47672
44254
44301
47673
44255
44302
47674
44256
44303
47675
44257
44304
47676
44258
44305
47677
44259
44306
47678
44260
44307
47679
44261
44308
47680
44262
44309
47681
44263
44310
47682
44264
44311
47683
44265
44312
47684
44266
44313
47685
44267
44314
47686
44268
44315
47687
44269
44316
47688
44270
44317
47689
44271
44318
47690
44272
44319
47691
44273
44320
47692
44274
44321
47693
44275
44322
47694
44276
44323
47695
44277
44324
47696
44278
44325
47697
44279
44326
47698
44280
44327
47699
44281
44328
47700
44282
44329
47701
44283
44330
47702
44284
44331
47703
44285
44332
47704
44286
44333
47705
44287
44334
47706
44288
44335
47707
44289
44336
47708
44290
44337
47709
44291
44338
47710
44339
47711
44293
44340
47712
44294
44341
47713
44295
44342
47714
44296
44343
47715
44297
44344
47716
44298
44345
47717
44299
44346
47718
44300
44347
47719
44301
44348
47720
44302
44349
47721
44303
44350
47722
44304
44351
47723
44305
44352
47724
44306
44353
47725
44307
44354
47726
44308
44355
47727
44309
44356
47728
44310
44357
47729
44311
44358
47730
44312
44359
47731
44313
44360
47732
44314
44361
47733
44315
44362
47734
44316
44363
47735
44317
44364
47736
44318
44365
47737
44319
44366
47738
44320
44367
47739
44321
44368
47740
44322
44369
47741
44323
44370
47742
44324
44371
47743
44325
44372
47744
44326
44373
47745
44327
44374
47746
44328
44375
47747
44329
44376
47748
44330
44377
47749
44331
44378
47750
44332
44379
47751
44333
44380
47752
44334
44381
47753
44335
44382
47754
44336
44383
47755
44337
44384
47756
44338
44385
47757
44339
44386
47758
44387
47759
44341
44388
47760
44342
44389
47761
44343
44390
47762
44344
44391
47763
44345
44392
47764
44346
44393
47765
44347
44394
47766
44348
44395
47767
44349
44396
47768
44350
44397
47769
44351
44398
47770
44352
44399
47771
44353
44400
47772
44354
44401
47773
44355
44402
47774
44356
44403
47775
44357
44404
47776
44358
44405
47777
44359
44406
47778
44360
44407
47779
44361
44408
47780
44362
44409
47781
44363
44410
47782
44364
44411
47783
44365
44412
47784
44366
44413
47785
44367
44414
47786
44368
44415
47787
44369
44416
47788
44370
44417
47789
44371
44418
47790
44372
44419
47791
44373
44420
47792
44374
44421
47793
44375
44422
47794
44376
44423
47795
44377
44424
47796
44378
44425
47797
44379
44426
47798
44380
44427
47799
44381
44428
47800
44382
44429
47801
44383
44430
47802
44384
44431
47803
44385
44432
47804
44386
44433
47805
44387
44434
47806
44435
47807
44389
44436
47808
44390
44437
47809
44391
44438
47810
44392
44439
47811
44393
44440
47812
44394
44441
47813
44395
44442
47814
44396
44443
47815
44397
44444
47816
44398
44445
47817
44399
44446
47818
44400
44447
47819
44401
44448
47820
44402
44449
47821
44403
44450
47822
44404
44451
47823
44405
44452
47824
44406
44453
47825
44407
44454
47826
44408
44455
47827
44409
44456
47828
44410
44457
47829
44411
44458
47830
44412
44459
47831
44413
44460
47832
44414
44461
47833
44415
44462
47834
44416
44463
47835
44417
44464
47836
44418
44465
47837
44419
44466
47838
44420
44467
47839
44421
44468
47840
44422
44469
47841
44423
44470
47842
44424
44471
47843
44425
44472
47844
44426
44473
47845
44427
44474
47846
44428
44475
47847
44429
44476
47848
44430
44477
47849
44431
44478
47850
44432
44479
47851
44433
44480
47852
44434
44481
47853
44435
44482
47854
44483
47855
44437
44484
47856
44438
44485
47857
44439
44486
47858
44440
44487
47859
44441
44488
47860
44442
44489
47861
44443
44490
47862
44444
44491
47863
44445
44492
47864
44446
44493
47865
44447
44494
47866
44448
44495
47867
44449
44496
47868
44450
44497
47869
44451
44498
47870
44452
44499
47871
44453
44500
47872
44454
44501
47873
44455
44502
47874
44456
44503
47875
44457
44504
47876
44458
44505
47877
44459
44506
47878
44460
44507
47879
44461
44508
47880
44462
44509
47881
44463
44510
47882
44464
44511
47883
44465
44512
47884
44466
44513
47885
44467
44514
47886
44468
44515
47887
44469
44516
47888
44470
44517
47889
44471
44518
47890
44472
44519
47891
44473
44520
47892
44474
44521
47893
44475
44522
47894
44476
44523
47895
44477
44524
47896
44478
44525
47897
44479
44526
47898
44480
44527
47899
44481
44528
47900
44482
44529
47901
44483
44530
47902
44531
47903
44485
44532
47904
44486
44533
47905
44487
44534
47906
44488
44535
47907
44489
44536
47908
44490
44537
47909
44491
44538
47910
44492
44539
47911
44493
44540
47912
44494
44541
47913
44495
44542
47914
44496
44543
47915
44497
44544
47916
44498
44545
47917
44499
44546
47918
44500
44547
47919
44501
44548
47920
44502
44549
47921
44503
44550
47922
44504
44551
47923
44505
44552
47924
44506
44553
47925
44507
44554
47926
44508
44555
47927
44509
44556
47928
44510
44557
47929
44511
44558
47930
44512
44559
47931
44513
44560
47932
44514
44561
47933
44515
44562
47934
44516
44563
47935
44517
44564
47936
44518
44565
47937
44519
44566
47938
44520
44567
47939
44521
44568
47940
44522
44569
47941
44523
44570
47942
44524
44571
47943
44525
44572
47944
44526
44573
47945
44527
44574
47946
44528
44575
47947
44529
44576
47948
44530
44577
47949
44531
44578
47950
44579
47951
44533
47952
44534
47953
44535
47954
44536
47955
44537
47956
44538
47957
44539
47958
44540
47959
44541
47960
44542
47961
44543
47962
44544
47963
44545
47964
44546
47965
44547
47966
44548
47967
44549
47968
44550
47969
44551
47970
44552
47971
44553
47972
44554
47973
44555
47974
44556
47975
44557
47976
44558
47977
44559
47978
44560
47979
44561
47980
44562
47981
44563
47982
44564
47983
44565
47984
44566
47985
44567
47986
44568
47987
44569
47988
44570
47989
44571
47990
44572
47991
44573
47992
44574
47993
44575
47994
44576
47995
44577
47996
44578
47997
44579
47998
47999
44581
44587
47952
44582
44588
44583
44589
44584
44590
44585
44591
44586
44592
44588
44593
47904
44589
44594
44590
44595
44591
44596
44592
44597
44598
44594
44599
47856
44595
44600
44596
44601
44597
44602
44598
44600
44603
47808
44601
44604
44602
44605
44604
44606
47760
44605
47712
44609
44609
44612
44613
44611
44615
44612
44616
44613
44617
44618
44615
44620
44616
44621
44617
44622
44618
44623
44624
44620
44627
44621
44628
44622
44629
44623
44630
44624
44631
44632
44626
44634
44627
44635
44628
44636
44629
44637
44630
44638
44631
44639
44632
44640
44641
44634
44644
44635
44645
44636
44646
44637
44647
44638
44648
44639
44649
44640
44650
44641
44651
44652
44643
44654
44644
44655
44645
44656
44646
44657
44647
44658
44648
44659
44649
44660
44650
44661
44651
44662
44652
44663
44664
44654
44666
44655
44667
44656
44668
44657
44669
44658
44670
44659
44671
44660
44672
44661
44673
44662
44674
44663
44675
44664
44676
44677
44666
44680
44667
44681
44668
44682
44669
44683
44670
44684
44671
44685
44672
44686
44673
44687
44674
44688
44675
44689
44676
44690
44677
44691
44692
44679
44694
44680
44695
44681
44696
44682
44697
44683
44698
44684
44699
44685
44700
44686
44701
44687
44702
44688
44703
44689
44704
44690
44705
44691
44706
44692
44707
44708
44694
44711
44695
44712
44696
44713
44697
44714
44698
44715
44699
44716
44700
44717
44701
44718
44702
44719
44703
44720
44704
44721
44705
44722
44706
44723
44707
44724
44708
44725
44726
44710
44729
44711
44730
44712
44731
44713
44732
44714
44733
44715
44734
44716
44735
44717
44736
44718
44737
44719
44738
44720
44739
44721
44740
44722
44741
44723
44742
44724
44743
44725
44744
44726
44745
44746
44728
44749
44729
44750
44730
44751
44731
44752
44732
44753
44733
44754
44734
44755
44735
44756
44736
44757
44737
44758
44738
44759
44739
44760
44740
44761
44741
44762
44742
44763
44743
44764
44744
44765
44745
44766
44746
44767
44768
44748
44770
44749
44771
44750
44772
44751
44773
44752
44774
44753
44775
44754
44776
44755
44777
44756
44778
44757
44779
44758
44780
44759
44781
44760
44782
44761
44783
44762
44784
44763
44785
44764
44786
44765
44787
44766
44788
44767
44789
44768
44790
44791
44770
44792
44771
44793
44772
44794
44773
44795
44774
44796
44775
44797
44776
44798
44777
44799
44778
44800
44779
44801
44780
44802
44781
44803
44782
44804
44783
44805
44784
44806
44785
44807
44786
44808
44787
44809
44788
44810
44789
44811
44790
44812
44791
44813
44814
44793
44815
44794
44816
44795
44817
44796
44818
44797
44819
44798
44820
44799
44821
44800
44822
44801
44823
44802
44824
44803
44825
44804
44826
44805
44827
44806
44828
44807
44829
44808
44830
44809
44831
44810
44832
44811
44833
44812
44834
44813
44835
44814
44836
44837
44816
44839
44817
44840
44818
44841
44819
44842
44820
44843
44821
44844
44822
44845
44823
44846
44824
44847
44825
44848
44826
44849
44827
44850
44828
44851
44829
44852
44830
44853
44831
44854
44832
44855
44833
44856
44834
44857
44835
44858
44836
44859
44837
44860
44838
44861
44862
44840
44863
44841
44864
44842
44865
44843
44866
44844
44867
44845
44868
44846
44869
44847
44870
44848
44871
44849
44872
44850
44873
44851
44874
44852
44875
44853
44876
44854
44877
44855
44878
44856
44879
44857
44880
44858
44881
44859
44882
44860
44883
44861
44884
44862
44885
44886
44864
44887
44865
44888
44866
44889
44867
44890
44868
44891
44869
44892
44870
44893
44871
44894
44872
44895
44873
44896
44874
44897
44875
44898
44876
44899
44877
44900
44878
44901
44879
44902
44880
44903
44881
44904
44882
44905
44883
44906
44884
44907
44885
44908
44886
44909
44910
44888
44911
44889
44912
44890
44913
44891
44914
44892
44915
44893
44916
44894
44917
44895
44918
44896
44919
44897
44920
44898
44921
44899
44922
44900
44923
44901
44924
44902
44925
44903
44926
44904
44927
44905
44928
44906
44929
44907
44930
44908
44931
44909
44932
44910
44933
44934
44912
44935
44913
44936
44914
44937
44915
44938
44916
44939
44917
44940
44918
44941
44919
44942
44920
44943
44921
44944
44922
44945
44923
44946
44924
44947
44925
44948
44926
44949
44927
44950
44928
44951
44929
44952
44930
44953
44931
44954
44932
44955
44933
44956
44934
44957
44958
44936
44960
44937
44961
44938
44962
44939
44963
44940
44964
44941
44965
44942
44966
44943
44967
44944
44968
44945
44969
44946
44970
44947
44971
44948
44972
44949
44973
44950
44974
44951
44975
44952
44976
44953
44977
44954
44978
44955
44979
44956
44980
44957
44981
44958
44982
44959
44983
44984
44961
44985
44962
44986
44963
44987
44964
44988
44965
44989
44966
44990
44967
44991
44968
44992
44969
44993
44970
44994
44971
44995
44972
44996
44973
44997
44974
44998
44975
44999
44976
45000
44977
45001
44978
45002
44979
45003
44980
45004
44981
45005
44982
45006
44983
45007
44984
45008
45009
44986
45010
44987
45011
44988
45012
44989
45013
44990
45014
44991
45015
44992
45016
44993
45017
44994
45018
44995
45019
44996
45020
44997
45021
44998
45022
44999
45023
45000
45024
45001
45025
45002
45026
45003
45027
45004
45028
45005
45029
45006
45030
45007
45031
45008
45032
45009
45033
45034
45011
45035
45012
45036
45013
45037
45014
45038
45015
45039
45016
45040
45017
45041
45018
45042
45019
45043
45020
45044
45021
45045
45022
45046
45023
45047
45024
45048
45025
45049
45026
45050
45027
45051
45028
45052
45029
45053
45030
45054
45031
45055
45032
45056
45033
45057
45034
45058
45059
45036
45061
45037
45062
45038
45063
45039
45064
45040
45065
45041
45066
45042
45067
45043
45068
45044
45069
45045
45070
45046
45071
45047
45072
45048
45073
45049
45074
45050
45075
45051
45076
45052
45077
45053
45078
45054
45079
45055
45080
45056
45081
45057
45082
45058
45083
45059
45084
45060
45085
45086
45062
45087
45063
45088
45064
45089
45065
45090
45066
45091
45067
45092
45068
45093
45069
45094
45070
45095
45071
45096
45072
45097
45073
45098
45074
45099
45075
45100
45076
45101
45077
45102
45078
45103
45079
45104
45080
45105
45081
45106
45082
45107
45083
45108
45084
45109
45085
45110
45086
45111
45112
45088
45114
45089
45115
45090
45116
45091
45117
45092
45118
45093
45119
45094
45120
45095
45121
45096
45122
45097
45123
45098
45124
45099
45125
45100
45126
45101
45127
45102
45128
45103
45129
45104
45130
45105
45131
45106
45132
45107
45133
45108
45134
45109
45135
45110
45136
45111
45137
45112
45138
45113
45139
45140
45115
45141
45116
45142
45117
45143
45118
45144
45119
45145
45120
45146
45121
45147
45122
45148
45123
45149
45124
45150
45125
45151
45126
45152
45127
45153
45128
45154
45129
45155
45130
45156
45131
45157
45132
45158
45133
45159
45134
45160
45135
45161
45136
45162
45137
45163
45138
45164
45139
45165
45140
45166
45167
45142
45169
45143
45170
45144
45171
45145
45172
45146
45173
45147
45174
45148
45175
45149
45176
45150
45177
45151
45178
45152
45179
45153
45180
45154
45181
45155
45182
45156
45183
45157
45184
45158
45185
45159
45186
45160
45187
45161
45188
45162
45189
45163
45190
45164
45191
45165
45192
45166
45193
45167
45194
45168
45195
45196
45170
45198
45171
45199
45172
45200
45173
45201
45174
45202
45175
45203
45176
45204
45177
45205
45178
45206
45179
45207
45180
45208
45181
45209
45182
45210
45183
45211
45184
45212
45185
45213
45186
45214
45187
45215
45188
45216
45189
45217
45190
45218
45191
45219
45192
45220
45193
45221
45194
45222
45195
45223
45196
45224
45197
45225
45226
45199
45228
45200
45229
45201
45230
45202
45231
45203
45232
45204
45233
45205
45234
45206
45235
45207
45236
45208
45237
45209
45238
45210
45239
45211
45240
45212
45241
45213
45242
45214
45243
45215
45244
45216
45245
45217
45246
45218
45247
45219
45248
45220
45249
45221
45250
45222
45251
45223
45252
45224
45253
45225
45254
45226
45255
45227
45256
45257
45229
45259
45230
45260
45231
45261
45232
45262
45233
45263
45234
45264
45235
45265
45236
45266
45237
45267
45238
45268
45239
45269
45240
45270
45241
45271
45242
45272
45243
45273
45244
45274
45245
45275
45246
45276
45247
45277
45248
45278
45249
45279
45250
45280
45251
45281
45252
45282
45253
45283
45254
45284
45255
45285
45256
45286
45257
45287
45258
45288
45289
45260
45290
45261
45291
45262
45292
45263
45293
45264
45294
45265
45295
45266
45296
45267
45297
45268
45298
45269
45299
45270
45300
45271
45301
45272
45302
45273
45303
45274
45304
45275
45305
45276
45306
45277
45307
45278
45308
45279
45309
45280
45310
45281
45311
45282
45312
45283
45313
45284
45314
45285
45315
45286
45316
45287
45317
45288
45318
45289
45319
45320
45291
45322
45292
45323
45293
45324
45294
45325
45295
45326
45296
45327
45297
45328
45298
45329
45299
45330
45300
45331
45301
45332
45302
45333
45303
45334
45304
45335
45305
45336
45306
45337
45307
45338
45308
45339
45309
45340
45310
45341
45311
45342
45312
45343
45313
45344
45314
45345
45315
45346
45316
45347
45317
45348
45318
45349
45319
45350
45320
45351
45321
45352
45353
45323
45355
45324
45356
45325
45357
45326
45358
45327
45359
45328
45360
45329
45361
45330
45362
45331
45363
45332
45364
45333
45365
45334
45366
45335
45367
45336
45368
45337
45369
45338
45370
45339
45371
45340
45372
45341
45373
45342
45374
45343
45375
45344
45376
45345
45377
45346
45378
45347
45379
45348
45380
45349
45381
45350
45382
45351
45383
45352
45384
45353
45385
45354
45386
45387
45356
45389
45357
45390
45358
45391
45359
45392
45360
45393
45361
45394
45362
45395
45363
45396
45364
45397
45365
45398
45366
45399
45367
45400
45368
45401
45369
45402
45370
45403
45371
45404
45372
45405
45373
45406
45374
45407
45375
45408
45376
45409
45377
45410
45378
45411
45379
45412
45380
45413
45381
45414
45382
45415
45383
45416
45384
45417
45385
45418
45386
45419
45387
45420
45388
45421
45422
45390
45423
45391
45424
45392
45425
45393
45426
45394
45427
45395
45428
45396
45429
45397
45430
45398
45431
45399
45432
45400
45433
45401
45434
45402
45435
45403
45436
45404
45437
45405
45438
45406
45439
45407
45440
45408
45441
45409
45442
45410
45443
45411
45444
45412
45445
45413
45446
45414
45447
45415
45448
45416
45449
45417
45450
45418
45451
45419
45452
45420
45453
45421
45454
45422
45455
45456
45424
45458
45425
45459
45426
45460
45427
45461
45428
45462
45429
45463
45430
45464
45431
45465
45432
45466
45433
45467
45434
45468
45435
45469
45436
45470
45437
45471
45438
45472
45439
45473
45440
45474
45441
45475
45442
45476
45443
45477
45444
45478
45445
45479
45446
45480
45447
45481
45448
45482
45449
45483
45450
45484
45451
45485
45452
45486
45453
45487
45454
45488
45455
45489
45456
45490
45457
45491
45492
45459
45494
45460
45495
45461
45496
45462
45497
45463
45498
45464
45499
45465
45500
45466
45501
45467
45502
45468
45503
45469
45504
45470
45505
45471
45506
45472
45507
45473
45508
45474
45509
45475
45510
45476
45511
45477
45512
45478
45513
45479
45514
45480
45515
45481
45516
45482
45517
45483
45518
45484
45519
45485
45520
45486
45521
45487
45522
45488
45523
45489
45524
45490
45525
45491
45526
45492
45527
45493
45528
45529
45495
45530
45496
45531
45497
45532
45498
45533
45499
45534
45500
45535
45501
45536
45502
45537
45503
45538
45504
45539
45505
45540
45506
45541
45507
45542
45508
45543
45509
45544
45510
45545
45511
45546
45512
45547
45513
45548
45514
45549
45515
45550
45516
45551
45517
45552
45518
45553
45519
45554
45520
45555
45521
45556
45522
45557
45523
45558
45524
45559
45525
45560
45526
45561
45527
45562
45528
45563
45529
45564
45565
45531
45566
45532
45567
45533
45568
45534
45569
45535
45570
45536
45571
45537
45572
45538
45573
45539
45574
45540
45575
45541
45576
45542
45577
45543
45578
45544
45579
45545
45580
45546
45581
45547
45582
45548
45583
45549
45584
45550
45585
45551
45586
45552
45587
45553
45588
45554
45589
45555
45590
45556
45591
45557
45592
45558
45593
45559
45594
45560
45595
45561
45596
45562
45597
45563
45598
45564
45599
45565
45600
45601
45567
45603
45568
45604
45569
45605
45570
45606
45571
45607
45572
45608
45573
45609
45574
45610
45575
45611
45576
45612
45577
45613
45578
45614
45579
45615
45580
45616
45581
45617
45582
45618
45583
45619
45584
45620
45585
45621
45586
45622
45587
45623
45588
45624
45589
45625
45590
45626
45591
45627
45592
45628
45593
45629
45594
45630
45595
45631
45596
45632
45597
45633
45598
45634
45599
45635
45600
45636
45601
45637
45602
45638
45639
45604
45605
45640
45606
45641
45607
45642
45608
45643
45609
45644
45610
45645
45611
45646
45612
45647
45613
45648
45614
45649
45615
45650
45616
45651
45617
45652
45618
45653
45619
45654
45620
45655
45621
45656
45622
45657
45623
45658
45624
45659
45625
45660
45626
45661
45627
45662
45628
45663
45629
45664
45630
45665
45631
45666
45632
45667
45633
45668
45634
45669
45635
45670
45636
45671
45637
45672
45638
45673
45639
45674
45675
45641
45676
45642
45677
45643
45678
45644
45679
45645
45680
45646
45681
45647
45682
45648
45683
45649
45684
45650
45685
45651
45686
45652
45687
45653
45688
45654
45689
45655
45690
45656
45691
45657
45692
45658
45693
45659
45694
45660
45695
45661
45696
45662
45697
45663
45698
45664
45699
45665
45700
45666
45701
45667
45702
45668
45703
45669
45704
45670
45705
45671
45706
45672
45707
45673
45708
45674
45709
45675
45710
45711
45677
45713
45678
45714
45679
45715
45680
45716
45681
45717
45682
45718
45683
45719
45684
45720
45685
45721
45686
45722
45687
45723
45688
45724
45689
45725
45690
45726
45691
45727
45692
45728
45693
45729
45694
45730
45695
45731
45696
45732
45697
45733
45698
45734
45699
45735
45700
45736
45701
45737
45702
45738
45703
45739
45704
45740
45705
45741
45706
45742
45707
45743
45708
45744
45709
45745
45710
45746
45711
45747
45712
45748
45749
45714
45715
45750
45716
45751
45717
45752
45718
45753
45719
45754
45720
45755
45721
45756
45722
45757
45723
45758
45724
45759
45725
45760
45726
45761
45727
45762
45728
45763
45729
45764
45730
45765
45731
45766
45732
45767
45733
45768
45734
45769
45735
45770
45736
45771
45737
45772
45738
45773
45739
45774
45740
45775
45741
45776
45742
45777
45743
45778
45744
45779
45745
45780
45746
45781
45747
45782
45748
45783
45749
45784
45785
45751
45786
45752
45787
45753
45788
45754
45789
45755
45790
45756
45791
45757
45792
45758
45793
45759
45794
45760
45795
45761
45796
45762
45797
45763
45798
45764
45799
45765
45800
45766
45801
45767
45802
45768
45803
45769
45804
45770
45805
45771
45806
45772
45807
45773
45808
45774
45809
45775
45810
45776
45811
45777
45812
45778
45813
45779
45814
45780
45815
45781
45816
45782
45817
45783
45818
45784
45819
45785
45820
45821
45787
45822
45788
45823
45789
45824
45790
45825
45791
45826
45792
45827
45793
45828
45794
45829
45795
45830
45796
45831
45797
45832
45798
45833
45799
45834
45800
45835
45801
45836
45802
45837
45803
45838
45804
45839
45805
45840
45806
45841
45807
45842
45808
45843
45809
45844
45810
45845
45811
45846
45812
45847
45813
45848
45814
45849
45815
45850
45816
45851
45817
45852
45818
45853
45819
45854
45820
45855
45821
45856
45857
45823
45859
45824
45860
45825
45861
45826
45862
45827
45863
45828
45864
45829
45865
45830
45866
45831
45867
45832
45868
45833
45869
45834
45870
45835
45871
45836
45872
45837
45873
45838
45874
45839
45875
45840
45876
45841
45877
45842
45878
45843
45879
45844
45880
45845
45881
45846
45882
45847
45883
45848
45884
45849
45885
45850
45886
45851
45887
45852
45888
45853
45889
45854
45890
45855
45891
45856
45892
45857
45893
45858
45894
45895
45860
45896
45861
45897
45862
45898
45863
45899
45864
45900
45865
45901
45866
45902
45867
45903
45868
45904
45869
45905
45870
45906
45871
45907
45872
45908
45873
45909
45874
45910
45875
45911
45876
45912
45877
45913
45878
45914
45879
45915
45880
45916
45881
45917
45882
45918
45883
45919
45884
45920
45885
45921
45886
45922
45887
45923
45888
45924
45889
45925
45890
45926
45891
45927
45892
45928
45893
45929
45894
45930
45895
45931
45932
45897
45933
45898
45934
45899
45935
45900
45936
45901
45937
45902
45938
45903
45939
45904
45940
45905
45941
45906
45942
45907
45943
45908
45944
45909
45945
45910
45946
45911
45947
45912
45948
45913
45949
45914
45950
45915
45951
45916
45952
45917
45953
45918
45954
45919
45955
45920
45956
45921
45957
45922
45958
45923
45959
45924
45960
45925
45961
45926
45962
45927
45963
45928
45964
45929
45965
45930
45966
45931
45967
45932
45968
45969
45934
45970
45935
45971
45936
45972
45937
45973
45938
45974
45939
45975
45940
45976
45941
45977
45942
45978
45943
45979
45944
45980
45945
45981
45946
45982
45947
45983
45948
45984
45949
45985
45950
45986
45951
45987
45952
45988
45953
45989
45954
45990
45955
45991
45956
45992
45957
45993
45958
45994
45959
45995
45960
45996
45961
45997
45962
45998
45963
45999
45964
46000
45965
46001
45966
46002
45967
46003
45968
46004
45969
46005
46006
45971
46008
45972
46009
45973
46010
45974
46011
45975
46012
45976
46013
45977
46014
45978
46015
45979
46016
45980
46017
45981
46018
45982
46019
45983
46020
45984
46021
45985
46022
45986
46023
45987
46024
45988
46025
45989
46026
45990
46027
45991
46028
45992
46029
45993
46030
45994
46031
45995
46032
45996
46033
45997
46034
45998
46035
45999
46036
46000
46037
46001
46038
46002
46039
46003
46040
46004
46041
46005
46042
46006
46043
46007
46044
46045
46009
46046
46010
46047
46011
46048
46012
46049
46013
46050
46014
46051
46015
46052
46016
46053
46017
46054
46018
46055
46019
46056
46020
46057
46021
46058
46022
46059
46023
46060
46024
46061
46025
46062
46026
46063
46027
46064
46028
46065
46029
46066
46030
46067
46031
46068
46032
46069
46033
46070
46034
46071
46035
46072
46036
46073
46037
46074
46038
46075
46039
46076
46040
46077
46041
46078
46042
46079
46043
46080
46044
46081
46045
46082
46083
46047
46084
46048
46085
46049
46086
46050
46087
46051
46088
46052
46089
46053
46090
46054
46091
46055
46092
46056
46093
46057
46094
46058
46095
46059
46096
46060
46097
46061
46098
46062
46099
46063
46100
46064
46101
46065
46102
46066
46103
46067
46104
46068
46105
46069
46106
46070
46107
46071
46108
46072
46109
46073
46110
46074
46111
46075
46112
46076
46113
46077
46114
46078
46115
46079
46116
46080
46117
46081
46118
46082
46119
46083
46120
46121
46085
46123
46086
46124
46087
46125
46088
46126
46089
46127
46090
46128
46091
46129
46092
46130
46093
46131
46094
46132
46095
46133
46096
46134
46097
46135
46098
46136
46099
46137
46100
46138
46101
46139
46102
46140
46103
46141
46104
46142
46105
46143
46106
46144
46107
46145
46108
46146
46109
46147
46110
46148
46111
46149
46112
46150
46113
46151
46114
46152
46115
46153
46116
46154
46117
46155
46118
46156
46119
46157
46120
46158
46121
46159
46122
46160
46161
46124
46125
46162
46126
46163
46127
46164
46128
46165
46129
46166
46130
46167
46131
46168
46132
46169
46133
46170
46134
46171
46135
46172
46136
46173
46137
46174
46138
46175
46139
46176
46140
46177
46141
46178
46142
46179
46143
46180
46144
46181
46145
46182
46146
46183
46147
46184
46148
46185
46149
46186
46150
46187
46151
46188
46152
46189
46153
46190
46154
46191
46155
46192
46156
46193
46157
46194
46158
46195
46159
46196
46160
46197
46161
46198
46199
46163
46201
46164
46202
46165
46203
46166
46204
46167
46205
46168
46206
46169
46207
46170
46208
46171
46209
46172
46210
46173
46211
46174
46212
46175
46213
46176
46214
46177
46215
46178
46216
46179
46217
46180
46218
46181
46219
46182
46220
46183
46221
46184
46222
46185
46223
46186
46224
46187
46225
46188
46226
46189
46227
46190
46228
46191
46229
46192
46230
46193
46231
46194
46232
46195
46233
46196
46234
46197
46235
46198
46236
46199
46237
46200
46238
46239
46202
46240
46203
46241
46204
46242
46205
46243
46206
46244
46207
46245
46208
46246
46209
46247
46210
46248
46211
46249
46212
46250
46213
46251
46214
46252
46215
46253
46216
46254
46217
46255
46218
46256
46219
46257
46220
46258
46221
46259
46222
46260
46223
46261
46224
46262
46225
46263
46226
46264
46227
46265
46228
46266
46229
46267
46230
46268
46231
46269
46232
46270
46233
46271
46234
46272
46235
46273
46236
46274
46237
46275
46238
46276
46239
46277
46278
46241
46280
46242
46281
46243
46282
46244
46283
46245
46284
46246
46285
46247
46286
46248
46287
46249
46288
46250
46289
46251
46290
46252
46291
46253
46292
46254
46293
46255
46294
46256
46295
46257
46296
46258
46297
46259
46298
46260
46299
46261
46300
46262
46301
46263
46302
46264
46303
46265
46304
46266
46305
46267
46306
46268
46307
46269
46308
46270
46309
46271
46310
46272
46311
46273
46312
46274
46313
46275
46314
46276
46315
46277
46316
46278
46317
46279
46318
46319
46281
46320
46282
46321
46283
46322
46284
46323
46285
46324
46286
46325
46287
46326
46288
46327
46289
46328
46290
46329
46291
46330
46292
46331
46293
46332
46294
46333
46295
46334
46296
46335
46297
46336
46298
46337
46299
46338
46300
46339
46301
46340
46302
46341
46303
46342
46304
46343
46305
46344
46306
46345
46307
46346
46308
46347
46309
46348
46310
46349
46311
46350
46312
46351
46313
46352
46314
46353
46315
46354
46316
46355
46317
46356
46318
46357
46319
46358
46359
46321
46361
46322
46362
46323
46363
46324
46364
46325
46365
46326
46366
46327
46367
46328
46368
46329
46369
46330
46370
46331
46371
46332
46372
46333
46373
46334
46374
46335
46375
46336
46376
46337
46377
46338
46378
46339
46379
46340
46380
46341
46381
46342
46382
46343
46383
46344
46384
46345
46385
46346
46386
46347
46387
46348
46388
46349
46389
46350
46390
46351
46391
46352
46392
46353
46393
46354
46394
46355
46395
46356
46396
46357
46397
46358
46398
46359
46399
46360
46400
46401
46362
46403
46363
46404
46364
46405
46365
46406
46366
46407
46367
46408
46368
46409
46369
46410
46370
46411
46371
46412
46372
46413
46373
46414
46374
46415
46375
46416
46376
46417
46377
46418
46378
46419
46379
46420
46380
46421
46381
46422
46382
46423
46383
46424
46384
46425
46385
46426
46386
46427
46387
46428
46388
46429
46389
46430
46390
46431
46391
46432
46392
46433
46393
46434
46394
46435
46395
46436
46396
46437
46397
46438
46398
46439
46399
46440
46400
46441
46401
46442
46402
46443
46444
46404
46445
46405
46446
46406
46447
46407
46448
46408
46449
46409
46450
46410
46451
46411
46452
46412
46453
46413
46454
46414
46455
46415
46456
46416
46457
46417
46458
46418
46459
46419
46460
46420
46461
46421
46462
46422
46463
46423
46464
46424
46465
46425
46466
46426
46467
46427
46468
46428
46469
46429
46470
46430
46471
46431
46472
46432
46473
46433
46474
46434
46475
46435
46476
46436
46477
46437
46478
46438
46479
46439
46480
46440
46481
46441
46482
46442
46483
46443
46484
46444
46485
46486
46446
46489
46447
46490
46448
46491
46449
46492
46450
46493
46451
46494
46452
46495
46453
46496
46454
46497
46455
46498
46456
46499
46457
46500
46458
46501
46459
46502
46460
46503
46461
46504
46462
46505
46463
46506
46464
46507
46465
46508
46466
46509
46467
46510
46468
46511
46469
46512
46470
46513
46471
46514
46472
46515
46473
46516
46474
46517
46475
46518
46476
46519
46477
46520
46478
46521
46479
46522
46480
46523
46481
46524
46482
46525
46483
46526
46484
46527
46485
46528
46486
46529
46487
46530
46488
46531
46532
46490
46534
46491
46535
46492
46536
46493
46537
46494
46538
46495
46539
46496
46540
46497
46541
46498
46542
46499
46543
46500
46544
46501
46545
46502
46546
46503
46547
46504
46548
46505
46549
46506
46550
46507
46551
46508
46552
46509
46553
46510
46554
46511
46555
46512
46556
46513
46557
46514
46558
46515
46559
46516
46560
46517
46561
46518
46562
46519
46563
46520
46564
46521
46565
46522
46566
46523
46567
46524
46568
46525
46569
46526
46570
46527
46571
46528
46572
46529
46573
46530
46574
46531
46575
46532
46576
46533
46577
46578
46535
46579
46536
46580
46537
46581
46538
46582
46539
46583
46540
46584
46541
46585
46542
46586
46543
46587
46544
46588
46545
46589
46546
46590
46547
46591
46548
46592
46549
46593
46550
46594
46551
46595
46552
46596
46553
46597
46554
46598
46555
46599
46556
46600
46557
46601
46558
46602
46559
46603
46560
46604
46561
46605
46562
46606
46563
46607
46564
46608
46565
46609
46566
46610
46567
46611
46568
46612
46569
46613
46570
46614
46571
46615
46572
46616
46573
46617
46574
46618
46575
46619
46576
46620
46577
46621
46578
46622
46623
46580
46624
46581
46625
46582
46626
46583
46627
46584
46628
46585
46629
46586
46630
46587
46631
46588
46632
46589
46633
46590
46634
46591
46635
46592
46636
46593
46637
46594
46638
46595
46639
46596
46640
46597
46641
46598
46642
46599
46643
46600
46644
46601
46645
46602
46646
46603
46647
46604
46648
46605
46649
46606
46650
46607
46651
46608
46652
46609
46653
46610
46654
46611
46655
46612
46656
46613
46657
46614
46658
46615
46659
46616
46660
46617
46661
46618
46662
46619
46663
46620
46664
46621
46665
46622
46666
46623
46667
46668
46625
46669
46626
46670
46627
46671
46628
46672
46629
46673
46630
46674
46631
46675
46632
46676
46633
46677
46634
46678
46635
46679
46636
46680
46637
46681
46638
46682
46639
46683
46640
46684
46641
46685
46642
46686
46643
46687
46644
46688
46645
46689
46646
46690
46647
46691
46648
46692
46649
46693
46650
46694
46651
46695
46652
46696
46653
46697
46654
46698
46655
46699
46656
46700
46657
46701
46658
46702
46659
46703
46660
46704
46661
46705
46662
46706
46663
46707
46664
46708
46665
46709
46666
46710
46667
46711
46668
46712
46713
46670
46714
46671
46715
46672
46716
46673
46717
46674
46718
46675
46719
46676
46720
46677
46721
46678
46722
46679
46723
46680
46724
46681
46725
46682
46726
46683
46727
46684
46728
46685
46729
46686
46730
46687
46731
46688
46732
46689
46733
46690
46734
46691
46735
46692
46736
46693
46737
46694
46738
46695
46739
46696
46740
46697
46741
46698
46742
46699
46743
46700
46744
46701
46745
46702
46746
46703
46747
46704
46748
46705
46749
46706
46750
46707
46751
46708
46752
46709
46753
46710
46754
46711
46755
46712
46756
46713
46757
46758
46715
46759
46716
46760
46717
46761
46718
46762
46719
46763
46720
46764
46721
46765
46722
46766
46723
46767
46724
46768
46725
46769
46726
46770
46727
46771
46728
46772
46729
46773
46730
46774
46731
46775
46732
46776
46733
46777
46734
46778
46735
46779
46736
46780
46737
46781
46738
46782
46739
46783
46740
46784
46741
46785
46742
46786
46743
46787
46744
46788
46745
46789
46746
46790
46747
46791
46748
46792
46749
46793
46750
46794
46751
46795
46752
46796
46753
46797
46754
46798
46755
46799
46756
46800
46757
46801
46758
46802
46803
46760
46804
46761
46805
46762
46806
46763
46807
46764
46808
46765
46809
46766
46810
46767
46811
46768
46812
46769
46813
46770
46814
46771
46815
46772
46816
46773
46817
46774
46818
46775
46819
46776
46820
46777
46821
46778
46822
46779
46823
46780
46824
46781
46825
46782
46826
46783
46827
46784
46828
46785
46829
46786
46830
46787
46831
46788
46832
46789
46833
46790
46834
46791
46835
46792
46836
46793
46837
46794
46838
46795
46839
46796
46840
46797
46841
46798
46842
46799
46843
46800
46844
46801
46845
46802
46846
46803
46847
46848
46805
46849
46806
46850
46807
46851
46808
46852
46809
46853
46810
46854
46811
46855
46812
46856
46813
46857
46814
46858
46815
46859
46816
46860
46817
46861
46818
46862
46819
46863
46820
46864
46821
46865
46822
46866
46823
46867
46824
46868
46825
46869
46826
46870
46827
46871
46828
46872
46829
46873
46830
46874
46831
46875
46832
46876
46833
46877
46834
46878
46835
46879
46836
46880
46837
46881
46838
46882
46839
46883
46840
46884
46841
46885
46842
46886
46843
46887
46844
46888
46845
46889
46846
46890
46847
46891
46848
46892
46893
46850
46894
46851
46895
46852
46896
46853
46897
46854
46898
46855
46899
46856
46900
46857
46901
46858
46902
46859
46903
46860
46904
46861
46905
46862
46906
46863
46907
46864
46908
46865
46909
46866
46910
46867
46911
46868
46912
46869
46913
46870
46914
46871
46915
46872
46916
46873
46917
46874
46918
46875
46919
46876
46920
46877
46921
46878
46922
46879
46923
46880
46924
46881
46925
46882
46926
46883
46927
46884
46928
46885
46929
46886
46930
46887
46931
46888
46932
46889
46933
46890
46934
46891
46935
46892
46936
46893
46937
46938
46895
46939
46896
46940
46897
46941
46898
46942
46899
46943
46900
46944
46901
46945
46902
46946
46903
46947
46904
46948
46905
46949
46906
46950
46907
46951
46908
46952
46909
46953
46910
46954
46911
46955
46912
46956
46913
46957
46914
46958
46915
46959
46916
46960
46917
46961
46918
46962
46919
46963
46920
46964
46921
46965
46922
46966
46923
46967
46924
46968
46925
46969
46926
46970
46927
46971
46928
46972
46929
46973
46930
46974
46931
46975
46932
46976
46933
46977
46934
46978
46935
46979
46936
46980
46937
46981
46938
46982
46983
46940
46984
46941
46985
46942
46986
46943
46987
46944
46988
46945
46989
46946
46990
46947
46991
46948
46992
46949
46993
46950
46994
46951
46995
46952
46996
46953
46997
46954
46998
46955
46999
46956
47000
46957
47001
46958
47002
46959
47003
46960
47004
46961
47005
46962
47006
46963
47007
46964
47008
46965
47009
46966
47010
46967
47011
46968
47012
46969
47013
46970
47014
46971
47015
46972
47016
46973
47017
46974
47018
46975
47019
46976
47020
46977
47021
46978
47022
46979
47023
46980
47024
46981
47025
46982
47026
46983
47027
47028
46985
47029
46986
47030
46987
47031
46988
47032
46989
47033
46990
47034
46991
47035
46992
47036
46993
47037
46994
47038
46995
47039
46996
47040
46997
47041
46998
47042
46999
47043
47000
47044
47001
47045
47002
47046
47003
47047
47004
47048
47005
47049
47006
47050
47007
47051
47008
47052
47009
47053
47010
47054
47011
47055
47012
47056
47013
47057
47014
47058
47015
47059
47016
47060
47017
47061
47018
47062
47019
47063
47020
47064
47021
47065
47022
47066
47023
47067
47024
47068
47025
47069
47026
47070
47027
47071
47028
47072
47073
47030
47074
47031
47075
47032
47076
47033
47077
47034
47078
47035
47079
47036
47080
47037
47081
47038
47082
47039
47083
47040
47084
47041
47085
47042
47086
47043
47087
47044
47088
47045
47089
47046
47090
47047
47091
47048
47092
47049
47093
47050
47094
47051
47095
47052
47096
47053
47097
47054
47098
47055
47099
47056
47100
47057
47101
47058
47102
47059
47103
47060
47104
47061
47105
47062
47106
47063
47107
47064
47108
47065
47109
47066
47110
47067
47111
47068
47112
47069
47113
47070
47114
47071
47115
47072
47116
47073
47117
47118
47075
47119
47076
47120
47077
47121
47078
47122
47079
47123
47080
47124
47081
47125
47082
47126
47083
47127
47084
47128
47085
47129
47086
47130
47087
47131
47088
47132
47089
47133
47090
47134
47091
47135
47092
47136
47093
47137
47094
47138
47095
47139
47096
47140
47097
47141
47098
47142
47099
47143
47100
47144
47101
47145
47102
47146
47103
47147
47104
47148
47105
47149
47106
47150
47107
47151
47108
47152
47109
47153
47110
47154
47111
47155
47112
47156
47113
47157
47114
47158
47115
47159
47116
47160
47117
47161
47118
47162
47163
47120
47164
47121
47165
47122
47166
47123
47167
47124
47168
47125
47169
47126
47170
47127
47171
47128
47172
47129
47173
47130
47174
47131
47175
47132
47176
47133
47177
47134
47178
47135
47179
47136
47180
47137
47181
47138
47182
47139
47183
47140
47184
47141
47185
47142
47186
47143
47187
47144
47188
47145
47189
47146
47190
47147
47191
47148
47192
47149
47193
47150
47194
47151
47195
47152
47196
47153
47197
47154
47198
47155
47199
47156
47200
47157
47201
47158
47202
47159
47203
47160
47204
47161
47205
47162
47206
47163
47207
47208
47165
47209
47166
47210
47167
47211
47168
47212
47169
47213
47170
47214
47171
47215
47172
47216
47173
47217
47174
47218
47175
47219
47176
47220
47177
47221
47178
47222
47179
47223
47180
47224
47181
47225
47182
47226
47183
47227
47184
47228
47185
47229
47186
47230
47187
47231
47188
47232
47189
47233
47190
47234
47191
47235
47192
47236
47193
47237
47194
47238
47195
47239
47196
47240
47197
47241
47198
47242
47199
47243
47200
47244
47201
47245
47202
47246
47203
47247
47204
47248
47205
47249
47206
47250
47207
47251
47208
47252
47253
47210
47254
47211
47255
47212
47256
47213
47257
47214
47258
47215
47259
47216
47260
47217
47261
47218
47262
47219
47263
47220
47264
47221
47265
47222
47266
47223
47267
47224
47268
47225
47269
47226
47270
47227
47271
47228
47272
47229
47273
47230
47274
47231
47275
47232
47276
47233
47277
47234
47278
47235
47279
47236
47280
47237
47281
47238
47282
47239
47283
47240
47284
47241
47285
47242
47286
47243
47287
47244
47288
47245
47289
47246
47290
47247
47291
47248
47292
47249
47293
47250
47294
47251
47295
47252
47296
47253
47297
47298
47255
47299
47256
47300
47257
47301
47258
47302
47259
47303
47260
47304
47261
47305
47262
47306
47263
47307
47264
47308
47265
47309
47266
47310
47267
47311
47268
47312
47269
47313
47270
47314
47271
47315
47272
47316
47273
47317
47274
47318
47275
47319
47276
47320
47277
47321
47278
47322
47279
47323
47280
47324
47281
47325
47282
47326
47283
47327
47284
47328
47285
47329
47286
47330
47287
47331
47288
47332
47289
47333
47290
47334
47291
47335
47292
47336
47293
47337
47294
47338
47295
47339
47296
47340
47297
47341
47298
47342
47343
47300
47344
47301
47345
47302
47346
47303
47347
47304
47348
47305
47349
47306
47350
47307
47351
47308
47352
47309
47353
47310
47354
47311
47355
47312
47356
47313
47357
47314
47358
47315
47359
47316
47360
47317
47361
47318
47362
47319
47363
47320
47364
47321
47365
47322
47366
47323
47367
47324
47368
47325
47369
47326
47370
47327
47371
47328
47372
47329
47373
47330
47374
47331
47375
47332
47376
47333
47377
47334
47378
47335
47379
47336
47380
47337
47381
47338
47382
47339
47383
47340
47384
47341
47385
47342
47386
47343
47387
47388
47345
47389
47346
47390
47347
47391
47348
47392
47349
47393
47350
47394
47351
47395
47352
47396
47353
47397
47354
47398
47355
47399
47356
47400
47357
47401
47358
47402
47359
47403
47360
47404
47361
47405
47362
47406
47363
47407
47364
47408
47365
47409
47366
47410
47367
47411
47368
47412
47369
47413
47370
47414
47371
47415
47372
47416
47373
47417
47374
47418
47375
47419
47376
47420
47377
47421
47378
47422
47379
47423
47380
47424
47381
47425
47382
47426
47383
47427
47384
47428
47385
47429
47386
47430
47387
47431
47388
47432
47433
47390
47434
47391
47435
47392
47436
47393
47437
47394
47438
47395
47439
47396
47440
47397
47441
47398
47442
47399
47443
47400
47444
47401
47445
47402
47446
47403
47447
47404
47448
47405
47449
47406
47450
47407
47451
47408
47452
47409
47453
47410
47454
47411
47455
47412
47456
47413
47457
47414
47458
47415
47459
47416
47460
47417
47461
47418
47462
47419
47463
47420
47464
47421
47465
47422
47466
47423
47467
47424
47468
47425
47469
47426
47470
47427
47471
47428
47472
47429
47473
47430
47474
47431
47475
47432
47476
47433
47477
47478
47435
47480
47436
47481
47437
47482
47438
47483
47439
47484
47440
47485
47441
47486
47442
47487
47443
47488
47444
47489
47445
47490
47446
47491
47447
47492
47448
47493
47449
47494
47450
47495
47451
47496
47452
47497
47453
47498
47454
47499
47455
47500
47456
47501
47457
47502
47458
47503
47459
47504
47460
47505
47461
47506
47462
47507
47463
47508
47464
47509
47465
47510
47466
47511
47467
47512
47468
47513
47469
47514
47470
47515
47471
47516
47472
47517
47473
47518
47474
47519
47475
47520
47476
47521
47477
47522
47478
47523
47524
47480
47525
47481
47526
47482
47527
47483
47528
47484
47529
47485
47530
47486
47531
47487
47532
47488
47533
47489
47534
47490
47535
47491
47536
47492
47537
47493
47538
47494
47539
47495
47540
47496
47541
47497
47542
47498
47543
47499
47544
47500
47545
47501
47546
47502
47547
47503
47548
47504
47549
47505
47550
47506
47551
47507
47552
47508
47553
47509
47554
47510
47555
47511
47556
47512
47557
47513
47558
47514
47559
47515
47560
47516
47561
47517
47562
47518
47563
47519
47564
47520
47565
47521
47566
47522
47567
47523
47568
47524
47569
47570
47526
47571
47527
47572
47528
47573
47529
47574
47530
47575
47531
47576
47532
47577
47533
47578
47534
47579
47535
47580
47536
47581
47537
47582
47538
47583
47539
47584
47540
47585
47541
47586
47542
47587
47543
47588
47544
47589
47545
47590
47546
47591
47547
47592
47548
47593
47549
47594
47550
47595
47551
47596
47552
47597
47553
47598
47554
47599
47555
47600
47556
47601
47557
47602
47558
47603
47559
47604
47560
47605
47561
47606
47562
47607
47563
47608
47564
47609
47565
47610
47566
47611
47567
47612
47568
47613
47569
47614
47570
47615
47616
47572
47618
47573
47619
47574
47620
47575
47621
47576
47622
47577
47623
47578
47624
47579
47625
47580
47626
47581
47627
47582
47628
47583
47629
47584
47630
47585
47631
47586
47632
47587
47633
47588
47634
47589
47635
47590
47636
47591
47637
47592
47638
47593
47639
47594
47640
47595
47641
47596
47642
47597
47643
47598
47644
47599
47645
47600
47646
47601
47647
47602
47648
47603
47649
47604
47650
47605
47651
47606
47652
47607
47653
47608
47654
47609
47655
47610
47656
47611
47657
47612
47658
47613
47659
47614
47660
47615
47661
47616
47662
47663
47618
47665
47619
47666
47620
47667
47621
47668
47622
47669
47623
47670
47624
47671
47625
47672
47626
47673
47627
47674
47628
47675
47629
47676
47630
47677
47631
47678
47632
47679
47633
47680
47634
47681
47635
47682
47636
47683
47637
47684
47638
47685
47639
47686
47640
47687
47641
47688
47642
47689
47643
47690
47644
47691
47645
47692
47646
47693
47647
47694
47648
47695
47649
47696
47650
47697
47651
47698
47652
47699
47653
47700
47654
47701
47655
47702
47656
47703
47657
47704
47658
47705
47659
47706
47660
47707
47661
47708
47662
47709
47663
47710
47711
47665
47712
47666
47713
47667
47714
47668
47715
47669
47716
47670
47717
47671
47718
47672
47719
47673
47720
47674
47721
47675
47722
47676
47723
47677
47724
47678
47725
47679
47726
47680
47727
47681
47728
47682
47729
47683
47730
47684
47731
47685
47732
47686
47733
47687
47734
47688
47735
47689
47736
47690
47737
47691
47738
47692
47739
47693
47740
47694
47741
47695
47742
47696
47743
47697
47744
47698
47745
47699
47746
47700
47747
47701
47748
47702
47749
47703
47750
47704
47751
47705
47752
47706
47753
47707
47754
47708
47755
47709
47756
47710
47757
47711
47758
47759
47713
47760
47714
47761
47715
47762
47716
47763
47717
47764
47718
47765
47719
47766
47720
47767
47721
47768
47722
47769
47723
47770
47724
47771
47725
47772
47726
47773
47727
47774
47728
47775
47729
47776
47730
47777
47731
47778
47732
47779
47733
47780
47734
47781
47735
47782
47736
47783
47737
47784
47738
47785
47739
47786
47740
47787
47741
47788
47742
47789
47743
47790
47744
47791
47745
47792
47746
47793
47747
47794
47748
47795
47749
47796
47750
47797
47751
47798
47752
47799
47753
47800
47754
47801
47755
47802
47756
47803
47757
47804
47758
47805
47759
47806
47807
47761
47808
47762
47809
47763
47810
47764
47811
47765
47812
47766
47813
47767
47814
47768
47815
47769
47816
47770
47817
47771
47818
47772
47819
47773
47820
47774
47821
47775
47822
47776
47823
47777
47824
47778
47825
47779
47826
47780
47827
47781
47828
47782
47829
47783
47830
47784
47831
47785
47832
47786
47833
47787
47834
47788
47835
47789
47836
47790
47837
47791
47838
47792
47839
47793
47840
47794
47841
47795
47842
47796
47843
47797
47844
47798
47845
47799
47846
47800
47847
47801
47848
47802
47849
47803
47850
47804
47851
47805
47852
47806
47853
47807
47854
47855
47809
47856
47810
47857
47811
47858
47812
47859
47813
47860
47814
47861
47815
47862
47816
47863
47817
47864
47818
47865
47819
47866
47820
47867
47821
47868
47822
47869
47823
47870
47824
47871
47825
47872
47826
47873
47827
47874
47828
47875
47829
47876
47830
47877
47831
47878
47832
47879
47833
47880
47834
47881
47835
47882
47836
47883
47837
47884
47838
47885
47839
47886
47840
47887
47841
47888
47842
47889
47843
47890
47844
47891
47845
47892
47846
47893
47847
47894
47848
47895
47849
47896
47850
47897
47851
47898
47852
47899
47853
47900
47854
47901
47855
47902
47903
47857
47904
47858
47905
47859
47906
47860
47907
47861
47908
47862
47909
47863
47910
47864
47911
47865
47912
47866
47913
47867
47914
47868
47915
47869
47916
47870
47917
47871
47918
47872
47919
47873
47920
47874
47921
47875
47922
47876
47923
47877
47924
47878
47925
47879
47926
47880
47927
47881
47928
47882
47929
47883
47930
47884
47931
47885
47932
47886
47933
47887
47934
47888
47935
47889
47936
47890
47937
47891
47938
47892
47939
47893
47940
47894
47941
47895
47942
47896
47943
47897
47944
47898
47945
47899
47946
47900
47947
47901
47948
47902
47949
47903
47950
47951
47905
47952
47906
47953
47907
47954
47908
47955
47909
47956
47910
47957
47911
47958
47912
47959
47913
47960
47914
47961
47915
47962
47916
47963
47917
47964
47918
47965
47919
47966
47920
47967
47921
47968
47922
47969
47923
47970
47924
47971
47925
47972
47926
47973
47927
47974
47928
47975
47929
47976
47930
47977
47931
47978
47932
47979
47933
47980
47934
47981
47935
47982
47936
47983
47937
47984
47938
47985
47939
47986
47940
47987
47941
47988
47942
47989
47943
47990
47944
47991
47945
47992
47946
47993
47947
47994
47948
47995
47949
47996
47950
47997
47951
47998
47999
47953
47954
47955
47956
47957
47958
47959
47960
47961
47962
47963
47964
47965
47966
47967
47968
47969
47970
47971
47972
47973
47974
47975
47976
47977
47978
47979
47980
47981
47982
47983
47984
47985
47986
47987
47988
47989
47990
47991
47992
47993
47994
47995
47996
47997
47998
47999
)


// ************************************************************************* //
